solid CATIA STL
  facet normal  0.000000e+000  9.999999e-001  0.000000e+000
    outer loop
      vertex  0.000000e+000  3.120841e+000  1.500000e+001
      vertex  0.000000e+000  3.120841e+000  3.629155e+001
      vertex  3.843985e+001  3.120841e+000  1.557355e+001
    endloop
  endfacet
  facet normal  0.000000e+000  1.000000e+000  0.000000e+000
    outer loop
      vertex  5.000000e+000  3.120841e+000  1.000000e+001
      vertex  1.464466e+000  3.120841e+000  1.146447e+001
      vertex  1.525000e+001  3.120841e+000  1.000000e+001
    endloop
  endfacet
  facet normal  0.000000e+000  1.000000e+000  -0.000000e+000
    outer loop
      vertex  8.000000e+001  3.120841e+000  3.629155e+001
      vertex  8.000000e+001  3.120841e+000 -3.629416e+001
      vertex  5.674765e+001  3.120841e+000  9.624984e+000
    endloop
  endfacet
  facet normal  0.000000e+000  1.000000e+000  -0.000000e+000
    outer loop
      vertex  8.000000e+001  3.120841e+000  3.629155e+001
      vertex  5.674765e+001  3.120841e+000  9.624984e+000
      vertex  4.856015e+001  3.120841e+000  1.557355e+001
    endloop
  endfacet
  facet normal  0.000000e+000  9.999999e-001  -0.000000e+000
    outer loop
      vertex  8.000000e+001  3.120841e+000  3.629155e+001
      vertex  4.856015e+001  3.120841e+000  1.557355e+001
      vertex  3.843985e+001  3.120841e+000  1.557355e+001
    endloop
  endfacet
  facet normal  0.000000e+000  1.000000e+000  -0.000000e+000
    outer loop
      vertex  8.000000e+001  3.120841e+000  3.629155e+001
      vertex  3.843985e+001  3.120841e+000  1.557355e+001
      vertex  0.000000e+000  3.120841e+000  3.629155e+001
    endloop
  endfacet
  facet normal  0.000000e+000  1.000000e+000  0.000000e+000
    outer loop
      vertex  8.000000e+001  3.120841e+000 -3.629416e+001
      vertex  0.000000e+000  3.120841e+000 -3.629416e+001
      vertex  3.843985e+001  3.120841e+000 -1.557355e+001
    endloop
  endfacet
  facet normal  -0.000000e+000  1.000000e+000  0.000000e+000
    outer loop
      vertex  8.000000e+001  3.120841e+000 -3.629416e+001
      vertex  3.843985e+001  3.120841e+000 -1.557355e+001
      vertex  4.856015e+001  3.120841e+000 -1.557355e+001
    endloop
  endfacet
  facet normal  -0.000000e+000  9.999999e-001  0.000000e+000
    outer loop
      vertex  8.000000e+001  3.120841e+000 -3.629416e+001
      vertex  4.856015e+001  3.120841e+000 -1.557355e+001
      vertex  5.674765e+001  3.120841e+000 -9.624984e+000
    endloop
  endfacet
  facet normal  -0.000000e+000  1.000000e+000  0.000000e+000
    outer loop
      vertex  8.000000e+001  3.120841e+000 -3.629416e+001
      vertex  5.674765e+001  3.120841e+000 -9.624984e+000
      vertex  5.987500e+001  3.120841e+000 -1.235149e-014
    endloop
  endfacet
  facet normal  -0.000000e+000  1.000000e+000  -0.000000e+000
    outer loop
      vertex  8.000000e+001  3.120841e+000 -3.629416e+001
      vertex  5.987500e+001  3.120841e+000 -1.235149e-014
      vertex  5.674765e+001  3.120841e+000  9.624984e+000
    endloop
  endfacet
  facet normal  0.000000e+000  1.000000e+000  -0.000000e+000
    outer loop
      vertex  3.025235e+001  3.120841e+000  9.624984e+000
      vertex  1.625000e+001  3.120841e+000  9.000000e+000
      vertex  1.525000e+001  3.120841e+000  1.000000e+001
    endloop
  endfacet
  facet normal  -0.000000e+000  1.000000e+000  -0.000000e+000
    outer loop
      vertex  3.025235e+001  3.120841e+000  9.624984e+000
      vertex  1.525000e+001  3.120841e+000  1.000000e+001
      vertex  1.464466e+000  3.120841e+000  1.146447e+001
    endloop
  endfacet
  facet normal  -0.000000e+000  1.000000e+000  -0.000000e+000
    outer loop
      vertex  3.025235e+001  3.120841e+000  9.624984e+000
      vertex  1.464466e+000  3.120841e+000  1.146447e+001
      vertex  0.000000e+000  3.120841e+000  1.500000e+001
    endloop
  endfacet
  facet normal  -0.000000e+000  1.000000e+000  0.000000e+000
    outer loop
      vertex  3.025235e+001  3.120841e+000  9.624984e+000
      vertex  0.000000e+000  3.120841e+000  1.500000e+001
      vertex  3.843985e+001  3.120841e+000  1.557355e+001
    endloop
  endfacet
  facet normal  0.000000e+000  1.000000e+000  0.000000e+000
    outer loop
      vertex  3.843985e+001  3.120841e+000 -1.557355e+001
      vertex  0.000000e+000  3.120841e+000 -3.629416e+001
      vertex  0.000000e+000  3.120841e+000 -1.500000e+001
    endloop
  endfacet
  facet normal  -0.000000e+000  1.000000e+000  0.000000e+000
    outer loop
      vertex  3.843985e+001  3.120841e+000 -1.557355e+001
      vertex  0.000000e+000  3.120841e+000 -1.500000e+001
      vertex  1.464466e+000  3.120841e+000 -1.146447e+001
    endloop
  endfacet
  facet normal  -0.000000e+000  1.000000e+000  0.000000e+000
    outer loop
      vertex  3.843985e+001  3.120841e+000 -1.557355e+001
      vertex  1.464466e+000  3.120841e+000 -1.146447e+001
      vertex  5.000000e+000  3.120841e+000 -1.000000e+001
    endloop
  endfacet
  facet normal  -0.000000e+000  1.000000e+000  0.000000e+000
    outer loop
      vertex  3.843985e+001  3.120841e+000 -1.557355e+001
      vertex  5.000000e+000  3.120841e+000 -1.000000e+001
      vertex  1.525000e+001  3.120841e+000 -1.000000e+001
    endloop
  endfacet
  facet normal  -0.000000e+000  1.000000e+000  0.000000e+000
    outer loop
      vertex  3.843985e+001  3.120841e+000 -1.557355e+001
      vertex  1.525000e+001  3.120841e+000 -1.000000e+001
      vertex  3.025235e+001  3.120841e+000 -9.624984e+000
    endloop
  endfacet
  facet normal  0.000000e+000  1.000000e+000  0.000000e+000
    outer loop
      vertex  1.625000e+001  3.120841e+000  9.000000e+000
      vertex  3.025235e+001  3.120841e+000  9.624984e+000
      vertex  1.625000e+001  3.120841e+000 -9.000000e+000
    endloop
  endfacet
  facet normal  0.000000e+000  9.999999e-001  0.000000e+000
    outer loop
      vertex  1.625000e+001  3.120841e+000 -9.000000e+000
      vertex  3.025235e+001  3.120841e+000  9.624984e+000
      vertex  2.712500e+001  3.120841e+000 -2.465190e-032
    endloop
  endfacet
  facet normal  0.000000e+000  1.000000e+000  0.000000e+000
    outer loop
      vertex  1.625000e+001  3.120841e+000 -9.000000e+000
      vertex  2.712500e+001  3.120841e+000 -2.465190e-032
      vertex  1.525000e+001  3.120841e+000 -1.000000e+001
    endloop
  endfacet
  facet normal  0.000000e+000  1.000000e+000  0.000000e+000
    outer loop
      vertex  1.525000e+001  3.120841e+000 -1.000000e+001
      vertex  2.712500e+001  3.120841e+000 -2.465190e-032
      vertex  3.025235e+001  3.120841e+000 -9.624984e+000
    endloop
  endfacet
  facet normal -9.510565e-001  -0.000000e+000 -3.090169e-001
    outer loop
      vertex  2.812500e+001  4.120841e+000  0.000000e+000
      vertex  2.812500e+001  9.120841e+000  0.000000e+000
      vertex  3.106136e+001  4.120841e+000 -9.037198e+000
    endloop
  endfacet
  facet normal -9.510565e-001  0.000000e+000 -3.090169e-001
    outer loop
      vertex  3.106136e+001  4.120841e+000 -9.037198e+000
      vertex  2.812500e+001  9.120841e+000  0.000000e+000
      vertex  3.106136e+001  9.120841e+000 -9.037198e+000
    endloop
  endfacet
  facet normal -5.877852e-001  -0.000000e+000 -8.090170e-001
    outer loop
      vertex  3.106136e+001  4.120841e+000 -9.037198e+000
      vertex  3.106136e+001  9.120841e+000 -9.037198e+000
      vertex  3.874886e+001  4.120841e+000 -1.462249e+001
    endloop
  endfacet
  facet normal -5.877852e-001  0.000000e+000 -8.090170e-001
    outer loop
      vertex  3.874886e+001  4.120841e+000 -1.462249e+001
      vertex  3.106136e+001  9.120841e+000 -9.037198e+000
      vertex  3.874886e+001  9.120841e+000 -1.462249e+001
    endloop
  endfacet
  facet normal  0.000000e+000  0.000000e+000 -1.000000e+000
    outer loop
      vertex  3.874886e+001  4.120841e+000 -1.462249e+001
      vertex  3.874886e+001  9.120841e+000 -1.462249e+001
      vertex  4.825114e+001  4.120841e+000 -1.462249e+001
    endloop
  endfacet
  facet normal  0.000000e+000  0.000000e+000 -1.000000e+000
    outer loop
      vertex  4.825114e+001  4.120841e+000 -1.462249e+001
      vertex  3.874886e+001  9.120841e+000 -1.462249e+001
      vertex  4.825114e+001  9.120841e+000 -1.462249e+001
    endloop
  endfacet
  facet normal  5.877852e-001  0.000000e+000 -8.090170e-001
    outer loop
      vertex  4.825114e+001  4.120841e+000 -1.462249e+001
      vertex  4.825114e+001  9.120841e+000 -1.462249e+001
      vertex  5.593864e+001  4.120841e+000 -9.037198e+000
    endloop
  endfacet
  facet normal  5.877852e-001  0.000000e+000 -8.090170e-001
    outer loop
      vertex  5.593864e+001  4.120841e+000 -9.037198e+000
      vertex  4.825114e+001  9.120841e+000 -1.462249e+001
      vertex  5.593864e+001  9.120841e+000 -9.037198e+000
    endloop
  endfacet
  facet normal  9.510565e-001  0.000000e+000 -3.090169e-001
    outer loop
      vertex  5.593864e+001  4.120841e+000 -9.037198e+000
      vertex  5.593864e+001  9.120841e+000 -9.037198e+000
      vertex  5.887500e+001  4.120841e+000  1.882895e-015
    endloop
  endfacet
  facet normal  9.510565e-001  0.000000e+000 -3.090169e-001
    outer loop
      vertex  5.887500e+001  4.120841e+000  1.882895e-015
      vertex  5.593864e+001  9.120841e+000 -9.037198e+000
      vertex  5.887500e+001  9.120841e+000  1.882895e-015
    endloop
  endfacet
  facet normal  9.510565e-001  0.000000e+000  3.090169e-001
    outer loop
      vertex  5.887500e+001  4.120841e+000  1.882895e-015
      vertex  5.887500e+001  9.120841e+000  1.882895e-015
      vertex  5.593864e+001  4.120841e+000  9.037198e+000
    endloop
  endfacet
  facet normal  9.510565e-001  -0.000000e+000  3.090169e-001
    outer loop
      vertex  5.593864e+001  4.120841e+000  9.037198e+000
      vertex  5.887500e+001  9.120841e+000  1.882895e-015
      vertex  5.593864e+001  9.120841e+000  9.037198e+000
    endloop
  endfacet
  facet normal  5.877852e-001  0.000000e+000  8.090170e-001
    outer loop
      vertex  5.593864e+001  4.120841e+000  9.037198e+000
      vertex  5.593864e+001  9.120841e+000  9.037198e+000
      vertex  4.825114e+001  4.120841e+000  1.462249e+001
    endloop
  endfacet
  facet normal  5.877852e-001  -0.000000e+000  8.090170e-001
    outer loop
      vertex  4.825114e+001  4.120841e+000  1.462249e+001
      vertex  5.593864e+001  9.120841e+000  9.037198e+000
      vertex  4.825114e+001  9.120841e+000  1.462249e+001
    endloop
  endfacet
  facet normal  0.000000e+000  0.000000e+000  1.000000e+000
    outer loop
      vertex  4.825114e+001  4.120841e+000  1.462249e+001
      vertex  4.825114e+001  9.120841e+000  1.462249e+001
      vertex  3.874886e+001  4.120841e+000  1.462249e+001
    endloop
  endfacet
  facet normal  0.000000e+000  0.000000e+000  1.000000e+000
    outer loop
      vertex  3.874886e+001  4.120841e+000  1.462249e+001
      vertex  4.825114e+001  9.120841e+000  1.462249e+001
      vertex  3.874886e+001  9.120841e+000  1.462249e+001
    endloop
  endfacet
  facet normal -5.877852e-001  0.000000e+000  8.090170e-001
    outer loop
      vertex  3.874886e+001  4.120841e+000  1.462249e+001
      vertex  3.874886e+001  9.120841e+000  1.462249e+001
      vertex  3.106136e+001  4.120841e+000  9.037198e+000
    endloop
  endfacet
  facet normal -5.877852e-001  0.000000e+000  8.090170e-001
    outer loop
      vertex  3.106136e+001  4.120841e+000  9.037198e+000
      vertex  3.874886e+001  9.120841e+000  1.462249e+001
      vertex  3.106136e+001  9.120841e+000  9.037198e+000
    endloop
  endfacet
  facet normal -9.510565e-001  0.000000e+000  3.090169e-001
    outer loop
      vertex  3.106136e+001  4.120841e+000  9.037198e+000
      vertex  3.106136e+001  9.120841e+000  9.037198e+000
      vertex  2.812500e+001  4.120841e+000  0.000000e+000
    endloop
  endfacet
  facet normal -9.510565e-001  0.000000e+000  3.090169e-001
    outer loop
      vertex  2.812500e+001  4.120841e+000  0.000000e+000
      vertex  3.106136e+001  9.120841e+000  9.037198e+000
      vertex  2.812500e+001  9.120841e+000  0.000000e+000
    endloop
  endfacet
  facet normal  3.797586e-001  9.168196e-001  1.233910e-001
    outer loop
      vertex  5.987500e+001  3.120841e+000 -1.235149e-014
      vertex  5.916789e+001  3.413734e+000 -1.687539e-014
      vertex  5.674765e+001  3.120841e+000  9.624984e+000
    endloop
  endfacet
  facet normal  3.797579e-001  9.168198e-001  1.233909e-001
    outer loop
      vertex  5.674765e+001  3.120841e+000  9.624984e+000
      vertex  5.916789e+001  3.413734e+000 -1.687539e-014
      vertex  5.617559e+001  3.413734e+000  9.209356e+000
    endloop
  endfacet
  facet normal  8.848709e-001  3.665247e-001  2.875121e-001
    outer loop
      vertex  5.916789e+001  3.413734e+000 -1.687539e-014
      vertex  5.887500e+001  4.120841e+000  1.882895e-015
      vertex  5.617559e+001  3.413734e+000  9.209356e+000
    endloop
  endfacet
  facet normal  8.848714e-001  3.665234e-001  2.875121e-001
    outer loop
      vertex  5.617559e+001  3.413734e+000  9.209356e+000
      vertex  5.887500e+001  4.120841e+000  1.882895e-015
      vertex  5.593864e+001  4.120841e+000  9.037198e+000
    endloop
  endfacet
  facet normal -3.797588e-001  9.168195e-001  1.233911e-001
    outer loop
      vertex  3.025235e+001  3.120841e+000  9.624984e+000
      vertex  3.082441e+001  3.413734e+000  9.209356e+000
      vertex  2.712500e+001  3.120841e+000 -2.465190e-032
    endloop
  endfacet
  facet normal -3.797586e-001  9.168195e-001  1.233910e-001
    outer loop
      vertex  2.712500e+001  3.120841e+000 -2.465190e-032
      vertex  3.082441e+001  3.413734e+000  9.209356e+000
      vertex  2.783211e+001  3.413734e+000 -1.154632e-014
    endloop
  endfacet
  facet normal -8.848707e-001  3.665256e-001  2.875118e-001
    outer loop
      vertex  3.082441e+001  3.413734e+000  9.209356e+000
      vertex  3.106136e+001  4.120841e+000  9.037198e+000
      vertex  2.783211e+001  3.413734e+000 -1.154632e-014
    endloop
  endfacet
  facet normal -8.848710e-001  3.665247e-001  2.875120e-001
    outer loop
      vertex  2.783211e+001  3.413734e+000 -1.154632e-014
      vertex  3.106136e+001  4.120841e+000  9.037198e+000
      vertex  2.812500e+001  4.120841e+000  0.000000e+000
    endloop
  endfacet
  facet normal -2.347036e-001  9.168196e-001  3.230418e-001
    outer loop
      vertex  3.843985e+001  3.120841e+000  1.557355e+001
      vertex  3.865836e+001  3.413734e+000  1.490105e+001
      vertex  3.025235e+001  3.120841e+000  9.624984e+000
    endloop
  endfacet
  facet normal -2.347038e-001  9.168195e-001  3.230421e-001
    outer loop
      vertex  3.025235e+001  3.120841e+000  9.624984e+000
      vertex  3.865836e+001  3.413734e+000  1.490105e+001
      vertex  3.082441e+001  3.413734e+000  9.209356e+000
    endloop
  endfacet
  facet normal -5.468803e-001  3.665243e-001  7.527164e-001
    outer loop
      vertex  3.865836e+001  3.413734e+000  1.490105e+001
      vertex  3.874886e+001  4.120841e+000  1.462249e+001
      vertex  3.082441e+001  3.413734e+000  9.209356e+000
    endloop
  endfacet
  facet normal -5.468801e-001  3.665254e-001  7.527159e-001
    outer loop
      vertex  3.082441e+001  3.413734e+000  9.209356e+000
      vertex  3.874886e+001  4.120841e+000  1.462249e+001
      vertex  3.106136e+001  4.120841e+000  9.037198e+000
    endloop
  endfacet
  facet normal  0.000000e+000  9.168195e-001  3.993021e-001
    outer loop
      vertex  4.856015e+001  3.120841e+000  1.557355e+001
      vertex  4.834164e+001  3.413734e+000  1.490105e+001
      vertex  3.843985e+001  3.120841e+000  1.557355e+001
    endloop
  endfacet
  facet normal  0.000000e+000  9.168194e-001  3.993021e-001
    outer loop
      vertex  3.843985e+001  3.120841e+000  1.557355e+001
      vertex  4.834164e+001  3.413734e+000  1.490105e+001
      vertex  3.865836e+001  3.413734e+000  1.490105e+001
    endloop
  endfacet
  facet normal  0.000000e+000  3.665253e-001  9.304081e-001
    outer loop
      vertex  4.834164e+001  3.413734e+000  1.490105e+001
      vertex  4.825114e+001  4.120841e+000  1.462249e+001
      vertex  3.865836e+001  3.413734e+000  1.490105e+001
    endloop
  endfacet
  facet normal  0.000000e+000  3.665252e-001  9.304081e-001
    outer loop
      vertex  3.865836e+001  3.413734e+000  1.490105e+001
      vertex  4.825114e+001  4.120841e+000  1.462249e+001
      vertex  3.874886e+001  4.120841e+000  1.462249e+001
    endloop
  endfacet
  facet normal  2.347034e-001  9.168197e-001  3.230416e-001
    outer loop
      vertex  5.674765e+001  3.120841e+000  9.624984e+000
      vertex  5.617559e+001  3.413734e+000  9.209356e+000
      vertex  4.856015e+001  3.120841e+000  1.557355e+001
    endloop
  endfacet
  facet normal  2.347036e-001  9.168196e-001  3.230418e-001
    outer loop
      vertex  4.856015e+001  3.120841e+000  1.557355e+001
      vertex  5.617559e+001  3.413734e+000  9.209356e+000
      vertex  4.834164e+001  3.413734e+000  1.490105e+001
    endloop
  endfacet
  facet normal  5.468804e-001  3.665242e-001  7.527163e-001
    outer loop
      vertex  5.617559e+001  3.413734e+000  9.209356e+000
      vertex  5.593864e+001  4.120841e+000  9.037198e+000
      vertex  4.834164e+001  3.413734e+000  1.490105e+001
    endloop
  endfacet
  facet normal  5.468804e-001  3.665243e-001  7.527163e-001
    outer loop
      vertex  4.834164e+001  3.413734e+000  1.490105e+001
      vertex  5.593864e+001  4.120841e+000  9.037198e+000
      vertex  4.825114e+001  4.120841e+000  1.462249e+001
    endloop
  endfacet
  facet normal -3.797586e-001  9.168196e-001 -1.233910e-001
    outer loop
      vertex  2.712500e+001  3.120841e+000 -2.465190e-032
      vertex  2.783211e+001  3.413734e+000 -1.154632e-014
      vertex  3.025235e+001  3.120841e+000 -9.624984e+000
    endloop
  endfacet
  facet normal -3.797589e-001  9.168194e-001 -1.233911e-001
    outer loop
      vertex  3.025235e+001  3.120841e+000 -9.624984e+000
      vertex  2.783211e+001  3.413734e+000 -1.154632e-014
      vertex  3.082441e+001  3.413734e+000 -9.209356e+000
    endloop
  endfacet
  facet normal -8.848709e-001  3.665247e-001 -2.875119e-001
    outer loop
      vertex  2.783211e+001  3.413734e+000 -1.154632e-014
      vertex  2.812500e+001  4.120841e+000  0.000000e+000
      vertex  3.082441e+001  3.413734e+000 -9.209356e+000
    endloop
  endfacet
  facet normal -8.848706e-001  3.665255e-001 -2.875118e-001
    outer loop
      vertex  3.082441e+001  3.413734e+000 -9.209356e+000
      vertex  2.812500e+001  4.120841e+000  0.000000e+000
      vertex  3.106136e+001  4.120841e+000 -9.037198e+000
    endloop
  endfacet
  facet normal  3.797579e-001  9.168198e-001 -1.233908e-001
    outer loop
      vertex  5.674765e+001  3.120841e+000 -9.624984e+000
      vertex  5.617559e+001  3.413734e+000 -9.209356e+000
      vertex  5.987500e+001  3.120841e+000 -1.235149e-014
    endloop
  endfacet
  facet normal  3.797586e-001  9.168195e-001 -1.233911e-001
    outer loop
      vertex  5.987500e+001  3.120841e+000 -1.235149e-014
      vertex  5.617559e+001  3.413734e+000 -9.209356e+000
      vertex  5.916789e+001  3.413734e+000 -1.687539e-014
    endloop
  endfacet
  facet normal  8.848714e-001  3.665235e-001 -2.875122e-001
    outer loop
      vertex  5.617559e+001  3.413734e+000 -9.209356e+000
      vertex  5.593864e+001  4.120841e+000 -9.037198e+000
      vertex  5.916789e+001  3.413734e+000 -1.687539e-014
    endloop
  endfacet
  facet normal  8.848710e-001  3.665247e-001 -2.875120e-001
    outer loop
      vertex  5.916789e+001  3.413734e+000 -1.687539e-014
      vertex  5.593864e+001  4.120841e+000 -9.037198e+000
      vertex  5.887500e+001  4.120841e+000  1.882895e-015
    endloop
  endfacet
  facet normal  2.347036e-001  9.168196e-001 -3.230418e-001
    outer loop
      vertex  4.856015e+001  3.120841e+000 -1.557355e+001
      vertex  4.834164e+001  3.413734e+000 -1.490105e+001
      vertex  5.674765e+001  3.120841e+000 -9.624984e+000
    endloop
  endfacet
  facet normal  2.347035e-001  9.168197e-001 -3.230416e-001
    outer loop
      vertex  5.674765e+001  3.120841e+000 -9.624984e+000
      vertex  4.834164e+001  3.413734e+000 -1.490105e+001
      vertex  5.617559e+001  3.413734e+000 -9.209356e+000
    endloop
  endfacet
  facet normal  5.468804e-001  3.665243e-001 -7.527163e-001
    outer loop
      vertex  4.834164e+001  3.413734e+000 -1.490105e+001
      vertex  4.825114e+001  4.120841e+000 -1.462249e+001
      vertex  5.617559e+001  3.413734e+000 -9.209356e+000
    endloop
  endfacet
  facet normal  5.468804e-001  3.665242e-001 -7.527164e-001
    outer loop
      vertex  5.617559e+001  3.413734e+000 -9.209356e+000
      vertex  4.825114e+001  4.120841e+000 -1.462249e+001
      vertex  5.593864e+001  4.120841e+000 -9.037198e+000
    endloop
  endfacet
  facet normal  0.000000e+000  9.168195e-001 -3.993021e-001
    outer loop
      vertex  3.843985e+001  3.120841e+000 -1.557355e+001
      vertex  3.865836e+001  3.413734e+000 -1.490105e+001
      vertex  4.856015e+001  3.120841e+000 -1.557355e+001
    endloop
  endfacet
  facet normal  0.000000e+000  9.168194e-001 -3.993021e-001
    outer loop
      vertex  4.856015e+001  3.120841e+000 -1.557355e+001
      vertex  3.865836e+001  3.413734e+000 -1.490105e+001
      vertex  4.834164e+001  3.413734e+000 -1.490105e+001
    endloop
  endfacet
  facet normal  0.000000e+000  3.665253e-001 -9.304081e-001
    outer loop
      vertex  3.865836e+001  3.413734e+000 -1.490105e+001
      vertex  3.874886e+001  4.120841e+000 -1.462249e+001
      vertex  4.834164e+001  3.413734e+000 -1.490105e+001
    endloop
  endfacet
  facet normal  0.000000e+000  3.665252e-001 -9.304081e-001
    outer loop
      vertex  4.834164e+001  3.413734e+000 -1.490105e+001
      vertex  3.874886e+001  4.120841e+000 -1.462249e+001
      vertex  4.825114e+001  4.120841e+000 -1.462249e+001
    endloop
  endfacet
  facet normal -2.347038e-001  9.168195e-001 -3.230421e-001
    outer loop
      vertex  3.025235e+001  3.120841e+000 -9.624984e+000
      vertex  3.082441e+001  3.413734e+000 -9.209356e+000
      vertex  3.843985e+001  3.120841e+000 -1.557355e+001
    endloop
  endfacet
  facet normal -2.347036e-001  9.168197e-001 -3.230418e-001
    outer loop
      vertex  3.843985e+001  3.120841e+000 -1.557355e+001
      vertex  3.082441e+001  3.413734e+000 -9.209356e+000
      vertex  3.865836e+001  3.413734e+000 -1.490105e+001
    endloop
  endfacet
  facet normal -5.468800e-001  3.665254e-001 -7.527159e-001
    outer loop
      vertex  3.082441e+001  3.413734e+000 -9.209356e+000
      vertex  3.106136e+001  4.120841e+000 -9.037198e+000
      vertex  3.865836e+001  3.413734e+000 -1.490105e+001
    endloop
  endfacet
  facet normal -5.468804e-001  3.665243e-001 -7.527163e-001
    outer loop
      vertex  3.865836e+001  3.413734e+000 -1.490105e+001
      vertex  3.106136e+001  4.120841e+000 -9.037198e+000
      vertex  3.874886e+001  4.120841e+000 -1.462249e+001
    endloop
  endfacet
  facet normal  3.826835e-001  0.000000e+000  9.238794e-001
    outer loop
      vertex  4.350000e+001 -3.029159e+000 -5.375000e+000
      vertex  3.969930e+001  9.120841e+000 -3.800699e+000
      vertex  3.969930e+001 -3.029159e+000 -3.800699e+000
    endloop
  endfacet
  facet normal  9.238794e-001  -0.000000e+000  3.826838e-001
    outer loop
      vertex  3.969930e+001 -3.029159e+000 -3.800699e+000
      vertex  3.969930e+001  9.120841e+000 -3.800699e+000
      vertex  3.812500e+001  9.120841e+000  0.000000e+000
    endloop
  endfacet
  facet normal  9.238794e-001  0.000000e+000  3.826838e-001
    outer loop
      vertex  3.969930e+001 -3.029159e+000 -3.800699e+000
      vertex  3.812500e+001  9.120841e+000  0.000000e+000
      vertex  3.812500e+001 -3.029159e+000  0.000000e+000
    endloop
  endfacet
  facet normal  3.826835e-001  -0.000000e+000  9.238794e-001
    outer loop
      vertex  3.969930e+001  9.120841e+000 -3.800699e+000
      vertex  4.350000e+001 -3.029159e+000 -5.375000e+000
      vertex  4.350000e+001  9.120841e+000 -5.375000e+000
    endloop
  endfacet
  facet normal -3.826835e-001  0.000000e+000  9.238794e-001
    outer loop
      vertex  4.350000e+001  9.120841e+000 -5.375000e+000
      vertex  4.350000e+001 -3.029159e+000 -5.375000e+000
      vertex  4.730070e+001 -3.029159e+000 -3.800699e+000
    endloop
  endfacet
  facet normal -3.826835e-001  0.000000e+000  9.238794e-001
    outer loop
      vertex  4.350000e+001  9.120841e+000 -5.375000e+000
      vertex  4.730070e+001 -3.029159e+000 -3.800699e+000
      vertex  4.730070e+001  9.120841e+000 -3.800699e+000
    endloop
  endfacet
  facet normal -9.238794e-001  0.000000e+000  3.826838e-001
    outer loop
      vertex  4.730070e+001  9.120841e+000 -3.800699e+000
      vertex  4.730070e+001 -3.029159e+000 -3.800699e+000
      vertex  4.887500e+001 -3.029159e+000  3.045227e-015
    endloop
  endfacet
  facet normal -9.238794e-001  0.000000e+000  3.826838e-001
    outer loop
      vertex  4.730070e+001  9.120841e+000 -3.800699e+000
      vertex  4.887500e+001 -3.029159e+000  3.045227e-015
      vertex  4.887500e+001  9.120841e+000  3.045227e-015
    endloop
  endfacet
  facet normal -3.826835e-001  -0.000000e+000 -9.238794e-001
    outer loop
      vertex  4.350000e+001 -3.029159e+000  5.375000e+000
      vertex  4.730070e+001  9.120841e+000  3.800699e+000
      vertex  4.730070e+001 -3.029159e+000  3.800699e+000
    endloop
  endfacet
  facet normal -9.238794e-001  0.000000e+000 -3.826838e-001
    outer loop
      vertex  4.730070e+001 -3.029159e+000  3.800699e+000
      vertex  4.730070e+001  9.120841e+000  3.800699e+000
      vertex  4.887500e+001  9.120841e+000  3.045227e-015
    endloop
  endfacet
  facet normal -9.238794e-001  -0.000000e+000 -3.826838e-001
    outer loop
      vertex  4.730070e+001 -3.029159e+000  3.800699e+000
      vertex  4.887500e+001  9.120841e+000  3.045227e-015
      vertex  4.887500e+001 -3.029159e+000  3.045227e-015
    endloop
  endfacet
  facet normal -3.826835e-001  0.000000e+000 -9.238794e-001
    outer loop
      vertex  4.730070e+001  9.120841e+000  3.800699e+000
      vertex  4.350000e+001 -3.029159e+000  5.375000e+000
      vertex  4.350000e+001  9.120841e+000  5.375000e+000
    endloop
  endfacet
  facet normal  3.826835e-001  0.000000e+000 -9.238794e-001
    outer loop
      vertex  4.350000e+001  9.120841e+000  5.375000e+000
      vertex  4.350000e+001 -3.029159e+000  5.375000e+000
      vertex  3.969930e+001 -3.029159e+000  3.800699e+000
    endloop
  endfacet
  facet normal  3.826835e-001  0.000000e+000 -9.238794e-001
    outer loop
      vertex  4.350000e+001  9.120841e+000  5.375000e+000
      vertex  3.969930e+001 -3.029159e+000  3.800699e+000
      vertex  3.969930e+001  9.120841e+000  3.800699e+000
    endloop
  endfacet
  facet normal  9.238794e-001  0.000000e+000 -3.826838e-001
    outer loop
      vertex  3.969930e+001  9.120841e+000  3.800699e+000
      vertex  3.969930e+001 -3.029159e+000  3.800699e+000
      vertex  3.812500e+001 -3.029159e+000  0.000000e+000
    endloop
  endfacet
  facet normal  9.238794e-001  0.000000e+000 -3.826838e-001
    outer loop
      vertex  3.969930e+001  9.120841e+000  3.800699e+000
      vertex  3.812500e+001 -3.029159e+000  0.000000e+000
      vertex  3.812500e+001  9.120841e+000  0.000000e+000
    endloop
  endfacet
  facet normal  0.000000e+000 -1.000000e+000  0.000000e+000
    outer loop
      vertex  1.725000e+001 -3.029159e+000 -3.125000e+001
      vertex  1.625000e+001 -3.029159e+000 -1.000000e+001
      vertex  1.625000e+001 -3.029159e+000 -3.025000e+001
    endloop
  endfacet
  facet normal  0.000000e+000 -9.999999e-001  0.000000e+000
    outer loop
      vertex  4.350000e+001 -3.029159e+000  5.375000e+000
      vertex  4.730070e+001 -3.029159e+000  3.800699e+000
      vertex  6.375000e+001 -3.029159e+000  3.025000e+001
    endloop
  endfacet
  facet normal  -0.000000e+000 -1.000000e+000  0.000000e+000
    outer loop
      vertex  4.350000e+001 -3.029159e+000  5.375000e+000
      vertex  6.375000e+001 -3.029159e+000  3.025000e+001
      vertex  6.275000e+001 -3.029159e+000  3.125000e+001
    endloop
  endfacet
  facet normal  -0.000000e+000 -1.000000e+000  0.000000e+000
    outer loop
      vertex  4.350000e+001 -3.029159e+000  5.375000e+000
      vertex  6.275000e+001 -3.029159e+000  3.125000e+001
      vertex  1.725000e+001 -3.029159e+000  3.125000e+001
    endloop
  endfacet
  facet normal  0.000000e+000 -1.000000e+000  -0.000000e+000
    outer loop
      vertex  4.350000e+001 -3.029159e+000  5.375000e+000
      vertex  1.725000e+001 -3.029159e+000  3.125000e+001
      vertex  1.625000e+001 -3.029159e+000  3.025000e+001
    endloop
  endfacet
  facet normal  0.000000e+000 -1.000000e+000  0.000000e+000
    outer loop
      vertex  4.350000e+001 -3.029159e+000  5.375000e+000
      vertex  1.625000e+001 -3.029159e+000  3.025000e+001
      vertex  1.625000e+001 -3.029159e+000  1.000000e+001
    endloop
  endfacet
  facet normal  -0.000000e+000 -1.000000e+000  -0.000000e+000
    outer loop
      vertex  4.350000e+001 -3.029159e+000  5.375000e+000
      vertex  1.625000e+001 -3.029159e+000  1.000000e+001
      vertex  1.525000e+001 -3.029159e+000  1.000000e+001
    endloop
  endfacet
  facet normal  0.000000e+000 -9.999999e-001  0.000000e+000
    outer loop
      vertex  4.350000e+001 -3.029159e+000  5.375000e+000
      vertex  1.525000e+001 -3.029159e+000  1.000000e+001
      vertex  1.625000e+001 -3.029159e+000  9.000000e+000
    endloop
  endfacet
  facet normal  0.000000e+000 -1.000000e+000  0.000000e+000
    outer loop
      vertex  4.350000e+001 -3.029159e+000  5.375000e+000
      vertex  1.625000e+001 -3.029159e+000  9.000000e+000
      vertex  3.969930e+001 -3.029159e+000  3.800699e+000
    endloop
  endfacet
  facet normal  -0.000000e+000 -1.000000e+000  0.000000e+000
    outer loop
      vertex  1.625000e+001 -3.029159e+000 -9.000000e+000
      vertex  4.350000e+001 -3.029159e+000 -5.375000e+000
      vertex  3.969930e+001 -3.029159e+000 -3.800699e+000
    endloop
  endfacet
  facet normal  -0.000000e+000 -1.000000e+000  0.000000e+000
    outer loop
      vertex  1.625000e+001 -3.029159e+000 -9.000000e+000
      vertex  3.969930e+001 -3.029159e+000 -3.800699e+000
      vertex  3.812500e+001 -3.029159e+000  0.000000e+000
    endloop
  endfacet
  facet normal  -0.000000e+000 -1.000000e+000  0.000000e+000
    outer loop
      vertex  1.625000e+001 -3.029159e+000 -9.000000e+000
      vertex  3.812500e+001 -3.029159e+000  0.000000e+000
      vertex  3.969930e+001 -3.029159e+000  3.800699e+000
    endloop
  endfacet
  facet normal  -0.000000e+000 -1.000000e+000  0.000000e+000
    outer loop
      vertex  1.625000e+001 -3.029159e+000 -9.000000e+000
      vertex  3.969930e+001 -3.029159e+000  3.800699e+000
      vertex  1.625000e+001 -3.029159e+000  9.000000e+000
    endloop
  endfacet
  facet normal  0.000000e+000 -9.999999e-001  -0.000000e+000
    outer loop
      vertex  6.375000e+001 -3.029159e+000 -3.025000e+001
      vertex  6.375000e+001 -3.029159e+000  3.025000e+001
      vertex  4.730070e+001 -3.029159e+000  3.800699e+000
    endloop
  endfacet
  facet normal  0.000000e+000 -1.000000e+000  0.000000e+000
    outer loop
      vertex  6.375000e+001 -3.029159e+000 -3.025000e+001
      vertex  4.730070e+001 -3.029159e+000  3.800699e+000
      vertex  4.887500e+001 -3.029159e+000  3.045227e-015
    endloop
  endfacet
  facet normal  0.000000e+000 -1.000000e+000  -0.000000e+000
    outer loop
      vertex  6.375000e+001 -3.029159e+000 -3.025000e+001
      vertex  4.887500e+001 -3.029159e+000  3.045227e-015
      vertex  4.730070e+001 -3.029159e+000 -3.800699e+000
    endloop
  endfacet
  facet normal  0.000000e+000 -9.999999e-001  -0.000000e+000
    outer loop
      vertex  6.375000e+001 -3.029159e+000 -3.025000e+001
      vertex  4.730070e+001 -3.029159e+000 -3.800699e+000
      vertex  4.350000e+001 -3.029159e+000 -5.375000e+000
    endloop
  endfacet
  facet normal  0.000000e+000 -1.000000e+000  0.000000e+000
    outer loop
      vertex  6.275000e+001 -3.029159e+000 -3.125000e+001
      vertex  6.375000e+001 -3.029159e+000 -3.025000e+001
      vertex  1.725000e+001 -3.029159e+000 -3.125000e+001
    endloop
  endfacet
  facet normal  0.000000e+000 -1.000000e+000  0.000000e+000
    outer loop
      vertex  1.725000e+001 -3.029159e+000 -3.125000e+001
      vertex  6.375000e+001 -3.029159e+000 -3.025000e+001
      vertex  4.350000e+001 -3.029159e+000 -5.375000e+000
    endloop
  endfacet
  facet normal  0.000000e+000 -1.000000e+000  0.000000e+000
    outer loop
      vertex  1.725000e+001 -3.029159e+000 -3.125000e+001
      vertex  4.350000e+001 -3.029159e+000 -5.375000e+000
      vertex  1.625000e+001 -3.029159e+000 -1.000000e+001
    endloop
  endfacet
  facet normal  0.000000e+000 -9.999999e-001  0.000000e+000
    outer loop
      vertex  1.625000e+001 -3.029159e+000 -1.000000e+001
      vertex  4.350000e+001 -3.029159e+000 -5.375000e+000
      vertex  1.625000e+001 -3.029159e+000 -9.000000e+000
    endloop
  endfacet
  facet normal  0.000000e+000 -1.000000e+000  -0.000000e+000
    outer loop
      vertex  1.625000e+001 -3.029159e+000 -1.000000e+001
      vertex  1.625000e+001 -3.029159e+000 -9.000000e+000
      vertex  1.525000e+001 -3.029159e+000 -1.000000e+001
    endloop
  endfacet
  facet normal  -0.000000e+000  9.999999e-001  0.000000e+000
    outer loop
      vertex  4.350000e+001  9.120841e+000  5.375000e+000
      vertex  3.106136e+001  9.120841e+000  9.037198e+000
      vertex  3.874886e+001  9.120841e+000  1.462249e+001
    endloop
  endfacet
  facet normal  0.000000e+000  1.000000e+000  -0.000000e+000
    outer loop
      vertex  5.593864e+001  9.120841e+000 -9.037198e+000
      vertex  4.825114e+001  9.120841e+000 -1.462249e+001
      vertex  4.350000e+001  9.120841e+000 -5.375000e+000
    endloop
  endfacet
  facet normal  -0.000000e+000  1.000000e+000  0.000000e+000
    outer loop
      vertex  5.593864e+001  9.120841e+000 -9.037198e+000
      vertex  4.350000e+001  9.120841e+000 -5.375000e+000
      vertex  4.730070e+001  9.120841e+000 -3.800699e+000
    endloop
  endfacet
  facet normal  -0.000000e+000  9.999999e-001  0.000000e+000
    outer loop
      vertex  5.593864e+001  9.120841e+000 -9.037198e+000
      vertex  4.730070e+001  9.120841e+000 -3.800699e+000
      vertex  4.887500e+001  9.120841e+000  3.045227e-015
    endloop
  endfacet
  facet normal  0.000000e+000  1.000000e+000  0.000000e+000
    outer loop
      vertex  5.593864e+001  9.120841e+000 -9.037198e+000
      vertex  4.887500e+001  9.120841e+000  3.045227e-015
      vertex  5.887500e+001  9.120841e+000  1.882895e-015
    endloop
  endfacet
  facet normal  0.000000e+000  1.000000e+000  0.000000e+000
    outer loop
      vertex  4.825114e+001  9.120841e+000 -1.462249e+001
      vertex  3.874886e+001  9.120841e+000 -1.462249e+001
      vertex  4.350000e+001  9.120841e+000 -5.375000e+000
    endloop
  endfacet
  facet normal  0.000000e+000  9.999999e-001  0.000000e+000
    outer loop
      vertex  4.350000e+001  9.120841e+000 -5.375000e+000
      vertex  3.874886e+001  9.120841e+000 -1.462249e+001
      vertex  3.106136e+001  9.120841e+000 -9.037198e+000
    endloop
  endfacet
  facet normal  0.000000e+000  1.000000e+000  0.000000e+000
    outer loop
      vertex  4.350000e+001  9.120841e+000 -5.375000e+000
      vertex  3.106136e+001  9.120841e+000 -9.037198e+000
      vertex  3.969930e+001  9.120841e+000 -3.800699e+000
    endloop
  endfacet
  facet normal  0.000000e+000  1.000000e+000  0.000000e+000
    outer loop
      vertex  3.874886e+001  9.120841e+000  1.462249e+001
      vertex  4.825114e+001  9.120841e+000  1.462249e+001
      vertex  4.350000e+001  9.120841e+000  5.375000e+000
    endloop
  endfacet
  facet normal  0.000000e+000  9.999999e-001  0.000000e+000
    outer loop
      vertex  4.350000e+001  9.120841e+000  5.375000e+000
      vertex  4.825114e+001  9.120841e+000  1.462249e+001
      vertex  5.593864e+001  9.120841e+000  9.037198e+000
    endloop
  endfacet
  facet normal  0.000000e+000  1.000000e+000  0.000000e+000
    outer loop
      vertex  4.350000e+001  9.120841e+000  5.375000e+000
      vertex  5.593864e+001  9.120841e+000  9.037198e+000
      vertex  4.730070e+001  9.120841e+000  3.800699e+000
    endloop
  endfacet
  facet normal  -0.000000e+000  1.000000e+000  0.000000e+000
    outer loop
      vertex  4.730070e+001  9.120841e+000  3.800699e+000
      vertex  5.593864e+001  9.120841e+000  9.037198e+000
      vertex  5.887500e+001  9.120841e+000  1.882895e-015
    endloop
  endfacet
  facet normal  0.000000e+000  1.000000e+000  0.000000e+000
    outer loop
      vertex  4.730070e+001  9.120841e+000  3.800699e+000
      vertex  5.887500e+001  9.120841e+000  1.882895e-015
      vertex  4.887500e+001  9.120841e+000  3.045227e-015
    endloop
  endfacet
  facet normal  0.000000e+000  9.999999e-001  0.000000e+000
    outer loop
      vertex  3.106136e+001  9.120841e+000  9.037198e+000
      vertex  4.350000e+001  9.120841e+000  5.375000e+000
      vertex  2.812500e+001  9.120841e+000  0.000000e+000
    endloop
  endfacet
  facet normal  0.000000e+000  1.000000e+000  0.000000e+000
    outer loop
      vertex  2.812500e+001  9.120841e+000  0.000000e+000
      vertex  4.350000e+001  9.120841e+000  5.375000e+000
      vertex  3.969930e+001  9.120841e+000  3.800699e+000
    endloop
  endfacet
  facet normal  0.000000e+000  1.000000e+000  0.000000e+000
    outer loop
      vertex  2.812500e+001  9.120841e+000  0.000000e+000
      vertex  3.969930e+001  9.120841e+000  3.800699e+000
      vertex  3.812500e+001  9.120841e+000  0.000000e+000
    endloop
  endfacet
  facet normal  0.000000e+000  1.000000e+000  0.000000e+000
    outer loop
      vertex  3.969930e+001  9.120841e+000 -3.800699e+000
      vertex  3.106136e+001  9.120841e+000 -9.037198e+000
      vertex  3.812500e+001  9.120841e+000  0.000000e+000
    endloop
  endfacet
  facet normal  0.000000e+000  1.000000e+000  0.000000e+000
    outer loop
      vertex  3.812500e+001  9.120841e+000  0.000000e+000
      vertex  3.106136e+001  9.120841e+000 -9.037198e+000
      vertex  2.812500e+001  9.120841e+000  0.000000e+000
    endloop
  endfacet
  facet normal  0.000000e+000  0.000000e+000 -1.000000e+000
    outer loop
      vertex  1.625000e+001 -4.379159e+000  1.000000e+001
      vertex  5.000000e+000 -4.379159e+000  1.000000e+001
      vertex  1.625000e+001 -3.029159e+000  1.000000e+001
    endloop
  endfacet
  facet normal  -0.000000e+000  0.000000e+000 -1.000000e+000
    outer loop
      vertex  1.625000e+001 -3.029159e+000  1.000000e+001
      vertex  5.000000e+000 -4.379159e+000  1.000000e+001
      vertex  1.525000e+001 -3.029159e+000  1.000000e+001
    endloop
  endfacet
  facet normal  0.000000e+000  0.000000e+000 -1.000000e+000
    outer loop
      vertex  5.000000e+000 -4.379159e+000  1.000000e+001
      vertex  5.000000e+000  3.120841e+000  1.000000e+001
      vertex  1.525000e+001 -3.029159e+000  1.000000e+001
    endloop
  endfacet
  facet normal  0.000000e+000  0.000000e+000 -1.000000e+000
    outer loop
      vertex  1.525000e+001 -3.029159e+000  1.000000e+001
      vertex  5.000000e+000  3.120841e+000  1.000000e+001
      vertex  1.525000e+001  3.120841e+000  1.000000e+001
    endloop
  endfacet
  facet normal  0.000000e+000  0.000000e+000  1.000000e+000
    outer loop
      vertex  5.000000e+000  3.120841e+000 -1.000000e+001
      vertex  5.000000e+000 -4.379159e+000 -1.000000e+001
      vertex  1.525000e+001  3.120841e+000 -1.000000e+001
    endloop
  endfacet
  facet normal  0.000000e+000  0.000000e+000  1.000000e+000
    outer loop
      vertex  1.525000e+001  3.120841e+000 -1.000000e+001
      vertex  5.000000e+000 -4.379159e+000 -1.000000e+001
      vertex  1.525000e+001 -3.029159e+000 -1.000000e+001
    endloop
  endfacet
  facet normal  0.000000e+000  0.000000e+000  1.000000e+000
    outer loop
      vertex  5.000000e+000 -4.379159e+000 -1.000000e+001
      vertex  1.625000e+001 -4.379159e+000 -1.000000e+001
      vertex  1.525000e+001 -3.029159e+000 -1.000000e+001
    endloop
  endfacet
  facet normal  -0.000000e+000  0.000000e+000  1.000000e+000
    outer loop
      vertex  1.525000e+001 -3.029159e+000 -1.000000e+001
      vertex  1.625000e+001 -4.379159e+000 -1.000000e+001
      vertex  1.625000e+001 -3.029159e+000 -1.000000e+001
    endloop
  endfacet
  facet normal -3.779645e-001 -1.565580e-001 -9.124869e-001
    outer loop
      vertex  5.000000e+000 -4.379159e+000  1.000000e+001
      vertex  2.500000e+000 -6.879159e+000  1.146447e+001
      vertex  1.464466e+000 -4.379159e+000  1.146447e+001
    endloop
  endfacet
  facet normal -1.565580e-001 -3.779645e-001 -9.124869e-001
    outer loop
      vertex  5.000000e+000 -4.379159e+000  1.000000e+001
      vertex  5.000000e+000 -7.914693e+000  1.146447e+001
      vertex  2.500000e+000 -6.879159e+000  1.146447e+001
    endloop
  endfacet
  facet normal -3.574068e-001 -8.628562e-001 -3.574066e-001
    outer loop
      vertex  5.000000e+000 -7.914693e+000  1.146447e+001
      vertex  5.000000e+000 -9.379159e+000  1.500000e+001
      vertex  2.500000e+000 -6.879159e+000  1.146447e+001
    endloop
  endfacet
  facet normal -3.574066e-001 -8.628563e-001 -3.574067e-001
    outer loop
      vertex  2.500000e+000 -6.879159e+000  1.146447e+001
      vertex  5.000000e+000 -9.379159e+000  1.500000e+001
      vertex  1.464466e+000 -7.914693e+000  1.500000e+001
    endloop
  endfacet
  facet normal -8.628562e-001 -3.574068e-001 -3.574068e-001
    outer loop
      vertex  2.500000e+000 -6.879159e+000  1.146447e+001
      vertex  1.464466e+000 -7.914693e+000  1.500000e+001
      vertex  1.464466e+000 -4.379159e+000  1.146447e+001
    endloop
  endfacet
  facet normal -8.628562e-001 -3.574067e-001 -3.574067e-001
    outer loop
      vertex  1.464466e+000 -4.379159e+000  1.146447e+001
      vertex  1.464466e+000 -7.914693e+000  1.500000e+001
      vertex  0.000000e+000 -4.379159e+000  1.500000e+001
    endloop
  endfacet
  facet normal -9.238796e-001 -3.826834e-001  0.000000e+000
    outer loop
      vertex  0.000000e+000 -4.379159e+000  3.884923e+001
      vertex  0.000000e+000 -4.379159e+000  1.500000e+001
      vertex  1.464466e+000 -7.914693e+000  3.884923e+001
    endloop
  endfacet
  facet normal -9.238796e-001 -3.826834e-001  -0.000000e+000
    outer loop
      vertex  1.464466e+000 -7.914693e+000  3.884923e+001
      vertex  0.000000e+000 -4.379159e+000  1.500000e+001
      vertex  1.464466e+000 -7.914693e+000  1.500000e+001
    endloop
  endfacet
  facet normal -3.826833e-001 -9.238796e-001  0.000000e+000
    outer loop
      vertex  1.464466e+000 -7.914693e+000  3.884923e+001
      vertex  1.464466e+000 -7.914693e+000  1.500000e+001
      vertex  5.000000e+000 -9.379159e+000  3.884923e+001
    endloop
  endfacet
  facet normal -3.826833e-001 -9.238796e-001  -0.000000e+000
    outer loop
      vertex  5.000000e+000 -9.379159e+000  3.884923e+001
      vertex  1.464466e+000 -7.914693e+000  1.500000e+001
      vertex  5.000000e+000 -9.379159e+000  1.500000e+001
    endloop
  endfacet
  facet normal  9.999999e-001  0.000000e+000  0.000000e+000
    outer loop
      vertex  1.625000e+001 -9.379159e+000  3.025000e+001
      vertex  1.625000e+001 -9.379159e+000  1.500000e+001
      vertex  1.625000e+001 -3.029159e+000  3.025000e+001
    endloop
  endfacet
  facet normal  1.000000e+000  0.000000e+000  0.000000e+000
    outer loop
      vertex  1.625000e+001 -3.029159e+000  3.025000e+001
      vertex  1.625000e+001 -9.379159e+000  1.500000e+001
      vertex  1.625000e+001 -3.029159e+000  1.000000e+001
    endloop
  endfacet
  facet normal  1.000000e+000  -0.000000e+000  -0.000000e+000
    outer loop
      vertex  1.625000e+001 -9.379159e+000  1.500000e+001
      vertex  1.625000e+001 -7.914693e+000  1.146447e+001
      vertex  1.625000e+001 -3.029159e+000  1.000000e+001
    endloop
  endfacet
  facet normal  1.000000e+000  0.000000e+000  0.000000e+000
    outer loop
      vertex  1.625000e+001 -3.029159e+000  1.000000e+001
      vertex  1.625000e+001 -7.914693e+000  1.146447e+001
      vertex  1.625000e+001 -4.379159e+000  1.000000e+001
    endloop
  endfacet
  facet normal -1.565580e-001 -3.779645e-001  9.124869e-001
    outer loop
      vertex  5.000000e+000 -4.379159e+000 -1.000000e+001
      vertex  2.500000e+000 -6.879159e+000 -1.146447e+001
      vertex  5.000000e+000 -7.914693e+000 -1.146447e+001
    endloop
  endfacet
  facet normal -3.779645e-001 -1.565580e-001  9.124869e-001
    outer loop
      vertex  5.000000e+000 -4.379159e+000 -1.000000e+001
      vertex  1.464466e+000 -4.379159e+000 -1.146447e+001
      vertex  2.500000e+000 -6.879159e+000 -1.146447e+001
    endloop
  endfacet
  facet normal -8.628562e-001 -3.574068e-001  3.574068e-001
    outer loop
      vertex  1.464466e+000 -4.379159e+000 -1.146447e+001
      vertex  0.000000e+000 -4.379159e+000 -1.500000e+001
      vertex  2.500000e+000 -6.879159e+000 -1.146447e+001
    endloop
  endfacet
  facet normal -8.628562e-001 -3.574067e-001  3.574067e-001
    outer loop
      vertex  2.500000e+000 -6.879159e+000 -1.146447e+001
      vertex  0.000000e+000 -4.379159e+000 -1.500000e+001
      vertex  1.464466e+000 -7.914693e+000 -1.500000e+001
    endloop
  endfacet
  facet normal -3.574068e-001 -8.628562e-001  3.574068e-001
    outer loop
      vertex  2.500000e+000 -6.879159e+000 -1.146447e+001
      vertex  1.464466e+000 -7.914693e+000 -1.500000e+001
      vertex  5.000000e+000 -7.914693e+000 -1.146447e+001
    endloop
  endfacet
  facet normal -3.574066e-001 -8.628563e-001  3.574066e-001
    outer loop
      vertex  5.000000e+000 -7.914693e+000 -1.146447e+001
      vertex  1.464466e+000 -7.914693e+000 -1.500000e+001
      vertex  5.000000e+000 -9.379159e+000 -1.500000e+001
    endloop
  endfacet
  facet normal -9.238795e-001 -3.826834e-001  0.000000e+000
    outer loop
      vertex  0.000000e+000 -4.379159e+000 -1.500000e+001
      vertex  0.000000e+000 -4.379159e+000 -3.884944e+001
      vertex  1.464466e+000 -7.914693e+000 -1.500000e+001
    endloop
  endfacet
  facet normal -9.238795e-001 -3.826834e-001  -0.000000e+000
    outer loop
      vertex  1.464466e+000 -7.914693e+000 -1.500000e+001
      vertex  0.000000e+000 -4.379159e+000 -3.884944e+001
      vertex  1.464466e+000 -7.914693e+000 -3.884944e+001
    endloop
  endfacet
  facet normal -3.826833e-001 -9.238796e-001  0.000000e+000
    outer loop
      vertex  1.464466e+000 -7.914693e+000 -1.500000e+001
      vertex  1.464466e+000 -7.914693e+000 -3.884944e+001
      vertex  5.000000e+000 -9.379159e+000 -1.500000e+001
    endloop
  endfacet
  facet normal -3.826833e-001 -9.238796e-001  -0.000000e+000
    outer loop
      vertex  5.000000e+000 -9.379159e+000 -1.500000e+001
      vertex  1.464466e+000 -7.914693e+000 -3.884944e+001
      vertex  5.000000e+000 -9.379159e+000 -3.884944e+001
    endloop
  endfacet
  facet normal  1.000000e+000  0.000000e+000  0.000000e+000
    outer loop
      vertex  1.625000e+001 -3.029159e+000 -3.025000e+001
      vertex  1.625000e+001 -3.029159e+000 -1.000000e+001
      vertex  1.625000e+001 -9.379159e+000 -3.025000e+001
    endloop
  endfacet
  facet normal  9.999999e-001  0.000000e+000  0.000000e+000
    outer loop
      vertex  1.625000e+001 -9.379159e+000 -3.025000e+001
      vertex  1.625000e+001 -3.029159e+000 -1.000000e+001
      vertex  1.625000e+001 -9.379159e+000 -1.500000e+001
    endloop
  endfacet
  facet normal  1.000000e+000  -0.000000e+000  0.000000e+000
    outer loop
      vertex  1.625000e+001 -3.029159e+000 -1.000000e+001
      vertex  1.625000e+001 -4.379159e+000 -1.000000e+001
      vertex  1.625000e+001 -9.379159e+000 -1.500000e+001
    endloop
  endfacet
  facet normal  1.000000e+000  0.000000e+000  0.000000e+000
    outer loop
      vertex  1.625000e+001 -9.379159e+000 -1.500000e+001
      vertex  1.625000e+001 -4.379159e+000 -1.000000e+001
      vertex  1.625000e+001 -7.914693e+000 -1.146447e+001
    endloop
  endfacet
  facet normal -3.826834e-001  0.000000e+000  9.238795e-001
    outer loop
      vertex  5.000000e+000 -4.379159e+000 -1.000000e+001
      vertex  5.000000e+000  3.120841e+000 -1.000000e+001
      vertex  1.464466e+000 -4.379159e+000 -1.146447e+001
    endloop
  endfacet
  facet normal -3.826834e-001  0.000000e+000  9.238795e-001
    outer loop
      vertex  1.464466e+000 -4.379159e+000 -1.146447e+001
      vertex  5.000000e+000  3.120841e+000 -1.000000e+001
      vertex  1.464466e+000  3.120841e+000 -1.146447e+001
    endloop
  endfacet
  facet normal -9.238795e-001  0.000000e+000  3.826834e-001
    outer loop
      vertex  1.464466e+000 -4.379159e+000 -1.146447e+001
      vertex  1.464466e+000  3.120841e+000 -1.146447e+001
      vertex  0.000000e+000 -4.379159e+000 -1.500000e+001
    endloop
  endfacet
  facet normal -9.238795e-001  0.000000e+000  3.826834e-001
    outer loop
      vertex  0.000000e+000 -4.379159e+000 -1.500000e+001
      vertex  1.464466e+000  3.120841e+000 -1.146447e+001
      vertex  0.000000e+000  3.120841e+000 -1.500000e+001
    endloop
  endfacet
  facet normal -1.000000e+000  0.000000e+000  0.000000e+000
    outer loop
      vertex  0.000000e+000  3.120841e+000 -3.629416e+001
      vertex  0.000000e+000 -4.379159e+000 -1.500000e+001
      vertex  0.000000e+000  3.120841e+000 -1.500000e+001
    endloop
  endfacet
  facet normal -1.000000e+000  -0.000000e+000  0.000000e+000
    outer loop
      vertex  0.000000e+000 -4.379159e+000 -1.500000e+001
      vertex  0.000000e+000  3.120841e+000 -3.629416e+001
      vertex  0.000000e+000 -4.379159e+000 -3.884944e+001
    endloop
  endfacet
  facet normal -1.000000e+000  0.000000e+000  0.000000e+000
    outer loop
      vertex  0.000000e+000 -4.379159e+000 -3.884944e+001
      vertex  0.000000e+000  3.120841e+000 -3.629416e+001
      vertex  0.000000e+000 -4.010782e+000 -5.132928e+001
    endloop
  endfacet
  facet normal -1.000000e+000  0.000000e+000  0.000000e+000
    outer loop
      vertex  0.000000e+000 -4.379159e+000 -3.884944e+001
      vertex  0.000000e+000 -4.010782e+000 -5.132928e+001
      vertex  0.000000e+000 -5.410035e+000 -4.327154e+001
    endloop
  endfacet
  facet normal -1.000000e+000  0.000000e+000  -0.000000e+000
    outer loop
      vertex  0.000000e+000 -5.410035e+000 -4.327154e+001
      vertex  0.000000e+000 -4.010782e+000 -5.132928e+001
      vertex  0.000000e+000 -1.295503e+001 -6.500009e+001
    endloop
  endfacet
  facet normal -1.000000e+000  0.000000e+000  0.000000e+000
    outer loop
      vertex  0.000000e+000 -5.410035e+000 -4.327154e+001
      vertex  0.000000e+000 -1.295503e+001 -6.500009e+001
      vertex  0.000000e+000 -1.926441e+001 -6.500009e+001
    endloop
  endfacet
  facet normal -9.238795e-001  -0.000000e+000 -3.826834e-001
    outer loop
      vertex  0.000000e+000 -4.379159e+000  1.500000e+001
      vertex  0.000000e+000  3.120841e+000  1.500000e+001
      vertex  1.464466e+000 -4.379159e+000  1.146447e+001
    endloop
  endfacet
  facet normal -9.238795e-001  0.000000e+000 -3.826834e-001
    outer loop
      vertex  1.464466e+000 -4.379159e+000  1.146447e+001
      vertex  0.000000e+000  3.120841e+000  1.500000e+001
      vertex  1.464466e+000  3.120841e+000  1.146447e+001
    endloop
  endfacet
  facet normal -3.826834e-001  -0.000000e+000 -9.238795e-001
    outer loop
      vertex  1.464466e+000 -4.379159e+000  1.146447e+001
      vertex  1.464466e+000  3.120841e+000  1.146447e+001
      vertex  5.000000e+000 -4.379159e+000  1.000000e+001
    endloop
  endfacet
  facet normal -3.826834e-001  0.000000e+000 -9.238795e-001
    outer loop
      vertex  5.000000e+000 -4.379159e+000  1.000000e+001
      vertex  1.464466e+000  3.120841e+000  1.146447e+001
      vertex  5.000000e+000  3.120841e+000  1.000000e+001
    endloop
  endfacet
  facet normal -1.000000e+000  0.000000e+000  0.000000e+000
    outer loop
      vertex  0.000000e+000 -3.844239e+000  5.103167e+001
      vertex  0.000000e+000 -1.926442e+001  6.499991e+001
      vertex  0.000000e+000 -1.295561e+001  6.499991e+001
    endloop
  endfacet
  facet normal -1.000000e+000  -0.000000e+000  0.000000e+000
    outer loop
      vertex  0.000000e+000 -1.926442e+001  6.499991e+001
      vertex  0.000000e+000 -3.844239e+000  5.103167e+001
      vertex  0.000000e+000 -5.410051e+000  4.327134e+001
    endloop
  endfacet
  facet normal -1.000000e+000  0.000000e+000  0.000000e+000
    outer loop
      vertex  0.000000e+000 -5.410051e+000  4.327134e+001
      vertex  0.000000e+000 -3.844239e+000  5.103167e+001
      vertex  0.000000e+000  3.120841e+000  3.629155e+001
    endloop
  endfacet
  facet normal -9.999999e-001  0.000000e+000  0.000000e+000
    outer loop
      vertex  0.000000e+000 -5.410051e+000  4.327134e+001
      vertex  0.000000e+000  3.120841e+000  3.629155e+001
      vertex  0.000000e+000 -4.379159e+000  3.884923e+001
    endloop
  endfacet
  facet normal -9.999999e-001  0.000000e+000  0.000000e+000
    outer loop
      vertex  0.000000e+000 -4.379159e+000  3.884923e+001
      vertex  0.000000e+000  3.120841e+000  3.629155e+001
      vertex  0.000000e+000  3.120841e+000  1.500000e+001
    endloop
  endfacet
  facet normal -1.000000e+000  0.000000e+000  0.000000e+000
    outer loop
      vertex  0.000000e+000 -4.379159e+000  3.884923e+001
      vertex  0.000000e+000  3.120841e+000  1.500000e+001
      vertex  0.000000e+000 -4.379159e+000  1.500000e+001
    endloop
  endfacet
  facet normal  -0.000000e+000 -3.826834e-001 -9.238795e-001
    outer loop
      vertex  5.000000e+000 -4.379159e+000  1.000000e+001
      vertex  1.625000e+001 -4.379159e+000  1.000000e+001
      vertex  5.000000e+000 -7.914693e+000  1.146447e+001
    endloop
  endfacet
  facet normal  0.000000e+000 -3.826834e-001 -9.238795e-001
    outer loop
      vertex  5.000000e+000 -7.914693e+000  1.146447e+001
      vertex  1.625000e+001 -4.379159e+000  1.000000e+001
      vertex  1.625000e+001 -7.914693e+000  1.146447e+001
    endloop
  endfacet
  facet normal  -0.000000e+000 -9.238796e-001 -3.826833e-001
    outer loop
      vertex  5.000000e+000 -7.914693e+000  1.146447e+001
      vertex  1.625000e+001 -7.914693e+000  1.146447e+001
      vertex  5.000000e+000 -9.379159e+000  1.500000e+001
    endloop
  endfacet
  facet normal  0.000000e+000 -9.238796e-001 -3.826833e-001
    outer loop
      vertex  5.000000e+000 -9.379159e+000  1.500000e+001
      vertex  1.625000e+001 -7.914693e+000  1.146447e+001
      vertex  1.625000e+001 -9.379159e+000  1.500000e+001
    endloop
  endfacet
  facet normal  0.000000e+000 -3.826834e-001  9.238795e-001
    outer loop
      vertex  1.625000e+001 -4.379159e+000 -1.000000e+001
      vertex  5.000000e+000 -4.379159e+000 -1.000000e+001
      vertex  1.625000e+001 -7.914693e+000 -1.146447e+001
    endloop
  endfacet
  facet normal  0.000000e+000 -3.826834e-001  9.238795e-001
    outer loop
      vertex  1.625000e+001 -7.914693e+000 -1.146447e+001
      vertex  5.000000e+000 -4.379159e+000 -1.000000e+001
      vertex  5.000000e+000 -7.914693e+000 -1.146447e+001
    endloop
  endfacet
  facet normal  0.000000e+000 -9.238796e-001  3.826833e-001
    outer loop
      vertex  1.625000e+001 -7.914693e+000 -1.146447e+001
      vertex  5.000000e+000 -7.914693e+000 -1.146447e+001
      vertex  1.625000e+001 -9.379159e+000 -1.500000e+001
    endloop
  endfacet
  facet normal  0.000000e+000 -9.238796e-001  3.826833e-001
    outer loop
      vertex  1.625000e+001 -9.379159e+000 -1.500000e+001
      vertex  5.000000e+000 -7.914693e+000 -1.146447e+001
      vertex  5.000000e+000 -9.379159e+000 -1.500000e+001
    endloop
  endfacet
  facet normal  0.000000e+000 -1.000000e+000  -0.000000e+000
    outer loop
      vertex  1.625000e+001 -9.379159e+000  1.500000e+001
      vertex  1.625000e+001 -9.379159e+000  3.025000e+001
      vertex  5.000000e+000 -9.379159e+000  1.500000e+001
    endloop
  endfacet
  facet normal  0.000000e+000 -1.000000e+000  0.000000e+000
    outer loop
      vertex  5.000000e+000 -9.379159e+000  3.884923e+001
      vertex  5.000000e+000 -9.379159e+000  1.500000e+001
      vertex  1.625000e+001 -9.379159e+000  3.025000e+001
    endloop
  endfacet
  facet normal  0.000000e+000 -1.000000e+000  0.000000e+000
    outer loop
      vertex  5.000000e+000 -9.379159e+000  3.884923e+001
      vertex  1.625000e+001 -9.379159e+000  3.025000e+001
      vertex  1.725000e+001 -9.379159e+000  3.125000e+001
    endloop
  endfacet
  facet normal  0.000000e+000 -1.000000e+000  0.000000e+000
    outer loop
      vertex  5.000000e+000 -9.379159e+000  3.884923e+001
      vertex  1.725000e+001 -9.379159e+000  3.125000e+001
      vertex  6.275000e+001 -9.379159e+000  3.125000e+001
    endloop
  endfacet
  facet normal  0.000000e+000 -1.000000e+000  0.000000e+000
    outer loop
      vertex  5.000000e+000 -9.379159e+000  3.884923e+001
      vertex  6.275000e+001 -9.379159e+000  3.125000e+001
      vertex  7.500000e+001 -9.379159e+000  3.884923e+001
    endloop
  endfacet
  facet normal  0.000000e+000 -1.000000e+000  -0.000000e+000
    outer loop
      vertex  1.725000e+001 -9.379159e+000 -3.125000e+001
      vertex  1.625000e+001 -9.379159e+000 -3.025000e+001
      vertex  5.000000e+000 -9.379159e+000 -3.884944e+001
    endloop
  endfacet
  facet normal  0.000000e+000 -1.000000e+000  0.000000e+000
    outer loop
      vertex  5.000000e+000 -9.379159e+000 -3.884944e+001
      vertex  1.625000e+001 -9.379159e+000 -3.025000e+001
      vertex  1.625000e+001 -9.379159e+000 -1.500000e+001
    endloop
  endfacet
  facet normal  -0.000000e+000 -1.000000e+000  0.000000e+000
    outer loop
      vertex  5.000000e+000 -9.379159e+000 -3.884944e+001
      vertex  1.625000e+001 -9.379159e+000 -1.500000e+001
      vertex  5.000000e+000 -9.379159e+000 -1.500000e+001
    endloop
  endfacet
  facet normal  0.000000e+000 -1.000000e+000  0.000000e+000
    outer loop
      vertex  6.375000e+001 -9.379159e+000 -3.025000e+001
      vertex  6.275000e+001 -9.379159e+000 -3.125000e+001
      vertex  7.500000e+001 -9.379159e+000 -3.884944e+001
    endloop
  endfacet
  facet normal  0.000000e+000 -1.000000e+000  0.000000e+000
    outer loop
      vertex  7.500000e+001 -9.379159e+000 -3.884944e+001
      vertex  6.275000e+001 -9.379159e+000 -3.125000e+001
      vertex  1.725000e+001 -9.379159e+000 -3.125000e+001
    endloop
  endfacet
  facet normal  0.000000e+000 -1.000000e+000  -0.000000e+000
    outer loop
      vertex  7.500000e+001 -9.379159e+000 -3.884944e+001
      vertex  1.725000e+001 -9.379159e+000 -3.125000e+001
      vertex  5.000000e+000 -9.379159e+000 -3.884944e+001
    endloop
  endfacet
  facet normal  0.000000e+000 -1.000000e+000  0.000000e+000
    outer loop
      vertex  6.275000e+001 -9.379159e+000  3.125000e+001
      vertex  6.375000e+001 -9.379159e+000  3.025000e+001
      vertex  7.500000e+001 -9.379159e+000  3.884923e+001
    endloop
  endfacet
  facet normal  0.000000e+000 -1.000000e+000  0.000000e+000
    outer loop
      vertex  7.500000e+001 -9.379159e+000  3.884923e+001
      vertex  6.375000e+001 -9.379159e+000  3.025000e+001
      vertex  6.375000e+001 -9.379159e+000 -3.025000e+001
    endloop
  endfacet
  facet normal  0.000000e+000 -1.000000e+000  0.000000e+000
    outer loop
      vertex  7.500000e+001 -9.379159e+000  3.884923e+001
      vertex  6.375000e+001 -9.379159e+000 -3.025000e+001
      vertex  7.500000e+001 -9.379159e+000 -3.884944e+001
    endloop
  endfacet
  facet normal -9.999999e-001  0.000000e+000  0.000000e+000
    outer loop
      vertex  1.625000e+001  3.120841e+000 -9.000000e+000
      vertex  1.625000e+001 -3.029159e+000 -9.000000e+000
      vertex  1.625000e+001  3.120841e+000  9.000000e+000
    endloop
  endfacet
  facet normal -9.999999e-001  -0.000000e+000  0.000000e+000
    outer loop
      vertex  1.625000e+001  3.120841e+000  9.000000e+000
      vertex  1.625000e+001 -3.029159e+000 -9.000000e+000
      vertex  1.625000e+001 -3.029159e+000  9.000000e+000
    endloop
  endfacet
  facet normal -7.071068e-001  -0.000000e+000 -7.071068e-001
    outer loop
      vertex  1.525000e+001 -3.029159e+000  1.000000e+001
      vertex  1.525000e+001  3.120841e+000  1.000000e+001
      vertex  1.625000e+001 -3.029159e+000  9.000000e+000
    endloop
  endfacet
  facet normal -7.071068e-001  0.000000e+000 -7.071068e-001
    outer loop
      vertex  1.625000e+001 -3.029159e+000  9.000000e+000
      vertex  1.525000e+001  3.120841e+000  1.000000e+001
      vertex  1.625000e+001  3.120841e+000  9.000000e+000
    endloop
  endfacet
  facet normal -7.071068e-001  0.000000e+000  7.071068e-001
    outer loop
      vertex  1.525000e+001 -3.029159e+000 -1.000000e+001
      vertex  1.625000e+001 -3.029159e+000 -9.000000e+000
      vertex  1.525000e+001  3.120841e+000 -1.000000e+001
    endloop
  endfacet
  facet normal -7.071068e-001  0.000000e+000  7.071068e-001
    outer loop
      vertex  1.525000e+001  3.120841e+000 -1.000000e+001
      vertex  1.625000e+001 -3.029159e+000 -9.000000e+000
      vertex  1.625000e+001  3.120841e+000 -9.000000e+000
    endloop
  endfacet
  facet normal  1.000000e+000  -0.000000e+000  0.000000e+000
    outer loop
      vertex  8.000000e+001 -1.295561e+001  6.499991e+001
      vertex  8.000000e+001 -1.926442e+001  6.499991e+001
      vertex  8.000000e+001 -3.844239e+000  5.103167e+001
    endloop
  endfacet
  facet normal  1.000000e+000  0.000000e+000  0.000000e+000
    outer loop
      vertex  8.000000e+001 -3.844239e+000  5.103167e+001
      vertex  8.000000e+001 -1.926442e+001  6.499991e+001
      vertex  8.000000e+001 -5.410045e+000  4.327133e+001
    endloop
  endfacet
  facet normal  1.000000e+000  -0.000000e+000  0.000000e+000
    outer loop
      vertex  8.000000e+001 -3.844239e+000  5.103167e+001
      vertex  8.000000e+001 -5.410045e+000  4.327133e+001
      vertex  8.000000e+001  3.120841e+000  3.629155e+001
    endloop
  endfacet
  facet normal  1.000000e+000  0.000000e+000  0.000000e+000
    outer loop
      vertex  8.000000e+001  3.120841e+000  3.629155e+001
      vertex  8.000000e+001 -5.410045e+000  4.327133e+001
      vertex  8.000000e+001 -4.379159e+000  3.884923e+001
    endloop
  endfacet
  facet normal  1.000000e+000  0.000000e+000  0.000000e+000
    outer loop
      vertex  8.000000e+001  3.120841e+000  3.629155e+001
      vertex  8.000000e+001 -4.379159e+000  3.884923e+001
      vertex  8.000000e+001  3.120841e+000 -3.629416e+001
    endloop
  endfacet
  facet normal  1.000000e+000  0.000000e+000  0.000000e+000
    outer loop
      vertex  8.000000e+001  3.120841e+000 -3.629416e+001
      vertex  8.000000e+001 -4.379159e+000  3.884923e+001
      vertex  8.000000e+001 -4.379159e+000 -3.884944e+001
    endloop
  endfacet
  facet normal  1.000000e+000  -0.000000e+000  0.000000e+000
    outer loop
      vertex  8.000000e+001  3.120841e+000 -3.629416e+001
      vertex  8.000000e+001 -4.379159e+000 -3.884944e+001
      vertex  8.000000e+001 -4.010782e+000 -5.132928e+001
    endloop
  endfacet
  facet normal  1.000000e+000  0.000000e+000  0.000000e+000
    outer loop
      vertex  8.000000e+001 -4.010782e+000 -5.132928e+001
      vertex  8.000000e+001 -4.379159e+000 -3.884944e+001
      vertex  8.000000e+001 -5.410052e+000 -4.327156e+001
    endloop
  endfacet
  facet normal  1.000000e+000  0.000000e+000  0.000000e+000
    outer loop
      vertex  8.000000e+001 -4.010782e+000 -5.132928e+001
      vertex  8.000000e+001 -5.410052e+000 -4.327156e+001
      vertex  8.000000e+001 -1.295503e+001 -6.500009e+001
    endloop
  endfacet
  facet normal  1.000000e+000  0.000000e+000  -0.000000e+000
    outer loop
      vertex  8.000000e+001 -1.295503e+001 -6.500009e+001
      vertex  8.000000e+001 -5.410052e+000 -4.327156e+001
      vertex  8.000000e+001 -1.926443e+001 -6.500009e+001
    endloop
  endfacet
  facet normal  0.000000e+000  7.456877e-001  6.662956e-001
    outer loop
      vertex  1.000000e+001 -2.116858e+001  7.499991e+001
      vertex  7.000000e+001 -2.116858e+001  7.499991e+001
      vertex  6.567939e+000 -2.062585e+001  7.439251e+001
    endloop
  endfacet
  facet normal -2.433923e-005  7.444236e-001  6.677076e-001
    outer loop
      vertex  6.567939e+000 -2.062585e+001  7.439251e+001
      vertex  7.000000e+001 -2.116858e+001  7.499991e+001
      vertex  7.159399e+001 -2.105384e+001  7.487205e+001
    endloop
  endfacet
  facet normal  8.673569e-005  7.518795e-001  6.593006e-001
    outer loop
      vertex  6.567939e+000 -2.062585e+001  7.439251e+001
      vertex  7.159399e+001 -2.105384e+001  7.487205e+001
      vertex  3.908194e+000 -1.934331e+001  7.293022e+001
    endloop
  endfacet
  facet normal  -0.000000e+000  7.503818e-001  6.610045e-001
    outer loop
      vertex  3.908194e+000 -1.934331e+001  7.293022e+001
      vertex  7.159399e+001 -2.105384e+001  7.487205e+001
      vertex  7.609180e+001 -1.934331e+001  7.293022e+001
    endloop
  endfacet
  facet normal  0.000000e+000  7.670431e-001  6.415956e-001
    outer loop
      vertex  3.908194e+000 -1.934331e+001  7.293022e+001
      vertex  7.609180e+001 -1.934331e+001  7.293022e+001
      vertex  9.024584e-001 -1.618249e+001  6.915138e+001
    endloop
  endfacet
  facet normal -6.077404e-004  7.610587e-001  6.486826e-001
    outer loop
      vertex  9.024584e-001 -1.618249e+001  6.915138e+001
      vertex  7.609180e+001 -1.934331e+001  7.293022e+001
      vertex  7.773711e+001 -1.798258e+001  7.133530e+001
    endloop
  endfacet
  facet normal  1.060619e-003  7.896519e-001  6.135542e-001
    outer loop
      vertex  9.024584e-001 -1.618249e+001  6.915138e+001
      vertex  7.773711e+001 -1.798258e+001  7.133530e+001
      vertex  0.000000e+000 -1.295561e+001  6.499991e+001
    endloop
  endfacet
  facet normal  -0.000000e+000  7.833564e-001  6.215729e-001
    outer loop
      vertex  0.000000e+000 -1.295561e+001  6.499991e+001
      vertex  7.773711e+001 -1.798258e+001  7.133530e+001
      vertex  8.000000e+001 -1.295561e+001  6.499991e+001
    endloop
  endfacet
  facet normal  0.000000e+000  8.375655e-001  5.463371e-001
    outer loop
      vertex  0.000000e+000 -1.295561e+001  6.499991e+001
      vertex  8.000000e+001 -1.295561e+001  6.499991e+001
      vertex  0.000000e+000 -3.844239e+000  5.103167e+001
    endloop
  endfacet
  facet normal  -0.000000e+000  8.375655e-001  5.463371e-001
    outer loop
      vertex  0.000000e+000 -3.844239e+000  5.103167e+001
      vertex  8.000000e+001 -1.295561e+001  6.499991e+001
      vertex  8.000000e+001 -3.844239e+000  5.103167e+001
    endloop
  endfacet
  facet normal  0.000000e+000  9.041428e-001  4.272305e-001
    outer loop
      vertex  0.000000e+000 -3.844239e+000  5.103167e+001
      vertex  8.000000e+001 -3.844239e+000  5.103167e+001
      vertex  0.000000e+000  3.120841e+000  3.629155e+001
    endloop
  endfacet
  facet normal  -0.000000e+000  9.041428e-001  4.272305e-001
    outer loop
      vertex  0.000000e+000  3.120841e+000  3.629155e+001
      vertex  8.000000e+001 -3.844239e+000  5.103167e+001
      vertex  8.000000e+001  3.120841e+000  3.629155e+001
    endloop
  endfacet
  facet normal  0.000000e+000  9.035117e-001 -4.285634e-001
    outer loop
      vertex  0.000000e+000  3.120841e+000 -3.629416e+001
      vertex  8.000000e+001  3.120841e+000 -3.629416e+001
      vertex  0.000000e+000 -4.010782e+000 -5.132928e+001
    endloop
  endfacet
  facet normal  0.000000e+000  9.035117e-001 -4.285634e-001
    outer loop
      vertex  0.000000e+000 -4.010782e+000 -5.132928e+001
      vertex  8.000000e+001  3.120841e+000 -3.629416e+001
      vertex  8.000000e+001 -4.010782e+000 -5.132928e+001
    endloop
  endfacet
  facet normal  0.000000e+000  8.368114e-001 -5.474913e-001
    outer loop
      vertex  0.000000e+000 -4.010782e+000 -5.132928e+001
      vertex  8.000000e+001 -4.010782e+000 -5.132928e+001
      vertex  0.000000e+000 -1.295503e+001 -6.500009e+001
    endloop
  endfacet
  facet normal  0.000000e+000  8.368114e-001 -5.474913e-001
    outer loop
      vertex  0.000000e+000 -1.295503e+001 -6.500009e+001
      vertex  8.000000e+001 -4.010782e+000 -5.132928e+001
      vertex  8.000000e+001 -1.295503e+001 -6.500009e+001
    endloop
  endfacet
  facet normal  0.000000e+000  7.833375e-001 -6.215966e-001
    outer loop
      vertex  0.000000e+000 -1.295503e+001 -6.500009e+001
      vertex  8.000000e+001 -1.295503e+001 -6.500009e+001
      vertex  2.263099e+000 -1.798252e+001 -7.133574e+001
    endloop
  endfacet
  facet normal -1.060975e-003  7.896351e-001 -6.135759e-001
    outer loop
      vertex  2.263099e+000 -1.798252e+001 -7.133574e+001
      vertex  8.000000e+001 -1.295503e+001 -6.500009e+001
      vertex  7.909744e+001 -1.618227e+001 -6.915179e+001
    endloop
  endfacet
  facet normal  6.079082e-004  7.610333e-001 -6.487126e-001
    outer loop
      vertex  2.263099e+000 -1.798252e+001 -7.133574e+001
      vertex  7.909744e+001 -1.618227e+001 -6.915179e+001
      vertex  3.908438e+000 -1.934330e+001 -7.293060e+001
    endloop
  endfacet
  facet normal  0.000000e+000  7.670192e-001 -6.416241e-001
    outer loop
      vertex  3.908438e+000 -1.934330e+001 -7.293060e+001
      vertex  7.909744e+001 -1.618227e+001 -6.915179e+001
      vertex  7.609156e+001 -1.934330e+001 -7.293060e+001
    endloop
  endfacet
  facet normal  0.000000e+000  7.503537e-001 -6.610366e-001
    outer loop
      vertex  3.908438e+000 -1.934330e+001 -7.293060e+001
      vertex  7.609156e+001 -1.934330e+001 -7.293060e+001
      vertex  8.406092e+000 -2.105383e+001 -7.487225e+001
    endloop
  endfacet
  facet normal -8.675148e-005  7.518517e-001 -6.593322e-001
    outer loop
      vertex  8.406092e+000 -2.105383e+001 -7.487225e+001
      vertex  7.609156e+001 -1.934330e+001 -7.293060e+001
      vertex  7.343188e+001 -2.062585e+001 -7.439276e+001
    endloop
  endfacet
  facet normal  2.432183e-005  7.443948e-001 -6.677397e-001
    outer loop
      vertex  8.406092e+000 -2.105383e+001 -7.487225e+001
      vertex  7.343188e+001 -2.062585e+001 -7.439276e+001
      vertex  1.000000e+001 -2.116857e+001 -7.500009e+001
    endloop
  endfacet
  facet normal  0.000000e+000  7.456583e-001 -6.663284e-001
    outer loop
      vertex  1.000000e+001 -2.116857e+001 -7.500009e+001
      vertex  7.343188e+001 -2.062585e+001 -7.439276e+001
      vertex  7.000000e+001 -2.116857e+001 -7.500009e+001
    endloop
  endfacet
  facet normal  0.000000e+000 -9.738866e-001  2.270348e-001
    outer loop
      vertex  5.000000e+000 -9.379159e+000 -3.884944e+001
      vertex  5.000000e+000 -9.894606e+000 -4.106050e+001
      vertex  7.500000e+001 -9.379159e+000 -3.884944e+001
    endloop
  endfacet
  facet normal  0.000000e+000 -9.738866e-001  2.270348e-001
    outer loop
      vertex  7.500000e+001 -9.379159e+000 -3.884944e+001
      vertex  5.000000e+000 -9.894606e+000 -4.106050e+001
      vertex  7.500000e+001 -9.894606e+000 -4.106050e+001
    endloop
  endfacet
  facet normal  5.656355e-005 -7.676411e-001  6.408800e-001
    outer loop
      vertex  6.554969e+000 -2.604885e+001 -6.538805e+001
      vertex  7.392133e+001 -2.562387e+001 -6.488496e+001
      vertex  5.355191e+000 -2.462183e+001 -6.367866e+001
    endloop
  endfacet
  facet normal -1.958236e-004 -7.746664e-001  6.323701e-001
    outer loop
      vertex  5.355191e+000 -2.462183e+001 -6.367866e+001
      vertex  7.392133e+001 -2.562387e+001 -6.488496e+001
      vertex  7.500000e+001 -2.318373e+001 -6.189540e+001
    endloop
  endfacet
  facet normal  0.000000e+000 -7.784173e-001  6.277471e-001
    outer loop
      vertex  5.355191e+000 -2.462183e+001 -6.367866e+001
      vertex  7.500000e+001 -2.318373e+001 -6.189540e+001
      vertex  5.000000e+000 -2.318373e+001 -6.189540e+001
    endloop
  endfacet
  facet normal  0.000000e+000 -8.431010e-001  5.377552e-001
    outer loop
      vertex  5.000000e+000 -2.318373e+001 -6.189540e+001
      vertex  7.500000e+001 -2.318373e+001 -6.189540e+001
      vertex  7.500000e+001 -9.894606e+000 -4.106050e+001
    endloop
  endfacet
  facet normal  0.000000e+000 -8.431010e-001  5.377552e-001
    outer loop
      vertex  5.000000e+000 -2.318373e+001 -6.189540e+001
      vertex  7.500000e+001 -9.894606e+000 -4.106050e+001
      vertex  5.000000e+000 -9.894606e+000 -4.106050e+001
    endloop
  endfacet
  facet normal -7.217647e-005 -7.591348e-001  6.509335e-001
    outer loop
      vertex  6.554969e+000 -2.604885e+001 -6.538805e+001
      vertex  8.316035e+000 -2.694583e+001 -6.643393e+001
      vertex  7.392133e+001 -2.562387e+001 -6.488496e+001
    endloop
  endfacet
  facet normal  5.611149e-005 -7.618186e-001  6.477904e-001
    outer loop
      vertex  7.392133e+001 -2.562387e+001 -6.488496e+001
      vertex  8.316035e+000 -2.694583e+001 -6.643393e+001
      vertex  7.249775e+001 -2.663223e+001 -6.607069e+001
    endloop
  endfacet
  facet normal -2.253759e-005 -7.549625e-001  6.557679e-001
    outer loop
      vertex  8.316035e+000 -2.694583e+001 -6.643393e+001
      vertex  1.000000e+001 -2.719072e+001 -6.671581e+001
      vertex  7.249775e+001 -2.663223e+001 -6.607069e+001
    endloop
  endfacet
  facet normal  8.324138e-008 -7.560480e-001  6.545162e-001
    outer loop
      vertex  7.249775e+001 -2.663223e+001 -6.607069e+001
      vertex  1.000000e+001 -2.719072e+001 -6.671581e+001
      vertex  7.000000e+001 -2.719072e+001 -6.671581e+001
    endloop
  endfacet
  facet normal  0.000000e+000 -9.738867e-001 -2.270344e-001
    outer loop
      vertex  5.000000e+000 -9.894605e+000  4.106029e+001
      vertex  5.000000e+000 -9.379159e+000  3.884923e+001
      vertex  7.500000e+001 -9.894605e+000  4.106029e+001
    endloop
  endfacet
  facet normal  0.000000e+000 -9.738867e-001 -2.270344e-001
    outer loop
      vertex  7.500000e+001 -9.894605e+000  4.106029e+001
      vertex  5.000000e+000 -9.379159e+000  3.884923e+001
      vertex  7.500000e+001 -9.379159e+000  3.884923e+001
    endloop
  endfacet
  facet normal -2.230136e-008 -7.784177e-001 -6.277466e-001
    outer loop
      vertex  7.500000e+001 -2.318374e+001  6.189521e+001
      vertex  7.464481e+001 -2.462183e+001  6.367847e+001
      vertex  5.000000e+000 -2.318374e+001  6.189521e+001
    endloop
  endfacet
  facet normal  5.480390e-004 -7.678503e-001 -6.406290e-001
    outer loop
      vertex  5.000000e+000 -2.318374e+001  6.189521e+001
      vertex  7.464481e+001 -2.462183e+001  6.367847e+001
      vertex  7.344503e+001 -2.604886e+001  6.538786e+001
    endloop
  endfacet
  facet normal -1.654274e-004 -7.747307e-001 -6.322914e-001
    outer loop
      vertex  5.000000e+000 -2.318374e+001  6.189521e+001
      vertex  7.344503e+001 -2.604886e+001  6.538786e+001
      vertex  6.078673e+000 -2.562388e+001  6.488477e+001
    endloop
  endfacet
  facet normal  7.221165e-005 -7.591325e-001 -6.509362e-001
    outer loop
      vertex  6.078673e+000 -2.562388e+001  6.488477e+001
      vertex  7.344503e+001 -2.604886e+001  6.538786e+001
      vertex  7.168397e+001 -2.694584e+001  6.643374e+001
    endloop
  endfacet
  facet normal -5.618868e-005 -7.618186e-001 -6.477904e-001
    outer loop
      vertex  6.078673e+000 -2.562388e+001  6.488477e+001
      vertex  7.168397e+001 -2.694584e+001  6.643374e+001
      vertex  7.502252e+000 -2.663224e+001  6.607050e+001
    endloop
  endfacet
  facet normal  2.236524e-005 -7.549708e-001 -6.557584e-001
    outer loop
      vertex  7.502252e+000 -2.663224e+001  6.607050e+001
      vertex  7.168397e+001 -2.694584e+001  6.643374e+001
      vertex  7.000000e+001 -2.719073e+001  6.671562e+001
    endloop
  endfacet
  facet normal  -0.000000e+000 -7.560440e-001 -6.545208e-001
    outer loop
      vertex  7.502252e+000 -2.663224e+001  6.607050e+001
      vertex  7.000000e+001 -2.719073e+001  6.671562e+001
      vertex  1.000000e+001 -2.719073e+001  6.671562e+001
    endloop
  endfacet
  facet normal  0.000000e+000 -8.431011e-001 -5.377551e-001
    outer loop
      vertex  7.500000e+001 -9.894605e+000  4.106029e+001
      vertex  7.500000e+001 -2.318374e+001  6.189521e+001
      vertex  5.000000e+000 -9.894605e+000  4.106029e+001
    endloop
  endfacet
  facet normal -1.764167e-008 -8.431012e-001 -5.377550e-001
    outer loop
      vertex  5.000000e+000 -9.894605e+000  4.106029e+001
      vertex  7.500000e+001 -2.318374e+001  6.189521e+001
      vertex  5.000000e+000 -2.318374e+001  6.189521e+001
    endloop
  endfacet
  facet normal -2.585685e-001  0.000000e+000  9.659929e-001
    outer loop
      vertex  1.000000e+001 -2.342065e+001  7.499991e+001
      vertex  1.000000e+001 -2.116858e+001  7.499991e+001
      vertex  5.004504e+000 -2.284186e+001  7.366276e+001
    endloop
  endfacet
  facet normal -1.986259e-001 -1.772891e-001  9.639068e-001
    outer loop
      vertex  5.004504e+000 -2.284186e+001  7.366276e+001
      vertex  1.000000e+001 -2.116858e+001  7.499991e+001
      vertex  6.567939e+000 -2.062585e+001  7.439251e+001
    endloop
  endfacet
  facet normal -4.670545e-001  3.860890e-002  8.833852e-001
    outer loop
      vertex  5.004504e+000 -2.284186e+001  7.366276e+001
      vertex  6.567939e+000 -2.062585e+001  7.439251e+001
      vertex  3.908194e+000 -1.934331e+001  7.293022e+001
    endloop
  endfacet
  facet normal -6.634926e-001 -5.162968e-002  7.463993e-001
    outer loop
      vertex  5.004504e+000 -2.284186e+001  7.366276e+001
      vertex  3.908194e+000 -1.934331e+001  7.293022e+001
      vertex  2.157346e+000 -2.179645e+001  7.120416e+001
    endloop
  endfacet
  facet normal -7.500141e-001  7.273570e-002  6.574104e-001
    outer loop
      vertex  2.157346e+000 -2.179645e+001  7.120416e+001
      vertex  3.908194e+000 -1.934331e+001  7.293022e+001
      vertex  9.024584e-001 -1.618249e+001  6.915138e+001
    endloop
  endfacet
  facet normal -9.518510e-001 -1.078349e-001  2.869694e-001
    outer loop
      vertex  2.157346e+000 -2.179645e+001  7.120416e+001
      vertex  9.024584e-001 -1.618249e+001  6.915138e+001
      vertex  0.000000e+000 -1.926442e+001  6.499991e+001
    endloop
  endfacet
  facet normal -9.771781e-001  0.000000e+000  2.124216e-001
    outer loop
      vertex  0.000000e+000 -1.926442e+001  6.499991e+001
      vertex  9.024584e-001 -1.618249e+001  6.915138e+001
      vertex  0.000000e+000 -1.295561e+001  6.499991e+001
    endloop
  endfacet
  facet normal  9.820799e-001  0.000000e+000  1.884649e-001
    outer loop
      vertex  8.000000e+001 -1.926442e+001  6.499991e+001
      vertex  8.000000e+001 -1.295561e+001  6.499991e+001
      vertex  7.928962e+001 -2.075706e+001  6.870166e+001
    endloop
  endfacet
  facet normal  9.036345e-001  1.136592e-001  4.129483e-001
    outer loop
      vertex  7.928962e+001 -2.075706e+001  6.870166e+001
      vertex  8.000000e+001 -1.295561e+001  6.499991e+001
      vertex  7.773711e+001 -1.798258e+001  7.133530e+001
    endloop
  endfacet
  facet normal  8.366545e-001 -4.962328e-002  5.454785e-001
    outer loop
      vertex  7.928962e+001 -2.075706e+001  6.870166e+001
      vertex  7.773711e+001 -1.798258e+001  7.133530e+001
      vertex  7.689006e+001 -2.223711e+001  7.224746e+001
    endloop
  endfacet
  facet normal  6.879395e-001  1.858713e-002  7.255300e-001
    outer loop
      vertex  7.689006e+001 -2.223711e+001  7.224746e+001
      vertex  7.773711e+001 -1.798258e+001  7.133530e+001
      vertex  7.609180e+001 -1.934331e+001  7.293022e+001
    endloop
  endfacet
  facet normal  5.334483e-001 -5.203550e-002  8.442305e-001
    outer loop
      vertex  7.689006e+001 -2.223711e+001  7.224746e+001
      vertex  7.609180e+001 -1.934331e+001  7.293022e+001
      vertex  7.336794e+001 -2.316688e+001  7.441570e+001
    endloop
  endfacet
  facet normal  3.610164e-001  1.029067e-001  9.268643e-001
    outer loop
      vertex  7.336794e+001 -2.316688e+001  7.441570e+001
      vertex  7.609180e+001 -1.934331e+001  7.293022e+001
      vertex  7.159399e+001 -2.105384e+001  7.487205e+001
    endloop
  endfacet
  facet normal  1.753018e-001 -6.499206e-002  9.823672e-001
    outer loop
      vertex  7.336794e+001 -2.316688e+001  7.441570e+001
      vertex  7.159399e+001 -2.105384e+001  7.487205e+001
      vertex  7.000000e+001 -2.342065e+001  7.499991e+001
    endloop
  endfacet
  facet normal  7.995742e-002  -0.000000e+000  9.967983e-001
    outer loop
      vertex  7.000000e+001 -2.342065e+001  7.499991e+001
      vertex  7.159399e+001 -2.105384e+001  7.487205e+001
      vertex  7.000000e+001 -2.116858e+001  7.499991e+001
    endloop
  endfacet
  facet normal  0.000000e+000  0.000000e+000  1.000000e+000
    outer loop
      vertex  7.000000e+001 -2.342065e+001  7.499991e+001
      vertex  7.000000e+001 -2.116858e+001  7.499991e+001
      vertex  1.000000e+001 -2.342065e+001  7.499991e+001
    endloop
  endfacet
  facet normal  0.000000e+000  0.000000e+000  1.000000e+000
    outer loop
      vertex  1.000000e+001 -2.342065e+001  7.499991e+001
      vertex  7.000000e+001 -2.116858e+001  7.499991e+001
      vertex  1.000000e+001 -2.116858e+001  7.499991e+001
    endloop
  endfacet
  facet normal -9.820799e-001  -0.000000e+000 -1.884651e-001
    outer loop
      vertex  0.000000e+000 -1.926441e+001 -6.500009e+001
      vertex  0.000000e+000 -1.295503e+001 -6.500009e+001
      vertex  7.103812e-001 -2.075706e+001 -6.870184e+001
    endloop
  endfacet
  facet normal -9.036249e-001  1.136615e-001 -4.129687e-001
    outer loop
      vertex  7.103812e-001 -2.075706e+001 -6.870184e+001
      vertex  0.000000e+000 -1.295503e+001 -6.500009e+001
      vertex  2.263099e+000 -1.798252e+001 -7.133574e+001
    endloop
  endfacet
  facet normal -8.366537e-001 -4.961266e-002 -5.454808e-001
    outer loop
      vertex  7.103812e-001 -2.075706e+001 -6.870184e+001
      vertex  2.263099e+000 -1.798252e+001 -7.133574e+001
      vertex  3.109939e+000 -2.223710e+001 -7.224765e+001
    endloop
  endfacet
  facet normal -6.879169e-001  1.858782e-002 -7.255515e-001
    outer loop
      vertex  3.109939e+000 -2.223710e+001 -7.224765e+001
      vertex  2.263099e+000 -1.798252e+001 -7.133574e+001
      vertex  3.908438e+000 -1.934330e+001 -7.293060e+001
    endloop
  endfacet
  facet normal -5.334478e-001 -5.204416e-002 -8.442303e-001
    outer loop
      vertex  3.109939e+000 -2.223710e+001 -7.224765e+001
      vertex  3.908438e+000 -1.934330e+001 -7.293060e+001
      vertex  6.632070e+000 -2.316687e+001 -7.441588e+001
    endloop
  endfacet
  facet normal -3.609996e-001  1.028979e-001 -9.268718e-001
    outer loop
      vertex  6.632070e+000 -2.316687e+001 -7.441588e+001
      vertex  3.908438e+000 -1.934330e+001 -7.293060e+001
      vertex  8.406092e+000 -2.105383e+001 -7.487225e+001
    endloop
  endfacet
  facet normal -1.753021e-001 -6.499209e-002 -9.823671e-001
    outer loop
      vertex  6.632070e+000 -2.316687e+001 -7.441588e+001
      vertex  8.406092e+000 -2.105383e+001 -7.487225e+001
      vertex  1.000000e+001 -2.342064e+001 -7.500009e+001
    endloop
  endfacet
  facet normal -7.995221e-002  0.000000e+000 -9.967987e-001
    outer loop
      vertex  1.000000e+001 -2.342064e+001 -7.500009e+001
      vertex  8.406092e+000 -2.105383e+001 -7.487225e+001
      vertex  1.000000e+001 -2.116857e+001 -7.500009e+001
    endloop
  endfacet
  facet normal  2.585670e-001  0.000000e+000 -9.659933e-001
    outer loop
      vertex  7.000000e+001 -2.342064e+001 -7.500009e+001
      vertex  7.000000e+001 -2.116857e+001 -7.500009e+001
      vertex  7.499550e+001 -2.284185e+001 -7.366295e+001
    endloop
  endfacet
  facet normal  1.986184e-001 -1.773048e-001 -9.639055e-001
    outer loop
      vertex  7.499550e+001 -2.284185e+001 -7.366295e+001
      vertex  7.000000e+001 -2.116857e+001 -7.500009e+001
      vertex  7.343188e+001 -2.062585e+001 -7.439276e+001
    endloop
  endfacet
  facet normal  4.670343e-001  3.860446e-002 -8.833961e-001
    outer loop
      vertex  7.499550e+001 -2.284185e+001 -7.366295e+001
      vertex  7.343188e+001 -2.062585e+001 -7.439276e+001
      vertex  7.609156e+001 -1.934330e+001 -7.293060e+001
    endloop
  endfacet
  facet normal  6.634930e-001 -5.162175e-002 -7.463995e-001
    outer loop
      vertex  7.499550e+001 -2.284185e+001 -7.366295e+001
      vertex  7.609156e+001 -1.934330e+001 -7.293060e+001
      vertex  7.784265e+001 -2.179644e+001 -7.120435e+001
    endloop
  endfacet
  facet normal  7.499961e-001  7.273163e-002 -6.574314e-001
    outer loop
      vertex  7.784265e+001 -2.179644e+001 -7.120435e+001
      vertex  7.609156e+001 -1.934330e+001 -7.293060e+001
      vertex  7.909744e+001 -1.618227e+001 -6.915179e+001
    endloop
  endfacet
  facet normal  9.518506e-001 -1.078238e-001 -2.869745e-001
    outer loop
      vertex  7.784265e+001 -2.179644e+001 -7.120435e+001
      vertex  7.909744e+001 -1.618227e+001 -6.915179e+001
      vertex  8.000000e+001 -1.926443e+001 -6.500009e+001
    endloop
  endfacet
  facet normal  9.771757e-001  0.000000e+000 -2.124330e-001
    outer loop
      vertex  8.000000e+001 -1.926443e+001 -6.500009e+001
      vertex  7.909744e+001 -1.618227e+001 -6.915179e+001
      vertex  8.000000e+001 -1.295503e+001 -6.500009e+001
    endloop
  endfacet
  facet normal  0.000000e+000  0.000000e+000 -1.000000e+000
    outer loop
      vertex  7.000000e+001 -2.342064e+001 -7.500009e+001
      vertex  1.000000e+001 -2.342064e+001 -7.500009e+001
      vertex  7.000000e+001 -2.116857e+001 -7.500009e+001
    endloop
  endfacet
  facet normal  -0.000000e+000  0.000000e+000 -1.000000e+000
    outer loop
      vertex  7.000000e+001 -2.116857e+001 -7.500009e+001
      vertex  1.000000e+001 -2.342064e+001 -7.500009e+001
      vertex  1.000000e+001 -2.116857e+001 -7.500009e+001
    endloop
  endfacet
  facet normal -6.970174e-001 -6.508916e-001 -3.008437e-001
    outer loop
      vertex  2.501349e+000 -2.528811e+001  6.799700e+001
      vertex  6.698730e-001 -2.122408e+001  6.344755e+001
      vertex  2.500000e+000 -2.265865e+001  6.231115e+001
    endloop
  endfacet
  facet normal -6.026476e-001 -7.753463e-001  1.888227e-001
    outer loop
      vertex  5.497728e+000 -2.740071e+001  6.888550e+001
      vertex  4.498103e+000 -2.588376e+001  7.192400e+001
      vertex  2.501349e+000 -2.528811e+001  6.799700e+001
    endloop
  endfacet
  facet normal -2.618451e-001 -8.673559e-001 -4.232384e-001
    outer loop
      vertex  5.497728e+000 -2.740071e+001  6.888550e+001
      vertex  6.078673e+000 -2.562388e+001  6.488477e+001
      vertex  7.502252e+000 -2.663224e+001  6.607050e+001
    endloop
  endfacet
  facet normal -2.799081e-001 -3.571996e-001  8.911004e-001
    outer loop
      vertex  1.000000e+001 -2.342065e+001  7.499991e+001
      vertex  5.004504e+000 -2.284186e+001  7.366276e+001
      vertex  1.000000e+001 -2.687423e+001  7.361553e+001
    endloop
  endfacet
  facet normal -3.350400e-001 -4.249123e-001  8.409505e-001
    outer loop
      vertex  1.000000e+001 -2.687423e+001  7.361553e+001
      vertex  5.004504e+000 -2.284186e+001  7.366276e+001
      vertex  4.498103e+000 -2.588376e+001  7.192400e+001
    endloop
  endfacet
  facet normal -2.795883e-001 -8.738824e-001  3.976933e-001
    outer loop
      vertex  1.000000e+001 -2.687423e+001  7.361553e+001
      vertex  4.498103e+000 -2.588376e+001  7.192400e+001
      vertex  1.000000e+001 -2.841540e+001  7.022901e+001
    endloop
  endfacet
  facet normal -3.029585e-001 -8.887413e-001  3.440277e-001
    outer loop
      vertex  1.000000e+001 -2.841540e+001  7.022901e+001
      vertex  4.498103e+000 -2.588376e+001  7.192400e+001
      vertex  5.497728e+000 -2.740071e+001  6.888550e+001
    endloop
  endfacet
  facet normal -1.138486e-001 -9.381384e-001 -3.270091e-001
    outer loop
      vertex  1.000000e+001 -2.841540e+001  7.022901e+001
      vertex  5.497728e+000 -2.740071e+001  6.888550e+001
      vertex  1.000000e+001 -2.719073e+001  6.671562e+001
    endloop
  endfacet
  facet normal -1.205797e-001 -9.325060e-001 -3.404306e-001
    outer loop
      vertex  1.000000e+001 -2.719073e+001  6.671562e+001
      vertex  5.497728e+000 -2.740071e+001  6.888550e+001
      vertex  7.502252e+000 -2.663224e+001  6.607050e+001
    endloop
  endfacet
  facet normal -8.971744e-001 -4.185088e-001  1.411676e-001
    outer loop
      vertex  0.000000e+000 -1.926442e+001  6.499991e+001
      vertex  6.698730e-001 -2.122408e+001  6.344755e+001
      vertex  2.157346e+000 -2.179645e+001  7.120416e+001
    endloop
  endfacet
  facet normal -9.551911e-001 -2.457035e-001  1.650448e-001
    outer loop
      vertex  2.157346e+000 -2.179645e+001  7.120416e+001
      vertex  6.698730e-001 -2.122408e+001  6.344755e+001
      vertex  2.501349e+000 -2.528811e+001  6.799700e+001
    endloop
  endfacet
  facet normal -6.533296e-001 -5.460415e-001  5.244035e-001
    outer loop
      vertex  2.157346e+000 -2.179645e+001  7.120416e+001
      vertex  2.501349e+000 -2.528811e+001  6.799700e+001
      vertex  5.004504e+000 -2.284186e+001  7.366276e+001
    endloop
  endfacet
  facet normal -8.929032e-001 -1.020225e-001  4.385377e-001
    outer loop
      vertex  5.004504e+000 -2.284186e+001  7.366276e+001
      vertex  2.501349e+000 -2.528811e+001  6.799700e+001
      vertex  4.498103e+000 -2.588376e+001  7.192400e+001
    endloop
  endfacet
  facet normal -2.520573e-001 -8.783591e-001 -4.061431e-001
    outer loop
      vertex  2.500000e+000 -2.265865e+001  6.231115e+001
      vertex  5.000000e+000 -2.318374e+001  6.189521e+001
      vertex  2.501349e+000 -2.528811e+001  6.799700e+001
    endloop
  endfacet
  facet normal -4.653498e-001 -7.605147e-001 -4.528433e-001
    outer loop
      vertex  2.501349e+000 -2.528811e+001  6.799700e+001
      vertex  5.000000e+000 -2.318374e+001  6.189521e+001
      vertex  6.078673e+000 -2.562388e+001  6.488477e+001
    endloop
  endfacet
  facet normal -4.377681e-001 -7.963955e-001 -4.172688e-001
    outer loop
      vertex  2.501349e+000 -2.528811e+001  6.799700e+001
      vertex  6.078673e+000 -2.562388e+001  6.488477e+001
      vertex  5.497728e+000 -2.740071e+001  6.888550e+001
    endloop
  endfacet
  facet normal -7.048922e-001 -6.016639e-001 -3.756694e-001
    outer loop
      vertex  2.500000e+000 -2.265865e+001  6.231115e+001
      vertex  6.698730e-001 -2.122408e+001  6.344755e+001
      vertex  1.464466e+000 -8.581109e+000  4.170789e+001
    endloop
  endfacet
  facet normal -9.659060e-001 -2.068958e-001 -1.556271e-001
    outer loop
      vertex  1.464466e+000 -8.581109e+000  4.170789e+001
      vertex  6.698730e-001 -2.122408e+001  6.344755e+001
      vertex  0.000000e+000 -1.926442e+001  6.499991e+001
    endloop
  endfacet
  facet normal -9.230621e-001 -3.243318e-001 -2.067975e-001
    outer loop
      vertex  1.464466e+000 -8.581109e+000  4.170789e+001
      vertex  0.000000e+000 -1.926442e+001  6.499991e+001
      vertex  0.000000e+000 -5.410051e+000  4.327134e+001
    endloop
  endfacet
  facet normal -2.580116e-001 -8.037057e-001 -5.361784e-001
    outer loop
      vertex  2.500000e+000 -2.265865e+001  6.231115e+001
      vertex  1.464466e+000 -8.581109e+000  4.170789e+001
      vertex  5.000000e+000 -2.318374e+001  6.189521e+001
    endloop
  endfacet
  facet normal -3.807169e-001 -7.796086e-001 -4.972576e-001
    outer loop
      vertex  5.000000e+000 -2.318374e+001  6.189521e+001
      vertex  1.464466e+000 -8.581109e+000  4.170789e+001
      vertex  5.000000e+000 -9.894605e+000  4.106029e+001
    endloop
  endfacet
  facet normal -9.202248e-001 -3.811696e-001 -8.885903e-002
    outer loop
      vertex  0.000000e+000 -5.410051e+000  4.327134e+001
      vertex  0.000000e+000 -4.379159e+000  3.884923e+001
      vertex  1.464466e+000 -8.581109e+000  4.170789e+001
    endloop
  endfacet
  facet normal -9.202248e-001 -3.811696e-001 -8.885898e-002
    outer loop
      vertex  1.464466e+000 -8.581109e+000  4.170789e+001
      vertex  0.000000e+000 -4.379159e+000  3.884923e+001
      vertex  1.464466e+000 -7.914693e+000  3.884923e+001
    endloop
  endfacet
  facet normal -3.741049e-001 -9.031693e-001 -2.105485e-001
    outer loop
      vertex  1.464466e+000 -8.581109e+000  4.170789e+001
      vertex  1.464466e+000 -7.914693e+000  3.884923e+001
      vertex  5.000000e+000 -9.894605e+000  4.106029e+001
    endloop
  endfacet
  facet normal -3.741048e-001 -9.031693e-001 -2.105486e-001
    outer loop
      vertex  5.000000e+000 -9.894605e+000  4.106029e+001
      vertex  1.464466e+000 -7.914693e+000  3.884923e+001
      vertex  5.000000e+000 -9.379159e+000  3.884923e+001
    endloop
  endfacet
  facet normal -9.202250e-001 -3.811696e-001  8.885786e-002
    outer loop
      vertex  0.000000e+000 -4.379159e+000 -3.884944e+001
      vertex  0.000000e+000 -5.410035e+000 -4.327154e+001
      vertex  1.464466e+000 -7.914693e+000 -3.884944e+001
    endloop
  endfacet
  facet normal -9.596668e-001 -1.803736e-001  2.156499e-001
    outer loop
      vertex  1.464466e+000 -7.914693e+000 -3.884944e+001
      vertex  0.000000e+000 -5.410035e+000 -4.327154e+001
      vertex  6.698730e-001 -7.652321e+000 -4.216602e+001
    endloop
  endfacet
  facet normal -6.899443e-001 -7.156569e-001  1.086832e-001
    outer loop
      vertex  1.464466e+000 -7.914693e+000 -3.884944e+001
      vertex  6.698730e-001 -7.652321e+000 -4.216602e+001
      vertex  2.500000e+000 -9.293789e+000 -4.135672e+001
    endloop
  endfacet
  facet normal -2.584896e-001 -8.875281e-001  3.814146e-001
    outer loop
      vertex  2.500000e+000 -9.293789e+000 -4.135672e+001
      vertex  5.000000e+000 -9.894606e+000 -4.106050e+001
      vertex  1.464466e+000 -7.914693e+000 -3.884944e+001
    endloop
  endfacet
  facet normal -3.741048e-001 -9.031692e-001  2.105490e-001
    outer loop
      vertex  1.464466e+000 -7.914693e+000 -3.884944e+001
      vertex  5.000000e+000 -9.894606e+000 -4.106050e+001
      vertex  5.000000e+000 -9.379159e+000 -3.884944e+001
    endloop
  endfacet
  facet normal -9.655845e-001 -2.193035e-001  1.398305e-001
    outer loop
      vertex  6.698745e-001 -2.122406e+001 -6.344776e+001
      vertex  0.000000e+000 -5.410035e+000 -4.327154e+001
      vertex  0.000000e+000 -1.926441e+001 -6.500009e+001
    endloop
  endfacet
  facet normal -9.655342e-001 -2.194504e-001  1.399472e-001
    outer loop
      vertex  0.000000e+000 -5.410035e+000 -4.327154e+001
      vertex  6.698745e-001 -2.122406e+001 -6.344776e+001
      vertex  6.698730e-001 -7.652321e+000 -4.216602e+001
    endloop
  endfacet
  facet normal -7.052533e-001 -5.977517e-001  3.811965e-001
    outer loop
      vertex  6.698730e-001 -7.652321e+000 -4.216602e+001
      vertex  6.698745e-001 -2.122406e+001 -6.344776e+001
      vertex  2.500001e+000 -2.265862e+001 -6.231136e+001
    endloop
  endfacet
  facet normal -7.049737e-001 -5.979642e-001  3.813803e-001
    outer loop
      vertex  6.698730e-001 -7.652321e+000 -4.216602e+001
      vertex  2.500001e+000 -2.265862e+001 -6.231136e+001
      vertex  2.500000e+000 -9.293789e+000 -4.135672e+001
    endloop
  endfacet
  facet normal -2.575695e-001 -8.146665e-001  5.195926e-001
    outer loop
      vertex  2.500000e+000 -9.293789e+000 -4.135672e+001
      vertex  2.500001e+000 -2.265862e+001 -6.231136e+001
      vertex  5.000000e+000 -2.318373e+001 -6.189540e+001
    endloop
  endfacet
  facet normal -2.573655e-001 -8.147005e-001  5.196404e-001
    outer loop
      vertex  2.500000e+000 -9.293789e+000 -4.135672e+001
      vertex  5.000000e+000 -2.318373e+001 -6.189540e+001
      vertex  5.000000e+000 -9.894606e+000 -4.106050e+001
    endloop
  endfacet
  facet normal -7.058184e-001 -5.907340e-001  3.909652e-001
    outer loop
      vertex  6.698745e-001 -2.122406e+001 -6.344776e+001
      vertex  1.600423e+000 -2.388126e+001 -6.578275e+001
      vertex  2.500001e+000 -2.265862e+001 -6.231136e+001
    endloop
  endfacet
  facet normal -8.480415e-001 -2.209772e-001 -4.816584e-001
    outer loop
      vertex  7.103812e-001 -2.075706e+001 -6.870184e+001
      vertex  3.109939e+000 -2.223710e+001 -7.224765e+001
      vertex  2.730567e+000 -2.497213e+001 -7.032491e+001
    endloop
  endfacet
  facet normal -7.271930e-001 -6.862437e-001 -1.612147e-002
    outer loop
      vertex  2.730567e+000 -2.497213e+001 -7.032491e+001
      vertex  4.083070e+000 -2.646861e+001 -6.763187e+001
      vertex  1.600423e+000 -2.388126e+001 -6.578275e+001
    endloop
  endfacet
  facet normal -2.963704e-001 -8.251870e-001  4.808651e-001
    outer loop
      vertex  5.355191e+000 -2.462183e+001 -6.367866e+001
      vertex  4.083070e+000 -2.646861e+001 -6.763187e+001
      vertex  6.554969e+000 -2.604885e+001 -6.538805e+001
    endloop
  endfacet
  facet normal -9.450788e-001 -3.268081e-001 -4.731040e-003
    outer loop
      vertex  6.698745e-001 -2.122406e+001 -6.344776e+001
      vertex  0.000000e+000 -1.926441e+001 -6.500009e+001
      vertex  1.600423e+000 -2.388126e+001 -6.578275e+001
    endloop
  endfacet
  facet normal -9.462598e-001 -3.190444e-001 -5.294390e-002
    outer loop
      vertex  1.600423e+000 -2.388126e+001 -6.578275e+001
      vertex  0.000000e+000 -1.926441e+001 -6.500009e+001
      vertex  7.103812e-001 -2.075706e+001 -6.870184e+001
    endloop
  endfacet
  facet normal -9.127758e-001 -3.856884e-001 -1.344801e-001
    outer loop
      vertex  1.600423e+000 -2.388126e+001 -6.578275e+001
      vertex  7.103812e-001 -2.075706e+001 -6.870184e+001
      vertex  2.730567e+000 -2.497213e+001 -7.032491e+001
    endloop
  endfacet
  facet normal -2.586999e-001 -7.764488e-001  5.746318e-001
    outer loop
      vertex  5.000000e+000 -2.318373e+001 -6.189540e+001
      vertex  2.500001e+000 -2.265862e+001 -6.231136e+001
      vertex  5.355191e+000 -2.462183e+001 -6.367866e+001
    endloop
  endfacet
  facet normal -3.852706e-001 -8.345691e-001  3.937778e-001
    outer loop
      vertex  5.355191e+000 -2.462183e+001 -6.367866e+001
      vertex  2.500001e+000 -2.265862e+001 -6.231136e+001
      vertex  1.600423e+000 -2.388126e+001 -6.578275e+001
    endloop
  endfacet
  facet normal -4.254335e-001 -7.596955e-001  4.918019e-001
    outer loop
      vertex  5.355191e+000 -2.462183e+001 -6.367866e+001
      vertex  1.600423e+000 -2.388126e+001 -6.578275e+001
      vertex  4.083070e+000 -2.646861e+001 -6.763187e+001
    endloop
  endfacet
  facet normal -1.858064e-001 -4.054393e-001 -8.950390e-001
    outer loop
      vertex  6.632070e+000 -2.316687e+001 -7.441588e+001
      vertex  1.000000e+001 -2.342064e+001 -7.500009e+001
      vertex  6.184110e+000 -2.642121e+001 -7.284872e+001
    endloop
  endfacet
  facet normal -2.248358e-001 -3.625445e-001 -9.044392e-001
    outer loop
      vertex  6.184110e+000 -2.642121e+001 -7.284872e+001
      vertex  1.000000e+001 -2.342064e+001 -7.500009e+001
      vertex  1.000000e+001 -2.687423e+001 -7.361572e+001
    endloop
  endfacet
  facet normal -1.852210e-001 -9.027239e-001 -3.883075e-001
    outer loop
      vertex  6.184110e+000 -2.642121e+001 -7.284872e+001
      vertex  1.000000e+001 -2.687423e+001 -7.361572e+001
      vertex  6.865849e+000 -2.795109e+001 -6.961729e+001
    endloop
  endfacet
  facet normal -2.108568e-001 -8.897170e-001 -4.048990e-001
    outer loop
      vertex  6.865849e+000 -2.795109e+001 -6.961729e+001
      vertex  1.000000e+001 -2.687423e+001 -7.361572e+001
      vertex  1.000000e+001 -2.841539e+001 -7.022919e+001
    endloop
  endfacet
  facet normal -7.471194e-002 -9.406419e-001  3.310756e-001
    outer loop
      vertex  6.865849e+000 -2.795109e+001 -6.961729e+001
      vertex  1.000000e+001 -2.841539e+001 -7.022919e+001
      vertex  8.316035e+000 -2.694583e+001 -6.643393e+001
    endloop
  endfacet
  facet normal -8.194911e-002 -9.411017e-001  3.280425e-001
    outer loop
      vertex  8.316035e+000 -2.694583e+001 -6.643393e+001
      vertex  1.000000e+001 -2.841539e+001 -7.022919e+001
      vertex  1.000000e+001 -2.719072e+001 -6.671581e+001
    endloop
  endfacet
  facet normal -5.531418e-001 -4.264069e-001 -7.156894e-001
    outer loop
      vertex  3.109939e+000 -2.223710e+001 -7.224765e+001
      vertex  6.632070e+000 -2.316687e+001 -7.441588e+001
      vertex  2.730567e+000 -2.497213e+001 -7.032491e+001
    endloop
  endfacet
  facet normal -6.385480e-001 -2.607787e-001 -7.240517e-001
    outer loop
      vertex  2.730567e+000 -2.497213e+001 -7.032491e+001
      vertex  6.632070e+000 -2.316687e+001 -7.441588e+001
      vertex  6.184110e+000 -2.642121e+001 -7.284872e+001
    endloop
  endfacet
  facet normal -5.053560e-001 -8.366838e-001 -2.111293e-001
    outer loop
      vertex  2.730567e+000 -2.497213e+001 -7.032491e+001
      vertex  6.184110e+000 -2.642121e+001 -7.284872e+001
      vertex  4.083070e+000 -2.646861e+001 -6.763187e+001
    endloop
  endfacet
  facet normal -5.853279e-001 -7.736000e-001 -2.427641e-001
    outer loop
      vertex  4.083070e+000 -2.646861e+001 -6.763187e+001
      vertex  6.184110e+000 -2.642121e+001 -7.284872e+001
      vertex  6.865849e+000 -2.795109e+001 -6.961729e+001
    endloop
  endfacet
  facet normal -2.009375e-001 -8.988361e-001  3.895095e-001
    outer loop
      vertex  4.083070e+000 -2.646861e+001 -6.763187e+001
      vertex  6.865849e+000 -2.795109e+001 -6.961729e+001
      vertex  6.554969e+000 -2.604885e+001 -6.538805e+001
    endloop
  endfacet
  facet normal -2.265301e-001 -8.944094e-001  3.856371e-001
    outer loop
      vertex  6.554969e+000 -2.604885e+001 -6.538805e+001
      vertex  6.865849e+000 -2.795109e+001 -6.961729e+001
      vertex  8.316035e+000 -2.694583e+001 -6.643393e+001
    endloop
  endfacet
  facet normal  4.185354e-008 -9.442778e-001  3.291496e-001
    outer loop
      vertex  7.000000e+001 -2.719072e+001 -6.671581e+001
      vertex  1.000000e+001 -2.719072e+001 -6.671581e+001
      vertex  7.000000e+001 -2.841539e+001 -7.022920e+001
    endloop
  endfacet
  facet normal  4.185354e-008 -9.442778e-001  3.291496e-001
    outer loop
      vertex  7.000000e+001 -2.841539e+001 -7.022920e+001
      vertex  1.000000e+001 -2.719072e+001 -6.671581e+001
      vertex  1.000000e+001 -2.841539e+001 -7.022919e+001
    endloop
  endfacet
  facet normal -5.266984e-008 -9.101802e-001 -4.142125e-001
    outer loop
      vertex  7.000000e+001 -2.841539e+001 -7.022920e+001
      vertex  1.000000e+001 -2.841539e+001 -7.022919e+001
      vertex  7.000000e+001 -2.687423e+001 -7.361572e+001
    endloop
  endfacet
  facet normal  -0.000000e+000 -9.101806e-001 -4.142117e-001
    outer loop
      vertex  7.000000e+001 -2.687423e+001 -7.361572e+001
      vertex  1.000000e+001 -2.841539e+001 -7.022919e+001
      vertex  1.000000e+001 -2.687423e+001 -7.361572e+001
    endloop
  endfacet
  facet normal  0.000000e+000 -3.720708e-001 -9.282044e-001
    outer loop
      vertex  7.000000e+001 -2.687423e+001 -7.361572e+001
      vertex  1.000000e+001 -2.687423e+001 -7.361572e+001
      vertex  7.000000e+001 -2.342064e+001 -7.500009e+001
    endloop
  endfacet
  facet normal  -0.000000e+000 -3.720708e-001 -9.282044e-001
    outer loop
      vertex  7.000000e+001 -2.342064e+001 -7.500009e+001
      vertex  1.000000e+001 -2.687423e+001 -7.361572e+001
      vertex  1.000000e+001 -2.342064e+001 -7.500009e+001
    endloop
  endfacet
  facet normal  6.970156e-001 -6.508928e-001  3.008451e-001
    outer loop
      vertex  7.749865e+001 -2.528811e+001 -6.799718e+001
      vertex  7.933012e+001 -2.122408e+001 -6.344775e+001
      vertex  7.750000e+001 -2.265865e+001 -6.231135e+001
    endloop
  endfacet
  facet normal  6.026480e-001 -7.753460e-001 -1.888223e-001
    outer loop
      vertex  7.550190e+001 -2.588375e+001 -7.192419e+001
      vertex  7.749865e+001 -2.528811e+001 -6.799718e+001
      vertex  7.450227e+001 -2.740070e+001 -6.888568e+001
    endloop
  endfacet
  facet normal  2.618453e-001 -8.673558e-001  4.232386e-001
    outer loop
      vertex  7.450227e+001 -2.740070e+001 -6.888568e+001
      vertex  7.392133e+001 -2.562387e+001 -6.488496e+001
      vertex  7.249775e+001 -2.663223e+001 -6.607069e+001
    endloop
  endfacet
  facet normal  2.799065e-001 -3.571981e-001 -8.911015e-001
    outer loop
      vertex  7.000000e+001 -2.342064e+001 -7.500009e+001
      vertex  7.499550e+001 -2.284185e+001 -7.366295e+001
      vertex  7.000000e+001 -2.687423e+001 -7.361572e+001
    endloop
  endfacet
  facet normal  3.350410e-001 -4.249139e-001 -8.409494e-001
    outer loop
      vertex  7.000000e+001 -2.687423e+001 -7.361572e+001
      vertex  7.499550e+001 -2.284185e+001 -7.366295e+001
      vertex  7.550190e+001 -2.588375e+001 -7.192419e+001
    endloop
  endfacet
  facet normal  2.795888e-001 -8.738821e-001 -3.976936e-001
    outer loop
      vertex  7.000000e+001 -2.687423e+001 -7.361572e+001
      vertex  7.550190e+001 -2.588375e+001 -7.192419e+001
      vertex  7.000000e+001 -2.841539e+001 -7.022920e+001
    endloop
  endfacet
  facet normal  3.029591e-001 -8.887412e-001 -3.440273e-001
    outer loop
      vertex  7.000000e+001 -2.841539e+001 -7.022920e+001
      vertex  7.550190e+001 -2.588375e+001 -7.192419e+001
      vertex  7.450227e+001 -2.740070e+001 -6.888568e+001
    endloop
  endfacet
  facet normal  1.138482e-001 -9.381383e-001  3.270096e-001
    outer loop
      vertex  7.000000e+001 -2.841539e+001 -7.022920e+001
      vertex  7.450227e+001 -2.740070e+001 -6.888568e+001
      vertex  7.000000e+001 -2.719072e+001 -6.671581e+001
    endloop
  endfacet
  facet normal  1.205788e-001 -9.325063e-001  3.404301e-001
    outer loop
      vertex  7.000000e+001 -2.719072e+001 -6.671581e+001
      vertex  7.450227e+001 -2.740070e+001 -6.888568e+001
      vertex  7.249775e+001 -2.663223e+001 -6.607069e+001
    endloop
  endfacet
  facet normal  8.971732e-001 -4.185115e-001 -1.411678e-001
    outer loop
      vertex  8.000000e+001 -1.926443e+001 -6.500009e+001
      vertex  7.933012e+001 -2.122408e+001 -6.344775e+001
      vertex  7.784265e+001 -2.179644e+001 -7.120435e+001
    endloop
  endfacet
  facet normal  9.551910e-001 -2.457035e-001 -1.650453e-001
    outer loop
      vertex  7.784265e+001 -2.179644e+001 -7.120435e+001
      vertex  7.933012e+001 -2.122408e+001 -6.344775e+001
      vertex  7.749865e+001 -2.528811e+001 -6.799718e+001
    endloop
  endfacet
  facet normal  6.533313e-001 -5.460405e-001 -5.244025e-001
    outer loop
      vertex  7.784265e+001 -2.179644e+001 -7.120435e+001
      vertex  7.749865e+001 -2.528811e+001 -6.799718e+001
      vertex  7.499550e+001 -2.284185e+001 -7.366295e+001
    endloop
  endfacet
  facet normal  8.929036e-001 -1.020231e-001 -4.385369e-001
    outer loop
      vertex  7.499550e+001 -2.284185e+001 -7.366295e+001
      vertex  7.749865e+001 -2.528811e+001 -6.799718e+001
      vertex  7.550190e+001 -2.588375e+001 -7.192419e+001
    endloop
  endfacet
  facet normal  2.520596e-001 -8.783582e-001  4.061440e-001
    outer loop
      vertex  7.750000e+001 -2.265865e+001 -6.231135e+001
      vertex  7.500000e+001 -2.318373e+001 -6.189540e+001
      vertex  7.749865e+001 -2.528811e+001 -6.799718e+001
    endloop
  endfacet
  facet normal  4.653498e-001 -7.605144e-001  4.528435e-001
    outer loop
      vertex  7.749865e+001 -2.528811e+001 -6.799718e+001
      vertex  7.500000e+001 -2.318373e+001 -6.189540e+001
      vertex  7.392133e+001 -2.562387e+001 -6.488496e+001
    endloop
  endfacet
  facet normal  4.377683e-001 -7.963953e-001  4.172691e-001
    outer loop
      vertex  7.749865e+001 -2.528811e+001 -6.799718e+001
      vertex  7.392133e+001 -2.562387e+001 -6.488496e+001
      vertex  7.450227e+001 -2.740070e+001 -6.888568e+001
    endloop
  endfacet
  facet normal  9.655846e-001 -2.193029e-001  1.398303e-001
    outer loop
      vertex  8.000000e+001 -1.926443e+001 -6.500009e+001
      vertex  8.000000e+001 -5.410052e+000 -4.327156e+001
      vertex  7.933012e+001 -2.122408e+001 -6.344775e+001
    endloop
  endfacet
  facet normal  9.224558e-001 -3.181596e-001  2.187458e-001
    outer loop
      vertex  7.933012e+001 -2.122408e+001 -6.344775e+001
      vertex  8.000000e+001 -5.410052e+000 -4.327156e+001
      vertex  7.853554e+001 -8.581110e+000 -4.170810e+001
    endloop
  endfacet
  facet normal  7.048903e-001 -6.016656e-001  3.756703e-001
    outer loop
      vertex  7.933012e+001 -2.122408e+001 -6.344775e+001
      vertex  7.853554e+001 -8.581110e+000 -4.170810e+001
      vertex  7.750000e+001 -2.265865e+001 -6.231135e+001
    endloop
  endfacet
  facet normal  2.575591e-001 -8.146569e-001  5.196127e-001
    outer loop
      vertex  7.500000e+001 -2.318373e+001 -6.189540e+001
      vertex  7.750000e+001 -2.265865e+001 -6.231135e+001
      vertex  7.500000e+001 -9.894606e+000 -4.106050e+001
    endloop
  endfacet
  facet normal  3.801595e-001 -7.724684e-001  5.086957e-001
    outer loop
      vertex  7.500000e+001 -9.894606e+000 -4.106050e+001
      vertex  7.750000e+001 -2.265865e+001 -6.231135e+001
      vertex  7.853554e+001 -8.581110e+000 -4.170810e+001
    endloop
  endfacet
  facet normal  3.741044e-001 -9.031693e-001  2.105490e-001
    outer loop
      vertex  7.500000e+001 -9.379159e+000 -3.884944e+001
      vertex  7.500000e+001 -9.894606e+000 -4.106050e+001
      vertex  7.853554e+001 -7.914693e+000 -3.884944e+001
    endloop
  endfacet
  facet normal  3.741047e-001 -9.031694e-001  2.105485e-001
    outer loop
      vertex  7.853554e+001 -7.914693e+000 -3.884944e+001
      vertex  7.500000e+001 -9.894606e+000 -4.106050e+001
      vertex  7.853554e+001 -8.581110e+000 -4.170810e+001
    endloop
  endfacet
  facet normal  9.202252e-001 -3.811688e-001  8.885878e-002
    outer loop
      vertex  7.853554e+001 -7.914693e+000 -3.884944e+001
      vertex  7.853554e+001 -8.581110e+000 -4.170810e+001
      vertex  8.000000e+001 -4.379159e+000 -3.884944e+001
    endloop
  endfacet
  facet normal  9.202252e-001 -3.811688e-001  8.885884e-002
    outer loop
      vertex  8.000000e+001 -4.379159e+000 -3.884944e+001
      vertex  7.853554e+001 -8.581110e+000 -4.170810e+001
      vertex  8.000000e+001 -5.410052e+000 -4.327156e+001
    endloop
  endfacet
  facet normal  3.826829e-001 -9.238796e-001  0.000000e+000
    outer loop
      vertex  7.500000e+001 -9.379159e+000  3.884923e+001
      vertex  7.500000e+001 -9.379159e+000 -3.884944e+001
      vertex  7.853554e+001 -7.914693e+000  3.884923e+001
    endloop
  endfacet
  facet normal  3.826829e-001 -9.238796e-001  0.000000e+000
    outer loop
      vertex  7.853554e+001 -7.914693e+000  3.884923e+001
      vertex  7.500000e+001 -9.379159e+000 -3.884944e+001
      vertex  7.853554e+001 -7.914693e+000 -3.884944e+001
    endloop
  endfacet
  facet normal  9.238799e-001 -3.826826e-001  0.000000e+000
    outer loop
      vertex  7.853554e+001 -7.914693e+000  3.884923e+001
      vertex  7.853554e+001 -7.914693e+000 -3.884944e+001
      vertex  8.000000e+001 -4.379159e+000  3.884923e+001
    endloop
  endfacet
  facet normal  9.238799e-001 -3.826826e-001  0.000000e+000
    outer loop
      vertex  8.000000e+001 -4.379159e+000  3.884923e+001
      vertex  7.853554e+001 -7.914693e+000 -3.884944e+001
      vertex  8.000000e+001 -4.379159e+000 -3.884944e+001
    endloop
  endfacet
  facet normal  2.524970e-001 -9.423305e-001 -2.196780e-001
    outer loop
      vertex  7.500000e+001 -9.894605e+000  4.106029e+001
      vertex  7.500000e+001 -9.379159e+000  3.884923e+001
      vertex  7.750000e+001 -9.293787e+000  4.135651e+001
    endloop
  endfacet
  facet normal  3.611856e-001 -8.719805e-001 -3.304465e-001
    outer loop
      vertex  7.750000e+001 -9.293787e+000  4.135651e+001
      vertex  7.500000e+001 -9.379159e+000  3.884923e+001
      vertex  7.853554e+001 -7.914693e+000  3.884923e+001
    endloop
  endfacet
  facet normal  6.899434e-001 -7.156579e-001 -1.086823e-001
    outer loop
      vertex  7.750000e+001 -9.293787e+000  4.135651e+001
      vertex  7.853554e+001 -7.914693e+000  3.884923e+001
      vertex  7.933012e+001 -7.652324e+000  4.216581e+001
    endloop
  endfacet
  facet normal  9.202252e-001 -3.811688e-001 -8.885859e-002
    outer loop
      vertex  8.000000e+001 -4.379159e+000  3.884923e+001
      vertex  8.000000e+001 -5.410045e+000  4.327133e+001
      vertex  7.853554e+001 -7.914693e+000  3.884923e+001
    endloop
  endfacet
  facet normal  9.596667e-001 -1.803763e-001 -2.156481e-001
    outer loop
      vertex  7.853554e+001 -7.914693e+000  3.884923e+001
      vertex  8.000000e+001 -5.410045e+000  4.327133e+001
      vertex  7.933012e+001 -7.652324e+000  4.216581e+001
    endloop
  endfacet
  facet normal  9.655343e-001 -2.194607e-001 -1.399305e-001
    outer loop
      vertex  8.000000e+001 -5.410045e+000  4.327133e+001
      vertex  8.000000e+001 -1.926442e+001  6.499991e+001
      vertex  7.933012e+001 -7.652324e+000  4.216581e+001
    endloop
  endfacet
  facet normal  9.655848e-001 -2.192920e-001 -1.398462e-001
    outer loop
      vertex  7.933012e+001 -7.652324e+000  4.216581e+001
      vertex  8.000000e+001 -1.926442e+001  6.499991e+001
      vertex  7.933012e+001 -2.122407e+001  6.344758e+001
    endloop
  endfacet
  facet normal  7.049749e-001 -5.979851e-001 -3.813451e-001
    outer loop
      vertex  7.933012e+001 -7.652324e+000  4.216581e+001
      vertex  7.933012e+001 -2.122407e+001  6.344758e+001
      vertex  7.750000e+001 -9.293787e+000  4.135651e+001
    endloop
  endfacet
  facet normal  7.052563e-001 -5.977272e-001 -3.812291e-001
    outer loop
      vertex  7.750000e+001 -9.293787e+000  4.135651e+001
      vertex  7.933012e+001 -2.122407e+001  6.344758e+001
      vertex  7.750000e+001 -2.265863e+001  6.231118e+001
    endloop
  endfacet
  facet normal  2.573671e-001 -8.147120e-001 -5.196216e-001
    outer loop
      vertex  7.750000e+001 -9.293787e+000  4.135651e+001
      vertex  7.750000e+001 -2.265863e+001  6.231118e+001
      vertex  7.500000e+001 -9.894605e+000  4.106029e+001
    endloop
  endfacet
  facet normal  2.575702e-001 -8.146546e-001 -5.196109e-001
    outer loop
      vertex  7.500000e+001 -9.894605e+000  4.106029e+001
      vertex  7.750000e+001 -2.265863e+001  6.231118e+001
      vertex  7.500000e+001 -2.318374e+001  6.189521e+001
    endloop
  endfacet
  facet normal  8.480409e-001 -2.209769e-001  4.816596e-001
    outer loop
      vertex  7.928962e+001 -2.075706e+001  6.870166e+001
      vertex  7.689006e+001 -2.223711e+001  7.224746e+001
      vertex  7.726943e+001 -2.497214e+001  7.032473e+001
    endloop
  endfacet
  facet normal  7.271937e-001 -6.862429e-001  1.612179e-002
    outer loop
      vertex  7.839957e+001 -2.388126e+001  6.578256e+001
      vertex  7.726943e+001 -2.497214e+001  7.032473e+001
      vertex  7.591693e+001 -2.646861e+001  6.763168e+001
    endloop
  endfacet
  facet normal  4.254335e-001 -7.596958e-001 -4.918013e-001
    outer loop
      vertex  7.839957e+001 -2.388126e+001  6.578256e+001
      vertex  7.591693e+001 -2.646861e+001  6.763168e+001
      vertex  7.464481e+001 -2.462183e+001  6.367847e+001
    endloop
  endfacet
  facet normal  2.963694e-001 -8.251876e-001 -4.808644e-001
    outer loop
      vertex  7.464481e+001 -2.462183e+001  6.367847e+001
      vertex  7.591693e+001 -2.646861e+001  6.763168e+001
      vertex  7.344503e+001 -2.604886e+001  6.538786e+001
    endloop
  endfacet
  facet normal  9.450786e-001 -3.268088e-001  4.730997e-003
    outer loop
      vertex  7.933012e+001 -2.122407e+001  6.344758e+001
      vertex  8.000000e+001 -1.926442e+001  6.499991e+001
      vertex  7.839957e+001 -2.388126e+001  6.578256e+001
    endloop
  endfacet
  facet normal  9.462596e-001 -3.190451e-001  5.294353e-002
    outer loop
      vertex  7.839957e+001 -2.388126e+001  6.578256e+001
      vertex  8.000000e+001 -1.926442e+001  6.499991e+001
      vertex  7.928962e+001 -2.075706e+001  6.870166e+001
    endloop
  endfacet
  facet normal  9.127755e-001 -3.856890e-001  1.344794e-001
    outer loop
      vertex  7.839957e+001 -2.388126e+001  6.578256e+001
      vertex  7.928962e+001 -2.075706e+001  6.870166e+001
      vertex  7.726943e+001 -2.497214e+001  7.032473e+001
    endloop
  endfacet
  facet normal  4.331875e-001 -7.418016e-001 -5.119365e-001
    outer loop
      vertex  7.464481e+001 -2.462183e+001  6.367847e+001
      vertex  7.500000e+001 -2.318374e+001  6.189521e+001
      vertex  7.839957e+001 -2.388126e+001  6.578256e+001
    endloop
  endfacet
  facet normal  2.501724e-001 -8.910791e-001 -3.786711e-001
    outer loop
      vertex  7.839957e+001 -2.388126e+001  6.578256e+001
      vertex  7.500000e+001 -2.318374e+001  6.189521e+001
      vertex  7.750000e+001 -2.265863e+001  6.231118e+001
    endloop
  endfacet
  facet normal  7.058194e-001 -5.907334e-001 -3.909644e-001
    outer loop
      vertex  7.839957e+001 -2.388126e+001  6.578256e+001
      vertex  7.750000e+001 -2.265863e+001  6.231118e+001
      vertex  7.933012e+001 -2.122407e+001  6.344758e+001
    endloop
  endfacet
  facet normal  1.858062e-001 -4.054416e-001  8.950382e-001
    outer loop
      vertex  7.336794e+001 -2.316688e+001  7.441570e+001
      vertex  7.000000e+001 -2.342065e+001  7.499991e+001
      vertex  7.381589e+001 -2.642122e+001  7.284853e+001
    endloop
  endfacet
  facet normal  2.248362e-001 -3.625462e-001  9.044384e-001
    outer loop
      vertex  7.381589e+001 -2.642122e+001  7.284853e+001
      vertex  7.000000e+001 -2.342065e+001  7.499991e+001
      vertex  7.000000e+001 -2.687423e+001  7.361553e+001
    endloop
  endfacet
  facet normal  1.852216e-001 -9.027236e-001  3.883082e-001
    outer loop
      vertex  7.381589e+001 -2.642122e+001  7.284853e+001
      vertex  7.000000e+001 -2.687423e+001  7.361553e+001
      vertex  7.313416e+001 -2.795110e+001  6.961710e+001
    endloop
  endfacet
  facet normal  2.108569e-001 -8.897167e-001  4.048993e-001
    outer loop
      vertex  7.313416e+001 -2.795110e+001  6.961710e+001
      vertex  7.000000e+001 -2.687423e+001  7.361553e+001
      vertex  7.000000e+001 -2.841540e+001  7.022901e+001
    endloop
  endfacet
  facet normal  7.471058e-002 -9.406421e-001 -3.310751e-001
    outer loop
      vertex  7.313416e+001 -2.795110e+001  6.961710e+001
      vertex  7.000000e+001 -2.841540e+001  7.022901e+001
      vertex  7.168397e+001 -2.694584e+001  6.643374e+001
    endloop
  endfacet
  facet normal  8.194760e-002 -9.411020e-001 -3.280421e-001
    outer loop
      vertex  7.168397e+001 -2.694584e+001  6.643374e+001
      vertex  7.000000e+001 -2.841540e+001  7.022901e+001
      vertex  7.000000e+001 -2.719073e+001  6.671562e+001
    endloop
  endfacet
  facet normal  5.531437e-001 -4.264049e-001  7.156892e-001
    outer loop
      vertex  7.689006e+001 -2.223711e+001  7.224746e+001
      vertex  7.336794e+001 -2.316688e+001  7.441570e+001
      vertex  7.726943e+001 -2.497214e+001  7.032473e+001
    endloop
  endfacet
  facet normal  6.385472e-001 -2.607819e-001  7.240514e-001
    outer loop
      vertex  7.726943e+001 -2.497214e+001  7.032473e+001
      vertex  7.336794e+001 -2.316688e+001  7.441570e+001
      vertex  7.381589e+001 -2.642122e+001  7.284853e+001
    endloop
  endfacet
  facet normal  5.053558e-001 -8.366836e-001  2.111302e-001
    outer loop
      vertex  7.726943e+001 -2.497214e+001  7.032473e+001
      vertex  7.381589e+001 -2.642122e+001  7.284853e+001
      vertex  7.591693e+001 -2.646861e+001  6.763168e+001
    endloop
  endfacet
  facet normal  5.853283e-001 -7.735993e-001  2.427653e-001
    outer loop
      vertex  7.591693e+001 -2.646861e+001  6.763168e+001
      vertex  7.381589e+001 -2.642122e+001  7.284853e+001
      vertex  7.313416e+001 -2.795110e+001  6.961710e+001
    endloop
  endfacet
  facet normal  2.009381e-001 -8.988358e-001 -3.895101e-001
    outer loop
      vertex  7.591693e+001 -2.646861e+001  6.763168e+001
      vertex  7.313416e+001 -2.795110e+001  6.961710e+001
      vertex  7.344503e+001 -2.604886e+001  6.538786e+001
    endloop
  endfacet
  facet normal  2.265316e-001 -8.944087e-001 -3.856377e-001
    outer loop
      vertex  7.344503e+001 -2.604886e+001  6.538786e+001
      vertex  7.313416e+001 -2.795110e+001  6.961710e+001
      vertex  7.168397e+001 -2.694584e+001  6.643374e+001
    endloop
  endfacet
  facet normal  0.000000e+000 -3.720725e-001  9.282036e-001
    outer loop
      vertex  7.000000e+001 -2.342065e+001  7.499991e+001
      vertex  1.000000e+001 -2.342065e+001  7.499991e+001
      vertex  7.000000e+001 -2.687423e+001  7.361553e+001
    endloop
  endfacet
  facet normal  0.000000e+000 -3.720725e-001  9.282036e-001
    outer loop
      vertex  7.000000e+001 -2.687423e+001  7.361553e+001
      vertex  1.000000e+001 -2.342065e+001  7.499991e+001
      vertex  1.000000e+001 -2.687423e+001  7.361553e+001
    endloop
  endfacet
  facet normal  0.000000e+000 -9.101804e-001  4.142121e-001
    outer loop
      vertex  7.000000e+001 -2.687423e+001  7.361553e+001
      vertex  1.000000e+001 -2.687423e+001  7.361553e+001
      vertex  7.000000e+001 -2.841540e+001  7.022901e+001
    endloop
  endfacet
  facet normal  0.000000e+000 -9.101804e-001  4.142121e-001
    outer loop
      vertex  7.000000e+001 -2.841540e+001  7.022901e+001
      vertex  1.000000e+001 -2.687423e+001  7.361553e+001
      vertex  1.000000e+001 -2.841540e+001  7.022901e+001
    endloop
  endfacet
  facet normal  0.000000e+000 -9.442779e-001 -3.291492e-001
    outer loop
      vertex  7.000000e+001 -2.841540e+001  7.022901e+001
      vertex  1.000000e+001 -2.841540e+001  7.022901e+001
      vertex  7.000000e+001 -2.719073e+001  6.671562e+001
    endloop
  endfacet
  facet normal  -0.000000e+000 -9.442779e-001 -3.291492e-001
    outer loop
      vertex  7.000000e+001 -2.719073e+001  6.671562e+001
      vertex  1.000000e+001 -2.841540e+001  7.022901e+001
      vertex  1.000000e+001 -2.719073e+001  6.671562e+001
    endloop
  endfacet
  facet normal  -0.000000e+000  0.000000e+000  1.000000e+000
    outer loop
      vertex  6.275000e+001 -3.029159e+000 -3.125000e+001
      vertex  1.725000e+001 -3.029159e+000 -3.125000e+001
      vertex  6.275000e+001 -9.379159e+000 -3.125000e+001
    endloop
  endfacet
  facet normal  0.000000e+000  0.000000e+000  1.000000e+000
    outer loop
      vertex  6.275000e+001 -9.379159e+000 -3.125000e+001
      vertex  1.725000e+001 -3.029159e+000 -3.125000e+001
      vertex  1.725000e+001 -9.379159e+000 -3.125000e+001
    endloop
  endfacet
  facet normal -1.000000e+000  0.000000e+000  0.000000e+000
    outer loop
      vertex  6.375000e+001 -3.029159e+000  3.025000e+001
      vertex  6.375000e+001 -3.029159e+000 -3.025000e+001
      vertex  6.375000e+001 -9.379159e+000  3.025000e+001
    endloop
  endfacet
  facet normal -1.000000e+000  0.000000e+000  0.000000e+000
    outer loop
      vertex  6.375000e+001 -9.379159e+000  3.025000e+001
      vertex  6.375000e+001 -3.029159e+000 -3.025000e+001
      vertex  6.375000e+001 -9.379159e+000 -3.025000e+001
    endloop
  endfacet
  facet normal -7.071068e-001  0.000000e+000  7.071068e-001
    outer loop
      vertex  6.375000e+001 -9.379159e+000 -3.025000e+001
      vertex  6.375000e+001 -3.029159e+000 -3.025000e+001
      vertex  6.275000e+001 -9.379159e+000 -3.125000e+001
    endloop
  endfacet
  facet normal -7.071068e-001  0.000000e+000  7.071068e-001
    outer loop
      vertex  6.275000e+001 -9.379159e+000 -3.125000e+001
      vertex  6.375000e+001 -3.029159e+000 -3.025000e+001
      vertex  6.275000e+001 -3.029159e+000 -3.125000e+001
    endloop
  endfacet
  facet normal  7.071068e-001  0.000000e+000  7.071068e-001
    outer loop
      vertex  1.625000e+001 -9.379159e+000 -3.025000e+001
      vertex  1.725000e+001 -9.379159e+000 -3.125000e+001
      vertex  1.625000e+001 -3.029159e+000 -3.025000e+001
    endloop
  endfacet
  facet normal  7.071068e-001  0.000000e+000  7.071068e-001
    outer loop
      vertex  1.625000e+001 -3.029159e+000 -3.025000e+001
      vertex  1.725000e+001 -9.379159e+000 -3.125000e+001
      vertex  1.725000e+001 -3.029159e+000 -3.125000e+001
    endloop
  endfacet
  facet normal  -0.000000e+000  0.000000e+000 -1.000000e+000
    outer loop
      vertex  1.725000e+001 -3.029159e+000  3.125000e+001
      vertex  6.275000e+001 -3.029159e+000  3.125000e+001
      vertex  1.725000e+001 -9.379159e+000  3.125000e+001
    endloop
  endfacet
  facet normal  0.000000e+000  0.000000e+000 -1.000000e+000
    outer loop
      vertex  1.725000e+001 -9.379159e+000  3.125000e+001
      vertex  6.275000e+001 -3.029159e+000  3.125000e+001
      vertex  6.275000e+001 -9.379159e+000  3.125000e+001
    endloop
  endfacet
  facet normal  7.071068e-001  0.000000e+000 -7.071068e-001
    outer loop
      vertex  1.625000e+001 -9.379159e+000  3.025000e+001
      vertex  1.625000e+001 -3.029159e+000  3.025000e+001
      vertex  1.725000e+001 -9.379159e+000  3.125000e+001
    endloop
  endfacet
  facet normal  7.071068e-001  0.000000e+000 -7.071068e-001
    outer loop
      vertex  1.725000e+001 -9.379159e+000  3.125000e+001
      vertex  1.625000e+001 -3.029159e+000  3.025000e+001
      vertex  1.725000e+001 -3.029159e+000  3.125000e+001
    endloop
  endfacet
  facet normal -7.071068e-001  0.000000e+000 -7.071068e-001
    outer loop
      vertex  6.375000e+001 -9.379159e+000  3.025000e+001
      vertex  6.275000e+001 -9.379159e+000  3.125000e+001
      vertex  6.375000e+001 -3.029159e+000  3.025000e+001
    endloop
  endfacet
  facet normal -7.071068e-001  0.000000e+000 -7.071068e-001
    outer loop
      vertex  6.375000e+001 -3.029159e+000  3.025000e+001
      vertex  6.275000e+001 -9.379159e+000  3.125000e+001
      vertex  6.275000e+001 -3.029159e+000  3.125000e+001
    endloop
  endfacet
endsolid CATIA STL
