START RECORD GO HERE.                                                   S      1
1H,,1H;,21H1360.000.009.000.TUBO,25H1360.000.009.000.TUBO.igs,62HDASSAULG      1
T SYSTEMES CATIA Version 5-6 Release 2018 - www.3ds.com,35HV5-6R2018_5.2G      2
8.6.0.03-10-2020.20.00,32,75,6,75,15,21H1360.000.009.000.TUBO,1.0,2,2HMMG      3
,1000,1.0,15H20241108.095706,0.001,10000.0,2HPc,15HDESKTOP-CAESKE4,11,0,G      4
15H20241108.095706,;                                                    G      5
     314       1       0       0       0       0       0       000000201D      1
     314       0       0       1       0                               0D      2
     110       2       0       0       0       0       0       001010001D      3
     110       0       0       1       0                               0D      4
     110       3       0       0       0       0       0       001010001D      5
     110       0       0       1       0                               0D      6
     120       4       0       0       0       0       0       001010001D      7
     120       0      -1       1       0                               0D      8
     126       5       0       0       0       0       0       001010001D      9
     126       0       0      11       0                               0D     10
     126      16       0       0       0       0       0       001010001D     11
     126       0       0       5       0                               0D     12
     110      21       0       0       0       0       0       001010001D     13
     110       0       0       1       0                               0D     14
     124      22       0       0       0       0       0       001020001D     15
     124       0       0       2       0                               0D     16
     100      24       0       0       0       0      15       001010001D     17
     100       0       0       1       0                               0D     18
     110      25       0       0       0       0       0       001010001D     19
     110       0       0       1       0                               0D     20
     102      26       0       0       0       0       0       001010001D     21
     102       0       0       1       0                               0D     22
     142      27       0       0       0       0       0       001010001D     23
     142       0       0       1       0                               0D     24
     144      28       0       0   10000       0       0       000000000D     25
     144       0      -1       1       0                PartBody       0D     26
     110      29       0       0       0       0       0       001010001D     27
     110       0       0       1       0                               0D     28
     110      30       0       0       0       0       0       001010001D     29
     110       0       0       1       0                               0D     30
     120      31       0       0       0       0       0       001010001D     31
     120       0      -1       1       0                               0D     32
     124      32       0       0       0       0       0       001020001D     33
     124       0       0       2       0                               0D     34
     100      34       0       0       0       0      33       001010001D     35
     100       0       0       1       0                               0D     36
     124      35       0       0       0       0       0       001020001D     37
     124       0       0       3       0                               0D     38
     100      38       0       0       0       0      37       001010001D     39
     100       0       0       1       0                               0D     40
     110      39       0       0       0       0       0       001010001D     41
     110       0       0       1       0                               0D     42
     126      40       0       0       0       0       0       001010001D     43
     126       0       0      15       0                               0D     44
     110      55       0       0       0       0       0       001010001D     45
     110       0       0       1       0                               0D     46
     102      56       0       0       0       0       0       001010001D     47
     102       0       0       1       0                               0D     48
     142      57       0       0       0       0       0       001010001D     49
     142       0       0       1       0                               0D     50
     144      58       0       0   10000       0       0       000000000D     51
     144       0      -1       1       0                PartBody       0D     52
     110      59       0       0       0       0       0       001010001D     53
     110       0       0       2       0                               0D     54
     124      61       0       0       0       0       0       001020001D     55
     124       0       0       3       0                               0D     56
     100      64       0       0       0       0      55       001010001D     57
     100       0       0       1       0                               0D     58
     120      65       0       0       0       0       0       001010001D     59
     120       0      -1       1       0                               0D     60
     126      66       0       0       0       0       0       001010001D     61
     126       0       0       6       0                               0D     62
     124      72       0       0       0       0       0       001020001D     63
     124       0       0       3       0                               0D     64
     100      75       0       0       0       0      63       001010001D     65
     100       0       0       1       0                               0D     66
     124      76       0       0       0       0       0       001020001D     67
     124       0       0       3       0                               0D     68
     100      79       0       0       0       0      67       001010001D     69
     100       0       0       1       0                               0D     70
     124      80       0       0       0       0       0       001020001D     71
     124       0       0       3       0                               0D     72
     100      83       0       0       0       0      71       001010001D     73
     100       0       0       1       0                               0D     74
     124      84       0       0       0       0       0       001020001D     75
     124       0       0       3       0                               0D     76
     100      87       0       0       0       0      75       001010001D     77
     100       0       0       1       0                               0D     78
     126      88       0       0       0       0       0       001010001D     79
     126       0       0      10       0                               0D     80
     102      98       0       0       0       0       0       001010001D     81
     102       0       0       1       0                               0D     82
     142      99       0       0       0       0       0       001010001D     83
     142       0       0       1       0                               0D     84
     144     100       0       0   10000       0       0       000000000D     85
     144       0      -1       1       0                PartBody       0D     86
     110     101       0       0       0       0       0       001010001D     87
     110       0       0       2       0                               0D     88
     124     103       0       0       0       0       0       001020001D     89
     124       0       0       3       0                               0D     90
     100     106       0       0       0       0      89       001010001D     91
     100       0       0       1       0                               0D     92
     120     107       0       0       0       0       0       001010001D     93
     120       0      -1       1       0                               0D     94
     124     108       0       0       0       0       0       001020001D     95
     124       0       0       3       0                               0D     96
     100     111       0       0       0       0      95       001010001D     97
     100       0       0       1       0                               0D     98
     124     112       0       0       0       0       0       001020001D     99
     124       0       0       3       0                               0D    100
     100     115       0       0       0       0      99       001010001D    101
     100       0       0       1       0                               0D    102
     124     116       0       0       0       0       0       001020001D    103
     124       0       0       3       0                               0D    104
     100     119       0       0       0       0     103       001010001D    105
     100       0       0       1       0                               0D    106
     124     120       0       0       0       0       0       001020001D    107
     124       0       0       3       0                               0D    108
     100     123       0       0       0       0     107       001010001D    109
     100       0       0       1       0                               0D    110
     126     124       0       0       0       0       0       001010001D    111
     126       0       0       5       0                               0D    112
     126     129       0       0       0       0       0       001010001D    113
     126       0       0       9       0                               0D    114
     102     138       0       0       0       0       0       001010001D    115
     102       0       0       1       0                               0D    116
     142     139       0       0       0       0       0       001010001D    117
     142       0       0       1       0                               0D    118
     144     140       0       0   10000       0       0       000000000D    119
     144       0      -1       1       0                PartBody       0D    120
     110     141       0       0       0       0       0       001010001D    121
     110       0       0       2       0                               0D    122
     110     143       0       0       0       0       0       001010001D    123
     110       0       0       2       0                               0D    124
     120     145       0       0       0       0       0       001010001D    125
     120       0      -1       1       0                               0D    126
     126     146       0       0       0       0       0       001010001D    127
     126       0       0       8       0                               0D    128
     126     154       0       0       0       0       0       001010001D    129
     126       0       0       8       0                               0D    130
     110     162       0       0       0       0       0       001010001D    131
     110       0       0       2       0                               0D    132
     126     164       0       0       0       0       0       001010001D    133
     126       0       0       5       0                               0D    134
     126     169       0       0       0       0       0       001010001D    135
     126       0       0       9       0                               0D    136
     110     178       0       0       0       0       0       001010001D    137
     110       0       0       2       0                               0D    138
     102     180       0       0       0       0       0       001010001D    139
     102       0       0       1       0                               0D    140
     142     181       0       0       0       0       0       001010001D    141
     142       0       0       1       0                               0D    142
     144     182       0       0   10000       0       0       000000000D    143
     144       0      -1       1       0                PartBody       0D    144
     110     183       0       0       0       0       0       001010001D    145
     110       0       0       2       0                               0D    146
     110     185       0       0       0       0       0       001010001D    147
     110       0       0       2       0                               0D    148
     120     187       0       0       0       0       0       001010001D    149
     120       0      -1       1       0                               0D    150
     124     188       0       0       0       0       0       001020001D    151
     124       0       0       3       0                               0D    152
     100     191       0       0       0       0     151       001010001D    153
     100       0       0       1       0                               0D    154
     124     192       0       0       0       0       0       001020001D    155
     124       0       0       2       0                               0D    156
     100     194       0       0       0       0     155       001010001D    157
     100       0       0       1       0                               0D    158
     110     195       0       0       0       0       0       001010001D    159
     110       0       0       2       0                               0D    160
     124     197       0       0       0       0       0       001020001D    161
     124       0       0       3       0                               0D    162
     100     200       0       0       0       0     161       001010001D    163
     100       0       0       1       0                               0D    164
     124     201       0       0       0       0       0       001020001D    165
     124       0       0       3       0                               0D    166
     100     204       0       0       0       0     165       001010001D    167
     100       0       0       1       0                               0D    168
     110     205       0       0       0       0       0       001010001D    169
     110       0       0       2       0                               0D    170
     102     207       0       0       0       0       0       001010001D    171
     102       0       0       1       0                               0D    172
     142     208       0       0       0       0       0       001010001D    173
     142       0       0       1       0                               0D    174
     144     209       0       0   10000       0       0       000000000D    175
     144       0      -1       1       0                PartBody       0D    176
     110     210       0       0       0       0       0       001010001D    177
     110       0       0       2       0                               0D    178
     124     212       0       0       0       0       0       001020001D    179
     124       0       0       3       0                               0D    180
     100     215       0       0       0       0     179       001010001D    181
     100       0       0       1       0                               0D    182
     120     216       0       0       0       0       0       001010001D    183
     120       0      -1       1       0                               0D    184
     124     217       0       0       0       0       0       001020001D    185
     124       0       0       2       0                               0D    186
     100     219       0       0       0       0     185       001010001D    187
     100       0       0       1       0                               0D    188
     124     220       0       0       0       0       0       001020001D    189
     124       0       0       2       0                               0D    190
     100     222       0       0       0       0     189       001010001D    191
     100       0       0       1       0                               0D    192
     126     223       0       0       0       0       0       001010001D    193
     126       0       0       7       0                               0D    194
     126     230       0       0       0       0       0       001010001D    195
     126       0       0       7       0                               0D    196
     124     237       0       0       0       0       0       001020001D    197
     124       0       0       2       0                               0D    198
     100     239       0       0       0       0     197       001010001D    199
     100       0       0       1       0                               0D    200
     124     240       0       0       0       0       0       001020001D    201
     124       0       0       3       0                               0D    202
     100     243       0       0       0       0     201       001010001D    203
     100       0       0       1       0                               0D    204
     102     244       0       0       0       0       0       001010001D    205
     102       0       0       1       0                               0D    206
     142     245       0       0       0       0       0       001010001D    207
     142       0       0       1       0                               0D    208
     144     246       0       0   10000       0       0       000000000D    209
     144       0      -1       1       0                PartBody       0D    210
     110     247       0       0       0       0       0       001010001D    211
     110       0       0       2       0                               0D    212
     124     249       0       0       0       0       0       001020001D    213
     124       0       0       3       0                               0D    214
     100     252       0       0       0       0     213       001010001D    215
     100       0       0       1       0                               0D    216
     120     253       0       0       0       0       0       001010001D    217
     120       0      -1       1       0                               0D    218
     124     254       0       0       0       0       0       001020001D    219
     124       0       0       2       0                               0D    220
     100     256       0       0       0       0     219       001010001D    221
     100       0       0       1       0                               0D    222
     124     257       0       0       0       0       0       001020001D    223
     124       0       0       3       0                               0D    224
     100     260       0       0       0       0     223       001010001D    225
     100       0       0       1       0                               0D    226
     124     261       0       0       0       0       0       001020001D    227
     124       0       0       2       0                               0D    228
     100     263       0       0       0       0     227       001010001D    229
     100       0       0       1       0                               0D    230
     124     264       0       0       0       0       0       001020001D    231
     124       0       0       2       0                               0D    232
     100     266       0       0       0       0     231       001010001D    233
     100       0       0       1       0                               0D    234
     124     267       0       0       0       0       0       001020001D    235
     124       0       0       3       0                               0D    236
     100     270       0       0       0       0     235       001010001D    237
     100       0       0       1       0                               0D    238
     124     271       0       0       0       0       0       001020001D    239
     124       0       0       2       0                               0D    240
     100     273       0       0       0       0     239       001010001D    241
     100       0       0       1       0                               0D    242
     102     274       0       0       0       0       0       001010001D    243
     102       0       0       1       0                               0D    244
     142     275       0       0       0       0       0       001010001D    245
     142       0       0       1       0                               0D    246
     144     276       0       0   10000       0       0       000000000D    247
     144       0      -1       1       0                PartBody       0D    248
     110     277       0       0       0       0       0       001010001D    249
     110       0       0       2       0                               0D    250
     110     279       0       0       0       0       0       001010001D    251
     110       0       0       2       0                               0D    252
     120     281       0       0       0       0       0       001010001D    253
     120       0      -1       1       0                               0D    254
     126     282       0       0       0       0       0       001010001D    255
     126       0       0       6       0                               0D    256
     126     288       0       0       0       0       0       001010001D    257
     126       0       0       5       0                               0D    258
     126     293       0       0       0       0       0       001010001D    259
     126       0       0       7       0                               0D    260
     110     300       0       0       0       0       0       001010001D    261
     110       0       0       2       0                               0D    262
     126     302       0       0       0       0       0       001010001D    263
     126       0       0       6       0                               0D    264
     126     308       0       0       0       0       0       001010001D    265
     126       0       0       6       0                               0D    266
     110     314       0       0       0       0       0       001010001D    267
     110       0       0       2       0                               0D    268
     126     316       0       0       0       0       0       001010001D    269
     126       0       0       6       0                               0D    270
     126     322       0       0       0       0       0       001010001D    271
     126       0       0       6       0                               0D    272
     110     328       0       0       0       0       0       001010001D    273
     110       0       0       2       0                               0D    274
     124     330       0       0       0       0       0       001020001D    275
     124       0       0       3       0                               0D    276
     100     333       0       0       0       0     275       001010001D    277
     100       0       0       1       0                               0D    278
     124     334       0       0       0       0       0       001020001D    279
     124       0       0       3       0                               0D    280
     100     337       0       0       0       0     279       001010001D    281
     100       0       0       1       0                               0D    282
     110     338       0       0       0       0       0       001010001D    283
     110       0       0       2       0                               0D    284
     126     340       0       0       0       0       0       001010001D    285
     126       0       0      12       0                               0D    286
     126     352       0       0       0       0       0       001010001D    287
     126       0       0      15       0                               0D    288
     110     367       0       0       0       0       0       001010001D    289
     110       0       0       2       0                               0D    290
     126     369       0       0       0       0       0       001010001D    291
     126       0       0      15       0                               0D    292
     126     384       0       0       0       0       0       001010001D    293
     126       0       0      12       0                               0D    294
     110     396       0       0       0       0       0       001010001D    295
     110       0       0       2       0                               0D    296
     126     398       0       0       0       0       0       001010001D    297
     126       0       0      12       0                               0D    298
     126     410       0       0       0       0       0       001010001D    299
     126       0       0      15       0                               0D    300
     110     425       0       0       0       0       0       001010001D    301
     110       0       0       2       0                               0D    302
     124     427       0       0       0       0       0       001020001D    303
     124       0       0       3       0                               0D    304
     100     430       0       0       0       0     303       001010001D    305
     100       0       0       1       0                               0D    306
     124     431       0       0       0       0       0       001020001D    307
     124       0       0       2       0                               0D    308
     100     433       0       0       0       0     307       001010001D    309
     100       0       0       1       0                               0D    310
     110     434       0       0       0       0       0       001010001D    311
     110       0       0       2       0                               0D    312
     102     436       0       0       0       0       0       001010001D    313
     102       0       0       2       0                               0D    314
     142     438       0       0       0       0       0       001010001D    315
     142       0       0       1       0                               0D    316
     144     439       0       0   10000       0       0       000000000D    317
     144       0      -1       1       0                PartBody       0D    318
     128     440       0       0       0       0       0       001010001D    319
     128       0      -1      34       0                               0D    320
     126     474       0       0       0       0       0       001010001D    321
     126       0       0      20       0                               0D    322
     126     494       0       0       0       0       0       001010001D    323
     126       0       0       3       0                               0D    324
     126     497       0       0       0       0       0       001010001D    325
     126       0       0      20       0                               0D    326
     126     517       0       0       0       0       0       001010001D    327
     126       0       0       3       0                               0D    328
     102     520       0       0       0       0       0       001010001D    329
     102       0       0       1       0                               0D    330
     110     521       0       0       0       0       0       001010501D    331
     110       0       0       1       0                               0D    332
     110     522       0       0       0       0       0       001010501D    333
     110       0       0       1       0                               0D    334
     110     523       0       0       0       0       0       001010501D    335
     110       0       0       1       0                               0D    336
     110     524       0       0       0       0       0       001010501D    337
     110       0       0       1       0                               0D    338
     102     525       0       0       0       0       0       001010501D    339
     102       0       0       1       0                               0D    340
     142     526       0       0       0       0       0       001010001D    341
     142       0       0       1       0                               0D    342
     144     527       0       0   10000       0       0       000000000D    343
     144       0      -1       1       0                PartBody       0D    344
     128     528       0       0       0       0       0       001010001D    345
     128       0      -1      30       0                               0D    346
     126     558       0       0       0       0       0       001010001D    347
     126       0       0      17       0                               0D    348
     126     575       0       0       0       0       0       001010001D    349
     126       0       0       3       0                               0D    350
     126     578       0       0       0       0       0       001010001D    351
     126       0       0      17       0                               0D    352
     126     595       0       0       0       0       0       001010001D    353
     126       0       0       3       0                               0D    354
     102     598       0       0       0       0       0       001010001D    355
     102       0       0       1       0                               0D    356
     110     599       0       0       0       0       0       001010501D    357
     110       0       0       1       0                               0D    358
     110     600       0       0       0       0       0       001010501D    359
     110       0       0       1       0                               0D    360
     110     601       0       0       0       0       0       001010501D    361
     110       0       0       1       0                               0D    362
     110     602       0       0       0       0       0       001010501D    363
     110       0       0       1       0                               0D    364
     102     603       0       0       0       0       0       001010501D    365
     102       0       0       1       0                               0D    366
     142     604       0       0       0       0       0       001010001D    367
     142       0       0       1       0                               0D    368
     144     605       0       0   10000       0       0       000000000D    369
     144       0      -1       1       0                PartBody       0D    370
     128     606       0       0       0       0       0       001010001D    371
     128       0      -1      34       0                               0D    372
     126     640       0       0       0       0       0       001010001D    373
     126       0       0      20       0                               0D    374
     126     660       0       0       0       0       0       001010001D    375
     126       0       0       3       0                               0D    376
     126     663       0       0       0       0       0       001010001D    377
     126       0       0      20       0                               0D    378
     126     683       0       0       0       0       0       001010001D    379
     126       0       0       3       0                               0D    380
     102     686       0       0       0       0       0       001010001D    381
     102       0       0       1       0                               0D    382
     110     687       0       0       0       0       0       001010501D    383
     110       0       0       1       0                               0D    384
     110     688       0       0       0       0       0       001010501D    385
     110       0       0       1       0                               0D    386
     110     689       0       0       0       0       0       001010501D    387
     110       0       0       1       0                               0D    388
     110     690       0       0       0       0       0       001010501D    389
     110       0       0       1       0                               0D    390
     102     691       0       0       0       0       0       001010501D    391
     102       0       0       1       0                               0D    392
     142     692       0       0       0       0       0       001010001D    393
     142       0       0       1       0                               0D    394
     144     693       0       0   10000       0       0       000000000D    395
     144       0      -1       1       0                PartBody       0D    396
     128     694       0       0       0       0       0       001010001D    397
     128       0      -1      34       0                               0D    398
     126     728       0       0       0       0       0       001010001D    399
     126       0       0      20       0                               0D    400
     126     748       0       0       0       0       0       001010001D    401
     126       0       0       3       0                               0D    402
     126     751       0       0       0       0       0       001010001D    403
     126       0       0      20       0                               0D    404
     126     771       0       0       0       0       0       001010001D    405
     126       0       0       3       0                               0D    406
     102     774       0       0       0       0       0       001010001D    407
     102       0       0       1       0                               0D    408
     110     775       0       0       0       0       0       001010501D    409
     110       0       0       1       0                               0D    410
     110     776       0       0       0       0       0       001010501D    411
     110       0       0       1       0                               0D    412
     110     777       0       0       0       0       0       001010501D    413
     110       0       0       1       0                               0D    414
     110     778       0       0       0       0       0       001010501D    415
     110       0       0       1       0                               0D    416
     102     779       0       0       0       0       0       001010501D    417
     102       0       0       1       0                               0D    418
     142     780       0       0       0       0       0       001010001D    419
     142       0       0       1       0                               0D    420
     144     781       0       0   10000       0       0       000000000D    421
     144       0      -1       1       0                PartBody       0D    422
     110     782       0       0       0       0       0       001010001D    423
     110       0       0       2       0                               0D    424
     110     784       0       0       0       0       0       001010001D    425
     110       0       0       2       0                               0D    426
     120     786       0       0       0       0       0       001010001D    427
     120       0      -1       1       0                               0D    428
     124     787       0       0       0       0       0       001020001D    429
     124       0       0       3       0                               0D    430
     100     790       0       0       0       0     429       001010001D    431
     100       0       0       1       0                               0D    432
     110     791       0       0       0       0       0       001010001D    433
     110       0       0       2       0                               0D    434
     126     793       0       0       0       0       0       001010001D    435
     126       0       0       6       0                               0D    436
     126     799       0       0       0       0       0       001010001D    437
     126       0       0       7       0                               0D    438
     110     806       0       0       0       0       0       001010001D    439
     110       0       0       2       0                               0D    440
     124     808       0       0       0       0       0       001020001D    441
     124       0       0       3       0                               0D    442
     100     811       0       0       0       0     441       001010001D    443
     100       0       0       1       0                               0D    444
     102     812       0       0       0       0       0       001010001D    445
     102       0       0       1       0                               0D    446
     142     813       0       0       0       0       0       001010001D    447
     142       0       0       1       0                               0D    448
     144     814       0       0   10000       0       0       000000000D    449
     144       0      -1       1       0                PartBody       0D    450
     128     815       0       0       0       0       0       001010001D    451
     128       0      -1      25       0                               0D    452
     126     840       0       0       0       0       0       001010001D    453
     126       0       0      15       0                               0D    454
     126     855       0       0       0       0       0       001010001D    455
     126       0       0       3       0                               0D    456
     126     858       0       0       0       0       0       001010001D    457
     126       0       0      15       0                               0D    458
     126     873       0       0       0       0       0       001010001D    459
     126       0       0       3       0                               0D    460
     102     876       0       0       0       0       0       001010001D    461
     102       0       0       1       0                               0D    462
     110     877       0       0       0       0       0       001010501D    463
     110       0       0       1       0                               0D    464
     110     878       0       0       0       0       0       001010501D    465
     110       0       0       1       0                               0D    466
     110     879       0       0       0       0       0       001010501D    467
     110       0       0       1       0                               0D    468
     110     880       0       0       0       0       0       001010501D    469
     110       0       0       1       0                               0D    470
     102     881       0       0       0       0       0       001010501D    471
     102       0       0       1       0                               0D    472
     142     882       0       0       0       0       0       001010001D    473
     142       0       0       1       0                               0D    474
     144     883       0       0   10000       0       0       000000000D    475
     144       0      -1       1       0                PartBody       0D    476
     128     884       0       0       0       0       0       001010001D    477
     128       0      -1      25       0                               0D    478
     126     909       0       0       0       0       0       001010001D    479
     126       0       0      15       0                               0D    480
     126     924       0       0       0       0       0       001010001D    481
     126       0       0       3       0                               0D    482
     126     927       0       0       0       0       0       001010001D    483
     126       0       0      15       0                               0D    484
     126     942       0       0       0       0       0       001010001D    485
     126       0       0       3       0                               0D    486
     102     945       0       0       0       0       0       001010001D    487
     102       0       0       1       0                               0D    488
     110     946       0       0       0       0       0       001010501D    489
     110       0       0       1       0                               0D    490
     110     947       0       0       0       0       0       001010501D    491
     110       0       0       1       0                               0D    492
     110     948       0       0       0       0       0       001010501D    493
     110       0       0       1       0                               0D    494
     110     949       0       0       0       0       0       001010501D    495
     110       0       0       1       0                               0D    496
     102     950       0       0       0       0       0       001010501D    497
     102       0       0       1       0                               0D    498
     142     951       0       0       0       0       0       001010001D    499
     142       0       0       1       0                               0D    500
     144     952       0       0   10000       0       0       000000000D    501
     144       0      -1       1       0                PartBody       0D    502
     128     953       0       0       0       0       0       001010001D    503
     128       0      -1      25       0                               0D    504
     126     978       0       0       0       0       0       001010001D    505
     126       0       0      15       0                               0D    506
     126     993       0       0       0       0       0       001010001D    507
     126       0       0       3       0                               0D    508
     126     996       0       0       0       0       0       001010001D    509
     126       0       0      15       0                               0D    510
     126    1011       0       0       0       0       0       001010001D    511
     126       0       0       3       0                               0D    512
     102    1014       0       0       0       0       0       001010001D    513
     102       0       0       1       0                               0D    514
     110    1015       0       0       0       0       0       001010501D    515
     110       0       0       1       0                               0D    516
     110    1016       0       0       0       0       0       001010501D    517
     110       0       0       1       0                               0D    518
     110    1017       0       0       0       0       0       001010501D    519
     110       0       0       1       0                               0D    520
     110    1018       0       0       0       0       0       001010501D    521
     110       0       0       1       0                               0D    522
     102    1019       0       0       0       0       0       001010501D    523
     102       0       0       1       0                               0D    524
     142    1020       0       0       0       0       0       001010001D    525
     142       0       0       1       0                               0D    526
     144    1021       0       0   10000       0       0       000000000D    527
     144       0      -1       1       0                PartBody       0D    528
     128    1022       0       0       0       0       0       001010001D    529
     128       0      -1      21       0                               0D    530
     126    1043       0       0       0       0       0       001010001D    531
     126       0       0      12       0                               0D    532
     126    1055       0       0       0       0       0       001010001D    533
     126       0       0       3       0                               0D    534
     126    1058       0       0       0       0       0       001010001D    535
     126       0       0      12       0                               0D    536
     126    1070       0       0       0       0       0       001010001D    537
     126       0       0       3       0                               0D    538
     102    1073       0       0       0       0       0       001010001D    539
     102       0       0       1       0                               0D    540
     110    1074       0       0       0       0       0       001010501D    541
     110       0       0       1       0                               0D    542
     110    1075       0       0       0       0       0       001010501D    543
     110       0       0       1       0                               0D    544
     110    1076       0       0       0       0       0       001010501D    545
     110       0       0       1       0                               0D    546
     110    1077       0       0       0       0       0       001010501D    547
     110       0       0       1       0                               0D    548
     102    1078       0       0       0       0       0       001010501D    549
     102       0       0       1       0                               0D    550
     142    1079       0       0       0       0       0       001010001D    551
     142       0       0       1       0                               0D    552
     144    1080       0       0   10000       0       0       000000000D    553
     144       0      -1       1       0                PartBody       0D    554
     128    1081       0       0       0       0       0       001010001D    555
     128       0      -1      56       0                               0D    556
     126    1137       0       0       0       0       0       001010001D    557
     126       0       0       5       0                               0D    558
     126    1142       0       0       0       0       0       001010001D    559
     126       0       0       7       0                               0D    560
     126    1149       0       0       0       0       0       001010001D    561
     126       0       0       7       0                               0D    562
     126    1156       0       0       0       0       0       001010001D    563
     126       0       0       5       0                               0D    564
     126    1161       0       0       0       0       0       001010001D    565
     126       0       0       7       0                               0D    566
     102    1168       0       0       0       0       0       001010001D    567
     102       0       0       1       0                               0D    568
     126    1169       0       0       0       0       0       001010501D    569
     126       0       0       6       0                               0D    570
     126    1175       0       0       0       0       0       001010501D    571
     126       0       0      11       0                               0D    572
     126    1186       0       0       0       0       0       001010501D    573
     126       0       0       6       0                               0D    574
     126    1192       0       0       0       0       0       001010501D    575
     126       0       0       6       0                               0D    576
     126    1198       0       0       0       0       0       001010501D    577
     126       0       0      11       0                               0D    578
     102    1209       0       0       0       0       0       001010501D    579
     102       0       0       1       0                               0D    580
     142    1210       0       0       0       0       0       001010001D    581
     142       0       0       1       0                               0D    582
     144    1211       0       0   10000       0       0       000000000D    583
     144       0      -1       1       0                PartBody       0D    584
     128    1212       0       0       0       0       0       001010001D    585
     128       0      -1      17       0                               0D    586
     126    1229       0       0       0       0       0       001010001D    587
     126       0       0       3       0                               0D    588
     126    1232       0       0       0       0       0       001010001D    589
     126       0       0       9       0                               0D    590
     126    1241       0       0       0       0       0       001010001D    591
     126       0       0       3       0                               0D    592
     126    1244       0       0       0       0       0       001010001D    593
     126       0       0      10       0                               0D    594
     102    1254       0       0       0       0       0       001010001D    595
     102       0       0       1       0                               0D    596
     110    1255       0       0       0       0       0       001010501D    597
     110       0       0       1       0                               0D    598
     110    1256       0       0       0       0       0       001010501D    599
     110       0       0       1       0                               0D    600
     110    1257       0       0       0       0       0       001010501D    601
     110       0       0       1       0                               0D    602
     110    1258       0       0       0       0       0       001010501D    603
     110       0       0       1       0                               0D    604
     102    1259       0       0       0       0       0       001010501D    605
     102       0       0       1       0                               0D    606
     142    1260       0       0       0       0       0       001010001D    607
     142       0       0       1       0                               0D    608
     144    1261       0       0   10000       0       0       000000000D    609
     144       0      -1       1       0                PartBody       0D    610
     128    1262       0       0       0       0       0       001010001D    611
     128       0      -1      31       0                               0D    612
     126    1293       0       0       0       0       0       001010001D    613
     126       0       0       7       0                               0D    614
     126    1300       0       0       0       0       0       001010001D    615
     126       0       0       5       0                               0D    616
     126    1305       0       0       0       0       0       001010001D    617
     126       0       0       6       0                               0D    618
     126    1311       0       0       0       0       0       001010001D    619
     126       0       0       6       0                               0D    620
     126    1317       0       0       0       0       0       001010001D    621
     126       0       0       5       0                               0D    622
     102    1322       0       0       0       0       0       001010001D    623
     102       0       0       1       0                               0D    624
     126    1323       0       0       0       0       0       001010501D    625
     126       0       0       6       0                               0D    626
     126    1329       0       0       0       0       0       001010501D    627
     126       0       0       8       0                               0D    628
     126    1337       0       0       0       0       0       001010501D    629
     126       0       0       6       0                               0D    630
     126    1343       0       0       0       0       0       001010501D    631
     126       0       0       8       0                               0D    632
     126    1351       0       0       0       0       0       001010501D    633
     126       0       0       6       0                               0D    634
     102    1357       0       0       0       0       0       001010501D    635
     102       0       0       1       0                               0D    636
     142    1358       0       0       0       0       0       001010001D    637
     142       0       0       1       0                               0D    638
     144    1359       0       0   10000       0       0       000000000D    639
     144       0      -1       1       0                PartBody       0D    640
     128    1360       0       0       0       0       0       001010001D    641
     128       0      -1      25       0                               0D    642
     126    1385       0       0       0       0       0       001010001D    643
     126       0       0      15       0                               0D    644
     126    1400       0       0       0       0       0       001010001D    645
     126       0       0       3       0                               0D    646
     126    1403       0       0       0       0       0       001010001D    647
     126       0       0      15       0                               0D    648
     126    1418       0       0       0       0       0       001010001D    649
     126       0       0       3       0                               0D    650
     102    1421       0       0       0       0       0       001010001D    651
     102       0       0       1       0                               0D    652
     110    1422       0       0       0       0       0       001010501D    653
     110       0       0       1       0                               0D    654
     110    1423       0       0       0       0       0       001010501D    655
     110       0       0       1       0                               0D    656
     110    1424       0       0       0       0       0       001010501D    657
     110       0       0       1       0                               0D    658
     110    1425       0       0       0       0       0       001010501D    659
     110       0       0       1       0                               0D    660
     102    1426       0       0       0       0       0       001010501D    661
     102       0       0       1       0                               0D    662
     142    1427       0       0       0       0       0       001010001D    663
     142       0       0       1       0                               0D    664
     144    1428       0       0   10000       0       0       000000000D    665
     144       0      -1       1       0                PartBody       0D    666
     110    1429       0       0       0       0       0       001010001D    667
     110       0       0       2       0                               0D    668
     110    1431       0       0       0       0       0       001010001D    669
     110       0       0       2       0                               0D    670
     120    1433       0       0       0       0       0       001010001D    671
     120       0       4       1       0                               0D    672
     110    1434       0       0       0       0       0       001010001D    673
     110       0       0       2       0                               0D    674
     126    1436       0       0       0       0       0       001010001D    675
     126       0       0       7       0                               0D    676
     126    1443       0       0       0       0       0       001010001D    677
     126       0       0      17       0                               0D    678
     110    1460       0       0       0       0       0       001010001D    679
     110       0       0       2       0                               0D    680
     126    1462       0       0       0       0       0       001010001D    681
     126       0       0       5       0                               0D    682
     126    1467       0       0       0       0       0       001010001D    683
     126       0       0       6       0                               0D    684
     126    1473       0       0       0       0       0       001010001D    685
     126       0       0       6       0                               0D    686
     126    1479       0       0       0       0       0       001010001D    687
     126       0       0       7       0                               0D    688
     102    1486       0       0       0       0       0       001010001D    689
     102       0       0       1       0                               0D    690
     142    1487       0       0       0       0       0       001010001D    691
     142       0       0       1       0                               0D    692
     144    1488       0       0   10000       0       0       000000000D    693
     144       0       4       1       0                PartBody       0D    694
     110    1489       0       0       0       0       0       001010001D    695
     110       0       0       2       0                               0D    696
     110    1491       0       0       0       0       0       001010001D    697
     110       0       0       2       0                               0D    698
     120    1493       0       0       0       0       0       001010001D    699
     120       0       4       1       0                               0D    700
     110    1494       0       0       0       0       0       001010001D    701
     110       0       0       2       0                               0D    702
     126    1496       0       0       0       0       0       001010001D    703
     126       0       0      15       0                               0D    704
     126    1511       0       0       0       0       0       001010001D    705
     126       0       0      12       0                               0D    706
     110    1523       0       0       0       0       0       001010001D    707
     110       0       0       2       0                               0D    708
     126    1525       0       0       0       0       0       001010001D    709
     126       0       0       5       0                               0D    710
     126    1530       0       0       0       0       0       001010001D    711
     126       0       0       6       0                               0D    712
     126    1536       0       0       0       0       0       001010001D    713
     126       0       0       6       0                               0D    714
     126    1542       0       0       0       0       0       001010001D    715
     126       0       0       7       0                               0D    716
     102    1549       0       0       0       0       0       001010001D    717
     102       0       0       1       0                               0D    718
     142    1550       0       0       0       0       0       001010001D    719
     142       0       0       1       0                               0D    720
     144    1551       0       0   10000       0       0       000000000D    721
     144       0       4       1       0                PartBody       0D    722
     110    1552       0       0       0       0       0       001010001D    723
     110       0       0       2       0                               0D    724
     110    1554       0       0       0       0       0       001010001D    725
     110       0       0       2       0                               0D    726
     120    1556       0       0       0       0       0       001010001D    727
     120       0       4       1       0                               0D    728
     110    1557       0       0       0       0       0       001010001D    729
     110       0       0       2       0                               0D    730
     126    1559       0       0       0       0       0       001010001D    731
     126       0       0       7       0                               0D    732
     126    1566       0       0       0       0       0       001010001D    733
     126       0       0      15       0                               0D    734
     110    1581       0       0       0       0       0       001010001D    735
     110       0       0       2       0                               0D    736
     126    1583       0       0       0       0       0       001010001D    737
     126       0       0       7       0                               0D    738
     126    1590       0       0       0       0       0       001010001D    739
     126       0       0      15       0                               0D    740
     102    1605       0       0       0       0       0       001010001D    741
     102       0       0       1       0                               0D    742
     142    1606       0       0       0       0       0       001010001D    743
     142       0       0       1       0                               0D    744
     144    1607       0       0   10000       0       0       000000000D    745
     144       0       4       1       0                PartBody       0D    746
     128    1608       0       0       0       0       0       001010001D    747
     128       0      -1      26       0                               0D    748
     126    1634       0       0       0       0       0       001010001D    749
     126       0       0      15       0                               0D    750
     126    1649       0       0       0       0       0       001010001D    751
     126       0       0       3       0                               0D    752
     126    1652       0       0       0       0       0       001010001D    753
     126       0       0      15       0                               0D    754
     126    1667       0       0       0       0       0       001010001D    755
     126       0       0       3       0                               0D    756
     102    1670       0       0       0       0       0       001010001D    757
     102       0       0       1       0                               0D    758
     110    1671       0       0       0       0       0       001010501D    759
     110       0       0       1       0                               0D    760
     110    1672       0       0       0       0       0       001010501D    761
     110       0       0       1       0                               0D    762
     110    1673       0       0       0       0       0       001010501D    763
     110       0       0       1       0                               0D    764
     110    1674       0       0       0       0       0       001010501D    765
     110       0       0       1       0                               0D    766
     102    1675       0       0       0       0       0       001010501D    767
     102       0       0       1       0                               0D    768
     142    1676       0       0       0       0       0       001010001D    769
     142       0       0       1       0                               0D    770
     144    1677       0       0   10000       0       0       000000000D    771
     144       0      -1       1       0                PartBody       0D    772
     110    1678       0       0       0       0       0       001010001D    773
     110       0       0       2       0                               0D    774
     110    1680       0       0       0       0       0       001010001D    775
     110       0       0       2       0                               0D    776
     120    1682       0       0       0       0       0       001010001D    777
     120       0       4       1       0                               0D    778
     110    1683       0       0       0       0       0       001010001D    779
     110       0       0       2       0                               0D    780
     126    1685       0       0       0       0       0       001010001D    781
     126       0       0      15       0                               0D    782
     126    1700       0       0       0       0       0       001010001D    783
     126       0       0       7       0                               0D    784
     110    1707       0       0       0       0       0       001010001D    785
     110       0       0       2       0                               0D    786
     126    1709       0       0       0       0       0       001010001D    787
     126       0       0      15       0                               0D    788
     126    1724       0       0       0       0       0       001010001D    789
     126       0       0       7       0                               0D    790
     102    1731       0       0       0       0       0       001010001D    791
     102       0       0       1       0                               0D    792
     142    1732       0       0       0       0       0       001010001D    793
     142       0       0       1       0                               0D    794
     144    1733       0       0   10000       0       0       000000000D    795
     144       0       4       1       0                PartBody       0D    796
     108    1734       0       0       0       0       0       001010001D    797
     108       0      -1       2       0                               0D    798
     124    1736       0       0       0       0       0       001020001D    799
     124       0       0       3       0                               0D    800
     100    1739       0       0       0       0     799       001010001D    801
     100       0       0       1       0                               0D    802
     124    1740       0       0       0       0       0       001020001D    803
     124       0       0       3       0                               0D    804
     100    1743       0       0       0       0     803       001010001D    805
     100       0       0       1       0                               0D    806
     124    1744       0       0       0       0       0       001020001D    807
     124       0       0       3       0                               0D    808
     100    1747       0       0       0       0     807       001010001D    809
     100       0       0       1       0                               0D    810
     102    1748       0       0       0       0       0       001010001D    811
     102       0       0       1       0                               0D    812
     142    1749       0       0       0       0       0       001010001D    813
     142       0       0       1       0                               0D    814
     144    1750       0       0   10000       0       0       000000000D    815
     144       0      -1       1       0                PartBody       0D    816
     110    1751       0       0       0       0       0       001010001D    817
     110       0       0       2       0                               0D    818
     110    1753       0       0       0       0       0       001010001D    819
     110       0       0       2       0                               0D    820
     120    1755       0       0       0       0       0       001010001D    821
     120       0      -1       1       0                               0D    822
     124    1756       0       0       0       0       0       001020001D    823
     124       0       0       3       0                               0D    824
     100    1759       0       0       0       0     823       001010001D    825
     100       0       0       1       0                               0D    826
     110    1760       0       0       0       0       0       001010001D    827
     110       0       0       2       0                               0D    828
     124    1762       0       0       0       0       0       001020001D    829
     124       0       0       3       0                               0D    830
     100    1765       0       0       0       0     829       001010001D    831
     100       0       0       1       0                               0D    832
     110    1766       0       0       0       0       0       001010001D    833
     110       0       0       2       0                               0D    834
     102    1768       0       0       0       0       0       001010001D    835
     102       0       0       1       0                               0D    836
     142    1769       0       0       0       0       0       001010001D    837
     142       0       0       1       0                               0D    838
     144    1770       0       0   10000       0       0       000000000D    839
     144       0      -1       1       0                PartBody       0D    840
     128    1771       0       0       0       0       0       001010001D    841
     128       0      -1      35       0                               0D    842
     126    1806       0       0       0       0       0       001010001D    843
     126       0       0      20       0                               0D    844
     126    1826       0       0       0       0       0       001010001D    845
     126       0       0       3       0                               0D    846
     126    1829       0       0       0       0       0       001010001D    847
     126       0       0      21       0                               0D    848
     126    1850       0       0       0       0       0       001010001D    849
     126       0       0       3       0                               0D    850
     102    1853       0       0       0       0       0       001010001D    851
     102       0       0       1       0                               0D    852
     110    1854       0       0       0       0       0       001010501D    853
     110       0       0       1       0                               0D    854
     110    1855       0       0       0       0       0       001010501D    855
     110       0       0       1       0                               0D    856
     110    1856       0       0       0       0       0       001010501D    857
     110       0       0       1       0                               0D    858
     110    1857       0       0       0       0       0       001010501D    859
     110       0       0       1       0                               0D    860
     102    1858       0       0       0       0       0       001010501D    861
     102       0       0       1       0                               0D    862
     142    1859       0       0       0       0       0       001010001D    863
     142       0       0       1       0                               0D    864
     144    1860       0       0   10000       0       0       000000000D    865
     144       0      -1       1       0                PartBody       0D    866
     110    1861       0       0       0       0       0       001010001D    867
     110       0       0       2       0                               0D    868
     110    1863       0       0       0       0       0       001010001D    869
     110       0       0       2       0                               0D    870
     120    1865       0       0       0       0       0       001010001D    871
     120       0       4       1       0                               0D    872
     110    1866       0       0       0       0       0       001010001D    873
     110       0       0       2       0                               0D    874
     126    1868       0       0       0       0       0       001010001D    875
     126       0       0      15       0                               0D    876
     126    1883       0       0       0       0       0       001010001D    877
     126       0       0       7       0                               0D    878
     110    1890       0       0       0       0       0       001010001D    879
     110       0       0       2       0                               0D    880
     126    1892       0       0       0       0       0       001010001D    881
     126       0       0      12       0                               0D    882
     126    1904       0       0       0       0       0       001010001D    883
     126       0       0       7       0                               0D    884
     102    1911       0       0       0       0       0       001010001D    885
     102       0       0       1       0                               0D    886
     142    1912       0       0       0       0       0       001010001D    887
     142       0       0       1       0                               0D    888
     144    1913       0       0   10000       0       0       000000000D    889
     144       0       4       1       0                PartBody       0D    890
     128    1914       0       0       0       0       0       001010001D    891
     128       0      -1      35       0                               0D    892
     126    1949       0       0       0       0       0       001010001D    893
     126       0       0      20       0                               0D    894
     126    1969       0       0       0       0       0       001010001D    895
     126       0       0       3       0                               0D    896
     126    1972       0       0       0       0       0       001010001D    897
     126       0       0      21       0                               0D    898
     126    1993       0       0       0       0       0       001010001D    899
     126       0       0       3       0                               0D    900
     102    1996       0       0       0       0       0       001010001D    901
     102       0       0       1       0                               0D    902
     110    1997       0       0       0       0       0       001010501D    903
     110       0       0       1       0                               0D    904
     110    1998       0       0       0       0       0       001010501D    905
     110       0       0       1       0                               0D    906
     110    1999       0       0       0       0       0       001010501D    907
     110       0       0       1       0                               0D    908
     110    2000       0       0       0       0       0       001010501D    909
     110       0       0       2       0                               0D    910
     102    2002       0       0       0       0       0       001010501D    911
     102       0       0       1       0                               0D    912
     142    2003       0       0       0       0       0       001010001D    913
     142       0       0       1       0                               0D    914
     144    2004       0       0   10000       0       0       000000000D    915
     144       0      -1       1       0                PartBody       0D    916
     110    2005       0       0       0       0       0       001010001D    917
     110       0       0       2       0                               0D    918
     110    2007       0       0       0       0       0       001010001D    919
     110       0       0       2       0                               0D    920
     120    2009       0       0       0       0       0       001010001D    921
     120       0       4       1       0                               0D    922
     110    2010       0       0       0       0       0       001010001D    923
     110       0       0       2       0                               0D    924
     126    2012       0       0       0       0       0       001010001D    925
     126       0       0       7       0                               0D    926
     126    2019       0       0       0       0       0       001010001D    927
     126       0       0      15       0                               0D    928
     110    2034       0       0       0       0       0       001010001D    929
     110       0       0       2       0                               0D    930
     126    2036       0       0       0       0       0       001010001D    931
     126       0       0       7       0                               0D    932
     126    2043       0       0       0       0       0       001010001D    933
     126       0       0      15       0                               0D    934
     102    2058       0       0       0       0       0       001010001D    935
     102       0       0       1       0                               0D    936
     142    2059       0       0       0       0       0       001010001D    937
     142       0       0       1       0                               0D    938
     144    2060       0       0   10000       0       0       000000000D    939
     144       0       4       1       0                PartBody       0D    940
     128    2061       0       0       0       0       0       001010001D    941
     128       0      -1      22       0                               0D    942
     126    2083       0       0       0       0       0       001010001D    943
     126       0       0      13       0                               0D    944
     126    2096       0       0       0       0       0       001010001D    945
     126       0       0       3       0                               0D    946
     126    2099       0       0       0       0       0       001010001D    947
     126       0       0      12       0                               0D    948
     126    2111       0       0       0       0       0       001010001D    949
     126       0       0       4       0                               0D    950
     102    2115       0       0       0       0       0       001010001D    951
     102       0       0       1       0                               0D    952
     110    2116       0       0       0       0       0       001010501D    953
     110       0       0       1       0                               0D    954
     110    2117       0       0       0       0       0       001010501D    955
     110       0       0       1       0                               0D    956
     110    2118       0       0       0       0       0       001010501D    957
     110       0       0       1       0                               0D    958
     110    2119       0       0       0       0       0       001010501D    959
     110       0       0       2       0                               0D    960
     102    2121       0       0       0       0       0       001010501D    961
     102       0       0       1       0                               0D    962
     142    2122       0       0       0       0       0       001010001D    963
     142       0       0       1       0                               0D    964
     144    2123       0       0   10000       0       0       000000000D    965
     144       0      -1       1       0                PartBody       0D    966
     128    2124       0       0       0       0       0       001010001D    967
     128       0      -1      21       0                               0D    968
     126    2145       0       0       0       0       0       001010001D    969
     126       0       0      12       0                               0D    970
     126    2157       0       0       0       0       0       001010001D    971
     126       0       0       3       0                               0D    972
     126    2160       0       0       0       0       0       001010001D    973
     126       0       0      12       0                               0D    974
     126    2172       0       0       0       0       0       001010001D    975
     126       0       0       3       0                               0D    976
     102    2175       0       0       0       0       0       001010001D    977
     102       0       0       1       0                               0D    978
     110    2176       0       0       0       0       0       001010501D    979
     110       0       0       1       0                               0D    980
     110    2177       0       0       0       0       0       001010501D    981
     110       0       0       1       0                               0D    982
     110    2178       0       0       0       0       0       001010501D    983
     110       0       0       1       0                               0D    984
     110    2179       0       0       0       0       0       001010501D    985
     110       0       0       1       0                               0D    986
     102    2180       0       0       0       0       0       001010501D    987
     102       0       0       1       0                               0D    988
     142    2181       0       0       0       0       0       001010001D    989
     142       0       0       1       0                               0D    990
     144    2182       0       0   10000       0       0       000000000D    991
     144       0      -1       1       0                PartBody       0D    992
     128    2183       0       0       0       0       0       001010001D    993
     128       0      -1      22       0                               0D    994
     126    2205       0       0       0       0       0       001010001D    995
     126       0       0      13       0                               0D    996
     126    2218       0       0       0       0       0       001010001D    997
     126       0       0       3       0                               0D    998
     126    2221       0       0       0       0       0       001010001D    999
     126       0       0      12       0                               0D   1000
     126    2233       0       0       0       0       0       001010001D   1001
     126       0       0       3       0                               0D   1002
     102    2236       0       0       0       0       0       001010001D   1003
     102       0       0       1       0                               0D   1004
     110    2237       0       0       0       0       0       001010501D   1005
     110       0       0       1       0                               0D   1006
     110    2238       0       0       0       0       0       001010501D   1007
     110       0       0       1       0                               0D   1008
     110    2239       0       0       0       0       0       001010501D   1009
     110       0       0       1       0                               0D   1010
     110    2240       0       0       0       0       0       001010501D   1011
     110       0       0       1       0                               0D   1012
     102    2241       0       0       0       0       0       001010501D   1013
     102       0       0       1       0                               0D   1014
     142    2242       0       0       0       0       0       001010001D   1015
     142       0       0       1       0                               0D   1016
     144    2243       0       0   10000       0       0       000000000D   1017
     144       0      -1       1       0                PartBody       0D   1018
     314    2244       0       0       0       0       0       000000201D   1019
     314       0       0       1       0                               0D   1020
     110    2245       0       0       0       0       0       001010001D   1021
     110       0       0       2       0                               0D   1022
     110    2247       0       0       0       0       0       001010001D   1023
     110       0       0       2       0                               0D   1024
     120    2249       0       0       0       0       0       001010001D   1025
     120       0   -1019       1       0                               0D   1026
     110    2250       0       0       0       0       0       001010001D   1027
     110       0       0       2       0                               0D   1028
     126    2252       0       0       0       0       0       001010001D   1029
     126       0       0      12       0                               0D   1030
     110    2264       0       0       0       0       0       001010001D   1031
     110       0       0       2       0                               0D   1032
     124    2266       0       0       0       0       0       001020001D   1033
     124       0       0       2       0                               0D   1034
     100    2268       0       0       0       0    1033       001010001D   1035
     100       0       0       1       0                               0D   1036
     102    2269       0       0       0       0       0       001010001D   1037
     102       0       0       1       0                               0D   1038
     142    2270       0       0       0       0       0       001010001D   1039
     142       0       0       1       0                               0D   1040
     144    2271       0       0   10000       0       0       000000000D   1041
     144       0   -1019       1       0                PartBody       0D   1042
     108    2272       0       0       0       0       0       001010001D   1043
     108       0   -1019       2       0                               0D   1044
     110    2274       0       0       0       0       0       001010001D   1045
     110       0       0       2       0                               0D   1046
     110    2276       0       0       0       0       0       001010001D   1047
     110       0       0       2       0                               0D   1048
     110    2278       0       0       0       0       0       001010001D   1049
     110       0       0       2       0                               0D   1050
     110    2280       0       0       0       0       0       001010001D   1051
     110       0       0       2       0                               0D   1052
     102    2282       0       0       0       0       0       001010001D   1053
     102       0       0       1       0                               0D   1054
     142    2283       0       0       0       0       0       001010001D   1055
     142       0       0       1       0                               0D   1056
     144    2284       0       0   10000       0       0       000000000D   1057
     144       0   -1019       1       0                PartBody       0D   1058
     110    2285       0       0       0       0       0       001010001D   1059
     110       0       0       2       0                               0D   1060
     110    2287       0       0       0       0       0       001010001D   1061
     110       0       0       2       0                               0D   1062
     120    2289       0       0       0       0       0       001010001D   1063
     120       0   -1019       1       0                               0D   1064
     110    2290       0       0       0       0       0       001010001D   1065
     110       0       0       2       0                               0D   1066
     126    2292       0       0       0       0       0       001010001D   1067
     126       0       0      12       0                               0D   1068
     110    2304       0       0       0       0       0       001010001D   1069
     110       0       0       2       0                               0D   1070
     124    2306       0       0       0       0       0       001020001D   1071
     124       0       0       2       0                               0D   1072
     100    2308       0       0       0       0    1071       001010001D   1073
     100       0       0       1       0                               0D   1074
     102    2309       0       0       0       0       0       001010001D   1075
     102       0       0       1       0                               0D   1076
     142    2310       0       0       0       0       0       001010001D   1077
     142       0       0       1       0                               0D   1078
     144    2311       0       0   10000       0       0       000000000D   1079
     144       0   -1019       1       0                PartBody       0D   1080
     108    2312       0       0       0       0       0       001010001D   1081
     108       0   -1019       2       0                               0D   1082
     110    2314       0       0       0       0       0       001010001D   1083
     110       0       0       2       0                               0D   1084
     110    2316       0       0       0       0       0       001010001D   1085
     110       0       0       2       0                               0D   1086
     110    2318       0       0       0       0       0       001010001D   1087
     110       0       0       2       0                               0D   1088
     110    2320       0       0       0       0       0       001010001D   1089
     110       0       0       2       0                               0D   1090
     102    2322       0       0       0       0       0       001010001D   1091
     102       0       0       1       0                               0D   1092
     142    2323       0       0       0       0       0       001010001D   1093
     142       0       0       1       0                               0D   1094
     144    2324       0       0   10000       0       0       000000000D   1095
     144       0   -1019       1       0                PartBody       0D   1096
     110    2325       0       0       0       0       0       001010001D   1097
     110       0       0       2       0                               0D   1098
     124    2327       0       0       0       0       0       001020001D   1099
     124       0       0       2       0                               0D   1100
     100    2329       0       0       0       0    1099       001010001D   1101
     100       0       0       1       0                               0D   1102
     120    2330       0       0       0       0       0       001010001D   1103
     120       0   -1019       1       0                               0D   1104
     124    2331       0       0       0       0       0       001020001D   1105
     124       0       0       2       0                               0D   1106
     100    2333       0       0       0       0    1105       001010001D   1107
     100       0       0       1       0                               0D   1108
     124    2334       0       0       0       0       0       001020001D   1109
     124       0       0       3       0                               0D   1110
     100    2337       0       0       0       0    1109       001010001D   1111
     100       0       0       1       0                               0D   1112
     124    2338       0       0       0       0       0       001020001D   1113
     124       0       0       3       0                               0D   1114
     100    2341       0       0       0       0    1113       001010001D   1115
     100       0       0       1       0                               0D   1116
     124    2342       0       0       0       0       0       001020001D   1117
     124       0       0       2       0                               0D   1118
     100    2344       0       0       0       0    1117       001010001D   1119
     100       0       0       1       0                               0D   1120
     102    2345       0       0       0       0       0       001010001D   1121
     102       0       0       1       0                               0D   1122
     142    2346       0       0       0       0       0       001010001D   1123
     142       0       0       1       0                               0D   1124
     144    2347       0       0   10000       0       0       000000000D   1125
     144       0   -1019       1       0                PartBody       0D   1126
     110    2348       0       0       0       0       0       001010001D   1127
     110       0       0       2       0                               0D   1128
     110    2350       0       0       0       0       0       001010001D   1129
     110       0       0       2       0                               0D   1130
     120    2352       0       0       0       0       0       001010001D   1131
     120       0   -1019       1       0                               0D   1132
     124    2353       0       0       0       0       0       001020001D   1133
     124       0       0       2       0                               0D   1134
     100    2355       0       0       0       0    1133       001010001D   1135
     100       0       0       1       0                               0D   1136
     110    2356       0       0       0       0       0       001010001D   1137
     110       0       0       2       0                               0D   1138
     124    2358       0       0       0       0       0       001020001D   1139
     124       0       0       3       0                               0D   1140
     100    2361       0       0       0       0    1139       001010001D   1141
     100       0       0       1       0                               0D   1142
     110    2362       0       0       0       0       0       001010001D   1143
     110       0       0       2       0                               0D   1144
     102    2364       0       0       0       0       0       001010001D   1145
     102       0       0       1       0                               0D   1146
     142    2365       0       0       0       0       0       001010001D   1147
     142       0       0       1       0                               0D   1148
     144    2366       0       0   10000       0       0       000000000D   1149
     144       0   -1019       1       0                PartBody       0D   1150
     110    2367       0       0       0       0       0       001010001D   1151
     110       0       0       2       0                               0D   1152
     124    2369       0       0       0       0       0       001020001D   1153
     124       0       0       2       0                               0D   1154
     100    2371       0       0       0       0    1153       001010001D   1155
     100       0       0       1       0                               0D   1156
     120    2372       0       0       0       0       0       001010001D   1157
     120       0   -1019       1       0                               0D   1158
     124    2373       0       0       0       0       0       001020001D   1159
     124       0       0       2       0                               0D   1160
     100    2375       0       0       0       0    1159       001010001D   1161
     100       0       0       1       0                               0D   1162
     124    2376       0       0       0       0       0       001020001D   1163
     124       0       0       3       0                               0D   1164
     100    2379       0       0       0       0    1163       001010001D   1165
     100       0       0       1       0                               0D   1166
     124    2380       0       0       0       0       0       001020001D   1167
     124       0       0       3       0                               0D   1168
     100    2383       0       0       0       0    1167       001010001D   1169
     100       0       0       1       0                               0D   1170
     124    2384       0       0       0       0       0       001020001D   1171
     124       0       0       2       0                               0D   1172
     100    2386       0       0       0       0    1171       001010001D   1173
     100       0       0       1       0                               0D   1174
     102    2387       0       0       0       0       0       001010001D   1175
     102       0       0       1       0                               0D   1176
     142    2388       0       0       0       0       0       001010001D   1177
     142       0       0       1       0                               0D   1178
     144    2389       0       0   10000       0       0       000000000D   1179
     144       0   -1019       1       0                PartBody       0D   1180
     110    2390       0       0       0       0       0       001010001D   1181
     110       0       0       2       0                               0D   1182
     110    2392       0       0       0       0       0       001010001D   1183
     110       0       0       2       0                               0D   1184
     120    2394       0       0       0       0       0       001010001D   1185
     120       0   -1019       1       0                               0D   1186
     124    2395       0       0       0       0       0       001020001D   1187
     124       0       0       2       0                               0D   1188
     100    2397       0       0       0       0    1187       001010001D   1189
     100       0       0       1       0                               0D   1190
     110    2398       0       0       0       0       0       001010001D   1191
     110       0       0       2       0                               0D   1192
     124    2400       0       0       0       0       0       001020001D   1193
     124       0       0       3       0                               0D   1194
     100    2403       0       0       0       0    1193       001010001D   1195
     100       0       0       1       0                               0D   1196
     110    2404       0       0       0       0       0       001010001D   1197
     110       0       0       2       0                               0D   1198
     102    2406       0       0       0       0       0       001010001D   1199
     102       0       0       1       0                               0D   1200
     142    2407       0       0       0       0       0       001010001D   1201
     142       0       0       1       0                               0D   1202
     144    2408       0       0   10000       0       0       000000000D   1203
     144       0   -1019       1       0                PartBody       0D   1204
     108    2409       0       0       0       0       0       001010001D   1205
     108       0   -1019       2       0                               0D   1206
     124    2411       0       0       0       0       0       001020001D   1207
     124       0       0       2       0                               0D   1208
     100    2413       0       0       0       0    1207       001010001D   1209
     100       0       0       1       0                               0D   1210
     110    2414       0       0       0       0       0       001010001D   1211
     110       0       0       2       0                               0D   1212
     124    2416       0       0       0       0       0       001020001D   1213
     124       0       0       2       0                               0D   1214
     100    2418       0       0       0       0    1213       001010001D   1215
     100       0       0       1       0                               0D   1216
     110    2419       0       0       0       0       0       001010001D   1217
     110       0       0       2       0                               0D   1218
     102    2421       0       0       0       0       0       001010001D   1219
     102       0       0       1       0                               0D   1220
     142    2422       0       0       0       0       0       001010001D   1221
     142       0       0       1       0                               0D   1222
     144    2423       0       0   10000       0       0       000000000D   1223
     144       0   -1019       1       0                PartBody       0D   1224
     128    2424       0       0       0       0       0       001010001D   1225
     128       0      -1      43       0                               0D   1226
     126    2467       0       0       0       0       0       001010001D   1227
     126       0       0      25       0                               0D   1228
     126    2492       0       0       0       0       0       001010001D   1229
     126       0       0       3       0                               0D   1230
     126    2495       0       0       0       0       0       001010001D   1231
     126       0       0      25       0                               0D   1232
     126    2520       0       0       0       0       0       001010001D   1233
     126       0       0       2       0                               0D   1234
     102    2522       0       0       0       0       0       001010001D   1235
     102       0       0       1       0                               0D   1236
     110    2523       0       0       0       0       0       001010501D   1237
     110       0       0       1       0                               0D   1238
     110    2524       0       0       0       0       0       001010501D   1239
     110       0       0       1       0                               0D   1240
     110    2525       0       0       0       0       0       001010501D   1241
     110       0       0       1       0                               0D   1242
     110    2526       0       0       0       0       0       001010501D   1243
     110       0       0       1       0                               0D   1244
     102    2527       0       0       0       0       0       001010501D   1245
     102       0       0       1       0                               0D   1246
     142    2528       0       0       0       0       0       001010001D   1247
     142       0       0       1       0                               0D   1248
     144    2529       0       0   10000       0       0       000000000D   1249
     144       0      -1       1       0                PartBody       0D   1250
     128    2530       0       0       0       0       0       001010001D   1251
     128       0      -1      47       0                               0D   1252
     126    2577       0       0       0       0       0       001010001D   1253
     126       0       0      27       0                               0D   1254
     126    2604       0       0       0       0       0       001010001D   1255
     126       0       0       4       0                               0D   1256
     126    2608       0       0       0       0       0       001010001D   1257
     126       0       0      27       0                               0D   1258
     126    2635       0       0       0       0       0       001010001D   1259
     126       0       0       2       0                               0D   1260
     102    2637       0       0       0       0       0       001010001D   1261
     102       0       0       1       0                               0D   1262
     110    2638       0       0       0       0       0       001010501D   1263
     110       0       0       1       0                               0D   1264
     110    2639       0       0       0       0       0       001010501D   1265
     110       0       0       2       0                               0D   1266
     110    2641       0       0       0       0       0       001010501D   1267
     110       0       0       1       0                               0D   1268
     110    2642       0       0       0       0       0       001010501D   1269
     110       0       0       1       0                               0D   1270
     102    2643       0       0       0       0       0       001010501D   1271
     102       0       0       1       0                               0D   1272
     142    2644       0       0       0       0       0       001010001D   1273
     142       0       0       1       0                               0D   1274
     144    2645       0       0   10000       0       0       000000000D   1275
     144       0      -1       1       0                PartBody       0D   1276
     128    2646       0       0       0       0       0       001010001D   1277
     128       0      -1      95       0                               0D   1278
     126    2741       0       0       0       0       0       001010001D   1279
     126       0       0       5       0                               0D   1280
     126    2746       0       0       0       0       0       001010001D   1281
     126       0       0      17       0                               0D   1282
     126    2763       0       0       0       0       0       001010001D   1283
     126       0       0      13       0                               0D   1284
     126    2776       0       0       0       0       0       001010001D   1285
     126       0       0       5       0                               0D   1286
     126    2781       0       0       0       0       0       001010001D   1287
     126       0       0       6       0                               0D   1288
     126    2787       0       0       0       0       0       001010001D   1289
     126       0       0       5       0                               0D   1290
     126    2792       0       0       0       0       0       001010001D   1291
     126       0       0      12       0                               0D   1292
     102    2804       0       0       0       0       0       001010001D   1293
     102       0       0       1       0                               0D   1294
     126    2805       0       0       0       0       0       001010501D   1295
     126       0       0       6       0                               0D   1296
     126    2811       0       0       0       0       0       001010501D   1297
     126       0       0      18       0                               0D   1298
     126    2829       0       0       0       0       0       001010501D   1299
     126       0       0      11       0                               0D   1300
     126    2840       0       0       0       0       0       001010501D   1301
     126       0       0       6       0                               0D   1302
     126    2846       0       0       0       0       0       001010501D   1303
     126       0       0       8       0                               0D   1304
     126    2854       0       0       0       0       0       001010501D   1305
     126       0       0       6       0                               0D   1306
     126    2860       0       0       0       0       0       001010501D   1307
     126       0       0      13       0                               0D   1308
     102    2873       0       0       0       0       0       001010501D   1309
     102       0       0       1       0                               0D   1310
     142    2874       0       0       0       0       0       001010001D   1311
     142       0       0       1       0                               0D   1312
     144    2875       0       0   10000       0       0       000000000D   1313
     144       0      -1       1       0                PartBody       0D   1314
     128    2876       0       0       0       0       0       001010001D   1315
     128       0      -1      12       0                               0D   1316
     126    2888       0       0       0       0       0       001010001D   1317
     126       0       0       3       0                               0D   1318
     126    2891       0       0       0       0       0       001010001D   1319
     126       0       0       7       0                               0D   1320
     126    2898       0       0       0       0       0       001010001D   1321
     126       0       0       4       0                               0D   1322
     126    2902       0       0       0       0       0       001010001D   1323
     126       0       0       8       0                               0D   1324
     102    2910       0       0       0       0       0       001010001D   1325
     102       0       0       1       0                               0D   1326
     110    2911       0       0       0       0       0       001010501D   1327
     110       0       0       1       0                               0D   1328
     110    2912       0       0       0       0       0       001010501D   1329
     110       0       0       1       0                               0D   1330
     110    2913       0       0       0       0       0       001010501D   1331
     110       0       0       2       0                               0D   1332
     110    2915       0       0       0       0       0       001010501D   1333
     110       0       0       2       0                               0D   1334
     102    2917       0       0       0       0       0       001010501D   1335
     102       0       0       1       0                               0D   1336
     142    2918       0       0       0       0       0       001010001D   1337
     142       0       0       1       0                               0D   1338
     144    2919       0       0   10000       0       0       000000000D   1339
     144       0      -1       1       0                PartBody       0D   1340
     128    2920       0       0       0       0       0       001010001D   1341
     128       0      -1      57       0                               0D   1342
     126    2977       0       0       0       0       0       001010001D   1343
     126       0       0       6       0                               0D   1344
     126    2983       0       0       0       0       0       001010001D   1345
     126       0       0       7       0                               0D   1346
     126    2990       0       0       0       0       0       001010001D   1347
     126       0       0       5       0                               0D   1348
     126    2995       0       0       0       0       0       001010001D   1349
     126       0       0       7       0                               0D   1350
     126    3002       0       0       0       0       0       001010001D   1351
     126       0       0       5       0                               0D   1352
     102    3007       0       0       0       0       0       001010001D   1353
     102       0       0       1       0                               0D   1354
     126    3008       0       0       0       0       0       001010501D   1355
     126       0       0       8       0                               0D   1356
     126    3016       0       0       0       0       0       001010501D   1357
     126       0       0      11       0                               0D   1358
     126    3027       0       0       0       0       0       001010501D   1359
     126       0       0       6       0                               0D   1360
     126    3033       0       0       0       0       0       001010501D   1361
     126       0       0       9       0                               0D   1362
     126    3042       0       0       0       0       0       001010501D   1363
     126       0       0       6       0                               0D   1364
     102    3048       0       0       0       0       0       001010501D   1365
     102       0       0       1       0                               0D   1366
     142    3049       0       0       0       0       0       001010001D   1367
     142       0       0       1       0                               0D   1368
     144    3050       0       0   10000       0       0       000000000D   1369
     144       0      -1       1       0                PartBody       0D   1370
     314    3051       0       0       0       0       0       000000201D   1371
     314       0       0       1       0                               0D   1372
     128    3052       0       0       0       0       0       001010001D   1373
     128       0   -1371      42       0                               0D   1374
     126    3094       0       0       0       0       0       001010001D   1375
     126       0       0      24       0                               0D   1376
     126    3118       0       0       0       0       0       001010001D   1377
     126       0       0       2       0                               0D   1378
     126    3120       0       0       0       0       0       001010001D   1379
     126       0       0      24       0                               0D   1380
     126    3144       0       0       0       0       0       001010001D   1381
     126       0       0       2       0                               0D   1382
     102    3146       0       0       0       0       0       001010001D   1383
     102       0       0       1       0                               0D   1384
     110    3147       0       0       0       0       0       001010501D   1385
     110       0       0       1       0                               0D   1386
     110    3148       0       0       0       0       0       001010501D   1387
     110       0       0       1       0                               0D   1388
     110    3149       0       0       0       0       0       001010501D   1389
     110       0       0       1       0                               0D   1390
     110    3150       0       0       0       0       0       001010501D   1391
     110       0       0       1       0                               0D   1392
     102    3151       0       0       0       0       0       001010501D   1393
     102       0       0       1       0                               0D   1394
     142    3152       0       0       0       0       0       001010001D   1395
     142       0       0       1       0                               0D   1396
     144    3153       0       0   10000       0       0       000000000D   1397
     144       0   -1371       1       0                PartBody       0D   1398
     128    3154       0       0       0       0       0       001010001D   1399
     128       0   -1371      94       0                               0D   1400
     126    3248       0       0       0       0       0       001010001D   1401
     126       0       0       5       0                               0D   1402
     126    3253       0       0       0       0       0       001010001D   1403
     126       0       0      18       0                               0D   1404
     126    3271       0       0       0       0       0       001010001D   1405
     126       0       0      12       0                               0D   1406
     126    3283       0       0       0       0       0       001010001D   1407
     126       0       0       5       0                               0D   1408
     126    3288       0       0       0       0       0       001010001D   1409
     126       0       0       6       0                               0D   1410
     126    3294       0       0       0       0       0       001010001D   1411
     126       0       0       5       0                               0D   1412
     126    3299       0       0       0       0       0       001010001D   1413
     126       0       0      12       0                               0D   1414
     102    3311       0       0       0       0       0       001010001D   1415
     102       0       0       1       0                               0D   1416
     126    3312       0       0       0       0       0       001010501D   1417
     126       0       0       6       0                               0D   1418
     126    3318       0       0       0       0       0       001010501D   1419
     126       0       0      18       0                               0D   1420
     126    3336       0       0       0       0       0       001010501D   1421
     126       0       0      11       0                               0D   1422
     126    3347       0       0       0       0       0       001010501D   1423
     126       0       0       6       0                               0D   1424
     126    3353       0       0       0       0       0       001010501D   1425
     126       0       0       8       0                               0D   1426
     126    3361       0       0       0       0       0       001010501D   1427
     126       0       0       6       0                               0D   1428
     126    3367       0       0       0       0       0       001010501D   1429
     126       0       0      13       0                               0D   1430
     102    3380       0       0       0       0       0       001010501D   1431
     102       0       0       1       0                               0D   1432
     142    3381       0       0       0       0       0       001010001D   1433
     142       0       0       1       0                               0D   1434
     144    3382       0       0   10000       0       0       000000000D   1435
     144       0   -1371       1       0                PartBody       0D   1436
     128    3383       0       0       0       0       0       001010001D   1437
     128       0   -1371      17       0                               0D   1438
     126    3400       0       0       0       0       0       001010001D   1439
     126       0       0       3       0                               0D   1440
     126    3403       0       0       0       0       0       001010001D   1441
     126       0       0      10       0                               0D   1442
     126    3413       0       0       0       0       0       001010001D   1443
     126       0       0       4       0                               0D   1444
     126    3417       0       0       0       0       0       001010001D   1445
     126       0       0      10       0                               0D   1446
     102    3427       0       0       0       0       0       001010001D   1447
     102       0       0       1       0                               0D   1448
     110    3428       0       0       0       0       0       001010501D   1449
     110       0       0       2       0                               0D   1450
     110    3430       0       0       0       0       0       001010501D   1451
     110       0       0       1       0                               0D   1452
     110    3431       0       0       0       0       0       001010501D   1453
     110       0       0       2       0                               0D   1454
     110    3433       0       0       0       0       0       001010501D   1455
     110       0       0       2       0                               0D   1456
     102    3435       0       0       0       0       0       001010501D   1457
     102       0       0       1       0                               0D   1458
     142    3436       0       0       0       0       0       001010001D   1459
     142       0       0       1       0                               0D   1460
     144    3437       0       0   10000       0       0       000000000D   1461
     144       0   -1371       1       0                PartBody       0D   1462
     128    3438       0       0       0       0       0       001010001D   1463
     128       0   -1371      57       0                               0D   1464
     126    3495       0       0       0       0       0       001010001D   1465
     126       0       0       5       0                               0D   1466
     126    3500       0       0       0       0       0       001010001D   1467
     126       0       0       7       0                               0D   1468
     126    3507       0       0       0       0       0       001010001D   1469
     126       0       0       5       0                               0D   1470
     126    3512       0       0       0       0       0       001010001D   1471
     126       0       0       7       0                               0D   1472
     126    3519       0       0       0       0       0       001010001D   1473
     126       0       0       5       0                               0D   1474
     102    3524       0       0       0       0       0       001010001D   1475
     102       0       0       1       0                               0D   1476
     126    3525       0       0       0       0       0       001010501D   1477
     126       0       0       8       0                               0D   1478
     126    3533       0       0       0       0       0       001010501D   1479
     126       0       0      11       0                               0D   1480
     126    3544       0       0       0       0       0       001010501D   1481
     126       0       0       6       0                               0D   1482
     126    3550       0       0       0       0       0       001010501D   1483
     126       0       0       9       0                               0D   1484
     126    3559       0       0       0       0       0       001010501D   1485
     126       0       0       6       0                               0D   1486
     102    3565       0       0       0       0       0       001010501D   1487
     102       0       0       1       0                               0D   1488
     142    3566       0       0       0       0       0       001010001D   1489
     142       0       0       1       0                               0D   1490
     144    3567       0       0   10000       0       0       000000000D   1491
     144       0   -1371       1       0                PartBody       0D   1492
     110    3568       0       0       0       0       0       001010001D   1493
     110       0       0       1       0                               0D   1494
     110    3569       0       0       0       0       0       001010001D   1495
     110       0       0       1       0                               0D   1496
     120    3570       0       0       0       0       0       001010001D   1497
     120       0   -1019       1       0                               0D   1498
     110    3571       0       0       0       0       0       001010001D   1499
     110       0       0       1       0                               0D   1500
     126    3572       0       0       0       0       0       001010001D   1501
     126       0       0      11       0                               0D   1502
     110    3583       0       0       0       0       0       001010001D   1503
     110       0       0       1       0                               0D   1504
     124    3584       0       0       0       0       0       001020001D   1505
     124       0       0       1       0                               0D   1506
     100    3585       0       0       0       0    1505       001010001D   1507
     100       0       0       1       0                               0D   1508
     102    3586       0       0       0       0       0       001010001D   1509
     102       0       0       1       0                               0D   1510
     142    3587       0       0       0       0       0       001010001D   1511
     142       0       0       1       0                               0D   1512
     144    3588       0       0   10000       0       0       000000000D   1513
     144       0   -1019       1       0                PartBody       0D   1514
     110    3589       0       0       0       0       0       001010001D   1515
     110       0       0       1       0                               0D   1516
     110    3590       0       0       0       0       0       001010001D   1517
     110       0       0       1       0                               0D   1518
     120    3591       0       0       0       0       0       001010001D   1519
     120       0   -1019       1       0                               0D   1520
     110    3592       0       0       0       0       0       001010001D   1521
     110       0       0       1       0                               0D   1522
     126    3593       0       0       0       0       0       001010001D   1523
     126       0       0      11       0                               0D   1524
     110    3604       0       0       0       0       0       001010001D   1525
     110       0       0       1       0                               0D   1526
     124    3605       0       0       0       0       0       001020001D   1527
     124       0       0       1       0                               0D   1528
     100    3606       0       0       0       0    1527       001010001D   1529
     100       0       0       1       0                               0D   1530
     102    3607       0       0       0       0       0       001010001D   1531
     102       0       0       1       0                               0D   1532
     142    3608       0       0       0       0       0       001010001D   1533
     142       0       0       1       0                               0D   1534
     144    3609       0       0   10000       0       0       000000000D   1535
     144       0   -1019       1       0                PartBody       0D   1536
     110    3610       0       0       0       0       0       001010001D   1537
     110       0       0       1       0                               0D   1538
     110    3611       0       0       0       0       0       001010001D   1539
     110       0       0       1       0                               0D   1540
     120    3612       0       0       0       0       0       001010001D   1541
     120       0       4       1       0                               0D   1542
     110    3613       0       0       0       0       0       001010001D   1543
     110       0       0       2       0                               0D   1544
     126    3615       0       0       0       0       0       001010001D   1545
     126       0       0      19       0                               0D   1546
     110    3634       0       0       0       0       0       001010001D   1547
     110       0       0       1       0                               0D   1548
     126    3635       0       0       0       0       0       001010001D   1549
     126       0       0      14       0                               0D   1550
     126    3649       0       0       0       0       0       001010001D   1551
     126       0       0       5       0                               0D   1552
     126    3654       0       0       0       0       0       001010001D   1553
     126       0       0       5       0                               0D   1554
     102    3659       0       0       0       0       0       001010001D   1555
     102       0       0       1       0                               0D   1556
     142    3660       0       0       0       0       0       001010001D   1557
     142       0       0       1       0                               0D   1558
     144    3661       0       0   10000       0       0       000000000D   1559
     144       0       4       1       0                PartBody       0D   1560
     110    3662       0       0       0       0       0       001010001D   1561
     110       0       0       1       0                               0D   1562
     110    3663       0       0       0       0       0       001010001D   1563
     110       0       0       1       0                               0D   1564
     120    3664       0       0       0       0       0       001010001D   1565
     120       0       4       1       0                               0D   1566
     110    3665       0       0       0       0       0       001010001D   1567
     110       0       0       2       0                               0D   1568
     126    3667       0       0       0       0       0       001010001D   1569
     126       0       0      17       0                               0D   1570
     110    3684       0       0       0       0       0       001010001D   1571
     110       0       0       1       0                               0D   1572
     126    3685       0       0       0       0       0       001010001D   1573
     126       0       0      16       0                               0D   1574
     102    3701       0       0       0       0       0       001010001D   1575
     102       0       0       1       0                               0D   1576
     142    3702       0       0       0       0       0       001010001D   1577
     142       0       0       1       0                               0D   1578
     144    3703       0       0   10000       0       0       000000000D   1579
     144       0       4       1       0                PartBody       0D   1580
     128    3704       0       0       0       0       0       001010001D   1581
     128       0      -1      48       0                               0D   1582
     126    3752       0       0       0       0       0       001010001D   1583
     126       0       0      27       0                               0D   1584
     126    3779       0       0       0       0       0       001010001D   1585
     126       0       0       2       0                               0D   1586
     126    3781       0       0       0       0       0       001010001D   1587
     126       0       0      27       0                               0D   1588
     126    3808       0       0       0       0       0       001010001D   1589
     126       0       0       3       0                               0D   1590
     102    3811       0       0       0       0       0       001010001D   1591
     102       0       0       1       0                               0D   1592
     110    3812       0       0       0       0       0       001010501D   1593
     110       0       0       1       0                               0D   1594
     110    3813       0       0       0       0       0       001010501D   1595
     110       0       0       1       0                               0D   1596
     110    3814       0       0       0       0       0       001010501D   1597
     110       0       0       1       0                               0D   1598
     110    3815       0       0       0       0       0       001010501D   1599
     110       0       0       1       0                               0D   1600
     102    3816       0       0       0       0       0       001010501D   1601
     102       0       0       1       0                               0D   1602
     142    3817       0       0       0       0       0       001010001D   1603
     142       0       0       1       0                               0D   1604
     144    3818       0       0   10000       0       0       000000000D   1605
     144       0      -1       1       0                PartBody       0D   1606
     110    3819       0       0       0       0       0       001010001D   1607
     110       0       0       1       0                               0D   1608
     110    3820       0       0       0       0       0       001010001D   1609
     110       0       0       2       0                               0D   1610
     120    3822       0       0       0       0       0       001010001D   1611
     120       0       4       1       0                               0D   1612
     110    3823       0       0       0       0       0       001010001D   1613
     110       0       0       1       0                               0D   1614
     126    3824       0       0       0       0       0       001010001D   1615
     126       0       0      21       0                               0D   1616
     110    3845       0       0       0       0       0       001010001D   1617
     110       0       0       2       0                               0D   1618
     126    3847       0       0       0       0       0       001010001D   1619
     126       0       0       5       0                               0D   1620
     126    3852       0       0       0       0       0       001010001D   1621
     126       0       0       6       0                               0D   1622
     126    3858       0       0       0       0       0       001010001D   1623
     126       0       0       6       0                               0D   1624
     126    3864       0       0       0       0       0       001010001D   1625
     126       0       0      12       0                               0D   1626
     102    3876       0       0       0       0       0       001010001D   1627
     102       0       0       1       0                               0D   1628
     142    3877       0       0       0       0       0       001010001D   1629
     142       0       0       1       0                               0D   1630
     144    3878       0       0   10000       0       0       000000000D   1631
     144       0       4       1       0                PartBody       0D   1632
     128    3879       0       0       0       0       0       001010001D   1633
     128       0      -1      12       0                               0D   1634
     126    3891       0       0       0       0       0       001010001D   1635
     126       0       0       3       0                               0D   1636
     126    3894       0       0       0       0       0       001010001D   1637
     126       0       0       7       0                               0D   1638
     126    3901       0       0       0       0       0       001010001D   1639
     126       0       0       4       0                               0D   1640
     126    3905       0       0       0       0       0       001010001D   1641
     126       0       0       8       0                               0D   1642
     102    3913       0       0       0       0       0       001010001D   1643
     102       0       0       1       0                               0D   1644
     110    3914       0       0       0       0       0       001010501D   1645
     110       0       0       2       0                               0D   1646
     110    3916       0       0       0       0       0       001010501D   1647
     110       0       0       1       0                               0D   1648
     110    3917       0       0       0       0       0       001010501D   1649
     110       0       0       2       0                               0D   1650
     110    3919       0       0       0       0       0       001010501D   1651
     110       0       0       1       0                               0D   1652
     102    3920       0       0       0       0       0       001010501D   1653
     102       0       0       1       0                               0D   1654
     142    3921       0       0       0       0       0       001010001D   1655
     142       0       0       1       0                               0D   1656
     144    3922       0       0   10000       0       0       000000000D   1657
     144       0      -1       1       0                PartBody       0D   1658
     110    3923       0       0       0       0       0       001010001D   1659
     110       0       0       1       0                               0D   1660
     110    3924       0       0       0       0       0       001010001D   1661
     110       0       0       1       0                               0D   1662
     120    3925       0       0       0       0       0       001010001D   1663
     120       0       4       1       0                               0D   1664
     110    3926       0       0       0       0       0       001010001D   1665
     110       0       0       1       0                               0D   1666
     126    3927       0       0       0       0       0       001010001D   1667
     126       0       0      21       0                               0D   1668
     110    3948       0       0       0       0       0       001010001D   1669
     110       0       0       1       0                               0D   1670
     126    3949       0       0       0       0       0       001010001D   1671
     126       0       0      14       0                               0D   1672
     126    3963       0       0       0       0       0       001010001D   1673
     126       0       0       5       0                               0D   1674
     126    3968       0       0       0       0       0       001010001D   1675
     126       0       0       5       0                               0D   1676
     102    3973       0       0       0       0       0       001010001D   1677
     102       0       0       1       0                               0D   1678
     142    3974       0       0       0       0       0       001010001D   1679
     142       0       0       1       0                               0D   1680
     144    3975       0       0   10000       0       0       000000000D   1681
     144       0       4       1       0                PartBody       0D   1682
     110    3976       0       0       0       0       0       001010001D   1683
     110       0       0       1       0                               0D   1684
     110    3977       0       0       0       0       0       001010001D   1685
     110       0       0       2       0                               0D   1686
     120    3979       0       0       0       0       0       001010001D   1687
     120       0       4       1       0                               0D   1688
     110    3980       0       0       0       0       0       001010001D   1689
     110       0       0       1       0                               0D   1690
     126    3981       0       0       0       0       0       001010001D   1691
     126       0       0      22       0                               0D   1692
     110    4003       0       0       0       0       0       001010001D   1693
     110       0       0       1       0                               0D   1694
     126    4004       0       0       0       0       0       001010001D   1695
     126       0       0       5       0                               0D   1696
     126    4009       0       0       0       0       0       001010001D   1697
     126       0       0       6       0                               0D   1698
     126    4015       0       0       0       0       0       001010001D   1699
     126       0       0       6       0                               0D   1700
     126    4021       0       0       0       0       0       001010001D   1701
     126       0       0      12       0                               0D   1702
     102    4033       0       0       0       0       0       001010001D   1703
     102       0       0       1       0                               0D   1704
     142    4034       0       0       0       0       0       001010001D   1705
     142       0       0       1       0                               0D   1706
     144    4035       0       0   10000       0       0       000000000D   1707
     144       0       4       1       0                PartBody       0D   1708
     128    4036       0       0       0       0       0       001010001D   1709
     128       0   -1371      12       0                               0D   1710
     126    4048       0       0       0       0       0       001010001D   1711
     126       0       0       3       0                               0D   1712
     126    4051       0       0       0       0       0       001010001D   1713
     126       0       0       7       0                               0D   1714
     126    4058       0       0       0       0       0       001010001D   1715
     126       0       0       4       0                               0D   1716
     126    4062       0       0       0       0       0       001010001D   1717
     126       0       0       7       0                               0D   1718
     102    4069       0       0       0       0       0       001010001D   1719
     102       0       0       1       0                               0D   1720
     110    4070       0       0       0       0       0       001010501D   1721
     110       0       0       2       0                               0D   1722
     110    4072       0       0       0       0       0       001010501D   1723
     110       0       0       1       0                               0D   1724
     110    4073       0       0       0       0       0       001010501D   1725
     110       0       0       2       0                               0D   1726
     110    4075       0       0       0       0       0       001010501D   1727
     110       0       0       1       0                               0D   1728
     102    4076       0       0       0       0       0       001010501D   1729
     102       0       0       1       0                               0D   1730
     142    4077       0       0       0       0       0       001010001D   1731
     142       0       0       1       0                               0D   1732
     144    4078       0       0   10000       0       0       000000000D   1733
     144       0   -1371       1       0                PartBody       0D   1734
     108    4079       0       0       0       0       0       001010001D   1735
     108       0   -1019       1       0                               0D   1736
     110    4080       0       0       0       0       0       001010001D   1737
     110       0       0       1       0                               0D   1738
     124    4081       0       0       0       0       0       001020001D   1739
     124       0       0       1       0                               0D   1740
     100    4082       0       0       0       0    1739       001010001D   1741
     100       0       0       1       0                               0D   1742
     110    4083       0       0       0       0       0       001010001D   1743
     110       0       0       1       0                               0D   1744
     124    4084       0       0       0       0       0       001020001D   1745
     124       0       0       1       0                               0D   1746
     100    4085       0       0       0       0    1745       001010001D   1747
     100       0       0       1       0                               0D   1748
     102    4086       0       0       0       0       0       001010001D   1749
     102       0       0       1       0                               0D   1750
     142    4087       0       0       0       0       0       001010001D   1751
     142       0       0       1       0                               0D   1752
     144    4088       0       0   10000       0       0       000000000D   1753
     144       0   -1019       1       0                PartBody       0D   1754
     110    4089       0       0       0       0       0       001010001D   1755
     110       0       0       1       0                               0D   1756
     110    4090       0       0       0       0       0       001010001D   1757
     110       0       0       1       0                               0D   1758
     120    4091       0       0       0       0       0       001010001D   1759
     120       0   -1371       1       0                               0D   1760
     124    4092       0       0       0       0       0       001020001D   1761
     124       0       0       1       0                               0D   1762
     100    4093       0       0       0       0    1761       001010001D   1763
     100       0       0       1       0                               0D   1764
     110    4094       0       0       0       0       0       001010001D   1765
     110       0       0       1       0                               0D   1766
     124    4095       0       0       0       0       0       001020001D   1767
     124       0       0       1       0                               0D   1768
     100    4096       0       0       0       0    1767       001010001D   1769
     100       0       0       1       0                               0D   1770
     110    4097       0       0       0       0       0       001010001D   1771
     110       0       0       1       0                               0D   1772
     102    4098       0       0       0       0       0       001010001D   1773
     102       0       0       1       0                               0D   1774
     142    4099       0       0       0       0       0       001010001D   1775
     142       0       0       1       0                               0D   1776
     144    4100       0       0   10000       0       0       000000000D   1777
     144       0   -1371       1       0                PartBody       0D   1778
     110    4101       0       0       0       0       0       001010001D   1779
     110       0       0       1       0                               0D   1780
     110    4102       0       0       0       0       0       001010001D   1781
     110       0       0       1       0                               0D   1782
     120    4103       0       0       0       0       0       001010001D   1783
     120       0   -1371       1       0                               0D   1784
     124    4104       0       0       0       0       0       001020001D   1785
     124       0       0       1       0                               0D   1786
     100    4105       0       0       0       0    1785       001010001D   1787
     100       0       0       1       0                               0D   1788
     110    4106       0       0       0       0       0       001010001D   1789
     110       0       0       1       0                               0D   1790
     124    4107       0       0       0       0       0       001020001D   1791
     124       0       0       1       0                               0D   1792
     100    4108       0       0       0       0    1791       001010001D   1793
     100       0       0       1       0                               0D   1794
     110    4109       0       0       0       0       0       001010001D   1795
     110       0       0       1       0                               0D   1796
     102    4110       0       0       0       0       0       001010001D   1797
     102       0       0       1       0                               0D   1798
     142    4111       0       0       0       0       0       001010001D   1799
     142       0       0       1       0                               0D   1800
     144    4112       0       0   10000       0       0       000000000D   1801
     144       0   -1371       1       0                PartBody       0D   1802
     108    4113       0       0       0       0       0       001010001D   1803
     108       0      -1       1       0                               0D   1804
     124    4114       0       0       0       0       0       001020001D   1805
     124       0       0       1       0                               0D   1806
     100    4115       0       0       0       0    1805       001010001D   1807
     100       0       0       1       0                               0D   1808
     124    4116       0       0       0       0       0       001020001D   1809
     124       0       0       2       0                               0D   1810
     100    4118       0       0       0       0    1809       001010001D   1811
     100       0       0       1       0                               0D   1812
     124    4119       0       0       0       0       0       001020001D   1813
     124       0       0       1       0                               0D   1814
     100    4120       0       0       0       0    1813       001010001D   1815
     100       0       0       1       0                               0D   1816
     102    4121       0       0       0       0       0       001010001D   1817
     102       0       0       1       0                               0D   1818
     142    4122       0       0       0       0       0       001010001D   1819
     142       0       0       1       0                               0D   1820
     144    4123       0       0   10000       0       0       000000000D   1821
     144       0      -1       1       0                PartBody       0D   1822
     128    4124       0       0       0       0       0       001010001D   1823
     128       0      -1      53       0                               0D   1824
     126    4177       0       0       0       0       0       001010001D   1825
     126       0       0      30       0                               0D   1826
     126    4207       0       0       0       0       0       001010001D   1827
     126       0       0       2       0                               0D   1828
     126    4209       0       0       0       0       0       001010001D   1829
     126       0       0      30       0                               0D   1830
     126    4239       0       0       0       0       0       001010001D   1831
     126       0       0       2       0                               0D   1832
     102    4241       0       0       0       0       0       001010001D   1833
     102       0       0       1       0                               0D   1834
     110    4242       0       0       0       0       0       001010501D   1835
     110       0       0       1       0                               0D   1836
     110    4243       0       0       0       0       0       001010501D   1837
     110       0       0       1       0                               0D   1838
     110    4244       0       0       0       0       0       001010501D   1839
     110       0       0       1       0                               0D   1840
     110    4245       0       0       0       0       0       001010501D   1841
     110       0       0       1       0                               0D   1842
     102    4246       0       0       0       0       0       001010501D   1843
     102       0       0       1       0                               0D   1844
     142    4247       0       0       0       0       0       001010001D   1845
     142       0       0       1       0                               0D   1846
     144    4248       0       0   10000       0       0       000000000D   1847
     144       0      -1       1       0                PartBody       0D   1848
     110    4249       0       0       0       0       0       001010001D   1849
     110       0       0       1       0                               0D   1850
     110    4250       0       0       0       0       0       001010001D   1851
     110       0       0       1       0                               0D   1852
     120    4251       0       0       0       0       0       001010001D   1853
     120       0      -1       1       0                               0D   1854
     124    4252       0       0       0       0       0       001020001D   1855
     124       0       0       2       0                               0D   1856
     100    4254       0       0       0       0    1855       001010001D   1857
     100       0       0       1       0                               0D   1858
     110    4255       0       0       0       0       0       001010001D   1859
     110       0       0       1       0                               0D   1860
     124    4256       0       0       0       0       0       001020001D   1861
     124       0       0       1       0                               0D   1862
     100    4257       0       0       0       0    1861       001010001D   1863
     100       0       0       1       0                               0D   1864
     124    4258       0       0       0       0       0       001020001D   1865
     124       0       0       2       0                               0D   1866
     100    4260       0       0       0       0    1865       001010001D   1867
     100       0       0       1       0                               0D   1868
     110    4261       0       0       0       0       0       001010001D   1869
     110       0       0       1       0                               0D   1870
     124    4262       0       0       0       0       0       001020001D   1871
     124       0       0       2       0                               0D   1872
     100    4264       0       0       0       0    1871       001010001D   1873
     100       0       0       1       0                               0D   1874
     102    4265       0       0       0       0       0       001010001D   1875
     102       0       0       1       0                               0D   1876
     142    4266       0       0       0       0       0       001010001D   1877
     142       0       0       1       0                               0D   1878
     144    4267       0       0   10000       0       0       000000000D   1879
     144       0      -1       1       0                PartBody       0D   1880
     128    4268       0       0       0       0       0       001010001D   1881
     128       0   -1371      31       0                               0D   1882
     126    4299       0       0       0       0       0       001010001D   1883
     126       0       0       5       0                               0D   1884
     126    4304       0       0       0       0       0       001010001D   1885
     126       0       0       6       0                               0D   1886
     126    4310       0       0       0       0       0       001010001D   1887
     126       0       0       6       0                               0D   1888
     126    4316       0       0       0       0       0       001010001D   1889
     126       0       0       6       0                               0D   1890
     102    4322       0       0       0       0       0       001010001D   1891
     102       0       0       1       0                               0D   1892
     126    4323       0       0       0       0       0       001010501D   1893
     126       0       0       6       0                               0D   1894
     126    4329       0       0       0       0       0       001010501D   1895
     126       0       0       8       0                               0D   1896
     126    4337       0       0       0       0       0       001010501D   1897
     126       0       0       6       0                               0D   1898
     126    4343       0       0       0       0       0       001010501D   1899
     126       0       0       8       0                               0D   1900
     102    4351       0       0       0       0       0       001010501D   1901
     102       0       0       1       0                               0D   1902
     142    4352       0       0       0       0       0       001010001D   1903
     142       0       0       1       0                               0D   1904
     144    4353       0       0   10000       0       0       000000000D   1905
     144       0   -1371       1       0                PartBody       0D   1906
     128    4354       0       0       0       0       0       001010001D   1907
     128       0      -1      31       0                               0D   1908
     126    4385       0       0       0       0       0       001010001D   1909
     126       0       0       5       0                               0D   1910
     126    4390       0       0       0       0       0       001010001D   1911
     126       0       0       6       0                               0D   1912
     126    4396       0       0       0       0       0       001010001D   1913
     126       0       0       6       0                               0D   1914
     126    4402       0       0       0       0       0       001010001D   1915
     126       0       0       7       0                               0D   1916
     102    4409       0       0       0       0       0       001010001D   1917
     102       0       0       1       0                               0D   1918
     126    4410       0       0       0       0       0       001010501D   1919
     126       0       0       6       0                               0D   1920
     126    4416       0       0       0       0       0       001010501D   1921
     126       0       0       8       0                               0D   1922
     126    4424       0       0       0       0       0       001010501D   1923
     126       0       0       6       0                               0D   1924
     126    4430       0       0       0       0       0       001010501D   1925
     126       0       0       8       0                               0D   1926
     102    4438       0       0       0       0       0       001010501D   1927
     102       0       0       1       0                               0D   1928
     142    4439       0       0       0       0       0       001010001D   1929
     142       0       0       1       0                               0D   1930
     144    4440       0       0   10000       0       0       000000000D   1931
     144       0      -1       1       0                PartBody       0D   1932
     110    4441       0       0       0       0       0       001010001D   1933
     110       0       0       1       0                               0D   1934
     110    4442       0       0       0       0       0       001010001D   1935
     110       0       0       2       0                               0D   1936
     120    4444       0       0       0       0       0       001010001D   1937
     120       0       4       1       0                               0D   1938
     110    4445       0       0       0       0       0       001010001D   1939
     110       0       0       1       0                               0D   1940
     126    4446       0       0       0       0       0       001010001D   1941
     126       0       0      19       0                               0D   1942
     110    4465       0       0       0       0       0       001010001D   1943
     110       0       0       2       0                               0D   1944
     126    4467       0       0       0       0       0       001010001D   1945
     126       0       0      19       0                               0D   1946
     102    4486       0       0       0       0       0       001010001D   1947
     102       0       0       1       0                               0D   1948
     142    4487       0       0       0       0       0       001010001D   1949
     142       0       0       1       0                               0D   1950
     144    4488       0       0   10000       0       0       000000000D   1951
     144       0       4       1       0                PartBody       0D   1952
     110    4489       0       0       0       0       0       001010001D   1953
     110       0       0       1       0                               0D   1954
     124    4490       0       0       0       0       0       001020001D   1955
     124       0       0       1       0                               0D   1956
     100    4491       0       0       0       0    1955       001010001D   1957
     100       0       0       1       0                               0D   1958
     120    4492       0       0       0       0       0       001010001D   1959
     120       0   -1371       1       0                               0D   1960
     124    4493       0       0       0       0       0       001020001D   1961
     124       0       0       1       0                               0D   1962
     100    4494       0       0       0       0    1961       001010001D   1963
     100       0       0       1       0                               0D   1964
     124    4495       0       0       0       0       0       001020001D   1965
     124       0       0       1       0                               0D   1966
     100    4496       0       0       0       0    1965       001010001D   1967
     100       0       0       1       0                               0D   1968
     124    4497       0       0       0       0       0       001020001D   1969
     124       0       0       1       0                               0D   1970
     100    4498       0       0       0       0    1969       001010001D   1971
     100       0       0       1       0                               0D   1972
     124    4499       0       0       0       0       0       001020001D   1973
     124       0       0       1       0                               0D   1974
     100    4500       0       0       0       0    1973       001010001D   1975
     100       0       0       1       0                               0D   1976
     102    4501       0       0       0       0       0       001010001D   1977
     102       0       0       1       0                               0D   1978
     142    4502       0       0       0       0       0       001010001D   1979
     142       0       0       1       0                               0D   1980
     144    4503       0       0   10000       0       0       000000000D   1981
     144       0   -1371       1       0                PartBody       0D   1982
     110    4504       0       0       0       0       0       001010001D   1983
     110       0       0       1       0                               0D   1984
     124    4505       0       0       0       0       0       001020001D   1985
     124       0       0       1       0                               0D   1986
     100    4506       0       0       0       0    1985       001010001D   1987
     100       0       0       1       0                               0D   1988
     120    4507       0       0       0       0       0       001010001D   1989
     120       0   -1371       1       0                               0D   1990
     124    4508       0       0       0       0       0       001020001D   1991
     124       0       0       1       0                               0D   1992
     100    4509       0       0       0       0    1991       001010001D   1993
     100       0       0       1       0                               0D   1994
     124    4510       0       0       0       0       0       001020001D   1995
     124       0       0       1       0                               0D   1996
     100    4511       0       0       0       0    1995       001010001D   1997
     100       0       0       1       0                               0D   1998
     124    4512       0       0       0       0       0       001020001D   1999
     124       0       0       1       0                               0D   2000
     100    4513       0       0       0       0    1999       001010001D   2001
     100       0       0       1       0                               0D   2002
     124    4514       0       0       0       0       0       001020001D   2003
     124       0       0       1       0                               0D   2004
     100    4515       0       0       0       0    2003       001010001D   2005
     100       0       0       1       0                               0D   2006
     102    4516       0       0       0       0       0       001010001D   2007
     102       0       0       1       0                               0D   2008
     142    4517       0       0       0       0       0       001010001D   2009
     142       0       0       1       0                               0D   2010
     144    4518       0       0   10000       0       0       000000000D   2011
     144       0   -1371       1       0                PartBody       0D   2012
     128    4519       0       0       0       0       0       001010001D   2013
     128       0   -1371      26       0                               0D   2014
     126    4545       0       0       0       0       0       001010001D   2015
     126       0       0      16       0                               0D   2016
     126    4561       0       0       0       0       0       001010001D   2017
     126       0       0       3       0                               0D   2018
     126    4564       0       0       0       0       0       001010001D   2019
     126       0       0      15       0                               0D   2020
     126    4579       0       0       0       0       0       001010001D   2021
     126       0       0       3       0                               0D   2022
     102    4582       0       0       0       0       0       001010001D   2023
     102       0       0       1       0                               0D   2024
     110    4583       0       0       0       0       0       001010501D   2025
     110       0       0       2       0                               0D   2026
     110    4585       0       0       0       0       0       001010501D   2027
     110       0       0       1       0                               0D   2028
     110    4586       0       0       0       0       0       001010501D   2029
     110       0       0       1       0                               0D   2030
     110    4587       0       0       0       0       0       001010501D   2031
     110       0       0       1       0                               0D   2032
     102    4588       0       0       0       0       0       001010501D   2033
     102       0       0       1       0                               0D   2034
     142    4589       0       0       0       0       0       001010001D   2035
     142       0       0       1       0                               0D   2036
     144    4590       0       0   10000       0       0       000000000D   2037
     144       0   -1371       1       0                PartBody       0D   2038
     128    4591       0       0       0       0       0       001010001D   2039
     128       0   -1371      47       0                               0D   2040
     126    4638       0       0       0       0       0       001010001D   2041
     126       0       0      28       0                               0D   2042
     126    4666       0       0       0       0       0       001010001D   2043
     126       0       0       2       0                               0D   2044
     126    4668       0       0       0       0       0       001010001D   2045
     126       0       0      27       0                               0D   2046
     126    4695       0       0       0       0       0       001010001D   2047
     126       0       0       2       0                               0D   2048
     102    4697       0       0       0       0       0       001010001D   2049
     102       0       0       1       0                               0D   2050
     110    4698       0       0       0       0       0       001010501D   2051
     110       0       0       1       0                               0D   2052
     110    4699       0       0       0       0       0       001010501D   2053
     110       0       0       1       0                               0D   2054
     110    4700       0       0       0       0       0       001010501D   2055
     110       0       0       1       0                               0D   2056
     110    4701       0       0       0       0       0       001010501D   2057
     110       0       0       1       0                               0D   2058
     102    4702       0       0       0       0       0       001010501D   2059
     102       0       0       1       0                               0D   2060
     142    4703       0       0       0       0       0       001010001D   2061
     142       0       0       1       0                               0D   2062
     144    4704       0       0   10000       0       0       000000000D   2063
     144       0   -1371       1       0                PartBody       0D   2064
     128    4705       0       0       0       0       0       001010001D   2065
     128       0      -1      26       0                               0D   2066
     126    4731       0       0       0       0       0       001010001D   2067
     126       0       0      16       0                               0D   2068
     126    4747       0       0       0       0       0       001010001D   2069
     126       0       0       3       0                               0D   2070
     126    4750       0       0       0       0       0       001010001D   2071
     126       0       0      15       0                               0D   2072
     126    4765       0       0       0       0       0       001010001D   2073
     126       0       0       3       0                               0D   2074
     102    4768       0       0       0       0       0       001010001D   2075
     102       0       0       1       0                               0D   2076
     110    4769       0       0       0       0       0       001010501D   2077
     110       0       0       2       0                               0D   2078
     110    4771       0       0       0       0       0       001010501D   2079
     110       0       0       1       0                               0D   2080
     110    4772       0       0       0       0       0       001010501D   2081
     110       0       0       1       0                               0D   2082
     110    4773       0       0       0       0       0       001010501D   2083
     110       0       0       1       0                               0D   2084
     102    4774       0       0       0       0       0       001010501D   2085
     102       0       0       1       0                               0D   2086
     142    4775       0       0       0       0       0       001010001D   2087
     142       0       0       1       0                               0D   2088
     144    4776       0       0   10000       0       0       000000000D   2089
     144       0      -1       1       0                PartBody       0D   2090
     128    4777       0       0       0       0       0       001010001D   2091
     128       0      -1      47       0                               0D   2092
     126    4824       0       0       0       0       0       001010001D   2093
     126       0       0      28       0                               0D   2094
     126    4852       0       0       0       0       0       001010001D   2095
     126       0       0       2       0                               0D   2096
     126    4854       0       0       0       0       0       001010001D   2097
     126       0       0      27       0                               0D   2098
     126    4881       0       0       0       0       0       001010001D   2099
     126       0       0       3       0                               0D   2100
     102    4884       0       0       0       0       0       001010001D   2101
     102       0       0       1       0                               0D   2102
     110    4885       0       0       0       0       0       001010501D   2103
     110       0       0       1       0                               0D   2104
     110    4886       0       0       0       0       0       001010501D   2105
     110       0       0       1       0                               0D   2106
     110    4887       0       0       0       0       0       001010501D   2107
     110       0       0       1       0                               0D   2108
     110    4888       0       0       0       0       0       001010501D   2109
     110       0       0       2       0                               0D   2110
     102    4890       0       0       0       0       0       001010501D   2111
     102       0       0       1       0                               0D   2112
     142    4891       0       0       0       0       0       001010001D   2113
     142       0       0       1       0                               0D   2114
     144    4892       0       0   10000       0       0       000000000D   2115
     144       0      -1       1       0                PartBody       0D   2116
     108    4893       0       0       0       0       0       001010001D   2117
     108       0   -1019       1       0                               0D   2118
     110    4894       0       0       0       0       0       001010001D   2119
     110       0       0       1       0                               0D   2120
     110    4895       0       0       0       0       0       001010001D   2121
     110       0       0       1       0                               0D   2122
     110    4896       0       0       0       0       0       001010001D   2123
     110       0       0       1       0                               0D   2124
     110    4897       0       0       0       0       0       001010001D   2125
     110       0       0       1       0                               0D   2126
     102    4898       0       0       0       0       0       001010001D   2127
     102       0       0       1       0                               0D   2128
     142    4899       0       0       0       0       0       001010001D   2129
     142       0       0       1       0                               0D   2130
     144    4900       0       0   10000       0       0       000000000D   2131
     144       0   -1019       1       0                PartBody       0D   2132
     108    4901       0       0       0       0       0       001010001D   2133
     108       0   -1371       1       0                               0D   2134
     110    4902       0       0       0       0       0       001010001D   2135
     110       0       0       1       0                               0D   2136
     110    4903       0       0       0       0       0       001010001D   2137
     110       0       0       1       0                               0D   2138
     110    4904       0       0       0       0       0       001010001D   2139
     110       0       0       1       0                               0D   2140
     110    4905       0       0       0       0       0       001010001D   2141
     110       0       0       1       0                               0D   2142
     102    4906       0       0       0       0       0       001010001D   2143
     102       0       0       1       0                               0D   2144
     142    4907       0       0       0       0       0       001010001D   2145
     142       0       0       1       0                               0D   2146
     144    4908       0       0   10000       0       0       000000000D   2147
     144       0   -1371       1       0                PartBody       0D   2148
     110    4909       0       0       0       0       0       001010001D   2149
     110       0       0       1       0                               0D   2150
     110    4910       0       0       0       0       0       001010001D   2151
     110       0       0       1       0                               0D   2152
     120    4911       0       0       0       0       0       001010001D   2153
     120       0      -1       1       0                               0D   2154
     124    4912       0       0       0       0       0       001020001D   2155
     124       0       0       1       0                               0D   2156
     100    4913       0       0       0       0    2155       001010001D   2157
     100       0       0       1       0                               0D   2158
     110    4914       0       0       0       0       0       001010001D   2159
     110       0       0       1       0                               0D   2160
     124    4915       0       0       0       0       0       001020001D   2161
     124       0       0       2       0                               0D   2162
     100    4917       0       0       0       0    2161       001010001D   2163
     100       0       0       1       0                               0D   2164
     110    4918       0       0       0       0       0       001010001D   2165
     110       0       0       1       0                               0D   2166
     102    4919       0       0       0       0       0       001010001D   2167
     102       0       0       1       0                               0D   2168
     142    4920       0       0       0       0       0       001010001D   2169
     142       0       0       1       0                               0D   2170
     144    4921       0       0   10000       0       0       000000000D   2171
     144       0      -1       1       0                PartBody       0D   2172
     128    4922       0       0       0       0       0       001010001D   2173
     128       0      -1      46       0                               0D   2174
     126    4968       0       0       0       0       0       001010001D   2175
     126       0       0      27       0                               0D   2176
     126    4995       0       0       0       0       0       001010001D   2177
     126       0       0       2       0                               0D   2178
     126    4997       0       0       0       0       0       001010001D   2179
     126       0       0      27       0                               0D   2180
     126    5024       0       0       0       0       0       001010001D   2181
     126       0       0       2       0                               0D   2182
     102    5026       0       0       0       0       0       001010001D   2183
     102       0       0       1       0                               0D   2184
     110    5027       0       0       0       0       0       001010501D   2185
     110       0       0       1       0                               0D   2186
     110    5028       0       0       0       0       0       001010501D   2187
     110       0       0       1       0                               0D   2188
     110    5029       0       0       0       0       0       001010501D   2189
     110       0       0       1       0                               0D   2190
     110    5030       0       0       0       0       0       001010501D   2191
     110       0       0       1       0                               0D   2192
     102    5031       0       0       0       0       0       001010501D   2193
     102       0       0       1       0                               0D   2194
     142    5032       0       0       0       0       0       001010001D   2195
     142       0       0       1       0                               0D   2196
     144    5033       0       0   10000       0       0       000000000D   2197
     144       0      -1       1       0                PartBody       0D   2198
     110    5034       0       0       0       0       0       001010001D   2199
     110       0       0       1       0                               0D   2200
     110    5035       0       0       0       0       0       001010001D   2201
     110       0       0       2       0                               0D   2202
     120    5037       0       0       0       0       0       001010001D   2203
     120       0      -1       1       0                               0D   2204
     126    5038       0       0       0       0       0       001010001D   2205
     126       0       0       5       0                               0D   2206
     126    5043       0       0       0       0       0       001010001D   2207
     126       0       0       6       0                               0D   2208
     126    5049       0       0       0       0       0       001010001D   2209
     126       0       0       6       0                               0D   2210
     126    5055       0       0       0       0       0       001010001D   2211
     126       0       0       6       0                               0D   2212
     126    5061       0       0       0       0       0       001010001D   2213
     126       0       0       4       0                               0D   2214
     110    5065       0       0       0       0       0       001010001D   2215
     110       0       0       2       0                               0D   2216
     126    5067       0       0       0       0       0       001010001D   2217
     126       0       0      19       0                               0D   2218
     110    5086       0       0       0       0       0       001010001D   2219
     110       0       0       2       0                               0D   2220
     126    5088       0       0       0       0       0       001010001D   2221
     126       0       0      16       0                               0D   2222
     110    5104       0       0       0       0       0       001010001D   2223
     110       0       0       1       0                               0D   2224
     126    5105       0       0       0       0       0       001010001D   2225
     126       0       0      15       0                               0D   2226
     110    5120       0       0       0       0       0       001010001D   2227
     110       0       0       1       0                               0D   2228
     126    5121       0       0       0       0       0       001010001D   2229
     126       0       0      19       0                               0D   2230
     110    5140       0       0       0       0       0       001010001D   2231
     110       0       0       2       0                               0D   2232
     126    5142       0       0       0       0       0       001010001D   2233
     126       0       0       5       0                               0D   2234
     126    5147       0       0       0       0       0       001010001D   2235
     126       0       0       6       0                               0D   2236
     126    5153       0       0       0       0       0       001010001D   2237
     126       0       0       6       0                               0D   2238
     126    5159       0       0       0       0       0       001010001D   2239
     126       0       0       6       0                               0D   2240
     126    5165       0       0       0       0       0       001010001D   2241
     126       0       0       5       0                               0D   2242
     110    5170       0       0       0       0       0       001010001D   2243
     110       0       0       2       0                               0D   2244
     126    5172       0       0       0       0       0       001010001D   2245
     126       0       0      19       0                               0D   2246
     110    5191       0       0       0       0       0       001010001D   2247
     110       0       0       1       0                               0D   2248
     124    5192       0       0       0       0       0       001020001D   2249
     124       0       0       1       0                               0D   2250
     100    5193       0       0       0       0    2249       001010001D   2251
     100       0       0       1       0                               0D   2252
     124    5194       0       0       0       0       0       001020001D   2253
     124       0       0       2       0                               0D   2254
     100    5196       0       0       0       0    2253       001010001D   2255
     100       0       0       1       0                               0D   2256
     110    5197       0       0       0       0       0       001010001D   2257
     110       0       0       1       0                               0D   2258
     102    5198       0       0       0       0       0       001010001D   2259
     102       0       0       3       0                               0D   2260
     142    5201       0       0       0       0       0       001010001D   2261
     142       0       0       1       0                               0D   2262
     144    5202       0       0   10000       0       0       000000000D   2263
     144       0      -1       1       0                PartBody       0D   2264
     110    5203       0       0       0       0       0       001010001D   2265
     110       0       0       1       0                               0D   2266
     110    5204       0       0       0       0       0       001010001D   2267
     110       0       0       1       0                               0D   2268
     120    5205       0       0       0       0       0       001010001D   2269
     120       0      -1       1       0                               0D   2270
     126    5206       0       0       0       0       0       001010001D   2271
     126       0       0       5       0                               0D   2272
     126    5211       0       0       0       0       0       001010001D   2273
     126       0       0       6       0                               0D   2274
     126    5217       0       0       0       0       0       001010001D   2275
     126       0       0       5       0                               0D   2276
     126    5222       0       0       0       0       0       001010001D   2277
     126       0       0       7       0                               0D   2278
     110    5229       0       0       0       0       0       001010001D   2279
     110       0       0       1       0                               0D   2280
     124    5230       0       0       0       0       0       001020001D   2281
     124       0       0       1       0                               0D   2282
     100    5231       0       0       0       0    2281       001010001D   2283
     100       0       0       1       0                               0D   2284
     110    5232       0       0       0       0       0       001010001D   2285
     110       0       0       1       0                               0D   2286
     126    5233       0       0       0       0       0       001010001D   2287
     126       0       0      19       0                               0D   2288
     110    5252       0       0       0       0       0       001010001D   2289
     110       0       0       2       0                               0D   2290
     126    5254       0       0       0       0       0       001010001D   2291
     126       0       0       5       0                               0D   2292
     126    5259       0       0       0       0       0       001010001D   2293
     126       0       0       6       0                               0D   2294
     126    5265       0       0       0       0       0       001010001D   2295
     126       0       0       5       0                               0D   2296
     126    5270       0       0       0       0       0       001010001D   2297
     126       0       0       7       0                               0D   2298
     110    5277       0       0       0       0       0       001010001D   2299
     110       0       0       2       0                               0D   2300
     126    5279       0       0       0       0       0       001010001D   2301
     126       0       0      19       0                               0D   2302
     110    5298       0       0       0       0       0       001010001D   2303
     110       0       0       1       0                               0D   2304
     124    5299       0       0       0       0       0       001020001D   2305
     124       0       0       2       0                               0D   2306
     100    5301       0       0       0       0    2305       001010001D   2307
     100       0       0       1       0                               0D   2308
     110    5302       0       0       0       0       0       001010001D   2309
     110       0       0       1       0                               0D   2310
     126    5303       0       0       0       0       0       001010001D   2311
     126       0       0      19       0                               0D   2312
     110    5322       0       0       0       0       0       001010001D   2313
     110       0       0       2       0                               0D   2314
     126    5324       0       0       0       0       0       001010001D   2315
     126       0       0      19       0                               0D   2316
     110    5343       0       0       0       0       0       001010001D   2317
     110       0       0       2       0                               0D   2318
     102    5345       0       0       0       0       0       001010001D   2319
     102       0       0       2       0                               0D   2320
     142    5347       0       0       0       0       0       001010001D   2321
     142       0       0       1       0                               0D   2322
     110    5348       0       0       0       0       0       001010001D   2323
     110       0       0       1       0                               0D   2324
     126    5349       0       0       0       0       0       001010001D   2325
     126       0       0      12       0                               0D   2326
     110    5361       0       0       0       0       0       001010001D   2327
     110       0       0       1       0                               0D   2328
     126    5362       0       0       0       0       0       001010001D   2329
     126       0       0      11       0                               0D   2330
     102    5373       0       0       0       0       0       001010001D   2331
     102       0       0       1       0                               0D   2332
     142    5374       0       0       0       0       0       001010001D   2333
     142       0       0       1       0                               0D   2334
     144    5375       0       0   10000       0       0       000000000D   2335
     144       0      -1       1       0                PartBody       0D   2336
     128    5376       0       0       0       0       0       001010001D   2337
     128       0      -1      31       0                               0D   2338
     126    5407       0       0       0       0       0       001010001D   2339
     126       0       0       6       0                               0D   2340
     126    5413       0       0       0       0       0       001010001D   2341
     126       0       0       6       0                               0D   2342
     126    5419       0       0       0       0       0       001010001D   2343
     126       0       0       5       0                               0D   2344
     126    5424       0       0       0       0       0       001010001D   2345
     126       0       0       7       0                               0D   2346
     102    5431       0       0       0       0       0       001010001D   2347
     102       0       0       1       0                               0D   2348
     126    5432       0       0       0       0       0       001010501D   2349
     126       0       0       8       0                               0D   2350
     126    5440       0       0       0       0       0       001010501D   2351
     126       0       0       8       0                               0D   2352
     126    5448       0       0       0       0       0       001010501D   2353
     126       0       0       6       0                               0D   2354
     126    5454       0       0       0       0       0       001010501D   2355
     126       0       0       8       0                               0D   2356
     102    5462       0       0       0       0       0       001010501D   2357
     102       0       0       1       0                               0D   2358
     142    5463       0       0       0       0       0       001010001D   2359
     142       0       0       1       0                               0D   2360
     144    5464       0       0   10000       0       0       000000000D   2361
     144       0      -1       1       0                PartBody       0D   2362
     128    5465       0       0       0       0       0       001010001D   2363
     128       0      -1      17       0                               0D   2364
     126    5482       0       0       0       0       0       001010001D   2365
     126       0       0       3       0                               0D   2366
     126    5485       0       0       0       0       0       001010001D   2367
     126       0       0      10       0                               0D   2368
     126    5495       0       0       0       0       0       001010001D   2369
     126       0       0       3       0                               0D   2370
     126    5498       0       0       0       0       0       001010001D   2371
     126       0       0      10       0                               0D   2372
     102    5508       0       0       0       0       0       001010001D   2373
     102       0       0       1       0                               0D   2374
     110    5509       0       0       0       0       0       001010501D   2375
     110       0       0       1       0                               0D   2376
     110    5510       0       0       0       0       0       001010501D   2377
     110       0       0       1       0                               0D   2378
     110    5511       0       0       0       0       0       001010501D   2379
     110       0       0       1       0                               0D   2380
     110    5512       0       0       0       0       0       001010501D   2381
     110       0       0       2       0                               0D   2382
     102    5514       0       0       0       0       0       001010501D   2383
     102       0       0       1       0                               0D   2384
     142    5515       0       0       0       0       0       001010001D   2385
     142       0       0       1       0                               0D   2386
     144    5516       0       0   10000       0       0       000000000D   2387
     144       0      -1       1       0                PartBody       0D   2388
     128    5517       0       0       0       0       0       001010001D   2389
     128       0      -1      57       0                               0D   2390
     126    5574       0       0       0       0       0       001010001D   2391
     126       0       0       5       0                               0D   2392
     126    5579       0       0       0       0       0       001010001D   2393
     126       0       0       7       0                               0D   2394
     126    5586       0       0       0       0       0       001010001D   2395
     126       0       0       7       0                               0D   2396
     126    5593       0       0       0       0       0       001010001D   2397
     126       0       0       5       0                               0D   2398
     126    5598       0       0       0       0       0       001010001D   2399
     126       0       0       7       0                               0D   2400
     102    5605       0       0       0       0       0       001010001D   2401
     102       0       0       1       0                               0D   2402
     126    5606       0       0       0       0       0       001010501D   2403
     126       0       0       6       0                               0D   2404
     126    5612       0       0       0       0       0       001010501D   2405
     126       0       0      11       0                               0D   2406
     126    5623       0       0       0       0       0       001010501D   2407
     126       0       0       6       0                               0D   2408
     126    5629       0       0       0       0       0       001010501D   2409
     126       0       0       6       0                               0D   2410
     126    5635       0       0       0       0       0       001010501D   2411
     126       0       0      11       0                               0D   2412
     102    5646       0       0       0       0       0       001010501D   2413
     102       0       0       1       0                               0D   2414
     142    5647       0       0       0       0       0       001010001D   2415
     142       0       0       1       0                               0D   2416
     144    5648       0       0   10000       0       0       000000000D   2417
     144       0      -1       1       0                PartBody       0D   2418
     128    5649       0       0       0       0       0       001010001D   2419
     128       0      -1      17       0                               0D   2420
     126    5666       0       0       0       0       0       001010001D   2421
     126       0       0      10       0                               0D   2422
     126    5676       0       0       0       0       0       001010001D   2423
     126       0       0       3       0                               0D   2424
     126    5679       0       0       0       0       0       001010001D   2425
     126       0       0      10       0                               0D   2426
     126    5689       0       0       0       0       0       001010001D   2427
     126       0       0       3       0                               0D   2428
     102    5692       0       0       0       0       0       001010001D   2429
     102       0       0       1       0                               0D   2430
     110    5693       0       0       0       0       0       001010501D   2431
     110       0       0       1       0                               0D   2432
     110    5694       0       0       0       0       0       001010501D   2433
     110       0       0       1       0                               0D   2434
     110    5695       0       0       0       0       0       001010501D   2435
     110       0       0       1       0                               0D   2436
     110    5696       0       0       0       0       0       001010501D   2437
     110       0       0       1       0                               0D   2438
     102    5697       0       0       0       0       0       001010501D   2439
     102       0       0       1       0                               0D   2440
     142    5698       0       0       0       0       0       001010001D   2441
     142       0       0       1       0                               0D   2442
     144    5699       0       0   10000       0       0       000000000D   2443
     144       0      -1       1       0                PartBody       0D   2444
     128    5700       0       0       0       0       0       001010001D   2445
     128       0      -1      35       0                               0D   2446
     126    5735       0       0       0       0       0       001010001D   2447
     126       0       0      20       0                               0D   2448
     126    5755       0       0       0       0       0       001010001D   2449
     126       0       0       3       0                               0D   2450
     126    5758       0       0       0       0       0       001010001D   2451
     126       0       0      21       0                               0D   2452
     126    5779       0       0       0       0       0       001010001D   2453
     126       0       0       3       0                               0D   2454
     102    5782       0       0       0       0       0       001010001D   2455
     102       0       0       1       0                               0D   2456
     110    5783       0       0       0       0       0       001010501D   2457
     110       0       0       1       0                               0D   2458
     110    5784       0       0       0       0       0       001010501D   2459
     110       0       0       1       0                               0D   2460
     110    5785       0       0       0       0       0       001010501D   2461
     110       0       0       1       0                               0D   2462
     110    5786       0       0       0       0       0       001010501D   2463
     110       0       0       1       0                               0D   2464
     102    5787       0       0       0       0       0       001010501D   2465
     102       0       0       1       0                               0D   2466
     142    5788       0       0       0       0       0       001010001D   2467
     142       0       0       1       0                               0D   2468
     144    5789       0       0   10000       0       0       000000000D   2469
     144       0      -1       1       0                PartBody       0D   2470
     128    5790       0       0       0       0       0       001010001D   2471
     128       0      -1      35       0                               0D   2472
     126    5825       0       0       0       0       0       001010001D   2473
     126       0       0      20       0                               0D   2474
     126    5845       0       0       0       0       0       001010001D   2475
     126       0       0       4       0                               0D   2476
     126    5849       0       0       0       0       0       001010001D   2477
     126       0       0      21       0                               0D   2478
     126    5870       0       0       0       0       0       001010001D   2479
     126       0       0       3       0                               0D   2480
     102    5873       0       0       0       0       0       001010001D   2481
     102       0       0       1       0                               0D   2482
     110    5874       0       0       0       0       0       001010501D   2483
     110       0       0       1       0                               0D   2484
     110    5875       0       0       0       0       0       001010501D   2485
     110       0       0       2       0                               0D   2486
     110    5877       0       0       0       0       0       001010501D   2487
     110       0       0       1       0                               0D   2488
     110    5878       0       0       0       0       0       001010501D   2489
     110       0       0       1       0                               0D   2490
     102    5879       0       0       0       0       0       001010501D   2491
     102       0       0       1       0                               0D   2492
     142    5880       0       0       0       0       0       001010001D   2493
     142       0       0       1       0                               0D   2494
     144    5881       0       0   10000       0       0       000000000D   2495
     144       0      -1       1       0                PartBody       0D   2496
     128    5882       0       0       0       0       0       001010001D   2497
     128       0      -1      21       0                               0D   2498
     126    5903       0       0       0       0       0       001010001D   2499
     126       0       0      12       0                               0D   2500
     126    5915       0       0       0       0       0       001010001D   2501
     126       0       0       3       0                               0D   2502
     126    5918       0       0       0       0       0       001010001D   2503
     126       0       0      12       0                               0D   2504
     126    5930       0       0       0       0       0       001010001D   2505
     126       0       0       3       0                               0D   2506
     102    5933       0       0       0       0       0       001010001D   2507
     102       0       0       1       0                               0D   2508
     110    5934       0       0       0       0       0       001010501D   2509
     110       0       0       1       0                               0D   2510
     110    5935       0       0       0       0       0       001010501D   2511
     110       0       0       1       0                               0D   2512
     110    5936       0       0       0       0       0       001010501D   2513
     110       0       0       1       0                               0D   2514
     110    5937       0       0       0       0       0       001010501D   2515
     110       0       0       1       0                               0D   2516
     102    5938       0       0       0       0       0       001010501D   2517
     102       0       0       1       0                               0D   2518
     142    5939       0       0       0       0       0       001010001D   2519
     142       0       0       1       0                               0D   2520
     144    5940       0       0   10000       0       0       000000000D   2521
     144       0      -1       1       0                PartBody       0D   2522
     128    5941       0       0       0       0       0       001010001D   2523
     128       0      -1      22       0                               0D   2524
     126    5963       0       0       0       0       0       001010001D   2525
     126       0       0      13       0                               0D   2526
     126    5976       0       0       0       0       0       001010001D   2527
     126       0       0       3       0                               0D   2528
     126    5979       0       0       0       0       0       001010001D   2529
     126       0       0      12       0                               0D   2530
     126    5991       0       0       0       0       0       001010001D   2531
     126       0       0       3       0                               0D   2532
     102    5994       0       0       0       0       0       001010001D   2533
     102       0       0       1       0                               0D   2534
     110    5995       0       0       0       0       0       001010501D   2535
     110       0       0       2       0                               0D   2536
     110    5997       0       0       0       0       0       001010501D   2537
     110       0       0       1       0                               0D   2538
     110    5998       0       0       0       0       0       001010501D   2539
     110       0       0       1       0                               0D   2540
     110    5999       0       0       0       0       0       001010501D   2541
     110       0       0       1       0                               0D   2542
     102    6000       0       0       0       0       0       001010501D   2543
     102       0       0       1       0                               0D   2544
     142    6001       0       0       0       0       0       001010001D   2545
     142       0       0       1       0                               0D   2546
     144    6002       0       0   10000       0       0       000000000D   2547
     144       0      -1       1       0                PartBody       0D   2548
     128    6003       0       0       0       0       0       001010001D   2549
     128       0      -1      30       0                               0D   2550
     126    6033       0       0       0       0       0       001010001D   2551
     126       0       0      17       0                               0D   2552
     126    6050       0       0       0       0       0       001010001D   2553
     126       0       0       3       0                               0D   2554
     126    6053       0       0       0       0       0       001010001D   2555
     126       0       0      17       0                               0D   2556
     126    6070       0       0       0       0       0       001010001D   2557
     126       0       0       3       0                               0D   2558
     102    6073       0       0       0       0       0       001010001D   2559
     102       0       0       1       0                               0D   2560
     110    6074       0       0       0       0       0       001010501D   2561
     110       0       0       1       0                               0D   2562
     110    6075       0       0       0       0       0       001010501D   2563
     110       0       0       1       0                               0D   2564
     110    6076       0       0       0       0       0       001010501D   2565
     110       0       0       1       0                               0D   2566
     110    6077       0       0       0       0       0       001010501D   2567
     110       0       0       1       0                               0D   2568
     102    6078       0       0       0       0       0       001010501D   2569
     102       0       0       1       0                               0D   2570
     142    6079       0       0       0       0       0       001010001D   2571
     142       0       0       1       0                               0D   2572
     144    6080       0       0   10000       0       0       000000000D   2573
     144       0      -1       1       0                PartBody       0D   2574
     128    6081       0       0       0       0       0       001010001D   2575
     128       0      -1      34       0                               0D   2576
     126    6115       0       0       0       0       0       001010001D   2577
     126       0       0      20       0                               0D   2578
     126    6135       0       0       0       0       0       001010001D   2579
     126       0       0       3       0                               0D   2580
     126    6138       0       0       0       0       0       001010001D   2581
     126       0       0      20       0                               0D   2582
     126    6158       0       0       0       0       0       001010001D   2583
     126       0       0       3       0                               0D   2584
     102    6161       0       0       0       0       0       001010001D   2585
     102       0       0       1       0                               0D   2586
     110    6162       0       0       0       0       0       001010501D   2587
     110       0       0       1       0                               0D   2588
     110    6163       0       0       0       0       0       001010501D   2589
     110       0       0       1       0                               0D   2590
     110    6164       0       0       0       0       0       001010501D   2591
     110       0       0       1       0                               0D   2592
     110    6165       0       0       0       0       0       001010501D   2593
     110       0       0       1       0                               0D   2594
     102    6166       0       0       0       0       0       001010501D   2595
     102       0       0       1       0                               0D   2596
     142    6167       0       0       0       0       0       001010001D   2597
     142       0       0       1       0                               0D   2598
     144    6168       0       0   10000       0       0       000000000D   2599
     144       0      -1       1       0                PartBody       0D   2600
     110    6169       0       0       0       0       0       001010001D   2601
     110       0       0       2       0                               0D   2602
     110    6171       0       0       0       0       0       001010001D   2603
     110       0       0       2       0                               0D   2604
     120    6173       0       0       0       0       0       001010001D   2605
     120       0      -1       1       0                               0D   2606
     126    6174       0       0       0       0       0       001010001D   2607
     126       0       0       5       0                               0D   2608
     126    6179       0       0       0       0       0       001010001D   2609
     126       0       0       6       0                               0D   2610
     126    6185       0       0       0       0       0       001010001D   2611
     126       0       0       6       0                               0D   2612
     126    6191       0       0       0       0       0       001010001D   2613
     126       0       0       5       0                               0D   2614
     126    6196       0       0       0       0       0       001010001D   2615
     126       0       0       9       0                               0D   2616
     126    6205       0       0       0       0       0       001010001D   2617
     126       0       0       5       0                               0D   2618
     126    6210       0       0       0       0       0       001010001D   2619
     126       0       0       6       0                               0D   2620
     126    6216       0       0       0       0       0       001010001D   2621
     126       0       0       5       0                               0D   2622
     110    6221       0       0       0       0       0       001010001D   2623
     110       0       0       2       0                               0D   2624
     126    6223       0       0       0       0       0       001010001D   2625
     126       0       0       7       0                               0D   2626
     126    6230       0       0       0       0       0       001010001D   2627
     126       0       0       7       0                               0D   2628
     110    6237       0       0       0       0       0       001010001D   2629
     110       0       0       2       0                               0D   2630
     126    6239       0       0       0       0       0       001010001D   2631
     126       0       0       7       0                               0D   2632
     126    6246       0       0       0       0       0       001010001D   2633
     126       0       0       7       0                               0D   2634
     110    6253       0       0       0       0       0       001010001D   2635
     110       0       0       2       0                               0D   2636
     126    6255       0       0       0       0       0       001010001D   2637
     126       0       0       6       0                               0D   2638
     126    6261       0       0       0       0       0       001010001D   2639
     126       0       0       6       0                               0D   2640
     110    6267       0       0       0       0       0       001010001D   2641
     110       0       0       2       0                               0D   2642
     126    6269       0       0       0       0       0       001010001D   2643
     126       0       0       6       0                               0D   2644
     126    6275       0       0       0       0       0       001010001D   2645
     126       0       0       6       0                               0D   2646
     110    6281       0       0       0       0       0       001010001D   2647
     110       0       0       2       0                               0D   2648
     126    6283       0       0       0       0       0       001010001D   2649
     126       0       0      16       0                               0D   2650
     110    6299       0       0       0       0       0       001010001D   2651
     110       0       0       2       0                               0D   2652
     126    6301       0       0       0       0       0       001010001D   2653
     126       0       0      15       0                               0D   2654
     126    6316       0       0       0       0       0       001010001D   2655
     126       0       0      15       0                               0D   2656
     110    6331       0       0       0       0       0       001010001D   2657
     110       0       0       2       0                               0D   2658
     126    6333       0       0       0       0       0       001010001D   2659
     126       0       0      15       0                               0D   2660
     126    6348       0       0       0       0       0       001010001D   2661
     126       0       0      15       0                               0D   2662
     110    6363       0       0       0       0       0       001010001D   2663
     110       0       0       2       0                               0D   2664
     102    6365       0       0       0       0       0       001010001D   2665
     102       0       0       3       0                               0D   2666
     142    6368       0       0       0       0       0       001010001D   2667
     142       0       0       1       0                               0D   2668
     110    6369       0       0       0       0       0       001010001D   2669
     110       0       0       2       0                               0D   2670
     126    6371       0       0       0       0       0       001010001D   2671
     126       0       0      12       0                               0D   2672
     110    6383       0       0       0       0       0       001010001D   2673
     110       0       0       2       0                               0D   2674
     126    6385       0       0       0       0       0       001010001D   2675
     126       0       0      12       0                               0D   2676
     102    6397       0       0       0       0       0       001010001D   2677
     102       0       0       1       0                               0D   2678
     142    6398       0       0       0       0       0       001010001D   2679
     142       0       0       1       0                               0D   2680
     144    6399       0       0   10000       0       0       000000000D   2681
     144       0      -1       1       0                PartBody       0D   2682
     110    6400       0       0       0       0       0       001010001D   2683
     110       0       0       2       0                               0D   2684
     124    6402       0       0       0       0       0       001020001D   2685
     124       0       0       3       0                               0D   2686
     100    6405       0       0       0       0    2685       001010001D   2687
     100       0       0       1       0                               0D   2688
     120    6406       0       0       0       0       0       001010001D   2689
     120       0      -1       1       0                               0D   2690
     124    6407       0       0       0       0       0       001020001D   2691
     124       0       0       3       0                               0D   2692
     100    6410       0       0       0       0    2691       001010001D   2693
     100       0       0       1       0                               0D   2694
     124    6411       0       0       0       0       0       001020001D   2695
     124       0       0       3       0                               0D   2696
     100    6414       0       0       0       0    2695       001010001D   2697
     100       0       0       1       0                               0D   2698
     124    6415       0       0       0       0       0       001020001D   2699
     124       0       0       3       0                               0D   2700
     100    6418       0       0       0       0    2699       001010001D   2701
     100       0       0       1       0                               0D   2702
     124    6419       0       0       0       0       0       001020001D   2703
     124       0       0       3       0                               0D   2704
     100    6422       0       0       0       0    2703       001010001D   2705
     100       0       0       1       0                               0D   2706
     102    6423       0       0       0       0       0       001010001D   2707
     102       0       0       1       0                               0D   2708
     142    6424       0       0       0       0       0       001010001D   2709
     142       0       0       1       0                               0D   2710
     144    6425       0       0   10000       0       0       000000000D   2711
     144       0      -1       1       0                PartBody       0D   2712
     110    6426       0       0       0       0       0       001010001D   2713
     110       0       0       2       0                               0D   2714
     124    6428       0       0       0       0       0       001020001D   2715
     124       0       0       3       0                               0D   2716
     100    6431       0       0       0       0    2715       001010001D   2717
     100       0       0       1       0                               0D   2718
     120    6432       0       0       0       0       0       001010001D   2719
     120       0      -1       1       0                               0D   2720
     124    6433       0       0       0       0       0       001020001D   2721
     124       0       0       3       0                               0D   2722
     100    6436       0       0       0       0    2721       001010001D   2723
     100       0       0       1       0                               0D   2724
     124    6437       0       0       0       0       0       001020001D   2725
     124       0       0       3       0                               0D   2726
     100    6440       0       0       0       0    2725       001010001D   2727
     100       0       0       1       0                               0D   2728
     124    6441       0       0       0       0       0       001020001D   2729
     124       0       0       3       0                               0D   2730
     100    6444       0       0       0       0    2729       001010001D   2731
     100       0       0       1       0                               0D   2732
     124    6445       0       0       0       0       0       001020001D   2733
     124       0       0       3       0                               0D   2734
     100    6448       0       0       0       0    2733       001010001D   2735
     100       0       0       1       0                               0D   2736
     102    6449       0       0       0       0       0       001010001D   2737
     102       0       0       1       0                               0D   2738
     142    6450       0       0       0       0       0       001010001D   2739
     142       0       0       1       0                               0D   2740
     144    6451       0       0   10000       0       0       000000000D   2741
     144       0      -1       1       0                PartBody       0D   2742
314,72.94117647,76.8627451,78.43137255,5HColor,0,0;                    1P      1
110,45.35557593,137.4327944,0.0,46.30660307,137.7419018,0.0,0,0;       3P      2
110,29.61804488,137.3254505,0.0,58.14888202,146.5986793,0.0,0,0;       5P      3
120,3,5,0.0,6.283185307,0,0;                                           7P      4
126,8,5,0,0,1,0,-7.480917379,-7.480917379,-7.480917379,                9P      5
-7.480917379,-7.480917379,-7.480917379,-1.039016994,                   9P      6
-1.039016994,-1.039016994,5.40288339,5.40288339,5.40288339,            9P      7
5.40288339,5.40288339,5.40288339,1.0,1.0,1.0,1.0,1.0,1.0,1.0,          9P      8
1.0,1.0,58.14885928,146.5986719,2.554679472E-007,58.14886126,          9P      9
146.5986725,1.288380332,58.28353371,146.184334,2.576760386,            9P     10
58.55389556,145.3525214,3.666548225,59.27321883,143.1394011,           9P     11
5.074957745,60.10913427,140.5675629,4.781974748,60.49652935,           9P     12
139.3756756,4.163933692,60.78689109,138.4823296,3.180389436,           9P     13
60.95519994,137.9645023,2.012720694,-7.480917379,5.40288339,0.0,       9P     14
0.0,0.0,0,0;                                                           9P     15
126,3,3,0,0,1,0,5.40288339,5.40288339,5.40288339,5.40288339,          11P     16
7.480917379,7.480917379,7.480917379,7.480917379,1.0,1.0,1.0,1.0,      11P     17
60.95519994,137.9645023,2.012720694,61.04568864,137.6861004,          11P     18
1.384941314,61.09312877,137.5401455,0.6926779963,61.09312982,         11P     19
137.5401458,0.0,5.40288339,7.480917379,0.0,0.0,0.0,0,0;               11P     20
110,61.09312982,137.5401458,0.0,32.56229268,128.266917,0.0,0,0;       13P     21
124,0.3091073805,0.0,-0.9510271433,31.09016878,-0.9510271433,         15P     22
0.0,-0.3091073805,132.7961837,0.0,1.0,0.0,0.0,0,0;                    15P     23
100,0.0,0.0,0.0,4.7625,0.0,-4.7625,0.0,0,0;                           17P     24
110,29.61804488,137.3254505,0.0,58.14885928,146.5986719,0.0,0,0;      19P     25
102,5,9,11,13,17,19,0,0;                                              21P     26
142,0,7,0,21,2,0,0;                                                   23P     27
144,7,1,0,23,0,0;                                                     25P     28
110,45.35557593,137.4327944,0.0,46.30660307,137.7419018,0.0,0,0;      27P     29
110,32.56229268,128.266917,0.0,61.09312982,137.5401458,0.0,0,0;       29P     30
120,27,29,0.0,6.283185307,0,0;                                        31P     31
124,0.3091073805,0.0,0.9510271433,59.62100592,-0.9510271433,0.0,      33P     32
0.3091073805,142.0694126,0.0,-1.0,0.0,0.0,0,0;                        33P     33
100,0.0,0.0,0.0,4.7625,0.0,-4.316290266,2.012720693,0,0;              35P     34
124,-0.280146389,-0.1306345031,0.9510271433,59.62100592,              37P     35
0.8619231919,0.401921682,0.3091073805,142.0694126,-0.4226185182,      37P     36
0.9063076675,0.0,0.0,0,0;                                             37P     37
100,0.0,0.0,0.0,4.7625,0.0,4.316290266,2.012720693,0,0;               39P     38
110,58.14885928,146.5986719,0.0,29.61804488,137.3254505,0.0,0,0;      41P     39
126,14,5,0,0,1,0,0.0,0.0,0.0,0.0,0.0,0.0,3.740458753,                 43P     40
3.740458753,3.740458753,7.480917506,7.480917506,7.480917506,          43P     41
11.22137626,11.22137626,11.22137626,14.96183501,14.96183501,          43P     42
14.96183501,14.96183501,14.96183501,14.96183501,1.0,1.0,1.0,1.0,      43P     43
1.0,1.0,1.0,1.0,1.0,1.0,1.0,1.0,1.0,1.0,1.0,29.61804488,              43P     44
137.3254505,0.0,29.61804488,137.3254505,-0.7480917506,                43P     45
29.66344888,137.1857565,-1.496183501,29.75430176,136.9062305,         43P     46
-2.205769418,30.01711451,136.0976375,-3.471461173,30.40834917,        43P     47
134.8939303,-4.321692418,30.62768742,134.2190948,-4.615612528,        43P     48
31.09016878,132.7961837,-4.909387472,31.55265014,131.3732726,         43P     49
-4.615612528,31.77198839,130.6984371,-4.321692418,32.16322305,        43P     50
129.4947299,-3.471461173,32.4260358,128.6861369,-2.205769418,         43P     51
32.51688868,128.4066109,-1.496183501,32.56229268,128.266917,          43P     52
-0.7480917506,32.56229268,128.266917,0.0,0.0,14.96183501,0.0,         43P     53
0.0,0.0,0,0;                                                          43P     54
110,32.56229268,128.266917,0.0,61.09312982,137.5401458,0.0,0,0;       45P     55
102,5,35,39,41,43,45,0,0;                                             47P     56
142,0,31,0,47,2,0,0;                                                  49P     57
144,31,1,0,49,0,0;                                                    51P     58
110,51.21652899,167.9270727,-12.67855204,51.34716369,                 53P     59
167.5251511,-13.5848597,0,0;                                          53P     60
124,-0.953749772,0.3006016839,-2.009237834E-007,80.95943843,          55P     61
0.12186244,0.3866460645,0.9141413274,169.51584,0.2747925,             55P     62
0.8718620582,-0.4053956506,-9.095997915,0,0;                          55P     63
100,0.0,0.0,0.0,4.7625,0.0,-4.7625,2.558665694E-007,0,0;              57P     64
120,53,57,0.0,1.284323874,0,0;                                        59P     65
126,3,3,0,0,1,0,-1.039016994,-1.039016994,-1.039016994,               61P     66
-1.039016994,1.039016994,1.039016994,1.039016994,1.039016994,         61P     67
1.0,1.0,1.0,1.0,85.68112652,169.768056,-8.527266915,85.7716143,       61P     68
169.4896537,-9.155046273,85.70989189,169.2032904,-9.800777106,        61P     69
85.50167172,168.9354691,-10.40469675,-1.039016994,1.039016994,        61P     70
0.0,0.0,0.0,0,0;                                                      61P     71
124,0.9914305694,1.692810453E-007,0.1306347044,51.47946016,           63P     72
0.05295889392,-0.9141413291,-0.4019216167,167.1181167,                63P     73
0.1194185143,0.4053956467,-0.9063076674,-14.50269623,0,0;             63P     74
100,0.0,0.0,0.0,34.31628256,0.0,9.696759967,32.9177778,0,0;           65P     75
124,0.3091097681,9.078331007E-007,-0.9510263673,59.62099472,          67P     76
-0.9510263673,2.386558644E-007,-0.3091097682,142.0694083,             67P     77
-5.365205945E-008,1.0,9.371440747E-007,2.555179019E-007,0,0;          67P     78
100,0.0,0.0,0.0,4.7625,0.0,4.316290158,2.012720925,0,0;               69P     79
124,0.2801489296,-0.1306347044,-0.9510263673,59.62099472,             71P     80
-0.8619223662,0.4019216167,-0.3091097682,142.0694083,                 71P     81
0.4226185182,0.9063076674,9.371440747E-007,2.555179019E-007,0,0;      71P     82
100,0.0,0.0,0.0,4.7625,0.0,-4.316290374,2.012720462,0,0;              73P     83
124,0.2801489296,0.9510263673,-0.1306347044,50.95359781,              75P     84
-0.8619223662,0.3091097682,0.4019216167,168.7360286,                  75P     85
0.4226185182,-9.371492265E-007,0.9063076674,-10.85440784,0,0;         75P     86
100,0.0,0.0,0.0,25.68370203,0.0,7.257448846,24.63700441,0,0;          77P     87
126,8,5,0,0,1,0,-6.441900512,-6.441900512,-6.441900512,               79P     88
-6.441900512,-6.441900512,-6.441900512,0.0,0.0,0.0,6.441900512,       79P     89
6.441900512,6.441900512,6.441900512,6.441900512,6.441900512,1.0,      79P     90
1.0,1.0,1.0,1.0,1.0,1.0,1.0,1.0,76.41720514,170.0962098,              79P     91
-7.787298634,76.80449437,170.5943569,-6.664008877,77.60730892,        79P     92
171.0394114,-5.660439453,78.7690955,171.3541869,-4.95064117,          79P     93
81.41192323,171.6151585,-4.362167865,83.90305427,171.1723279,         79P     94
-5.360723137,84.9125703,170.7806389,-6.24395717,85.51281937,          79P     95
170.2858839,-7.359598188,85.68112652,169.768056,-8.527266915,         79P     96
-6.441900512,6.441900512,0.0,0.0,0.0,0,0;                             79P     97
102,6,61,65,69,73,77,79,0,0;                                          81P     98
142,0,59,0,81,2,0,0;                                                  83P     99
144,59,1,0,83,0,0;                                                    85P    100
110,51.21652899,167.9270727,-12.67855204,51.34716369,                 87P    101
167.5251511,-13.5848597,0,0;                                          87P    102
124,0.953749772,-0.300601684,-2.009237831E-007,80.95943843,           89P    103
-0.12186244,-0.3866460645,0.9141413274,169.51584,-0.2747925001,       89P    104
-0.8718620581,-0.4053956506,-9.095997915,0,0;                         89P    105
100,0.0,0.0,0.0,4.7625,0.0,-4.7625,-2.314157362E-010,0,0;             91P    106
120,87,91,0.0,1.284323874,0,0;                                        93P    107
124,0.2801489296,0.9510263673,-0.1306347044,51.47946016,              95P    108
-0.8619223662,0.3091097681,0.4019216167,167.1181167,                  95P    109
0.4226185182,-9.371403106E-007,0.9063076674,-14.50269623,0,0;         95P    110
100,0.0,0.0,0.0,34.31628256,0.0,9.696759967,32.9177778,0,0;           97P    111
124,0.953749772,-0.3006016839,-2.009237843E-007,80.95943843,          99P    112
-0.1218626503,-0.3866460645,0.9141413274,169.51584,                   99P    113
-0.2747924068,-0.8718620581,-0.4053956506,-9.095997915,0,0;           99P    114
100,0.0,0.0,0.0,4.7625,0.0,-4.316290266,2.012720693,0,0;             101P    115
124,-0.9914305694,-0.1306347044,-2.009237843E-007,80.95943843,       103P    116
-0.05295881333,0.4019216167,0.9141413274,169.51584,                  103P    117
-0.1194185501,0.9063076674,-0.4053956506,-9.095997915,0,0;           103P    118
100,0.0,0.0,0.0,4.7625,0.0,4.316290266,2.012720693,0,0;              105P    119
124,0.9914305694,2.025810952E-007,0.1306347044,50.95359781,          107P    120
0.05295892462,-0.9141413273,-0.4019216167,168.7360286,               107P    121
0.1194185007,0.4053956508,-0.9063076674,-10.85440784,0,0;            107P    122
100,0.0,0.0,0.0,25.68370203,0.0,7.257448846,24.63700441,0,0;         109P    123
126,3,3,0,0,1,0,0.0,0.0,0.0,0.0,2.078033988,2.078033988,             111P    124
2.078033988,2.078033988,1.0,1.0,1.0,1.0,58.14885945,146.5986714,     111P    125
2.554679197E-007,58.14885883,146.5986712,-0.6926777407,              111P    126
58.19629765,146.4527159,-1.384941059,58.28678544,146.1743136,        111P    127
-2.012720438,0.0,2.078033988,0.0,0.0,0.0,0,0;                        111P    128
126,8,5,0,0,1,0,0.0,0.0,0.0,0.0,0.0,0.0,6.441900384,6.441900384,     113P    129
6.441900384,12.88380077,12.88380077,12.88380077,12.88380077,         113P    130
12.88380077,12.88380077,1.0,1.0,1.0,1.0,1.0,1.0,1.0,1.0,1.0,         113P    131
58.28678544,146.1743136,-2.012720438,58.45509259,145.6564858,        113P    132
-3.18038918,58.74545373,144.7631396,-4.163933436,59.1328493,         113P    133
143.5712524,-4.781974492,59.96876701,140.999415,-5.07495749,         113P    134
60.68809318,138.7862956,-3.666547969,60.95845613,137.9544834,        113P    135
-2.57676013,61.09312882,137.540145,-1.288380077,61.09312999,         113P    136
137.5401453,-5.721689789E-011,0.0,12.88380077,0.0,0.0,0.0,0,0;       113P    137
102,6,97,101,105,109,111,113,0,0;                                    115P    138
142,0,93,0,115,2,0,0;                                                117P    139
144,93,1,0,117,0,0;                                                  119P    140
110,80.95943843,251.7885677,-45.58158651,80.95943843,                121P    141
252.7027091,-45.98698194,0,0;                                        121P    142
110,76.41720514,170.0962098,-7.787298634,76.41720514,                123P    143
261.5103524,-48.32684177,0,0;                                        123P    144
120,121,123,0.0,6.283185307,0,0;                                     125P    145
126,5,5,0,0,1,0,-7.480917506,-7.480917506,-7.480917506,              127P    146
-7.480917506,-7.480917506,-7.480917506,-1.454102944,                 127P    147
-1.454102944,-1.454102944,-1.454102944,-1.454102944,                 127P    148
-1.454102944,1.0,1.0,1.0,1.0,1.0,1.0,76.41720514,261.5103524,        127P    149
-48.32684177,76.77953926,261.9764009,-47.27593144,77.50518036,       127P    150
262.3961648,-46.32938992,78.54839287,262.7062934,-45.63006933,       127P    151
79.75407552,262.8606777,-45.28194229,80.95943843,262.8606777,        127P    152
-45.28194229,-7.480917506,-1.454102944,0.0,0.0,0.0,0,0;              127P    153
126,5,5,0,0,1,0,-1.454102944,-1.454102944,-1.454102944,              129P    154
-1.454102944,-1.454102944,-1.454102944,7.480917506,7.480917506,      129P    155
7.480917506,7.480917506,7.480917506,7.480917506,1.0,1.0,1.0,1.0,     129P    156
1.0,1.0,80.95943843,262.8606777,-45.28194229,82.74644252,            129P    157
262.8606777,-45.28194229,84.53805988,262.5226229,-46.04423486,       129P    158
85.78208981,261.8348904,-47.59502876,86.03884816,261.0405492,        129P    159
-49.3862186,85.50167172,260.3496116,-50.94423987,-1.454102944,       129P    160
7.480917506,0.0,0.0,0.0,0,0;                                         129P    161
110,85.50167172,260.3496116,-50.94423987,85.50167172,                131P    162
168.9354691,-10.40469675,0,0;                                        131P    163
126,3,3,0,0,1,0,0.0,0.0,0.0,0.0,2.078033989,2.078033989,             133P    164
2.078033989,2.078033989,1.0,1.0,1.0,1.0,85.50167172,168.9354691,     133P    165
-10.40469675,85.70989189,169.2032901,-9.800777007,85.7716143,        133P    166
169.4896532,-9.155046081,85.68112652,169.7680554,-8.527266642,       133P    167
0.0,2.078033989,0.0,0.0,0.0,0,0;                                     133P    168
126,8,5,0,0,1,0,0.0,0.0,0.0,0.0,0.0,0.0,6.441900512,6.441900512,     135P    169
6.441900512,12.88380102,12.88380102,12.88380102,12.88380102,         135P    170
12.88380102,12.88380102,1.0,1.0,1.0,1.0,1.0,1.0,1.0,1.0,1.0,         135P    171
85.68112652,169.7680554,-8.527266642,85.51281937,170.2858829,        135P    172
-7.359597764,84.9125703,170.7806377,-6.243956631,83.90305427,        135P    173
171.1723266,-5.360722539,81.41192323,171.6151571,-4.362167271,       135P    174
78.7690955,171.354186,-4.950640774,77.60730892,171.0394109,          135P    175
-5.660439192,76.80449437,170.5943566,-6.664008757,76.41720514,       135P    176
170.0962098,-7.787298634,0.0,12.88380102,0.0,0.0,0.0,0,0;            135P    177
110,76.41720514,170.0962099,-7.787298651,76.41720514,                137P    178
261.5103524,-48.32684177,0,0;                                        137P    179
102,6,127,129,131,133,135,137,0,0;                                   139P    180
142,0,125,0,139,2,0,0;                                               141P    181
144,125,1,0,141,0,0;                                                 143P    182
110,80.95943843,251.7885677,-45.58158651,80.95943843,                145P    183
252.7027091,-45.98698194,0,0;                                        145P    184
110,85.50167172,168.9354691,-10.40469675,85.50167172,                147P    185
260.3496116,-50.94423987,0,0;                                        147P    186
120,145,147,0.0,6.283185307,0,0;                                     149P    187
124,0.953749772,-0.3006016839,0.0,80.95943843,-0.1218625493,         151P    188
-0.3866458001,0.9141414247,260.929982,-0.2747924516,                 151P    189
-0.8718621754,-0.4053954312,-49.63554082,0,0;                        151P    190
100,0.0,0.0,0.0,4.7625,0.0,1.43161552,4.542233289,0,0;               153P    191
124,0.0,-1.0,0.0,80.95943843,-0.4053954312,0.0,0.9141414247,         155P    192
260.929982,-0.9141414247,0.0,-0.4053954312,-49.63554082,0,0;         155P    193
100,0.0,0.0,0.0,4.7625,0.0,-1.43161552,4.542233289,0,0;              157P    194
110,76.41720514,261.5103524,-48.32684177,76.41720514,                159P    195
170.0962099,-7.787298651,0,0;                                        159P    196
124,-0.953749772,-0.3006016839,0.0,80.95943843,0.1218625493,         161P    197
-0.3866458001,-0.9141414247,169.5158395,0.2747924516,                161P    198
-0.8718621754,0.4053954312,-9.095997702,0,0;                         161P    199
100,0.0,0.0,0.0,4.7625,0.0,4.316290266,2.012720693,0,0;              163P    200
124,-0.9914305694,0.1306347044,0.0,80.95943843,-0.05295871233,       165P    201
-0.4019214232,-0.9141414247,169.5158395,-0.1194185948,               165P    202
-0.9063077532,0.4053954312,-9.095997702,0,0;                         165P    203
100,0.0,0.0,0.0,4.7625,0.0,-4.316290266,2.012720693,0,0;             167P    204
110,85.50167172,168.9354691,-10.40469675,85.50167172,                169P    205
260.3496116,-50.94423987,0,0;                                        169P    206
102,6,153,157,159,163,167,169,0,0;                                   171P    207
142,0,149,0,171,2,0,0;                                               173P    208
144,149,1,0,173,0,0;                                                 175P    209
110,80.95943843,238.6332333,-99.91331918,81.95943843,                177P    210
238.6332333,-99.91331918,0,0;                                        177P    211
124,-0.9537497721,0.3006016838,0.0,80.95943843,0.3006016838,         179P    212
0.9537497721,4.921541972E-009,293.6332333,1.479423828E-009,          179P    213
4.693919526E-009,-1.0,-99.91331891,0,0;                              179P    214
100,0.0,0.0,0.0,4.7625,0.0,-4.7625,-9.83758824E-010,0,0;             181P    215
120,177,181,0.0,1.153384962,0,0;                                     183P    216
124,0.0,1.0,0.0,80.95943843,1.0,0.0,4.921541964E-009,                185P    217
293.6332333,4.921541996E-009,0.0,-1.0,-99.91331891,0,0;              185P    218
100,0.0,0.0,0.0,4.7625,0.0,-1.43161552,4.542233289,0,0;              187P    219
124,-1.605500961E-012,0.0,1.0,85.50167172,1.0,-4.92154196E-009,      189P    220
0.0,238.6332333,4.92154196E-009,1.0,0.0,-99.91331918,0,0;            189P    221
100,0.0,0.0,0.0,53.56838448,0.0,21.71637857,48.9690792,0,0;          191P    222
126,5,5,0,0,1,0,0.0,0.0,0.0,0.0,0.0,0.0,8.93502045,8.93502045,       193P    223
8.93502045,8.93502045,8.93502045,8.93502045,1.0,1.0,1.0,1.0,1.0,     193P    224
1.0,85.50167172,260.3496116,-50.94423987,86.03884816,                193P    225
261.0405492,-49.3862186,85.78208981,261.8348904,-47.59502876,        193P    226
84.53805988,262.5226229,-46.04423486,82.74644252,262.8606777,        193P    227
-45.28194229,80.95943843,262.8606777,-45.28194229,0.0,               193P    228
8.93502045,0.0,0.0,0.0,0,0;                                          193P    229
126,5,5,0,0,1,0,0.0,0.0,0.0,0.0,0.0,0.0,6.026814563,6.026814563,     195P    230
6.026814563,6.026814563,6.026814563,6.026814563,1.0,1.0,1.0,1.0,     195P    231
1.0,1.0,80.95943843,262.8606777,-45.28194229,79.75407552,            195P    232
262.8606777,-45.28194229,78.54839287,262.7062934,-45.63006933,       195P    233
77.50518036,262.3961648,-46.32938992,76.77953926,261.9764009,        195P    234
-47.27593144,76.41720514,261.5103524,-48.32684177,0.0,               195P    235
6.026814563,0.0,0.0,0.0,0,0;                                         195P    236
124,0.0,0.0,-1.0,76.41720514,0.4053954312,0.9141414247,0.0,          197P    237
238.6332333,0.9141414247,-0.4053954312,0.0,-99.91331918,0,0;         197P    238
100,0.0,0.0,0.0,56.43161552,0.0,22.87711885,51.58647752,0,0;         199P    239
124,-0.953749772,0.3006016839,0.0,80.95943843,0.3006016839,          201P    240
0.953749772,4.921541964E-009,293.6332333,-1.15264438E-007,           201P    241
4.693919526E-009,-1.0,-99.91331891,0,0;                              201P    242
100,0.0,0.0,0.0,4.7625,0.0,1.43161552,4.542233289,0,0;               203P    243
102,6,187,191,193,195,199,203,0,0;                                   205P    244
142,0,183,0,205,2,0,0;                                               207P    245
144,183,1,0,207,0,0;                                                 209P    246
110,80.95943843,238.6332333,-99.91331918,81.95943843,                211P    247
238.6332333,-99.91331918,0,0;                                        211P    248
124,0.953749772,-0.3006016839,0.0,80.95943843,-0.3006016839,         213P    249
-0.953749772,4.921541972E-009,293.6332333,-1.479423828E-009,         213P    250
-4.693919526E-009,-1.0,-99.91331891,0,0;                             213P    251
100,0.0,0.0,0.0,4.7625,0.0,-4.7625,3.004591613E-011,0,0;             215P    252
120,211,215,0.0,1.153384962,0,0;                                     217P    253
124,0.0,0.0,-1.0,85.50167172,0.4053954312,0.9141414247,0.0,          219P    254
238.6332333,0.9141414247,-0.4053954312,0.0,-99.91331918,0,0;         219P    255
100,0.0,0.0,0.0,53.56838448,0.0,21.71637857,48.9690792,0,0;          221P    256
124,0.953749772,-0.300601684,0.0,80.95943843,-0.300601684,           223P    257
-0.953749772,4.921541964E-009,293.6332333,-1.479423828E-009,         223P    258
-4.693919526E-009,-1.0,-99.91331891,0,0;                             223P    259
100,0.0,0.0,0.0,4.7625,0.0,1.43161552,4.542233289,0,0;               225P    260
124,0.0,-1.0,0.0,80.95943843,-1.0,0.0,4.921541964E-009,              227P    261
293.6332333,-1.088486512E-007,0.0,-1.0,-99.91331891,0,0;             227P    262
100,0.0,0.0,0.0,4.7625,0.0,-1.43161552,4.542233289,0,0;              229P    263
124,0.0,0.0,1.0,76.41720514,1.0,4.930960698E-009,0.0,                231P    264
238.6332333,-4.930960698E-009,1.0,0.0,-99.91331918,0,0;              231P    265
100,0.0,0.0,0.0,56.43161552,0.0,22.87711885,51.58647752,0,0;         233P    266
124,-0.953749772,-0.3006016839,0.0,80.95943843,0.1218625493,         235P    267
-0.3866458001,-0.9141414247,260.929982,0.2747924516,                 235P    268
-0.8718621754,0.4053954312,-49.63554082,0,0;                         235P    269
100,0.0,0.0,0.0,4.7625,0.0,-1.43161552,4.542233289,0,0;              237P    270
124,0.0,1.0,0.0,80.95943843,-0.4053954311,0.0,-0.9141414247,         239P    271
260.929982,-0.9141414247,0.0,0.4053954312,-49.63554082,0,0;          239P    272
100,0.0,0.0,0.0,4.7625,0.0,1.43161552,4.542233289,0,0;               241P    273
102,6,221,225,229,233,237,241,0,0;                                   243P    274
142,0,217,0,243,2,0,0;                                               245P    275
144,217,1,0,245,0,0;                                                 247P    276
110,80.95943843,293.6332331,-137.4133195,80.95943843,                249P    277
293.6332331,-138.4133195,0,0;                                        249P    278
110,85.50167172,292.2016177,-99.91331944,85.50167172,                251P    279
292.2016174,-173.9133194,0,0;                                        251P    280
120,249,251,0.0,6.283185307,0,0;                                     253P    281
126,4,4,0,0,1,0,0.0,0.0,0.0,0.0,0.0,2.602864006,2.602864006,         255P    282
2.602864006,2.602864006,2.602864006,1.0,1.0,1.0,1.0,1.0,             255P    283
85.50167172,292.2016176,-122.277185,85.37887974,291.8120229,         255P    284
-122.4983296,85.22643025,291.4866548,-122.8022788,85.08379113,       255P    285
291.2436082,-123.1705536,84.9775237,291.0765953,-123.5777529,        255P    286
0.0,2.602864006,0.0,0.0,0.0,0,0;                                     255P    287
126,3,3,0,0,1,0,0.0,0.0,0.0,0.0,1.961594858,1.961594858,             257P    288
1.961594858,1.961594858,1.0,1.0,1.0,1.0,84.9775237,291.0765953,      257P    289
-123.5777529,84.8694188,290.9066945,-123.9919931,84.80626153,        257P    290
290.8255012,-124.4527802,84.80626153,290.8255012,-124.9133194,       257P    291
0.0,1.961594858,0.0,0.0,0.0,0,0;                                     257P    292
126,5,5,0,0,1,0,0.0,0.0,0.0,0.0,0.0,0.0,4.601583692,4.601583692,     259P    293
4.601583692,4.601583692,4.601583692,4.601583692,1.0,1.0,1.0,1.0,     259P    294
1.0,1.0,84.80626153,290.8255012,-124.9133194,84.80626153,            259P    295
290.8255012,-125.5520537,84.90060207,290.9567191,-126.1910928,       259P    296
85.09989026,291.2209579,-126.7707404,85.3283919,291.6518349,         259P    297
-127.2373852,85.50167172,292.2016176,-127.5494531,0.0,               259P    298
4.601583692,0.0,0.0,0.0,0,0;                                         259P    299
110,85.50167172,292.2016176,-127.5494531,85.50167527,                261P    300
292.2016179,-142.3940455,0,0;                                        261P    301
126,4,4,0,0,1,0,0.0,0.0,0.0,0.0,0.0,4.172496124,4.172496124,         263P    302
4.172496124,4.172496124,4.172496124,1.0,1.0,1.0,1.0,1.0,             263P    303
85.50167172,292.2016175,-142.3940483,85.31373657,291.6053364,        263P    304
-142.8350171,85.06599528,291.2035725,-143.4848003,84.94644473,       263P    305
291.0283939,-144.1988634,84.94644473,291.0283939,-144.9133194,       263P    306
0.0,4.172496124,0.0,0.0,0.0,0,0;                                     263P    307
126,4,4,0,0,1,0,0.0,0.0,0.0,0.0,0.0,4.171634785,4.171634785,         265P    308
4.171634785,4.171634785,4.171634785,1.0,1.0,1.0,1.0,1.0,             265P    309
84.94644473,291.0283939,-144.9133194,84.94644472,291.0283939,        265P    310
-145.6277615,85.06600001,291.2035775,-146.3418608,85.31374324,       265P    311
291.6053576,-146.9916369,85.50167172,292.2016175,-147.4325906,       265P    312
0.0,4.171634785,0.0,0.0,0.0,0,0;                                     265P    313
110,85.50167603,292.201618,-147.4325942,85.50167225,292.2016175,     267P    314
-162.394048,0,0;                                                     267P    315
126,4,4,0,0,1,0,0.0,0.0,0.0,0.0,0.0,4.170292675,4.170292675,         269P    316
4.170292675,4.170292675,4.170292675,1.0,1.0,1.0,1.0,1.0,             269P    317
85.50167172,292.2016174,-162.3940481,85.31377512,291.6054586,        269P    318
-162.8349254,85.06595965,291.2034657,-163.4847743,84.94644472,       269P    319
291.0283938,-164.19905,84.94644473,291.0283938,-164.9133194,0.0,     269P    320
4.170292675,0.0,0.0,0.0,0,0;                                         269P    321
126,4,4,0,0,1,0,0.0,0.0,0.0,0.0,0.0,4.171635761,4.171635761,         271P    322
4.171635761,4.171635761,4.171635761,1.0,1.0,1.0,1.0,1.0,             271P    323
84.94644473,291.0283938,-164.9133194,84.94644472,291.0283938,        271P    324
-165.6277616,85.06600022,291.2035779,-166.3418615,85.31374319,       271P    325
291.6053573,-166.9916368,85.50167172,292.2016174,-167.4325906,       271P    326
0.0,4.171635761,0.0,0.0,0.0,0,0;                                     271P    327
110,85.50167181,292.2016174,-167.4325907,85.50167172,                273P    328
292.2016174,-173.9133194,0,0;                                        273P    329
124,0.953749772,-0.3006016839,0.0,80.95943843,-0.3006016839,         275P    330
-0.953749772,-4.932937772E-009,293.6332329,1.482852336E-009,         275P    331
4.704788275E-009,-1.0,-173.9133195,0,0;                              275P    332
100,0.0,0.0,0.0,4.7625,0.0,-2.38125,4.124445986,0,0;                 277P    333
124,-0.7372035807,-0.6756706895,0.0,80.95943843,-0.6756706895,       279P    334
0.7372035807,-4.932937772E-009,293.6332329,3.333041466E-009,         279P    335
-3.636579388E-009,-1.0,-173.9133195,0,0;                             279P    336
100,0.0,0.0,0.0,4.7625,0.0,2.38125,4.124445985,0,0;                  281P    337
110,76.41720514,295.0648484,-173.9133195,76.41720514,                283P    338
295.0648484,-167.4325906,0,0;                                        283P    339
126,11,5,0,0,1,0,0.0,0.0,0.0,0.0,0.0,0.0,2.995203532,                285P    340
2.995203532,2.995203532,5.127377425,5.127377425,5.127377425,         285P    341
8.588791467,8.588791467,8.588791467,8.588791467,8.588791467,         285P    342
8.588791467,1.0,1.0,1.0,1.0,1.0,1.0,1.0,1.0,1.0,1.0,1.0,1.0,         285P    343
76.41720514,295.0648484,-167.4325906,76.3119986,294.7310489,         285P    344
-167.679446,76.22251123,294.3401718,-167.8647285,76.17131392,        285P    345
293.8940991,-167.9634453,76.18983893,293.1249267,-167.9319476,       285P    346
76.33326512,292.4505111,-167.6275158,76.40863729,292.1977388,        285P    347
-167.4607579,76.6214395,291.6160663,-166.9501178,76.83016604,        285P    348
291.2444091,-166.2830339,76.9262187,291.0991288,-165.8343281,        285P    349
76.97243214,291.0283938,-165.3738239,76.97243214,291.0283938,        285P    350
-164.9133194,0.0,8.588791467,0.0,0.0,0.0,0,0;                        285P    351
126,14,5,0,0,1,0,0.0,0.0,0.0,0.0,0.0,0.0,1.898174718,                287P    352
1.898174718,1.898174718,4.263125139,4.263125139,4.263125139,         287P    353
5.796459854,5.796459854,5.796459854,8.590359313,8.590359313,         287P    354
8.590359313,8.590359313,8.590359313,8.590359313,1.0,1.0,1.0,1.0,     287P    355
1.0,1.0,1.0,1.0,1.0,1.0,1.0,1.0,1.0,1.0,1.0,76.97243214,             287P    356
291.0283938,-164.9133194,76.97243214,291.0283938,-164.6607856,       287P    357
76.95853455,291.0496656,-164.4082521,76.93079506,291.0920672,        287P    358
-164.1583278,76.83747663,291.2405991,-163.6064297,76.69062433,       287P    359
291.5103555,-163.0984193,76.59824326,291.6988369,-162.8360679,       287P    360
76.44504296,292.0718152,-162.449362,76.31750771,292.5418376,         287P    361
-162.1658995,76.27410292,292.7410042,-162.0733158,76.18034537,       287P    362
293.3359131,-161.8775554,76.18166737,293.9835248,-161.8836294,       287P    363
76.23460988,294.3924503,-161.9870898,76.31906882,294.7534813,        287P    364
-162.1637823,76.41720514,295.0648485,-162.3940483,0.0,               287P    365
8.590359313,0.0,0.0,0.0,0,0;                                         287P    366
110,76.41720514,295.0648485,-162.3940483,76.41720514,                289P    367
295.0648485,-147.4325906,0,0;                                        289P    368
126,14,5,0,0,1,0,0.0,0.0,0.0,0.0,0.0,0.0,1.818984778,                291P    369
1.818984778,1.818984778,4.886876281,4.886876281,4.886876281,         291P    370
6.69560709,6.69560709,6.69560709,8.594812936,8.594812936,            291P    371
8.594812936,8.594812936,8.594812936,8.594812936,1.0,1.0,1.0,1.0,     291P    372
1.0,1.0,1.0,1.0,1.0,1.0,1.0,1.0,1.0,1.0,1.0,76.41720514,             291P    373
295.0648485,-147.4325906,76.35334317,294.8622271,-147.5824356,       291P    374
76.29527274,294.638573,-147.7095948,76.24764521,294.3951331,         291P    375
-147.8091058,76.16358514,293.7019742,-147.9821571,76.20921869,       291P    376
292.973017,-147.8874441,76.29724677,292.5506325,-147.7121599,        291P    377
76.47472447,291.9821366,-147.3221508,76.66165395,291.5720621,        291P    378
-146.8018578,76.72808438,291.4419337,-146.5947072,76.84969122,       291P    379
291.2211539,-146.1480282,76.93081084,291.092043,-145.6682009,        291P    380
76.95853447,291.0496658,-145.4183881,76.97243214,291.0283939,        291P    381
-145.1658539,76.97243214,291.0283939,-144.9133194,0.0,               291P    382
8.594812936,0.0,0.0,0.0,0,0;                                         291P    383
126,11,5,0,0,1,0,0.0,0.0,0.0,0.0,0.0,0.0,3.461414029,                293P    384
3.461414029,3.461414029,5.593587921,5.593587921,5.593587921,         293P    385
8.588791427,8.588791427,8.588791427,8.588791427,8.588791427,         293P    386
8.588791427,1.0,1.0,1.0,1.0,1.0,1.0,1.0,1.0,1.0,1.0,1.0,1.0,         293P    387
76.97243214,291.0283939,-144.9133194,76.97243214,291.0283939,        293P    388
-144.4528149,76.9262187,291.0991289,-143.9923108,76.83016604,        293P    389
291.2444092,-143.5436049,76.6214395,291.6160664,-142.876521,         293P    390
76.40863729,292.1977389,-142.365881,76.33326512,292.4505112,         293P    391
-142.1991231,76.18983893,293.1249268,-141.8946913,76.17131392,       293P    392
293.8940992,-141.8631936,76.22251124,294.3401719,-141.9619104,       293P    393
76.3119986,294.731049,-142.1471929,76.41720514,295.0648486,          293P    394
-142.3940483,0.0,8.588791427,0.0,0.0,0.0,0,0;                        293P    395
110,76.41720514,295.0648486,-142.3940483,76.41720514,                295P    396
295.0648486,-127.5494528,0,0;                                        295P    397
126,11,5,0,0,1,0,0.0,0.0,0.0,0.0,0.0,0.0,2.198586119,                297P    398
2.198586119,2.198586119,4.40057781,4.40057781,4.40057781,            297P    399
8.848850125,8.848850125,8.848850125,8.848850125,8.848850125,         297P    400
8.848850125,1.0,1.0,1.0,1.0,1.0,1.0,1.0,1.0,1.0,1.0,1.0,1.0,         297P    401
76.41720514,295.0648486,-127.5494528,76.33487729,294.8036386,        297P    402
-127.6977225,76.2647614,294.5156818,-127.8111448,76.21541997,        297P    403
294.2070116,-127.8852659,76.1708059,293.5681045,-127.952991,         297P    404
76.23243386,292.9343262,-127.859432,76.28949649,292.630405,          297P    405
-127.7722257,76.5187437,291.7826186,-127.3924444,76.8408479,         297P    406
291.1910141,-126.7034267,77.02396646,290.9469575,-126.1409702,       297P    407
77.11261534,290.8255012,-125.5271451,77.11261534,290.8255012,        297P    408
-124.9133194,0.0,8.848850125,0.0,0.0,0.0,0,0;                        297P    409
126,14,5,0,0,1,0,0.0,0.0,0.0,0.0,0.0,0.0,2.454553006,                299P    410
2.454553006,2.454553006,4.757430425,4.757430425,4.757430425,         299P    411
6.95170069,6.95170069,6.95170069,8.84082219,8.84082219,              299P    412
8.84082219,8.84082219,8.84082219,8.84082219,1.0,1.0,1.0,1.0,1.0,     299P    413
1.0,1.0,1.0,1.0,1.0,1.0,1.0,1.0,1.0,1.0,77.11261534,290.8255012,     299P    414
-124.9133194,77.11261534,290.8255012,-124.574289,77.085572,          299P    415
290.8625528,-124.2352595,77.03145429,290.9364813,-123.9052844,       299P    416
76.88106629,291.1579804,-123.2984504,76.67754634,291.5318001,        299P    417
-122.7858327,76.57369764,291.7492314,-122.5653741,76.382154,         299P    418
292.2420191,-122.2029763,76.24814134,292.8423295,-121.9897886,       299P    419
76.20473576,293.1547019,-121.9253274,76.17546748,293.7509228,        299P    420
-121.8805352,76.23730827,294.3354566,-121.9748123,76.28463111,       299P    421
294.5957766,-122.0479318,76.34640151,294.8402027,-122.1496711,       299P    422
76.41720514,295.0648487,-122.2771861,0.0,8.84082219,0.0,0.0,0.0,     299P    423
0,0;                                                                 299P    424
110,76.41720514,295.0648487,-122.2771861,76.41720514,                301P    425
295.0648488,-99.91331946,0,0;                                        301P    426
124,-0.953749772,-0.3006016839,0.0,80.95943843,0.3006016839,         303P    427
-0.953749772,4.932937772E-009,293.6332333,-1.482849352E-009,         303P    428
4.704788275E-009,1.0,-99.91331945,0,0;                               303P    429
100,0.0,0.0,0.0,4.7625,0.0,-1.43161552,4.542233289,0,0;              305P    430
124,0.0,1.0,0.0,80.95943843,-1.0,0.0,4.932937772E-009,               307P    431
293.6332333,4.932937535E-009,0.0,1.0,-99.91331945,0,0;               307P    432
100,0.0,0.0,0.0,4.7625,0.0,1.43161552,4.542233289,0,0;               309P    433
110,85.50167172,292.2016177,-99.91331892,85.50167172,                311P    434
292.2016176,-122.277185,0,0;                                         311P    435
102,25,255,257,259,261,263,265,267,269,271,273,277,281,283,285,      313P    436
287,289,291,293,295,297,299,301,305,309,311,0,0;                     313P    437
142,0,253,0,313,2,0,0;                                               315P    438
144,253,1,0,315,0,0;                                                 317P    439
128,20,1,5,1,0,0,1,0,0,0.0,0.0,0.0,0.0,0.0,0.0,0.8902899069,         319P    440
0.8902899069,0.8902899069,1.797785905,1.797785905,1.797785905,       319P    441
2.731503572,2.731503572,2.731503572,3.40517915,3.40517915,           319P    442
3.40517915,4.056798379,4.056798379,4.056798379,5.135029605,          319P    443
5.135029605,5.135029605,5.135029605,5.135029605,5.135029605,0.0,     319P    444
0.0,1.158188324,1.158188324,1.0,1.0,1.0,1.0,1.0,1.0,1.0,1.0,1.0,     319P    445
1.0,1.0,1.0,1.0,1.0,1.0,1.0,1.0,1.0,1.0,1.0,1.0,1.0,1.0,1.0,1.0,     319P    446
1.0,1.0,1.0,1.0,1.0,1.0,1.0,1.0,1.0,1.0,1.0,1.0,1.0,1.0,1.0,1.0,     319P    447
1.0,77.11261534,290.8255012,-124.9133194,77.11261534,                319P    448
290.8255012,-124.7060299,77.10250565,290.8393524,-124.4987406,       319P    449
77.08228727,290.8670471,-124.2934428,77.02201843,290.9517622,        319P    450
-123.8870051,76.92735396,291.0962714,-123.5044031,76.87204728,       319P    451
291.184902,-123.319252,76.74869622,291.3973101,-122.9633015,         319P    452
76.61285028,291.6767029,-122.6541483,76.5433799,291.8358847,         319P    453
-122.5111599,76.42861846,292.1397213,-122.2927387,76.33237315,       319P    454
292.4898356,-122.1281197,76.29659432,292.6439744,-122.0693866,       319P    455
76.23768247,292.9596543,-121.9753027,76.20477817,293.2929459,        319P    456
-121.9251277,76.19568227,293.4595361,-121.911449,76.19131382,        319P    457
293.9038662,-121.904691,76.23793332,294.3406259,-121.9757678,        319P    458
76.28579007,294.6007463,-122.0497653,76.34735254,294.8432201,        319P    459
-122.1513839,76.41720514,295.0648487,-122.2771861,77.23874054,       319P    460
291.6332331,-124.9133194,77.23874054,291.6332331,-124.7606579,       319P    461
77.23633997,291.6477991,-124.6079964,77.23154616,291.6769245,        319P    462
-124.4570621,77.21722228,291.7646757,-124.1595327,77.19669229,       319P    463
291.9073804,-123.8847609,77.18552411,291.9925423,-123.7539159,       319P    464
77.16464104,292.1885887,-123.5087339,77.1529193,292.4222595,         319P    465
-123.310398,77.15082239,292.5480173,-123.2233825,77.15498428,        319P    466
292.7706538,-123.0982884,77.16780051,292.9964302,-123.0134418,       319P    467
77.17413408,293.0906028,-122.984714,77.18634071,293.2740749,         319P    468
-122.9404125,77.19480416,293.4542199,-122.9183949,77.19729536,       319P    469
293.5420435,-122.912531,77.19835176,293.7747049,-122.9094969,        319P    470
77.18631655,294.0092567,-122.9406732,77.17465816,294.1581389,        319P    471
-122.9738001,77.16462175,294.3101342,-123.0240996,77.15849822,       319P    472
294.4606863,-123.0925171,0.0,5.135029605,0.0,1.158188324,0,0;        319P    473
126,20,5,0,0,1,0,0.0,0.0,0.0,0.0,0.0,0.0,0.8902899069,               321P    474
0.8902899069,0.8902899069,1.797785905,1.797785905,1.797785905,       321P    475
2.731503572,2.731503572,2.731503572,3.40517915,3.40517915,           321P    476
3.40517915,4.056798379,4.056798379,4.056798379,5.135029605,          321P    477
5.135029605,5.135029605,5.135029605,5.135029605,5.135029605,1.0,     321P    478
1.0,1.0,1.0,1.0,1.0,1.0,1.0,1.0,1.0,1.0,1.0,1.0,1.0,1.0,1.0,1.0,     321P    479
1.0,1.0,1.0,1.0,77.23874054,291.6332331,-124.9133194,                321P    480
77.23874054,291.6332331,-124.7606579,77.23633997,291.6477991,        321P    481
-124.6079964,77.23154616,291.6769245,-124.4570621,77.21722228,       321P    482
291.7646757,-124.1595327,77.19669229,291.9073804,-123.8847609,       321P    483
77.18552411,291.9925423,-123.7539159,77.16464104,292.1885887,        321P    484
-123.5087339,77.1529193,292.4222595,-123.310398,77.15082239,         321P    485
292.5480173,-123.2233825,77.15498428,292.7706538,-123.0982884,       321P    486
77.16780051,292.9964302,-123.0134418,77.17413408,293.0906028,        321P    487
-122.984714,77.18634071,293.2740749,-122.9404125,77.19480416,        321P    488
293.4542199,-122.9183949,77.19729536,293.5420435,-122.912531,        321P    489
77.19835176,293.7747049,-122.9094969,77.18631655,294.0092567,        321P    490
-122.9406732,77.17465816,294.1581389,-122.9738001,77.16462175,       321P    491
294.3101342,-123.0240996,77.15849822,294.4606863,-123.0925171,       321P    492
0.0,5.135029605,0.0,0.0,0.0,0,0;                                     321P    493
126,1,1,0,0,1,0,0.0,0.0,1.158188324,1.158188324,1.0,1.0,             323P    494
77.15849822,294.4606863,-123.0925171,76.41720514,295.0648487,        323P    495
-122.2771861,0.0,1.158188324,0.0,0.0,0.0,0,0;                        323P    496
126,20,5,0,0,1,0,0.0,0.0,0.0,0.0,0.0,0.0,1.078231226,                325P    497
1.078231226,1.078231226,1.729850455,1.729850455,1.729850455,         325P    498
2.403526033,2.403526033,2.403526033,3.3372437,3.3372437,             325P    499
3.3372437,4.244739698,4.244739698,4.244739698,5.135029605,           325P    500
5.135029605,5.135029605,5.135029605,5.135029605,5.135029605,1.0,     325P    501
1.0,1.0,1.0,1.0,1.0,1.0,1.0,1.0,1.0,1.0,1.0,1.0,1.0,1.0,1.0,1.0,     325P    502
1.0,1.0,1.0,1.0,76.41720514,295.0648487,-122.2771861,                325P    503
76.34735254,294.8432201,-122.1513839,76.28579007,294.6007463,        325P    504
-122.0497653,76.23793332,294.3406259,-121.9757678,76.19131382,       325P    505
293.9038662,-121.904691,76.19568227,293.4595361,-121.911449,         325P    506
76.20477817,293.2929459,-121.9251277,76.23768247,292.9596543,        325P    507
-121.9753027,76.29659432,292.6439744,-122.0693866,76.33237315,       325P    508
292.4898356,-122.1281197,76.42861846,292.1397213,-122.2927387,       325P    509
76.5433799,291.8358847,-122.5111599,76.61285028,291.6767029,         325P    510
-122.6541483,76.74869622,291.3973101,-122.9633015,76.87204728,       325P    511
291.184902,-123.319252,76.92735396,291.0962714,-123.5044031,         325P    512
77.02201843,290.9517622,-123.8870051,77.08228727,290.8670471,        325P    513
-124.2934428,77.10250565,290.8393524,-124.4987406,77.11261534,       325P    514
290.8255012,-124.7060299,77.11261534,290.8255012,-124.9133194,       325P    515
1.389999227E-012,5.135029605,0.0,0.0,0.0,0,0;                        325P    516
126,1,1,0,0,1,0,0.0,0.0,1.158188324,1.158188324,1.0,1.0,             327P    517
77.11261534,290.8255012,-124.9133194,77.23874054,291.6332331,        327P    518
-124.9133194,0.0,1.158188324,0.0,0.0,0.0,0,0;                        327P    519
102,4,321,323,325,327,0,0;                                           329P    520
110,0.0,1.158188324,0.0,5.135029605,1.158188324,0.0,0,0;             331P    521
110,5.135029605,0.0,0.0,5.135029605,1.158188324,0.0,0,0;             333P    522
110,0.0,0.0,0.0,5.135029605,0.0,0.0,0,0;                             335P    523
110,0.0,0.0,0.0,0.0,1.158188324,0.0,0,0;                             337P    524
102,4,331,333,335,337,0,0;                                           339P    525
142,0,319,339,329,1,0,0;                                             341P    526
144,319,1,0,341,0,0;                                                 343P    527
128,17,1,5,1,0,0,1,0,0,0.0,0.0,0.0,0.0,0.0,0.0,1.300895603,          345P    528
1.300895603,1.300895603,1.954978909,1.954978909,1.954978909,         345P    529
3.260036059,3.260036059,3.260036059,4.19005343,4.19005343,           345P    530
4.19005343,5.143981307,5.143981307,5.143981307,5.143981307,          345P    531
5.143981307,5.143981307,0.0,0.0,1.145021048,1.145021048,1.0,1.0,     345P    532
1.0,1.0,1.0,1.0,1.0,1.0,1.0,1.0,1.0,1.0,1.0,1.0,1.0,1.0,1.0,1.0,     345P    533
1.0,1.0,1.0,1.0,1.0,1.0,1.0,1.0,1.0,1.0,1.0,1.0,1.0,1.0,1.0,1.0,     345P    534
1.0,1.0,76.41720514,295.0648486,-127.5494528,76.33305958,            345P    535
294.7978714,-127.7009962,76.26094412,294.5006464,-127.8174459,       345P    536
76.21041828,294.1788148,-127.8927421,76.17977563,293.6752676,        345P    537
-127.9394452,76.21428009,293.1790392,-127.8869496,76.2329648,        345P    538
293.0157092,-127.8583473,76.30811573,292.5398577,-127.7405422,       345P    539
76.43162446,292.1152247,-127.5312231,76.52693822,291.8655652,        345P    540
-127.3556848,76.69460896,291.4958039,-127.004506,76.8481061,         345P    541
291.2247005,-126.5817177,76.90680887,291.1287944,-126.3951774,       345P    542
77.01060658,290.9680037,-125.9995556,77.07790507,290.8730474,        345P    543
-125.5761485,77.1010451,290.8413534,-125.356836,77.11261534,         345P    544
290.8255012,-125.1350776,77.11261534,290.8255012,-124.9133194,       345P    545
77.15849822,294.4606863,-126.7341218,77.16587473,294.2793288,        345P    546
-126.8165387,77.1789282,294.0958772,-126.8726644,77.19347743,        345P    547
293.9187544,-126.9042752,77.20139895,293.6567782,-126.9247497,       345P    548
77.19241089,293.3929629,-126.9018025,77.18766601,293.3040175,        345P    549
-126.8891774,77.17065936,293.034644,-126.835181,77.15292563,         345P    550
292.7589161,-126.7285569,77.14833453,292.574685,-126.6301928,        345P    551
77.15691429,292.2767008,-126.4129399,77.18106295,292.030006,         345P    552
-126.1246307,77.19248003,291.9388421,-125.9936858,77.21450952,       345P    553
291.7813796,-125.7107975,77.23050502,291.6832349,-125.4011572,       345P    554
77.23599315,291.6499034,-125.2399537,77.23874054,291.6332331,        345P    555
-125.0766366,77.23874054,291.6332331,-124.9133194,0.0,               345P    556
5.143981307,0.0,1.145021048,0,0;                                     345P    557
126,17,5,0,0,1,0,0.0,0.0,0.0,0.0,0.0,0.0,1.300895603,                347P    558
1.300895603,1.300895603,1.954978909,1.954978909,1.954978909,         347P    559
3.260036059,3.260036059,3.260036059,4.19005343,4.19005343,           347P    560
4.19005343,5.143981307,5.143981307,5.143981307,5.143981307,          347P    561
5.143981307,5.143981307,1.0,1.0,1.0,1.0,1.0,1.0,1.0,1.0,1.0,1.0,     347P    562
1.0,1.0,1.0,1.0,1.0,1.0,1.0,1.0,77.15849822,294.4606863,             347P    563
-126.7341218,77.16587473,294.2793288,-126.8165387,77.1789282,        347P    564
294.0958772,-126.8726644,77.19347743,293.9187544,-126.9042752,       347P    565
77.20139895,293.6567782,-126.9247497,77.19241089,293.3929629,        347P    566
-126.9018025,77.18766601,293.3040175,-126.8891774,77.17065936,       347P    567
293.034644,-126.835181,77.15292563,292.7589161,-126.7285569,         347P    568
77.14833453,292.574685,-126.6301928,77.15691429,292.2767008,         347P    569
-126.4129399,77.18106295,292.030006,-126.1246307,77.19248003,        347P    570
291.9388421,-125.9936858,77.21450952,291.7813796,-125.7107975,       347P    571
77.23050502,291.6832349,-125.4011572,77.23599315,291.6499034,        347P    572
-125.2399537,77.23874054,291.6332331,-125.0766366,77.23874054,       347P    573
291.6332331,-124.9133194,0.0,5.143981307,0.0,0.0,0.0,0,0;            347P    574
126,1,1,0,0,1,0,0.0,0.0,1.145021048,1.145021048,1.0,1.0,             349P    575
77.23874054,291.6332331,-124.9133194,77.11261534,290.8255012,        349P    576
-124.9133194,0.0,1.145021048,0.0,0.0,0.0,0,0;                        349P    577
126,17,5,0,0,1,0,0.0,0.0,0.0,0.0,0.0,0.0,0.9539278771,               351P    578
0.9539278771,0.9539278771,1.883945248,1.883945248,1.883945248,       351P    579
3.189002398,3.189002398,3.189002398,3.843085704,3.843085704,         351P    580
3.843085704,5.143981307,5.143981307,5.143981307,5.143981307,         351P    581
5.143981307,5.143981307,1.0,1.0,1.0,1.0,1.0,1.0,1.0,1.0,1.0,1.0,     351P    582
1.0,1.0,1.0,1.0,1.0,1.0,1.0,1.0,77.11261534,290.8255012,             351P    583
-124.9133194,77.11261534,290.8255012,-125.1350776,77.1010451,        351P    584
290.8413534,-125.356836,77.07790507,290.8730474,-125.5761485,        351P    585
77.01060658,290.9680037,-125.9995556,76.90680887,291.1287944,        351P    586
-126.3951774,76.8481061,291.2247005,-126.5817177,76.69460896,        351P    587
291.4958039,-127.004506,76.52693822,291.8655652,-127.3556848,        351P    588
76.43162446,292.1152247,-127.5312231,76.30811573,292.5398577,        351P    589
-127.7405422,76.2329648,293.0157092,-127.8583473,76.21428009,        351P    590
293.1790392,-127.8869496,76.17977563,293.6752676,-127.9394452,       351P    591
76.21041828,294.1788148,-127.8927421,76.26094412,294.5006464,        351P    592
-127.8174459,76.33305958,294.7978714,-127.7009962,76.41720514,       351P    593
295.0648486,-127.5494528,0.0,5.143981307,0.0,0.0,0.0,0,0;            351P    594
126,1,1,0,0,1,0,0.0,0.0,1.145021048,1.145021048,1.0,1.0,             353P    595
76.41720514,295.0648486,-127.5494528,77.15849822,294.4606863,        353P    596
-126.7341218,0.0,1.145021048,0.0,0.0,0.0,0,0;                        353P    597
102,4,347,349,351,353,0,0;                                           355P    598
110,0.0,1.145021048,0.0,5.143981307,1.145021048,0.0,0,0;             357P    599
110,5.143981307,0.0,0.0,5.143981307,1.145021048,0.0,0,0;             359P    600
110,0.0,0.0,0.0,5.143981307,0.0,0.0,0,0;                             361P    601
110,0.0,0.0,0.0,0.0,1.145021048,0.0,0,0;                             363P    602
102,4,357,359,361,363,0,0;                                           365P    603
142,0,345,365,355,1,0,0;                                             367P    604
144,345,1,0,367,0,0;                                                 369P    605
128,20,1,5,1,0,0,1,0,0,0.0,0.0,0.0,0.0,0.0,0.0,0.7849572703,         371P    606
0.7849572703,0.7849572703,1.610303083,1.610303083,1.610303083,       371P    607
2.521674899,2.521674899,2.521674899,3.20534271,3.20534271,           371P    608
3.20534271,4.412540242,4.412540242,4.412540242,5.068105764,          371P    609
5.068105764,5.068105764,5.068105764,5.068105764,5.068105764,0.0,     371P    610
0.0,1.158774602,1.158774602,1.0,1.0,1.0,1.0,1.0,1.0,1.0,1.0,1.0,     371P    611
1.0,1.0,1.0,1.0,1.0,1.0,1.0,1.0,1.0,1.0,1.0,1.0,1.0,1.0,1.0,1.0,     371P    612
1.0,1.0,1.0,1.0,1.0,1.0,1.0,1.0,1.0,1.0,1.0,1.0,1.0,1.0,1.0,1.0,     371P    613
1.0,77.5772713,291.6332329,-164.9133194,77.5772713,291.6332329,      371P    614
-164.7613136,77.57295487,291.647674,-164.6093079,77.5643315,         371P    615
291.6765558,-164.4602019,77.5381489,291.7630612,-164.1654642,        371P    616
77.49706987,291.8983567,-163.9011932,77.47279357,291.978512,         371P    617
-163.7758597,77.41748385,292.1652137,-163.5348924,77.35920984,       371P    618
292.3810746,-163.3430569,77.32955315,292.4999059,-163.2560757,       371P    619
77.28253444,292.7131367,-163.1272529,77.24662323,292.9310613,        371P    620
-163.0366097,77.23365152,293.0246692,-163.0044312,77.20466366,       371P    621
293.28274,-162.9326924,77.19384767,293.5379678,-162.9057864,         371P    622
77.19340984,293.6979058,-162.9046125,77.20244979,293.9489875,        371P    623
-162.9272291,77.22896332,294.2029459,-162.9928194,77.24057018,       371P    624
294.292647,-163.0215444,77.25443959,294.3822972,-163.0562997,        371P    625
77.2702879,294.4713501,-163.0974011,76.97243214,291.0283938,         371P    626
-164.9133194,76.97243214,291.0283938,-164.7453775,76.96628576,       371P    627
291.0378015,-164.5774356,76.9540131,291.0565883,-164.409847,         371P    628
76.91598823,291.1157545,-164.0671721,76.85300754,291.219725,         371P    629
-163.7310787,76.81456292,291.2854522,-163.5616973,76.72272363,       371P    630
291.4511928,-163.213821,76.61450005,291.6760927,-162.8910229,        371P    631
76.55510312,291.8110385,-162.7303641,76.45133997,292.0772547,        371P    632
-162.4694547,76.35726402,292.395181,-162.2546705,76.32001848,        371P    633
292.5407798,-162.1725903,76.22988069,292.967199,-161.9787832,        371P    634
76.18529169,293.4459534,-161.8896481,76.18319917,293.7613285,        371P    635
-161.8855289,76.22147737,294.2360613,-161.9616789,76.30584817,       371P    636
294.6627072,-162.1418592,76.34014682,294.8052458,-162.2167276,       371P    637
76.37765868,294.9393754,-162.3012569,76.41720514,295.0648485,        371P    638
-162.3940483,0.0,5.068105764,0.0,1.158774602,0,0;                    371P    639
126,20,5,0,0,1,0,0.0,0.0,0.0,0.0,0.0,0.0,0.7849572703,               373P    640
0.7849572703,0.7849572703,1.610303083,1.610303083,1.610303083,       373P    641
2.521674899,2.521674899,2.521674899,3.20534271,3.20534271,           373P    642
3.20534271,4.412540242,4.412540242,4.412540242,5.068105764,          373P    643
5.068105764,5.068105764,5.068105764,5.068105764,5.068105764,1.0,     373P    644
1.0,1.0,1.0,1.0,1.0,1.0,1.0,1.0,1.0,1.0,1.0,1.0,1.0,1.0,1.0,1.0,     373P    645
1.0,1.0,1.0,1.0,77.5772713,291.6332329,-164.9133194,77.5772713,      373P    646
291.6332329,-164.7613136,77.57295487,291.647674,-164.6093079,        373P    647
77.5643315,291.6765558,-164.4602019,77.5381489,291.7630612,          373P    648
-164.1654642,77.49706987,291.8983567,-163.9011932,77.47279357,       373P    649
291.978512,-163.7758597,77.41748385,292.1652137,-163.5348924,        373P    650
77.35920984,292.3810746,-163.3430569,77.32955315,292.4999059,        373P    651
-163.2560757,77.28253444,292.7131367,-163.1272529,77.24662323,       373P    652
292.9310613,-163.0366097,77.23365152,293.0246692,-163.0044312,       373P    653
77.20466366,293.28274,-162.9326924,77.19384767,293.5379678,          373P    654
-162.9057864,77.19340984,293.6979058,-162.9046125,77.20244979,       373P    655
293.9489875,-162.9272291,77.22896332,294.2029459,-162.9928194,       373P    656
77.24057018,294.292647,-163.0215444,77.25443959,294.3822972,         373P    657
-163.0562997,77.2702879,294.4713501,-163.0974011,0.0,                373P    658
5.068105764,0.0,0.0,0.0,0,0;                                         373P    659
126,1,1,0,0,1,0,0.0,0.0,1.158774602,1.158774602,1.0,1.0,             375P    660
77.2702879,294.4713501,-163.0974011,76.41720514,295.0648485,         375P    661
-162.3940483,0.0,1.158774602,0.0,0.0,0.0,0,0;                        375P    662
126,20,5,0,0,1,0,0.0,0.0,0.0,0.0,0.0,0.0,0.6555655214,               377P    663
0.6555655214,0.6555655214,1.862763053,1.862763053,1.862763053,       377P    664
2.546430865,2.546430865,2.546430865,3.457802681,3.457802681,         377P    665
3.457802681,4.283148493,4.283148493,4.283148493,5.068105764,         377P    666
5.068105764,5.068105764,5.068105764,5.068105764,5.068105764,1.0,     377P    667
1.0,1.0,1.0,1.0,1.0,1.0,1.0,1.0,1.0,1.0,1.0,1.0,1.0,1.0,1.0,1.0,     377P    668
1.0,1.0,1.0,1.0,76.41720514,295.0648485,-162.3940483,                377P    669
76.37765868,294.9393754,-162.3012569,76.34014682,294.8052458,        377P    670
-162.2167276,76.30584817,294.6627072,-162.1418592,76.22147737,       377P    671
294.2360613,-161.9616789,76.18319917,293.7613285,-161.8855289,       377P    672
76.18529169,293.4459534,-161.8896481,76.22988069,292.967199,         377P    673
-161.9787832,76.32001848,292.5407798,-162.1725903,76.35726402,       377P    674
292.395181,-162.2546705,76.45133997,292.0772547,-162.4694547,        377P    675
76.55510312,291.8110385,-162.7303641,76.61450005,291.6760927,        377P    676
-162.8910229,76.72272363,291.4511928,-163.213821,76.81456292,        377P    677
291.2854522,-163.5616973,76.85300754,291.219725,-163.7310787,        377P    678
76.91598823,291.1157545,-164.0671721,76.9540131,291.0565883,         377P    679
-164.409847,76.96628576,291.0378015,-164.5774356,76.97243214,        377P    680
291.0283938,-164.7453775,76.97243214,291.0283938,-164.9133194,       377P    681
0.0,5.068105764,0.0,0.0,0.0,0,0;                                     377P    682
126,1,1,0,0,1,0,0.0,0.0,1.158774602,1.158774602,1.0,1.0,             379P    683
76.97243214,291.0283938,-164.9133194,77.5772713,291.6332329,         379P    684
-164.9133194,0.0,1.158774602,0.0,0.0,0.0,0,0;                        379P    685
102,4,373,375,377,379,0,0;                                           381P    686
110,0.0,0.0,0.0,5.068105764,0.0,0.0,0,0;                             383P    687
110,5.068105764,0.0,0.0,5.068105764,1.158774602,0.0,0,0;             385P    688
110,0.0,1.158774602,0.0,5.068105764,1.158774602,0.0,0,0;             387P    689
110,0.0,0.0,0.0,0.0,1.158774602,0.0,0,0;                             389P    690
102,4,383,385,387,389,0,0;                                           391P    691
142,0,371,391,381,1,0,0;                                             393P    692
144,371,1,0,393,0,0;                                                 395P    693
128,20,1,5,1,0,0,1,0,0,0.0,0.0,0.0,0.0,0.0,0.0,0.6400259345,         397P    694
0.6400259345,0.6400259345,1.840504125,1.840504125,1.840504125,       397P    695
2.417514311,2.417514311,2.417514311,3.348912493,3.348912493,         397P    696
3.348912493,4.281025764,4.281025764,4.281025764,5.068422067,         397P    697
5.068422067,5.068422067,5.068422067,5.068422067,5.068422067,0.0,     397P    698
0.0,1.165513817,1.165513817,1.0,1.0,1.0,1.0,1.0,1.0,1.0,1.0,1.0,     397P    699
1.0,1.0,1.0,1.0,1.0,1.0,1.0,1.0,1.0,1.0,1.0,1.0,1.0,1.0,1.0,1.0,     397P    700
1.0,1.0,1.0,1.0,1.0,1.0,1.0,1.0,1.0,1.0,1.0,1.0,1.0,1.0,1.0,1.0,     397P    701
1.0,77.2702879,294.4713501,-166.7292378,77.2548163,294.384414,       397P    702
-166.7693623,77.24123062,294.2969085,-166.8034387,77.22979432,       397P    703
294.2093426,-166.831761,77.20314569,293.9583763,-166.8976932,        397P    704
77.19360902,293.7101853,-166.9215018,77.1936831,293.5511134,         397P    705
-166.9213044,77.20315264,293.3113642,-166.8976845,77.22860858,       397P    706
293.0690429,-166.8346936,77.23862689,292.9901472,-166.809876,        397P    707
77.26938803,292.7839144,-166.7328941,77.31097076,292.5801187,        397P    708
-166.6227473,77.34015234,292.4565404,-166.5410288,77.40187264,       397P    709
292.2191167,-166.3492183,77.46283789,292.011377,-166.1005811,        397P    710
77.49121781,291.9176321,-165.9621757,77.53621404,291.7694498,        397P    711
-165.6823908,77.56425266,291.6768196,-165.3677963,77.57292859,       397P    712
291.647762,-165.2182552,77.5772713,291.6332329,-165.0657873,         397P    713
77.5772713,291.6332329,-164.9133194,76.41720514,295.0648484,         397P    714
-167.4325906,76.3785987,294.9423578,-167.5231764,76.34193133,        397P    715
294.8116176,-167.6058877,76.3083004,294.6728597,-167.6794228,        397P    716
76.22402671,294.2528686,-167.8597249,76.18412374,293.785019,         397P    717
-167.9392853,76.18447448,293.4714547,-167.9385956,76.22392245,       397P    718
293.0201163,-167.859877,76.30446468,292.6138374,-167.6875758,        397P    719
76.33417461,292.4877884,-167.622773,76.41872596,292.175046,          397P    720
-167.4333107,76.51566325,291.9077008,-167.198173,76.57683121,        397P    721
291.7606773,-167.0395828,76.69567115,291.5022543,-166.7022412,       397P    722
76.79872761,291.3126591,-166.3328926,76.84401232,291.2346163,        397P    723
-166.1425302,76.9131752,291.120135,-165.7841957,76.95390114,         397P    724
291.0567597,-165.4183203,76.96624834,291.0378588,-165.2502244,       397P    725
76.97243214,291.0283938,-165.0817719,76.97243214,291.0283938,        397P    726
-164.9133194,0.0,5.068422067,0.0,1.165513817,0,0;                    397P    727
126,20,5,0,0,1,0,0.0,0.0,0.0,0.0,0.0,0.0,0.6400259345,               399P    728
0.6400259345,0.6400259345,1.840504125,1.840504125,1.840504125,       399P    729
2.417514311,2.417514311,2.417514311,3.348912493,3.348912493,         399P    730
3.348912493,4.281025764,4.281025764,4.281025764,5.068422067,         399P    731
5.068422067,5.068422067,5.068422067,5.068422067,5.068422067,1.0,     399P    732
1.0,1.0,1.0,1.0,1.0,1.0,1.0,1.0,1.0,1.0,1.0,1.0,1.0,1.0,1.0,1.0,     399P    733
1.0,1.0,1.0,1.0,77.2702879,294.4713501,-166.7292378,77.2548163,      399P    734
294.384414,-166.7693623,77.24123062,294.2969085,-166.8034387,        399P    735
77.22979432,294.2093426,-166.831761,77.20314569,293.9583763,         399P    736
-166.8976932,77.19360902,293.7101853,-166.9215018,77.1936831,        399P    737
293.5511134,-166.9213044,77.20315264,293.3113642,-166.8976845,       399P    738
77.22860858,293.0690429,-166.8346936,77.23862689,292.9901472,        399P    739
-166.809876,77.26938803,292.7839144,-166.7328941,77.31097076,        399P    740
292.5801187,-166.6227473,77.34015234,292.4565404,-166.5410288,       399P    741
77.40187264,292.2191167,-166.3492183,77.46283789,292.011377,         399P    742
-166.1005811,77.49121781,291.9176321,-165.9621757,77.53621404,       399P    743
291.7694498,-165.6823908,77.56425266,291.6768196,-165.3677963,       399P    744
77.57292859,291.647762,-165.2182552,77.5772713,291.6332329,          399P    745
-165.0657873,77.5772713,291.6332329,-164.9133194,0.0,                399P    746
5.068422067,0.0,0.0,0.0,0,0;                                         399P    747
126,1,1,0,0,1,0,0.0,0.0,1.165513817,1.165513817,1.0,1.0,             401P    748
77.5772713,291.6332329,-164.9133194,76.97243214,291.0283938,         401P    749
-164.9133194,0.0,1.165513817,0.0,0.0,0.0,0,0;                        401P    750
126,20,5,0,0,1,0,0.0,0.0,0.0,0.0,0.0,0.0,0.7873963035,               403P    751
0.7873963035,0.7873963035,1.719509574,1.719509574,1.719509574,       403P    752
2.650907757,2.650907757,2.650907757,3.227917943,3.227917943,         403P    753
3.227917943,4.428396133,4.428396133,4.428396133,5.068422067,         403P    754
5.068422067,5.068422067,5.068422067,5.068422067,5.068422067,1.0,     403P    755
1.0,1.0,1.0,1.0,1.0,1.0,1.0,1.0,1.0,1.0,1.0,1.0,1.0,1.0,1.0,1.0,     403P    756
1.0,1.0,1.0,1.0,76.97243214,291.0283938,-164.9133194,                403P    757
76.97243214,291.0283938,-165.0817719,76.96624834,291.0378588,        403P    758
-165.2502244,76.95390114,291.0567597,-165.4183203,76.9131752,        403P    759
291.120135,-165.7841957,76.84401232,291.2346163,-166.1425302,        403P    760
76.79872761,291.3126591,-166.3328926,76.69567115,291.5022543,        403P    761
-166.7022412,76.57683121,291.7606773,-167.0395828,76.51566325,       403P    762
291.9077008,-167.198173,76.41872596,292.175046,-167.4333107,         403P    763
76.33417461,292.4877884,-167.622773,76.30446468,292.6138374,         403P    764
-167.6875758,76.22392245,293.0201163,-167.859877,76.18447448,        403P    765
293.4714547,-167.9385956,76.18412374,293.785019,-167.9392853,        403P    766
76.22402671,294.2528686,-167.8597249,76.3083004,294.6728597,         403P    767
-167.6794228,76.34193133,294.8116176,-167.6058877,76.3785987,        403P    768
294.9423578,-167.5231764,76.41720514,295.0648484,-167.4325906,       403P    769
0.0,5.068422067,0.0,0.0,0.0,0,0;                                     403P    770
126,1,1,0,0,1,0,0.0,0.0,1.165513817,1.165513817,1.0,1.0,             405P    771
76.41720514,295.0648484,-167.4325906,77.2702879,294.4713501,         405P    772
-166.7292378,0.0,1.165513817,0.0,0.0,0.0,0,0;                        405P    773
102,4,399,401,403,405,0,0;                                           407P    774
110,0.0,0.0,0.0,5.068422067,0.0,0.0,0,0;                             409P    775
110,5.068422067,0.0,0.0,5.068422067,1.165513817,0.0,0,0;             411P    776
110,0.0,1.165513817,0.0,5.068422067,1.165513817,0.0,0,0;             413P    777
110,0.0,0.0,0.0,0.0,1.165513817,0.0,0,0;                             415P    778
102,4,409,411,413,415,0,0;                                           417P    779
142,0,397,417,407,1,0,0;                                             419P    780
144,397,1,0,419,0,0;                                                 421P    781
110,80.95943843,293.6332329,-178.6758195,80.95943843,                423P    782
293.6332329,-177.6758195,0,0;                                        423P    783
110,77.37095492,294.7642467,-174.9133195,76.41720514,                425P    784
295.0648484,-173.9133195,0,0;                                        425P    785
120,423,425,0.0,3.141592654,0,0;                                     427P    786
124,-0.7372035807,-0.6756706895,0.0,80.95943843,-0.6756706895,       429P    787
0.7372035807,-4.932928762E-009,293.6332329,3.333600241E-009,         429P    788
-3.636563123E-009,-1.0,-174.9133195,0,0;                             429P    789
100,0.0,0.0,0.0,3.7625,0.0,1.88125,3.258420582,0,0;                  431P    790
110,77.37095492,294.7642467,-174.9133195,76.41720514,                433P    791
295.0648484,-173.9133195,0,0;                                        433P    792
126,4,4,0,0,1,0,0.0,0.0,0.0,0.0,0.0,104.7197551,104.7197551,         435P    793
104.7197551,104.7197551,104.7197551,1.0,1.0,1.0,1.0,1.0,             435P    794
76.41720514,295.0648484,-173.9133195,76.04240908,293.8756945,        435P    795
-173.9133195,76.08327266,292.5516545,-173.9133194,76.60606693,       435P    796
291.3345111,-173.9133194,77.44850638,290.4153512,-173.9133194,       435P    797
0.0,104.7197551,0.0,0.0,0.0,0,0;                                     435P    798
126,5,5,0,0,1,0,0.0,0.0,0.0,0.0,0.0,0.0,209.4395102,209.4395102,     437P    799
209.4395102,209.4395102,209.4395102,209.4395102,1.0,1.0,1.0,1.0,     437P    800
1.0,1.0,77.44850638,290.4153512,-173.9133194,78.7964095,             437P    801
288.9446954,-173.9133194,80.91543909,288.1678099,-173.9133194,       437P    802
83.31018031,288.6989855,-173.9133194,84.90199801,290.2989711,        437P    803
-173.9133194,85.50167172,292.2016174,-173.9133194,0.0,               437P    804
209.4395102,0.0,0.0,0.0,0,0;                                         437P    805
110,85.50167172,292.2016174,-173.9133194,84.54792195,292.502219,     439P    806
-174.9133194,0,0;                                                    439P    807
124,0.9537497721,-0.3006016838,0.0,80.95943843,-0.3006016838,        441P    808
-0.9537497721,-4.932928762E-009,293.6332329,1.50097597E-009,         441P    809
4.704783965E-009,-1.0,-174.9133195,0,0;                              441P    810
100,0.0,0.0,0.0,3.7625,0.0,-1.88125,3.258420581,0,0;                 443P    811
102,6,431,433,435,437,439,443,0,0;                                   445P    812
142,0,427,0,445,2,0,0;                                               447P    813
144,427,1,0,447,0,0;                                                 449P    814
128,14,1,5,1,0,0,1,0,0,0.0,0.0,0.0,0.0,0.0,0.0,0.795539497,          451P    815
0.795539497,0.795539497,1.632012024,1.632012024,1.632012024,         451P    816
2.555670296,2.555670296,2.555670296,2.630411911,2.630411911,         451P    817
2.630411911,2.630411911,2.630411911,2.630411911,0.0,0.0,             451P    818
1.054209155,1.054209155,1.0,1.0,1.0,1.0,1.0,1.0,1.0,1.0,1.0,1.0,     451P    819
1.0,1.0,1.0,1.0,1.0,1.0,1.0,1.0,1.0,1.0,1.0,1.0,1.0,1.0,1.0,1.0,     451P    820
1.0,1.0,1.0,1.0,84.34160556,291.6332329,-164.9133194,                451P    821
84.34160556,291.6332329,-165.0653252,84.345922,291.647674,           451P    822
-165.2173309,84.35454536,291.6765558,-165.366437,84.38072796,        451P    823
291.7630612,-165.6611746,84.42180699,291.8983567,-165.9254457,       451P    824
84.4460833,291.978512,-166.0507792,84.50139302,292.1652136,          451P    825
-166.2917465,84.55966703,292.3810746,-166.483582,84.58932371,        451P    826
292.4999059,-166.5705632,84.61836314,292.6316003,-166.650126,        451P    827
84.64316564,292.7650851,-166.7151253,84.64499817,292.7750871,        451P    828
-166.71991,84.64680604,292.7850976,-166.724614,84.64858886,          451P    829
292.7951157,-166.7292377,84.94644473,291.0283938,-164.9133194,       451P    830
84.94644473,291.0283938,-165.0812614,84.9525911,291.0378015,         451P    831
-165.2492033,84.96486376,291.0565883,-165.4167918,85.00288863,       451P    832
291.1157545,-165.7594668,85.06586932,291.219725,-166.0955602,        451P    833
85.10431395,291.2854522,-166.2649416,85.19615323,291.4511928,        451P    834
-166.6128179,85.30437681,291.6760926,-166.9356159,85.36377375,       451P    835
291.8110384,-167.0962747,85.42785934,291.9754574,-167.2574161,       451P    836
85.48824979,292.159601,-167.4009632,85.49274836,292.1734966,         451P    837
-167.4116088,85.49722293,292.1875022,-167.422152,85.50167181,        451P    838
292.2016174,-167.4325907,0.0,2.630411911,0.0,1.054209155,0,0;        451P    839
126,14,5,0,0,1,0,0.0,0.0,0.0,0.0,0.0,0.0,0.795539497,                453P    840
0.795539497,0.795539497,1.632012024,1.632012024,1.632012024,         453P    841
2.555670296,2.555670296,2.555670296,2.630411911,2.630411911,         453P    842
2.630411911,2.630411911,2.630411911,2.630411911,1.0,1.0,1.0,1.0,     453P    843
1.0,1.0,1.0,1.0,1.0,1.0,1.0,1.0,1.0,1.0,1.0,84.34160556,             453P    844
291.6332329,-164.9133194,84.34160556,291.6332329,-165.0653252,       453P    845
84.345922,291.647674,-165.2173309,84.35454536,291.6765558,           453P    846
-165.366437,84.38072796,291.7630612,-165.6611746,84.42180699,        453P    847
291.8983567,-165.9254457,84.4460833,291.978512,-166.0507792,         453P    848
84.50139302,292.1652136,-166.2917465,84.55966703,292.3810746,        453P    849
-166.483582,84.58932371,292.4999059,-166.5705632,84.61836314,        453P    850
292.6316003,-166.650126,84.64316564,292.7650851,-166.7151253,        453P    851
84.64499817,292.7750871,-166.71991,84.64680604,292.7850976,          453P    852
-166.724614,84.64858886,292.7951157,-166.7292377,0.0,                453P    853
2.630411911,0.0,0.0,0.0,0,0;                                         453P    854
126,1,1,0,0,1,0,0.0,0.0,1.054209155,1.054209155,1.0,1.0,             455P    855
84.64858886,292.7951157,-166.7292377,85.50167181,292.2016174,        455P    856
-167.4325907,0.0,1.054209155,0.0,0.0,0.0,0,0;                        455P    857
126,14,5,0,0,1,0,0.0,0.0,0.0,0.0,0.0,0.0,0.07474161531,              457P    858
0.07474161531,0.07474161531,0.9983998869,0.9983998869,               457P    859
0.9983998869,1.834872414,1.834872414,1.834872414,2.630411911,        457P    860
2.630411911,2.630411911,2.630411911,2.630411911,2.630411911,1.0,     457P    861
1.0,1.0,1.0,1.0,1.0,1.0,1.0,1.0,1.0,1.0,1.0,1.0,1.0,1.0,             457P    862
85.50167181,292.2016174,-167.4325907,85.49722293,292.1875022,        457P    863
-167.422152,85.49274836,292.1734966,-167.4116088,85.48824979,        457P    864
292.159601,-167.4009632,85.42785934,291.9754574,-167.2574161,        457P    865
85.36377375,291.8110384,-167.0962747,85.30437681,291.6760926,        457P    866
-166.9356159,85.19615323,291.4511928,-166.6128179,85.10431395,       457P    867
291.2854522,-166.2649416,85.06586932,291.219725,-166.0955602,        457P    868
85.00288863,291.1157545,-165.7594668,84.96486376,291.0565883,        457P    869
-165.4167918,84.9525911,291.0378015,-165.2492033,84.94644473,        457P    870
291.0283938,-165.0812614,84.94644473,291.0283938,-164.9133194,       457P    871
0.0,2.630411911,0.0,0.0,0.0,0,0;                                     457P    872
126,1,1,0,0,1,0,0.0,0.0,1.054209155,1.054209155,1.0,1.0,             459P    873
84.94644473,291.0283938,-164.9133194,84.34160556,291.6332329,        459P    874
-164.9133194,0.0,1.054209155,0.0,0.0,0.0,0,0;                        459P    875
102,4,453,455,457,459,0,0;                                           461P    876
110,0.0,0.0,0.0,2.630411911,0.0,0.0,0,0;                             463P    877
110,2.630411911,0.0,0.0,2.630411911,1.054209155,0.0,0,0;             465P    878
110,0.0,1.054209155,0.0,2.630411911,1.054209155,0.0,0,0;             467P    879
110,0.0,0.0,0.0,0.0,1.054209155,0.0,0,0;                             469P    880
102,4,463,465,467,469,0,0;                                           471P    881
142,0,451,471,461,1,0,0;                                             473P    882
144,451,1,0,473,0,0;                                                 475P    883
128,14,1,5,1,0,0,1,0,0,0.0,0.0,0.0,0.0,0.0,0.0,0.1592281503,         477P    884
0.1592281503,0.1592281503,1.001108903,1.001108903,1.001108903,       477P    885
1.843784234,1.843784234,1.843784234,2.629789051,2.629789051,         477P    886
2.629789051,2.629789051,2.629789051,2.629789051,0.0,0.0,             477P    887
0.9924916306,0.9924916306,1.0,1.0,1.0,1.0,1.0,1.0,1.0,1.0,1.0,       477P    888
1.0,1.0,1.0,1.0,1.0,1.0,1.0,1.0,1.0,1.0,1.0,1.0,1.0,1.0,1.0,1.0,     477P    889
1.0,1.0,1.0,1.0,1.0,84.34160556,291.6332329,-164.9133194,            477P    890
84.34160556,291.6332329,-164.8828899,84.34177854,291.6338117,        477P    891
-164.8524604,84.34212466,291.6349696,-164.8220418,84.34538564,       477P    892
291.6458755,-164.6311462,84.3554449,291.6794534,-164.4428921,        477P    893
84.3686115,291.7232073,-164.2898126,84.4036047,291.8380566,          477P    894
-163.9992177,84.45206071,291.9988235,-163.7463554,84.47873195,       477P    895
292.0885508,-163.6308544,84.53220109,292.2756361,-163.4295914,       477P    896
84.58442929,292.4822522,-163.2706053,84.6082895,292.5851366,         477P    897
-163.2036048,84.62982936,292.6897268,-163.1460483,84.64858782,       477P    898
292.7951165,-163.0974026,84.94644473,291.0283938,-164.9133194,       477P    899
84.94644473,291.0283938,-164.8796997,84.94669104,291.0287708,        477P    900
-164.84608,84.94718389,291.0295251,-164.8124498,84.9518308,          477P    901
291.0366427,-164.601116,84.96622244,291.0587684,-164.3900589,        477P    902
84.98522674,291.0882308,-164.2131979,85.03717589,291.1708218,        477P    903
-163.8617779,85.11416141,291.3031567,-163.5207408,85.15825499,       477P    904
291.3824409,-163.3540179,85.25169933,291.5617869,-163.0419746,       477P    905
85.35463941,291.7928015,-162.7560031,85.40520503,291.9166996,        477P    906
-162.6252902,85.45487149,292.0531242,-162.5038629,85.50167225,       477P    907
292.2016175,-162.394048,0.0,2.629789051,0.0,0.9924916306,0,0;        477P    908
126,14,5,0,0,1,0,0.0,0.0,0.0,0.0,0.0,0.0,0.7860048169,               479P    909
0.7860048169,0.7860048169,1.628680148,1.628680148,1.628680148,       479P    910
2.470560901,2.470560901,2.470560901,2.629789051,2.629789051,         479P    911
2.629789051,2.629789051,2.629789051,2.629789051,1.0,1.0,1.0,1.0,     479P    912
1.0,1.0,1.0,1.0,1.0,1.0,1.0,1.0,1.0,1.0,1.0,84.64858782,             479P    913
292.7951165,-163.0974026,84.62982936,292.6897268,-163.1460483,       479P    914
84.6082895,292.5851366,-163.2036048,84.58442929,292.4822522,         479P    915
-163.2706053,84.53220109,292.2756361,-163.4295914,84.47873195,       479P    916
292.0885508,-163.6308544,84.45206071,291.9988235,-163.7463554,       479P    917
84.4036047,291.8380566,-163.9992177,84.3686115,291.7232073,          479P    918
-164.2898126,84.3554449,291.6794534,-164.4428921,84.34538564,        479P    919
291.6458755,-164.6311462,84.34212466,291.6349696,-164.8220418,       479P    920
84.34177854,291.6338117,-164.8524604,84.34160556,291.6332329,        479P    921
-164.8828899,84.34160556,291.6332329,-164.9133194,0.0,               479P    922
2.629789051,0.0,0.0,0.0,0,0;                                         479P    923
126,1,1,0,0,1,0,0.0,0.0,0.9924916306,0.9924916306,1.0,1.0,           481P    924
84.34160556,291.6332329,-164.9133194,84.94644473,291.0283938,        481P    925
-164.9133194,0.0,0.9924916306,0.0,0.0,0.0,0,0;                       481P    926
126,14,5,0,0,1,0,0.0,0.0,0.0,0.0,0.0,0.0,0.1592281503,               483P    927
0.1592281503,0.1592281503,1.001108903,1.001108903,1.001108903,       483P    928
1.843784234,1.843784234,1.843784234,2.629789051,2.629789051,         483P    929
2.629789051,2.629789051,2.629789051,2.629789051,1.0,1.0,1.0,1.0,     483P    930
1.0,1.0,1.0,1.0,1.0,1.0,1.0,1.0,1.0,1.0,1.0,84.94644473,             483P    931
291.0283938,-164.9133194,84.94644473,291.0283938,-164.8796997,       483P    932
84.94669104,291.0287708,-164.84608,84.94718389,291.0295251,          483P    933
-164.8124498,84.9518308,291.0366427,-164.601116,84.96622244,         483P    934
291.0587684,-164.3900589,84.98522674,291.0882308,-164.2131979,       483P    935
85.03717589,291.1708218,-163.8617779,85.11416141,291.3031567,        483P    936
-163.5207408,85.15825499,291.3824409,-163.3540179,85.25169933,       483P    937
291.5617869,-163.0419746,85.35463941,291.7928015,-162.7560031,       483P    938
85.40520503,291.9166996,-162.6252902,85.45487149,292.0531242,        483P    939
-162.5038629,85.50167225,292.2016175,-162.394048,0.0,                483P    940
2.629789051,0.0,0.0,0.0,0,0;                                         483P    941
126,1,1,0,0,1,0,0.0,0.0,0.9924916306,0.9924916306,1.0,1.0,           485P    942
85.50167225,292.2016175,-162.394048,84.64858782,292.7951165,         485P    943
-163.0974026,0.0,0.9924916306,0.0,0.0,0.0,0,0;                       485P    944
102,4,479,481,483,485,0,0;                                           487P    945
110,0.0,0.0,0.0,2.629789051,0.0,0.0,0,0;                             489P    946
110,0.0,0.0,0.0,0.0,0.9924916306,0.0,0,0;                            491P    947
110,0.0,0.9924916306,0.0,2.629789051,0.9924916306,0.0,0,0;           493P    948
110,2.629789051,0.0,0.0,2.629789051,0.9924916306,0.0,0,0;            495P    949
102,4,489,491,493,495,0,0;                                           497P    950
142,0,477,497,487,1,0,0;                                             499P    951
144,477,1,0,499,0,0;                                                 501P    952
128,14,1,5,1,0,0,1,0,0,0.0,0.0,0.0,0.0,0.0,0.0,0.7955394971,         503P    953
0.7955394971,0.7955394971,1.632012024,1.632012024,1.632012024,       503P    954
2.555670295,2.555670295,2.555670295,2.630411911,2.630411911,         503P    955
2.630411911,2.630411911,2.630411911,2.630411911,0.0,0.0,             503P    956
1.054209155,1.054209155,1.0,1.0,1.0,1.0,1.0,1.0,1.0,1.0,1.0,1.0,     503P    957
1.0,1.0,1.0,1.0,1.0,1.0,1.0,1.0,1.0,1.0,1.0,1.0,1.0,1.0,1.0,1.0,     503P    958
1.0,1.0,1.0,1.0,84.34160556,291.633233,-144.9133194,84.34160556,     503P    959
291.633233,-145.0653252,84.345922,291.6476741,-145.2173309,          503P    960
84.35454536,291.6765559,-145.366437,84.38072796,291.7630613,         503P    961
-145.6611746,84.42180699,291.8983568,-145.9254457,84.4460833,        503P    962
291.9785121,-146.0507792,84.50139302,292.1652137,-146.2917465,       503P    963
84.55966703,292.3810747,-146.483582,84.58932371,292.499906,          503P    964
-146.5705632,84.61836314,292.6316004,-146.650126,84.64316564,        503P    965
292.7650852,-146.7151253,84.64499817,292.7750872,-146.71991,         503P    966
84.64680604,292.7850977,-146.724614,84.64858886,292.7951158,         503P    967
-146.7292377,84.94644473,291.0283939,-144.9133194,84.94644473,       503P    968
291.0283939,-145.0812614,84.9525911,291.0378016,-145.2492033,        503P    969
84.96486376,291.0565884,-145.4167918,85.00288863,291.1157546,        503P    970
-145.7594668,85.06586932,291.2197251,-146.0955602,85.10431395,       503P    971
291.2854523,-146.2649416,85.19615323,291.4511929,-146.6128179,       503P    972
85.30437681,291.6760927,-146.9356159,85.36377375,291.8110385,        503P    973
-147.0962747,85.42785934,291.9754575,-147.2574161,85.48824979,       503P    974
292.1596011,-147.4009632,85.49274836,292.1734967,-147.4116088,       503P    975
85.49722293,292.1875023,-147.422152,85.50167181,292.2016175,         503P    976
-147.4325907,0.0,2.630411911,0.0,1.054209155,0,0;                    503P    977
126,14,5,0,0,1,0,0.0,0.0,0.0,0.0,0.0,0.0,0.7955394971,               505P    978
0.7955394971,0.7955394971,1.632012024,1.632012024,1.632012024,       505P    979
2.555670295,2.555670295,2.555670295,2.630411911,2.630411911,         505P    980
2.630411911,2.630411911,2.630411911,2.630411911,1.0,1.0,1.0,1.0,     505P    981
1.0,1.0,1.0,1.0,1.0,1.0,1.0,1.0,1.0,1.0,1.0,84.34160556,             505P    982
291.633233,-144.9133194,84.34160556,291.633233,-145.0653252,         505P    983
84.345922,291.6476741,-145.2173309,84.35454536,291.6765559,          505P    984
-145.366437,84.38072796,291.7630613,-145.6611746,84.42180699,        505P    985
291.8983568,-145.9254457,84.4460833,291.9785121,-146.0507792,        505P    986
84.50139302,292.1652137,-146.2917465,84.55966703,292.3810747,        505P    987
-146.483582,84.58932371,292.499906,-146.5705632,84.61836314,         505P    988
292.6316004,-146.650126,84.64316564,292.7650852,-146.7151253,        505P    989
84.64499817,292.7750872,-146.71991,84.64680604,292.7850977,          505P    990
-146.724614,84.64858886,292.7951158,-146.7292377,0.0,                505P    991
2.630411911,0.0,0.0,0.0,0,0;                                         505P    992
126,1,1,0,0,1,0,0.0,0.0,1.054209155,1.054209155,1.0,1.0,             507P    993
84.64858886,292.7951158,-146.7292377,85.50167181,292.2016175,        507P    994
-147.4325907,0.0,1.054209155,0.0,0.0,0.0,0,0;                        507P    995
126,14,5,0,0,1,0,0.0,0.0,0.0,0.0,0.0,0.0,0.07474161533,              509P    996
0.07474161533,0.07474161533,0.9983998865,0.9983998865,               509P    997
0.9983998865,1.834872414,1.834872414,1.834872414,2.630411911,        509P    998
2.630411911,2.630411911,2.630411911,2.630411911,2.630411911,1.0,     509P    999
1.0,1.0,1.0,1.0,1.0,1.0,1.0,1.0,1.0,1.0,1.0,1.0,1.0,1.0,             509P   1000
85.50167181,292.2016175,-147.4325907,85.49722293,292.1875023,        509P   1001
-147.422152,85.49274836,292.1734967,-147.4116088,85.48824979,        509P   1002
292.1596011,-147.4009632,85.42785934,291.9754575,-147.2574161,       509P   1003
85.36377375,291.8110385,-147.0962747,85.30437681,291.6760927,        509P   1004
-146.9356159,85.19615323,291.4511929,-146.6128179,85.10431395,       509P   1005
291.2854523,-146.2649416,85.06586932,291.2197251,-146.0955602,       509P   1006
85.00288863,291.1157546,-145.7594668,84.96486376,291.0565884,        509P   1007
-145.4167918,84.9525911,291.0378016,-145.2492033,84.94644473,        509P   1008
291.0283939,-145.0812614,84.94644473,291.0283939,-144.9133194,       509P   1009
0.0,2.630411911,0.0,0.0,0.0,0,0;                                     509P   1010
126,1,1,0,0,1,0,0.0,0.0,1.054209155,1.054209155,1.0,1.0,             511P   1011
84.94644473,291.0283939,-144.9133194,84.34160556,291.633233,         511P   1012
-144.9133194,0.0,1.054209155,0.0,0.0,0.0,0,0;                        511P   1013
102,4,505,507,509,511,0,0;                                           513P   1014
110,0.0,0.0,0.0,2.630411911,0.0,0.0,0,0;                             515P   1015
110,2.630411911,0.0,0.0,2.630411911,1.054209155,0.0,0,0;             517P   1016
110,0.0,1.054209155,0.0,2.630411911,1.054209155,0.0,0,0;             519P   1017
110,0.0,0.0,0.0,0.0,1.054209155,0.0,0,0;                             521P   1018
102,4,515,517,519,521,0,0;                                           523P   1019
142,0,503,523,513,1,0,0;                                             525P   1020
144,503,1,0,525,0,0;                                                 527P   1021
128,11,1,5,1,0,0,1,0,0,0.0,0.0,0.0,0.0,0.0,0.0,0.7167141189,         529P   1022
0.7167141189,0.7167141189,1.651362872,1.651362872,1.651362872,       529P   1023
2.631227744,2.631227744,2.631227744,2.631227744,2.631227744,         529P   1024
2.631227744,0.0,0.0,1.006846277,1.006846277,1.0,1.0,1.0,1.0,1.0,     529P   1025
1.0,1.0,1.0,1.0,1.0,1.0,1.0,1.0,1.0,1.0,1.0,1.0,1.0,1.0,1.0,1.0,     529P   1026
1.0,1.0,1.0,84.34160556,291.633233,-144.9133194,84.34160556,         529P   1027
291.633233,-144.7764191,84.34510674,291.6449466,-144.6395189,        529P   1028
84.35210289,291.6683736,-144.504724,84.37602052,291.7476059,         529P   1029
-144.2033467,84.41589145,291.8788383,-143.9308052,84.44273126,       529P   1030
291.9670886,-143.7890606,84.50304826,292.1700118,-143.5263168,       529P   1031
84.56640662,292.4067233,-143.321733,84.59755631,292.5338275,         529P   1032
-143.2323893,84.62522333,292.6638225,-143.1579981,84.64858896,       529P   1033
292.7951159,-143.0974011,84.94644473,291.0283939,-144.9133194,       529P   1034
84.94644473,291.0283939,-144.7620666,84.95143022,291.0360247,        529P   1035
-144.6108138,84.96138865,291.051269,-144.4598144,84.99598944,        529P   1036
291.1049434,-144.1128002,85.05649228,291.2036908,-143.7714301,       529P   1037
85.09862265,291.2749513,-143.5815714,85.19849791,291.4542756,        529P   1038
-143.2026988,85.31722459,291.7036771,-142.8540147,85.3806401,        529P   1039
291.8504558,-142.685618,85.44336722,292.0166288,-142.5308533,        529P   1040
85.50167172,292.2016175,-142.3940483,0.0,2.631227744,0.0,            529P   1041
1.006846277,0,0;                                                     529P   1042
126,11,5,0,0,1,0,0.0,0.0,0.0,0.0,0.0,0.0,0.9798648721,               531P   1043
0.9798648721,0.9798648721,1.914513626,1.914513626,1.914513626,       531P   1044
2.631227744,2.631227744,2.631227744,2.631227744,2.631227744,         531P   1045
2.631227744,1.0,1.0,1.0,1.0,1.0,1.0,1.0,1.0,1.0,1.0,1.0,1.0,         531P   1046
84.64858896,292.7951159,-143.0974011,84.62522333,292.6638225,        531P   1047
-143.1579981,84.59755631,292.5338275,-143.2323893,84.56640662,       531P   1048
292.4067233,-143.321733,84.50304826,292.1700118,-143.5263168,        531P   1049
84.44273126,291.9670886,-143.7890606,84.41589145,291.8788383,        531P   1050
-143.9308052,84.37602052,291.7476059,-144.2033467,84.35210289,       531P   1051
291.6683736,-144.504724,84.34510674,291.6449466,-144.6395189,        531P   1052
84.34160556,291.633233,-144.7764191,84.34160556,291.633233,          531P   1053
-144.9133194,0.0,2.631227744,0.0,0.0,0.0,0,0;                        531P   1054
126,1,1,0,0,1,0,0.0,0.0,1.006846277,1.006846277,1.0,1.0,             533P   1055
84.34160556,291.633233,-144.9133194,84.94644473,291.0283939,         533P   1056
-144.9133194,0.0,1.006846277,0.0,0.0,0.0,0,0;                        533P   1057
126,11,5,0,0,1,0,0.0,0.0,0.0,0.0,0.0,0.0,0.7167141189,               535P   1058
0.7167141189,0.7167141189,1.651362872,1.651362872,1.651362872,       535P   1059
2.631227744,2.631227744,2.631227744,2.631227744,2.631227744,         535P   1060
2.631227744,1.0,1.0,1.0,1.0,1.0,1.0,1.0,1.0,1.0,1.0,1.0,1.0,         535P   1061
84.94644473,291.0283939,-144.9133194,84.94644473,291.0283939,        535P   1062
-144.7620666,84.95143022,291.0360247,-144.6108138,84.96138865,       535P   1063
291.051269,-144.4598144,84.99598944,291.1049434,-144.1128002,        535P   1064
85.05649228,291.2036908,-143.7714301,85.09862265,291.2749513,        535P   1065
-143.5815714,85.19849791,291.4542756,-143.2026988,85.31722459,       535P   1066
291.7036771,-142.8540147,85.3806401,291.8504558,-142.685618,         535P   1067
85.44336722,292.0166288,-142.5308533,85.50167172,292.2016175,        535P   1068
-142.3940483,0.0,2.631227744,0.0,0.0,0.0,0,0;                        535P   1069
126,1,1,0,0,1,0,0.0,0.0,1.006846277,1.006846277,1.0,1.0,             537P   1070
85.50167172,292.2016175,-142.3940483,84.64858896,292.7951159,        537P   1071
-143.0974011,0.0,1.006846277,0.0,0.0,0.0,0,0;                        537P   1072
102,4,531,533,535,537,0,0;                                           539P   1073
110,0.0,0.0,0.0,2.631227744,0.0,0.0,0,0;                             541P   1074
110,0.0,0.0,0.0,0.0,1.006846277,0.0,0,0;                             543P   1075
110,0.0,1.006846277,0.0,2.631227744,1.006846277,0.0,0,0;             545P   1076
110,2.631227744,0.0,0.0,2.631227744,1.006846277,0.0,0,0;             547P   1077
102,4,541,543,545,547,0,0;                                           549P   1078
142,0,529,549,539,1,0,0;                                             551P   1079
144,529,1,0,551,0,0;                                                 553P   1080
128,11,5,5,5,0,0,1,0,0,-1.648365173,-1.648365173,-1.648365173,       555P   1081
-1.648365173,-1.648365173,-1.648365173,-0.7950559008,                555P   1082
-0.7950559008,-0.7950559008,1.235442969,1.235442969,1.235442969,     555P   1083
2.121318744,2.121318744,2.121318744,2.121318744,2.121318744,         555P   1084
2.121318744,-0.9168045296,-0.9168045296,-0.9168045296,               555P   1085
-0.9168045296,-0.9168045296,-0.9168045296,0.7530515572,              555P   1086
0.7530515572,0.7530515572,0.7530515572,0.7530515572,                 555P   1087
0.7530515572,1.0,1.0,1.0,1.0,1.0,1.0,1.0,1.0,1.0,1.0,1.0,1.0,        555P   1088
1.0,1.0,1.0,1.0,1.0,1.0,1.0,1.0,1.0,1.0,1.0,1.0,1.0,1.0,1.0,1.0,     555P   1089
1.0,1.0,1.0,1.0,1.0,1.0,1.0,1.0,1.0,1.0,1.0,1.0,1.0,1.0,1.0,1.0,     555P   1090
1.0,1.0,1.0,1.0,1.0,1.0,1.0,1.0,1.0,1.0,1.0,1.0,1.0,1.0,1.0,1.0,     555P   1091
1.0,1.0,1.0,1.0,1.0,1.0,1.0,1.0,1.0,1.0,1.0,1.0,85.19542798,         555P   1092
293.652954,-127.4132247,85.09072809,293.5548984,-127.3061159,        555P   1093
84.99120073,293.4578983,-127.1967367,84.89778886,293.3621462,        555P   1094
-127.0846733,84.59462571,293.0411028,-126.7004498,84.44677839,       555P   1095
292.7517542,-126.248055,84.47280076,292.5745764,-125.872409,         555P   1096
84.52831203,292.3237995,-125.3249142,84.60307009,292.0769503,        555P   1097
-124.7689715,84.62531165,292.0018723,-124.6003037,84.65132704,       555P   1098
291.9275644,-124.4299795,84.68190367,291.8541873,-124.2576533,       555P   1099
85.34778387,293.3845413,-127.5357614,85.24641246,293.2871649,        555P   1100
-127.4271916,85.15062125,293.1909272,-127.3161725,85.05964079,       555P   1101
293.0956713,-127.2030419,84.7750385,292.7784156,-126.8106717,        555P   1102
84.6075317,292.4850551,-126.3669059,84.59829228,292.3006816,         555P   1103
-126.006737,84.61152673,292.0412775,-125.4777984,84.65341574,        555P   1104
291.7877208,-124.9362826,84.66690673,291.7108571,-124.7714556,       555P   1105
84.68589052,291.6351142,-124.6042178,84.71015761,291.5604496,        555P   1106
-124.4346609,85.49296575,293.1146646,-127.6614469,85.39472114,       555P   1107
293.0179263,-127.5515046,85.30174411,292.9222629,-127.4392504,       555P   1108
85.21299356,292.827462,-127.325141,84.94218245,292.5130206,          555P   1109
-126.9267176,84.7633035,292.2173395,-126.4879432,84.71498917,        555P   1110
292.0249921,-126.1449251,84.69326237,291.7584536,-125.6313317,       555P   1111
84.7005463,291.4978351,-125.1050049,84.70512978,291.4191537,         555P   1112
-124.9440876,84.71985697,291.3425423,-124.778718,84.73987935,        555P   1113
291.2670114,-124.6110243,85.63662061,292.8444764,-127.7878026,       555P   1114
85.54139941,292.748355,-127.6765333,85.45059351,292.6531347,         555P   1115
-127.5633261,85.36484698,292.5589468,-127.4478982,85.09315283,       555P   1116
292.2443252,-127.0498624,84.90446795,291.946643,-126.615392,         555P   1117
84.8325624,291.7494814,-126.2827286,84.76536044,291.473663,          555P   1118
-125.7890952,84.74930731,291.2082822,-125.2730115,84.75217379,       555P   1119
291.1292504,-125.1128478,84.7630509,291.0518533,-124.9491681,        555P   1120
84.78143078,290.9759872,-124.7821953,85.77839399,292.5739041,        555P   1121
-127.9149841,85.68394347,292.4779401,-127.8033766,85.59415378,       555P   1122
292.3829271,-127.6897233,85.50870281,292.2887995,-127.5741657,       555P   1123
85.23818873,291.9744188,-127.1756119,85.03657513,291.6740982,        555P   1124
-126.7468163,84.94470079,291.4728617,-126.4229176,84.84778612,       555P   1125
291.1909799,-125.9423257,84.81526322,290.9222382,-125.4334709,       555P   1126
84.81150441,290.8418544,-125.2762152,84.81479076,290.7629083,        555P   1127
-125.1158673,84.82512128,290.6853996,-124.9524275,85.91360621,       555P   1128
292.301993,-128.0450455,85.82005252,292.2062119,-127.9330443,        555P   1129
85.73099836,292.1113491,-127.8190683,85.64625663,292.0173662,        555P   1130
-127.7031993,85.37515412,291.7028654,-127.3049038,85.16373023,       555P   1131
291.4005429,-126.8804141,85.05415086,291.1956934,-126.5642865,       555P   1132
84.93648568,290.9095771,-126.0928025,84.88519752,290.637006,         555P   1133
-125.5921841,84.87571496,290.5554542,-125.4374407,84.87299686,       555P   1134
290.4752828,-125.2797283,84.87719675,290.3965231,-125.1189793,       555P   1135
-1.648365173,2.121318744,-0.9168045296,0.7530515572,0,0;             555P   1136
126,3,3,0,0,1,0,0.0,0.0,0.0,0.0,1.16605586,1.16605586,               557P   1137
1.16605586,1.16605586,1.0,1.0,1.0,1.0,84.80619384,290.8254907,       557P   1138
-124.9133489,84.76410167,291.0947233,-124.9133711,84.72384846,       557P   1139
291.3643311,-124.9125862,84.68006761,291.6332191,-124.9133496,       557P   1140
0.0,1.16605586,0.0,0.0,0.0,0,0;                                      557P   1141
126,5,5,0,0,1,0,0.0,0.0,0.0,0.0,0.0,0.0,3.867352635,3.867352635,     559P   1142
3.867352635,3.867352635,3.867352635,3.867352635,1.0,1.0,1.0,1.0,     559P   1143
1.0,1.0,84.68006721,291.6332219,-124.9133193,84.67909017,            559P   1144
291.6330617,-125.4524092,84.71485213,291.8160112,-125.9919713,       559P   1145
84.75185871,292.1770792,-126.4453748,84.77310284,292.657495,         559P   1146
-126.733695,84.74026248,293.1619421,-126.8569499,0.0,                559P   1147
3.867352635,0.0,0.0,0.0,0,0;                                         559P   1148
126,5,5,0,0,1,0,0.0,0.0,0.0,0.0,0.0,0.0,1.544933818,1.544933818,     561P   1149
1.544933818,1.544933818,1.544933818,1.544933818,1.0,1.0,1.0,1.0,     561P   1150
1.0,1.0,84.74026312,293.161942,-126.8569506,84.88607818,             561P   1151
293.0979224,-127.0091686,85.0344629,293.0345136,-127.1597276,        561P   1152
85.34933887,292.8968323,-127.4865341,85.49619695,292.8330466,        561P   1153
-127.6381562,85.64290087,292.7692078,-127.7898106,0.0,               561P   1154
1.544933818,0.0,0.0,0.0,0,0;                                         561P   1155
126,3,3,0,0,1,0,0.0,0.0,0.0,0.0,0.8987430338,0.8987430338,           563P   1156
0.8987430338,0.8987430338,1.0,1.0,1.0,1.0,85.64289902,               563P   1157
292.7692065,-127.7898085,85.60566909,292.5689296,-127.730485,        563P   1158
85.55696969,292.3773117,-127.6492262,85.50164689,292.2016172,        563P   1159
-127.5494675,0.0,0.8987430338,0.0,0.0,0.0,0,0;                       563P   1160
126,5,5,0,0,1,0,0.0,0.0,0.0,0.0,0.0,0.0,4.633114466,4.633114466,     565P   1161
4.633114466,4.633114466,4.633114466,4.633114466,1.0,1.0,1.0,1.0,     565P   1162
1.0,1.0,85.50164986,292.2016145,-127.5494707,85.32821418,            565P   1163
291.6509019,-127.2367452,85.10051709,291.2240148,-126.7693196,       565P   1164
84.9074895,290.9663513,-126.2076283,84.80672289,290.8255735,         565P   1165
-125.5729232,84.80619382,290.8254907,-124.9133195,0.0,               565P   1166
4.633114466,0.0,0.0,0.0,0,0;                                         565P   1167
102,5,557,559,561,563,565,0,0;                                       567P   1168
126,5,5,1,0,1,0,0.0,0.0,0.0,0.0,0.0,0.0,1.16605586,1.16605586,       569P   1169
1.16605586,1.16605586,1.16605586,1.16605586,1.0,1.0,1.0,1.0,1.0,     569P   1170
1.0,2.084359508,0.2770797989,0.0,2.004476975,0.1312305999,0.0,       569P   1171
1.924854791,-0.01477463696,0.0,1.845021898,-0.1606502143,0.0,        569P   1172
1.764829374,-0.306316997,0.0,1.684946841,-0.4521661961,0.0,0.0,      569P   1173
1.16605586,0.0,0.0,1.0,0,0;                                          569P   1174
126,11,5,1,0,1,0,0.0,0.0,0.0,0.0,0.0,0.0,1.47734807,1.47734807,      571P   1175
1.47734807,2.981758712,2.981758712,2.981758712,3.867352635,          571P   1176
3.867352635,3.867352635,3.867352635,3.867352635,3.867352635,1.0,     571P   1177
1.0,1.0,1.0,1.0,1.0,1.0,1.0,1.0,1.0,1.0,1.0,1.684971107,             571P   1178
-0.4521815337,0.0,1.51073842,-0.364893311,0.0,1.320776389,           571P   1179
-0.2978361261,0.0,1.119504007,-0.2545332516,0.0,0.7020631391,        571P   1180
-0.2169222816,0.0,0.2812018021,-0.2795208324,0.0,0.07293399335,      571P   1181
-0.3366217029,0.0,-0.2426311146,-0.4663552214,0.0,-0.522436026,      571P   1182
-0.6526471124,0.0,-0.6202193319,-0.7289650134,0.0,-0.7112616395,     571P   1183
-0.8119051717,0.0,-0.7950389046,-0.9004453794,0.0,0.0,               571P   1184
3.867352635,0.0,0.0,1.0,0,0;                                         571P   1185
126,5,5,1,0,1,0,0.0,0.0,0.0,0.0,0.0,0.0,1.544933818,1.544933818,     573P   1186
1.544933818,1.544933818,1.544933818,1.544933818,1.0,1.0,1.0,1.0,     573P   1187
1.0,1.0,-0.795039608,-0.9004447359,0.0,-0.9278979367,                573P   1188
-0.7293043155,0.0,-1.060352836,-0.5584623445,0.0,-1.345946238,       573P   1189
-0.1901800692,0.0,-1.478698939,-0.01911604645,0.0,-1.6114101,        573P   1190
0.1519513579,0.0,0.0,1.544933818,0.0,0.0,1.0,0,0;                    573P   1191
126,5,5,1,0,1,0,0.0,0.0,0.0,0.0,0.0,0.0,0.8987430338,                575P   1192
0.8987430338,0.8987430338,0.8987430338,0.8987430338,                 575P   1193
0.8987430338,1.0,1.0,1.0,1.0,1.0,1.0,-1.611407098,0.1519509391,      575P   1194
0.0,-1.511065606,0.2305837976,0.0,-1.405822707,0.3028700264,0.0,     575P   1195
-1.295725612,0.3689933777,0.0,-1.182767967,0.4279395597,0.0,         575P   1196
-1.066934364,0.4798925213,0.0,0.0,0.8987430338,0.0,0.0,1.0,0,0;      575P   1197
126,11,5,1,0,1,0,0.0,0.0,0.0,0.0,0.0,0.0,0.4252601217,               577P   1198
0.4252601217,0.4252601217,3.407846723,3.407846723,3.407846723,       577P   1199
4.633114466,4.633114466,4.633114466,4.633114466,4.633114466,         577P   1200
4.633114466,1.0,1.0,1.0,1.0,1.0,1.0,1.0,1.0,1.0,1.0,1.0,1.0,         577P   1201
-1.066936365,0.4798972766,0.0,-1.011389836,0.504807045,0.0,          577P   1202
-0.9551950266,0.5281220736,0.0,-0.8983475486,0.5498813106,0.0,       577P   1203
-0.4392546847,0.7114715912,0.0,0.04903051547,0.7737670116,0.0,       577P   1204
0.4779468207,0.7594476195,0.0,1.069602756,0.6644322477,0.0,          577P   1205
1.624829606,0.4796391296,0.0,1.783365985,0.4185256311,0.0,           577P   1206
1.936640875,0.3511063912,0.0,2.084384442,0.2770673088,0.0,0.0,       577P   1207
4.633114466,0.0,0.0,1.0,0,0;                                         577P   1208
102,5,569,571,573,575,577,0,0;                                       579P   1209
142,0,555,579,567,1,0,0;                                             581P   1210
144,555,1,0,581,0,0;                                                 583P   1211
128,8,1,5,1,0,0,1,0,0,11.77139975,11.77139975,11.77139975,           585P   1212
11.77139975,11.77139975,11.77139975,11.94181922,11.94181922,         585P   1213
11.94181922,12.97548264,12.97548264,12.97548264,12.97548264,         585P   1214
12.97548264,12.97548264,0.0,0.0,0.87226432,0.87226432,1.0,1.0,       585P   1215
1.0,1.0,1.0,1.0,1.0,1.0,1.0,1.0,1.0,1.0,1.0,1.0,1.0,1.0,1.0,1.0,     585P   1216
84.97752398,291.0765954,-123.5777529,84.96833709,291.0621572,        585P   1217
-123.612955,84.95940176,291.0482575,-123.648425,84.95072866,         585P   1218
291.0348933,-123.6841521,84.89137127,290.9442307,-123.9383201,       585P   1219
84.84602588,290.879966,-124.2042776,84.81951609,290.8436611,         585P   1220
-124.438617,84.80626153,290.8255012,-124.6759684,84.80626153,        585P   1221
290.8255012,-124.9133194,84.71879261,291.8869967,-123.9383151,       585P   1222
84.71689503,291.8729715,-123.9634276,84.71501771,291.8593913,        585P   1223
-123.9888063,84.71316843,291.8462642,-124.0144389,84.70035029,       585P   1224
291.7567664,-124.1972493,84.68957496,291.6905112,-124.3915091,       585P   1225
84.68328366,291.6523302,-124.5637179,84.68013632,291.6332331,        585P   1226
-124.7385187,84.68013632,291.6332331,-124.9133194,11.77139975,       585P   1227
12.97548264,0.0,0.87226432,0,0;                                      585P   1228
126,1,1,0,0,1,0,0.0,0.0,0.87226432,0.87226432,1.0,1.0,               587P   1229
84.68013632,291.6332331,-124.9133194,84.80626153,290.8255012,        587P   1230
-124.9133194,3.470893786E-006,0.87226432,0.0,0.0,0.0,0,0;            587P   1231
126,8,5,0,0,1,0,0.0,0.0,0.0,0.0,0.0,0.0,1.033663415,1.033663415,     589P   1232
1.033663415,1.204082885,1.204082885,1.204082885,1.204082885,         589P   1233
1.204082885,1.204082885,1.0,1.0,1.0,1.0,1.0,1.0,1.0,1.0,1.0,         589P   1234
84.80626153,290.8255012,-124.9133194,84.80626153,290.8255012,        589P   1235
-124.6759684,84.81951609,290.8436611,-124.438617,84.84602588,        589P   1236
290.879966,-124.2042776,84.89137127,290.9442307,-123.9383201,        589P   1237
84.95072866,291.0348933,-123.6841521,84.95940176,291.0482575,        589P   1238
-123.648425,84.96833709,291.0621572,-123.612955,84.97752398,         589P   1239
291.0765954,-123.5777529,0.0,1.204082793,0.0,0.0,0.0,0,0;            589P   1240
126,1,1,0,0,1,0,0.0,0.0,0.8722587693,0.8722587693,1.0,1.0,           591P   1241
84.97752398,291.0765954,-123.5777529,84.71879426,291.8869915,        591P   1242
-123.9383128,0.0,0.8722615252,0.0,0.0,0.0,0,0;                       591P   1243
126,8,5,0,0,1,0,11.77139975,11.77139975,11.77139975,11.77139975,     593P   1244
11.77139975,11.77139975,11.94181922,11.94181922,11.94181922,         593P   1245
12.97548264,12.97548264,12.97548264,12.97548264,12.97548264,         593P   1246
12.97548264,1.0,1.0,1.0,1.0,1.0,1.0,1.0,1.0,1.0,84.71879261,         593P   1247
291.8869967,-123.9383151,84.71689503,291.8729715,-123.9634276,       593P   1248
84.71501771,291.8593913,-123.9888063,84.71316843,291.8462642,        593P   1249
-124.0144389,84.70035029,291.7567664,-124.1972493,84.68957496,       593P   1250
291.6905112,-124.3915091,84.68328366,291.6523302,-124.5637179,       593P   1251
84.68013632,291.6332331,-124.7385187,84.68013632,291.6332331,        593P   1252
-124.9133194,11.77139975,12.97548264,0.0,0.0,0.0,0,0;                593P   1253
102,4,587,589,591,593,0,0;                                           595P   1254
110,12.97548264,0.0,0.0,12.97548264,0.8722608491,0.0,0,0;            597P   1255
110,11.77139984,0.0,0.0,12.97548264,0.0,0.0,0,0;                     599P   1256
110,11.77139975,0.0,0.0,11.77139975,0.8722615252,0.0,0,0;            601P   1257
110,11.77139975,0.87226432,0.0,12.97548264,0.87226432,0.0,0,0;       603P   1258
102,4,597,599,601,603,0,0;                                           605P   1259
142,0,585,605,595,1,0,0;                                             607P   1260
144,585,1,0,607,0,0;                                                 609P   1261
128,5,5,5,5,0,0,1,0,0,-1.239859497,-1.239859497,-1.239859497,        611P   1262
-1.239859497,-1.239859497,-1.239859497,1.243840511,1.243840511,      611P   1263
1.243840511,1.243840511,1.243840511,1.243840511,-0.931748602,        611P   1264
-0.931748602,-0.931748602,-0.931748602,-0.931748602,                 611P   1265
-0.931748602,0.6182470652,0.6182470652,0.6182470652,                 611P   1266
0.6182470652,0.6182470652,0.6182470652,1.0,1.0,1.0,1.0,1.0,1.0,      611P   1267
1.0,1.0,1.0,1.0,1.0,1.0,1.0,1.0,1.0,1.0,1.0,1.0,1.0,1.0,1.0,1.0,     611P   1268
1.0,1.0,1.0,1.0,1.0,1.0,1.0,1.0,1.0,1.0,1.0,1.0,1.0,1.0,             611P   1269
84.59084582,292.1424101,-124.414307,84.55094253,292.4140609,         611P   1270
-123.9640684,84.49280158,292.6817537,-123.5030313,84.54981818,       611P   1271
292.9744383,-123.1101786,84.80504302,293.3101389,-122.8346846,       611P   1272
85.05893699,293.6455506,-122.5584024,84.67102108,291.9001095,        611P   1273
-124.2286136,84.6684888,292.1798707,-123.8005023,84.64807356,        611P   1274
292.4557509,-123.3618025,84.74416787,292.7569163,-122.9920877,       611P   1275
84.97289243,293.0868657,-122.7009028,85.21891343,293.4205688,        611P   1276
-122.4199592,84.739424,291.6552541,-124.0359499,84.77493717,         611P   1277
291.943272,-123.6303652,84.81169808,292.2315608,-123.2255192,        611P   1278
84.92135164,292.5356689,-122.8638328,85.1352371,292.8623978,         611P   1279
-122.5638618,85.37347077,293.1944109,-122.2783073,84.82714925,       611P   1280
291.4145921,-123.8547269,84.87171609,291.7045749,-123.4545028,       611P   1281
84.96322762,292.0047458,-123.0820746,85.09159357,292.3129149,        611P   1282
-122.7314677,85.29340091,292.6370226,-122.4243452,85.5314588,        611P   1283
292.9689976,-122.1386866,84.9264889,291.1764506,-123.6803808,        611P   1284
84.99244544,291.4710755,-123.2928215,85.09376847,291.7733757,        611P   1285
-122.9262026,85.2465713,292.0868483,-122.5900647,85.44876353,        611P   1286
292.4110395,-122.2831701,85.68582805,292.7427988,-121.9969234,       611P   1287
85.02496167,290.9381211,-123.5055214,85.10963651,291.2368083,        611P   1288
-123.1290451,85.22837399,291.5428878,-122.7727372,85.39067622,       611P   1289
291.858422,-122.4422239,85.59662464,292.1834284,-122.1375534,        611P   1290
85.83368036,292.5151858,-121.8513014,-1.239859497,1.243840511,       611P   1291
-0.931748602,0.6182470652,0,0;                                       611P   1292
126,5,5,0,0,1,0,0.0,0.0,0.0,0.0,0.0,0.0,1.745257374,1.745257374,     613P   1293
1.745257374,1.745257374,1.745257374,1.745257374,1.0,1.0,1.0,1.0,     613P   1294
1.0,1.0,85.64281991,292.7692008,-122.0367528,85.47846028,            613P   1295
292.8407497,-122.2067678,85.31414278,292.9123285,-122.3767871,       613P   1296
85.06978122,293.0191515,-122.6301246,84.90349865,293.0901216,        613P   1297
-122.7988782,84.7402682,293.1619433,-122.9696925,0.0,                613P   1298
1.745257374,0.0,0.0,0.0,0,0;                                         613P   1299
126,4,4,0,0,1,0,0.0,0.0,0.0,0.0,0.0,2.364928,2.364928,2.364928,      615P   1300
2.364928,2.364928,1.0,1.0,1.0,1.0,1.0,84.74026754,293.1619435,       615P   1301
-122.9696933,84.76579173,292.7670527,-123.0660132,84.76460404,       615P   1302
292.391065,-123.2712736,84.74418848,292.0883579,-123.5764578,        615P   1303
84.718772,291.8869865,-123.9383077,0.0,2.364928,0.0,0.0,0.0,0,0;     615P   1304
126,4,4,0,0,1,0,0.0,0.0,0.0,0.0,0.0,1.307091058,1.307091058,         617P   1305
1.307091058,1.307091058,1.307091058,1.0,1.0,1.0,1.0,1.0,             617P   1306
84.71877168,291.8869921,-123.9383027,84.78484071,291.6846933,        617P   1307
-123.8489833,84.84635898,291.4814158,-123.7569212,84.91275988,       617P   1308
291.2791799,-123.6678464,84.97750457,291.0765937,-123.5777428,       617P   1309
0.0,1.307091058,0.0,0.0,0.0,0,0;                                     617P   1310
126,4,4,0,0,1,0,0.0,0.0,0.0,0.0,0.0,2.630147076,2.630147076,         619P   1311
2.630147076,2.630147076,2.630147076,1.0,1.0,1.0,1.0,1.0,             619P   1312
84.97750376,291.0765919,-123.5777462,85.08513182,291.2448455,        619P   1313
-123.1680006,85.22623375,291.4871647,-122.8029699,85.37876879,       619P   1314
291.8109644,-122.4991336,85.50167756,292.2016184,-122.2771896,       619P   1315
0.0,2.630147076,0.0,0.0,0.0,0,0;                                     619P   1316
126,3,3,0,0,1,0,0.0,0.0,0.0,0.0,0.9007715621,0.9007715621,           621P   1317
0.9007715621,0.9007715621,1.0,1.0,1.0,1.0,85.50167774,               621P   1318
292.2016189,-122.2771893,85.55692377,292.3772366,-122.1774241,       621P   1319
85.60575116,292.5687288,-122.0962473,85.64280313,292.7691859,        621P   1320
-122.0367723,0.0,0.9007715621,0.0,0.0,0.0,0,0;                       621P   1321
102,5,613,615,617,619,621,0,0;                                       623P   1322
126,5,5,1,0,1,0,0.0,0.0,0.0,0.0,0.0,0.0,1.745257374,1.745257374,     625P   1323
1.745257374,1.745257374,1.745257374,1.745257374,1.0,1.0,1.0,1.0,     625P   1324
1.0,1.0,1.219519025,0.2492081365,0.0,1.094236919,0.03683385949,      625P   1325
0.0,0.9689835222,-0.1755456826,0.0,0.7825989275,-0.4919092281,       625P   1326
0.0,0.6573005352,-0.7041016171,0.0,0.5319409026,-0.9165611984,       625P   1327
0.0,0.0,1.745257374,0.0,0.0,1.0,0,0;                                 625P   1328
126,8,5,1,0,1,0,0.0,0.0,0.0,0.0,0.0,0.0,1.424919102,1.424919102,     627P   1329
1.424919102,2.364928,2.364928,2.364928,2.364928,2.364928,            627P   1330
2.364928,1.0,1.0,1.0,1.0,1.0,1.0,1.0,1.0,1.0,0.531940257,            627P   1331
-0.9165619669,0.0,0.3763628409,-0.7909610571,0.0,0.2044402132,       627P   1332
-0.6829022936,0.0,0.01974807008,-0.5949828803,0.0,-0.2997069828,     627P   1333
-0.4859825276,0.0,-0.6303432098,-0.4402373798,0.0,-0.7622126183,     627P   1334
-0.4323207044,0.0,-0.8932703298,-0.4345949716,0.0,-1.021990337,      627P   1335
-0.4469591854,0.0,0.0,2.364928,0.0,0.0,1.0,0,0;                      627P   1336
126,5,5,1,0,1,0,0.0,0.0,0.0,0.0,0.0,0.0,1.307091058,1.307091058,     629P   1337
1.307091058,1.307091058,1.307091058,1.307091058,1.0,1.0,1.0,1.0,     629P   1338
1.0,1.0,-1.021983082,-0.4469610819,0.0,-1.060688223,                 629P   1339
-0.2661561491,0.0,-1.099347832,-0.08533317423,0.0,-1.138094555,      629P   1340
0.09545602247,0.0,-1.176803649,0.276258649,0.0,-1.215508791,         629P   1341
0.4570635819,0.0,0.0,1.307091058,0.0,0.0,1.0,0,0;                    629P   1342
126,8,5,1,0,1,0,0.0,0.0,0.0,0.0,0.0,0.0,0.5196739156,                631P   1343
0.5196739156,0.5196739156,2.630147076,2.630147076,2.630147076,       631P   1344
2.630147076,2.630147076,2.630147076,1.0,1.0,1.0,1.0,1.0,1.0,1.0,     631P   1345
1.0,1.0,-1.215512683,0.4570628877,0.0,-1.145644009,0.4767869049,     631P   1346
0.0,-1.07517361,0.4950381998,0.0,-1.004083284,0.5117655663,0.0,      631P   1347
-0.6420193551,0.5882244955,0.0,-0.268381459,0.6218219893,0.0,        631P   1348
0.03525152163,0.6166395527,0.0,0.3369923059,0.5745949736,0.0,        631P   1349
0.629175557,0.4925037555,0.0,0.0,2.630147076,0.0,0.0,1.0,0,0;        631P   1350
126,5,5,1,0,1,0,0.0,0.0,0.0,0.0,0.0,0.0,0.9007715621,                633P   1351
0.9007715621,0.9007715621,0.9007715621,0.9007715621,                 633P   1352
0.9007715621,1.0,1.0,1.0,1.0,1.0,1.0,0.6291761751,0.4925036212,      633P   1353
0.0,0.75194096,0.4580056248,0.0,0.8729739576,0.4163891163,0.0,       633P   1354
0.9923039999,0.367452046,0.0,1.107805661,0.3117818501,0.0,           633P   1355
1.219490044,0.2492020516,0.0,0.0,0.9007715621,0.0,0.0,1.0,0,0;       633P   1356
102,5,625,627,629,631,633,0,0;                                       635P   1357
142,0,611,635,623,1,0,0;                                             637P   1358
144,611,1,0,637,0,0;                                                 639P   1359
128,14,1,5,1,0,0,1,0,0,0.0,0.0,0.0,0.0,0.0,0.0,1.025359706,          641P   1360
1.025359706,1.025359706,1.727933832,1.727933832,1.727933832,         641P   1361
2.628522908,2.628522908,2.628522908,2.758590106,2.758590106,         641P   1362
2.758590106,2.758590106,2.758590106,2.758590106,0.0,0.0,             641P   1363
0.9590936596,0.9590936596,1.0,1.0,1.0,1.0,1.0,1.0,1.0,1.0,1.0,       641P   1364
1.0,1.0,1.0,1.0,1.0,1.0,1.0,1.0,1.0,1.0,1.0,1.0,1.0,1.0,1.0,1.0,     641P   1365
1.0,1.0,1.0,1.0,1.0,76.41720514,295.0648487,-122.2771861,            641P   1366
76.48291251,295.2733252,-122.3955229,76.55595529,295.4633569,        641P   1367
-122.5352583,76.63193203,295.6328206,-122.6937928,76.75761874,       641P   1368
295.8835346,-122.9875776,76.87016632,296.0767281,-123.3200225,       641P   1369
76.91269163,296.1458832,-123.4608392,77.00026667,296.2826085,        641P   1370
-123.7932732,77.0628541,296.3722559,-124.1467338,77.088732,          641P   1371
296.4081496,-124.3501401,77.10696467,296.4332195,-124.58623,         641P   1372
77.11198194,296.4400972,-124.823457,77.11240421,296.4406758,         641P   1373
-124.8534068,77.11261537,296.4409651,-124.8833629,77.1126154,        641P   1374
296.4409652,-124.9133192,77.15849822,294.4606863,-123.0925171,       641P   1375
77.15273807,294.6023043,-123.1568746,77.15044018,294.7426452,        641P   1376
-123.2372636,77.1536509,294.8784881,-123.3346907,77.16636255,        641P   1377
295.0917055,-123.5254987,77.18563717,295.2702777,-123.7552369,       641P   1378
77.19392658,295.3361687,-123.8544065,77.21225518,295.4694671,        641P   1379
-124.0917488,77.22694147,295.561316,-124.3495113,77.23307308,        641P   1380
295.5987826,-124.4987603,77.2373989,295.6250902,-124.6724504,        641P   1381
77.23859014,295.6323205,-124.8471397,77.23869047,295.6329289,        641P   1382
-124.8691959,77.23874072,295.6332332,-124.8912577,77.23874089,       641P   1383
295.6332333,-124.9133196,0.0,2.758590106,0.0,0.9590936596,0,0;       641P   1384
126,14,5,0,0,1,0,0.0,0.0,0.0,0.0,0.0,0.0,1.025359706,                643P   1385
1.025359706,1.025359706,1.727933832,1.727933832,1.727933832,         643P   1386
2.628522908,2.628522908,2.628522908,2.758590106,2.758590106,         643P   1387
2.758590106,2.758590106,2.758590106,2.758590106,1.0,1.0,1.0,1.0,     643P   1388
1.0,1.0,1.0,1.0,1.0,1.0,1.0,1.0,1.0,1.0,1.0,77.15849822,             643P   1389
294.4606863,-123.0925171,77.15273807,294.6023043,-123.1568746,       643P   1390
77.15044018,294.7426452,-123.2372636,77.1536509,294.8784881,         643P   1391
-123.3346907,77.16636255,295.0917055,-123.5254987,77.18563717,       643P   1392
295.2702777,-123.7552369,77.19392658,295.3361687,-123.8544065,       643P   1393
77.21225518,295.4694671,-124.0917488,77.22694147,295.561316,         643P   1394
-124.3495113,77.23307308,295.5987826,-124.4987603,77.2373989,        643P   1395
295.6250902,-124.6724504,77.23859014,295.6323205,-124.8471397,       643P   1396
77.23869047,295.6329289,-124.8691959,77.23874072,295.6332332,        643P   1397
-124.8912577,77.23874089,295.6332333,-124.9133196,0.0,               643P   1398
2.758590106,0.0,0.0,0.0,0,0;                                         643P   1399
126,1,1,0,0,1,0,0.0,0.0,0.9590936596,0.9590936596,1.0,1.0,           645P   1400
77.23874089,295.6332333,-124.9133196,77.1126154,296.4409652,         645P   1401
-124.9133192,0.0,0.9590936596,0.0,0.0,0.0,0,0;                       645P   1402
126,14,5,0,0,1,0,0.0,0.0,0.0,0.0,0.0,0.0,0.1300671977,               647P   1403
0.1300671977,0.1300671977,1.030656274,1.030656274,1.030656274,       647P   1404
1.7332304,1.7332304,1.7332304,2.758590106,2.758590106,               647P   1405
2.758590106,2.758590106,2.758590106,2.758590106,1.0,1.0,1.0,1.0,     647P   1406
1.0,1.0,1.0,1.0,1.0,1.0,1.0,1.0,1.0,1.0,1.0,77.1126154,              647P   1407
296.4409652,-124.9133192,77.11261537,296.4409651,-124.8833629,       647P   1408
77.11240421,296.4406758,-124.8534068,77.11198194,296.4400972,        647P   1409
-124.823457,77.10696467,296.4332195,-124.58623,77.088732,            647P   1410
296.4081496,-124.3501401,77.0628541,296.3722559,-124.1467338,        647P   1411
77.00026667,296.2826085,-123.7932732,76.91269163,296.1458832,        647P   1412
-123.4608392,76.87016632,296.0767281,-123.3200225,76.75761874,       647P   1413
295.8835346,-122.9875776,76.63193203,295.6328206,-122.6937928,       647P   1414
76.55595529,295.4633569,-122.5352583,76.48291251,295.2733252,        647P   1415
-122.3955229,76.41720514,295.0648487,-122.2771861,0.0,               647P   1416
2.758590106,0.0,0.0,0.0,0,0;                                         647P   1417
126,1,1,0,0,1,0,0.0,0.0,0.9590936596,0.9590936596,1.0,1.0,           649P   1418
76.41720514,295.0648487,-122.2771861,77.15849822,294.4606863,        649P   1419
-123.0925171,0.0,0.9590936596,0.0,0.0,0.0,0,0;                       649P   1420
102,4,643,645,647,649,0,0;                                           651P   1421
110,0.0,0.9590936596,0.0,2.758590106,0.9590936596,0.0,0,0;           653P   1422
110,2.758590106,0.0,0.0,2.758590106,0.9590936596,0.0,0,0;            655P   1423
110,0.0,0.0,0.0,2.758590106,0.0,0.0,0,0;                             657P   1424
110,0.0,0.0,0.0,0.0,0.9590936596,0.0,0,0;                            659P   1425
102,4,653,655,657,659,0,0;                                           661P   1426
142,0,641,661,651,1,0,0;                                             663P   1427
144,641,1,0,663,0,0;                                                 665P   1428
110,75.72193843,293.6332331,-124.9133195,74.72193843,                667P   1429
293.6332331,-124.9133195,0,0;                                        667P   1430
110,84.7679553,291.6332331,-124.9133194,77.14323473,291.6332331,     669P   1431
-124.9133194,0,0;                                                    669P   1432
120,667,669,0.0,6.283185307,0,0;                                     671P   1433
110,84.68013101,295.6332331,-124.9133195,77.23874089,                673P   1434
295.6332333,-124.9133196,0,0;                                        673P   1435
126,5,5,0,0,1,0,0.0,0.0,0.0,0.0,0.0,0.0,3.252917739,3.252917739,     675P   1436
3.252917739,3.252917739,3.252917739,3.252917739,1.0,1.0,1.0,1.0,     675P   1437
1.0,1.0,77.23874089,295.6332331,-124.9133195,77.23873737,            675P   1438
295.6332331,-124.449123,77.22168998,295.5001388,-123.9977758,        675P   1439
77.15892334,295.2392589,-123.5791961,77.14228118,294.8593957,        675P   1440
-123.2737083,77.15849822,294.4606863,-123.0925171,0.0,               675P   1441
3.252917739,0.0,0.0,0.0,0,0;                                         675P   1442
126,17,5,0,0,1,0,0.0,0.0,0.0,0.0,0.0,0.0,0.8867991629,               677P   1443
0.8867991629,0.8867991629,2.424504013,2.424504013,2.424504013,       677P   1444
3.827931854,3.827931854,3.827931854,4.772620798,4.772620798,         677P   1445
4.772620798,5.717309742,5.717309742,5.717309742,5.717309742,         677P   1446
5.717309742,5.717309742,1.0,1.0,1.0,1.0,1.0,1.0,1.0,1.0,1.0,1.0,     677P   1447
1.0,1.0,1.0,1.0,1.0,1.0,1.0,1.0,77.15849822,294.4606863,             677P   1448
-123.0925171,77.1630984,294.3475872,-123.0411199,77.16996853,        677P   1449
294.2321519,-122.9992559,77.17832442,294.1158729,-122.9669863,       677P   1450
77.19886892,293.7983054,-122.9033447,77.20198193,293.4816366,        677P   1451
-122.904226,77.18859151,293.2991127,-122.9252425,77.15878088,        677P   1452
292.9101684,-123.0206394,77.14848177,292.5395486,-123.2206615,       677P   1453
77.15306224,292.3713103,-123.3413599,77.17057781,292.1190025,        677P   1454
-123.5778441,77.19467753,291.9221322,-123.8638448,77.20416157,       677P   1455
291.854325,-123.9840591,77.22123251,291.7401464,-124.232934,         677P   1456
77.23277505,291.6697001,-124.4978081,77.2367307,291.6454282,         677P   1457
-124.6339476,77.23874054,291.6332331,-124.7736335,77.23874054,       677P   1458
291.6332331,-124.9133194,0.0,5.717309742,0.0,0.0,0.0,0,0;            677P   1459
110,77.23874054,291.6332331,-124.9133194,84.68013632,                679P   1460
291.6332331,-124.9133194,0,0;                                        679P   1461
126,3,3,0,0,1,0,0.0,0.0,0.0,0.0,1.449346541,1.449346541,             681P   1462
1.449346541,1.449346541,1.0,1.0,1.0,1.0,84.68013632,291.6332331,     681P   1463
-124.9133194,84.68013632,291.6332331,-124.5737731,84.69643817,       681P   1464
291.7218003,-124.2341697,84.71879261,291.8869914,-123.9383119,       681P   1465
0.0,1.449346541,0.0,0.0,0.0,0,0;                                     681P   1466
126,4,4,0,0,1,0,0.0,0.0,0.0,0.0,0.0,2.358006062,2.358006062,         683P   1467
2.358006062,2.358006062,2.358006062,1.0,1.0,1.0,1.0,1.0,             683P   1468
84.71879261,291.8869914,-123.9383119,84.74576472,292.0863054,        683P   1469
-123.5813398,84.76260522,292.3862721,-123.2729191,84.76524964,       683P   1470
292.7644766,-123.0660193,84.7402099,293.1619279,-122.9696447,        683P   1471
0.0,2.358006062,0.0,0.0,0.0,0,0;                                     683P   1472
126,4,4,0,0,1,0,0.0,0.0,0.0,0.0,0.0,1.353780279,1.353780279,         685P   1473
1.353780279,1.353780279,1.353780279,1.0,1.0,1.0,1.0,1.0,             685P   1474
84.7402099,293.1619279,-122.9696447,84.72536766,293.397516,          685P   1475
-122.912519,84.71155487,293.630927,-122.8960721,84.72513321,         685P   1476
293.8644075,-122.9120166,84.73987303,294.0999097,-122.9685282,       685P   1477
0.0,1.353780279,0.0,0.0,0.0,0,0;                                     685P   1478
126,5,5,0,0,1,0,0.0,0.0,0.0,0.0,0.0,0.0,3.874058158,3.874058158,     687P   1479
3.874058158,3.874058158,3.874058158,3.874058158,1.0,1.0,1.0,1.0,     687P   1480
1.0,1.0,84.73987303,294.0999097,-122.9685282,84.77187178,            687P   1481
294.611163,-123.0912097,84.75360677,295.1046742,-123.3892181,        687P   1482
84.70979448,295.4610357,-123.8552714,84.68013283,295.6332331,        687P   1483
-124.3865799,84.68013101,295.6332331,-124.9133195,0.0,               687P   1484
3.874058158,0.0,0.0,0.0,0,0;                                         687P   1485
102,8,673,675,677,679,681,683,685,687,0,0;                           689P   1486
142,0,671,0,689,2,0,0;                                               691P   1487
144,671,1,0,691,0,0;                                                 693P   1488
110,75.72193843,293.6332331,-124.9133195,74.72193843,                695P   1489
293.6332331,-124.9133195,0,0;                                        695P   1490
110,84.76517418,295.6332331,-124.9133195,77.14459457,                697P   1491
295.6332331,-124.9133195,0,0;                                        697P   1492
120,695,697,0.0,6.283185307,0,0;                                     699P   1493
110,84.68013632,291.6332331,-124.9133194,77.23874054,                701P   1494
291.6332331,-124.9133194,0,0;                                        701P   1495
126,14,5,0,0,1,0,0.0,0.0,0.0,0.0,0.0,0.0,1.799057443,                703P   1496
1.799057443,1.799057443,3.205921121,3.205921121,3.205921121,         703P   1497
4.193137432,4.193137432,4.193137432,5.697220814,5.697220814,         703P   1498
5.697220814,5.697220814,5.697220814,5.697220814,1.0,1.0,1.0,1.0,     703P   1499
1.0,1.0,1.0,1.0,1.0,1.0,1.0,1.0,1.0,1.0,1.0,77.23874054,             703P   1500
291.6332331,-124.9133194,77.23874054,291.6332331,-125.1791926,       703P   1501
77.2314593,291.6774135,-125.4450658,77.2172413,291.761183,           703P   1502
-125.6903279,77.18177499,291.9893419,-126.1127043,77.15534781,       703P   1503
292.3241858,-126.4464209,77.14917275,292.4864396,-126.5706897,       703P   1504
77.15404486,292.7841459,-126.743598,77.1740354,293.0970015,          703P   1505
-126.8471671,77.18376477,293.2266992,-126.8781171,77.2023159,        703P   1506
293.5526545,-126.9288262,77.19742434,293.877472,-126.9126794,        703P   1507
77.18061405,294.0705608,-126.8809705,77.16629577,294.268977,         703P   1508
-126.821243,77.15849822,294.4606863,-126.7341218,0.0,                703P   1509
5.697220814,0.0,0.0,0.0,0,0;                                         703P   1510
126,11,5,0,0,1,0,0.0,0.0,0.0,0.0,0.0,0.0,1.308228014,                705P   1511
1.308228014,1.308228014,2.287364907,2.287364907,2.287364907,         705P   1512
3.2665018,3.2665018,3.2665018,3.2665018,3.2665018,3.2665018,1.0,     705P   1513
1.0,1.0,1.0,1.0,1.0,1.0,1.0,1.0,1.0,1.0,1.0,77.15849822,             705P   1514
294.4606863,-126.7341218,77.15197712,294.6210128,-126.6612623,       705P   1515
77.15000785,294.7768789,-126.5691391,77.15520363,294.925435,         705P   1516
-126.4565159,77.17202526,295.1592681,-126.2316226,77.19467458,       705P   1517
295.3443158,-125.9628276,77.20415878,295.4121248,-125.8426109,       705P   1518
77.22123045,295.5263066,-125.5937411,77.23277403,295.5967575,        705P   1519
-125.3288712,77.23673015,295.6210347,-125.1927294,77.23874054,       705P   1520
295.6332331,-125.0530244,77.23874054,295.6332331,-124.9133195,       705P   1521
0.0,3.2665018,0.0,0.0,0.0,0,0;                                       705P   1522
110,77.23874089,295.6332333,-124.9133196,84.68013101,                707P   1523
295.6332331,-124.9133195,0,0;                                        707P   1524
126,3,3,0,0,1,0,0.0,0.0,0.0,0.0,1.412630662,1.412630662,             709P   1525
1.412630662,1.412630662,1.0,1.0,1.0,1.0,84.68013101,295.6332331,     709P   1526
-124.9133195,84.68012987,295.6332331,-125.2443718,84.69553368,       709P   1527
295.5491368,-125.5754846,84.71711849,295.3917686,-125.8659752,       709P   1528
0.0,1.412630662,0.0,0.0,0.0,0,0;                                     709P   1529
126,4,4,0,0,1,0,0.0,0.0,0.0,0.0,0.0,2.470498967,2.470498967,         711P   1530
2.470498967,2.470498967,2.470498967,1.0,1.0,1.0,1.0,1.0,             711P   1531
84.71711849,295.3917686,-125.8659752,84.74505685,295.1880787,        711P   1532
-126.2419724,84.76093403,294.8730641,-126.5667906,84.76252964,       711P   1533
294.472911,-126.7782434,84.73715587,294.0547339,-126.8683993,        711P   1534
0.0,2.470498967,0.0,0.0,0.0,0,0;                                     711P   1535
126,4,4,0,0,1,0,0.0,0.0,0.0,0.0,0.0,1.285868573,1.285868573,         713P   1536
1.285868573,1.285868573,1.285868573,1.0,1.0,1.0,1.0,1.0,             713P   1537
84.73715587,294.0547339,-126.8683993,84.72354863,293.8304773,        713P   1538
-126.9167473,84.71289963,293.6084456,-126.9288828,84.72609734,       713P   1539
293.3859362,-126.911312,84.74021007,293.1619279,-126.8569942,        713P   1540
0.0,1.285868573,0.0,0.0,0.0,0,0;                                     713P   1541
126,5,5,0,0,1,0,0.0,0.0,0.0,0.0,0.0,0.0,3.866724117,3.866724117,     715P   1542
3.866724117,3.866724117,3.866724117,3.866724117,1.0,1.0,1.0,1.0,     715P   1543
1.0,1.0,84.74021007,293.1619279,-126.8569942,84.7723438,             715P   1544
292.6518761,-126.733316,84.754004,292.1599542,-126.434979,           715P   1545
84.70994257,291.8048708,-125.9696126,84.68013632,291.6332331,        715P   1546
-125.4391347,84.68013632,291.6332331,-124.9133194,0.0,               715P   1547
3.866724117,0.0,0.0,0.0,0,0;                                         715P   1548
102,8,701,703,705,707,709,711,713,715,0,0;                           717P   1549
142,0,699,0,717,2,0,0;                                               719P   1550
144,699,1,0,719,0,0;                                                 721P   1551
110,75.72193843,293.6332329,-164.9133195,74.72193843,                723P   1552
293.6332329,-164.9133195,0,0;                                        723P   1553
110,84.7598771,291.6332329,-164.9133194,77.18978991,291.6332329,     725P   1554
-164.9133194,0,0;                                                    725P   1555
120,723,725,0.0,6.283185307,0,0;                                     727P   1556
110,77.5772713,291.6332329,-164.9133194,84.34160556,291.6332329,     729P   1557
-164.9133194,0,0;                                                    729P   1558
126,5,5,0,0,1,0,0.0,0.0,0.0,0.0,0.0,0.0,3.274676145,3.274676145,     731P   1559
3.274676145,3.274676145,3.274676145,3.274676145,1.0,1.0,1.0,1.0,     731P   1560
1.0,1.0,84.34160556,291.6332329,-164.9133194,84.34160556,            731P   1561
291.6332329,-164.4309326,84.38284041,291.7799805,-163.9521751,       731P   1562
84.47653222,292.0593015,-163.5597284,84.58080761,292.4143036,        731P   1563
-163.2731607,84.64858782,292.7951157,-163.0974011,0.0,               731P   1564
3.274676145,0.0,0.0,0.0,0,0;                                         731P   1565
126,14,5,0,0,1,0,0.0,0.0,0.0,0.0,0.0,0.0,0.9959978642,               733P   1566
0.9959978642,0.9959978642,3.012040391,3.012040391,3.012040391,       733P   1567
4.393733981,4.393733981,4.393733981,5.775427571,5.775427571,         733P   1568
5.775427571,5.775427571,5.775427571,5.775427571,1.0,1.0,1.0,1.0,     733P   1569
1.0,1.0,1.0,1.0,1.0,1.0,1.0,1.0,1.0,1.0,1.0,84.64858369,             733P   1570
292.7951145,-163.0974017,84.67043771,292.9178969,-163.0407327,       733P   1571
84.68887728,293.0437375,-162.9952401,84.70287129,293.1714718,        733P   1572
-162.9608484,84.73171497,293.5577174,-162.8894062,84.7219175,        733P   1573
293.945617,-162.9128079,84.70114283,294.1967449,-162.9656453,        733P   1574
84.62711847,294.6291175,-163.1379208,84.528464,295.0069966,          733P   1575
-163.4398085,84.48883467,295.1442273,-163.5809128,84.41677518,       733P   1576
295.3857973,-163.8979504,84.36720588,295.5474251,-164.2801246,       733P   1577
84.35008021,295.6048801,-164.4873402,84.34160556,295.6332329,        733P   1578
-164.7003298,84.34160556,295.6332329,-164.9133195,0.0,               733P   1579
5.775427571,0.0,0.0,0.0,0,0;                                         733P   1580
110,84.34158732,295.6332323,-164.9133159,77.57727201,                735P   1581
295.6332329,-164.9133195,0,0;                                        735P   1582
126,5,5,0,0,1,0,0.0,0.0,0.0,0.0,0.0,0.0,3.306616822,3.306616822,     737P   1583
3.306616822,3.306616822,3.306616822,3.306616822,1.0,1.0,1.0,1.0,     737P   1584
1.0,1.0,77.57727201,295.6332329,-164.9133195,77.57726708,            737P   1585
295.6332329,-164.4323489,77.53654121,295.4879109,-163.9492608,       737P   1586
77.44025831,295.2005456,-163.5533828,77.33763358,294.8497708,        737P   1587
-163.272057,77.2702879,294.4713501,-163.0974011,0.0,3.306616822,     737P   1588
0.0,0.0,0.0,0,0;                                                     737P   1589
126,14,5,0,0,1,0,0.0,0.0,0.0,0.0,0.0,0.0,1.011879297,                739P   1590
1.011879297,1.011879297,2.033783177,2.033783177,2.033783177,         739P   1591
3.961958247,3.961958247,3.961958247,5.735859871,5.735859871,         739P   1592
5.735859871,5.735859871,5.735859871,5.735859871,1.0,1.0,1.0,1.0,     739P   1593
1.0,1.0,1.0,1.0,1.0,1.0,1.0,1.0,1.0,1.0,1.0,77.2702879,              739P   1594
294.4713501,-163.0974011,77.24811821,294.3467768,-163.0399056,       739P   1595
77.22946688,294.2190448,-162.9939101,77.2154275,294.0893694,         739P   1596
-162.9593191,77.19638374,293.8284799,-162.9120775,77.19470231,       739P   1597
293.5674883,-162.9080058,77.19809966,293.4369595,-162.9164128,       739P   1598
77.22070659,293.0576879,-162.97236,77.28137082,292.6859146,          739P   1599
-163.1226868,77.33797854,292.4512111,-163.2653567,77.44932083,       739P   1600
292.0497872,-163.6181817,77.53476167,291.7744542,-164.1050157,       739P   1601
77.56332636,291.6798871,-164.3668888,77.5772713,291.6332329,         739P   1602
-164.6401039,77.5772713,291.6332329,-164.9133194,0.0,                739P   1603
5.735859871,0.0,0.0,0.0,0,0;                                         739P   1604
102,6,729,731,733,735,737,739,0,0;                                   741P   1605
142,0,727,0,741,2,0,0;                                               743P   1606
144,727,1,0,743,0,0;                                                 745P   1607
128,14,1,5,1,0,0,1,0,0,3.74324857,3.74324857,3.74324857,             747P   1608
3.74324857,3.74324857,3.74324857,3.902553943,3.902553943,            747P   1609
3.902553943,4.744378644,4.744378644,4.744378644,5.586997812,         747P   1610
5.586997812,5.586997812,6.37303798,6.37303798,6.37303798,            747P   1611
6.37303798,6.37303798,6.37303798,0.0,0.0,0.992497965,                747P   1612
0.992497965,1.0,1.0,1.0,1.0,1.0,1.0,1.0,1.0,1.0,1.0,1.0,1.0,1.0,     747P   1613
1.0,1.0,1.0,1.0,1.0,1.0,1.0,1.0,1.0,1.0,1.0,1.0,1.0,1.0,1.0,1.0,     747P   1614
1.0,77.57727201,295.6332329,-164.9133192,77.5772717,295.6332329,     747P   1615
-164.8828763,77.57709831,295.6326537,-164.852432,77.57675187,        747P   1616
295.6314951,-164.8220089,77.57348927,295.6205838,-164.6310953,       747P   1617
77.56342713,295.5869963,-164.4428249,77.55025884,295.543237,         747P   1618
-164.2897464,77.51526244,295.4283774,-163.9991552,77.46680404,       747P   1619
295.2676018,-163.7462987,77.44013192,295.1778707,-163.630801,        747P   1620
77.38665896,294.9907688,-163.4295341,77.33442856,294.7841358,        747P   1621
-163.2705493,77.31056804,294.6812795,-163.2035647,77.28904239,       747P   1622
294.5767331,-163.1460394,77.2702879,294.4713501,-163.0974011,        747P   1623
76.9724335,296.2380739,-164.9133204,76.97243289,296.2380731,         747P   1624
-164.8796853,76.97218588,296.2376951,-164.8460488,76.9716925,        747P   1625
296.23694,-164.8124134,76.96704328,296.2298189,-164.6010593,         747P   1626
76.95264746,296.2076867,-164.3899823,76.93364058,296.1782201,        747P   1627
-164.2131201,76.88168617,296.09562,-163.8616985,76.80469573,         747P   1628
295.9632743,-163.5206613,76.76059991,295.8839844,-163.3539388,       747P   1629
76.6671469,295.7046172,-163.0418805,76.56419887,295.4735745,         747P   1630
-162.755899,76.51365093,295.3496897,-162.6252326,76.4640034,         747P   1631
295.2133301,-162.5038552,76.41720514,295.0648485,-162.3940483,       747P   1632
3.74324857,6.37303798,0.0,0.992497965,0,0;                           747P   1633
126,14,5,0,0,1,0,0.0,0.0,0.0,0.0,0.0,0.0,0.7860401683,               749P   1634
0.7860401683,0.7860401683,1.628659336,1.628659336,1.628659336,       749P   1635
2.470484037,2.470484037,2.470484037,2.629789411,2.629789411,         749P   1636
2.629789411,2.629789411,2.629789411,2.629789411,1.0,1.0,1.0,1.0,     749P   1637
1.0,1.0,1.0,1.0,1.0,1.0,1.0,1.0,1.0,1.0,1.0,77.2702879,              749P   1638
294.4713501,-163.0974011,77.28904239,294.5767331,-163.1460394,       749P   1639
77.31056804,294.6812795,-163.2035647,77.33442856,294.7841358,        749P   1640
-163.2705493,77.38665896,294.9907688,-163.4295341,77.44013192,       749P   1641
295.1778707,-163.630801,77.46680404,295.2676018,-163.7462987,        749P   1642
77.51526244,295.4283774,-163.9991552,77.55025884,295.543237,         749P   1643
-164.2897464,77.56342713,295.5869963,-164.4428249,77.57348927,       749P   1644
295.6205838,-164.6310953,77.57675187,295.6314951,-164.8220089,       749P   1645
77.57709831,295.6326537,-164.852432,77.5772717,295.6332329,          749P   1646
-164.8828763,77.57727201,295.6332329,-164.9133192,0.0,               749P   1647
2.629789411,0.0,0.0,0.0,0,0;                                         749P   1648
126,1,1,0,0,1,0,0.0,0.0,0.992497965,0.992497965,1.0,1.0,             751P   1649
77.57727201,295.6332329,-164.9133192,76.9724335,296.2380739,         751P   1650
-164.9133204,0.0,0.992497965,0.0,0.0,0.0,0,0;                        751P   1651
126,14,5,0,0,1,0,3.74324857,3.74324857,3.74324857,3.74324857,        753P   1652
3.74324857,3.74324857,3.902553943,3.902553943,3.902553943,           753P   1653
4.744378644,4.744378644,4.744378644,5.586997812,5.586997812,         753P   1654
5.586997812,6.37303798,6.37303798,6.37303798,6.37303798,             753P   1655
6.37303798,6.37303798,1.0,1.0,1.0,1.0,1.0,1.0,1.0,1.0,1.0,1.0,       753P   1656
1.0,1.0,1.0,1.0,1.0,76.9724335,296.2380739,-164.9133204,             753P   1657
76.97243289,296.2380731,-164.8796853,76.97218588,296.2376951,        753P   1658
-164.8460488,76.9716925,296.23694,-164.8124134,76.96704328,          753P   1659
296.2298189,-164.6010593,76.95264746,296.2076867,-164.3899823,       753P   1660
76.93364058,296.1782201,-164.2131201,76.88168617,296.09562,          753P   1661
-163.8616985,76.80469573,295.9632743,-163.5206613,76.76059991,       753P   1662
295.8839844,-163.3539388,76.6671469,295.7046172,-163.0418805,        753P   1663
76.56419887,295.4735745,-162.755899,76.51365093,295.3496897,         753P   1664
-162.6252326,76.4640034,295.2133301,-162.5038552,76.41720514,        753P   1665
295.0648485,-162.3940483,3.74324857,6.37303798,0.0,0.0,0.0,0,0;      753P   1666
126,1,1,0,0,1,0,0.0,0.0,0.992497965,0.992497965,1.0,1.0,             755P   1667
76.41720514,295.0648485,-162.3940483,77.2702879,294.4713501,         755P   1668
-163.0974011,0.0,0.992497965,0.0,0.0,0.0,0,0;                        755P   1669
102,4,749,751,753,755,0,0;                                           757P   1670
110,3.74324857,0.0,0.0,6.37303798,0.0,0.0,0,0;                       759P   1671
110,3.74324857,0.0,0.0,3.74324857,0.992497965,0.0,0,0;               761P   1672
110,3.74324857,0.992497965,0.0,6.37303798,0.992497965,0.0,0,0;       763P   1673
110,6.37303798,0.0,0.0,6.37303798,0.992497965,0.0,0,0;               765P   1674
102,4,759,761,763,765,0,0;                                           767P   1675
142,0,747,767,757,1,0,0;                                             769P   1676
144,747,1,0,769,0,0;                                                 771P   1677
110,75.72193843,293.6332329,-164.9133195,74.72193843,                773P   1678
293.6332329,-164.9133195,0,0;                                        773P   1679
110,84.7425338,295.6332329,-164.9133195,77.1739208,295.6332329,      775P   1680
-164.9133195,0,0;                                                    775P   1681
120,773,775,0.0,6.283185307,0,0;                                     777P   1682
110,77.57727201,295.6332329,-164.9133195,84.34158732,                779P   1683
295.6332323,-164.9133159,0,0;                                        779P   1684
126,14,5,0,0,1,0,0.0,0.0,0.0,0.0,0.0,0.0,1.780061196,                781P   1685
1.780061196,1.780061196,3.209017908,3.209017908,3.209017908,         781P   1686
4.723384709,4.723384709,4.723384709,5.73302779,5.73302779,           781P   1687
5.73302779,5.73302779,5.73302779,5.73302779,1.0,1.0,1.0,1.0,1.0,     781P   1688
1.0,1.0,1.0,1.0,1.0,1.0,1.0,1.0,1.0,1.0,84.34158732,295.6332329,     781P   1689
-164.9133195,84.34157448,295.6332329,-165.1877274,84.35566066,       781P   1690
295.5861706,-165.4620732,84.383513,295.493287,-165.7192382,          781P   1691
84.457835,295.2548392,-166.1418151,84.55135239,294.9210731,          781P   1692
-166.4638917,84.59409984,294.7550171,-166.5869346,84.66987584,       781P   1693
294.3994566,-166.7874428,84.71319127,294.0211577,-166.8905171,       781P   1694
84.72377892,293.8264315,-166.9181023,84.72710795,293.5011657,        781P   1695
-166.926057,84.70345918,293.1768889,-166.8672587,84.68939042,        781P   1696
293.0472856,-166.8326807,84.67074633,292.9196198,-166.7867013,       781P   1697
84.64858896,292.7951157,-166.7292378,0.0,5.73302779,0.0,0.0,0.0,     781P   1698
0,0;                                                                 781P   1699
126,5,5,0,0,1,0,0.0,0.0,0.0,0.0,0.0,0.0,3.275795031,3.275795031,     783P   1700
3.275795031,3.275795031,3.275795031,3.275795031,1.0,1.0,1.0,1.0,     783P   1701
1.0,1.0,84.64858886,292.7951156,-166.7292378,84.58081167,            783P   1702
292.4142606,-166.5534583,84.47644936,292.0590344,-166.2666446,       783P   1703
84.38283709,291.7800522,-165.8743767,84.34160556,291.6332329,        783P   1704
-165.3958248,84.34160556,291.6332329,-164.9133194,0.0,               783P   1705
3.275795031,0.0,0.0,0.0,0,0;                                         783P   1706
110,84.34160556,291.6332329,-164.9133194,77.5772713,291.6332329,     785P   1707
-164.9133194,0,0;                                                    785P   1708
126,14,5,0,0,1,0,0.0,0.0,0.0,0.0,0.0,0.0,0.8995071662,               787P   1709
0.8995071662,0.8995071662,2.758302329,2.758302329,2.758302329,       787P   1710
4.257190304,4.257190304,4.257190304,5.775730186,5.775730186,         787P   1711
5.775730186,5.775730186,5.775730186,5.775730186,1.0,1.0,1.0,1.0,     787P   1712
1.0,1.0,1.0,1.0,1.0,1.0,1.0,1.0,1.0,1.0,1.0,77.5772713,              787P   1713
291.6332329,-164.9133194,77.5772713,291.6332329,-165.0517111,        787P   1714
77.57369342,291.6452031,-165.1901028,77.56645956,291.66918,          787P   1715
-165.3268508,77.53345757,291.7776787,-165.7349306,77.47031197,       787P   1716
291.9856227,-166.097316,77.41846535,292.1550682,-166.2999043,        787P   1717
77.31781963,292.5196127,-166.6150881,77.24123469,292.9370423,        787P   1718
-166.8045823,77.217241,293.1245066,-166.8622082,77.18836645,         787P   1719
293.510559,-166.933055,77.19835225,293.8978932,-166.9099775,         787P   1720
77.21174447,294.0908966,-166.8757312,77.23706431,294.2846641,        787P   1721
-166.8154007,77.2702879,294.4713501,-166.7292378,0.0,                787P   1722
5.775730186,0.0,0.0,0.0,0,0;                                         787P   1723
126,5,5,0,0,1,0,0.0,0.0,0.0,0.0,0.0,0.0,3.295042301,3.295042301,     789P   1724
3.295042301,3.295042301,3.295042301,3.295042301,1.0,1.0,1.0,1.0,     789P   1725
1.0,1.0,77.2702879,294.4713501,-166.7292378,77.33739178,             789P   1726
294.8484121,-166.555209,77.44109572,295.2048882,-166.2709653,        789P   1727
77.53718535,295.4892545,-165.872875,77.5772713,295.6332329,          789P   1728
-165.3925979,77.5772713,295.6332329,-164.9133195,0.0,                789P   1729
3.295042301,0.0,0.0,0.0,0,0;                                         789P   1730
102,6,779,781,783,785,787,789,0,0;                                   791P   1731
142,0,777,0,791,2,0,0;                                               793P   1732
144,777,1,0,793,0,0;                                                 795P   1733
108,0.0,-4.932937772E-009,-1.0,174.913318,0,80.95943843,             797P   1734
293.6332329,-174.9133195,1.0,0,0;                                    797P   1735
124,-0.953749772,-0.3006016839,0.0,80.95943843,0.3006016839,         799P   1736
-0.953749772,4.932937772E-009,293.6332329,-1.482846507E-009,         799P   1737
4.704788275E-009,1.0,-174.9133195,0,0;                               799P   1738
100,0.0,0.0,0.0,3.762499999,0.0,1.881249999,3.258420581,0,0;         801P   1739
124,-0.7372035806,0.6756706895,0.0,80.95943843,-0.6756706895,        803P   1740
-0.7372035806,4.932937772E-009,293.6332329,3.333041249E-009,         803P   1741
3.636579388E-009,1.0,-174.9133195,0,0;                               803P   1742
100,0.0,0.0,0.0,3.762499999,0.0,-1.881249999,3.258420581,0,0;        805P   1743
124,0.953749772,0.3006016839,0.0,80.95943843,-0.3006016839,          807P   1744
0.953749772,4.932937772E-009,293.6332329,1.482846507E-009,           807P   1745
-4.704788275E-009,1.0,-174.9133195,0,0;                              807P   1746
100,0.0,0.0,0.0,3.762499999,0.0,-3.762499999,0.0,0,0;                809P   1747
102,3,801,805,809,0,0;                                               811P   1748
142,0,797,0,811,2,0,0;                                               813P   1749
144,797,1,0,813,0,0;                                                 815P   1750
110,80.95943843,293.6332329,-178.6758195,80.95943843,                817P   1751
293.6332329,-177.6758195,0,0;                                        817P   1752
110,84.54792195,292.502219,-174.9133194,85.50167172,292.2016174,     819P   1753
-173.9133194,0,0;                                                    819P   1754
120,817,819,0.0,3.141592654,0,0;                                     821P   1755
124,-0.953749772,0.300601684,0.0,80.95943843,0.300601684,            823P   1756
0.953749772,-4.932815048E-009,293.6332329,-1.501882443E-009,         823P   1757
-4.704675497E-009,-1.0,-174.9133195,0,0;                             823P   1758
100,0.0,0.0,0.0,3.7625,0.0,-3.7625,8.398551914E-010,0,0;             825P   1759
110,84.54792195,292.502219,-174.9133194,85.50167172,292.2016174,     827P   1760
-173.9133194,0,0;                                                    827P   1761
124,0.953749772,0.3006016838,0.0,80.95943843,-0.3006016838,          829P   1762
0.953749772,4.932815048E-009,293.6332329,1.465462129E-009,           829P   1763
-4.704675497E-009,1.0,-173.9133195,0,0;                              829P   1764
100,0.0,0.0,0.0,4.7625,0.0,-4.7625,4.341639235E-010,0,0;             831P   1765
110,76.41720514,295.0648484,-173.9133195,77.37095492,                833P   1766
294.7642467,-174.9133195,0,0;                                        833P   1767
102,4,825,827,831,833,0,0;                                           835P   1768
142,0,821,0,835,2,0,0;                                               837P   1769
144,821,1,0,837,0,0;                                                 839P   1770
128,20,1,5,1,0,0,1,0,0,11.05364975,11.05364975,11.05364975,          841P   1771
11.05364975,11.05364975,11.05364975,11.73224865,11.73224865,         841P   1772
11.73224865,12.77356438,12.77356438,12.77356438,13.70490485,         841P   1773
13.70490485,13.70490485,14.86135266,14.86135266,14.86135266,         841P   1774
15.48107062,15.48107062,15.48107062,16.12105518,16.12105518,         841P   1775
16.12105518,16.12105518,16.12105518,16.12105518,0.0,0.0,             841P   1776
1.168611727,1.168611727,1.0,1.0,1.0,1.0,1.0,1.0,1.0,1.0,1.0,1.0,     841P   1777
1.0,1.0,1.0,1.0,1.0,1.0,1.0,1.0,1.0,1.0,1.0,1.0,1.0,1.0,1.0,1.0,     841P   1778
1.0,1.0,1.0,1.0,1.0,1.0,1.0,1.0,1.0,1.0,1.0,1.0,1.0,1.0,1.0,1.0,     841P   1779
84.34158732,295.6332323,-164.9133159,84.34158111,295.6332321,        841P   1780
-165.0445998,84.34480204,295.62246,-165.1758485,84.35125628,         841P   1781
295.6009279,-165.3053235,84.37550204,295.5205362,-165.624726,        841P   1782
84.41779861,295.3813509,-165.9130003,84.44889178,295.2793486,        841P   1783
-166.0712278,84.51338553,295.0612705,-166.3379715,84.57872434,       841P   1784
294.8099252,-166.541029,84.60790612,294.6863473,-166.6227472,        841P   1785
84.66546426,294.4042561,-166.775211,84.70228887,294.1174948,         841P   1786
-166.8641318,84.71487606,293.9606081,-166.8956064,84.72490829,       841P   1787
293.7216283,-166.920768,84.72072137,293.4828398,-166.9102671,        841P   1788
84.7175461,293.3993843,-166.9022839,84.70732303,293.2289042,         841P   1789
-166.8768901,84.68908247,293.0571234,-166.831761,84.67764618,        841P   1790
292.969557,-166.8034385,84.66406054,292.8820518,-166.7693622,        841P   1791
84.64858896,292.7951157,-166.7292378,84.94641019,296.2381173,        841P   1792
-164.913331,84.94639836,296.2381329,-165.0583858,84.95098506,        841P   1793
296.2311132,-165.2033975,84.96018366,296.2170418,-165.3482422,       841P   1794
84.9952124,296.1627615,-165.7147872,85.05924113,296.0585463,         841P   1795
-166.0754602,85.10811789,295.9758043,-166.2894679,85.21623758,       841P   1796
295.7793641,-166.6824617,85.34204574,295.5057884,-167.0395827,       841P   1797
85.40321336,295.3587658,-167.1981718,85.53739302,294.9887091,        841P   1798
-167.5236485,85.64784095,294.5316743,-167.7616079,85.69513795,       841P   1799
294.2536832,-167.8585263,85.73320723,293.8016016,-167.9363589,       841P   1800
85.71732118,293.3474327,-167.903879,85.70515528,293.1909773,         841P   1801
-167.8790501,85.66825984,292.8810802,-167.8028351,85.61057663,       841P   1802
292.593607,-167.6794234,85.57694548,292.454848,-167.6058878,         841P   1803
85.54027811,292.3241078,-167.5231762,85.50167172,292.2016174,        841P   1804
-167.4325906,11.05364975,16.12105518,0.0,1.168611727,0,0;            841P   1805
126,20,5,0,0,1,0,0.0,0.0,0.0,0.0,0.0,0.0,0.6399845587,               843P   1806
0.6399845587,0.6399845587,1.259702525,1.259702525,1.259702525,       843P   1807
2.416150331,2.416150331,2.416150331,3.347490802,3.347490802,         843P   1808
3.347490802,4.388806535,4.388806535,4.388806535,5.067405431,         843P   1809
5.067405431,5.067405431,5.067405431,5.067405431,5.067405431,1.0,     843P   1810
1.0,1.0,1.0,1.0,1.0,1.0,1.0,1.0,1.0,1.0,1.0,1.0,1.0,1.0,1.0,1.0,     843P   1811
1.0,1.0,1.0,1.0,84.64858896,292.7951157,-166.7292378,                843P   1812
84.66406054,292.8820518,-166.7693622,84.67764618,292.969557,         843P   1813
-166.8034385,84.68908247,293.0571234,-166.831761,84.70732303,        843P   1814
293.2289042,-166.8768901,84.7175461,293.3993843,-166.9022839,        843P   1815
84.72072137,293.4828398,-166.9102671,84.72490829,293.7216283,        843P   1816
-166.920768,84.71487606,293.9606081,-166.8956064,84.70228887,        843P   1817
294.1174948,-166.8641318,84.66546426,294.4042561,-166.775211,        843P   1818
84.60790612,294.6863473,-166.6227472,84.57872434,294.8099252,        843P   1819
-166.541029,84.51338553,295.0612705,-166.3379715,84.44889178,        843P   1820
295.2793486,-166.0712278,84.41779861,295.3813509,-165.9130003,       843P   1821
84.37550204,295.5205362,-165.624726,84.35125628,295.6009279,         843P   1822
-165.3053235,84.34480204,295.62246,-165.1758485,84.34158111,         843P   1823
295.6332321,-165.0445998,84.34158732,295.6332323,-164.9133159,       843P   1824
8.387956996E-012,5.067401796,0.0,0.0,0.0,0,0;                        843P   1825
126,1,1,0,0,1,0,0.0,0.0,1.168611727,1.168611727,1.0,1.0,             845P   1826
84.34158732,295.6332323,-164.9133159,84.94641019,296.2381173,        845P   1827
-164.913331,0.0,1.168611727,0.0,0.0,0.0,0,0;                         845P   1828
126,20,5,0,0,1,0,11.05364975,11.05364975,11.05364975,                847P   1829
11.05364975,11.05364975,11.05364975,11.73224865,11.73224865,         847P   1830
11.73224865,12.77356438,12.77356438,12.77356438,13.70490485,         847P   1831
13.70490485,13.70490485,14.86135266,14.86135266,14.86135266,         847P   1832
15.48107062,15.48107062,15.48107062,16.12105518,16.12105518,         847P   1833
16.12105518,16.12105518,16.12105518,16.12105518,1.0,1.0,1.0,1.0,     847P   1834
1.0,1.0,1.0,1.0,1.0,1.0,1.0,1.0,1.0,1.0,1.0,1.0,1.0,1.0,1.0,1.0,     847P   1835
1.0,84.94641019,296.2381173,-164.913331,84.94639836,296.2381329,     847P   1836
-165.0583858,84.95098506,296.2311132,-165.2033975,84.96018366,       847P   1837
296.2170418,-165.3482422,84.9952124,296.1627615,-165.7147872,        847P   1838
85.05924113,296.0585463,-166.0754602,85.10811789,295.9758043,        847P   1839
-166.2894679,85.21623758,295.7793641,-166.6824617,85.34204574,       847P   1840
295.5057884,-167.0395827,85.40321336,295.3587658,-167.1981718,       847P   1841
85.53739302,294.9887091,-167.5236485,85.64784095,294.5316743,        847P   1842
-167.7616079,85.69513795,294.2536832,-167.8585263,85.73320723,       847P   1843
293.8016016,-167.9363589,85.71732118,293.3474327,-167.903879,        847P   1844
85.70515528,293.1909773,-167.8790501,85.66825984,292.8810802,        847P   1845
-167.8028351,85.61057663,292.593607,-167.6794234,85.57694548,        847P   1846
292.454848,-167.6058878,85.54027811,292.3241078,-167.5231762,        847P   1847
85.50167172,292.2016174,-167.4325906,11.05364975,16.12105518,        847P   1848
0.0,0.0,0.0,0,0;                                                     847P   1849
126,1,1,0,0,1,0,0.0,0.0,1.168611727,1.168611727,1.0,1.0,             849P   1850
85.50167172,292.2016174,-167.4325906,84.64858896,292.7951157,        849P   1851
-166.7292378,0.0,1.168611727,0.0,0.0,0.0,0,0;                        849P   1852
102,4,843,845,847,849,0,0;                                           851P   1853
110,11.05365339,0.0,0.0,16.12105518,0.0,0.0,0,0;                     853P   1854
110,11.05364975,0.0,0.0,11.05364975,1.168611727,0.0,0,0;             855P   1855
110,11.05364975,1.168611727,0.0,16.12105518,1.168611727,0.0,0,0;     857P   1856
110,16.12105518,0.0,0.0,16.12105518,1.168611727,0.0,0,0;             859P   1857
102,4,853,855,857,859,0,0;                                           861P   1858
142,0,841,861,851,1,0,0;                                             863P   1859
144,841,1,0,863,0,0;                                                 865P   1860
110,75.72193843,293.633233,-144.9133195,74.72193843,293.633233,      867P   1861
-144.9133195,0,0;                                                    867P   1862
110,84.74497705,295.633233,-144.9133195,77.18984213,295.633233,      869P   1863
-144.9133195,0,0;                                                    869P   1864
120,867,869,0.0,6.283185307,0,0;                                     871P   1865
110,77.57727165,295.633233,-144.9133195,84.34160517,295.6332331,     873P   1866
-144.9133189,0,0;                                                    873P   1867
126,14,5,0,0,1,0,0.0,0.0,0.0,0.0,0.0,0.0,1.775663322,                875P   1868
1.775663322,1.775663322,3.206575385,3.206575385,3.206575385,         875P   1869
4.209009763,4.209009763,4.209009763,5.737863121,5.737863121,         875P   1870
5.737863121,5.737863121,5.737863121,5.737863121,1.0,1.0,1.0,1.0,     875P   1871
1.0,1.0,1.0,1.0,1.0,1.0,1.0,1.0,1.0,1.0,1.0,84.34160517,             875P   1872
295.633233,-144.9133195,84.34160269,295.633233,-145.1871055,         875P   1873
84.35559313,295.5863838,-145.4608161,84.38369097,295.4926471,        875P   1874
-145.7204052,84.45803402,295.254167,-146.1426056,84.55147961,        875P   1875
294.920634,-146.4643014,84.59398341,294.7555089,-146.5866617,        875P   1876
84.65666056,294.4615232,-146.752499,84.69714847,294.152074,          875P   1877
-146.8517097,84.70904851,294.0251898,-146.8810028,84.72843394,       875P   1878
293.7002258,-146.9292692,84.72089224,293.3743493,-146.9109983,       875P   1879
84.70765283,293.1794288,-146.876931,84.68214007,292.9836572,         875P   1880
-146.8162573,84.64858273,292.7951137,-146.7292368,0.0,               875P   1881
5.737863121,0.0,0.0,0.0,0,0;                                         875P   1882
126,5,5,0,0,1,0,0.0,0.0,0.0,0.0,0.0,0.0,3.275795039,3.275795039,     877P   1883
3.275795039,3.275795039,3.275795039,3.275795039,1.0,1.0,1.0,1.0,     877P   1884
1.0,1.0,84.64858886,292.7951157,-146.7292378,84.58081167,            877P   1885
292.4142607,-146.5534583,84.47644937,292.0590344,-146.2666446,       877P   1886
84.38283708,291.7800523,-145.8743767,84.34160556,291.633233,         877P   1887
-145.3958248,84.34160556,291.633233,-144.9133194,0.0,                877P   1888
3.275795039,0.0,0.0,0.0,0,0;                                         877P   1889
110,84.34160556,291.633233,-144.9133194,77.5772713,291.633233,       879P   1890
-144.9133194,0,0;                                                    879P   1891
126,11,5,0,0,1,0,0.0,0.0,0.0,0.0,0.0,0.0,1.779424164,                881P   1892
1.779424164,1.779424164,3.70784351,3.70784351,3.70784351,            881P   1893
5.741907154,5.741907154,5.741907154,5.741907154,5.741907154,         881P   1894
5.741907154,1.0,1.0,1.0,1.0,1.0,1.0,1.0,1.0,1.0,1.0,1.0,1.0,         881P   1895
77.5772713,291.633233,-144.9133194,77.5772713,291.633233,            881P   1896
-145.1872458,77.56325374,291.6801303,-145.4611718,77.5351775,        881P   1897
291.7737618,-145.7203208,77.44937999,292.0490313,-146.2076724,       881P   1898
77.33830282,292.4509798,-146.561136,77.28131237,292.6860118,         881P   1899
-146.7040442,77.1999886,293.1855042,-146.9058143,77.1869325,         881P   1900
293.6969236,-146.9373708,77.19541681,293.9581147,-146.913825,        881P   1901
77.22575223,294.2211007,-146.8447377,77.2702879,294.4713502,         881P   1902
-146.7292378,0.0,5.741907154,0.0,0.0,0.0,0,0;                        881P   1903
126,5,5,0,0,1,0,0.0,0.0,0.0,0.0,0.0,0.0,3.295020334,3.295020334,     883P   1904
3.295020334,3.295020334,3.295020334,3.295020334,1.0,1.0,1.0,1.0,     883P   1905
1.0,1.0,77.2702879,294.4713502,-146.7292378,77.33739804,             883P   1906
294.8484474,-146.5551928,77.44106733,295.204793,-146.2710138,        883P   1907
77.53718287,295.489267,-145.8729141,77.57727519,295.633233,          883P   1908
-145.3926158,77.57727165,295.633233,-144.9133195,0.0,                883P   1909
3.295020334,0.0,0.0,0.0,0,0;                                         883P   1910
102,6,873,875,877,879,881,883,0,0;                                   885P   1911
142,0,871,0,885,2,0,0;                                               887P   1912
144,871,1,0,887,0,0;                                                 889P   1913
128,20,1,5,1,0,0,1,0,0,11.05501178,11.05501178,11.05501178,          891P   1914
11.05501178,11.05501178,11.05501178,12.03566531,12.03566531,         891P   1915
12.03566531,13.04641027,13.04641027,13.04641027,13.96959045,         891P   1916
13.96959045,13.96959045,15.17781503,15.17781503,15.17781503,         891P   1917
15.75067202,15.75067202,15.75067202,16.12498554,16.12498554,         891P   1918
16.12498554,16.12498554,16.12498554,16.12498554,0.0,0.0,             891P   1919
1.182617266,1.182617266,1.0,1.0,1.0,1.0,1.0,1.0,1.0,1.0,1.0,1.0,     891P   1920
1.0,1.0,1.0,1.0,1.0,1.0,1.0,1.0,1.0,1.0,1.0,1.0,1.0,1.0,1.0,1.0,     891P   1921
1.0,1.0,1.0,1.0,1.0,1.0,1.0,1.0,1.0,1.0,1.0,1.0,1.0,1.0,1.0,1.0,     891P   1922
84.34160517,295.6332331,-144.9133189,84.34160343,295.6332332,        891P   1923
-145.1031189,84.34832648,295.6107184,-145.2928297,84.36176686,       891P   1924
295.5657287,-145.476869,84.40182631,295.4344012,-145.829632,         891P   1925
84.46134416,295.2368814,-146.1285546,84.49491644,295.1234712,        891P   1926
-146.2636382,84.56022593,294.8890514,-146.4895614,84.6194715,        891P   1927
294.6323213,-146.6548407,84.64469053,294.5068319,-146.7203319,       891P   1928
84.69294883,294.2156253,-146.8422138,84.71777363,293.9250343,        891P   1929
-146.9022873,84.72406566,293.763803,-146.9187444,84.72474445,        891P   1930
293.5250692,-146.9202403,84.71058633,293.2842968,-146.8849862,       891P   1931
84.70442914,293.206548,-146.8697251,84.6914119,293.0774822,          891P   1932
-146.8376141,84.6737467,292.9481272,-146.7934885,84.66603863,        891P   1933
292.8970046,-146.7741012,84.65763289,292.8459645,-146.7527005,       891P   1934
84.64858258,292.7951156,-146.7292303,84.94644383,296.2380735,        891P   1935
-144.9133212,84.94643978,296.2380795,-145.1230306,84.95600635,       891P   1936
296.2234365,-145.3326783,84.97513205,296.1941662,-145.5415808,       891P   1937
85.03400102,296.1017314,-145.96362,85.12887799,295.9380852,          891P   1938
-146.3709793,85.18512232,295.8355026,-146.5717116,85.30316814,       891P   1939
295.6006501,-146.9392728,85.42899205,295.2900655,-147.2631217,       891P   1940
85.4883911,295.1239819,-147.4054293,85.61602535,294.6997181,         891P   1941
-147.6960264,85.70310393,294.1922787,-147.8758716,85.73112615,       891P   1942
293.8839558,-147.9315987,85.73123589,293.4209588,-147.9329331,       891P   1943
85.68039927,292.9821604,-147.8277077,85.65921702,292.845102,         891P   1944
-147.783416,85.61755062,292.627053,-147.6946639,85.56719525,         891P   1945
292.4249438,-147.5831791,85.54617072,292.3477249,-147.5358622,       891P   1946
85.5242563,292.273263,-147.4855774,85.50167603,292.201618,           891P   1947
-147.4325942,11.05501178,16.12498554,0.0,1.182617266,0,0;            891P   1948
126,20,5,0,0,1,0,0.0,0.0,0.0,0.0,0.0,0.0,0.3743135228,               893P   1949
0.3743135228,0.3743135228,0.9471705129,0.9471705129,                 893P   1950
0.9471705129,2.155395088,2.155395088,2.155395088,3.078575272,        893P   1951
3.078575272,3.078575272,4.089320226,4.089320226,4.089320226,         893P   1952
5.069973762,5.069973762,5.069973762,5.069973762,5.069973762,         893P   1953
5.069973762,1.0,1.0,1.0,1.0,1.0,1.0,1.0,1.0,1.0,1.0,1.0,1.0,1.0,     893P   1954
1.0,1.0,1.0,1.0,1.0,1.0,1.0,1.0,84.64858258,292.7951156,             893P   1955
-146.7292303,84.65763289,292.8459645,-146.7527005,84.66603863,       893P   1956
292.8970046,-146.7741012,84.6737467,292.9481272,-146.7934885,        893P   1957
84.6914119,293.0774822,-146.8376141,84.70442914,293.206548,          893P   1958
-146.8697251,84.71058633,293.2842968,-146.8849862,84.72474445,       893P   1959
293.5250692,-146.9202403,84.72406566,293.763803,-146.9187444,        893P   1960
84.71777363,293.9250343,-146.9022873,84.69294883,294.2156253,        893P   1961
-146.8422138,84.64469053,294.5068319,-146.7203319,84.6194715,        893P   1962
294.6323213,-146.6548407,84.56022593,294.8890514,-146.4895614,       893P   1963
84.49491644,295.1234712,-146.2636382,84.46134416,295.2368814,        893P   1964
-146.1285546,84.40182631,295.4344012,-145.829632,84.36176686,        893P   1965
295.5657287,-145.476869,84.34832648,295.6107184,-145.2928297,        893P   1966
84.34160343,295.6332332,-145.1031189,84.34160517,295.6332331,        893P   1967
-144.9133189,1.284767599E-006,5.069973762,0.0,0.0,0.0,0,0;           893P   1968
126,1,1,0,0,1,0,0.0,0.0,1.182617266,1.182617266,1.0,1.0,             895P   1969
84.34160517,295.6332331,-144.9133189,84.94644383,296.2380735,        895P   1970
-144.9133212,0.0,1.182617266,0.0,0.0,0.0,0,0;                        895P   1971
126,20,5,0,0,1,0,11.05501178,11.05501178,11.05501178,                897P   1972
11.05501178,11.05501178,11.05501178,12.03566531,12.03566531,         897P   1973
12.03566531,13.04641027,13.04641027,13.04641027,13.96959045,         897P   1974
13.96959045,13.96959045,15.17781503,15.17781503,15.17781503,         897P   1975
15.75067202,15.75067202,15.75067202,16.12498554,16.12498554,         897P   1976
16.12498554,16.12498554,16.12498554,16.12498554,1.0,1.0,1.0,1.0,     897P   1977
1.0,1.0,1.0,1.0,1.0,1.0,1.0,1.0,1.0,1.0,1.0,1.0,1.0,1.0,1.0,1.0,     897P   1978
1.0,84.94644383,296.2380735,-144.9133212,84.94643978,                897P   1979
296.2380795,-145.1230306,84.95600635,296.2234365,-145.3326783,       897P   1980
84.97513205,296.1941662,-145.5415808,85.03400102,296.1017314,        897P   1981
-145.96362,85.12887799,295.9380852,-146.3709793,85.18512232,         897P   1982
295.8355026,-146.5717116,85.30316814,295.6006501,-146.9392728,       897P   1983
85.42899205,295.2900655,-147.2631217,85.4883911,295.1239819,         897P   1984
-147.4054293,85.61602535,294.6997181,-147.6960264,85.70310393,       897P   1985
294.1922787,-147.8758716,85.73112615,293.8839558,-147.9315987,       897P   1986
85.73123589,293.4209588,-147.9329331,85.68039927,292.9821604,        897P   1987
-147.8277077,85.65921702,292.845102,-147.783416,85.61755062,         897P   1988
292.627053,-147.6946639,85.56719525,292.4249438,-147.5831791,        897P   1989
85.54617072,292.3477249,-147.5358622,85.5242563,292.273263,          897P   1990
-147.4855774,85.50167603,292.201618,-147.4325942,11.05501178,        897P   1991
16.12498554,0.0,0.0,0.0,0,0;                                         897P   1992
126,1,1,0,0,1,0,0.0,0.0,1.182609351,1.182609351,1.0,1.0,             899P   1993
85.50167603,292.201618,-147.4325942,84.64858829,292.7951116,         899P   1994
-146.729235,1.039608399E-010,1.182609351,0.0,0.0,0.0,0,0;            899P   1995
102,4,893,895,897,899,0,0;                                           901P   1996
110,11.05501178,0.0,0.0,16.12498426,0.0,0.0,0,0;                     903P   1997
110,11.05501178,0.0,0.0,11.05501178,1.182617266,0.0,0,0;             905P   1998
110,11.05501178,1.182617266,0.0,16.12498554,1.182617266,0.0,0,0;     907P   1999
110,16.12498554,7.915793977E-006,0.0,16.12498554,1.182617266,        909P   2000
0.0,0,0;                                                             909P   2001
102,4,903,905,907,909,0,0;                                           911P   2002
142,0,891,911,901,1,0,0;                                             913P   2003
144,891,1,0,913,0,0;                                                 915P   2004
110,75.72193843,293.633233,-144.9133195,74.72193843,293.633233,      917P   2005
-144.9133195,0,0;                                                    917P   2006
110,84.7598771,291.633233,-144.9133194,77.1739208,291.633233,        919P   2007
-144.9133194,0,0;                                                    919P   2008
120,917,919,0.0,6.283185307,0,0;                                     921P   2009
110,77.5772713,291.633233,-144.9133194,84.34160556,291.633233,       923P   2010
-144.9133194,0,0;                                                    923P   2011
126,5,5,0,0,1,0,0.0,0.0,0.0,0.0,0.0,0.0,3.277098868,3.277098868,     925P   2012
3.277098868,3.277098868,3.277098868,3.277098868,1.0,1.0,1.0,1.0,     925P   2013
1.0,1.0,84.34160556,291.633233,-144.9133194,84.34160556,             925P   2014
291.633233,-144.4306847,84.3828309,291.7802082,-143.9523312,         925P   2015
84.47633769,292.0585825,-143.5604312,84.58079468,292.4141744,        925P   2016
-143.2732204,84.64858896,292.7951159,-143.0974011,0.0,               925P   2017
3.277098868,0.0,0.0,0.0,0,0;                                         925P   2018
126,14,5,0,0,1,0,0.0,0.0,0.0,0.0,0.0,0.0,0.9959978024,               927P   2019
0.9959978024,0.9959978024,3.012040327,3.012040327,3.012040327,       927P   2020
4.393733944,4.393733944,4.393733944,5.775427561,5.775427561,         927P   2021
5.775427561,5.775427561,5.775427561,5.775427561,1.0,1.0,1.0,1.0,     927P   2022
1.0,1.0,1.0,1.0,1.0,1.0,1.0,1.0,1.0,1.0,1.0,84.64858369,             927P   2023
292.7951146,-143.0974017,84.6704377,292.917897,-143.0407327,         927P   2024
84.68887727,293.0437376,-142.9952401,84.70287129,293.1714718,        927P   2025
-142.9608484,84.73171497,293.5577175,-142.8894062,84.7219175,        927P   2026
293.9456171,-142.9128079,84.70114284,294.196745,-142.9656453,        927P   2027
84.62711848,294.6291175,-143.1379208,84.52846401,295.0069966,        927P   2028
-143.4398084,84.48883467,295.1442274,-143.5809127,84.41677518,       927P   2029
295.3857974,-143.8979504,84.36720588,295.5474252,-144.2801246,       927P   2030
84.35008022,295.6048802,-144.4873402,84.34160556,295.633233,         927P   2031
-144.7003298,84.34160556,295.633233,-144.9133195,0.0,                927P   2032
5.775427561,0.0,0.0,0.0,0,0;                                         927P   2033
110,84.34160517,295.6332331,-144.9133189,77.57727165,295.633233,     929P   2034
-144.9133195,0,0;                                                    929P   2035
126,5,5,0,0,1,0,0.0,0.0,0.0,0.0,0.0,0.0,3.306670542,3.306670542,     931P   2036
3.306670542,3.306670542,3.306670542,3.306670542,1.0,1.0,1.0,1.0,     931P   2037
1.0,1.0,77.5772713,295.633233,-144.9133195,77.5772713,               931P   2038
295.633233,-144.4323257,77.53652251,295.4878652,-143.9493658,        931P   2039
77.44032754,295.2007691,-143.5535359,77.33763281,294.8497666,        931P   2040
-143.272055,77.2702879,294.4713502,-143.0974011,0.0,3.306670542,     931P   2041
0.0,0.0,0.0,0,0;                                                     931P   2042
126,14,5,0,0,1,0,0.0,0.0,0.0,0.0,0.0,0.0,1.518539879,                933P   2043
1.518539879,1.518539879,3.01742785,3.01742785,3.01742785,            933P   2044
4.876223016,4.876223016,4.876223016,5.775730171,5.775730171,         933P   2045
5.775730171,5.775730171,5.775730171,5.775730171,1.0,1.0,1.0,1.0,     933P   2046
1.0,1.0,1.0,1.0,1.0,1.0,1.0,1.0,1.0,1.0,1.0,77.2702879,              933P   2047
294.4713502,-143.0974011,77.23706431,294.2846642,-143.0112382,       933P   2048
77.21174447,294.0908967,-142.9509077,77.19835225,293.8978933,        933P   2049
-142.9166614,77.18836645,293.5105591,-142.8935839,77.217241,         933P   2050
293.1245067,-142.9644307,77.24123469,292.9370425,-143.0220566,       933P   2051
77.31781963,292.5196128,-143.2115508,77.41846535,292.1550683,        933P   2052
-143.5267346,77.47031197,291.9856228,-143.7293229,77.53345757,       933P   2053
291.7776788,-144.0917083,77.56645956,291.6691801,-144.4997881,       933P   2054
77.57369342,291.6452032,-144.6365361,77.5772713,291.633233,          933P   2055
-144.7749278,77.5772713,291.633233,-144.9133194,0.0,5.775730171,     933P   2056
0.0,0.0,0.0,0,0;                                                     933P   2057
102,6,923,925,927,929,931,933,0,0;                                   935P   2058
142,0,921,0,935,2,0,0;                                               937P   2059
144,921,1,0,937,0,0;                                                 939P   2060
128,11,1,5,1,0,0,1,0,0,16.05997182,16.05997182,16.05997182,          941P   2061
16.05997182,16.05997182,16.05997182,16.45859743,16.45859743,         941P   2062
16.45859743,17.0972195,17.0972195,17.0972195,17.41161004,            941P   2063
17.41161004,17.41161004,17.41161004,17.41161004,17.41161004,0.0,     941P   2064
0.0,1.387489829,1.387489829,1.0,1.0,1.0,1.0,1.0,1.0,1.0,1.0,1.0,     941P   2065
1.0,1.0,1.0,1.0,1.0,1.0,1.0,1.0,1.0,1.0,1.0,1.0,1.0,1.0,1.0,         941P   2066
85.64441102,294.4892248,-122.0344362,85.66203458,294.3927161,        941P   2067
-122.0060938,85.67747135,294.2941119,-121.9817399,85.69049521,       941P   2068
294.1937152,-121.9614886,85.71761764,293.9288092,-121.919707,        941P   2069
85.72629557,293.6576759,-121.9067575,85.72418738,293.4901585,        941P   2070
-121.909912,85.71005006,293.2422566,-121.9311774,85.68083485,        941P   2071
293.001257,-121.9765619,85.66962721,292.9227147,-121.9941252,        941P   2072
85.65694661,292.8453138,-122.0142346,85.64290644,292.7692086,        941P   2073
-122.0368332,84.73987303,294.0999394,-122.9685157,84.73635687,       941P   2074
294.0437507,-122.9550388,84.73296448,293.9878347,-122.9437737,       941P   2075
84.72988982,293.9322338,-122.9346119,84.72319824,293.7883297,        941P   2076
-122.9159786,84.72075572,293.6458897,-122.9104989,84.72134469,       941P   2077
293.5584012,-122.9118399,84.72519849,293.4271953,-122.920962,        941P   2078
84.73213664,293.2944629,-122.9414694,84.73469062,293.2504808,        941P   2079
-122.9495118,84.73741463,293.2062957,-122.958885,84.7402099,         941P   2080
293.1619269,-122.9696436,16.05997182,17.41161004,0.0,                941P   2081
1.387489829,0,0;                                                     941P   2082
126,11,5,0,0,1,0,16.06000746,16.06000746,16.06000746,                943P   2083
16.06000746,16.06000746,16.06000746,16.45859743,16.45859743,         943P   2084
16.45859743,17.0972195,17.0972195,17.0972195,17.41161004,            943P   2085
17.41161004,17.41161004,17.41161004,17.41161004,17.41161004,1.0,     943P   2086
1.0,1.0,1.0,1.0,1.0,1.0,1.0,1.0,1.0,1.0,1.0,84.73987146,             943P   2087
294.0999143,-122.9685096,84.73635565,294.0437307,-122.9550347,       943P   2088
84.73296365,293.9878198,-122.9437713,84.72988936,293.9322239,        943P   2089
-122.9346107,84.72319815,293.7883248,-122.9159784,84.72075572,       943P   2090
293.6458897,-122.9104989,84.72134469,293.5584012,-122.9118399,       943P   2091
84.72519849,293.4271953,-122.920962,84.73213664,293.2944629,         943P   2092
-122.9414694,84.73469062,293.2504808,-122.9495118,84.73741463,       943P   2093
293.2062957,-122.958885,84.7402099,293.1619269,-122.9696436,         943P   2094
16.06000746,17.41160913,0.0,0.0,0.0,0,0;                             943P   2095
126,1,1,0,0,1,0,0.0,0.0,1.387489829,1.387489829,1.0,1.0,             945P   2096
84.7402099,293.1619269,-122.9696436,85.64290644,292.7692086,         945P   2097
-122.0368332,0.0,1.387489829,0.0,0.0,0.0,0,0;                        945P   2098
126,11,5,0,0,1,0,0.0,0.0,0.0,0.0,0.0,0.0,0.314390539,                947P   2099
0.314390539,0.314390539,0.9530126124,0.9530126124,0.9530126124,      947P   2100
1.351638222,1.351638222,1.351638222,1.351638222,1.351638222,         947P   2101
1.351638222,1.0,1.0,1.0,1.0,1.0,1.0,1.0,1.0,1.0,1.0,1.0,1.0,         947P   2102
85.64290644,292.7692086,-122.0368332,85.65694661,292.8453138,        947P   2103
-122.0142346,85.66962721,292.9227147,-121.9941252,85.68083485,       947P   2104
293.001257,-121.9765619,85.71005006,293.2422566,-121.9311774,        947P   2105
85.72418738,293.4901585,-121.909912,85.72629557,293.6576759,         947P   2106
-121.9067575,85.71761764,293.9288092,-121.919707,85.69049521,        947P   2107
294.1937152,-121.9614886,85.67747135,294.2941119,-121.9817399,       947P   2108
85.66203458,294.3927161,-122.0060938,85.64441102,294.4892248,        947P   2109
-122.0344362,0.0,1.351638222,0.0,0.0,0.0,0,0;                        947P   2110
126,1,1,0,0,1,0,1.854561807E-005,1.854561807E-005,1.387489829,       949P   2111
1.387489829,1.0,1.0,85.64439893,294.4892196,-122.0344487,            949P   2112
84.73987303,294.0999394,-122.9685157,1.854561807E-005,               949P   2113
1.387489829,0.0,0.0,0.0,0,0;                                         949P   2114
102,4,943,945,947,949,0,0;                                           951P   2115
110,16.06000746,1.387489829,0.0,17.41160913,1.387489829,0.0,0,0;     953P   2116
110,17.41161004,0.0,0.0,17.41161004,1.387489829,0.0,0,0;             955P   2117
110,16.05997182,0.0,0.0,17.41161004,0.0,0.0,0,0;                     957P   2118
110,16.05997182,1.854561807E-005,0.0,16.05997182,1.387489829,        959P   2119
0.0,0,0;                                                             959P   2120
102,4,953,955,957,959,0,0;                                           961P   2121
142,0,941,961,951,1,0,0;                                             963P   2122
144,941,1,0,963,0,0;                                                 965P   2123
128,11,1,5,1,0,0,1,0,0,0.0,0.0,0.0,0.0,0.0,0.0,0.979837732,          967P   2124
0.979837732,0.979837732,1.914459574,1.914459574,1.914459574,         967P   2125
2.63122812,2.63122812,2.63122812,2.63122812,2.63122812,              967P   2126
2.63122812,0.0,0.0,1.006846572,1.006846572,1.0,1.0,1.0,1.0,1.0,      967P   2127
1.0,1.0,1.0,1.0,1.0,1.0,1.0,1.0,1.0,1.0,1.0,1.0,1.0,1.0,1.0,1.0,     967P   2128
1.0,1.0,1.0,77.2702879,294.4713502,-146.7292378,77.29365351,         967P   2129
294.6026434,-146.6686409,77.32132054,294.7326383,-146.5942497,       967P   2130
77.35247005,294.859743,-146.5049056,77.41582884,295.0964541,         967P   2131
-146.3003222,77.47614522,295.299377,-146.0375789,77.5029854,         967P   2132
295.3876281,-145.8958332,77.54285823,295.5188661,-145.6232796,       967P   2133
77.56677604,295.5980995,-145.3218882,77.5737741,295.6215189,         967P   2134
-145.1870994,77.57727266,295.633233,-145.0502227,77.57727165,        967P   2135
295.633233,-144.9133193,76.41720514,295.0648485,-147.4325906,        967P   2136
76.47550958,295.249837,-147.2957858,76.53823649,295.4160095,         967P   2137
-147.1410222,76.60165237,295.5627892,-146.9726243,76.72037893,       967P   2138
295.8121904,-146.6239397,76.82025395,295.9915142,-146.2450689,       967P   2139
76.86238483,296.0627757,-146.0552083,76.92289009,296.1615271,        967P   2140
-145.7138228,76.95749135,296.2152019,-145.3667938,76.96745467,       967P   2141
296.2304522,-145.2158135,76.97243482,296.2380758,-145.064579,        967P   2142
76.97243282,296.2380731,-144.9133201,0.0,2.63122812,0.0,             967P   2143
1.006846572,0,0;                                                     967P   2144
126,11,5,0,0,1,0,0.0,0.0,0.0,0.0,0.0,0.0,0.979837732,                969P   2145
0.979837732,0.979837732,1.914459574,1.914459574,1.914459574,         969P   2146
2.63122812,2.63122812,2.63122812,2.63122812,2.63122812,              969P   2147
2.63122812,1.0,1.0,1.0,1.0,1.0,1.0,1.0,1.0,1.0,1.0,1.0,1.0,          969P   2148
76.41720514,295.0648485,-147.4325906,76.47550958,295.249837,         969P   2149
-147.2957858,76.53823649,295.4160095,-147.1410222,76.60165237,       969P   2150
295.5627892,-146.9726243,76.72037893,295.8121904,-146.6239397,       969P   2151
76.82025395,295.9915142,-146.2450689,76.86238483,296.0627757,        969P   2152
-146.0552083,76.92289009,296.1615271,-145.7138228,76.95749135,       969P   2153
296.2152019,-145.3667938,76.96745467,296.2304522,-145.2158135,       969P   2154
76.97243482,296.2380758,-145.064579,76.97243282,296.2380731,         969P   2155
-144.9133201,0.0,2.63122812,0.0,0.0,0.0,0,0;                         969P   2156
126,1,1,0,0,1,0,0.0,0.0,1.006846572,1.006846572,1.0,1.0,             971P   2157
76.97243282,296.2380731,-144.9133201,77.57727165,295.633233,         971P   2158
-144.9133193,0.0,1.006846572,0.0,0.0,0.0,0,0;                        971P   2159
126,11,5,0,0,1,0,0.0,0.0,0.0,0.0,0.0,0.0,0.7167685456,               973P   2160
0.7167685456,0.7167685456,1.651390388,1.651390388,1.651390388,       973P   2161
2.63122812,2.63122812,2.63122812,2.63122812,2.63122812,              973P   2162
2.63122812,1.0,1.0,1.0,1.0,1.0,1.0,1.0,1.0,1.0,1.0,1.0,1.0,          973P   2163
77.57727165,295.633233,-144.9133193,77.57727266,295.633233,          973P   2164
-145.0502227,77.5737741,295.6215189,-145.1870994,77.56677604,        973P   2165
295.5980995,-145.3218882,77.54285823,295.5188661,-145.6232796,       973P   2166
77.5029854,295.3876281,-145.8958332,77.47614522,295.299377,          973P   2167
-146.0375789,77.41582884,295.0964541,-146.3003222,77.35247005,       973P   2168
294.859743,-146.5049056,77.32132054,294.7326383,-146.5942497,        973P   2169
77.29365351,294.6026434,-146.6686409,77.2702879,294.4713502,         973P   2170
-146.7292378,2.073288945E-007,2.63122812,0.0,0.0,0.0,0,0;            973P   2171
126,1,1,0,0,1,0,0.0,0.0,1.006846572,1.006846572,1.0,1.0,             975P   2172
77.2702879,294.4713502,-146.7292378,76.41720514,295.0648485,         975P   2173
-147.4325906,0.0,1.006846572,0.0,0.0,0.0,0,0;                        975P   2174
102,4,969,971,973,975,0,0;                                           977P   2175
110,0.0,1.006846572,0.0,2.63122812,1.006846572,0.0,0,0;              979P   2176
110,2.63122812,0.0,0.0,2.63122812,1.006846572,0.0,0,0;               981P   2177
110,0.0,0.0,0.0,2.631227913,0.0,0.0,0,0;                             983P   2178
110,0.0,0.0,0.0,0.0,1.006846572,0.0,0,0;                             985P   2179
102,4,979,981,983,985,0,0;                                           987P   2180
142,0,967,987,977,1,0,0;                                             989P   2181
144,967,1,0,989,0,0;                                                 991P   2182
128,11,1,5,1,0,0,1,0,0,3.744380579,3.744380579,3.744380579,          993P   2183
3.744380579,3.744380579,3.744380579,4.540166749,4.540166749,         993P   2184
4.540166749,5.376898641,5.376898641,5.376898641,6.375486471,         993P   2185
6.375486471,6.375486471,6.375486471,6.375486471,6.375486471,0.0,     993P   2186
0.0,1.008194317,1.008194317,1.0,1.0,1.0,1.0,1.0,1.0,1.0,1.0,1.0,     993P   2187
1.0,1.0,1.0,1.0,1.0,1.0,1.0,1.0,1.0,1.0,1.0,1.0,1.0,1.0,1.0,         993P   2188
77.5772713,295.633233,-144.9133195,77.5772713,295.633233,            993P   2189
-144.7613137,77.57295487,295.6187919,-144.609308,77.5643315,         993P   2190
295.5899102,-144.4602019,77.5381489,295.5034048,-144.1654643,        993P   2191
77.49706987,295.3681093,-143.9011932,77.47279357,295.287954,         993P   2192
-143.7758597,77.41513902,295.0933372,-143.5246767,77.35426351,       993P   2193
294.8670363,-143.3268797,77.32238011,294.7376091,-143.2352391,       993P   2194
77.29410029,294.6051539,-143.1591567,77.2702879,294.4713502,         993P   2195
-143.0974011,76.97243214,296.2380722,-144.9133195,76.97243214,       993P   2196
296.2380722,-144.7453775,76.96628576,296.2286645,-144.5774356,       993P   2197
76.9540131,296.2098777,-144.4098471,76.91598823,296.1507114,         993P   2198
-144.0671721,76.85300754,296.046741,-143.7310787,76.81456292,        993P   2199
295.9810138,-143.5616973,76.71883015,295.8082466,-143.1990729,       993P   2200
76.60529441,295.5711979,-142.8636983,76.54063706,295.4223578,        993P   2201
-142.6915428,76.47662443,295.2533742,-142.533469,76.41720514,        993P   2202
295.0648486,-142.3940483,3.744380579,6.375486471,0.0,                993P   2203
1.008194317,0,0;                                                     993P   2204
126,11,5,0,0,1,0,3.744380579,3.744380579,3.744380579,                995P   2205
3.744380579,3.744380579,3.744380579,4.540166749,4.540166749,         995P   2206
4.540166749,5.376898641,5.376898641,5.376898641,6.375486471,         995P   2207
6.375486471,6.375486471,6.375486471,6.375486471,6.375486471,1.0,     995P   2208
1.0,1.0,1.0,1.0,1.0,1.0,1.0,1.0,1.0,1.0,1.0,76.97243214,             995P   2209
296.2380722,-144.9133195,76.97243214,296.2380722,-144.7453775,       995P   2210
76.96628576,296.2286645,-144.5774356,76.9540131,296.2098777,         995P   2211
-144.4098471,76.91598823,296.1507114,-144.0671721,76.85300754,       995P   2212
296.046741,-143.7310787,76.81456292,295.9810138,-143.5616973,        995P   2213
76.71883015,295.8082466,-143.1990729,76.60529441,295.5711979,        995P   2214
-142.8636983,76.54063706,295.4223578,-142.6915428,76.47662443,       995P   2215
295.2533742,-142.533469,76.41720514,295.0648486,-142.3940483,        995P   2216
3.744380579,6.375486471,0.0,0.0,0.0,0,0;                             995P   2217
126,1,1,0,0,1,0,0.0,0.0,1.008194317,1.008194317,1.0,1.0,             997P   2218
76.41720514,295.0648486,-142.3940483,77.2702879,294.4713502,         997P   2219
-143.0974011,0.0,1.008194317,0.0,0.0,0.0,0,0;                        997P   2220
126,11,5,0,0,1,0,0.0,0.0,0.0,0.0,0.0,0.0,0.9985878292,               999P   2221
0.9985878292,0.9985878292,1.835319722,1.835319722,1.835319722,       999P   2222
2.631105891,2.631105891,2.631105891,2.631105891,2.631105891,         999P   2223
2.631105891,1.0,1.0,1.0,1.0,1.0,1.0,1.0,1.0,1.0,1.0,1.0,1.0,         999P   2224
77.2702879,294.4713502,-143.0974011,77.29410029,294.6051539,         999P   2225
-143.1591567,77.32238011,294.7376091,-143.2352391,77.35426351,       999P   2226
294.8670363,-143.3268797,77.41513902,295.0933372,-143.5246767,       999P   2227
77.47279357,295.287954,-143.7758597,77.49706987,295.3681093,         999P   2228
-143.9011932,77.5381489,295.5034048,-144.1654643,77.5643315,         999P   2229
295.5899102,-144.4602019,77.57295487,295.6187919,-144.609308,        999P   2230
77.5772713,295.633233,-144.7613137,77.5772713,295.633233,            999P   2231
-144.9133195,0.0,2.631105891,0.0,0.0,0.0,0,0;                        999P   2232
126,1,1,0,0,1,0,0.0,0.0,1.008194317,1.008194317,1.0,1.0,            1001P   2233
77.5772713,295.633233,-144.9133195,76.97243214,296.2380722,         1001P   2234
-144.9133195,0.0,1.008194317,0.0,0.0,0.0,0,0;                       1001P   2235
102,4,995,997,999,1001,0,0;                                         1003P   2236
110,3.744380579,1.008194317,0.0,6.375486471,1.008194317,0.0,0,0;    1005P   2237
110,6.375486471,0.0,0.0,6.375486471,1.008194317,0.0,0,0;            1007P   2238
110,3.744380579,0.0,0.0,6.375486471,0.0,0.0,0,0;                    1009P   2239
110,3.744380579,0.0,0.0,3.744380579,1.008194317,0.0,0,0;            1011P   2240
102,4,1005,1007,1009,1011,0,0;                                      1013P   2241
142,0,993,1013,1003,1,0,0;                                          1015P   2242
144,993,1,0,1015,0,0;                                               1017P   2243
314,50.19607843,0.0,100.0,5HColor,0,0;                              1019P   2244
110,80.95943843,297.3957329,-169.9133194,80.95943843,               1021P   2245
296.3957329,-169.9133194,0,0;                                       1021P   2246
110,79.45943843,298.3962696,-169.9133194,79.45943843,               1023P   2247
297.3957329,-169.9133194,0,0;                                       1023P   2248
120,1021,1023,0.0,6.283185307,0,0;                                  1025P   2249
110,79.45943843,297.3957329,-169.9133194,79.45943843,               1027P   2250
298.1533442,-169.9133194,0,0;                                       1027P   2251
126,11,5,0,0,1,0,0.0,0.0,0.0,0.0,0.0,0.0,2.125814438,               1029P   2252
2.125814438,2.125814438,4.68737701,4.68737701,4.68737701,           1029P   2253
6.822698848,6.822698848,6.822698848,6.822698848,6.822698848,        1029P   2254
6.822698848,1.0,1.0,1.0,1.0,1.0,1.0,1.0,1.0,1.0,1.0,1.0,1.0,        1029P   2255
79.45943843,298.1533442,-169.9133194,79.45943843,298.1533442,       1029P   2256
-170.2095458,79.53256352,298.1776108,-170.5057711,79.67824668,      1029P   2257
298.2259383,-170.7742246,80.12509732,298.3417743,-171.2637547,      1029P   2258
80.77077045,298.413427,-171.4673285,81.14120033,298.413738,         1029P   2259
-171.4681719,81.7891689,298.342793,-171.2670067,82.23868494,        1029P   2260
298.2265872,-170.7778298,82.3856578,298.1778283,-170.5084207,       1029P   2261
82.45943843,298.1533442,-170.2108707,82.45943843,298.1533442,       1029P   2262
-169.9133194,0.0,6.822698848,0.0,0.0,0.0,0,0;                       1029P   2263
110,82.45943843,298.1533442,-169.9133194,82.45943843,               1031P   2264
297.3957329,-169.9133194,0,0;                                       1031P   2265
124,1.0,0.0,0.0,80.95943843,0.0,-4.932938585E-009,1.0,              1033P   2266
297.3957329,0.0,-1.0,-4.932938585E-009,-169.9133194,0,0;            1033P   2267
100,0.0,0.0,0.0,1.5,0.0,-1.5,0.0,0,0;                               1035P   2268
102,4,1027,1029,1031,1035,0,0;                                      1037P   2269
142,0,1025,0,1037,2,0,0;                                            1039P   2270
144,1025,1,0,1039,0,0;                                              1041P   2271
108,-1.0,0.0,0.0,-82.45943843,0,82.45943843,298.3957332,            1043P   2272
-119.9133194,1.0,0,0;                                               1043P   2273
110,82.45943843,297.3957332,-119.9133194,82.45943843,               1045P   2274
297.3957329,-169.9133194,0,0;                                       1045P   2275
110,82.45943843,297.3957329,-169.9133194,82.45943843,               1047P   2276
298.1533442,-169.9133194,0,0;                                       1047P   2277
110,82.45943843,298.1533442,-169.9133194,82.45943843,               1049P   2278
298.1533445,-119.9133194,0,0;                                       1049P   2279
110,82.45943843,298.1533445,-119.9133194,82.45943843,               1051P   2280
297.3957332,-119.9133194,0,0;                                       1051P   2281
102,4,1045,1047,1049,1051,0,0;                                      1053P   2282
142,0,1043,0,1053,2,0,0;                                            1055P   2283
144,1043,1,0,1055,0,0;                                              1057P   2284
110,80.95943843,297.3957332,-119.9133194,80.95943843,               1059P   2285
296.3957332,-119.9133194,0,0;                                       1059P   2286
110,82.45943843,298.3962698,-119.9133194,82.45943843,               1061P   2287
297.3957332,-119.9133194,0,0;                                       1061P   2288
120,1059,1061,0.0,6.283185307,0,0;                                  1063P   2289
110,82.45943843,297.3957332,-119.9133194,82.45943843,               1065P   2290
298.1533445,-119.9133194,0,0;                                       1065P   2291
126,11,5,0,0,1,0,0.0,0.0,0.0,0.0,0.0,0.0,2.125814438,               1067P   2292
2.125814438,2.125814438,4.687376994,4.687376994,4.687376994,        1067P   2293
6.822698833,6.822698833,6.822698833,6.822698833,6.822698833,        1067P   2294
6.822698833,1.0,1.0,1.0,1.0,1.0,1.0,1.0,1.0,1.0,1.0,1.0,1.0,        1067P   2295
82.45943843,298.1533445,-119.9133194,82.45943843,298.1533445,       1067P   2296
-119.6170929,82.38631334,298.177611,-119.3208677,82.24063018,       1067P   2297
298.2259385,-119.0524141,81.79377954,298.3417746,-118.5628841,      1067P   2298
81.14810642,298.4134273,-118.3593102,80.77767653,298.4137383,       1067P   2299
-118.3584668,80.12970797,298.3427933,-118.5596321,79.68019192,      1067P   2300
298.2265874,-119.0488089,79.53321907,298.1778286,-119.318218,       1067P   2301
79.45943843,298.1533445,-119.6157681,79.45943843,298.1533445,       1067P   2302
-119.9133194,0.0,6.822698833,0.0,0.0,0.0,0,0;                       1067P   2303
110,79.45943843,298.1533445,-119.9133194,79.45943843,               1069P   2304
297.3957332,-119.9133194,0,0;                                       1069P   2305
124,-1.0,0.0,0.0,80.95943843,0.0,4.932938585E-009,1.0,              1071P   2306
297.3957332,0.0,1.0,-4.932938585E-009,-119.9133194,0,0;             1071P   2307
100,0.0,0.0,0.0,1.5,0.0,-1.5,0.0,0,0;                               1073P   2308
102,4,1065,1067,1069,1073,0,0;                                      1075P   2309
142,0,1063,0,1075,2,0,0;                                            1077P   2310
144,1063,1,0,1077,0,0;                                              1079P   2311
108,1.0,0.0,0.0,79.45943843,0,79.45943843,298.3957329,              1081P   2312
-169.9133194,1.0,0,0;                                               1081P   2313
110,79.45943843,297.3957329,-169.9133194,79.45943843,               1083P   2314
297.3957332,-119.9133194,0,0;                                       1083P   2315
110,79.45943843,297.3957332,-119.9133194,79.45943843,               1085P   2316
298.1533445,-119.9133194,0,0;                                       1085P   2317
110,79.45943843,298.1533445,-119.9133194,79.45943843,               1087P   2318
298.1533442,-169.9133194,0,0;                                       1087P   2319
110,79.45943843,298.1533442,-169.9133194,79.45943843,               1089P   2320
297.3957329,-169.9133194,0,0;                                       1089P   2321
102,4,1083,1085,1087,1089,0,0;                                      1091P   2322
142,0,1081,0,1091,2,0,0;                                            1093P   2323
144,1081,1,0,1093,0,0;                                              1095P   2324
110,80.95943843,297.3957329,-169.9133194,80.95943843,               1097P   2325
296.3957329,-169.9133194,0,0;                                       1097P   2326
124,-1.0,0.0,0.0,80.45943843,0.0,-1.0,4.932871889E-009,             1099P   2327
297.3957329,0.0,4.932871889E-009,1.0,-169.9133194,0,0;              1099P   2328
100,0.0,0.0,0.0,1.0,0.0,0.0,1.0,0,0;                                1101P   2329
120,1097,1101,0.0,3.141592654,0,0;                                  1103P   2330
124,1.0,0.0,0.0,81.45943843,0.0,-1.0,-4.932871889E-009,             1105P   2331
297.3957329,0.0,4.932871889E-009,-1.0,-169.9133194,0,0;             1105P   2332
100,0.0,0.0,0.0,1.0,0.0,-2.919762209E-010,1.0,0,0;                  1107P   2333
124,1.0,-5.209699359E-010,0.0,80.95943843,-3.440163711E-010,        1109P   2334
-4.932871889E-009,1.0,296.3957329,-5.209699342E-010,-1.0,           1109P   2335
-4.932871889E-009,-169.9133194,0,0;                                 1109P   2336
100,0.0,0.0,0.0,0.5,0.0,-0.5,5.209699356E-010,0,0;                  1111P   2337
124,-2.919762209E-010,-1.0,0.0,80.45943843,-1.0,                    1113P   2338
2.919762209E-010,-4.932871889E-009,297.3957329,4.672386921E-009,    1113P   2339
0.0,-1.0,-169.9133194,0,0;                                          1113P   2340
100,0.0,0.0,0.0,1.0,0.0,-3.84801524E-010,1.0,0,0;                   1115P   2341
124,-1.0,0.0,0.0,80.95943843,4.511851633E-010,-4.932871889E-009,    1117P   2342
-1.0,297.3957329,0.0,-1.0,4.932871889E-009,-169.9133194,0,0;        1117P   2343
100,0.0,0.0,0.0,1.5,0.0,-1.5,0.0,0,0;                               1119P   2344
102,4,1107,1111,1115,1119,0,0;                                      1121P   2345
142,0,1103,0,1121,2,0,0;                                            1123P   2346
144,1103,1,0,1123,0,0;                                              1125P   2347
110,81.45943843,297.395733,-144.9133194,81.45943843,297.395733,     1127P   2348
-145.9133194,0,0;                                                   1127P   2349
110,82.45943843,297.3957332,-119.9133194,82.45943843,               1129P   2350
297.3957329,-169.9133194,0,0;                                       1129P   2351
120,1127,1129,0.0,6.283185307,0,0;                                  1131P   2352
124,1.0,0.0,0.0,81.45943843,0.0,-1.0,-4.932942943E-009,             1133P   2353
297.3957332,0.0,4.932942943E-009,-1.0,-119.9133194,0,0;             1133P   2354
100,0.0,0.0,0.0,1.0,0.0,-2.919762207E-010,1.0,0,0;                  1135P   2355
110,81.45943843,296.3957332,-119.9133194,81.45943843,               1137P   2356
296.3957329,-169.9133194,0,0;                                       1137P   2357
124,-2.919762207E-010,1.0,0.0,81.45943843,-1.0,                     1139P   2358
-2.919762207E-010,4.932942943E-009,297.3957329,4.672386918E-009,    1139P   2359
0.0,1.0,-169.9133194,0,0;                                           1139P   2360
100,0.0,0.0,0.0,1.0,0.0,3.844604637E-010,1.0,0,0;                   1141P   2361
110,82.45943843,297.3957329,-169.9133194,82.45943843,               1143P   2362
297.3957332,-119.9133194,0,0;                                       1143P   2363
102,4,1135,1137,1141,1143,0,0;                                      1145P   2364
142,0,1131,0,1145,2,0,0;                                            1147P   2365
144,1131,1,0,1147,0,0;                                              1149P   2366
110,80.95943843,297.3957332,-119.9133194,80.95943843,               1151P   2367
296.3957332,-119.9133194,0,0;                                       1151P   2368
124,1.0,0.0,0.0,81.45943843,0.0,-1.0,-4.932871889E-009,             1153P   2369
297.3957332,0.0,4.932871889E-009,-1.0,-119.9133194,0,0;             1153P   2370
100,0.0,0.0,0.0,1.0,0.0,0.0,-1.0,0,0;                               1155P   2371
120,1151,1155,0.0,3.141592654,0,0;                                  1157P   2372
124,-1.0,0.0,0.0,80.45943843,0.0,-1.0,4.932871889E-009,             1159P   2373
297.3957332,0.0,4.932871889E-009,1.0,-119.9133194,0,0;              1159P   2374
100,0.0,0.0,0.0,1.0,0.0,2.919762208E-010,1.0,0,0;                   1161P   2375
124,-1.0,-5.209983604E-010,0.0,80.95943843,-1.050239006E-009,       1163P   2376
4.932871889E-009,1.0,296.3957332,-5.209983553E-010,1.0,             1163P   2377
-4.932871889E-009,-119.9133194,0,0;                                 1163P   2378
100,0.0,0.0,0.0,0.5,0.0,-0.5,-5.209983607E-010,0,0;                 1165P   2379
124,-2.919762208E-010,1.0,0.0,81.45943843,-1.0,                     1167P   2380
-2.919762208E-010,4.932871889E-009,297.3957332,4.672372709E-009,    1167P   2381
0.0,1.0,-119.9133194,0,0;                                           1167P   2382
100,0.0,0.0,0.0,1.0,0.0,-6.15528961E-010,1.0,0,0;                   1169P   2383
124,1.0,0.0,0.0,80.95943843,2.157018268E-010,4.932871889E-009,      1171P   2384
-1.0,297.3957332,0.0,1.0,4.932871889E-009,-119.9133194,0,0;         1171P   2385
100,0.0,0.0,0.0,1.5,0.0,-1.5,0.0,0,0;                               1173P   2386
102,4,1161,1165,1169,1173,0,0;                                      1175P   2387
142,0,1157,0,1175,2,0,0;                                            1177P   2388
144,1157,1,0,1177,0,0;                                              1179P   2389
110,80.45943843,297.395733,-144.9133194,80.45943843,297.395733,     1181P   2390
-143.9133194,0,0;                                                   1181P   2391
110,79.45943843,297.3957329,-169.9133194,79.45943843,               1183P   2392
297.3957332,-119.9133194,0,0;                                       1183P   2393
120,1181,1183,0.0,6.283185307,0,0;                                  1185P   2394
124,-1.0,0.0,0.0,80.45943843,0.0,-1.0,4.932928732E-009,             1187P   2395
297.3957329,0.0,4.932928732E-009,1.0,-169.9133194,0,0;              1187P   2396
100,0.0,0.0,0.0,1.0,0.0,2.919762207E-010,1.0,0,0;                   1189P   2397
110,80.45943843,296.3957329,-169.9133194,80.45943843,               1191P   2398
296.3957332,-119.9133194,0,0;                                       1191P   2399
124,-2.919762207E-010,-1.0,0.0,80.45943843,-1.0,                    1193P   2400
2.919762207E-010,-4.932928732E-009,297.3957332,4.672372707E-009,    1193P   2401
0.0,-1.0,-119.9133194,0,0;                                          1193P   2402
100,0.0,0.0,0.0,1.0,0.0,6.151879004E-010,1.0,0,0;                   1195P   2403
110,79.45943843,297.3957332,-119.9133194,79.45943843,               1197P   2404
297.3957329,-169.9133194,0,0;                                       1197P   2405
102,4,1189,1191,1195,1197,0,0;                                      1199P   2406
142,0,1185,0,1199,2,0,0;                                            1201P   2407
144,1185,1,0,1201,0,0;                                              1203P   2408
108,0.0,-1.0,4.932938585E-009,-296.3957337,0,0.0,296.3957337,       1205P   2409
1.398571632E-006,1.0,0,0;                                           1205P   2410
124,1.0,0.0,0.0,80.95943843,0.0,4.932938585E-009,-1.0,              1207P   2411
296.3957332,0.0,1.0,4.932938585E-009,-119.9133194,0,0;              1207P   2412
100,0.0,0.0,0.0,0.5,0.0,-0.5,0.0,0,0;                               1209P   2413
110,80.45943843,296.3957332,-119.9133194,80.45943843,               1211P   2414
296.3957329,-169.9133194,0,0;                                       1211P   2415
124,-1.0,0.0,0.0,80.95943843,0.0,-4.932938585E-009,-1.0,            1213P   2416
296.3957329,0.0,-1.0,4.932938585E-009,-169.9133194,0,0;             1213P   2417
100,0.0,0.0,0.0,0.5,0.0,-0.5,0.0,0,0;                               1215P   2418
110,81.45943843,296.3957329,-169.9133194,81.45943843,               1217P   2419
296.3957332,-119.9133194,0,0;                                       1217P   2420
102,4,1209,1211,1215,1217,0,0;                                      1219P   2421
142,0,1205,0,1219,2,0,0;                                            1221P   2422
144,1205,1,0,1221,0,0;                                              1223P   2423
128,26,1,5,1,0,0,1,0,0,0.0,0.0,0.0,0.0,0.0,0.0,1.131982492,         1225P   2424
1.131982492,1.131982492,1.821789343,1.821789343,1.821789343,        1225P   2425
3.241961248,3.241961248,3.241961248,4.849497329,4.849497329,        1225P   2426
4.849497329,5.762376695,5.762376695,5.762376695,6.701618113,        1225P   2427
6.701618113,6.701618113,7.379301036,7.379301036,7.379301036,        1225P   2428
7.909184437,7.909184437,7.909184437,7.909184437,7.909184437,        1225P   2429
7.909184437,0.0,0.0,1.181455414,1.181455414,1.0,1.0,1.0,1.0,1.0,    1225P   2430
1.0,1.0,1.0,1.0,1.0,1.0,1.0,1.0,1.0,1.0,1.0,1.0,1.0,1.0,1.0,1.0,    1225P   2431
1.0,1.0,1.0,1.0,1.0,1.0,1.0,1.0,1.0,1.0,1.0,1.0,1.0,1.0,1.0,1.0,    1225P   2432
1.0,1.0,1.0,1.0,1.0,1.0,1.0,1.0,1.0,1.0,1.0,1.0,1.0,1.0,1.0,1.0,    1225P   2433
1.0,4.7625,48.0,0.0,4.7625,48.0,0.2879048884,4.740744298,           1225P   2434
47.96698553,0.5758090907,4.697241448,47.9010854,0.8532000138,       1225P   2435
4.600783089,47.74532908,1.270862378,4.477685929,47.51939783,        1225P   2436
1.631535903,4.428623002,47.42460088,1.7591048,4.275251771,          1225P   2437
47.10906846,2.120987885,4.123038176,46.72269985,2.395680449,        1225P   2438
4.031447201,46.4368503,2.541002664,3.877526386,45.78684072,         1225P   2439
2.769646423,3.827355822,45.08304105,2.833490296,3.835008887,        1225P   2440
44.70417659,2.823645861,3.900095712,44.12463995,2.738439207,        1225P   2441
4.03200037,43.5913867,2.537094135,4.087298521,43.40622467,          1225P   2442
2.448484278,4.210635493,43.05025151,2.236120626,4.346476936,        1225P   2443
42.7410677,1.956774311,4.415947421,42.59806266,1.797617862,         1225P   2444
4.530716496,42.37960507,1.493820961,4.626979806,42.2149431,         1225P   2445
1.143741557,4.662768568,42.15618997,0.9896130668,4.71614998,        1225P   2446
42.07093398,0.7036911853,4.748196917,42.02170183,0.4033122577,      1225P   2447
4.757731047,42.00723389,0.2695347836,4.762499165,41.99999992,       1225P   2448
0.134768014,4.762499715,41.99999997,-5.899743636E-008,3.7625,       1225P   2449
47.0,0.0,3.7625,47.0,0.1516349456,3.768229192,46.98562928,          1225P   2450
0.3032702835,3.779873308,46.95710969,0.4572821542,3.797831173,      1225P   2451
46.88226552,0.7117664837,3.806297643,46.75702862,0.9644666985,      1225P   2452
3.80742223,46.70203598,1.058976254,3.80401371,46.51069895,          1225P   2453
1.340409362,3.782673612,46.25206381,1.587531687,3.763185152,        1225P   2454
46.05025005,1.728118722,3.728551346,45.5807676,1.957463694,         1225P   2455
3.715833422,45.06119758,2.027656821,3.71757144,44.78178795,         1225P   2456
2.016911373,3.734119841,44.35462847,1.924819254,3.76272873,         1225P   2457
43.97165705,1.725981229,3.773896854,43.84080088,1.640835432,        1225P   2458
3.794782939,43.59559437,1.44481962,3.806513147,43.39722739,         1225P   2459
1.211170808,3.808615544,43.31019537,1.0854224,3.804462863,          1225P   2460
43.18507003,0.8627937165,3.791651453,43.10019384,0.6370176394,      1225P   2461
3.785318564,43.0714538,0.5428423839,3.774260763,43.03130627,        1225P   2462
0.3766517306,3.766270567,43.00944375,0.2131912091,3.763759456,      1225P   2463
43.00314633,0.1419613538,3.762501791,42.99999888,0.07098081938,     1225P   2464
3.76250061,42.99999962,1.669043359E-007,0.0,7.909184437,0.0,        1225P   2465
1.181455414,0,0;                                                    1225P   2466
126,26,5,0,0,1,0,0.0,0.0,0.0,0.0,0.0,0.0,1.131982492,               1227P   2467
1.131982492,1.131982492,1.821789343,1.821789343,1.821789343,        1227P   2468
3.241961248,3.241961248,3.241961248,4.849497329,4.849497329,        1227P   2469
4.849497329,5.762376695,5.762376695,5.762376695,6.701618113,        1227P   2470
6.701618113,6.701618113,7.379301036,7.379301036,7.379301036,        1227P   2471
7.909184437,7.909184437,7.909184437,7.909184437,7.909184437,        1227P   2472
7.909184437,1.0,1.0,1.0,1.0,1.0,1.0,1.0,1.0,1.0,1.0,1.0,1.0,1.0,    1227P   2473
1.0,1.0,1.0,1.0,1.0,1.0,1.0,1.0,1.0,1.0,1.0,1.0,1.0,1.0,3.7625,     1227P   2474
47.0,0.0,3.7625,47.0,0.1516349456,3.768229192,46.98562928,          1227P   2475
0.3032702835,3.779873308,46.95710969,0.4572821542,3.797831173,      1227P   2476
46.88226552,0.7117664837,3.806297643,46.75702862,0.9644666985,      1227P   2477
3.80742223,46.70203598,1.058976254,3.80401371,46.51069895,          1227P   2478
1.340409362,3.782673612,46.25206381,1.587531687,3.763185152,        1227P   2479
46.05025005,1.728118722,3.728551346,45.5807676,1.957463694,         1227P   2480
3.715833422,45.06119758,2.027656821,3.71757144,44.78178795,         1227P   2481
2.016911373,3.734119841,44.35462847,1.924819254,3.76272873,         1227P   2482
43.97165705,1.725981229,3.773896854,43.84080088,1.640835432,        1227P   2483
3.794782939,43.59559437,1.44481962,3.806513147,43.39722739,         1227P   2484
1.211170808,3.808615544,43.31019537,1.0854224,3.804462863,          1227P   2485
43.18507003,0.8627937165,3.791651453,43.10019384,0.6370176394,      1227P   2486
3.785318564,43.0714538,0.5428423839,3.774260763,43.03130627,        1227P   2487
0.3766517306,3.766270567,43.00944375,0.2131912091,3.763759456,      1227P   2488
43.00314633,0.1419613538,3.762501791,42.99999888,0.07098081938,     1227P   2489
3.76250061,42.99999962,1.669043359E-007,0.0,7.909184437,0.0,0.0,    1227P   2490
0.0,0,0;                                                            1227P   2491
126,1,1,0,0,1,0,0.0,0.0,1.181455414,1.181455414,1.0,1.0,            1229P   2492
3.76250061,42.99999962,1.669043359E-007,4.762499715,41.99999997,    1229P   2493
-5.899743635E-008,0.0,1.181455414,0.0,0.0,0.0,0,0;                  1229P   2494
126,26,5,0,0,1,0,0.0,0.0,0.0,0.0,0.0,0.0,0.5298834007,              1231P   2495
0.5298834007,0.5298834007,1.207566324,1.207566324,1.207566324,      1231P   2496
2.146807742,2.146807742,2.146807742,3.059687107,3.059687107,        1231P   2497
3.059687107,4.667223188,4.667223188,4.667223188,6.087395094,        1231P   2498
6.087395094,6.087395094,6.777201944,6.777201944,6.777201944,        1231P   2499
7.909184437,7.909184437,7.909184437,7.909184437,7.909184437,        1231P   2500
7.909184437,1.0,1.0,1.0,1.0,1.0,1.0,1.0,1.0,1.0,1.0,1.0,1.0,1.0,    1231P   2501
1.0,1.0,1.0,1.0,1.0,1.0,1.0,1.0,1.0,1.0,1.0,1.0,1.0,1.0,            1231P   2502
4.762499715,41.99999997,-5.899743636E-008,4.762499165,              1231P   2503
41.99999992,0.134768014,4.757731047,42.00723389,0.2695347836,       1231P   2504
4.748196917,42.02170183,0.4033122577,4.71614998,42.07093398,        1231P   2505
0.7036911853,4.662768568,42.15618997,0.9896130668,4.626979806,      1231P   2506
42.2149431,1.143741557,4.530716496,42.37960507,1.493820961,         1231P   2507
4.415947421,42.59806266,1.797617862,4.346476936,42.7410677,         1231P   2508
1.956774311,4.210635493,43.05025151,2.236120626,4.087298521,        1231P   2509
43.40622467,2.448484278,4.03200037,43.5913867,2.537094135,          1231P   2510
3.900095712,44.12463995,2.738439207,3.835008887,44.70417659,        1231P   2511
2.823645861,3.827355822,45.08304105,2.833490296,3.877526386,        1231P   2512
45.78684072,2.769646423,4.031447201,46.4368503,2.541002664,         1231P   2513
4.123038176,46.72269985,2.395680449,4.275251771,47.10906846,        1231P   2514
2.120987885,4.428623002,47.42460088,1.7591048,4.477685929,          1231P   2515
47.51939783,1.631535903,4.600783089,47.74532908,1.270862378,        1231P   2516
4.697241448,47.9010854,0.8532000138,4.740744298,47.96698553,        1231P   2517
0.5758090907,4.7625,48.0,0.2879048884,4.7625,48.0,0.0,0.0,          1231P   2518
7.909184437,0.0,0.0,0.0,0,0;                                        1231P   2519
126,1,1,0,0,1,0,0.0,0.0,1.181455414,1.181455414,1.0,1.0,4.7625,     1233P   2520
48.0,0.0,3.7625,47.0,0.0,0.0,1.181455414,0.0,0.0,0.0,0,0;           1233P   2521
102,4,1227,1229,1231,1233,0,0;                                      1235P   2522
110,0.0,1.181455414,0.0,7.909184437,1.181455414,0.0,0,0;            1237P   2523
110,7.909184437,0.0,0.0,7.909184437,1.181455414,0.0,0,0;            1239P   2524
110,0.0,0.0,0.0,7.909184437,0.0,0.0,0,0;                            1241P   2525
110,0.0,0.0,0.0,0.0,1.181455414,0.0,0,0;                            1243P   2526
102,4,1237,1239,1241,1243,0,0;                                      1245P   2527
142,0,1225,1245,1235,1,0,0;                                         1247P   2528
144,1225,1,0,1247,0,0;                                              1249P   2529
128,29,1,5,1,0,0,1,0,0,0.0,0.0,0.0,0.0,0.0,0.0,1.143478595,         1251P   2530
1.143478595,1.143478595,2.073975031,2.073975031,2.073975031,        1251P   2531
3.016407452,3.016407452,3.016407452,3.854540814,3.854540814,        1251P   2532
3.854540814,4.653942087,4.653942087,4.653942087,5.484554924,        1251P   2533
5.484554924,5.484554924,6.402396648,6.402396648,6.402396648,        1251P   2534
7.091319518,7.091319518,7.091319518,7.697676967,7.697676967,        1251P   2535
7.697676967,7.697676967,7.697676967,7.697676967,0.0,0.0,            1251P   2536
1.154085549,1.154085549,1.0,1.0,1.0,1.0,1.0,1.0,1.0,1.0,1.0,1.0,    1251P   2537
1.0,1.0,1.0,1.0,1.0,1.0,1.0,1.0,1.0,1.0,1.0,1.0,1.0,1.0,1.0,1.0,    1251P   2538
1.0,1.0,1.0,1.0,1.0,1.0,1.0,1.0,1.0,1.0,1.0,1.0,1.0,1.0,1.0,1.0,    1251P   2539
1.0,1.0,1.0,1.0,1.0,1.0,1.0,1.0,1.0,1.0,1.0,1.0,1.0,1.0,1.0,1.0,    1251P   2540
1.0,1.0,3.7625,77.0,0.0,3.7625,77.0,0.1530802599,3.756661072,       1251P   2541
76.98535402,0.3061608035,3.745037406,76.95618803,0.4603419963,      1251P   2542
3.710359907,76.87242741,0.7436834868,3.654975896,76.72715502,       1251P   2543
1.023436993,3.626482523,76.64853175,1.146997995,3.565279095,        1251P   2544
76.46224308,1.386607549,3.503682382,76.21903248,1.598135932,        1251P   2545
3.474533011,76.08231352,1.694735754,3.426692931,75.79821723,        1251P   2546
1.852410996,3.396381699,75.47577229,1.952396768,3.386772906,        1251P   2547
75.31755389,1.984590953,3.377511599,75.00173396,2.015575507,        1251P   2548
3.386867135,74.68618388,1.984275695,3.395858009,74.53522839,        1251P   2549
1.95417036,3.422841,74.23906787,1.865075955,3.464786603,            1251P   2550
73.97431373,1.726893329,3.489331709,73.84963191,1.645767179,        1251P   2551
3.545064033,73.61012446,1.457182477,3.603385686,73.4200271,         1251P   2552
1.239884089,3.632959849,73.33397514,1.120375165,3.679651127,        1251P   2553
73.2068019,0.9061219068,3.714990841,73.11785643,0.6874822425,       1251P   2554
3.727688553,73.08639843,0.593587841,3.746855151,73.03897859,        1251P   2555
0.4176726784,3.757608608,73.01227878,0.2431113861,3.760922797,      1251P   2556
73.00404,0.161904654,3.762579682,72.99992078,0.08095258137,         1251P   2557
3.762579453,72.99992099,-1.134156696E-008,4.7625,78.0,0.0,          1251P   2558
4.7625,78.0,0.2906490648,4.740327591,77.95467532,0.5812971052,      1251P   2559
4.695993548,77.86409286,0.8571311742,4.58985885,77.63672039,        1251P   2560
1.314894993,4.458165689,77.32091041,1.688341978,4.397336718,        1251P   2561
77.16546499,1.838004087,4.277630619,76.83185846,2.103561305,        1251P   2562
4.172322459,76.46479256,2.299908764,4.12539352,76.27407481,         1251P   2563
2.381622239,4.051343186,75.90584626,2.50515119,4.007231788,         1251P   2564
75.52887658,2.573887917,3.993564738,75.35077695,2.594800619,        1251P   2565
3.980377003,75.00198351,2.614986143,3.993698912,74.65321716,        1251P   2566
2.594595255,4.006499855,74.48333295,2.574992387,4.045734784,        1251P   2567
74.1381353,2.513877945,4.110219114,73.79986461,2.407104159,         1251P   2568
4.14921997,73.63045793,2.340168521,4.242138981,73.28263154,         1251P   2569
2.171665846,4.351079744,72.96044591,1.943629301,4.41073805,         1251P   2570
72.80023456,1.806879835,4.514665345,72.54048821,1.53724396,         1251P   2571
4.608194121,72.32789969,1.215717685,4.645063401,72.24696198,        1251P   2572
1.068520611,4.705298069,72.1178594,0.7757306664,4.743894256,        1251P   2573
72.0380259,0.4592380845,4.75626032,72.01269507,0.3073894392,        1251P   2574
4.762443576,72.00002936,0.1536951097,4.762443724,72.00002922,       1251P   2575
-1.39083375E-007,0.0,7.697676967,0.0,1.154085549,0,0;               1251P   2576
126,29,5,0,0,1,0,0.0,0.0,0.0,0.0,0.0,0.0,1.143478595,               1253P   2577
1.143478595,1.143478595,2.073975031,2.073975031,2.073975031,        1253P   2578
3.016407452,3.016407452,3.016407452,3.854540814,3.854540814,        1253P   2579
3.854540814,4.653942087,4.653942087,4.653942087,5.484554924,        1253P   2580
5.484554924,5.484554924,6.402396648,6.402396648,6.402396648,        1253P   2581
7.091319518,7.091319518,7.091319518,7.697676967,7.697676967,        1253P   2582
7.697676967,7.697676967,7.697676967,7.697676967,1.0,1.0,1.0,1.0,    1253P   2583
1.0,1.0,1.0,1.0,1.0,1.0,1.0,1.0,1.0,1.0,1.0,1.0,1.0,1.0,1.0,1.0,    1253P   2584
1.0,1.0,1.0,1.0,1.0,1.0,1.0,1.0,1.0,1.0,3.7625,77.0,0.0,3.7625,     1253P   2585
77.0,0.1530802599,3.756661072,76.98535402,0.3061608035,             1253P   2586
3.745037406,76.95618803,0.4603419963,3.710359907,76.87242741,       1253P   2587
0.7436834868,3.654975896,76.72715502,1.023436993,3.626482523,       1253P   2588
76.64853175,1.146997995,3.565279095,76.46224308,1.386607549,        1253P   2589
3.503682382,76.21903248,1.598135932,3.474533011,76.08231352,        1253P   2590
1.694735754,3.426692931,75.79821723,1.852410996,3.396381699,        1253P   2591
75.47577229,1.952396768,3.386772906,75.31755389,1.984590953,        1253P   2592
3.377511599,75.00173396,2.015575507,3.386867135,74.68618388,        1253P   2593
1.984275695,3.395858009,74.53522839,1.95417036,3.422841,            1253P   2594
74.23906787,1.865075955,3.464786603,73.97431373,1.726893329,        1253P   2595
3.489331709,73.84963191,1.645767179,3.545064033,73.61012446,        1253P   2596
1.457182477,3.603385686,73.4200271,1.239884089,3.632959849,         1253P   2597
73.33397514,1.120375165,3.679651127,73.2068019,0.9061219068,        1253P   2598
3.714990841,73.11785643,0.6874822425,3.727688553,73.08639843,       1253P   2599
0.593587841,3.746855151,73.03897859,0.4176726784,3.757608608,       1253P   2600
73.01227878,0.2431113861,3.760922797,73.00404,0.161904654,          1253P   2601
3.762579682,72.99992078,0.08095258137,3.762579453,72.99992099,      1253P   2602
-1.134156696E-008,0.0,7.69767695,0.0,0.0,0.0,0,0;                   1253P   2603
126,1,1,0,0,1,0,0.0,0.0,1.154085549,1.154085549,1.0,1.0,            1255P   2604
3.762579453,72.99992099,-1.134156735E-008,4.762443724,              1255P   2605
72.00002922,-1.390833757E-007,5.897155061E-007,1.154085281,0.0,     1255P   2606
0.0,0.0,0,0;                                                        1255P   2607
126,29,5,0,0,1,0,0.0,0.0,0.0,0.0,0.0,0.0,0.6063574492,              1257P   2608
0.6063574492,0.6063574492,1.295280319,1.295280319,1.295280319,      1257P   2609
2.213122043,2.213122043,2.213122043,3.04373488,3.04373488,          1257P   2610
3.04373488,3.843136152,3.843136152,3.843136152,4.681269514,         1257P   2611
4.681269514,4.681269514,5.623701936,5.623701936,5.623701936,        1257P   2612
6.554198372,6.554198372,6.554198372,7.697676967,7.697676967,        1257P   2613
7.697676967,7.697676967,7.697676967,7.697676967,1.0,1.0,1.0,1.0,    1257P   2614
1.0,1.0,1.0,1.0,1.0,1.0,1.0,1.0,1.0,1.0,1.0,1.0,1.0,1.0,1.0,1.0,    1257P   2615
1.0,1.0,1.0,1.0,1.0,1.0,1.0,1.0,1.0,1.0,4.762443724,72.00002922,    1257P   2616
-1.39083375E-007,4.762443576,72.00002936,0.1536951097,              1257P   2617
4.75626032,72.01269507,0.3073894392,4.743894256,72.0380259,         1257P   2618
0.4592380845,4.705298069,72.1178594,0.7757306664,4.645063401,       1257P   2619
72.24696198,1.068520611,4.608194121,72.32789969,1.215717685,        1257P   2620
4.514665345,72.54048821,1.53724396,4.41073805,72.80023456,          1257P   2621
1.806879835,4.351079744,72.96044591,1.943629301,4.242138981,        1257P   2622
73.28263154,2.171665846,4.14921997,73.63045793,2.340168521,         1257P   2623
4.110219114,73.79986461,2.407104159,4.045734784,74.1381353,         1257P   2624
2.513877945,4.006499855,74.48333295,2.574992387,3.993698912,        1257P   2625
74.65321716,2.594595255,3.980377003,75.00198351,2.614986143,        1257P   2626
3.993564738,75.35077695,2.594800619,4.007231788,75.52887658,        1257P   2627
2.573887917,4.051343186,75.90584626,2.50515119,4.12539352,          1257P   2628
76.27407481,2.381622239,4.172322459,76.46479256,2.299908764,        1257P   2629
4.277630619,76.83185846,2.103561305,4.397336718,77.16546499,        1257P   2630
1.838004087,4.458165689,77.32091041,1.688341978,4.58985885,         1257P   2631
77.63672039,1.314894993,4.695993548,77.86409286,0.8571311742,       1257P   2632
4.740327591,77.95467532,0.5812971052,4.7625,78.0,0.2906490648,      1257P   2633
4.7625,78.0,0.0,1.097201174E-007,7.697676967,0.0,0.0,0.0,0,0;       1257P   2634
126,1,1,0,0,1,0,0.0,0.0,1.154085549,1.154085549,1.0,1.0,4.7625,     1259P   2635
78.0,0.0,3.7625,77.0,0.0,0.0,1.154085549,0.0,0.0,0.0,0,0;           1259P   2636
102,4,1253,1255,1257,1259,0,0;                                      1261P   2637
110,0.0,0.0,0.0,7.69767695,0.0,0.0,0,0;                             1263P   2638
110,7.697676967,5.897155061E-007,0.0,7.697676967,1.154085281,       1265P   2639
0.0,0,0;                                                            1265P   2640
110,0.0,1.154085549,0.0,7.697676857,1.154085549,0.0,0,0;            1267P   2641
110,0.0,0.0,0.0,0.0,1.154085549,0.0,0,0;                            1269P   2642
102,4,1263,1265,1267,1269,0,0;                                      1271P   2643
142,0,1251,1271,1261,1,0,0;                                         1273P   2644
144,1251,1,0,1273,0,0;                                              1275P   2645
128,20,5,5,5,0,0,1,0,0,-2.440869612,-2.440869612,-2.440869612,      1277P   2646
-2.440869612,-2.440869612,-2.440869612,-1.794743689,                1277P   2647
-1.794743689,-1.794743689,-1.458915311,-1.458915311,                1277P   2648
-1.458915311,-0.01960245093,-0.01960245093,-0.01960245093,          1277P   2649
1.617660557,1.617660557,1.617660557,2.495192973,2.495192973,        1277P   2650
2.495192973,3.328583711,3.328583711,3.328583711,3.328583711,        1277P   2651
3.328583711,3.328583711,-1.635400323,-1.635400323,-1.635400323,     1277P   2652
-1.635400323,-1.635400323,-1.635400323,1.4039998,1.4039998,         1277P   2653
1.4039998,1.4039998,1.4039998,1.4039998,1.0,1.0,1.0,1.0,1.0,1.0,    1277P   2654
1.0,1.0,1.0,1.0,1.0,1.0,1.0,1.0,1.0,1.0,1.0,1.0,1.0,1.0,1.0,1.0,    1277P   2655
1.0,1.0,1.0,1.0,1.0,1.0,1.0,1.0,1.0,1.0,1.0,1.0,1.0,1.0,1.0,1.0,    1277P   2656
1.0,1.0,1.0,1.0,1.0,1.0,1.0,1.0,1.0,1.0,1.0,1.0,1.0,1.0,1.0,1.0,    1277P   2657
1.0,1.0,1.0,1.0,1.0,1.0,1.0,1.0,1.0,1.0,1.0,1.0,1.0,1.0,1.0,1.0,    1277P   2658
1.0,1.0,1.0,1.0,1.0,1.0,1.0,1.0,1.0,1.0,1.0,1.0,1.0,1.0,1.0,1.0,    1277P   2659
1.0,1.0,1.0,1.0,1.0,1.0,1.0,1.0,1.0,1.0,1.0,1.0,1.0,1.0,1.0,1.0,    1277P   2660
1.0,1.0,1.0,1.0,1.0,1.0,1.0,1.0,1.0,1.0,1.0,1.0,1.0,1.0,1.0,1.0,    1277P   2661
1.0,1.0,1.0,1.0,1.0,1.0,1.0,1.0,-5.594702754,48.32616966,           1277P   2662
-1.856112696,-5.54612698,48.31266355,-1.734787526,-5.497402332,     1277P   2663
48.29924767,-1.613457384,-5.448553725,48.28590691,-1.492123101,     1277P   2664
-5.374461073,48.26554412,-1.307729348,-5.301383722,48.24456598,     1277P   2665
-1.123369508,-5.276562192,48.23728786,-1.060324151,-5.146460611,    1277P   2666
48.19814916,-0.727112115,-5.024039532,48.15435551,-0.3941566234,    1277P   2667
-4.934023907,48.11324355,-0.1244998079,-4.770395115,48.00792119,    1277P   2668
0.4509386055,-4.67758846,47.85967536,1.024011414,-4.650951298,      1277P   2669
47.76699401,1.328223917,-4.639775824,47.60661399,1.794493456,       1277P   2670
-4.653429041,47.43118593,2.259933667,-4.659871445,47.36895361,      1277P   2671
2.422291966,-4.672060089,47.24784491,2.73885404,-4.681204962,       1277P   2672
47.12858095,3.055517781,-4.684322519,47.07129774,3.209809358,       1277P   2673
-4.686235732,47.01474445,3.364141163,-4.686945104,46.95892078,      1277P   2674
3.518513178,-5.058591649,48.01353344,-2.014188339,-5.011133401,     1277P   2675
47.99935003,-1.892900498,-4.963389784,47.98533957,-1.771603124,     1277P   2676
-4.915244942,47.97157228,-1.650292348,-4.841386947,47.95106727,     1277P   2677
-1.465906433,-4.767693924,47.93046227,-1.281526029,-4.742558476,    1277P   2678
47.92337441,-1.218470186,-4.611209811,47.88499153,-0.8852164947,    1277P   2679
-4.487263666,47.84212218,-0.5522100628,-4.396268049,47.80160418,    1277P   2680
-0.2825205135,-4.237025238,47.69362359,0.2927713991,                1277P   2681
-4.159789109,47.53594086,0.8653241198,-4.144581689,47.43633224,     1277P   2682
1.169154846,-4.152873843,47.26415339,1.634774127,-4.186972225,      1277P   2683
47.07633404,2.099531426,-4.200705178,47.00968311,2.261646207,       1277P   2684
-4.226614688,46.88025854,2.577749975,-4.246357573,46.7545714,       1277P   2685
2.894059721,-4.254285653,46.69437265,3.048190617,-4.262042633,      1277P   2686
46.63427761,3.202327227,-4.268645622,46.57488196,3.356502384,       1277P   2687
-4.633603905,47.63354821,-2.175975732,-4.585900705,47.61951325,     1277P   2688
-2.054679708,-4.538201647,47.60547579,-1.933383823,-4.490778086,    1277P   2689
47.59127135,-1.81209714,-4.419816611,47.56901083,-1.627807975,      1277P   2690
-4.34919715,47.54654303,-1.443530233,-4.325064152,47.53884761,      1277P   2691
-1.380507874,-4.195676235,47.49927637,-1.047319676,-4.067548575,    1277P   2692
47.45894133,-0.7141735729,-3.977532806,47.41782946,                 1277P   2693
-0.4445167526,-3.82764997,47.30417604,0.1304625176,-3.772476047,    1277P   2694
47.13312197,0.7022783153,-3.768893401,47.02646787,1.00572075,       1277P   2695
-3.797399489,46.84203787,1.470664844,-3.848705204,46.64378961,      1277P   2696
1.934847383,-3.867033967,46.57435327,2.096808654,-3.900852571,      1277P   2697
46.4401352,2.412648242,-3.939256694,46.30313796,2.728334665,        1277P   2698
-3.958929433,46.23582108,2.882073265,-3.9728207,46.1720082,         1277P   2699
3.036004978,-3.984387116,46.10960436,3.190014345,-4.304616258,      1277P   2700
47.19537978,-2.340969725,-4.264893695,47.17650797,-2.219940271,     1277P   2701
-4.22275835,47.15909848,-2.098830225,-4.177883631,47.14334926,      1277P   2702
-1.977628679,-4.105524264,47.12193596,-1.793292821,-4.032384672,    1277P   2703
47.10099554,-1.608930902,-4.007548356,47.09372639,-1.545885051,     1277P   2704
-3.880918431,47.05248361,-1.212788975,-3.768073316,47.00288621,     1277P   2705
-0.8801533407,-3.685059966,46.95753035,-0.6107304156,               1277P   2706
-3.559960703,46.82885624,-0.03657896766,-3.532204711,               1277P   2707
46.64118487,0.5343210147,-3.548259543,46.522629,0.837107517,        1277P   2708
-3.602460177,46.3226262,1.30119336,-3.682842857,46.10675513,        1277P   2709
1.764404669,-3.713057856,46.03011485,1.925968915,-3.770353655,      1277P   2710
45.88166785,2.241024317,-3.804563938,45.7472124,2.556850822,        1277P   2711
-3.81227356,45.68714605,2.710989015,-3.824489456,45.62434857,       1277P   2712
2.864976689,-3.836670272,45.56157235,3.018965534,-4.102820981,      1277P   2713
46.68012333,-2.510212205,-4.071351394,46.6562496,-2.389458418,      1277P   2714
-4.03914778,46.63282074,-2.268680112,-4.006400075,46.60972165,      1277P   2715
-2.147883633,-3.953202129,46.57669511,-1.964187806,-3.893386178,    1277P   2716
46.54767957,-1.780270924,-3.87209118,46.53826411,-1.71734336,       1277P   2717
-3.754507656,46.49153854,-1.384549453,-3.630125787,46.44893327,     1277P   2718
-1.051528467,-3.553416664,46.39975659,-0.7823161159,                1277P   2719
-3.430507011,46.26975541,-0.2082378055,-3.421870591,46.07049616,    1277P   2720
0.3620235439,-3.448260328,45.94567657,0.664464839,-3.528221832,     1277P   2721
45.73006076,1.127690216,-3.625430454,45.50399192,1.590339504,       1277P   2722
-3.660445504,45.42444246,1.751743419,-3.712497722,45.27917346,      1277P   2723
2.066973967,-3.752175001,45.1414046,2.382617863,-3.775824343,       1277P   2724
45.0716776,2.536223636,-3.799632542,45.00185432,2.689824103,        1277P   2725
-3.825264802,44.93092553,2.843363643,-3.972913855,46.12129731,      1277P   2726
-2.681855898,-3.946455135,46.09438663,-2.561269483,-3.919091142,    1277P   2727
46.0680246,-2.440652831,-3.890876747,46.04217798,-2.320007773,      1277P   2728
-3.847427611,46.00324294,-2.136637577,-3.802209403,45.96538009,     1277P   2729
-1.95320829,-3.786494883,45.95258244,-1.890467125,-3.701738941,     1277P   2730
45.88596092,-1.558769727,-3.6047919,45.8267281,-1.22666512,         1277P   2731
-3.529214502,45.77686551,-0.9574905713,-3.420942471,45.63799284,    1277P   2732
-0.3839011876,-3.418686433,45.43486661,0.1861470439,                1277P   2733
-3.452006588,45.30584667,0.4883568489,-3.535737025,45.08794661,     1277P   2734
0.951456336,-3.629176356,44.86416224,1.414231526,-3.660129346,      1277P   2735
44.78707468,1.575771122,-3.712908276,44.64136525,1.890977396,       1277P   2736
-3.769421012,44.49339284,2.206058953,-3.800773449,44.4189972,       1277P   2737
2.359407427,-3.833546411,44.34374061,2.512708453,-3.867884972,      1277P   2738
44.26753515,2.665957184,-2.440869612,3.328583711,-1.635400323,      1277P   2739
1.4039998,0,0;                                                      1277P   2740
126,3,3,0,0,1,0,0.0,0.0,0.0,0.0,1.171979154,1.171979154,            1279P   2741
1.171979154,1.171979154,1.0,1.0,1.0,1.0,-3.846889947,               1279P   2742
44.99995653,2.807721492,-3.805109239,44.99979878,2.538471531,       1279P   2743
-3.763418825,44.9995863,2.269218555,-3.720873706,44.99989184,       1279P   2744
1.999994127,0.0,1.171979154,0.0,0.0,0.0,0,0;                        1279P   2745
126,17,5,0,0,1,0,0.0,0.0,0.0,0.0,0.0,0.0,0.476502148,               1281P   2746
0.476502148,0.476502148,0.9559090764,0.9559090764,0.9559090764,     1281P   2747
1.433255293,1.433255293,1.433255293,2.881349042,2.881349042,        1281P   2748
2.881349042,4.410721283,4.410721283,4.410721283,4.410721283,        1281P   2749
4.410721283,4.410721283,1.0,1.0,1.0,1.0,1.0,1.0,1.0,1.0,1.0,1.0,    1281P   2750
1.0,1.0,1.0,1.0,1.0,1.0,1.0,1.0,-3.720869885,44.99999912,           1281P   2751
1.99997282,-3.72059973,45.065596,2.000015131,-3.720569423,          1281P   2752
45.13438146,1.997363395,-3.720823917,45.20261616,1.991572213,       1281P   2753
-3.721747617,45.33948302,1.974052241,-3.723363025,45.47444287,      1281P   2754
1.944812715,-3.724312126,45.5410575,1.927391571,-3.726305229,       1281P   2755
45.67194157,1.88688923,-3.728569245,45.79957455,1.835026103,        1281P   2756
-3.729787811,45.86305372,1.806063995,-3.734827059,46.11005924,      1281P   2757
1.68007034,-3.740849049,46.33257719,1.512992163,-3.746133118,       1281P   2758
46.48166896,1.366997612,-3.756980724,46.74590293,1.030967122,       1281P   2759
-3.767729081,46.91316444,0.6400839521,-3.773085926,46.97116684,     1281P   2760
0.4295096865,-3.777763061,46.99991033,0.2144951783,-3.781541517,    1281P   2761
46.99989927,3.187551032E-006,0.0,4.410721283,0.0,0.0,0.0,0,0;       1281P   2762
126,11,5,0,0,1,0,0.0,0.0,0.0,0.0,0.0,0.0,1.465131715,               1283P   2763
1.465131715,1.465131715,2.439409583,2.439409583,2.439409583,        1283P   2764
3.044112668,3.044112668,3.044112668,3.044112668,3.044112668,        1283P   2765
3.044112668,1.0,1.0,1.0,1.0,1.0,1.0,1.0,1.0,1.0,1.0,1.0,1.0,        1283P   2766
-3.781541517,46.99989927,3.187551033E-006,-3.785191164,             1283P   2767
46.99988859,-0.207176727,-3.788002535,46.97305046,-0.4138788139,    1283P   2768
-3.789716601,46.9195662,-0.6158587484,-3.790130278,46.78853585,     1283P   2769
-0.9366128279,-3.786462541,46.59261961,-1.221390101,                1283P   2770
-3.784351716,46.50502714,-1.327910726,-3.779350483,46.34720215,     1283P   2771
-1.488603795,-3.771094992,46.17090935,-1.624963862,-3.767326312,    1283P   2772
46.10219711,-1.672371945,-3.762719763,46.02835293,-1.717525892,     1283P   2773
-3.757638885,45.95654732,-1.756531167,0.0,3.044112668,0.0,0.0,      1283P   2774
0.0,0,0;                                                            1283P   2775
126,3,3,0,0,1,0,0.0,0.0,0.0,0.0,1.318533035,1.318533035,            1285P   2776
1.318533035,1.318533035,1.0,1.0,1.0,1.0,-3.757638461,               1285P   2777
45.95654666,-1.756529884,-3.84250772,46.07420435,-2.026666245,      1285P   2778
-3.927115689,46.19184637,-2.296886945,-4.011306267,46.3096511,      1285P   2779
-2.567150989,0.0,1.318533035,0.0,0.0,0.0,0,0;                       1285P   2780
126,4,4,0,0,1,0,0.0,0.0,0.0,0.0,0.0,3.603981547,3.603981547,        1287P   2781
3.603981547,3.603981547,3.603981547,1.0,1.0,1.0,1.0,1.0,            1287P   2782
-4.011310022,46.30967086,-2.567135029,-4.156411891,46.86977257,     1287P   2783
-2.343090397,-4.362429716,47.3435782,-1.985812997,-4.566333583,     1287P   2784
47.6864265,-1.47982176,-4.678082379,47.86764404,-0.8931363753,      1287P   2785
0.0,3.603981547,0.0,0.0,0.0,0,0;                                    1287P   2786
126,3,3,0,0,1,0,0.0,0.0,0.0,0.0,1.315220976,1.315220976,            1289P   2787
1.315220976,1.315220976,1.0,1.0,1.0,1.0,-4.678082774,               1289P   2788
47.86764468,-0.8931343037,-4.732140242,47.955307,-0.6093298699,     1289P   2789
-4.762293144,48.00012468,-0.3051820706,-4.762348415,48.00009187,    1289P   2790
1.598762367E-008,0.0,1.315220976,0.0,0.0,0.0,0,0;                   1289P   2791
126,11,5,0,0,1,0,0.0,0.0,0.0,0.0,0.0,0.0,2.014394443,               1291P   2792
2.014394443,2.014394443,4.366714002,4.366714002,4.366714002,        1291P   2793
6.760648446,6.760648446,6.760648446,6.760648446,6.760648446,        1291P   2794
6.760648446,1.0,1.0,1.0,1.0,1.0,1.0,1.0,1.0,1.0,1.0,1.0,1.0,        1291P   2795
-4.762348416,48.00009187,5.06320613E-006,-4.762399301,              1291P   2796
48.00006103,0.2826170556,-4.741483927,47.96821975,0.5656837695,     1291P   2797
-4.699046463,47.90440569,0.841204191,-4.5703838,47.69761222,        1291P   2798
1.40557535,-4.389373356,47.354853,1.876204948,-4.285495291,         1291P   2799
47.13526783,2.094680745,-4.083966568,46.63433607,2.464334722,       1291P   2800
-3.933587048,46.02893962,2.689616784,-3.874249771,45.70466129,      1291P   2801
2.766656152,-3.847666304,45.35684717,2.807700205,-3.846891296,      1291P   2802
44.99999775,2.807729605,0.0,6.760648446,0.0,0.0,0.0,0,0;            1291P   2803
102,7,1279,1281,1283,1285,1287,1289,1291,0,0;                       1293P   2804
126,5,5,1,0,1,0,0.0,0.0,0.0,0.0,0.0,0.0,1.171979154,1.171979154,    1295P   2805
1.171979154,1.171979154,1.171979154,1.171979154,1.0,1.0,1.0,1.0,    1295P   2806
1.0,1.0,3.272012637,0.7357315484,0.0,3.116648704,0.7995378065,      1295P   2807
0.0,2.961339887,0.8634560863,0.0,2.80607232,0.9274571538,0.0,       1295P   2808
2.650556906,0.9909565808,0.0,2.495192973,1.054762839,0.0,0.0,       1295P   2809
1.171979154,0.0,0.0,1.0,0,0;                                        1295P   2810
126,20,5,1,0,1,0,0.0,0.0,0.0,0.0,0.0,0.0,0.476502148,               1297P   2811
0.476502148,0.476502148,0.9559090764,0.9559090764,0.9559090764,     1297P   2812
1.433255293,1.433255293,1.433255293,2.881349042,2.881349042,        1297P   2813
2.881349042,4.351998035,4.351998035,4.351998035,4.410721283,        1297P   2814
4.410721283,4.410721283,4.410721283,4.410721283,4.410721283,1.0,    1297P   2815
1.0,1.0,1.0,1.0,1.0,1.0,1.0,1.0,1.0,1.0,1.0,1.0,1.0,1.0,1.0,1.0,    1297P   2816
1.0,1.0,1.0,1.0,2.495143458,1.054678448,0.0,2.47743505,             1297P   2817
0.9979025524,0.0,2.456184273,0.9390703809,0.0,2.431961571,          1297P   2818
0.8815404636,0.0,2.377521493,0.7677615481,0.0,2.311995673,          1297P   2819
0.6589138805,0.0,2.276697048,0.6060368349,0.0,2.201163452,          1297P   2820
0.504028112,0.0,2.115316288,0.408230635,0.0,2.069495952,            1297P   2821
0.3615213803,0.0,1.878101355,0.1837493041,0.0,1.652860605,          1297P   2822
0.03948176221,0.0,1.468335105,-0.04725267191,0.0,1.073142478,       1297P   2823
-0.1751380006,0.0,0.6514519138,-0.2057246751,0.0,0.4368954674,      1297P   2824
-0.1958639742,0.0,0.2169012024,-0.1595134389,0.0,0.004768017082,    1297P   2825
-0.09768731487,0.0,-0.003365689047,-0.09527582834,0.0,              1297P   2826
-0.01148694117,-0.09282707601,0.0,-0.01959576802,-0.09034107513,    1297P   2827
0.0,0.0,4.410721283,0.0,0.0,1.0,0,0;                                1297P   2828
126,11,5,1,0,1,0,0.0,0.0,0.0,0.0,0.0,0.0,1.465131715,               1299P   2829
1.465131715,1.465131715,2.439409583,2.439409583,2.439409583,        1299P   2830
3.044112668,3.044112668,3.044112668,3.044112668,3.044112668,        1299P   2831
3.044112668,1.0,1.0,1.0,1.0,1.0,1.0,1.0,1.0,1.0,1.0,1.0,1.0,        1299P   2832
-0.01959576802,-0.09034107513,0.0,-0.2235805331,-0.02780350765,     1299P   2833
0.0,-0.4197118769,0.05830855701,0.0,-0.603835802,0.1666556448,      1299P   2834
0.0,-0.8834322605,0.3799426314,0.0,-1.109560096,0.6405109359,       1299P   2835
0.0,-1.190165811,0.7507870233,0.0,-1.304561252,0.9404033646,0.0,    1299P   2836
-1.389619767,1.140212359,0.0,-1.417061725,1.216599207,0.0,          1299P   2837
-1.440787869,1.297185838,0.0,-1.458964666,1.374344483,0.0,0.0,      1299P   2838
3.044112668,0.0,0.0,1.0,0,0;                                        1299P   2839
126,5,5,1,0,1,0,0.0,0.0,0.0,0.0,0.0,0.0,1.318533035,1.318533035,    1301P   2840
1.318533035,1.318533035,1.318533035,1.318533035,1.0,1.0,1.0,1.0,    1301P   2841
1.0,1.0,-1.458963168,1.374344892,0.0,-1.644009697,1.336246441,      1301P   2842
0.0,-1.829119014,1.298381758,0.0,-2.01415086,1.260234813,0.0,       1301P   2843
-2.199223924,1.222241467,0.0,-2.38431607,1.184308665,0.0,0.0,       1301P   2844
1.318533035,0.0,0.0,1.0,0,0;                                        1301P   2845
126,8,5,1,0,1,0,0.0,0.0,0.0,0.0,0.0,0.0,1.269953707,1.269953707,    1303P   2846
1.269953707,3.603981547,3.603981547,3.603981547,3.603981547,        1303P   2847
3.603981547,3.603981547,1.0,1.0,1.0,1.0,1.0,1.0,1.0,1.0,1.0,        1303P   2848
-2.384306244,1.184284545,0.0,-2.370457085,1.005716618,0.0,          1303P   2849
-2.345810529,0.8273169472,0.0,-2.309615051,0.6500612875,0.0,        1303P   2850
-2.172862407,0.1539784807,0.0,-1.939080965,-0.311199566,0.0,        1303P   2851
-1.747413044,-0.5896126442,0.0,-1.515592408,-0.8387577342,0.0,      1303P   2852
-1.250089307,-1.045861867,0.0,0.0,3.603981547,0.0,0.0,1.0,0,0;      1303P   2853
126,5,5,1,0,1,0,0.0,0.0,0.0,0.0,0.0,0.0,1.315220976,1.315220976,    1305P   2854
1.315220976,1.315220976,1.315220976,1.315220976,1.0,1.0,1.0,1.0,    1305P   2855
1.0,1.0,-1.250087497,-1.045863279,0.0,-1.101349668,-1.161885144,    1305P   2856
0.0,-0.942168787,-1.264782272,0.0,-0.7743898402,-1.353473951,       1305P   2857
0.0,-0.5996417339,-1.426944112,0.0,-0.4197770997,-1.483937965,      1305P   2858
0.0,0.0,1.315220976,0.0,0.0,1.0,0,0;                                1305P   2859
126,14,5,1,0,1,0,0.0,0.0,0.0,0.0,0.0,0.0,0.3193139648,              1307P   2860
0.3193139648,0.3193139648,2.014394443,2.014394443,2.014394443,      1307P   2861
4.366714002,4.366714002,4.366714002,6.760648446,6.760648446,        1307P   2862
6.760648446,6.760648446,6.760648446,6.760648446,1.0,1.0,1.0,1.0,    1307P   2863
1.0,1.0,1.0,1.0,1.0,1.0,1.0,1.0,1.0,1.0,1.0,-0.419772142,           1307P   2864
-1.483939536,0.0,-0.3757673746,-1.497883266,0.0,-0.3314653771,      1307P   2865
-1.510854644,0.0,-0.2868591901,-1.522852073,0.0,-0.004216486019,    1307P   2866
-1.592206434,0.0,0.2865444763,-1.621742146,0.0,0.5322778483,        1307P   2867
-1.617238848,0.0,1.110484535,-1.53795624,0.0,1.64717055,            1307P   2868
-1.308159211,0.0,1.934972457,-1.129964422,0.0,2.46039807,           1307P   2869
-0.7023871716,0.0,2.865607614,-0.1666726402,0.0,3.037007973,        1307P   2870
0.1224873134,0.0,3.175124687,0.4257068361,0.0,3.272009254,          1307P   2871
0.7356925409,0.0,0.0,6.760648446,0.0,0.0,1.0,0,0;                   1307P   2872
102,7,1295,1297,1299,1301,1303,1305,1307,0,0;                       1309P   2873
142,0,1277,1309,1293,1,0,0;                                         1311P   2874
144,1277,1,0,1311,0,0;                                              1313P   2875
128,5,1,5,1,0,0,1,0,0,4.004394346,4.004394346,4.004394346,          1315P   2876
4.004394346,4.004394346,4.004394346,5.185256804,5.185256804,        1315P   2877
5.185256804,5.185256804,5.185256804,5.185256804,0.0,0.0,            1315P   2878
0.8552135613,0.8552135613,1.0,1.0,1.0,1.0,1.0,1.0,1.0,1.0,1.0,      1315P   2879
1.0,1.0,1.0,-4.011385278,43.69037452,2.567137565,-3.948870701,      1315P   2880
43.93496568,2.664822072,-3.898572591,44.19227312,2.736867638,       1315P   2881
-3.864067343,44.45854816,2.78410585,-3.846823206,44.72927318,       1315P   2882
2.807731731,-3.846823095,44.99999782,2.807731883,-3.757965189,      1315P   2883
44.04351646,1.756454668,-3.744930594,44.21830729,1.851640183,       1315P   2884
-3.732997595,44.40565967,1.925476893,-3.724792586,44.60123995,      1315P   2885
1.975154629,-3.720697917,44.80061915,1.99999984,-3.720697891,       1315P   2886
44.99999839,2.0,4.004394346,5.185256804,0.0,0.8552135613,0,0;       1315P   2887
126,1,1,0,0,1,0,0.0,0.0,0.8551912548,0.8551912548,1.0,1.0,          1317P   2888
-3.720701181,44.99999839,2.000021068,-3.846823095,44.99999782,      1317P   2889
2.807731883,0.0,0.8551912548,0.0,0.0,0.0,0,0;                       1317P   2890
126,5,5,0,0,1,0,0.0,0.0,0.0,0.0,0.0,0.0,1.180862458,1.180862458,    1319P   2891
1.180862458,1.180862458,1.180862458,1.180862458,1.0,1.0,1.0,1.0,    1319P   2892
1.0,1.0,-3.846823095,44.99999782,2.807731883,-3.846823206,          1319P   2893
44.72927318,2.807731731,-3.864067343,44.45854816,2.78410585,        1319P   2894
-3.898572591,44.19227312,2.736867638,-3.948870701,43.93496568,      1319P   2895
2.664822072,-4.011385278,43.69037452,2.567137565,0.0,               1319P   2896
1.180862458,0.0,0.0,0.0,0,0;                                        1319P   2897
126,1,1,0,0,1,0,8.87793912E-006,8.87793912E-006,0.8551873465,       1321P   2898
0.8551873465,1.0,1.0,-4.011382647,43.69037819,2.567129149,          1321P   2899
-3.757972957,44.04350564,1.756479518,8.848844209E-006,              1321P   2900
0.8551873465,0.0,0.0,0.0,0,0;                                       1321P   2901
126,5,5,0,0,1,0,4.004394346,4.004394346,4.004394346,4.004394346,    1323P   2902
4.004394346,4.004394346,5.185256804,5.185256804,5.185256804,        1323P   2903
5.185256804,5.185256804,5.185256804,1.0,1.0,1.0,1.0,1.0,1.0,        1323P   2904
-3.757965189,44.04351646,1.756454668,-3.744930594,44.21830729,      1323P   2905
1.851640183,-3.732997595,44.40565967,1.925476893,-3.724792586,      1323P   2906
44.60123995,1.975154629,-3.720697917,44.80061915,1.99999984,        1323P   2907
-3.720697891,44.99999839,2.0,4.004394951,5.185256804,0.0,0.0,       1323P   2908
0.0,0,0;                                                            1323P   2909
102,4,1317,1319,1321,1323,0,0;                                      1325P   2910
110,5.185256804,0.0,0.0,5.185256804,0.8551912548,0.0,0,0;           1327P   2911
110,4.004394346,0.0,0.0,5.185256804,0.0,0.0,0,0;                    1329P   2912
110,4.004394346,8.848844209E-006,0.0,4.004394346,0.8551873465,      1331P   2913
0.0,0,0;                                                            1331P   2914
110,4.004394951,0.8552135613,0.0,5.185256804,0.8552135613,0.0,0,    1333P   2915
0;                                                                  1333P   2916
102,4,1327,1329,1331,1333,0,0;                                      1335P   2917
142,0,1315,1335,1325,1,0,0;                                         1337P   2918
144,1315,1,0,1337,0,0;                                              1339P   2919
128,11,5,5,5,0,0,1,0,0,-1.547326095,-1.547326095,-1.547326095,      1341P   2920
-1.547326095,-1.547326095,-1.547326095,-0.7019497366,               1341P   2921
-0.7019497366,-0.7019497366,0.8661033248,0.8661033248,              1341P   2922
0.8661033248,1.758741517,1.758741517,1.758741517,1.758741517,       1341P   2923
1.758741517,1.758741517,-0.7421824356,-0.7421824356,                1341P   2924
-0.7421824356,-0.7421824356,-0.7421824356,-0.7421824356,            1341P   2925
0.984663612,0.984663612,0.984663612,0.984663612,0.984663612,        1341P   2926
0.984663612,1.0,1.0,1.0,1.0,1.0,1.0,1.0,1.0,1.0,1.0,1.0,1.0,1.0,    1341P   2927
1.0,1.0,1.0,1.0,1.0,1.0,1.0,1.0,1.0,1.0,1.0,1.0,1.0,1.0,1.0,1.0,    1341P   2928
1.0,1.0,1.0,1.0,1.0,1.0,1.0,1.0,1.0,1.0,1.0,1.0,1.0,1.0,1.0,1.0,    1341P   2929
1.0,1.0,1.0,1.0,1.0,1.0,1.0,1.0,1.0,1.0,1.0,1.0,1.0,1.0,1.0,1.0,    1341P   2930
1.0,1.0,1.0,1.0,1.0,1.0,1.0,1.0,1.0,1.0,1.0,-5.098082505,           1341P   2931
41.66399272,0.31675402,-5.027860631,41.73896371,0.4503242353,       1341P   2932
-4.959307362,41.81509134,0.5835827529,-4.892353463,41.8923276,      1341P   2933
0.7165425059,-4.706404599,42.11642721,1.09515328,-4.541979007,      1341P   2934
42.35544617,1.469743478,-4.450550741,42.521418,1.710245003,         1341P   2935
-4.332332395,42.7993792,2.082937684,-4.239049165,43.09462475,       1341P   2936
2.450972451,-4.207452281,43.20328218,2.584061525,-4.178598496,      1341P   2937
43.31384105,2.716638184,-4.152308515,43.42617708,2.848735921,       1341P   2938
-4.905155518,41.85685169,0.1115405317,-4.833176802,41.93060489,     1341P   2939
0.2454389274,-4.762844758,42.00549952,0.3790297225,-4.694036528,    1341P   2940
42.08145041,0.5123358672,-4.504331445,42.30294631,0.8916483084,     1341P   2941
-4.340580448,42.54243288,1.266112491,-4.255520836,42.71281929,      1341P   2942
1.505424342,-4.154073533,43.00240573,1.874984169,-4.085042854,      1341P   2943
43.31446249,2.238488527,-4.062014922,43.42905968,2.369976909,       1341P   2944
-4.041738512,43.54556415,2.500951303,-4.024312892,43.66404472,      1341P   2945
2.631393166,-4.712457853,42.04986963,-0.0937157945,-4.63869664,     1341P   2946
42.12238725,0.04051557419,-4.566942982,42.19629645,0.1743719288,    1341P   2947
-4.496913113,42.27140054,0.3079062771,-4.301050487,42.4886282,      1341P   2948
0.6883689558,-4.140840609,42.73056937,1.062171653,-4.06320816,      1341P   2949
42.90610409,1.3000961,-3.986121878,43.21257693,1.665105255,         1341P   2950
-3.939591532,43.54023031,2.02440652,-3.929227009,43.66360544,       1341P   2951
2.15352936,-3.919159448,43.78718641,2.282596727,-3.911137709,       1341P   2952
43.91218549,2.411281932,-4.516925262,42.24092247,-0.2984425526,     1341P   2953
-4.441275028,42.31213068,-0.1638583122,-4.367033565,42.3843154,     1341P   2954
-0.02953723222,-4.295148246,42.45813334,0.1043437169,               1341P   2955
-4.097682209,42.67424956,0.4851059146,-3.937751443,42.9163842,      1341P   2956
0.858856473,-3.868738875,43.09789399,1.095170715,-3.826630026,      1341P   2957
43.42861224,1.453646038,-3.819229328,43.78338923,1.805637832,       1341P   2958
-3.811534381,43.90861483,1.934261992,-3.806355829,44.03558473,      1341P   2959
2.062416085,-3.800349083,44.16198055,2.190724886,-4.335308277,      1341P   2960
42.44162124,-0.5057687646,-4.256205812,42.51043645,                 1341P   2961
-0.3705396429,-4.179126256,42.58065388,-0.2356884034,               1341P   2962
-4.102441085,42.6511447,-0.1009108354,-3.891776148,42.85811179,     1341P   2963
0.2823169348,-3.726991403,43.09688179,0.6569742231,-3.684165904,    1341P   2964
43.29654375,0.8883966848,-3.683134492,43.65573576,1.239198687,      1341P   2965
-3.713522614,44.03670694,1.584131478,-3.720378319,44.17201866,      1341P   2966
1.710037556,-3.724274988,44.30527926,1.836496386,-3.727301497,      1341P   2967
44.43793668,1.963117764,-4.164897825,42.65008807,-0.7151883723,     1341P   2968
-4.082509745,42.71662578,-0.5793454931,-4.001319673,42.78399392,    1341P   2969
-0.4437264036,-3.923654197,42.85380521,-0.3087657134,               1341P   2970
-3.692122009,43.04630769,0.07836008767,-3.519775734,43.27983624,    1341P   2971
0.4544298798,-3.507755678,43.50085169,0.6800978431,-3.546296953,    1341P   2972
43.88747442,1.023507614,-3.615681043,44.29547655,1.361155905,       1341P   2973
-3.635744886,44.43994379,1.484594685,-3.651785593,44.58162231,      1341P   2974
1.608784993,-3.665655698,44.72179622,1.733380771,-1.547326095,      1341P   2975
1.758741517,-0.7421824356,0.984663612,0,0;                          1341P   2976
126,3,3,0,0,1,0,0.0,0.0,0.0,0.0,2.001619167,2.001619167,            1343P   2977
2.001619167,2.001619167,1.0,1.0,1.0,1.0,-4.762342218,               1343P   2978
41.99989063,2.947391238E-005,-4.429361185,42.33346207,              1343P   2979
-3.566340112E-005,-4.094838846,42.66596511,0.0001871184344,         1343P   2980
-3.762439868,42.99994001,1.325253424E-005,0.0,2.001619167,0.0,      1343P   2981
0.0,0.0,0,0;                                                        1343P   2982
126,5,5,0,0,1,0,0.0,0.0,0.0,0.0,0.0,0.0,3.085295309,3.085295309,    1345P   2983
3.085295309,3.085295309,3.085295309,3.085295309,1.0,1.0,1.0,1.0,    1345P   2984
1.0,1.0,-3.762439747,42.99994003,4.716986302E-007,-3.764095817,     1345P   2985
43.00159212,0.4215744195,-3.769186724,43.11024434,0.8513601489,     1345P   2986
-3.790463439,43.33618119,1.232256996,-3.785403544,43.66371702,      1345P   2987
1.549953545,-3.757761552,44.0434757,1.756503639,0.0,3.085295309,    1345P   2988
0.0,0.0,0.0,0,0;                                                    1345P   2989
126,3,3,0,0,1,0,0.0,0.0,0.0,0.0,1.305381761,1.305381761,            1347P   2990
1.305381761,1.305381761,1.0,1.0,1.0,1.0,-3.757776287,               1347P   2991
44.04338608,1.75649024,-3.843732976,43.92670021,2.026440711,        1347P   2992
-3.926947152,43.8081132,2.296903466,-4.01146082,43.69042689,        1347P   2993
2.567123454,0.0,1.305381761,0.0,0.0,0.0,0,0;                        1347P   2994
126,5,5,0,0,1,0,0.0,0.0,0.0,0.0,0.0,0.0,3.540022683,3.540022683,    1349P   2995
3.540022683,3.540022683,3.540022683,3.540022683,1.0,1.0,1.0,1.0,    1349P   2996
1.0,1.0,-4.011466546,43.69040459,2.567114425,-4.127280539,          1349P   2997
43.24101414,2.387257681,-4.278210503,42.84393458,2.124926878,       1349P   2998
-4.447018826,42.5202927,1.785957691,-4.58840893,42.27697297,        1349P   2999
1.362050299,-4.678035997,42.13233282,0.8931323824,0.0,              1349P   3000
3.540022683,0.0,0.0,0.0,0,0;                                        1349P   3001
126,3,3,0,0,1,0,0.0,0.0,0.0,0.0,1.300114423,1.300114423,            1351P   3002
1.300114423,1.300114423,1.0,1.0,1.0,1.0,-4.678036917,               1351P   3003
42.13233133,0.8931275656,-4.732291815,42.04477484,0.6092709368,     1351P   3004
-4.762203716,41.99979462,0.3050453012,-4.762342218,41.99989063,     1351P   3005
2.947391238E-005,0.0,1.300114423,0.0,0.0,0.0,0,0;                   1351P   3006
102,5,1343,1345,1347,1349,1351,0,0;                                 1353P   3007
126,8,5,1,0,1,0,0.0,0.0,0.0,0.0,0.0,0.0,1.601347266,1.601347266,    1355P   3008
1.601347266,2.001619167,2.001619167,2.001619167,2.001619167,        1355P   3009
2.001619167,2.001619167,1.0,1.0,1.0,1.0,1.0,1.0,1.0,1.0,1.0,        1355P   3010
-1.514913667,-0.165929977,0.0,-1.379012873,0.01546014142,0.0,       1355P   3011
-1.243125416,0.1968520059,0.0,-1.107180237,0.3782361342,0.0,        1355P   3012
-0.9372107344,0.6049526898,0.0,-0.7674208662,0.8316945212,0.0,      1355P   3013
-0.7334753274,0.8770381778,0.0,-0.6995309446,0.9223813146,0.0,      1355P   3014
-0.6655612553,0.9677214909,0.0,0.0,2.001619167,0.0,0.0,1.0,0,0;     1355P   3015
126,11,5,1,0,1,0,0.0,0.0,0.0,0.0,0.0,0.0,1.001282934,               1357P   3016
1.001282934,1.001282934,2.487384066,2.487384066,2.487384066,        1357P   3017
3.085295309,3.085295309,3.085295309,3.085295309,3.085295309,        1357P   3018
3.085295309,1.0,1.0,1.0,1.0,1.0,1.0,1.0,1.0,1.0,1.0,1.0,1.0,        1357P   3019
-0.6655714146,0.9677294586,0.0,-0.5561735106,0.883298286,0.0,       1357P   3020
-0.4401049391,0.8048956872,0.0,-0.3169907747,0.7333853693,0.0,      1357P   3021
-0.00154341819,0.5777116086,0.0,0.3369066874,0.4781090811,0.0,      1357P   3022
0.5433676607,0.4414289582,0.0,0.8346015494,0.4245309791,0.0,        1357P   3023
1.117392076,0.4585865294,0.0,1.197866508,0.4727016872,0.0,          1357P   3024
1.276524871,0.4909992538,0.0,1.353270693,0.5134001612,0.0,0.0,      1357P   3025
3.085295309,0.0,0.0,1.0,0,0;                                        1357P   3026
126,5,5,1,0,1,0,0.0,0.0,0.0,0.0,0.0,0.0,1.305381761,1.305381761,    1359P   3027
1.305381761,1.305381761,1.305381761,1.305381761,1.0,1.0,1.0,1.0,    1359P   3028
1.0,1.0,1.353203322,0.5133466923,0.0,1.427828517,0.3437920511,      1359P   3029
0.0,1.502884374,0.1745030259,0.0,1.57731764,0.004860581732,0.0,     1359P   3030
1.651703977,-0.1648719463,0.0,1.726329089,-0.3344266366,0.0,0.0,    1359P   3031
1.305381761,0.0,0.0,1.0,0,0;                                        1359P   3032
126,8,5,1,0,1,0,0.0,0.0,0.0,0.0,0.0,0.0,1.246986073,1.246986073,    1361P   3033
1.246986073,3.540022683,3.540022683,3.540022683,3.540022683,        1361P   3034
3.540022683,3.540022683,1.0,1.0,1.0,1.0,1.0,1.0,1.0,1.0,1.0,        1361P   3035
1.726307249,-0.3344375172,0.0,1.571785997,-0.4122426593,0.0,        1361P   3036
1.412065678,-0.4819589587,0.0,1.246910947,-0.5434535119,0.0,        1361P   3037
0.7697524401,-0.6893796415,0.0,0.2682172595,-0.7490843756,0.0,      1361P   3038
-0.06171037117,-0.7452628263,0.0,-0.3891408284,-0.6930700389,       1361P   3039
0.0,-0.7019447762,-0.592792948,0.0,0.0,3.540022683,0.0,0.0,1.0,     1361P   3040
0,0;                                                                1361P   3041
126,5,5,1,0,1,0,0.0,0.0,0.0,0.0,0.0,0.0,1.300114423,1.300114423,    1363P   3042
1.300114423,1.300114423,1.300114423,1.300114423,1.0,1.0,1.0,1.0,    1363P   3043
1.0,1.0,-0.7019497366,-0.5927913577,0.0,-0.8773459232,              1363P   3044
-0.5365633715,0.0,-1.048126587,-0.4649509195,0.0,-1.212567901,      1363P   3045
-0.378797649,0.0,-1.368827135,-0.2789077612,0.0,-1.514913667,       1363P   3046
-0.165929977,0.0,0.0,1.300114423,0.0,0.0,1.0,0,0;                   1363P   3047
102,5,1355,1357,1359,1361,1363,0,0;                                 1365P   3048
142,0,1341,1365,1353,1,0,0;                                         1367P   3049
144,1341,1,0,1367,0,0;                                              1369P   3050
314,50.19607843,25.09803922,25.09803922,5HColor,0,0;                1371P   3051
128,26,1,5,1,0,0,1,0,0,0.0,0.0,0.0,0.0,0.0,0.0,1.206327817,         1373P   3052
1.206327817,1.206327817,2.144327786,2.144327786,2.144327786,        1373P   3053
3.05598082,3.05598082,3.05598082,3.950348565,3.950348565,           1373P   3054
3.950348565,4.844716896,4.844716896,4.844716896,5.75636981,         1373P   3055
5.75636981,5.75636981,6.694361551,6.694361551,6.694361551,          1373P   3056
7.900807361,7.900807361,7.900807361,7.900807361,7.900807361,        1373P   3057
7.900807361,0.0,0.0,1.119182653,1.119182653,1.0,1.0,1.0,1.0,1.0,    1373P   3058
1.0,1.0,1.0,1.0,1.0,1.0,1.0,1.0,1.0,1.0,1.0,1.0,1.0,1.0,1.0,1.0,    1373P   3059
1.0,1.0,1.0,1.0,1.0,1.0,1.0,1.0,1.0,1.0,1.0,1.0,1.0,1.0,1.0,1.0,    1373P   3060
1.0,1.0,1.0,1.0,1.0,1.0,1.0,1.0,1.0,1.0,1.0,1.0,1.0,1.0,1.0,1.0,    1373P   3061
1.0,-4.7625,12.0,0.0,-4.7625,12.0,0.3072269405,-4.737726144,        1373P   3062
12.03759454,0.6144530998,-4.688216438,12.1125889,0.9087044594,      1373P   3063
-4.568475955,12.30775367,1.393805229,-4.416080129,12.59779716,      1373P   3064
1.797296012,-4.346610185,12.74078136,1.956481887,-4.210763044,      1373P   3065
13.04992955,2.235884527,-4.087409429,13.40587501,2.448300938,       1373P   3066
-4.032100874,13.59102442,2.536935881,-3.93743244,13.97362334,       1373P   3067
2.681452938,-3.877158946,14.38005774,2.76617521,-3.856937926,       1373P   3068
14.5853553,2.793873734,-3.836713412,14.99993393,2.821582979,        1373P   3069
-3.856927631,15.41451315,2.79388784,-3.877143487,15.61981167,       1373P   3070
2.766196663,-3.937407511,16.02625163,2.681488988,-4.032068076,      1373P   3071
16.40885726,2.536987526,-4.087373093,16.59401049,2.44836103,        1373P   3072
-4.210721406,16.94996536,2.235961598,-4.346566463,17.25912461,      1373P   3073
1.956577795,-4.416036868,17.40211621,1.797400983,-4.568445056,      1373P   3074
17.69219477,1.393908219,-4.688200769,17.88738701,0.9087960109,      1373P   3075
-4.737721297,17.9623981,0.6145147631,-4.7625,18.0,0.3072569909,     1373P   3076
-4.7625,18.0,0.0,-3.7625,13.0,0.0,-3.7625,13.0,0.1618115645,        1373P   3077
-3.769023999,13.01636436,0.3236235758,-3.782296789,13.04878922,     1373P   3078
0.4883344254,-3.803087638,13.1439261,0.7895226413,-3.808615622,     1373P   3079
13.31003749,1.085175942,-3.806520451,13.39704906,1.210934705,       1373P   3080
-3.794800099,13.59537919,1.444610195,-3.773917868,13.84055632,      1373P   3081
1.640662412,-3.762749626,13.97139958,1.725827755,-3.742218955,      1373P   3082
14.24616772,1.868539002,-3.727894212,14.54369475,1.956297418,       1373P   3083
-3.723099688,14.6946289,1.985426633,-3.718297317,14.9999511,        1373P   3084
2.014565949,-3.723097243,15.30527471,1.985441467,-3.727890454,      1373P   3085
15.45620964,1.956319728,-3.742213241,15.75374109,1.86857581,        1373P   3086
-3.762742746,16.0285165,1.725877786,-3.773910914,16.15936369,       1373P   3087
1.64071904,-3.794794575,16.40455049,1.444678629,-3.806517963,       1373P   3088
16.60289245,1.211012087,-3.808615942,16.68991114,1.085256117,       1373P   3089
-3.803091234,16.8560475,0.7895910509,-3.78230174,16.95120061,       1373P   3090
0.4883856232,-3.769025275,16.98363243,0.3236543361,-3.7625,17.0,    1373P   3091
0.1618273915,-3.7625,17.0,0.0,0.0,7.900807361,0.0,1.119182653,0,    1373P   3092
0;                                                                  1373P   3093
126,26,5,0,0,1,0,0.0,0.0,0.0,0.0,0.0,0.0,1.206327817,               1375P   3094
1.206327817,1.206327817,2.144327786,2.144327786,2.144327786,        1375P   3095
3.05598082,3.05598082,3.05598082,3.950348565,3.950348565,           1375P   3096
3.950348565,4.844716896,4.844716896,4.844716896,5.75636981,         1375P   3097
5.75636981,5.75636981,6.694361551,6.694361551,6.694361551,          1375P   3098
7.900807361,7.900807361,7.900807361,7.900807361,7.900807361,        1375P   3099
7.900807361,1.0,1.0,1.0,1.0,1.0,1.0,1.0,1.0,1.0,1.0,1.0,1.0,1.0,    1375P   3100
1.0,1.0,1.0,1.0,1.0,1.0,1.0,1.0,1.0,1.0,1.0,1.0,1.0,1.0,-3.7625,    1375P   3101
13.0,0.0,-3.7625,13.0,0.1618115645,-3.769023999,13.01636436,        1375P   3102
0.3236235758,-3.782296789,13.04878922,0.4883344254,-3.803087638,    1375P   3103
13.1439261,0.7895226413,-3.808615622,13.31003749,1.085175942,       1375P   3104
-3.806520451,13.39704906,1.210934705,-3.794800099,13.59537919,      1375P   3105
1.444610195,-3.773917868,13.84055632,1.640662412,-3.762749626,      1375P   3106
13.97139958,1.725827755,-3.742218955,14.24616772,1.868539002,       1375P   3107
-3.727894212,14.54369475,1.956297418,-3.723099688,14.6946289,       1375P   3108
1.985426633,-3.718297317,14.9999511,2.014565949,-3.723097243,       1375P   3109
15.30527471,1.985441467,-3.727890454,15.45620964,1.956319728,       1375P   3110
-3.742213241,15.75374109,1.86857581,-3.762742746,16.0285165,        1375P   3111
1.725877786,-3.773910914,16.15936369,1.64071904,-3.794794575,       1375P   3112
16.40455049,1.444678629,-3.806517963,16.60289245,1.211012087,       1375P   3113
-3.808615942,16.68991114,1.085256117,-3.803091234,16.8560475,       1375P   3114
0.7895910509,-3.78230174,16.95120061,0.4883856232,-3.769025275,     1375P   3115
16.98363243,0.3236543361,-3.7625,17.0,0.1618273915,-3.7625,17.0,    1375P   3116
0.0,0.0,7.900807361,0.0,0.0,0.0,0,0;                                1375P   3117
126,1,1,0,0,1,0,0.0,0.0,1.119182653,1.119182653,1.0,1.0,-3.7625,    1377P   3118
17.0,0.0,-4.7625,18.0,0.0,0.0,1.119182653,0.0,0.0,0.0,0,0;          1377P   3119
126,26,5,0,0,1,0,0.0,0.0,0.0,0.0,0.0,0.0,1.20644581,1.20644581,     1379P   3120
1.20644581,2.144437551,2.144437551,2.144437551,3.056090465,         1379P   3121
3.056090465,3.056090465,3.950458796,3.950458796,3.950458796,        1379P   3122
4.844826541,4.844826541,4.844826541,5.756479575,5.756479575,        1379P   3123
5.756479575,6.694479544,6.694479544,6.694479544,7.900807361,        1379P   3124
7.900807361,7.900807361,7.900807361,7.900807361,7.900807361,1.0,    1379P   3125
1.0,1.0,1.0,1.0,1.0,1.0,1.0,1.0,1.0,1.0,1.0,1.0,1.0,1.0,1.0,1.0,    1379P   3126
1.0,1.0,1.0,1.0,1.0,1.0,1.0,1.0,1.0,1.0,-4.7625,18.0,0.0,           1379P   3127
-4.7625,18.0,0.3072569909,-4.737721297,17.9623981,0.6145147631,     1379P   3128
-4.688200769,17.88738701,0.9087960109,-4.568445056,17.69219477,     1379P   3129
1.393908219,-4.416036868,17.40211621,1.797400983,-4.346566463,      1379P   3130
17.25912461,1.956577795,-4.210721406,16.94996536,2.235961598,       1379P   3131
-4.087373093,16.59401049,2.44836103,-4.032068076,16.40885726,       1379P   3132
2.536987526,-3.937407511,16.02625163,2.681488988,-3.877143487,      1379P   3133
15.61981167,2.766196663,-3.856927631,15.41451315,2.79388784,        1379P   3134
-3.836713412,14.99993393,2.821582979,-3.856937926,14.5853553,       1379P   3135
2.793873734,-3.877158946,14.38005774,2.76617521,-3.93743244,        1379P   3136
13.97362334,2.681452938,-4.032100874,13.59102442,2.536935881,       1379P   3137
-4.087409429,13.40587501,2.448300938,-4.210763044,13.04992955,      1379P   3138
2.235884527,-4.346610185,12.74078136,1.956481887,-4.416080129,      1379P   3139
12.59779716,1.797296012,-4.568475955,12.30775367,1.393805229,       1379P   3140
-4.688216438,12.1125889,0.9087044594,-4.737726144,12.03759454,      1379P   3141
0.6144530998,-4.7625,12.0,0.3072269405,-4.7625,12.0,0.0,0.0,        1379P   3142
7.900807361,0.0,0.0,0.0,0,0;                                        1379P   3143
126,1,1,0,0,1,0,0.0,0.0,1.119182653,1.119182653,1.0,1.0,-4.7625,    1381P   3144
12.0,0.0,-3.7625,13.0,0.0,0.0,1.119182653,0.0,0.0,0.0,0,0;          1381P   3145
102,4,1375,1377,1379,1381,0,0;                                      1383P   3146
110,0.0,1.119182653,0.0,7.900807361,1.119182653,0.0,0,0;            1385P   3147
110,7.900807361,0.0,0.0,7.900807361,1.119182653,0.0,0,0;            1387P   3148
110,0.0,0.0,0.0,7.900807361,0.0,0.0,0,0;                            1389P   3149
110,0.0,0.0,0.0,0.0,1.119182653,0.0,0,0;                            1391P   3150
102,4,1385,1387,1389,1391,0,0;                                      1393P   3151
142,0,1373,1393,1383,1,0,0;                                         1395P   3152
144,1373,1,0,1395,0,0;                                              1397P   3153
128,20,5,5,5,0,0,1,0,0,-2.440719398,-2.440719398,-2.440719398,      1399P   3154
-2.440719398,-2.440719398,-2.440719398,-1.792540645,                1399P   3155
-1.792540645,-1.792540645,-1.458630417,-1.458630417,                1399P   3156
-1.458630417,-0.01982950714,-0.01982950714,-0.01982950714,          1399P   3157
1.620944965,1.620944965,1.620944965,2.495313489,2.495313489,        1399P   3158
2.495313489,3.328689758,3.328689758,3.328689758,3.328689758,        1399P   3159
3.328689758,3.328689758,-1.214891602,-1.214891602,-1.214891602,     1399P   3160
-1.214891602,-1.214891602,-1.214891602,1.824058299,1.824058299,     1399P   3161
1.824058299,1.824058299,1.824058299,1.824058299,1.0,1.0,1.0,1.0,    1399P   3162
1.0,1.0,1.0,1.0,1.0,1.0,1.0,1.0,1.0,1.0,1.0,1.0,1.0,1.0,1.0,1.0,    1399P   3163
1.0,1.0,1.0,1.0,1.0,1.0,1.0,1.0,1.0,1.0,1.0,1.0,1.0,1.0,1.0,1.0,    1399P   3164
1.0,1.0,1.0,1.0,1.0,1.0,1.0,1.0,1.0,1.0,1.0,1.0,1.0,1.0,1.0,1.0,    1399P   3165
1.0,1.0,1.0,1.0,1.0,1.0,1.0,1.0,1.0,1.0,1.0,1.0,1.0,1.0,1.0,1.0,    1399P   3166
1.0,1.0,1.0,1.0,1.0,1.0,1.0,1.0,1.0,1.0,1.0,1.0,1.0,1.0,1.0,1.0,    1399P   3167
1.0,1.0,1.0,1.0,1.0,1.0,1.0,1.0,1.0,1.0,1.0,1.0,1.0,1.0,1.0,1.0,    1399P   3168
1.0,1.0,1.0,1.0,1.0,1.0,1.0,1.0,1.0,1.0,1.0,1.0,1.0,1.0,1.0,1.0,    1399P   3169
1.0,1.0,1.0,1.0,1.0,1.0,1.0,1.0,1.0,1.0,3.97309115,13.87786319,     1399P   3170
-2.681554569,3.946539442,13.90488236,-2.560592561,3.919076856,      1399P   3171
13.93134946,-2.439600062,3.890759659,13.95729858,-2.318578954,      1399P   3172
3.847284521,13.9962698,-2.135194555,3.802033395,14.03416461,        1399P   3173
-1.951750704,3.786400143,14.04689861,-1.889371502,3.701724133,      1399P   3174
14.11348455,-1.558147495,3.604882556,14.17269712,-1.22651624,       1399P   3175
3.529301631,14.22258636,-0.9574525659,3.420818576,14.3616656,       1399P   3176
-0.3833389089,3.418546625,14.56511793,0.1872192894,3.452027166,     1399P   3177
14.69454154,0.4900470867,3.535920053,14.91267556,0.953161469,       1399P   3178
3.629352397,15.13659131,1.415956514,3.660181587,15.21343263,        1399P   3179
1.576898653,3.712931425,15.35898944,1.891487455,3.769401891,        1399P   3180
15.50680128,2.205951708,3.800780336,15.58124901,2.359281767,        1399P   3181
3.833579534,15.65655784,2.512564267,3.86794296,15.73281473,         1399P   3182
2.665794403,4.103114112,13.31922025,-2.50981346,4.071538804,        1399P   3183
13.34319469,-2.388683286,4.039224973,13.36672151,-2.267528389,      1399P   3184
4.006363825,13.38991661,-2.14635517,3.953124159,13.42296968,        1399P   3185
-1.9626439,3.893248444,13.45200072,-1.778710485,3.872061042,        1399P   3186
13.46136843,-1.716145356,3.754595172,13.50808089,-1.383823695,      1399P   3187
3.630342509,13.55067997,-1.051274843,3.553634112,13.59988587,       1399P   3188
-0.7821734263,3.430479849,13.73007309,-0.2075686449,3.421819351,    1399P   3189
13.92965341,0.3632034126,3.448322985,14.05484841,0.6662647646,      1399P   3190
3.528447089,14.27069822,1.129505308,3.62562012,14.49688115,         1399P   3191
1.592175133,3.660453718,14.57614949,1.752983223,3.712382299,        1399P   3192
14.72120855,2.067599516,3.7520382,14.85882931,2.382626643,          1399P   3193
3.775708839,14.92860545,2.536214725,3.799539649,14.99847866,        1399P   3194
2.689797444,3.825192019,15.0694559,2.843319186,4.304847831,         1399P   3195
12.80404022,-2.340472897,4.265004329,12.82300342,-2.219065941,      1399P   3196
4.22273288,12.84049506,-2.097577709,4.177704785,12.85631595,        1399P   3197
-1.975997197,4.105297616,12.87775185,-1.791644287,4.03215519,       1399P   3198
12.89874213,-1.607266764,4.007468209,12.90598879,-1.544584485,      1399P   3199
3.881037392,12.94726772,-1.211962719,3.768350945,12.99687692,       1399P   3200
-0.8798010505,3.685315453,13.04224806,-0.6104878323,3.560016146,    1399P   3201
13.17113519,-0.03581124461,3.532201992,13.35910674,0.5356019891,    1399P   3202
3.548349179,13.47802485,0.8390100272,3.602664097,13.67823206,       1399P   3203
1.303114544,3.683092442,13.89426627,1.766344903,3.713197264,        1399P   3204
13.97066856,1.92731129,3.77032883,14.11888108,2.241753412,          1399P   3205
3.804487326,14.25316993,2.556964567,3.812231334,14.31329316,        1399P   3206
2.711085799,3.824463011,14.3761363,2.865056804,3.836660709,         1399P   3207
14.43895884,3.019028946,4.633775158,12.36595049,-2.17539019,        1399P   3208
4.585935032,12.38006704,-2.053715545,4.538096361,12.39418447,       1399P   3209
-1.932040947,4.490532595,12.40846852,-1.810375553,4.419581958,      1399P   3210
12.43078721,-1.626071401,4.348958096,12.45330395,-1.441778188,      1399P   3211
4.324961975,12.46096933,-1.379119036,4.195748322,12.50056162,       1399P   3212
-1.046404113,4.067783752,12.54091097,-0.713731003,3.977807227,      1399P   3213
12.58207524,-0.444185431,3.827683763,12.69591679,0.1313221552,      1399P   3214
3.772463593,12.86727793,0.703652816,3.768938243,12.97427278,        1399P   3215
1.0077194,3.797592504,13.15892742,1.472682917,3.848893743,          1399P   3216
13.35730809,1.936888318,3.86713257,13.42651856,2.098251924,         1399P   3217
3.900897082,13.56056863,2.413476268,3.939244539,13.69739636,        1399P   3218
2.728547195,3.958920979,13.76475167,2.882268984,3.972837075,        1399P   3219
13.82861571,3.036183602,3.984434247,13.89107428,3.190175848,        1399P   3220
5.058682849,11.98603315,-2.013520464,5.011083462,12.00029561,       1399P   3221
-1.891853877,4.963195303,12.01438304,-1.770177624,4.914901506,      1399P   3222
12.02822463,-1.648487791,4.841034398,12.04877568,-1.464086009,      1399P   3223
4.767340654,12.06943181,-1.27969003,4.742352936,12.0764962,         1399P   3224
-1.216997684,4.611202951,12.11491491,-0.8842179414,4.487428726,     1399P   3225
12.15780396,-0.5516851053,4.396429172,12.19834819,-0.282105287,     1399P   3226
4.236972865,12.30653323,0.2937147197,4.159667357,12.46450875,       1399P   3227
0.866784696,4.1444849,12.56443839,1.171241506,4.152907415,          1399P   3228
12.73683085,1.636882289,4.187018464,12.92479277,2.101663138,        1399P   3229
4.200685183,12.99123216,2.263179798,4.226505907,13.1204676,         1399P   3230
2.578670062,4.246205934,13.24599338,2.89436522,4.254139528,         1399P   3231
13.30623151,3.048480105,4.261903067,13.36636657,3.202600683,        1399P   3232
4.268518357,13.42580569,3.356759699,5.594646727,11.67342543,        1399P   3233
-1.855368388,5.545926271,11.68700843,-1.733664273,5.497054322,      1399P   3234
11.7004996,-1.611955086,5.44805599,11.71391418,-1.490241669,        1399P   3235
5.373961849,11.73432763,-1.305832287,5.300887188,11.75535898,       1399P   3236
-1.121457032,5.276210996,11.76261218,-1.058775114,5.146298943,      1399P   3237
11.80178118,-0.7260368122,5.024032283,11.84558395,-0.3935544424,    1399P   3238
4.934010032,11.8867205,-0.1240073397,4.77019265,11.99226236,        1399P   3239
0.4519586557,4.677299442,12.14079039,1.025550436,4.650626925,       1399P   3240
12.23375606,1.330391881,4.639569963,12.39434227,1.796684747,        1399P   3241
4.653224204,12.56990561,2.262150396,4.659623423,12.63194026,        1399P   3242
2.423910338,4.671749822,12.75287576,2.739859025,4.680855797,        1399P   3243
12.87198063,3.055908823,4.683967262,12.92929613,3.210185131,        1399P   3244
4.685879764,12.98588496,3.364501574,4.686593406,13.04174718,        1399P   3245
3.51885815,-2.440719398,3.328689758,-1.214891602,1.824058299,0,     1399P   3246
0;                                                                  1399P   3247
126,3,3,0,0,1,0,0.0,0.0,0.0,0.0,1.171979993,1.171979993,            1401P   3248
1.171979993,1.171979993,1.0,1.0,1.0,1.0,3.846877323,15.0002106,     1401P   3249
2.807738257,3.805065498,15.00035003,2.538492715,3.763339833,        1401P   3250
15.00054074,2.269244238,3.720767292,15.00021729,2.000024068,0.0,    1401P   3251
1.171979993,0.0,0.0,0.0,0,0;                                        1401P   3252
126,17,5,0,0,1,0,0.0,0.0,0.0,0.0,0.0,0.0,0.4764711385,              1403P   3253
0.4764711385,0.4764711385,0.9558632008,0.9558632008,                1403P   3254
0.9558632008,1.433210645,1.433210645,1.433210645,2.881324864,       1403P   3255
2.881324864,2.881324864,4.41090042,4.41090042,4.41090042,           1403P   3256
4.41090042,4.41090042,4.41090042,1.0,1.0,1.0,1.0,1.0,1.0,1.0,       1403P   3257
1.0,1.0,1.0,1.0,1.0,1.0,1.0,1.0,1.0,1.0,1.0,3.720758774,            1403P   3258
15.00010857,1.999973171,3.72048289,14.93451332,2.000018901,         1403P   3259
3.720447759,14.86573252,1.997371049,3.720698637,14.79749941,        1403P   3260
1.991583849,3.721617144,14.66063766,1.974073227,3.723230768,        1403P   3261
14.52567949,1.944842442,3.724179775,14.45906315,1.927425117,        1403P   3262
3.726174062,14.32817452,1.886930531,3.72844151,14.20053999,         1403P   3263
1.835076133,3.729662306,14.13706043,1.80611855,3.734712983,         1403P   3264
13.89004499,1.680139499,3.740755526,13.66751704,1.513074874,        1403P   3265
3.746057138,13.51841617,1.367089722,3.75694795,13.2541462,          1403P   3266
1.031056749,3.767745333,13.08685658,0.6401588356,3.773127441,       1403P   3267
13.02884039,0.4295615544,3.777827943,13.00008981,0.2145215091,      1403P   3268
3.781626558,13.00010077,3.204741035E-006,0.0,4.41090042,0.0,0.0,    1403P   3269
0.0,0,0;                                                            1403P   3270
126,11,5,0,0,1,0,0.0,0.0,0.0,0.0,0.0,0.0,1.46511803,1.46511803,     1405P   3271
1.46511803,2.43938471,2.43938471,2.43938471,3.04308651,             1405P   3272
3.04308651,3.04308651,3.04308651,3.04308651,3.04308651,1.0,1.0,     1405P   3273
1.0,1.0,1.0,1.0,1.0,1.0,1.0,1.0,1.0,1.0,3.781626558,13.00010077,    1405P   3274
3.204747317E-006,3.785295189,13.00011135,-0.2071745644,             1405P   3275
3.788122778,13.02694878,-0.4138753948,3.789848505,13.08043175,      1405P   3276
-0.6158551127,3.790273224,13.21146087,-0.9366099799,3.786602045,    1405P   3277
13.40737752,-1.22138784,3.78448712,13.4949679,-1.327903978,         1405P   3278
3.779477897,13.65269059,-1.488495411,3.771203218,13.82885345,       1405P   3279
-1.624780025,3.76743041,13.89744445,-1.672122369,3.762819463,       1405P   3280
13.9711413,-1.717215626,3.757732877,14.042812,-1.756181546,0.0,     1405P   3281
3.04308651,0.0,0.0,0.0,0,0;                                         1405P   3282
126,3,3,0,0,1,0,0.0,0.0,0.0,0.0,1.318696494,1.318696494,            1407P   3283
1.318696494,1.318696494,1.0,1.0,1.0,1.0,3.757732712,14.04281388,    1407P   3284
-1.756182431,3.842649733,13.92507876,-2.026312542,3.927306021,      1407P   3285
13.80735907,-2.296527052,4.011542667,13.68947502,-2.566785046,      1407P   3286
0.0,1.318696494,0.0,0.0,0.0,0,0;                                    1407P   3287
126,4,4,0,0,1,0,0.0,0.0,0.0,0.0,0.0,3.603546818,3.603546818,        1409P   3288
3.603546818,3.603546818,3.603546818,1.0,1.0,1.0,1.0,1.0,            1409P   3289
4.011542255,13.68947543,-2.566783411,4.154975026,13.13615831,       1409P   3290
-2.345053604,4.359099017,12.66232777,-1.992371773,4.565109227,      1409P   3291
12.31546276,-1.485846626,4.678111595,12.13229599,-0.8928171504,     1409P   3292
0.0,3.603546818,0.0,0.0,0.0,0,0;                                    1409P   3293
126,3,3,0,0,1,0,0.0,0.0,0.0,0.0,1.314758402,1.314758402,            1411P   3294
1.314758402,1.314758402,1.0,1.0,1.0,1.0,4.678111595,12.13229599,    1411P   3295
-0.8928171504,4.732038147,12.04488586,-0.6098139194,4.76238213,     1411P   3296
11.99981871,-0.3054171642,4.76241456,11.9998666,                    1411P   3297
2.997277893E-008,0.0,1.314758402,0.0,0.0,0.0,0,0;                   1411P   3298
126,11,5,0,0,1,0,0.0,0.0,0.0,0.0,0.0,0.0,2.014685833,               1413P   3299
2.014685833,2.014685833,4.367109404,4.367109404,4.367109404,        1413P   3300
6.761021583,6.761021583,6.761021583,6.761021583,6.761021583,        1413P   3301
6.761021583,1.0,1.0,1.0,1.0,1.0,1.0,1.0,1.0,1.0,1.0,1.0,1.0,        1413P   3302
4.762349138,11.99990854,5.050150439E-006,4.762399705,               1413P   3303
11.99993908,0.2826248889,4.741493444,12.03178817,0.5656973835,      1413P   3304
4.699007875,12.09564726,0.8412859091,4.570264534,12.3025257,        1413P   3305
1.405784633,4.389251221,12.64538156,1.876483047,4.285411253,        1413P   3306
12.86491717,2.094827884,4.083925408,13.36581659,2.464410738,        1413P   3307
3.933585285,13.97113609,2.689661607,3.874244887,14.29531088,        1413P   3308
2.766662649,3.847642622,14.6432263,2.807733959,3.846878665,         1413P   3309
15.00016596,2.807746278,0.0,6.761021583,0.0,0.0,0.0,0,0;            1413P   3310
102,7,1401,1403,1405,1407,1409,1411,1413,0,0;                       1415P   3311
126,5,5,1,0,1,0,0.0,0.0,0.0,0.0,0.0,0.0,1.171979993,1.171979993,    1417P   3312
1.171979993,1.171979993,1.171979993,1.171979993,1.0,1.0,1.0,1.0,    1417P   3313
1.0,1.0,3.27209964,-0.5464904436,0.0,3.116748489,-0.6103277352,     1417P   3314
0.0,2.961452222,-0.6742764517,0.0,2.80619728,-0.7383080221,0.0,     1417P   3315
2.650694493,-0.8018381867,0.0,2.49534299,-0.8656745474,0.0,0.0,     1417P   3316
1.171979993,0.0,0.0,1.0,0,0;                                        1417P   3317
126,20,5,1,0,1,0,0.0,0.0,0.0,0.0,0.0,0.0,0.4764711385,              1419P   3318
0.4764711385,0.4764711385,0.9558632008,0.9558632008,                1419P   3319
0.9558632008,1.433210645,1.433210645,1.433210645,2.881324864,       1419P   3320
2.881324864,2.881324864,4.351998249,4.351998249,4.351998249,        1419P   3321
4.41090042,4.41090042,4.41090042,4.41090042,4.41090042,             1419P   3322
4.41090042,1.0,1.0,1.0,1.0,1.0,1.0,1.0,1.0,1.0,1.0,1.0,1.0,1.0,     1419P   3323
1.0,1.0,1.0,1.0,1.0,1.0,1.0,1.0,2.49526462,-0.8656006623,0.0,       1419P   3324
2.477547516,-0.808834634,0.0,2.456288694,-0.7500151642,0.0,         1419P   3325
2.43205733,-0.6924951928,0.0,2.377601783,-0.5787375291,0.0,         1419P   3326
2.312059537,-0.4699086397,0.0,2.276751688,-0.4170389837,0.0,        1419P   3327
2.201200064,-0.3150441709,0.0,2.115337645,-0.2192636304,0.0,        1419P   3328
2.069510113,-0.172563421,0.0,1.878082678,0.005178649756,0.0,        1419P   3329
1.65281409,0.1494151089,0.0,1.468270992,0.2361261777,0.0,           1419P   3330
1.073050419,0.3639656967,0.0,0.6513467072,0.3945097118,0.0,         1419P   3331
0.4367869108,0.3846284946,0.0,0.2167671498,0.3482530931,0.0,        1419P   3332
0.004614015104,0.2863963673,0.0,-0.003544115341,0.283976558,0.0,    1419P   3333
-0.01168970804,0.281519258,0.0,-0.019822792,0.2790244844,0.0,       1419P   3334
0.0,4.41090042,0.0,0.0,1.0,0,0;                                     1419P   3335
126,11,5,1,0,1,0,0.0,0.0,0.0,0.0,0.0,0.0,1.46511803,1.46511803,     1421P   3336
1.46511803,2.43938471,2.43938471,2.43938471,3.04308651,             1421P   3337
3.04308651,3.04308651,3.04308651,3.04308651,3.04308651,1.0,1.0,     1421P   3338
1.0,1.0,1.0,1.0,1.0,1.0,1.0,1.0,1.0,1.0,-0.01982279199,             1421P   3339
0.2790244844,0.0,-0.2237962628,0.2164568757,0.0,-0.419911542,       1421P   3340
0.1303162887,0.0,-0.6040148036,0.02194199176,0.0,-0.8835689047,     1421P   3341
-0.191388687,0.0,-1.109640558,-0.4519962319,0.0,-1.190217933,       1421P   3342
-0.5622836804,0.0,-1.304498819,-0.7518000005,0.0,-1.389472001,      1421P   3343
-0.9514924785,0.0,-1.416864911,-1.027758419,0.0,-1.440553055,       1421P   3344
-1.108202264,0.0,-1.458710004,-1.185235218,0.0,0.0,3.04308651,      1421P   3345
0.0,0.0,1.0,0,0;                                                    1421P   3346
126,5,5,1,0,1,0,0.0,0.0,0.0,0.0,0.0,0.0,1.318696494,1.318696494,    1423P   3347
1.318696494,1.318696494,1.318696494,1.318696494,1.0,1.0,1.0,1.0,    1423P   3348
1.0,1.0,-1.458710341,-1.185237216,0.0,-1.643777357,-1.147121886,    1423P   3349
0.0,-1.828907289,-1.109240236,0.0,-2.013959617,-1.071075911,0.0,    1423P   3350
-2.19905341,-1.033065541,0.0,-2.384166326,-0.9951154726,0.0,0.0,    1423P   3351
1.318696494,0.0,0.0,1.0,0,0;                                        1423P   3352
126,8,5,1,0,1,0,0.0,0.0,0.0,0.0,0.0,0.0,1.28680781,1.28680781,      1425P   3353
1.28680781,3.603546818,3.603546818,3.603546818,3.603546818,         1425P   3354
3.603546818,3.603546818,1.0,1.0,1.0,1.0,1.0,1.0,1.0,1.0,1.0,        1425P   3355
-2.384164554,-0.9951155422,0.0,-2.370229143,-0.8163027446,0.0,      1425P   3356
-2.345525913,-0.6373154787,0.0,-2.309102023,-0.4590643221,0.0,      1425P   3357
-2.172751105,0.0342216725,0.0,-1.938933826,0.4995648275,0.0,        1425P   3358
-1.74819669,0.7772515356,0.0,-1.516562693,1.026511667,0.0,          1425P   3359
-1.250185814,1.234387333,0.0,0.0,3.603546818,0.0,0.0,1.0,0,0;       1425P   3360
126,5,5,1,0,1,0,0.0,0.0,0.0,0.0,0.0,0.0,1.314758402,1.314758402,    1427P   3361
1.314758402,1.314758402,1.314758402,1.314758402,1.0,1.0,1.0,1.0,    1427P   3362
1.0,1.0,-1.250185814,1.234387333,0.0,-1.101891002,1.350113905,      1427P   3363
0.0,-0.9428748225,1.452972654,0.0,-0.7751126651,1.541806228,0.0,    1427P   3364
-0.6002667513,1.615470691,0.0,-0.4202698285,1.672529431,0.0,0.0,    1427P   3365
1.314758402,0.0,0.0,1.0,0,0;                                        1427P   3366
126,14,5,1,0,1,0,0.0,0.0,0.0,0.0,0.0,0.0,0.3196008382,              1429P   3367
0.3196008382,0.3196008382,2.014685833,2.014685833,2.014685833,      1429P   3368
4.367109404,4.367109404,4.367109404,6.761021583,6.761021583,        1429P   3369
6.761021583,6.761021583,6.761021583,6.761021583,1.0,1.0,1.0,1.0,    1429P   3370
1.0,1.0,1.0,1.0,1.0,1.0,1.0,1.0,1.0,1.0,1.0,-0.4202449105,          1429P   3371
1.672459538,0.0,-0.3762083399,1.686423029,0.0,-0.3318739272,        1429P   3372
1.699412727,0.0,-0.2872343766,1.711426818,0.0,-0.004588720073,      1429P   3373
1.780822125,0.0,0.286203562,1.81038259,0.0,0.5319785285,            1429P   3374
1.805892683,0.0,1.110306421,1.726659056,0.0,1.64709404,             1429P   3375
1.496938122,0.0,1.934786492,1.318832747,0.0,2.460219106,            1429P   3376
0.8914106606,0.0,2.865489806,0.3558813172,0.0,3.036889294,          1429P   3377
0.06684586318,0.0,3.175132204,-0.2364202718,0.0,3.272095229,        1429P   3378
-0.5464485028,0.0,0.0,6.761021583,0.0,0.0,1.0,0,0;                  1429P   3379
102,7,1417,1419,1421,1423,1425,1427,1429,0,0;                       1431P   3380
142,0,1399,1431,1415,1,0,0;                                         1433P   3381
144,1399,1,0,1433,0,0;                                              1435P   3382
128,8,1,5,1,0,0,1,0,0,4.002351063,4.002351063,4.002351063,          1437P   3383
4.002351063,4.002351063,4.002351063,4.462692949,4.462692949,        1437P   3384
4.462692949,5.180070902,5.180070902,5.180070902,5.180070902,        1437P   3385
5.180070902,5.180070902,0.0,0.0,0.8599312512,0.8599312512,1.0,      1437P   3386
1.0,1.0,1.0,1.0,1.0,1.0,1.0,1.0,1.0,1.0,1.0,1.0,1.0,1.0,1.0,1.0,    1437P   3387
1.0,4.011624452,16.3105091,2.566767655,3.987155538,16.21485547,     1437P   3388
2.605009403,3.964556435,16.11726752,2.639324536,3.944040009,        1437P   3389
16.01797609,2.669762441,3.897313387,15.76019799,2.737860387,        1437P   3390
3.866077732,15.49438848,2.781352037,3.853238377,15.33036655,        1437P   3391
2.798950664,3.846814031,15.16527446,2.807758454,3.846807995,        1437P   3392
15.0001659,2.807769095,3.758057756,15.95712325,1.756071246,         1437P   3393
3.752945715,15.88876893,1.793338221,3.747998627,15.81849933,        1437P   3394
1.827337052,3.743373085,15.74657331,1.85789573,3.732683497,         1437P   3395
15.55900709,1.926958693,3.725266172,15.36396229,1.972258669,        1437P   3396
3.72216367,15.2433019,1.990760799,3.720601487,15.12170638,          1437P   3397
2.000019873,3.720589129,15.00010172,2.000030032,4.002351063,        1437P   3398
5.180070902,0.0,0.8599312512,0,0;                                   1437P   3399
126,1,1,0,0,1,0,0.0,0.0,0.8598877194,0.8598877194,1.0,1.0,          1439P   3400
3.720592468,15.00010172,2.000051396,3.846804944,15.00016589,        1439P   3401
2.80774957,0.0,0.8598877194,0.0,0.0,0.0,0,0;                        1439P   3402
126,8,5,0,0,1,0,0.0,0.0,0.0,0.0,0.0,0.0,0.7173391016,               1441P   3403
0.7173391016,0.7173391016,1.177680987,1.177680987,1.177680987,      1441P   3404
1.177680987,1.177680987,1.177680987,1.0,1.0,1.0,1.0,1.0,1.0,1.0,    1441P   3405
1.0,1.0,3.846807997,15.0002106,2.807769092,3.846815423,             1441P   3406
15.16531022,2.807756546,3.853240463,15.3303932,2.798947805,         1441P   3407
3.866079792,15.49440602,2.781349167,3.897314929,15.76020649,        1441P   3408
2.73785814,3.944040009,16.01797609,2.669762441,3.964556435,         1441P   3409
16.11726752,2.639324536,3.987155538,16.21485547,2.605009403,        1441P   3410
4.011624452,16.3105091,2.566767655,-3.885168099E-005,               1441P   3411
1.177680987,0.0,0.0,0.0,0,0;                                        1441P   3412
126,1,1,0,0,1,0,1.044686002E-005,1.044686002E-005,0.8599017918,     1443P   3413
0.8599017918,1.0,1.0,4.011621372,16.31050481,2.566757806,           1443P   3414
3.758066443,15.95713535,1.756099018,8.779463293E-006,               1443P   3415
0.8599035947,0.0,0.0,0.0,0,0;                                       1443P   3416
126,8,5,0,0,1,0,4.002360376,4.002360376,4.002360376,4.002360376,    1445P   3417
4.002360376,4.002360376,4.462692949,4.462692949,4.462692949,        1445P   3418
5.180061953,5.180061953,5.180061953,5.180061953,5.180061953,        1445P   3419
5.180061953,1.0,1.0,1.0,1.0,1.0,1.0,1.0,1.0,1.0,3.758057239,        1445P   3420
15.95711633,1.756075015,3.752945315,15.88876324,1.793340973,        1445P   3421
3.747998346,15.81849496,1.827338907,3.743372916,15.74657034,        1445P   3422
1.857896823,3.732683519,15.55900697,1.926958526,3.725266285,        1445P   3423
15.36396526,1.972257981,3.722163787,15.24330641,1.990760107,        1445P   3424
3.720601565,15.12171245,2.000019411,3.72058913,15.0001093,          1445P   3425
2.000030032,4.00235794,5.180061953,0.0,0.0,0.0,0,0;                 1445P   3426
102,4,1439,1441,1443,1445,0,0;                                      1447P   3427
110,5.180070902,2.078737443E-005,0.0,5.180070902,0.8599085068,      1449P   3428
0.0,0,0;                                                            1449P   3429
110,4.002351063,0.0,0.0,5.180070902,0.0,0.0,0,0;                    1451P   3430
110,4.002351063,8.779463293E-006,0.0,4.002351063,0.8599035947,      1453P   3431
0.0,0,0;                                                            1453P   3432
110,4.00235794,0.8599312512,0.0,5.180061953,0.8599312512,0.0,0,     1455P   3433
0;                                                                  1455P   3434
102,4,1449,1451,1453,1455,0,0;                                      1457P   3435
142,0,1437,1457,1447,1,0,0;                                         1459P   3436
144,1437,1,0,1459,0,0;                                              1461P   3437
128,11,5,5,5,0,0,1,0,0,-1.546957736,-1.546957736,-1.546957736,      1463P   3438
-1.546957736,-1.546957736,-1.546957736,-0.7015278742,               1463P   3439
-0.7015278742,-0.7015278742,0.8657834006,0.8657834006,              1463P   3440
0.8657834006,1.758167022,1.758167022,1.758167022,1.758167022,       1463P   3441
1.758167022,1.758167022,-0.7420731699,-0.7420731699,                1463P   3442
-0.7420731699,-0.7420731699,-0.7420731699,-0.7420731699,            1463P   3443
0.9846442034,0.9846442034,0.9846442034,0.9846442034,                1463P   3444
0.9846442034,0.9846442034,1.0,1.0,1.0,1.0,1.0,1.0,1.0,1.0,1.0,      1463P   3445
1.0,1.0,1.0,1.0,1.0,1.0,1.0,1.0,1.0,1.0,1.0,1.0,1.0,1.0,1.0,1.0,    1463P   3446
1.0,1.0,1.0,1.0,1.0,1.0,1.0,1.0,1.0,1.0,1.0,1.0,1.0,1.0,1.0,1.0,    1463P   3447
1.0,1.0,1.0,1.0,1.0,1.0,1.0,1.0,1.0,1.0,1.0,1.0,1.0,1.0,1.0,1.0,    1463P   3448
1.0,1.0,1.0,1.0,1.0,1.0,1.0,1.0,1.0,1.0,1.0,1.0,1.0,1.0,1.0,        1463P   3449
5.097987731,18.3359138,0.3165773279,5.027771696,18.26094979,        1463P   3450
0.4501702359,4.959224976,18.18482853,0.583451358,4.89227823,        1463P   3451
18.10759809,0.7164336452,4.706412978,17.88359394,1.094977235,       1463P   3452
4.542055466,17.64467962,1.469503722,4.450680317,17.47881158,        1463P   3453
1.70992062,4.332500369,17.20101802,2.082513465,4.239238412,         1463P   3454
16.90595016,2.450452258,4.207643155,16.79734562,2.583522943,        1463P   3455
4.178787404,16.68684193,2.716081956,4.152491867,16.57456338,        1463P   3456
2.848162787,4.905055199,18.14304778,0.1114095777,4.833082686,       1463P   3457
18.06930144,0.2453305516,4.762757684,17.99441296,0.378943812,       1463P   3458
4.69395735,17.91846752,0.5122723026,4.504343754,17.69706189,        1463P   3459
0.891515989,4.340671301,17.45767266,1.265914524,4.255666165,        1463P   3460
17.28738863,1.505141664,4.154258034,16.99796807,1.874601957,        1463P   3461
4.085239741,16.68609339,2.238012644,4.062209391,16.57155126,        1463P   3462
2.36948362,4.041923084,16.45510683,2.500442077,4.024486452,         1463P   3463
16.33668688,2.630868287,4.712350517,17.9500238,-0.09380072903,      1463P   3464
4.638595151,17.87751341,0.04045323673,4.566848938,17.80361019,      1463P   3465
0.1743319434,4.496828819,17.72851036,0.3078882593,4.301058458,      1463P   3466
17.51137288,0.6882818742,4.140946006,17.2695157,1.06201549,         1463P   3467
4.063356043,17.09409112,1.299857663,3.986318725,16.78777559,        1463P   3468
1.664766102,3.9397743,16.46032098,2.023979238,3.929400987,          1463P   3469
16.33700441,2.153086198,3.919332034,16.21347684,2.282136311,        1463P   3470
3.911293854,16.08854144,2.410807127,4.516813611,17.75896325,        1463P   3471
-0.2984820478,4.441168515,17.68776291,-0.1638751281,4.366932487,    1463P   3472
17.61558574,-0.02953138675,4.295053726,17.54177441,0.1043720767,    1463P   3473
4.097690064,17.32574148,0.48506328,3.937853099,17.08369332,         1463P   3474
0.8587454421,3.868905143,16.9022777,1.094973506,3.826802403,        1463P   3475
16.57174391,1.453357046,3.819397862,16.21715571,1.805259838,        1463P   3476
3.811687181,16.09199328,1.933869485,3.806462778,15.96510725,        1463P   3477
2.062014759,3.800406108,15.83879818,2.190315479,4.335192057,        1463P   3478
17.55825593,-0.5057624037,4.256092785,17.48945019,-0.3705103309,    1463P   3479
4.179018929,17.41924033,-0.2356365548,4.102336963,17.3487588,       1463P   3480
-0.1008359738,3.891769174,17.14187959,0.2823214278,3.727101895,     1463P   3481
16.90318002,0.6569057708,3.684323098,16.70362273,0.888246095,       1463P   3482
3.683302059,16.3446092,1.238956609,3.713636877,15.96385834,         1463P   3483
1.583810639,3.720450684,15.82862686,1.709707479,3.724291786,        1463P   3484
15.6954562,1.836159544,3.727248884,15.56289837,1.96277672,          1463P   3485
4.164779364,17.34977811,-0.7151362922,4.082393204,17.28325099,      1463P   3486
-0.5792703115,4.001205368,17.21589314,-0.4436281477,3.923548503,    1463P   3487
17.14608745,-0.3086454801,3.692094562,16.95368749,0.07841292811,    1463P   3488
3.519895505,16.7202093,0.4544040175,3.507898257,16.49931281,        1463P   3489
0.6799951243,3.546439789,16.11287268,1.023316347,3.615718959,       1463P   3490
15.70512379,1.360896554,3.635728228,15.56074461,1.484328814,        1463P   3491
3.651697444,15.41916617,1.608515653,3.665481411,15.27910266,        1463P   3492
1.733110642,-1.546957736,1.758167022,-0.7420731699,0.9846442034,    1463P   3493
0,0;                                                                1463P   3494
126,3,3,0,0,1,0,0.0,0.0,0.0,0.0,2.001609235,2.001609235,            1465P   3495
2.001609235,2.001609235,1.0,1.0,1.0,1.0,4.762342158,18.00010942,    1465P   3496
2.948092224E-005,4.429361385,17.66653778,-3.569563259E-005,         1465P   3497
4.094839603,17.33403444,0.0001869504032,3.762439856,17.00006,       1465P   3498
1.325266277E-005,0.0,2.001609235,0.0,0.0,0.0,0,0;                   1465P   3499
126,5,5,0,0,1,0,0.0,0.0,0.0,0.0,0.0,0.0,3.084203735,3.084203735,    1467P   3500
3.084203735,3.084203735,3.084203735,3.084203735,1.0,1.0,1.0,1.0,    1467P   3501
1.0,1.0,3.762439735,17.00005998,4.717276751E-007,3.764095037,       1467P   3502
16.99840865,0.4214362233,3.769252091,16.88983157,0.851070963,       1467P   3503
3.790566321,16.6640462,1.23187863,3.785573178,16.33670548,          1467P   3504
1.549537162,3.757855832,15.95717201,1.756150224,0.0,3.084203735,    1467P   3505
0.0,0.0,0.0,0,0;                                                    1467P   3506
126,3,3,0,0,1,0,0.0,0.0,0.0,0.0,1.305576006,1.305576006,            1469P   3507
1.305576006,1.305576006,1.0,1.0,1.0,1.0,3.757862616,15.95725126,    1469P   3508
1.756111365,3.843870594,16.07401782,2.02606504,3.927140081,         1469P   3509
16.19268399,2.296529934,4.011698976,16.31045744,2.566753736,0.0,    1469P   3510
1.305576006,0.0,0.0,0.0,0,0;                                        1469P   3511
126,5,5,0,0,1,0,0.0,0.0,0.0,0.0,0.0,0.0,3.538566838,3.538566838,    1471P   3512
3.538566838,3.538566838,3.538566838,3.538566838,1.0,1.0,1.0,1.0,    1471P   3513
1.0,1.0,4.011704196,16.31047897,2.566743166,4.127551651,            1471P   3514
16.75963134,2.386794625,4.27849442,17.15668638,2.124363453,         1471P   3515
4.447101871,17.47982433,1.78563791,4.588436837,17.72306507,         1471P   3516
1.361899596,4.678032524,17.86765489,0.8931474008,0.0,               1471P   3517
3.538566838,0.0,0.0,0.0,0,0;                                        1471P   3518
126,3,3,0,0,1,0,0.0,0.0,0.0,0.0,1.30013037,1.30013037,              1473P   3519
1.30013037,1.30013037,1.0,1.0,1.0,1.0,4.678033427,17.86765635,      1473P   3520
0.8931426764,4.732292286,17.95521943,0.6092662946,4.762203963,      1473P   3521
18.00020523,0.3050350135,4.762342158,18.00010942,                   1473P   3522
2.948092224E-005,0.0,1.30013037,0.0,0.0,0.0,0,0;                    1473P   3523
102,5,1465,1467,1469,1471,1473,0,0;                                 1475P   3524
126,8,5,1,0,1,0,0.0,0.0,0.0,0.0,0.0,0.0,1.601339271,1.601339271,    1477P   3525
1.601339271,2.001609235,2.001609235,2.001609235,2.001609235,        1477P   3526
2.001609235,2.001609235,1.0,1.0,1.0,1.0,1.0,1.0,1.0,1.0,1.0,        1477P   3527
-1.514554553,-0.1660401876,0.0,-1.37867717,0.01536465591,0.0,       1477P   3528
-1.242813154,0.1967712482,0.0,-1.106891552,0.3781701301,0.0,        1477P   3529
-0.9369512318,0.6049050946,0.0,-0.7671905287,0.8316653189,0.0,      1477P   3530
-0.73325082,0.877012659,0.0,-0.6993122729,0.9223594798,0.0,         1477P   3531
-0.6653484302,0.9677033438,0.0,0.0,2.001609235,0.0,0.0,1.0,0,0;     1477P   3532
126,11,5,1,0,1,0,0.0,0.0,0.0,0.0,0.0,0.0,1.001258849,               1479P   3533
1.001258849,1.001258849,2.487313897,2.487313897,2.487313897,        1479P   3534
3.084203735,3.084203735,3.084203735,3.084203735,3.084203735,        1479P   3535
3.084203735,1.0,1.0,1.0,1.0,1.0,1.0,1.0,1.0,1.0,1.0,1.0,1.0,        1479P   3536
-0.6653585905,0.9677113102,0.0,-0.55595128,0.8832949412,0.0,        1479P   3537
-0.4398772237,0.8049043701,0.0,-0.3167606846,0.7334043955,0.0,      1479P   3538
-0.001312695385,0.5777528744,0.0,0.33712901,0.4781701014,0.0,       1479P   3539
0.5435807132,0.4415050106,0.0,0.8346615468,0.4246417066,0.0,        1479P   3540
1.117303398,0.4586999648,0.0,1.197640123,0.4727909807,0.0,          1479P   3541
1.276168094,0.4910521355,0.0,1.352791697,0.5134049916,0.0,0.0,      1479P   3542
3.084203735,0.0,0.0,1.0,0,0;                                        1479P   3543
126,5,5,1,0,1,0,0.0,0.0,0.0,0.0,0.0,0.0,1.305576006,1.305576006,    1481P   3544
1.305576006,1.305576006,1.305576006,1.305576006,1.0,1.0,1.0,1.0,    1481P   3545
1.0,1.0,1.352712186,0.5133776992,0.0,1.427323051,0.3437884192,      1481P   3546
0.0,1.50236491,0.1744649435,0.0,1.576782972,0.00478740866,0.0,      1481P   3547
1.651154043,-0.1649803803,0.0,1.725763839,-0.3345703,0.0,0.0,       1481P   3548
1.305576006,0.0,0.0,1.0,0,0;                                        1481P   3549
126,8,5,1,0,1,0,0.0,0.0,0.0,0.0,0.0,0.0,1.245718377,1.245718377,    1483P   3550
1.245718377,3.538566838,3.538566838,3.538566838,3.538566838,        1483P   3551
3.538566838,3.538566838,1.0,1.0,1.0,1.0,1.0,1.0,1.0,1.0,1.0,        1483P   3552
1.725741351,-0.3345795025,0.0,1.571349651,-0.4122899947,0.0,        1483P   3553
1.411746326,-0.481930332,0.0,1.246735089,-0.5433676043,0.0,         1483P   3554
0.7697530775,-0.6892653893,0.0,0.268507067,-0.7489747661,0.0,       1483P   3555
-0.06128299825,-0.7451431744,0.0,-0.3887183735,-0.6930292113,       1483P   3556
0.0,-0.7015230086,-0.5927953123,0.0,0.0,3.538566838,0.0,0.0,1.0,    1483P   3557
0,0;                                                                1483P   3558
126,5,5,1,0,1,0,0.0,0.0,0.0,0.0,0.0,0.0,1.30013037,1.30013037,      1485P   3559
1.30013037,1.30013037,1.30013037,1.30013037,1.0,1.0,1.0,1.0,1.0,    1485P   3560
1.0,-0.7015278741,-0.5927937531,0.0,-0.8769409001,-0.5365847203,    1485P   3561
0.0,-1.047736359,-0.4649926922,0.0,-1.212190634,-0.3788612055,      1485P   3562
0.0,-1.368460533,-0.278994163,0.0,-1.514554553,-0.1660401876,       1485P   3563
0.0,0.0,1.30013037,0.0,0.0,1.0,0,0;                                 1485P   3564
102,5,1477,1479,1481,1483,1485,0,0;                                 1487P   3565
142,0,1463,1487,1475,1,0,0;                                         1489P   3566
144,1463,1,0,1489,0,0;                                              1491P   3567
110,0.0,10.0,3.7625,0.0,10.0,4.7625,0,0;                            1493P   3568
110,-1.5,10.0,3.7625,-1.5,10.0,4.763036675,0,0;                     1495P   3569
120,1493,1495,0.0,6.283185307,0,0;                                  1497P   3570
110,1.5,10.0,3.7625,1.5,10.0,4.520111309,0,0;                       1499P   3571
126,11,5,0,0,1,0,0.0,0.0,0.0,0.0,0.0,0.0,2.125814438,               1501P   3572
2.125814438,2.125814438,4.687376996,4.687376996,4.687376996,        1501P   3573
6.822698835,6.822698835,6.822698835,6.822698835,6.822698835,        1501P   3574
6.822698835,1.0,1.0,1.0,1.0,1.0,1.0,1.0,1.0,1.0,1.0,1.0,1.0,1.5,    1501P   3575
10.0,4.520111309,1.5,9.703773552,4.520111309,1.426874909,           1501P   3576
9.407548325,4.544377859,1.281191749,9.13909473,4.592705368,         1501P   3577
0.8343411124,8.649564711,4.708541433,0.1886679887,8.445990866,      1501P   3578
4.780194121,-0.1817619052,8.445147437,4.780505148,-0.8297304664,    1501P   3579
8.646312678,4.709560101,-1.279246512,9.135489537,4.593354291,       1501P   3580
-1.426219364,9.404898674,4.544595403,-1.5,9.702448721,              1501P   3581
4.52011131,-1.5,10.0,4.52011131,0.0,6.822698835,0.0,0.0,0.0,0,0;    1501P   3582
110,-1.5,10.0,4.520111309,-1.5,10.0,3.7625,0,0;                     1503P   3583
124,-1.0,0.0,0.0,0.0,0.0,-1.0,0.0,10.0,0.0,0.0,1.0,3.7625,0,0;      1505P   3584
100,0.0,0.0,0.0,1.5,0.0,-1.5,0.0,0,0;                               1507P   3585
102,4,1499,1501,1503,1507,0,0;                                      1509P   3586
142,0,1497,0,1509,2,0,0;                                            1511P   3587
144,1497,1,0,1511,0,0;                                              1513P   3588
110,0.0,80.0,3.7625,0.0,80.0,4.7625,0,0;                            1515P   3589
110,1.5,80.0,3.7625,1.5,80.0,4.763036675,0,0;                       1517P   3590
120,1515,1517,0.0,6.283185307,0,0;                                  1519P   3591
110,-1.5,80.0,3.7625,-1.5,80.0,4.520111309,0,0;                     1521P   3592
126,11,5,0,0,1,0,0.0,0.0,0.0,0.0,0.0,0.0,2.125814438,               1523P   3593
2.125814438,2.125814438,4.687376997,4.687376997,4.687376997,        1523P   3594
6.822698836,6.822698836,6.822698836,6.822698836,6.822698836,        1523P   3595
6.822698836,1.0,1.0,1.0,1.0,1.0,1.0,1.0,1.0,1.0,1.0,1.0,1.0,        1523P   3596
-1.5,80.0,4.520111309,-1.5,80.29622645,4.520111309,-1.426874909,    1523P   3597
80.59245168,4.544377859,-1.281191749,80.86090527,4.592705368,       1523P   3598
-0.8343411124,81.35043529,4.708541433,-0.1886679886,81.55400913,    1523P   3599
4.780194121,0.1817619051,81.55485256,4.780505148,0.8297304663,      1523P   3600
81.35368732,4.709560101,1.279246512,80.86451046,4.593354291,        1523P   3601
1.426219364,80.59510133,4.544595403,1.5,80.29755128,4.52011131,     1523P   3602
1.5,80.0,4.52011131,0.0,6.822698836,0.0,0.0,0.0,0,0;                1523P   3603
110,1.5,80.0,4.520111309,1.5,80.0,3.7625,0,0;                       1525P   3604
124,1.0,0.0,0.0,0.0,0.0,1.0,0.0,80.0,0.0,0.0,1.0,3.7625,0,0;        1527P   3605
100,0.0,0.0,0.0,1.5,0.0,-1.5,0.0,0,0;                               1529P   3606
102,4,1521,1523,1525,1529,0,0;                                      1531P   3607
142,0,1519,0,1531,2,0,0;                                            1533P   3608
144,1519,1,0,1533,0,0;                                              1535P   3609
110,-5.2375,45.0,0.0,-4.2375,45.0,0.0,0,0;                          1537P   3610
110,-3.782855614,47.0,0.0,3.81587428,47.0,0.0,0,0;                  1539P   3611
120,1537,1539,0.0,6.283185307,0,0;                                  1541P   3612
110,-3.7625,43.0,0.0,3.76250061,42.99999962,1.669043359E-007,0,     1543P   3613
0;                                                                  1543P   3614
126,20,5,0,0,1,0,0.0,0.0,0.0,0.0,0.0,0.0,1.278650785,               1545P   3615
1.278650785,1.278650785,2.699080371,2.699080371,2.699080371,        1545P   3616
5.060136069,5.060136069,5.060136069,6.49465109,6.49465109,          1545P   3617
6.49465109,7.920785157,7.920785157,7.920785157,8.941318371,         1545P   3618
8.941318371,8.941318371,8.941318371,8.941318371,8.941318371,1.0,    1545P   3619
1.0,1.0,1.0,1.0,1.0,1.0,1.0,1.0,1.0,1.0,1.0,1.0,1.0,1.0,1.0,1.0,    1545P   3620
1.0,1.0,1.0,1.0,3.762500611,43.0,1.669043021E-007,3.762503342,      1545P   3621
43.00000001,0.1642425644,3.769233481,43.01685976,0.3284846912,      1545P   3622
3.782433375,43.04957405,0.4900285182,3.806193731,43.16070464,       1545P   3623
0.8390095549,3.810035314,43.35771284,1.168183586,3.802764374,       1545P   3624
43.48698851,1.332080365,3.770730189,43.88151708,1.716271827,        1545P   3625
3.728518419,44.39405872,1.953877377,3.715220577,44.74236433,        1545P   3626
2.02913685,3.716983679,45.30914132,2.026073694,3.747072995,         1545P   3627
45.83411697,1.835934873,3.7614322,46.01327908,1.743451984,          1545P   3628
3.79179606,46.35816301,1.504317619,3.80890995,46.62738304,          1545P   3629
1.189519203,3.810605107,46.73901916,1.017988215,3.797466326,        1545P   3630
46.88830449,0.7098104028,3.775445516,46.96780111,0.3937427254,      1545P   3631
3.766781712,46.98926008,0.2621749055,3.7625,47.0,0.1310872553,      1545P   3632
3.7625,47.0,0.0,0.0,8.941318371,0.0,0.0,0.0,0,0;                    1545P   3633
110,3.7625,47.0,0.0,-3.781360864,47.0,0.0,0,0;                      1547P   3634
126,14,5,0,0,1,0,0.0,0.0,0.0,0.0,0.0,0.0,1.512268079,               1549P   3635
1.512268079,1.512268079,3.024536158,3.024536158,3.024536158,        1549P   3636
4.015355879,4.015355879,4.015355879,4.512279624,4.512279624,        1549P   3637
4.512279624,4.512279624,4.512279624,4.512279624,1.0,1.0,1.0,1.0,    1549P   3638
1.0,1.0,1.0,1.0,1.0,1.0,1.0,1.0,1.0,1.0,1.0,-3.781360864,47.0,      1549P   3639
0.0,-3.77758674,47.0,0.215309145,-3.772905724,46.97102623,          1549P   3640
0.4312119223,-3.767729933,46.9131114,0.6377789573,-3.756907243,     1549P   3641
46.74797702,1.026877985,-3.746058142,46.48996297,1.358577068,       1549P   3642
-3.740855941,46.33965184,1.507992065,-3.732942205,46.05622159,      1549P   3643
1.721461152,-3.726979302,45.73689634,1.867032675,-3.725002132,      1549P   3644
45.60778687,1.91292615,-3.722595341,45.40683713,1.965408879,        1549P   3645
-3.721225656,45.20239981,1.991514552,-3.720901158,45.13438652,      1549P   3646
1.997302645,-3.720697882,45.06569422,2.000000053,-3.72069789,       1549P   3647
44.99999839,2.0,0.0,4.512279624,0.0,0.0,0.0,0,0;                    1549P   3648
126,3,3,0,0,1,0,0.0,0.0,0.0,0.0,1.418895387,1.418895387,            1551P   3649
1.418895387,1.418895387,1.0,1.0,1.0,1.0,-3.72069789,44.99999839,    1551P   3650
2.0,-3.720697934,44.66751813,1.999999733,-3.736232996,              1551P   3651
44.33494044,1.915152277,-3.75796519,44.04351625,1.756456331,0.0,    1551P   3652
1.418895387,0.0,0.0,0.0,0,0;                                        1551P   3653
126,4,4,0,0,1,0,0.0,0.0,0.0,0.0,0.0,3.095383678,3.095383678,        1553P   3654
3.095383678,3.095383678,3.095383678,1.0,1.0,1.0,1.0,1.0,            1553P   3655
-3.75796519,44.04351625,1.756456331,-3.792680077,43.57799684,       1553P   3656
1.502956288,-3.781623959,43.18909468,1.076166299,-3.7625,43.0,      1553P   3657
0.5312021464,-3.7625,43.0,0.0,0.0,3.095383678,0.0,0.0,0.0,0,0;      1553P   3658
102,6,1543,1545,1547,1549,1551,1553,0,0;                            1555P   3659
142,0,1541,0,1555,2,0,0;                                            1557P   3660
144,1541,1,0,1557,0,0;                                              1559P   3661
110,-5.2375,75.0,0.0,-4.2375,75.0,0.0,0,0;                          1561P   3662
110,-3.802059214,77.0,0.0,3.80205211,77.0,0.0,0,0;                  1563P   3663
120,1561,1563,0.0,6.283185307,0,0;                                  1565P   3664
110,-3.7625,73.0,0.0,3.762579939,72.99992046,-6.063374142E-006,     1567P   3665
0,0;                                                                1567P   3666
126,17,5,0,0,1,0,0.0,0.0,0.0,0.0,0.0,0.0,0.942917146,               1569P   3667
0.942917146,0.942917146,2.425841142,2.425841142,2.425841142,        1569P   3668
4.699144977,4.699144977,4.699144977,7.005008531,7.005008531,        1569P   3669
7.005008531,9.052265661,9.052265661,9.052265661,9.052265661,        1569P   3670
9.052265661,9.052265661,1.0,1.0,1.0,1.0,1.0,1.0,1.0,1.0,1.0,1.0,    1569P   3671
1.0,1.0,1.0,1.0,1.0,1.0,1.0,1.0,3.762579453,73.0,0.0,               1569P   3672
3.762579789,73.0,0.1185140982,3.759028185,73.00877849,              1569P   3673
0.2370276502,3.751994144,73.02637953,0.3559460553,3.723843851,      1569P   3674
73.09539037,0.6606404773,3.671625132,73.22704329,0.9571359028,      1569P   3675
3.632045466,73.33091235,1.130192098,3.524641653,73.6568655,         1569P   3676
1.541884071,3.428189373,74.12492998,1.845638885,3.391116314,        1569P   3677
74.44833212,1.970226062,3.361293803,75.15518885,2.069631349,        1569P   3678
3.42154042,75.83421711,1.868517514,3.473675243,76.12902325,         1569P   3679
1.701451202,3.601501153,76.60557269,1.285254467,3.713067929,        1569P   3680
76.88126825,0.758093407,3.745946488,76.95847823,0.515500192,        1569P   3681
3.7625,77.0,0.2577495603,3.7625,77.0,0.0,0.0,9.052265661,0.0,       1569P   3682
0.0,0.0,0,0;                                                        1569P   3683
110,3.7625,77.0,0.0,-3.7625,77.0,0.0,0,0;                           1571P   3684
126,17,5,0,0,1,0,0.0,0.0,0.0,0.0,0.0,0.0,2.053991502,               1573P   3685
2.053991502,2.053991502,3.910684008,3.910684008,3.910684008,        1573P   3686
5.248602581,5.248602581,5.248602581,7.123001039,7.123001039,        1573P   3687
7.123001039,9.074208789,9.074208789,9.074208789,9.074208789,        1573P   3688
9.074208789,9.074208789,1.0,1.0,1.0,1.0,1.0,1.0,1.0,1.0,1.0,1.0,    1573P   3689
1.0,1.0,1.0,1.0,1.0,1.0,1.0,1.0,-3.7625,77.0,0.0,-3.7625,77.0,      1573P   3690
0.2576862025,-3.745954626,76.95849864,0.5153734792,-3.713094267,    1573P   3691
76.88132727,0.7579618394,-3.613181767,76.63446561,1.23009621,       1573P   3692
-3.500189482,76.22634664,1.613339748,-3.454049829,76.00278004,      1573P   3693
1.763497674,-3.394901601,75.56190083,1.957564764,-3.377878379,      1573P   3694
75.07761755,2.014083659,-3.378704618,74.86949575,2.011326674,       1573P   3695
-3.3996572,74.38466042,1.941773788,-3.462550305,73.94797565,        1573P   3696
1.735007526,-3.510148833,73.73148212,1.580802937,-3.621856462,      1573P   3697
73.34392983,1.19666639,-3.71623169,73.11194827,0.7329289734,        1573P   3698
-3.747569063,73.03745175,0.4895828325,-3.7625,73.0,0.2447913318,    1573P   3699
-3.7625,73.0,0.0,0.0,9.074208789,0.0,0.0,0.0,0,0;                   1573P   3700
102,4,1567,1569,1571,1573,0,0;                                      1575P   3701
142,0,1565,0,1575,2,0,0;                                            1577P   3702
144,1565,1,0,1577,0,0;                                              1579P   3703
128,29,1,5,1,0,0,1,0,0,0.0,0.0,0.0,0.0,0.0,0.0,0.9247186034,        1581P   3704
0.9247186034,0.9247186034,2.348682947,2.348682947,2.348682947,      1581P   3705
3.096291686,3.096291686,3.096291686,3.848508853,3.848508853,        1581P   3706
3.848508853,4.637414388,4.637414388,4.637414388,5.466915744,        1581P   3707
5.466915744,5.466915744,6.382879244,6.382879244,6.382879244,        1581P   3708
7.069992842,7.069992842,7.069992842,7.699543277,7.699543277,        1581P   3709
7.699543277,7.699543277,7.699543277,7.699543277,0.0,0.0,            1581P   3710
1.150469832,1.150469832,1.0,1.0,1.0,1.0,1.0,1.0,1.0,1.0,1.0,1.0,    1581P   3711
1.0,1.0,1.0,1.0,1.0,1.0,1.0,1.0,1.0,1.0,1.0,1.0,1.0,1.0,1.0,1.0,    1581P   3712
1.0,1.0,1.0,1.0,1.0,1.0,1.0,1.0,1.0,1.0,1.0,1.0,1.0,1.0,1.0,1.0,    1581P   3713
1.0,1.0,1.0,1.0,1.0,1.0,1.0,1.0,1.0,1.0,1.0,1.0,1.0,1.0,1.0,1.0,    1581P   3714
1.0,1.0,3.7625,77.0,0.0,3.7625,77.0,-0.1237297678,3.758685451,      1581P   3715
76.99043184,-0.247459721,3.751096374,76.97135179,-0.3717191309,     1581P   3716
3.720291494,76.89605213,-0.6905722404,3.661298526,76.74634369,      1581P   3717
-1.010125737,3.615093108,76.6236313,-1.202006434,3.540423774,       1581P   3718
76.38564894,-1.47447833,3.474183364,76.07249936,-1.695943516,       1581P   3719
3.453340941,75.95612772,-1.764629497,3.417092818,75.70682413,       1581P   3720
-1.883993065,3.393928782,75.4322521,-1.960624194,3.386089117,       1581P   3721
75.28982076,-1.986878569,3.378051487,74.99287693,-2.013769325,      1581P   3722
3.386485989,74.69593576,-1.985550792,3.39511054,74.54683086,        1581P   3723
-1.956665129,3.421295505,74.25209585,-1.870152121,3.462376451,      1581P   3724
73.98782914,-1.73485019,3.486653616,73.86249794,-1.654691817,       1581P   3725
3.541964703,73.62153545,-1.467984067,3.600238867,73.42970572,       1581P   3726
-1.252118551,3.629895302,73.34272753,-1.133284998,3.676912971,      1581P   3727
73.2139101,-0.920050922,3.712822341,73.12327238,-0.7021239858,      1581P   3728
3.725793163,73.09109629,-0.6085151263,3.745875241,73.04139745,      1581P   3729
-0.4297125751,3.757234348,73.01321938,-0.2522748951,3.760802631,    1581P   3730
73.00434923,-0.1680051562,3.762583468,72.99991692,                  1581P   3731
-0.08401049194,3.762579939,72.99992046,-6.063374142E-006,4.7625,    1581P   3732
78.0,0.0,4.7625,78.0,-0.2349221339,4.748014853,77.97038957,         1581P   3733
-0.4698435985,4.71902835,77.91117431,-0.6971108928,4.617268679,     1581P   3734
77.69694041,-1.241071826,4.466871864,77.34965893,-1.684853011,      1581P   3735
4.370187771,77.10519896,-1.910913602,4.232898609,76.70180914,       1581P   3736
-2.191512018,4.125102965,76.26397724,-2.381681119,4.092493601,      1581P   3737
76.11030231,-2.436693531,4.037327105,75.79777403,-2.527040411,      1581P   3738
4.003748977,75.48003286,-2.579210625,3.992590996,75.32020473,       1581P   3739
-2.596291133,3.981145836,74.99213078,-2.613809268,3.99315612,       1581P   3740
74.66405727,-2.595426146,4.005430517,74.49646884,-2.576636619,      1581P   3741
4.043459044,74.1537935,-2.517464374,4.106443236,73.81770055,        1581P   3742
-2.413487143,4.144889641,73.64831924,-2.347756027,4.236732412,      1581P   3743
73.30044324,-2.182006509,4.344958303,72.97764731,-1.957096635,      1581P   3744
4.404356102,72.81698994,-1.822144992,4.508119819,72.55608422,       1581P   3745
-1.555917678,4.602194064,72.3413071,-1.237979781,4.639438411,       1581P   3746
72.25923051,-1.09237577,4.701885816,72.12496245,-0.7969271613,      1581P   3747
4.742466774,72.04094239,-0.4763580504,4.755780185,72.01367086,      1581P   3748
-0.3189603074,4.762440836,72.00003088,-0.1594864763,4.762443404,    1581P   3749
72.00002937,2.231427203E-006,0.0,7.699543277,0.0,1.150469832,0,     1581P   3750
0;                                                                  1581P   3751
126,29,5,0,0,1,0,0.0,0.0,0.0,0.0,0.0,0.0,0.6295504352,              1583P   3752
0.6295504352,0.6295504352,1.316664033,1.316664033,1.316664033,      1583P   3753
2.232627533,2.232627533,2.232627533,3.062128889,3.062128889,        1583P   3754
3.062128889,3.851034424,3.851034424,3.851034424,4.603251591,        1583P   3755
4.603251591,4.603251591,5.350860331,5.350860331,5.350860331,        1583P   3756
6.774824674,6.774824674,6.774824674,7.699543277,7.699543277,        1583P   3757
7.699543277,7.699543277,7.699543277,7.699543277,1.0,1.0,1.0,1.0,    1583P   3758
1.0,1.0,1.0,1.0,1.0,1.0,1.0,1.0,1.0,1.0,1.0,1.0,1.0,1.0,1.0,1.0,    1583P   3759
1.0,1.0,1.0,1.0,1.0,1.0,1.0,1.0,1.0,1.0,3.762579939,72.99992046,    1583P   3760
-6.063374142E-006,3.762583468,72.99991692,-0.08401049194,           1583P   3761
3.760802631,73.00434923,-0.1680051562,3.757234348,73.01321938,      1583P   3762
-0.2522748951,3.745875241,73.04139745,-0.4297125751,3.725793163,    1583P   3763
73.09109629,-0.6085151263,3.712822341,73.12327238,-0.7021239858,    1583P   3764
3.676912971,73.2139101,-0.920050922,3.629895302,73.34272753,        1583P   3765
-1.133284998,3.600238867,73.42970572,-1.252118551,3.541964703,      1583P   3766
73.62153545,-1.467984067,3.486653616,73.86249794,-1.654691817,      1583P   3767
3.462376451,73.98782914,-1.73485019,3.421295505,74.25209585,        1583P   3768
-1.870152121,3.39511054,74.54683086,-1.956665129,3.386485989,       1583P   3769
74.69593576,-1.985550792,3.378051487,74.99287693,-2.013769325,      1583P   3770
3.386089117,75.28982076,-1.986878569,3.393928782,75.4322521,        1583P   3771
-1.960624194,3.417092818,75.70682413,-1.883993065,3.453340941,      1583P   3772
75.95612772,-1.764629497,3.474183364,76.07249936,-1.695943516,      1583P   3773
3.540423774,76.38564894,-1.47447833,3.615093108,76.6236313,         1583P   3774
-1.202006434,3.661298526,76.74634369,-1.010125737,3.720291494,      1583P   3775
76.89605213,-0.6905722404,3.751096374,76.97135179,-0.3717191309,    1583P   3776
3.758685451,76.99043184,-0.247459721,3.7625,77.0,-0.1237297678,     1583P   3777
3.7625,77.0,0.0,0.0,7.699543277,0.0,0.0,0.0,0,0;                    1583P   3778
126,1,1,0,0,1,0,0.0,0.0,1.150469832,1.150469832,1.0,1.0,3.7625,     1585P   3779
77.0,0.0,4.7625,78.0,0.0,0.0,1.150469832,0.0,0.0,0.0,0,0;           1585P   3780
126,29,5,0,0,1,0,0.0,0.0,0.0,0.0,0.0,0.0,0.9247186034,              1587P   3781
0.9247186034,0.9247186034,2.348682947,2.348682947,2.348682947,      1587P   3782
3.096291686,3.096291686,3.096291686,3.848508853,3.848508853,        1587P   3783
3.848508853,4.637414388,4.637414388,4.637414388,5.466915744,        1587P   3784
5.466915744,5.466915744,6.382879244,6.382879244,6.382879244,        1587P   3785
7.069992842,7.069992842,7.069992842,7.699543277,7.699543277,        1587P   3786
7.699543277,7.699543277,7.699543277,7.699543277,1.0,1.0,1.0,1.0,    1587P   3787
1.0,1.0,1.0,1.0,1.0,1.0,1.0,1.0,1.0,1.0,1.0,1.0,1.0,1.0,1.0,1.0,    1587P   3788
1.0,1.0,1.0,1.0,1.0,1.0,1.0,1.0,1.0,1.0,4.7625,78.0,0.0,4.7625,     1587P   3789
78.0,-0.2349221339,4.748014853,77.97038957,-0.4698435985,           1587P   3790
4.71902835,77.91117431,-0.6971108928,4.617268679,77.69694041,       1587P   3791
-1.241071826,4.466871864,77.34965893,-1.684853011,4.370187771,      1587P   3792
77.10519896,-1.910913602,4.232898609,76.70180914,-2.191512018,      1587P   3793
4.125102965,76.26397724,-2.381681119,4.092493601,76.11030231,       1587P   3794
-2.436693531,4.037327105,75.79777403,-2.527040411,4.003748977,      1587P   3795
75.48003286,-2.579210625,3.992590996,75.32020473,-2.596291133,      1587P   3796
3.981145836,74.99213078,-2.613809268,3.99315612,74.66405727,        1587P   3797
-2.595426146,4.005430517,74.49646884,-2.576636619,4.043459044,      1587P   3798
74.1537935,-2.517464374,4.106443236,73.81770055,-2.413487143,       1587P   3799
4.144889641,73.64831924,-2.347756027,4.236732412,73.30044324,       1587P   3800
-2.182006509,4.344958303,72.97764731,-1.957096635,4.404356102,      1587P   3801
72.81698994,-1.822144992,4.508119819,72.55608422,-1.555917678,      1587P   3802
4.602194064,72.3413071,-1.237979781,4.639438411,72.25923051,        1587P   3803
-1.09237577,4.701885816,72.12496245,-0.7969271613,4.742466774,      1587P   3804
72.04094239,-0.4763580504,4.755780185,72.01367086,-0.3189603074,    1587P   3805
4.762440836,72.00003088,-0.1594864763,4.762443404,72.00002937,      1587P   3806
2.231427203E-006,0.0,7.699541516,0.0,0.0,0.0,0,0;                   1587P   3807
126,1,1,0,0,1,0,0.0,0.0,1.150469832,1.150469832,1.0,1.0,            1589P   3808
4.762443404,72.00002937,2.231427202E-006,3.762579939,               1589P   3809
72.99992046,-6.063374142E-006,0.0,1.150469832,0.0,0.0,0.0,0,0;      1589P   3810
102,4,1583,1585,1587,1589,0,0;                                      1591P   3811
110,0.0,0.0,0.0,7.699543277,0.0,0.0,0,0;                            1593P   3812
110,0.0,0.0,0.0,0.0,1.150469832,0.0,0,0;                            1595P   3813
110,0.0,1.150469832,0.0,7.699541516,1.150469832,0.0,0,0;            1597P   3814
110,7.699543277,0.0,0.0,7.699543277,1.150469832,0.0,0,0;            1599P   3815
102,4,1593,1595,1597,1599,0,0;                                      1601P   3816
142,0,1581,1601,1591,1,0,0;                                         1603P   3817
144,1581,1,0,1603,0,0;                                              1605P   3818
110,-5.2375,45.0,0.0,-4.2375,45.0,0.0,0,0;                          1607P   3819
110,-3.805478105,43.0,6.28321907E-012,3.812546603,43.0,             1609P   3820
6.28321907E-012,0,0;                                                1609P   3821
120,1607,1609,0.0,6.283185307,0,0;                                  1611P   3822
110,-3.781360864,47.0,0.0,3.7625,47.0,0.0,0,0;                      1613P   3823
126,23,5,0,0,1,0,0.0,0.0,0.0,0.0,0.0,0.0,1.745304408,               1615P   3824
1.745304408,1.745304408,3.166690599,3.166690599,3.166690599,        1615P   3825
4.33023885,4.33023885,4.33023885,5.493787101,5.493787101,           1615P   3826
5.493787101,6.915023171,6.915023171,6.915023171,7.862740237,        1615P   3827
7.862740237,7.862740237,8.882090028,8.882090028,8.882090028,        1615P   3828
8.882090028,8.882090028,8.882090028,1.0,1.0,1.0,1.0,1.0,1.0,1.0,    1615P   3829
1.0,1.0,1.0,1.0,1.0,1.0,1.0,1.0,1.0,1.0,1.0,1.0,1.0,1.0,1.0,1.0,    1615P   3830
1.0,3.7625,47.0,0.0,3.7625,47.0,-0.2244974153,3.775057935,          1615P   3831
46.96850057,-0.4489949961,3.798644573,46.90508103,-0.6776193148,    1615P   3832
3.814721253,46.71932944,-1.082568727,3.796695255,46.41991021,       1615P   3833
-1.431073486,3.78256403,46.2645582,-1.57026143,3.75545798,          1615P   3834
45.95149195,-1.784516769,3.733787998,45.59694613,-1.920245157,      1615P   3835
3.726444171,45.4287078,-1.965221623,3.717845177,45.08210753,        1615P   3836
-2.017299317,3.721745441,44.73241892,-1.99356155,3.726900872,       1615P   3837
44.56108095,-1.962406487,3.744423311,44.19659497,-1.85594278,       1615P   3838
3.770964764,43.86660817,-1.667484031,3.786496232,43.70006287,       1615P   3839
-1.541022586,3.805764051,43.45450849,-1.298053547,3.807783735,      1615P   3840
43.26952566,-1.016139409,3.80513669,43.20531447,-0.8972843461,      1615P   3841
3.793159552,43.09617337,-0.6480766848,3.775439083,43.03222501,      1615P   3842
-0.3938274143,3.766783741,43.01074501,-0.2622370495,3.7625,43.0,    1615P   3843
-0.1311183266,3.7625,43.0,0.0,0.0,8.882090028,0.0,0.0,0.0,0,0;      1615P   3844
110,3.76250061,42.99999962,1.669043359E-007,-3.7625,43.0,0.0,0,     1617P   3845
0;                                                                  1617P   3846
126,3,3,0,0,1,0,0.0,0.0,0.0,0.0,0.5959320466,0.5959320466,          1619P   3847
0.5959320466,0.5959320466,1.0,1.0,1.0,1.0,-3.7625,43.0,0.0,         1619P   3848
-3.7625,43.0,-0.1391931619,-3.768991321,43.01440346,                1619P   3849
-0.2785766038,-3.777451272,43.04407603,-0.4175660545,0.0,           1619P   3850
0.5959320466,0.0,0.0,0.0,0,0;                                       1619P   3851
126,4,4,0,0,1,0,0.0,0.0,0.0,0.0,0.0,2.470194037,2.470194037,        1621P   3852
2.470194037,2.470194037,2.470194037,1.0,1.0,1.0,1.0,1.0,            1621P   3853
-3.777451272,43.04407603,-0.4175660545,-3.802910402,43.13337177,    1621P   3854
-0.8358368488,-3.801599152,43.34407042,-1.236511528,                1621P   3855
-3.785965076,43.66804139,-1.551990535,-3.757965087,44.04351699,     1621P   3856
-1.756456734,0.0,2.470194037,0.0,0.0,0.0,0,0;                       1621P   3857
126,4,4,0,0,1,0,0.0,0.0,0.0,0.0,0.0,2.866558577,2.866558577,        1623P   3858
2.866558577,2.866558577,2.866558577,1.0,1.0,1.0,1.0,1.0,            1623P   3859
-3.757965087,44.04351699,-1.756456734,-3.725341562,44.48099352,     1623P   3860
-1.994685696,-3.701861122,45.00000014,-2.088309129,-3.72534151,     1623P   3861
45.51900692,-1.994685654,-3.757965182,45.95648362,-1.756456399,     1623P   3862
0.0,2.866558577,0.0,0.0,0.0,0,0;                                    1623P   3863
126,11,5,0,0,1,0,0.0,0.0,0.0,0.0,0.0,0.0,0.6176262163,              1625P   3864
0.6176262163,0.6176262163,1.608745191,1.608745191,1.608745191,      1625P   3865
3.058604108,3.058604108,3.058604108,3.058604108,3.058604108,        1625P   3866
3.058604108,1.0,1.0,1.0,1.0,1.0,1.0,1.0,1.0,1.0,1.0,1.0,1.0,        1625P   3867
-3.757965182,45.95648362,-1.756456399,-3.763353338,46.02873768,     1625P   3868
-1.717110233,-3.767342542,46.10314088,-1.671776685,-3.770788088,    1625P   3869
46.16956661,-1.625785914,-3.778882222,46.3472914,-1.489109784,      1625P   3870
-3.784045544,46.50657945,-1.326568482,-3.786249045,46.58979954,     1625P   3871
-1.225541227,-3.790091213,46.786214,-0.9411462857,-3.789496154,     1625P   3872
46.91898771,-0.6179807693,-3.787811451,46.97291277,                 1625P   3873
-0.4158180388,-3.785010049,47.0,-0.2081815727,-3.781360864,47.0,    1625P   3874
0.0,0.0,3.058604108,0.0,0.0,0.0,0,0;                                1625P   3875
102,7,1613,1615,1617,1619,1621,1623,1625,0,0;                       1627P   3876
142,0,1611,0,1627,2,0,0;                                            1629P   3877
144,1611,1,0,1629,0,0;                                              1631P   3878
128,5,1,5,1,0,0,1,0,0,10.48188224,10.48188224,10.48188224,          1633P   3879
10.48188224,10.48188224,10.48188224,11.08452633,11.08452633,        1633P   3880
11.08452633,11.08452633,11.08452633,11.08452633,0.0,0.0,            1633P   3881
1.400101674,1.400101674,1.0,1.0,1.0,1.0,1.0,1.0,1.0,1.0,1.0,1.0,    1633P   3882
1.0,1.0,-4.699715076,42.09751395,-0.7708008059,-4.724008448,        1633P   3883
42.05888672,-0.6226815336,-4.743013746,42.0295522,-0.4702587061,    1633P   3884
-4.756002934,42.00985935,-0.3146671556,-4.7625,42.0,                1633P   3885
-0.1573334754,-4.7625,42.0,0.0,-3.777451273,43.04402752,            1633P   3886
-0.4175974858,-3.772298701,43.02595405,-0.3329449943,               1633P   3887
-3.767663187,43.01283419,-0.2489848028,-3.764210951,43.00429164,    1633P   3888
-0.1657299829,-3.7625,43.0,-0.08286505002,-3.7625,43.0,0.0,         1633P   3889
10.48188224,11.08452633,0.0,1.400101674,0,0;                        1633P   3890
126,1,1,0,0,1,0,0.0,0.0,1.400067783,1.400067783,1.0,1.0,-3.7625,    1635P   3891
43.0,0.0,-4.762475794,42.00002421,0.0,0.0,1.400067783,0.0,0.0,      1635P   3892
0.0,0,0;                                                            1635P   3893
126,5,5,0,0,1,0,0.0,0.0,0.0,0.0,0.0,0.0,0.6026440979,               1637P   3894
0.6026440979,0.6026440979,0.6026440979,0.6026440979,                1637P   3895
0.6026440979,1.0,1.0,1.0,1.0,1.0,1.0,-4.7625,42.0,0.0,-4.7625,      1637P   3896
42.0,-0.1573334754,-4.756002934,42.00985935,-0.3146671556,          1637P   3897
-4.743013746,42.0295522,-0.4702587061,-4.724008448,42.05888672,     1637P   3898
-0.6226815336,-4.699715076,42.09751394,-0.7708008059,0.0,           1637P   3899
0.6026440979,0.0,0.0,0.0,0,0;                                       1637P   3900
126,1,1,0,0,1,0,1.711715063E-005,1.711715063E-005,1.400088319,      1639P   3901
1.400088319,1.0,1.0,-4.6997038,42.09752552,-0.7707964877,           1639P   3902
-3.77746007,43.0440185,-0.4176008548,1.711715063E-005,              1639P   3903
1.400088319,0.0,0.0,0.0,0,0;                                        1639P   3904
126,5,5,0,0,1,0,10.48191084,10.48191084,10.48191084,10.48191084,    1641P   3905
10.48191084,10.48191084,11.08452633,11.08452633,11.08452633,        1641P   3906
11.08452633,11.08452633,11.08452633,1.0,1.0,1.0,1.0,1.0,1.0,        1641P   3907
-3.77745005,43.04402324,-0.4175773993,-3.772297821,43.02595156,     1641P   3908
-0.3329290565,-3.767662695,43.01283297,-0.2489729499,               1641P   3909
-3.764210789,43.00429123,-0.1657221179,-3.7625,43.0,                1641P   3910
-0.08286111754,-3.7625,43.0,0.0,10.48191084,11.08452633,0.0,0.0,    1641P   3911
0.0,0,0;                                                            1641P   3912
102,4,1635,1637,1639,1641,0,0;                                      1643P   3913
110,11.08452633,3.389072811E-005,0.0,11.08452633,1.400101674,       1645P   3914
0.0,0,0;                                                            1645P   3915
110,10.48188224,0.0,0.0,11.08452633,0.0,0.0,0,0;                    1647P   3916
110,10.48188224,1.711715063E-005,0.0,10.48188224,1.400088319,       1649P   3917
0.0,0,0;                                                            1649P   3918
110,10.48191084,1.400101674,0.0,11.08452633,1.400101674,0.0,0,0;    1651P   3919
102,4,1645,1647,1649,1651,0,0;                                      1653P   3920
142,0,1633,1653,1643,1,0,0;                                         1655P   3921
144,1633,1,0,1655,0,0;                                              1657P   3922
110,-5.2375,15.0,0.0,-4.2375,15.0,0.0,0,0;                          1659P   3923
110,-3.815868495,17.0,0.0,3.783018076,17.0,0.0,0,0;                 1661P   3924
120,1659,1661,0.0,6.283185307,0,0;                                  1663P   3925
110,3.7625,17.0,0.0,-3.7625,17.0,0.0,0,0;                           1665P   3926
126,23,5,0,0,1,0,0.0,0.0,0.0,0.0,0.0,0.0,1.271940281,               1667P   3927
1.271940281,1.271940281,2.691350089,2.691350089,2.691350089,        1667P   3928
4.596160468,4.596160468,4.596160468,5.55694761,5.55694761,          1667P   3929
5.55694761,6.517734752,6.517734752,6.517734752,7.941268254,         1667P   3930
7.941268254,7.941268254,8.960727616,8.960727616,8.960727616,        1667P   3931
8.960727616,8.960727616,8.960727616,1.0,1.0,1.0,1.0,1.0,1.0,1.0,    1667P   3932
1.0,1.0,1.0,1.0,1.0,1.0,1.0,1.0,1.0,1.0,1.0,1.0,1.0,1.0,1.0,1.0,    1667P   3933
1.0,-3.7625,17.0,0.0,-3.7625,17.0,0.1635785288,-3.769167287,        1667P   3934
16.98327629,0.3271571373,-3.782507141,16.95005846,0.4911149697,     1667P   3935
-3.806189064,16.83901889,0.8394294981,-3.810044698,16.64240061,     1667P   3936
1.168044556,-3.802785266,16.51330643,1.331757718,-3.774609851,      1667P   3937
16.16621221,1.669890228,-3.738536854,15.72773158,1.894535101,       1667P   3938
-3.724828043,15.46723934,1.974852779,-3.716001045,15.04596864,      1667P   3939
2.028558072,-3.725151519,14.62959312,1.972936792,-3.730113835,      1667P   3940
14.49479943,1.942347482,-3.743406655,14.23424263,1.860109227,       1667P   3941
-3.761384823,13.99165612,1.735245536,-3.771032487,13.87472283,      1667P   3942
1.662289336,-3.794585541,13.59751663,1.452416858,-3.808941005,      1667P   3943
13.37286359,1.189815738,-3.810589951,13.26082898,1.017679346,       1667P   3944
-3.79745654,13.11165906,0.7096502129,-3.775448725,13.03221356,      1667P   3945
0.3937982366,-3.766783074,13.01074333,0.2622165778,-3.7625,13.0,    1667P   3946
0.1311080914,-3.7625,13.0,0.0,0.0,8.960727616,0.0,0.0,0.0,0,0;      1667P   3947
110,-3.7625,13.0,0.0,3.781445868,13.0,0.0,0,0;                      1669P   3948
126,14,5,0,0,1,0,0.0,0.0,0.0,0.0,0.0,0.0,1.512392313,               1671P   3949
1.512392313,1.512392313,3.024784625,3.024784625,3.024784625,        1671P   3950
4.015594707,4.015594707,4.015594707,4.512499406,4.512499406,        1671P   3951
4.512499406,4.512499406,4.512499406,4.512499406,1.0,1.0,1.0,1.0,    1671P   3952
1.0,1.0,1.0,1.0,1.0,1.0,1.0,1.0,1.0,1.0,1.0,3.781445868,13.0,       1671P   3953
0.0,3.77765153,13.0,0.2153244975,3.772947233,13.0289779,            1671P   3954
0.4312429533,3.767747167,13.08690069,0.6378197225,3.756876335,      1671P   3955
13.25205174,1.026931736,3.745984299,13.51008981,1.358637239,        1671P   3956
3.740763029,13.66041562,1.508055806,3.732823637,13.94387061,        1671P   3957
1.721520032,3.726848775,14.26321922,1.867078112,3.724869442,        1671P   3958
14.39233245,1.912964328,3.72246323,14.59328562,1.965433888,         1671P   3959
3.721101783,14.79771665,1.991526163,3.720781047,14.86572832,        1671P   3960
1.997310059,3.720582454,14.93441568,2.000003587,3.72058913,         1671P   3961
15.0001093,1.999999997,0.0,4.512499406,0.0,0.0,0.0,0,0;             1671P   3962
126,3,3,0,0,1,0,0.0,0.0,0.0,0.0,1.4198169,1.4198169,1.4198169,      1673P   3963
1.4198169,1.0,1.0,1.0,1.0,3.72058913,15.0001093,1.999999997,        1673P   3964
3.720622951,15.33291036,1.999981809,3.736253543,15.66556862,        1673P   3965
1.915014413,3.758057755,15.95713172,1.756103318,0.0,1.4198169,      1673P   3966
0.0,0.0,0.0,0,0;                                                    1673P   3967
126,4,4,0,0,1,0,0.0,0.0,0.0,0.0,0.0,3.094250135,3.094250135,        1675P   3968
3.094250135,3.094250135,3.094250135,1.0,1.0,1.0,1.0,1.0,            1675P   3969
3.758057755,15.95713172,1.756103318,3.792851641,16.42239108,        1675P   3970
1.502522286,3.781720427,16.81103905,1.075793175,3.7625,17.0,        1675P   3971
0.5310181001,3.7625,17.0,0.0,0.0,3.094250135,0.0,0.0,0.0,0,0;       1675P   3972
102,6,1665,1667,1669,1671,1673,1675,0,0;                            1677P   3973
142,0,1663,0,1677,2,0,0;                                            1679P   3974
144,1663,1,0,1679,0,0;                                              1681P   3975
110,-5.2375,15.0,0.0,-4.2375,15.0,0.0,0,0;                          1683P   3976
110,-3.812546603,13.0,6.284107249E-012,3.805478108,13.0,            1685P   3977
6.284107249E-012,0,0;                                               1685P   3978
120,1683,1685,0.0,6.283185307,0,0;                                  1687P   3979
110,3.781445868,13.0,0.0,-3.7625,13.0,0.0,0,0;                      1689P   3980
126,23,5,0,0,1,0,0.0,0.0,0.0,0.0,0.0,0.0,1.745304408,               1691P   3981
1.745304408,1.745304408,3.166690599,3.166690599,3.166690599,        1691P   3982
4.330238824,4.330238824,4.330238824,5.493787049,5.493787049,        1691P   3983
5.493787049,6.915023118,6.915023118,6.915023118,7.862740158,        1691P   3984
7.862740158,7.862740158,8.88208995,8.88208995,8.88208995,           1691P   3985
8.88208995,8.88208995,8.88208995,1.0,1.0,1.0,1.0,1.0,1.0,1.0,       1691P   3986
1.0,1.0,1.0,1.0,1.0,1.0,1.0,1.0,1.0,1.0,1.0,1.0,1.0,1.0,1.0,1.0,    1691P   3987
1.0,-3.7625,13.0,0.0,-3.7625,13.0,-0.2244974153,-3.775057935,       1691P   3988
13.03149943,-0.4489949961,-3.798644574,13.09491897,                 1691P   3989
-0.6776193148,-3.814721254,13.28067056,-1.082568727,                1691P   3990
-3.796695255,13.58008979,-1.431073486,-3.78256403,13.7354418,       1691P   3991
-1.57026143,-3.755457981,14.04850805,-1.784516767,-3.733787999,     1691P   3992
14.40305387,-1.920245154,-3.726444171,14.57129219,-1.965221622,     1691P   3993
-3.717845177,14.91789247,-2.017299318,-3.721745441,15.26758109,     1691P   3994
-1.99356155,-3.726900871,15.43891906,-1.962406485,-3.744423309,     1691P   3995
15.80340504,-1.855942778,-3.770964762,16.13339183,-1.667484031,     1691P   3996
-3.786496233,16.29993713,-1.541022586,-3.805764051,16.54549151,     1691P   3997
-1.298053549,-3.807783736,16.73047434,-1.016139415,-3.80513669,     1691P   3998
16.79468553,-0.8972843395,-3.793159552,16.90382663,                 1691P   3999
-0.6480766815,-3.775439083,16.96777499,-0.3938274144,               1691P   4000
-3.766783741,16.98925499,-0.2622370495,-3.7625,17.0,                1691P   4001
-0.1311183267,-3.7625,17.0,0.0,0.0,8.88208995,0.0,0.0,0.0,0,0;      1691P   4002
110,-3.7625,17.0,0.0,3.7625,17.0,0.0,0,0;                           1693P   4003
126,3,3,0,0,1,0,0.0,0.0,0.0,0.0,0.5959321134,0.5959321134,          1695P   4004
0.5959321134,0.5959321134,1.0,1.0,1.0,1.0,3.7625,17.0,0.0,          1695P   4005
3.7625,17.0,-0.1391931901,3.768991321,16.98559653,-0.2785766581,    1695P   4006
3.777451272,16.95592396,-0.4175661006,0.0,0.5959321134,0.0,0.0,     1695P   4007
0.0,0,0;                                                            1695P   4008
126,4,4,0,0,1,0,0.0,0.0,0.0,0.0,0.0,2.470194281,2.470194281,        1697P   4009
2.470194281,2.470194281,2.470194281,1.0,1.0,1.0,1.0,1.0,            1697P   4010
3.777451272,16.95592396,-0.4175661006,3.802910405,16.8666282,       1697P   4011
-0.8358369331,3.80159915,16.65592952,-1.236511606,3.785965069,      1697P   4012
16.33195853,-1.55199061,3.757965079,15.95648288,-1.756456803,       1697P   4013
0.0,2.470194281,0.0,0.0,0.0,0,0;                                    1697P   4014
126,4,4,0,0,1,0,0.0,0.0,0.0,0.0,0.0,2.867683133,2.867683133,        1699P   4015
2.867683133,2.867683133,2.867683133,1.0,1.0,1.0,1.0,1.0,            1699P   4016
3.757965079,15.95648288,-1.756456803,3.725329726,15.51884769,       1699P   4017
-1.994772124,3.701858113,14.99961279,-2.088340293,3.725327993,      1699P   4018
14.4805295,-1.994640185,3.758057275,14.04287543,-1.756107217,       1699P   4019
0.0,2.867683133,0.0,0.0,0.0,0,0;                                    1699P   4020
126,11,5,0,0,1,0,0.0,0.0,0.0,0.0,0.0,0.0,0.6169641298,              1701P   4021
0.6169641298,0.6169641298,1.607750003,1.607750003,1.607750003,      1701P   4022
3.057606248,3.057606248,3.057606248,3.057606248,3.057606248,        1701P   4023
3.057606248,1.0,1.0,1.0,1.0,1.0,1.0,1.0,1.0,1.0,1.0,1.0,1.0,        1701P   4024
3.758057275,14.04287543,-1.756107217,3.76345384,13.97071287,        1701P   4025
-1.716776727,3.767450797,13.89641113,-1.671472589,3.770891829,      1701P   4026
13.83027336,-1.625663348,3.779005815,13.65267109,-1.489062886,      1701P   4027
3.784180321,13.49347967,-1.326627928,3.786391511,13.41014469,       1701P   4028
-1.22546081,3.790237184,13.21376642,-0.9410993043,3.789629509,      1701P   4029
13.08101165,-0.6179784356,3.787932262,13.02708706,-0.4158165154,    1701P   4030
3.785114326,13.0,-0.2081809135,3.781445868,13.0,0.0,0.0,            1701P   4031
3.057606248,0.0,0.0,0.0,0,0;                                        1701P   4032
102,7,1689,1691,1693,1695,1697,1699,1701,0,0;                       1703P   4033
142,0,1687,0,1703,2,0,0;                                            1705P   4034
144,1687,1,0,1705,0,0;                                              1707P   4035
128,5,1,5,1,0,0,1,0,0,15.84816807,15.84816807,15.84816807,          1709P   4036
15.84816807,15.84816807,15.84816807,16.45081221,16.45081221,        1709P   4037
16.45081221,16.45081221,16.45081221,16.45081221,0.0,0.0,            1709P   4038
1.400101669,1.400101669,1.0,1.0,1.0,1.0,1.0,1.0,1.0,1.0,1.0,1.0,    1709P   4039
1.0,1.0,4.699715084,17.90248607,-0.770800815,4.724008448,           1709P   4040
17.94111328,-0.6226815896,4.743013741,17.97044779,-0.4702587973,    1709P   4041
4.75600293,17.99014064,-0.314667247,4.7625,18.0,-0.1573335211,      1709P   4042
4.7625,18.0,0.0,3.777451273,16.95597249,-0.4175975519,              1709P   4043
3.772298702,16.97404596,-0.332945076,3.767663188,16.98716581,       1709P   4044
-0.2489848783,3.764210952,16.99570836,-0.165730031,3.7625,17.0,     1709P   4045
-0.08286507408,3.7625,17.0,0.0,15.84816807,16.45081221,0.0,         1709P   4046
1.400101669,0,0;                                                    1709P   4047
126,1,1,0,0,1,0,0.0,0.0,1.400067774,1.400067774,1.0,1.0,3.7625,     1711P   4048
17.0,0.0,4.762475791,17.99997579,0.0,0.0,1.400067774,0.0,0.0,       1711P   4049
0.0,0,0;                                                            1711P   4050
126,5,5,0,0,1,0,0.0,0.0,0.0,0.0,0.0,0.0,0.6026441331,               1713P   4051
0.6026441331,0.6026441331,0.6026441331,0.6026441331,                1713P   4052
0.6026441331,1.0,1.0,1.0,1.0,1.0,1.0,4.7625,18.0,0.0,4.7625,        1713P   4053
18.0,-0.1573335211,4.75600293,17.99014064,-0.314667247,             1713P   4054
4.743013741,17.97044779,-0.4702587973,4.724008448,17.94111328,      1713P   4055
-0.6226815896,4.699715084,17.90248607,-0.770800815,0.0,             1713P   4056
0.6026441331,0.0,0.0,0.0,0,0;                                       1713P   4057
126,1,1,0,0,1,0,1.711845091E-005,1.711845091E-005,1.400088311,      1715P   4058
1.400088311,1.0,1.0,4.699703807,17.90247449,-0.7707964966,          1715P   4059
3.777460071,16.95598152,-0.4176009216,1.711845091E-005,             1715P   4060
1.400088311,0.0,0.0,0.0,0,0;                                        1715P   4061
126,5,5,0,0,1,0,15.84819669,15.84819669,15.84819669,15.84819669,    1717P   4062
15.84819669,15.84819669,16.45081221,16.45081221,16.45081221,        1717P   4063
16.45081221,16.45081221,16.45081221,1.0,1.0,1.0,1.0,1.0,1.0,        1717P   4064
3.777450049,16.95597678,-0.4175774512,3.772297821,16.97404845,      1717P   4065
-0.332929127,3.767662696,16.98716703,-0.248973017,3.764210789,      1717P   4066
16.99570877,-0.1657221605,3.7625,17.0,-0.08286113882,3.7625,        1717P   4067
17.0,0.0,15.84819669,16.45081221,0.0,0.0,0.0,0,0;                   1717P   4068
102,4,1711,1713,1715,1717,0,0;                                      1719P   4069
110,16.45081221,3.389548335E-005,0.0,16.45081221,1.400101669,       1721P   4070
0.0,0,0;                                                            1721P   4071
110,15.84816807,0.0,0.0,16.45081221,0.0,0.0,0,0;                    1723P   4072
110,15.84816807,1.711845091E-005,0.0,15.84816807,1.400088311,       1725P   4073
0.0,0,0;                                                            1725P   4074
110,15.84819669,1.400101669,0.0,16.45081221,1.400101669,0.0,0,0;    1727P   4075
102,4,1721,1723,1725,1727,0,0;                                      1729P   4076
142,0,1709,1729,1719,1,0,0;                                         1731P   4077
144,1709,1,0,1731,0,0;                                              1733P   4078
108,0.0,0.0,1.0,2.7625,0,0.0,0.0,2.7625,1.0,0,0;                    1735P   4079
110,0.5,80.0,2.7625,0.5,10.0,2.7625,0,0;                            1737P   4080
124,1.0,0.0,0.0,0.0,0.0,-1.0,0.0,10.0,0.0,0.0,-1.0,2.7625,0,0;      1739P   4081
100,0.0,0.0,0.0,0.5,0.0,-0.5,0.0,0,0;                               1741P   4082
110,-0.5,10.0,2.7625,-0.5,80.0,2.7625,0,0;                          1743P   4083
124,-1.0,0.0,0.0,0.0,0.0,1.0,0.0,80.0,0.0,0.0,-1.0,2.7625,0,0;      1745P   4084
100,0.0,0.0,0.0,0.5,0.0,-0.5,0.0,0,0;                               1747P   4085
102,4,1737,1741,1743,1747,0,0;                                      1749P   4086
142,0,1735,0,1749,2,0,0;                                            1751P   4087
144,1735,1,0,1751,0,0;                                              1753P   4088
110,0.5,45.0,3.7625,0.5,44.0,3.7625,0,0;                            1755P   4089
110,0.5,80.0,2.7625,0.5,10.0,2.7625,0,0;                            1757P   4090
120,1755,1757,0.0,6.283185307,0,0;                                  1759P   4091
124,0.0,1.0,0.0,0.5,0.0,0.0,-1.0,80.0,-1.0,0.0,0.0,3.7625,0,0;      1761P   4092
100,0.0,0.0,0.0,1.0,0.0,0.0,1.0,0,0;                                1763P   4093
110,1.5,80.0,3.7625,1.5,10.0,3.7625,0,0;                            1765P   4094
124,1.0,0.0,0.0,0.5,0.0,0.0,1.0,10.0,0.0,-1.0,0.0,3.7625,0,0;       1767P   4095
100,0.0,0.0,0.0,1.0,0.0,0.0,1.0,0,0;                                1769P   4096
110,0.5,10.0,2.7625,0.5,80.0,2.7625,0,0;                            1771P   4097
102,4,1763,1765,1769,1771,0,0;                                      1773P   4098
142,0,1759,0,1773,2,0,0;                                            1775P   4099
144,1759,1,0,1775,0,0;                                              1777P   4100
110,-0.5,45.0,3.7625,-0.5,46.0,3.7625,0,0;                          1779P   4101
110,-0.5,10.0,2.7625,-0.5,80.0,2.7625,0,0;                          1781P   4102
120,1779,1781,0.0,6.283185307,0,0;                                  1783P   4103
124,0.0,-1.0,0.0,-0.5,0.0,0.0,1.0,10.0,-1.0,0.0,0.0,3.7625,0,0;     1785P   4104
100,0.0,0.0,0.0,1.0,0.0,0.0,1.0,0,0;                                1787P   4105
110,-1.5,10.0,3.7625,-1.5,80.0,3.7625,0,0;                          1789P   4106
124,-1.0,0.0,0.0,-0.5,0.0,0.0,-1.0,80.0,0.0,-1.0,0.0,3.7625,0,0;    1791P   4107
100,0.0,0.0,0.0,1.0,0.0,0.0,1.0,0,0;                                1793P   4108
110,-0.5,80.0,2.7625,-0.5,10.0,2.7625,0,0;                          1795P   4109
102,4,1787,1789,1793,1795,0,0;                                      1797P   4110
142,0,1783,0,1797,2,0,0;                                            1799P   4111
144,1783,1,0,1799,0,0;                                              1801P   4112
108,0.0,1.0,0.0,0.0,0,0.0,0.0,0.0,1.0,0,0;                          1803P   4113
124,1.0,0.0,0.0,0.0,0.0,0.0,1.0,0.0,0.0,-1.0,0.0,0.0,0,0;           1805P   4114
100,0.0,0.0,0.0,3.762499999,0.0,-1.88125,3.258420581,0,0;           1807P   4115
124,-0.5,-0.8660254038,0.0,0.0,0.0,0.0,1.0,0.0,-0.8660254038,       1809P   4116
0.5,0.0,0.0,0,0;                                                    1809P   4117
100,0.0,0.0,0.0,3.762499999,0.0,1.88125,3.258420581,0,0;            1811P   4118
124,-1.0,0.0,0.0,0.0,0.0,0.0,1.0,0.0,0.0,1.0,0.0,0.0,0,0;           1813P   4119
100,0.0,0.0,0.0,3.762499999,0.0,-3.762499999,0.0,0,0;               1815P   4120
102,3,1807,1811,1815,0,0;                                           1817P   4121
142,0,1803,0,1817,2,0,0;                                            1819P   4122
144,1803,1,0,1819,0,0;                                              1821P   4123
128,32,1,5,1,0,0,1,0,0,0.0,0.0,0.0,0.0,0.0,0.0,0.6279138218,        1823P   4124
0.6279138218,0.6279138218,1.314218887,1.314218887,1.314218887,      1823P   4125
2.229104624,2.229104624,2.229104624,3.057629173,3.057629173,        1823P   4126
3.057629173,3.845607336,3.845607336,3.845607336,4.633585548,        1823P   4127
4.633585548,4.633585548,5.462103616,5.462103616,5.462103616,        1823P   4128
6.376975329,6.376975329,6.376975329,7.063267274,7.063267274,        1823P   4129
7.063267274,7.69133002,7.69133002,7.69133002,7.69133002,            1823P   4130
7.69133002,7.69133002,0.0,0.0,1.163804756,1.163804756,1.0,1.0,      1823P   4131
1.0,1.0,1.0,1.0,1.0,1.0,1.0,1.0,1.0,1.0,1.0,1.0,1.0,1.0,1.0,1.0,    1823P   4132
1.0,1.0,1.0,1.0,1.0,1.0,1.0,1.0,1.0,1.0,1.0,1.0,1.0,1.0,1.0,1.0,    1823P   4133
1.0,1.0,1.0,1.0,1.0,1.0,1.0,1.0,1.0,1.0,1.0,1.0,1.0,1.0,1.0,1.0,    1823P   4134
1.0,1.0,1.0,1.0,1.0,1.0,1.0,1.0,1.0,1.0,1.0,1.0,1.0,1.0,1.0,1.0,    1823P   4135
-3.7625,73.0,0.0,-3.7625,73.0,-0.08411537398,-3.760737028,          1823P   4136
73.00442212,-0.1682308336,-3.757218755,73.01325784,                 1823P   4137
-0.2525169742,-3.745861665,73.04143129,-0.4298342373,               1823P   4138
-3.725793073,73.09109625,-0.6085150004,-3.712822291,73.12327251,    1823P   4139
-0.7021242884,-3.676912979,73.21391008,-0.9200508275,               1823P   4140
-3.629895361,73.34272737,-1.13328475,-3.600239034,73.429706,        1823P   4141
-1.25211886,-3.541964503,73.6215354,-1.467983957,-3.486653939,      1823P   4142
73.86249743,-1.654691421,-3.462376465,73.98782962,-1.734850453,     1823P   4143
-3.421295374,74.25209629,-1.870152257,-3.395110644,74.54683069,     1823P   4144
-1.956665067,-3.386485987,74.69593561,-1.985550798,-3.377850694,    1823P   4145
74.99994622,-2.014441098,-3.386481143,75.30395874,-1.985567003,     1823P   4146
-3.395103322,75.45306597,-1.956689144,-3.421283559,75.74780627,     1823P   4147
-1.870191385,-3.462360672,76.01208168,-1.734902263,-3.486636115,    1823P   4148
76.13741739,-1.6547501,-3.541944464,76.37838961,-1.468054481,       1823P   4149
-3.600218321,76.57023081,-1.252198145,-3.629875263,76.65721503,     1823P   4150
-1.133369013,-3.67689501,76.78604318,-0.920141616,-3.712808061,     1823P   4151
76.87669192,-0.7022193526,-3.725780652,76.90887269,                 1823P   4152
-0.6086123666,-3.745855066,76.95855267,-0.4299129184,               1823P   4153
-3.75721637,76.98673594,-0.2525765224,-3.760736191,76.99557578,     1823P   4154
-0.168270562,-3.7625,77.0,-0.08413532387,-3.7625,77.0,0.0,          1823P   4155
-4.7625,72.0,0.0,-4.7625,72.0,-0.1597074293,-4.75580539,            1823P   4156
72.01368507,-0.3194145494,-4.742411493,72.04105662,                 1823P   4157
-0.4767947758,-4.701843192,72.12505434,-0.797128827,                1823P   4158
-4.639438584,72.25922986,-1.092374847,-4.602194006,72.34130692,     1823P   4159
-1.237979995,-4.508119755,72.55608479,-1.555917816,-4.404356357,    1823P   4160
72.81698877,-1.822144294,-4.344958196,72.97764726,-1.957096864,     1823P   4161
-4.236732425,73.30044359,-2.182006459,-4.144889875,73.64831808,     1823P   4162
-2.3477556,-4.106443029,73.81770103,-2.413487483,-4.043459064,      1823P   4163
74.15379415,-2.517464339,-4.005430469,74.49646851,-2.576636696,     1823P   4164
-3.993156117,74.66405723,-2.59542615,-3.980859918,74.99994111,      1823P   4165
-2.614246898,-3.99314922,75.335825,-2.595436707,-4.005420143,       1823P   4166
75.50341362,-2.57665263,-4.043441354,75.8460882,-2.517492445,       1823P   4167
-4.106418552,76.18218203,-2.413528803,-4.144861388,76.35156351,     1823P   4168
-2.347805437,-4.236697185,76.69944015,-2.182073703,-4.344918464,    1823P   4169
77.02224031,-1.957183926,-4.404314529,77.18290055,-1.822243952,     1823P   4170
-4.508077093,77.4438137,-1.556038768,-4.602154761,77.6586049,       1823P   4171
-1.238124208,-4.639401486,77.74068881,-1.092530574,-4.701820738,    1823P   4172
77.87489914,-0.7972663652,-4.742401949,77.95892365,                 1823P   4173
-0.4769065722,-4.755802214,77.98630843,-0.3194909247,-4.7625,       1823P   4174
78.0,-0.1597453076,-4.7625,78.0,0.0,0.0,7.69133002,0.0,             1823P   4175
1.163804756,0,0;                                                    1823P   4176
126,32,5,0,0,1,0,0.0,0.0,0.0,0.0,0.0,0.0,0.6279138218,              1825P   4177
0.6279138218,0.6279138218,1.314218887,1.314218887,1.314218887,      1825P   4178
2.229104624,2.229104624,2.229104624,3.057629173,3.057629173,        1825P   4179
3.057629173,3.845607336,3.845607336,3.845607336,4.633585548,        1825P   4180
4.633585548,4.633585548,5.462103616,5.462103616,5.462103616,        1825P   4181
6.376975329,6.376975329,6.376975329,7.063267274,7.063267274,        1825P   4182
7.063267274,7.69133002,7.69133002,7.69133002,7.69133002,            1825P   4183
7.69133002,7.69133002,1.0,1.0,1.0,1.0,1.0,1.0,1.0,1.0,1.0,1.0,      1825P   4184
1.0,1.0,1.0,1.0,1.0,1.0,1.0,1.0,1.0,1.0,1.0,1.0,1.0,1.0,1.0,1.0,    1825P   4185
1.0,1.0,1.0,1.0,1.0,1.0,1.0,-4.7625,72.0,0.0,-4.7625,72.0,          1825P   4186
-0.1597074293,-4.75580539,72.01368507,-0.3194145494,                1825P   4187
-4.742411493,72.04105662,-0.4767947758,-4.701843192,72.12505434,    1825P   4188
-0.797128827,-4.639438584,72.25922986,-1.092374847,-4.602194006,    1825P   4189
72.34130692,-1.237979995,-4.508119755,72.55608479,-1.555917816,     1825P   4190
-4.404356357,72.81698877,-1.822144294,-4.344958196,72.97764726,     1825P   4191
-1.957096864,-4.236732425,73.30044359,-2.182006459,-4.144889875,    1825P   4192
73.64831808,-2.3477556,-4.106443029,73.81770103,-2.413487483,       1825P   4193
-4.043459064,74.15379415,-2.517464339,-4.005430469,74.49646851,     1825P   4194
-2.576636696,-3.993156117,74.66405723,-2.59542615,-3.980859918,     1825P   4195
74.99994111,-2.614246898,-3.99314922,75.335825,-2.595436707,        1825P   4196
-4.005420143,75.50341362,-2.57665263,-4.043441354,75.8460882,       1825P   4197
-2.517492445,-4.106418552,76.18218203,-2.413528803,-4.144861388,    1825P   4198
76.35156351,-2.347805437,-4.236697185,76.69944015,-2.182073703,     1825P   4199
-4.344918464,77.02224031,-1.957183926,-4.404314529,77.18290055,     1825P   4200
-1.822243952,-4.508077093,77.4438137,-1.556038768,-4.602154761,     1825P   4201
77.6586049,-1.238124208,-4.639401486,77.74068881,-1.092530574,      1825P   4202
-4.701820738,77.87489914,-0.7972663652,-4.742401949,77.95892365,    1825P   4203
-0.4769065722,-4.755802214,77.98630843,-0.3194909247,-4.7625,       1825P   4204
78.0,-0.1597453076,-4.7625,78.0,0.0,0.0,7.69133002,0.0,0.0,0.0,     1825P   4205
0,0;                                                                1825P   4206
126,1,1,0,0,1,0,0.0,0.0,1.163804756,1.163804756,1.0,1.0,-4.7625,    1827P   4207
78.0,0.0,-3.7625,77.0,0.0,0.0,1.163804756,0.0,0.0,0.0,0,0;          1827P   4208
126,32,5,0,0,1,0,0.0,0.0,0.0,0.0,0.0,0.0,0.6280627459,              1829P   4209
0.6280627459,0.6280627459,1.314354691,1.314354691,1.314354691,      1829P   4210
2.229226404,2.229226404,2.229226404,3.057744472,3.057744472,        1829P   4211
3.057744472,3.845722684,3.845722684,3.845722684,4.633700847,        1829P   4212
4.633700847,4.633700847,5.462225396,5.462225396,5.462225396,        1829P   4213
6.377111133,6.377111133,6.377111133,7.063416198,7.063416198,        1829P   4214
7.063416198,7.69133002,7.69133002,7.69133002,7.69133002,            1829P   4215
7.69133002,7.69133002,1.0,1.0,1.0,1.0,1.0,1.0,1.0,1.0,1.0,1.0,      1829P   4216
1.0,1.0,1.0,1.0,1.0,1.0,1.0,1.0,1.0,1.0,1.0,1.0,1.0,1.0,1.0,1.0,    1829P   4217
1.0,1.0,1.0,1.0,1.0,1.0,1.0,-3.7625,77.0,0.0,-3.7625,77.0,          1829P   4218
-0.08413532387,-3.760736191,76.99557578,-0.168270562,               1829P   4219
-3.75721637,76.98673594,-0.2525765224,-3.745855066,76.95855267,     1829P   4220
-0.4299129184,-3.725780652,76.90887269,-0.6086123666,               1829P   4221
-3.712808061,76.87669192,-0.7022193526,-3.67689501,76.78604318,     1829P   4222
-0.920141616,-3.629875263,76.65721503,-1.133369013,-3.600218321,    1829P   4223
76.57023081,-1.252198145,-3.541944464,76.37838961,-1.468054481,     1829P   4224
-3.486636115,76.13741739,-1.6547501,-3.462360672,76.01208168,       1829P   4225
-1.734902263,-3.421283559,75.74780627,-1.870191385,-3.395103322,    1829P   4226
75.45306597,-1.956689144,-3.386481143,75.30395874,-1.985567003,     1829P   4227
-3.377850694,74.99994622,-2.014441098,-3.386485987,74.69593561,     1829P   4228
-1.985550798,-3.395110644,74.54683069,-1.956665067,-3.421295374,    1829P   4229
74.25209629,-1.870152257,-3.462376465,73.98782962,-1.734850453,     1829P   4230
-3.486653939,73.86249743,-1.654691421,-3.541964503,73.6215354,      1829P   4231
-1.467983957,-3.600239034,73.429706,-1.25211886,-3.629895361,       1829P   4232
73.34272737,-1.13328475,-3.676912979,73.21391008,-0.9200508275,     1829P   4233
-3.712822291,73.12327251,-0.7021242884,-3.725793073,73.09109625,    1829P   4234
-0.6085150004,-3.745861665,73.04143129,-0.4298342373,               1829P   4235
-3.757218755,73.01325784,-0.2525169742,-3.760737028,73.00442212,    1829P   4236
-0.1682308336,-3.7625,73.0,-0.08411537398,-3.7625,73.0,0.0,0.0,     1829P   4237
7.69133002,0.0,0.0,0.0,0,0;                                         1829P   4238
126,1,1,0,0,1,0,0.0,0.0,1.163804756,1.163804756,1.0,1.0,-3.7625,    1831P   4239
73.0,0.0,-4.7625,72.0,0.0,0.0,1.163804756,0.0,0.0,0.0,0,0;          1831P   4240
102,4,1825,1827,1829,1831,0,0;                                      1833P   4241
110,0.0,1.163804756,0.0,7.69133002,1.163804756,0.0,0,0;             1835P   4242
110,7.69133002,0.0,0.0,7.69133002,1.163804756,0.0,0,0;              1837P   4243
110,0.0,0.0,0.0,7.69133002,0.0,0.0,0,0;                             1839P   4244
110,0.0,0.0,0.0,0.0,1.163804756,0.0,0,0;                            1841P   4245
102,4,1835,1837,1839,1841,0,0;                                      1843P   4246
142,0,1823,1843,1833,1,0,0;                                         1845P   4247
144,1823,1,0,1845,0,0;                                              1847P   4248
110,0.0,-3.7625,0.0,0.0,-2.7625,0.0,0,0;                            1849P   4249
110,3.7625,1.679545392E-012,0.0,4.7625,1.0,0.0,0,0;                 1851P   4250
120,1849,1851,0.0,3.141592654,0,0;                                  1853P   4251
124,-0.5,0.8660254038,0.0,0.0,0.0,0.0,-1.0,1.687983087E-012,        1855P   4252
-0.8660254038,-0.5,0.0,0.0,0,0;                                     1855P   4253
100,0.0,0.0,0.0,3.7625,0.0,-1.88125,3.258420582,0,0;                1857P   4254
110,3.762499999,0.0,0.0,4.7625,1.0,0.0,0,0;                         1859P   4255
124,1.0,0.0,0.0,0.0,0.0,0.0,1.0,1.0,0.0,-1.0,0.0,0.0,0,0;           1861P   4256
100,0.0,0.0,0.0,4.7625,0.0,-2.38125,4.124445986,0,0;                1863P   4257
124,-0.5,-0.8660254038,0.0,0.0,0.0,0.0,1.0,1.0,-0.8660254038,       1865P   4258
0.5,0.0,0.0,0,0;                                                    1865P   4259
100,0.0,0.0,0.0,4.7625,0.0,2.38125,4.124445986,0,0;                 1867P   4260
110,-4.7625,1.0,0.0,-3.7625,1.690647622E-012,0.0,0,0;               1869P   4261
124,-1.0,0.0,0.0,0.0,0.0,0.0,-1.0,1.68620673E-012,0.0,-1.0,0.0,     1871P   4262
0.0,0,0;                                                            1871P   4263
100,0.0,0.0,0.0,3.7625,0.0,1.88125,3.258420582,0,0;                 1873P   4264
102,6,1857,1859,1863,1867,1869,1873,0,0;                            1875P   4265
142,0,1853,0,1875,2,0,0;                                            1877P   4266
144,1853,1,0,1877,0,0;                                              1879P   4267
128,5,5,5,5,0,0,1,0,0,-1.217368918,-1.217368918,-1.217368918,       1881P   4268
-1.217368918,-1.217368918,-1.217368918,1.381382383,1.381382383,     1881P   4269
1.381382383,1.381382383,1.381382383,1.381382383,-0.7374845862,      1881P   4270
-0.7374845862,-0.7374845862,-0.7374845862,-0.7374845862,            1881P   4271
-0.7374845862,0.7567726246,0.7567726246,0.7567726246,               1881P   4272
0.7567726246,0.7567726246,0.7567726246,1.0,1.0,1.0,1.0,1.0,1.0,     1881P   4273
1.0,1.0,1.0,1.0,1.0,1.0,1.0,1.0,1.0,1.0,1.0,1.0,1.0,1.0,1.0,1.0,    1881P   4274
1.0,1.0,1.0,1.0,1.0,1.0,1.0,1.0,1.0,1.0,1.0,1.0,1.0,1.0,            1881P   4275
3.700783201,15.48210025,-1.814562517,3.677752451,15.88173242,       1881P   4276
-1.463376965,3.623258152,16.30029327,-1.11895635,3.551576421,       1881P   4277
16.7291942,-0.7782311842,3.761843072,16.98847304,-0.376884651,      1881P   4278
3.983159471,17.24110428,0.02683767497,3.761992672,15.70733395,      1881P   4279
-2.021693065,3.766553318,16.09036694,-1.664575121,3.747435625,      1881P   4280
16.48764499,-1.312548227,3.747429168,16.87342558,-0.9564122508,     1881P   4281
3.943636947,17.14116234,-0.5580884979,4.160627936,17.39639577,      1881P   4282
-0.1552961731,3.832347337,15.92706584,-2.226857316,3.857153705,     1881P   4283
16.29791887,-1.865386365,3.880918615,16.66939844,-1.504139337,      1881P   4284
3.940921396,17.01907706,-1.135100849,4.117806059,17.29843874,       1881P   4285
-0.7409317353,4.332225594,17.55521918,-0.3386922957,3.927411296,    1881P   4286
16.13193245,-2.426708854,3.960865722,16.49758274,-2.063378495,      1881P   4287
4.020747056,16.84733443,-1.694366119,4.120462996,17.17312134,       1881P   4288
-1.316788955,4.289739608,17.45706007,-0.9242556385,4.501212618,     1881P   4289
17.71561316,-0.5226497274,4.025709622,16.33485324,-2.625864974,     1881P   4290
4.081903356,16.68682341,-2.257645464,4.162544836,17.02408565,       1881P   4291
-1.884169476,4.282370413,17.33777446,-1.502268564,4.45860512,       1881P   4292
17.61752716,-1.108239196,4.6708164,17.8756361,-0.7064745509,        1881P   4293
4.132350213,16.53275527,-2.823227434,4.208238889,16.87287682,       1881P   4294
-2.45077334,4.30652745,17.19952246,-2.073503075,4.440992042,        1881P   4295
17.50440434,-1.688454647,4.62249013,17.78099055,-1.293293606,       1881P   4296
4.836649298,18.03792763,-0.8911101475,-1.217368918,1.381382383,     1881P   4297
-0.7374845862,0.7567726246,0,0;                                     1881P   4298
126,3,3,0,0,1,0,0.0,0.0,0.0,0.0,1.30415848,1.30415848,              1883P   4299
1.30415848,1.30415848,1.0,1.0,1.0,1.0,4.011313863,16.30964741,      1883P   4300
-2.56715025,3.926631386,16.19200454,-2.296969494,3.844389155,       1883P   4301
16.0737689,-2.026101054,3.757736986,15.95652727,-1.75650912,0.0,    1883P   4302
1.30415848,0.0,0.0,0.0,0,0;                                         1883P   4303
126,4,4,0,0,1,0,0.0,0.0,0.0,0.0,0.0,2.473588201,2.473588201,        1885P   4304
2.473588201,2.473588201,2.473588201,1.0,1.0,1.0,1.0,1.0,            1885P   4305
3.757737415,15.95652793,-1.756510386,3.784470756,16.33789851,       1885P   4306
-1.549436206,3.804012016,16.65844108,-1.229907826,3.803336551,      1885P   4307
16.86678428,-0.8324442228,3.777479813,16.95589923,-0.4175590084,    1885P   4308
0.0,2.473588201,0.0,0.0,0.0,0,0;                                    1885P   4309
126,4,4,0,0,1,0,0.0,0.0,0.0,0.0,0.0,1.932657635,1.932657635,        1887P   4310
1.932657635,1.932657635,1.932657635,1.0,1.0,1.0,1.0,1.0,            1887P   4311
3.777516575,16.9559401,-0.4175643752,4.00584611,17.1939138,         1887P   4312
-0.5063471802,4.240220139,17.42831538,-0.5937163577,4.468780518,    1887P   4313
17.66608274,-0.6825708261,4.699632458,17.90253577,-0.7708185803,    1887P   4314
0.0,1.932657635,0.0,0.0,0.0,0,0;                                    1887P   4315
126,4,4,0,0,1,0,0.0,0.0,0.0,0.0,0.0,3.73719165,3.73719165,          1889P   4316
3.73719165,3.73719165,3.73719165,1.0,1.0,1.0,1.0,1.0,               1889P   4317
4.699643037,17.90254655,-0.7708232719,4.594873174,17.73674099,      1889P   4318
-1.40774566,4.378841287,17.38020947,-1.963133587,4.161210598,       1889P   4319
16.88839379,-2.335465946,4.011313842,16.3096474,-2.567150147,       1889P   4320
0.0,3.73719165,0.0,0.0,0.0,0,0;                                     1889P   4321
102,4,1883,1885,1887,1889,0,0;                                      1891P   4322
126,5,5,1,0,1,0,0.0,0.0,0.0,0.0,0.0,0.0,1.30415848,1.30415848,      1893P   4323
1.30415848,1.30415848,1.30415848,1.30415848,1.0,1.0,1.0,1.0,1.0,    1893P   4324
1.0,-1.191901081,0.3977426428,0.0,-1.124680489,0.2254887341,0.0,    1893P   4325
-1.05752803,0.05318319243,0.0,-0.9902622338,-0.1189748845,0.0,      1893P   4326
-0.92258396,-0.2910002951,0.0,-0.8557410848,-0.4634707518,0.0,      1893P   4327
0.0,1.30415848,0.0,0.0,1.0,0,0;                                     1893P   4328
126,8,5,1,0,1,0,0.0,0.0,0.0,0.0,0.0,0.0,1.472665894,1.472665894,    1895P   4329
1.472665894,2.473588201,2.473588201,2.473588201,2.473588201,        1895P   4330
2.473588201,2.473588201,1.0,1.0,1.0,1.0,1.0,1.0,1.0,1.0,1.0,        1895P   4331
-0.8557415334,-0.4634693259,0.0,-0.6609435525,-0.4124758735,0.0,    1895P   4332
-0.4562190354,-0.3853649944,0.0,-0.247617424,-0.3834604267,0.0,     1895P   4333
0.101869507,-0.4229831907,0.0,0.4362099702,-0.5303988844,0.0,       1895P   4334
0.5677942362,-0.5846356975,0.0,0.6938647059,-0.6490532966,0.0,      1895P   4335
0.813119024,-0.7228401405,0.0,0.0,2.473588201,0.0,0.0,1.0,0,0;      1895P   4336
126,5,5,1,0,1,0,0.0,0.0,0.0,0.0,0.0,0.0,1.932657635,1.932657635,    1897P   4337
1.932657635,1.932657635,1.932657635,1.932657635,1.0,1.0,1.0,1.0,    1897P   4338
1.0,1.0,0.8131493344,-0.7227939614,0.0,0.9217033943,                1897P   4339
-0.4722496299,0.0,1.030188883,-0.2217567274,0.0,1.139031085,        1897P   4340
0.02884918176,0.0,1.247356451,0.2793867492,0.0,1.355904429,         1897P   4341
0.5299333371,0.0,0.0,1.932657635,0.0,0.0,1.0,0,0;                   1897P   4342
126,8,5,1,0,1,0,0.0,0.0,0.0,0.0,0.0,0.0,1.946789559,1.946789559,    1899P   4343
1.946789559,3.73719165,3.73719165,3.73719165,3.73719165,            1899P   4344
3.73719165,3.73719165,1.0,1.0,1.0,1.0,1.0,1.0,1.0,1.0,1.0,          1899P   4345
1.355910117,0.5299480741,0.0,1.09909547,0.6385738083,0.0,           1899P   4346
0.8285871234,0.7111895871,0.0,0.5518220413,0.7487725599,0.0,        1899P   4347
0.02054323717,0.758198782,0.0,-0.4961346041,0.6593328418,0.0,       1899P   4348
-0.7367050914,0.5896865167,0.0,-0.9688884229,0.501343184,0.0,       1899P   4349
-1.191901014,0.3977425599,0.0,0.0,3.73719165,0.0,0.0,1.0,0,0;       1899P   4350
102,4,1893,1895,1897,1899,0,0;                                      1901P   4351
142,0,1881,1901,1891,1,0,0;                                         1903P   4352
144,1881,1,0,1903,0,0;                                              1905P   4353
128,5,5,5,5,0,0,1,0,0,-1.217368834,-1.217368834,-1.217368834,       1907P   4354
-1.217368834,-1.217368834,-1.217368834,1.381382257,1.381382257,     1907P   4355
1.381382257,1.381382257,1.381382257,1.381382257,-0.737484556,       1907P   4356
-0.737484556,-0.737484556,-0.737484556,-0.737484556,                1907P   4357
-0.737484556,0.7567726325,0.7567726325,0.7567726325,                1907P   4358
0.7567726325,0.7567726325,0.7567726325,1.0,1.0,1.0,1.0,1.0,1.0,     1907P   4359
1.0,1.0,1.0,1.0,1.0,1.0,1.0,1.0,1.0,1.0,1.0,1.0,1.0,1.0,1.0,1.0,    1907P   4360
1.0,1.0,1.0,1.0,1.0,1.0,1.0,1.0,1.0,1.0,1.0,1.0,1.0,1.0,            1907P   4361
-3.700783213,44.51789957,-1.814562569,-3.67775249,44.11826749,      1907P   4362
-1.463377004,-3.623258168,43.69970669,-1.118956388,-3.551576498,    1907P   4363
43.27080586,-0.7782312013,-3.761843061,43.01152703,-0.376884681,    1907P   4364
-3.983159324,42.75889578,0.02683762153,-3.761992694,44.29266586,    1907P   4365
-2.021693094,-3.766553355,43.90963294,-1.66457514,-3.747435666,     1907P   4366
43.51235497,-1.312548239,-3.747429147,43.1265744,-0.9564122683,     1907P   4367
-3.943636961,42.85883774,-0.5580885018,-4.160627842,42.6036043,     1907P   4368
-0.1552961944,-3.832347376,44.07293396,-2.226857321,                1907P   4369
-3.857153751,43.70208101,-1.865386361,-3.880918646,43.33060149,     1907P   4370
-1.504139329,-3.940921375,42.9809229,-1.135100847,-4.117806073,     1907P   4371
42.70156132,-0.7409317189,-4.332225537,42.4447809,-0.3386922887,    1907P   4372
-3.927411348,43.86806735,-2.426708834,-3.960865773,43.50241712,     1907P   4373
-2.063378468,-4.02074708,43.15266548,-1.694366092,-4.120463029,     1907P   4374
42.82687864,-1.31678892,-4.289739599,42.54293995,-0.9242556065,     1907P   4375
-4.501212547,42.28438689,-0.5226497028,-4.025709684,43.66514655,    1907P   4376
-2.625864931,-4.081903417,43.31317644,-2.257645415,-4.162544884,    1907P   4377
42.97591426,-1.884169423,-4.282370429,42.66222549,-1.502268512,     1907P   4378
-4.458605117,42.38247285,-1.108239142,-4.670816345,42.12436395,     1907P   4379
-0.7064745022,-4.132350288,43.46724451,-2.823227367,                1907P   4380
-4.208238963,43.12712302,-2.450773267,-4.306527514,42.80047745,     1907P   4381
-2.073502998,-4.440992056,42.4955956,-1.688454574,-4.622490136,     1907P   4382
42.21900945,-1.293293529,-4.836649264,41.96207242,-0.8911100735,    1907P   4383
-1.217368834,1.381382257,-0.737484556,0.7567726325,0,0;             1907P   4384
126,3,3,0,0,1,0,0.0,0.0,0.0,0.0,1.304158519,1.304158519,            1909P   4385
1.304158519,1.304158519,1.0,1.0,1.0,1.0,-4.011313908,               1909P   4386
43.69035242,-2.56715018,-3.926631418,43.80799531,-2.296969425,      1909P   4387
-3.844389175,43.92623096,-2.026100985,-3.757736993,44.0434726,      1909P   4388
-1.756509052,0.0,1.304158519,0.0,0.0,0.0,0,0;                       1909P   4389
126,4,4,0,0,1,0,0.0,0.0,0.0,0.0,0.0,2.473588053,2.473588053,        1911P   4390
2.473588053,2.473588053,2.473588053,1.0,1.0,1.0,1.0,1.0,            1911P   4391
-3.757737421,44.04347194,-1.756510318,-3.784470764,43.6621014,      1911P   4392
-1.549436122,-3.804011999,43.34155885,-1.229907747,-3.80333657,     1911P   4393
43.13321571,-0.8324441501,-3.777479817,43.04410077,                 1911P   4394
-0.4175589614,0.0,2.473588053,0.0,0.0,0.0,0,0;                      1911P   4395
126,4,4,0,0,1,0,0.0,0.0,0.0,0.0,0.0,1.932657657,1.932657657,        1913P   4396
1.932657657,1.932657657,1.932657657,1.0,1.0,1.0,1.0,1.0,            1913P   4397
-3.777516563,43.04405991,-0.4175643253,-4.005846097,42.80608621,    1913P   4398
-0.5063471435,-4.240220143,42.57168464,-0.5937163279,               1913P   4399
-4.468780506,42.33391727,-0.68257081,-4.699632454,42.09746424,      1913P   4400
-0.7708185704,0.0,1.932657657,0.0,0.0,0.0,0,0;                      1913P   4401
126,5,5,0,0,1,0,0.0,0.0,0.0,0.0,0.0,0.0,3.725515931,3.725515931,    1915P   4402
3.725515931,3.725515931,3.725515931,3.725515931,1.0,1.0,1.0,1.0,    1915P   4403
1.0,1.0,-4.699630352,42.09746784,-0.7708345047,-4.616432565,        1915P   4404
42.22911582,-1.276381612,-4.47198964,42.4722176,-1.73837563,        1915P   4405
-4.289747953,42.81260108,-2.104869592,-4.132278214,43.22320886,     1915P   4406
-2.379973022,-4.011319491,43.69033632,-2.567152008,0.0,             1915P   4407
3.725515931,0.0,0.0,0.0,0,0;                                        1915P   4408
102,4,1909,1911,1913,1915,0,0;                                      1917P   4409
126,5,5,1,0,1,0,0.0,0.0,0.0,0.0,0.0,0.0,1.304158519,1.304158519,    1919P   4410
1.304158519,1.304158519,1.304158519,1.304158519,1.0,1.0,1.0,1.0,    1919P   4411
1.0,1.0,-1.191901,0.3977426089,0.0,-1.1246804,0.2254886969,0.0,     1919P   4412
-1.057527935,0.05318315192,0.0,-0.9902621329,-0.1189749283,0.0,     1919P   4413
-0.9225838526,-0.2910003422,0.0,-0.855740971,-0.4634708022,0.0,     1919P   4414
0.0,1.304158519,0.0,0.0,1.0,0,0;                                    1919P   4415
126,8,5,1,0,1,0,0.0,0.0,0.0,0.0,0.0,0.0,1.47266586,1.47266586,      1921P   4416
1.47266586,2.473588053,2.473588053,2.473588053,2.473588053,         1921P   4417
2.473588053,2.473588053,1.0,1.0,1.0,1.0,1.0,1.0,1.0,1.0,1.0,        1921P   4418
-0.8557414195,-0.4634693768,0.0,-0.660943444,-0.4124759219,0.0,     1921P   4419
-0.4562189326,-0.3853650398,0.0,-0.2476173258,-0.3834604679,0.0,    1921P   4420
0.1018695849,-0.4229832211,0.0,0.4362100308,-0.5303988974,0.0,      1921P   4421
0.567794283,-0.584635699,0.0,0.6938647406,-0.6490532844,0.0,        1921P   4422
0.8131190504,-0.7228401112,0.0,0.0,2.473588053,0.0,0.0,1.0,0,0;     1921P   4423
126,5,5,1,0,1,0,0.0,0.0,0.0,0.0,0.0,0.0,1.932657657,1.932657657,    1923P   4424
1.932657657,1.932657657,1.932657657,1.932657657,1.0,1.0,1.0,1.0,    1923P   4425
1.0,1.0,0.8131493479,-0.7227939526,0.0,0.9217033781,                1923P   4426
-0.4722496051,0.0,1.030188838,-0.221756687,0.0,1.139031014,         1923P   4427
0.02884923756,0.0,1.247356353,0.2793868198,0.0,1.355904305,         1923P   4428
0.5299334221,0.0,0.0,1.932657657,0.0,0.0,1.0,0,0;                   1923P   4429
126,8,5,1,0,1,0,0.0,0.0,0.0,0.0,0.0,0.0,1.359848713,1.359848713,    1925P   4430
1.359848713,3.725515931,3.725515931,3.725515931,3.725515931,        1925P   4431
3.725515931,3.725515931,1.0,1.0,1.0,1.0,1.0,1.0,1.0,1.0,1.0,        1925P   4432
1.355889357,0.5299405301,0.0,1.177336331,0.6054419315,0.0,          1925P   4433
0.9919928757,0.6642223461,0.0,0.8022357092,0.7057334093,0.0,        1925P   4434
0.2764075224,0.7732494532,0.0,-0.2523577643,0.721400249,0.0,        1925P   4435
-0.5790832779,0.6454487729,0.0,-0.8935803621,0.5362160753,0.0,      1925P   4436
-1.191890819,0.3977561811,0.0,0.0,3.725515931,0.0,0.0,1.0,0,0;      1925P   4437
102,4,1919,1921,1923,1925,0,0;                                      1927P   4438
142,0,1907,1927,1917,1,0,0;                                         1929P   4439
144,1907,1,0,1929,0,0;                                              1931P   4440
110,-5.2375,75.0,0.0,-4.2375,75.0,0.0,0,0;                          1933P   4441
110,-3.786366593,73.0,6.282330892E-012,3.786377205,73.0,            1935P   4442
6.282330892E-012,0,0;                                               1935P   4443
120,1933,1935,0.0,6.283185307,0,0;                                  1937P   4444
110,-3.7625,77.0,0.0,3.7625,77.0,0.0,0,0;                           1939P   4445
126,20,5,0,0,1,0,0.0,0.0,0.0,0.0,0.0,0.0,1.535286584,               1941P   4446
1.535286584,1.535286584,3.419571925,3.419571925,3.419571925,        1941P   4447
4.754849844,4.754849844,4.754849844,6.090127762,6.090127762,        1941P   4448
6.090127762,8.031954508,8.031954508,8.031954508,8.975953361,        1941P   4449
8.975953361,8.975953361,8.975953361,8.975953361,8.975953361,1.0,    1941P   4450
1.0,1.0,1.0,1.0,1.0,1.0,1.0,1.0,1.0,1.0,1.0,1.0,1.0,1.0,1.0,1.0,    1941P   4451
1.0,1.0,1.0,1.0,3.7625,77.0,0.0,3.7625,77.0,-0.1932275476,          1941P   4452
3.753196804,76.97666445,-0.3864556859,3.734843039,76.93126391,      1941P   4453
-0.5754899444,3.667964447,76.7703186,-0.99994367,3.568822326,       1941P   4454
76.48166409,-1.382055631,3.511916823,76.28246231,-1.571389759,      1941P   4455
3.432267319,75.88496437,-1.834106758,3.390488783,75.41686621,       1941P   4456
-1.971765884,3.38068267,75.2126459,-2.004809963,3.377271359,        1941P   4457
74.79749499,-2.016186826,3.405316535,74.395708,-1.923051246,        1941P   4458
3.426966908,74.20490199,-1.851238988,3.496240778,73.77398531,       1941P   4459
-1.625668052,3.591534041,73.43898766,-1.294901794,3.651020815,      1941P   4460
73.2790549,-1.068927759,3.718537676,73.10839931,-0.7181545094,      1941P   4461
3.752008358,73.02634491,-0.3558031217,3.759032339,73.00879334,      1941P   4462
-0.2372128932,3.762584922,73.00000036,-0.1186155092,3.762579939,    1941P   4463
73.0,-6.063133009E-006,0.0,8.975953361,0.0,0.0,0.0,0,0;             1941P   4464
110,3.762579939,72.99992046,-6.063374142E-006,-3.7625,73.0,0.0,     1943P   4465
0,0;                                                                1943P   4466
126,20,5,0,0,1,0,0.0,0.0,0.0,0.0,0.0,0.0,1.538610856,               1945P   4467
1.538610856,1.538610856,3.429248082,3.429248082,3.429248082,        1945P   4468
4.77407178,4.77407178,4.77407178,5.936169322,5.936169322,           1945P   4469
5.936169322,7.098266864,7.098266864,7.098266864,9.048897926,        1945P   4470
9.048897926,9.048897926,9.048897926,9.048897926,9.048897926,1.0,    1945P   4471
1.0,1.0,1.0,1.0,1.0,1.0,1.0,1.0,1.0,1.0,1.0,1.0,1.0,1.0,1.0,1.0,    1945P   4472
1.0,1.0,1.0,1.0,-3.7625,73.0,0.0,-3.7625,73.0,-0.1930998239,        1945P   4473
-3.753209077,73.02330471,-0.3862003013,-3.734648521,73.06905723,    1945P   4474
-0.5764851727,-3.667884312,73.23017745,-1.000720508,                1945P   4475
-3.568802151,73.51855135,-1.382208307,-3.51192743,73.71715915,      1945P   4476
-1.571226704,-3.432324397,74.11603379,-1.834800169,-3.39036747,     1945P   4477
74.58549199,-1.972411219,-3.380844979,74.78731738,-2.004530612,     1945P   4478
-3.377518327,75.17088952,-2.015305458,-3.401185241,75.54307218,     1945P   4479
-1.936858111,-3.41769916,75.70783052,-1.882212046,-3.460718559,     1945P   4480
76.01818931,-1.741691561,-3.51918318,76.2855794,-1.545324039,       1945P   4481
-3.551142321,76.40743704,-1.435011816,-3.639438431,76.69929144,     1945P   4482
-1.110289429,-3.716244529,76.88807912,-0.7328541993,                1945P   4483
-3.747566847,76.9625427,-0.489619119,-3.7625,77.0,-0.2448094742,    1945P   4484
-3.7625,77.0,0.0,0.0,9.048897926,0.0,0.0,0.0,0,0;                   1945P   4485
102,4,1939,1941,1943,1945,0,0;                                      1947P   4486
142,0,1937,0,1947,2,0,0;                                            1949P   4487
144,1937,1,0,1949,0,0;                                              1951P   4488
110,0.0,80.0,3.7625,0.0,80.0,4.7625,0,0;                            1953P   4489
124,0.0,1.0,0.0,0.5,0.0,0.0,-1.0,80.0,-1.0,0.0,0.0,3.7625,0,0;      1955P   4490
100,0.0,0.0,0.0,1.0,0.0,0.0,1.0,0,0;                                1957P   4491
120,1953,1957,0.0,3.141592654,0,0;                                  1959P   4492
124,0.0,-1.0,0.0,-0.5,0.0,0.0,1.0,80.0,-1.0,0.0,0.0,3.7625,0,0;     1961P   4493
100,0.0,0.0,0.0,1.0,0.0,0.0,1.0,0,0;                                1963P   4494
124,-1.0,0.0,0.0,0.0,0.0,1.0,0.0,80.0,0.0,0.0,-1.0,3.7625,0,0;      1965P   4495
100,0.0,0.0,0.0,1.5,0.0,-1.5,0.0,0,0;                               1967P   4496
124,1.0,0.0,0.0,0.5,0.0,0.0,1.0,80.0,0.0,-1.0,0.0,3.7625,0,0;       1969P   4497
100,0.0,0.0,0.0,1.0,0.0,0.0,1.0,0,0;                                1971P   4498
124,1.0,0.0,0.0,0.0,0.0,1.0,0.0,80.0,0.0,0.0,1.0,2.7625,0,0;        1973P   4499
100,0.0,0.0,0.0,0.5,0.0,-0.5,0.0,0,0;                               1975P   4500
102,4,1963,1967,1971,1975,0,0;                                      1977P   4501
142,0,1959,0,1977,2,0,0;                                            1979P   4502
144,1959,1,0,1979,0,0;                                              1981P   4503
110,0.0,10.0,3.7625,0.0,10.0,4.7625,0,0;                            1983P   4504
124,0.0,-1.0,0.0,-0.5,0.0,0.0,1.0,10.0,-1.0,0.0,0.0,3.7625,0,0;     1985P   4505
100,0.0,0.0,0.0,1.0,0.0,0.0,1.0,0,0;                                1987P   4506
120,1983,1987,0.0,3.141592654,0,0;                                  1989P   4507
124,0.0,1.0,0.0,0.5,0.0,0.0,-1.0,10.0,-1.0,0.0,0.0,3.7625,0,0;      1991P   4508
100,0.0,0.0,0.0,1.0,0.0,0.0,1.0,0,0;                                1993P   4509
124,1.0,0.0,0.0,0.0,0.0,-1.0,0.0,10.0,0.0,0.0,-1.0,3.7625,0,0;      1995P   4510
100,0.0,0.0,0.0,1.5,0.0,-1.5,0.0,0,0;                               1997P   4511
124,-1.0,0.0,0.0,-0.5,0.0,0.0,-1.0,10.0,0.0,-1.0,0.0,3.7625,0,0;    1999P   4512
100,0.0,0.0,0.0,1.0,0.0,0.0,1.0,0,0;                                2001P   4513
124,-1.0,0.0,0.0,0.0,0.0,-1.0,0.0,10.0,0.0,0.0,1.0,2.7625,0,0;      2003P   4514
100,0.0,0.0,0.0,0.5,0.0,-0.5,0.0,0,0;                               2005P   4515
102,4,1993,1997,2001,2005,0,0;                                      2007P   4516
142,0,1989,0,2007,2,0,0;                                            2009P   4517
144,1989,1,0,2009,0,0;                                              2011P   4518
128,14,1,5,1,0,0,1,0,0,9.36959219,9.36959219,9.36959219,            2013P   4519
9.36959219,9.36959219,9.36959219,9.830189104,9.830189104,           2013P   4520
9.830189104,10.54779804,10.54779804,10.54779804,11.44939034,        2013P   4521
11.44939034,11.44939034,11.72535623,11.72535623,11.72535623,        2013P   4522
11.72535623,11.72535623,11.72535623,0.0,0.0,0.8718043053,           2013P   4523
0.8718043053,1.0,1.0,1.0,1.0,1.0,1.0,1.0,1.0,1.0,1.0,1.0,1.0,       2013P   4524
1.0,1.0,1.0,1.0,1.0,1.0,1.0,1.0,1.0,1.0,1.0,1.0,1.0,1.0,1.0,1.0,    2013P   4525
1.0,1.0,4.011621901,13.68950092,-2.56677165,3.987141049,            2013P   4526
13.785202,-2.605031971,3.964531864,13.88283932,-2.639361807,        2013P   4527
3.944007525,13.98218168,-2.669810615,3.897273413,14.24005675,       2013P   4528
-2.737917325,3.866042445,14.50596634,-2.781400883,3.853231814,      2013P   4529
14.66995602,-2.798951412,3.838775912,15.04223435,-2.818757184,      2013P   4530
3.856927631,15.41451315,-2.79388784,3.877143487,15.61981167,        2013P   4531
-2.766196663,3.916121874,15.88269445,-2.711408277,3.96948978,       2013P   4532
16.13560633,-2.631605639,3.982753432,16.19427807,-2.611517571,      2013P   4533
3.996733676,16.25230034,-2.590031975,4.011384937,16.30962414,       2013P   4534
-2.567138105,3.758057274,14.0428839,-1.756075134,3.752942722,       2013P   4535
14.11127217,-1.793360249,3.747993283,14.18157762,-1.827373991,      2013P   4536
3.743365783,14.25354099,-1.857944098,3.732674148,14.44117906,       2013P   4537
-1.927017212,3.725257798,14.63629838,-1.972309722,3.72221966,       2013P   4538
14.75693428,-1.990766369,3.718787064,15.03110393,-2.011594315,      2013P   4539
3.723097243,15.30527471,-1.985441467,3.727890454,15.45620964,       2013P   4540
-1.956319728,3.737154342,15.64865109,-1.89956752,3.74901476,        2013P   4541
15.83157274,-1.8198257,3.751915886,15.87386268,-1.799898939,        2013P   4542
3.754910229,15.91551767,-1.778763359,3.75796508,15.95648268,        2013P   4543
-1.756455153,9.36959219,11.72535623,0.0,0.8718043053,0,0;           2013P   4544
126,14,5,0,0,1,0,9.369601517,9.369601517,9.369601517,               2015P   4545
9.369601517,9.369601517,9.369601517,9.830189104,9.830189104,        2015P   4546
9.830189104,10.54779804,10.54779804,10.54779804,11.44939034,        2015P   4547
11.44939034,11.44939034,11.72535623,11.72535623,11.72535623,        2015P   4548
11.72535623,11.72535623,11.72535623,1.0,1.0,1.0,1.0,1.0,1.0,1.0,    2015P   4549
1.0,1.0,1.0,1.0,1.0,1.0,1.0,1.0,3.758056756,14.04289082,            2015P   4550
-1.756078909,3.752942321,14.11127787,-1.793363004,3.747993002,      2015P   4551
14.18158199,-1.827375848,3.743365614,14.25354396,-1.857945192,      2015P   4552
3.732674089,14.44118061,-1.927017571,3.725257798,14.63629838,       2015P   4553
-1.972309722,3.72221966,14.75693428,-1.990766369,3.718787064,       2015P   4554
15.03110393,-2.011594315,3.723097243,15.30527471,-1.985441467,      2015P   4555
3.727890454,15.45620964,-1.956319728,3.737154342,15.64865109,       2015P   4556
-1.89956752,3.74901476,15.83157274,-1.8198257,3.751915886,          2015P   4557
15.87386268,-1.799898939,3.754910229,15.91551767,-1.778763359,      2015P   4558
3.75796508,15.95648268,-1.756455153,9.369599081,11.72535623,0.0,    2015P   4559
0.0,0.0,0,0;                                                        2015P   4560
126,1,1,0,0,1,0,0.0,0.0,0.8718043053,0.8718043053,1.0,1.0,          2017P   4561
3.75796508,15.95648268,-1.756455152,4.011384937,16.30962414,        2017P   4562
-2.567138105,3.842064433E-008,0.8718043053,0.0,0.0,0.0,0,0;         2017P   4563
126,14,5,0,0,1,0,0.0,0.0,0.0,0.0,0.0,0.0,0.2759658883,              2019P   4564
0.2759658883,0.2759658883,1.177558184,1.177558184,1.177558184,      2019P   4565
1.895167122,1.895167122,1.895167122,2.355764036,2.355764036,        2019P   4566
2.355764036,2.355764036,2.355764036,2.355764036,1.0,1.0,1.0,1.0,    2019P   4567
1.0,1.0,1.0,1.0,1.0,1.0,1.0,1.0,1.0,1.0,1.0,4.011384937,            2019P   4568
16.30962414,-2.567138105,3.996733676,16.25230034,-2.590031975,      2019P   4569
3.982753432,16.19427807,-2.611517571,3.96948978,16.13560633,        2019P   4570
-2.631605639,3.916121874,15.88269445,-2.711408277,3.877143487,      2019P   4571
15.61981167,-2.766196663,3.856927631,15.41451315,-2.79388784,       2019P   4572
3.838775912,15.04223435,-2.818757184,3.853231814,14.66995602,       2019P   4573
-2.798951412,3.866042445,14.50596634,-2.781400883,3.897273413,      2019P   4574
14.24005675,-2.737917325,3.944007525,13.98218168,-2.669810615,      2019P   4575
3.964531864,13.88283932,-2.639361807,3.987141049,13.785202,         2019P   4576
-2.605031971,4.011621901,13.68950092,-2.56677165,0.0,               2019P   4577
2.355764036,0.0,0.0,0.0,0,0;                                        2019P   4578
126,1,1,0,0,1,0,0.0,0.0,0.8717744321,0.8717744321,1.0,1.0,          2021P   4579
4.011621901,13.68950092,-2.56677165,3.758065963,14.04287179,        2021P   4580
-1.756102913,0.0,0.8717744321,0.0,0.0,0.0,0,0;                      2021P   4581
102,4,2015,2017,2019,2021,0,0;                                      2023P   4582
110,9.369599081,0.8718043053,0.0,11.72535623,0.8718043053,0.0,0,    2025P   4583
0;                                                                  2025P   4584
110,11.72535623,0.0,0.0,11.72535623,0.8718042669,0.0,0,0;           2027P   4585
110,9.36959219,0.0,0.0,11.72535623,0.0,0.0,0,0;                     2029P   4586
110,9.36959219,0.0,0.0,9.36959219,0.8717744321,0.0,0,0;             2031P   4587
102,4,2025,2027,2029,2031,0,0;                                      2033P   4588
142,0,2013,2033,2023,1,0,0;                                         2035P   4589
144,2013,1,0,2035,0,0;                                              2037P   4590
128,29,1,5,1,0,0,1,0,0,0.0,0.0,0.0,0.0,0.0,0.0,1.304901661,         2039P   4591
1.304901661,1.304901661,1.958681755,1.958681755,1.958681755,        2039P   4592
2.897805048,2.897805048,2.897805048,3.813362321,3.813362321,        2039P   4593
3.813362321,4.72502083,4.72502083,4.72502083,5.63626734,            2039P   4594
5.63626734,5.63626734,6.567529087,6.567529087,6.567529087,          2039P   4595
7.232553892,7.232553892,7.232553892,7.896445476,7.896445476,        2039P   4596
7.896445476,7.896445476,7.896445476,7.896445476,0.0,0.0,            2039P   4597
1.138550491,1.138550491,1.0,1.0,1.0,1.0,1.0,1.0,1.0,1.0,1.0,1.0,    2039P   4598
1.0,1.0,1.0,1.0,1.0,1.0,1.0,1.0,1.0,1.0,1.0,1.0,1.0,1.0,1.0,1.0,    2039P   4599
1.0,1.0,1.0,1.0,1.0,1.0,1.0,1.0,1.0,1.0,1.0,1.0,1.0,1.0,1.0,1.0,    2039P   4600
1.0,1.0,1.0,1.0,1.0,1.0,1.0,1.0,1.0,1.0,1.0,1.0,1.0,1.0,1.0,1.0,    2039P   4601
1.0,1.0,-4.7625,18.0,0.0,-4.7625,18.0,-0.3325019047,                2039P   4602
-4.733482279,17.95596535,-0.6650028943,-4.675555992,17.86821558,    2039P   4603
-0.9807077004,-4.559319477,17.67624121,-1.414985037,                2039P   4604
-4.420562197,17.4079327,-1.778889251,-4.372902087,17.31058483,      2039P   4605
-1.892044184,-4.256251382,17.05624976,-2.147186079,-4.144097794,    2039P   4606
16.76392972,-2.352384375,-4.082413637,16.5802248,-2.456111618,      2039P   4607
-3.974284157,16.19877066,-2.62754719,-3.899503311,15.78808883,      2039P   4608
-2.734949577,-3.872256304,15.58014236,-2.772777908,-3.838647723,    2039P   4609
15.15889611,-2.819005398,-3.847134711,14.73384958,-2.807256851,     2039P   4610
-3.862005282,14.5229112,-2.787088682,-3.912322451,14.10785933,      2039P   4611
-2.717467798,-3.999523482,13.71407523,-2.587529632,-4.051270937,    2039P   4612
13.52453152,-2.507069172,-4.168659755,13.15957236,-2.312163617,     2039P   4613
-4.302272803,12.83840235,-2.051066877,-4.37151097,12.68892791,      2039P   4614
-1.901835482,-4.487646887,12.45855059,-1.616537587,-4.58962763,     2039P   4615
12.27837689,-1.284176041,-4.628423384,12.21281341,-1.138067531,     2039P   4616
-4.696058341,12.1021478,-0.8324479248,-4.739958909,12.03419534,     2039P   4617
-0.5055375874,-4.754988926,12.01139812,-0.3383325763,-4.7625,       2039P   4618
12.0,-0.1691661697,-4.7625,12.0,0.0,-3.7625,17.0,0.0,-3.7625,       2039P   4619
17.0,-0.1751234879,-3.770141587,16.98083235,-0.3502474991,          2039P   4620
-3.785682807,16.94293197,-0.5290785451,-3.803781942,16.84746114,    2039P   4621
-0.8057023245,-3.807307251,16.69194565,-1.074054363,-3.80646612,    2039P   4622
16.6331896,-1.161774341,-3.799763972,16.47380437,-1.368194803,      2039P   4623
-3.784040829,16.27728636,-1.551263838,-3.772789925,16.14966177,     2039P   4624
-1.648287593,-3.750709736,15.87885787,-1.813976988,-3.733189176,    2039P   4625
15.57957339,-1.923846665,-3.726732741,15.42702908,-1.963310024,     2039P   4626
-3.718759571,15.11714686,-2.011809824,-3.7207699,14.80392428,       2039P   4627
-1.999530609,-3.724289808,14.64864094,-1.978193395,-3.736339062,    2039P   4628
14.34398735,-1.905407129,-3.755851384,14.05931302,-1.775304113,     2039P   4629
-3.766865247,13.9240666,-1.696667605,-3.788651616,13.66928282,      2039P   4630
-1.513050366,-3.803516015,13.4586634,-1.288500084,-3.8077204,       2039P   4631
13.36511774,-1.166709016,-3.807296781,13.22886609,-0.9497091765,    2039P   4632
-3.796941229,13.13258844,-0.7265655306,-3.791259154,13.09930657,    2039P   4633
-0.6335802755,-3.779001841,13.04541822,-0.4490693178,               2039P   4634
-3.768450106,13.0148746,-0.2677948654,-3.764477982,13.00496144,     2039P   4635
-0.1781941501,-3.7625,13.0,-0.08909714277,-3.7625,13.0,0.0,0.0,     2039P   4636
7.896445476,0.0,1.138550491,0,0;                                    2039P   4637
126,29,5,0,0,1,0,0.0,0.0,0.0,0.0,0.0,0.0,1.304901661,               2041P   4638
1.304901661,1.304901661,1.958681755,1.958681755,1.958681755,        2041P   4639
2.897805048,2.897805048,2.897805048,3.813362321,3.813362321,        2041P   4640
3.813362321,4.72502083,4.72502083,4.72502083,5.63626734,            2041P   4641
5.63626734,5.63626734,6.567529087,6.567529087,6.567529087,          2041P   4642
7.232553892,7.232553892,7.232553892,7.896445476,7.896445476,        2041P   4643
7.896445476,7.896445476,7.896445476,7.896445476,1.0,1.0,1.0,1.0,    2041P   4644
1.0,1.0,1.0,1.0,1.0,1.0,1.0,1.0,1.0,1.0,1.0,1.0,1.0,1.0,1.0,1.0,    2041P   4645
1.0,1.0,1.0,1.0,1.0,1.0,1.0,1.0,1.0,1.0,-3.7625,17.0,0.0,           2041P   4646
-3.7625,17.0,-0.1751234879,-3.770141587,16.98083235,                2041P   4647
-0.3502474991,-3.785682807,16.94293197,-0.5290785451,               2041P   4648
-3.803781942,16.84746114,-0.8057023245,-3.807307251,16.69194565,    2041P   4649
-1.074054363,-3.80646612,16.6331896,-1.161774341,-3.799763972,      2041P   4650
16.47380437,-1.368194803,-3.784040829,16.27728636,-1.551263838,     2041P   4651
-3.772789925,16.14966177,-1.648287593,-3.750709736,15.87885787,     2041P   4652
-1.813976988,-3.733189176,15.57957339,-1.923846665,-3.726732741,    2041P   4653
15.42702908,-1.963310024,-3.718759571,15.11714686,-2.011809824,     2041P   4654
-3.7207699,14.80392428,-1.999530609,-3.724289808,14.64864094,       2041P   4655
-1.978193395,-3.736339062,14.34398735,-1.905407129,-3.755851384,    2041P   4656
14.05931302,-1.775304113,-3.766865247,13.9240666,-1.696667605,      2041P   4657
-3.788651616,13.66928282,-1.513050366,-3.803516015,13.4586634,      2041P   4658
-1.288500084,-3.8077204,13.36511774,-1.166709016,-3.807296781,      2041P   4659
13.22886609,-0.9497091765,-3.796941229,13.13258844,                 2041P   4660
-0.7265655306,-3.791259154,13.09930657,-0.6335802755,               2041P   4661
-3.779001841,13.04541822,-0.4490693178,-3.768450106,13.0148746,     2041P   4662
-0.2677948654,-3.764477982,13.00496144,-0.1781941501,-3.7625,       2041P   4663
13.0,-0.08909714277,-3.7625,13.0,0.0,0.0,7.896445476,0.0,0.0,       2041P   4664
0.0,0,0;                                                            2041P   4665
126,1,1,0,0,1,0,0.0,0.0,1.138550491,1.138550491,1.0,1.0,-3.7625,    2043P   4666
13.0,0.0,-4.7625,12.0,0.0,0.0,1.138550491,0.0,0.0,0.0,0,0;          2043P   4667
126,29,5,0,0,1,0,0.0,0.0,0.0,0.0,0.0,0.0,0.6638915833,              2045P   4668
0.6638915833,0.6638915833,1.328916389,1.328916389,1.328916389,      2045P   4669
2.260178135,2.260178135,2.260178135,3.171424645,3.171424645,        2045P   4670
3.171424645,4.083083155,4.083083155,4.083083155,4.998640427,        2045P   4671
4.998640427,4.998640427,5.937763721,5.937763721,5.937763721,        2045P   4672
6.591543814,6.591543814,6.591543814,7.896445476,7.896445476,        2045P   4673
7.896445476,7.896445476,7.896445476,7.896445476,1.0,1.0,1.0,1.0,    2045P   4674
1.0,1.0,1.0,1.0,1.0,1.0,1.0,1.0,1.0,1.0,1.0,1.0,1.0,1.0,1.0,1.0,    2045P   4675
1.0,1.0,1.0,1.0,1.0,1.0,1.0,1.0,1.0,1.0,-4.7625,12.0,0.0,           2045P   4676
-4.7625,12.0,-0.1691661697,-4.754988926,12.01139812,                2045P   4677
-0.3383325763,-4.739958909,12.03419534,-0.5055375874,               2045P   4678
-4.696058341,12.1021478,-0.8324479248,-4.628423384,12.21281341,     2045P   4679
-1.138067531,-4.58962763,12.27837689,-1.284176041,-4.487646887,     2045P   4680
12.45855059,-1.616537587,-4.37151097,12.68892791,-1.901835482,      2045P   4681
-4.302272803,12.83840235,-2.051066877,-4.168659755,13.15957236,     2045P   4682
-2.312163617,-4.051270937,13.52453152,-2.507069172,-3.999523482,    2045P   4683
13.71407523,-2.587529632,-3.912322451,14.10785933,-2.717467798,     2045P   4684
-3.862005282,14.5229112,-2.787088682,-3.847134711,14.73384958,      2045P   4685
-2.807256851,-3.838647723,15.15889611,-2.819005398,-3.872256304,    2045P   4686
15.58014236,-2.772777908,-3.899503311,15.78808883,-2.734949577,     2045P   4687
-3.974284157,16.19877066,-2.62754719,-4.082413637,16.5802248,       2045P   4688
-2.456111618,-4.144097794,16.76392972,-2.352384375,-4.256251382,    2045P   4689
17.05624976,-2.147186079,-4.372902087,17.31058483,-1.892044184,     2045P   4690
-4.420562197,17.4079327,-1.778889251,-4.559319477,17.67624121,      2045P   4691
-1.414985037,-4.675555992,17.86821558,-0.9807077004,                2045P   4692
-4.733482279,17.95596535,-0.6650028943,-4.7625,18.0,                2045P   4693
-0.3325019047,-4.7625,18.0,0.0,0.0,7.896445476,0.0,0.0,0.0,0,0;     2045P   4694
126,1,1,0,0,1,0,0.0,0.0,1.138550491,1.138550491,1.0,1.0,-4.7625,    2047P   4695
18.0,0.0,-3.7625,17.0,0.0,0.0,1.138550491,0.0,0.0,0.0,0,0;          2047P   4696
102,4,2041,2043,2045,2047,0,0;                                      2049P   4697
110,0.0,1.138550491,0.0,7.896445476,1.138550491,0.0,0,0;            2051P   4698
110,7.896445476,0.0,0.0,7.896445476,1.138550491,0.0,0,0;            2053P   4699
110,0.0,0.0,0.0,7.896445476,0.0,0.0,0,0;                            2055P   4700
110,0.0,0.0,0.0,0.0,1.138550491,0.0,0,0;                            2057P   4701
102,4,2051,2053,2055,2057,0,0;                                      2059P   4702
142,0,2039,2059,2049,1,0,0;                                         2061P   4703
144,2039,1,0,2061,0,0;                                              2063P   4704
128,14,1,5,1,0,0,1,0,0,4.004395216,4.004395216,4.004395216,         2065P   4705
4.004395216,4.004395216,4.004395216,4.280461424,4.280461424,        2065P   4706
4.280461424,5.182378003,5.182378003,5.182378003,6.084295395,        2065P   4707
6.084295395,6.084295395,6.360245879,6.360245879,6.360245879,        2065P   4708
6.360245879,6.360245879,6.360245879,0.0,0.0,0.8754375711,           2065P   4709
0.8754375711,1.0,1.0,1.0,1.0,1.0,1.0,1.0,1.0,1.0,1.0,1.0,1.0,       2065P   4710
1.0,1.0,1.0,1.0,1.0,1.0,1.0,1.0,1.0,1.0,1.0,1.0,1.0,1.0,1.0,1.0,    2065P   4711
1.0,1.0,-4.011385234,46.3096253,-2.567137635,-3.996733893,          2065P   4712
46.25230125,-2.590031638,-3.982753576,46.19427872,-2.611517352,     2065P   4713
-3.969489863,46.13560673,-2.631605515,-3.916121914,45.88269466,     2065P   4714
-2.71140822,-3.8771436,45.6198124,-2.7661965,-3.856927615,          2065P   4715
45.4145133,-2.793887861,-3.836713412,44.99993314,-2.821582979,      2065P   4716
-3.856937942,44.58535545,-2.793873712,-3.877158833,44.38005847,     2065P   4717
-2.766175373,-3.916139636,44.11720428,-2.711382758,-3.969506378,    2065P   4718
43.86432024,-2.631580501,-3.982765108,43.80567346,-2.611499627,     2065P   4719
-3.996739816,43.74767563,-2.590022383,-4.011384982,43.69037569,     2065P   4720
-2.567138036,-3.757965183,45.95648341,-1.756454736,-3.754910306,    2065P   4721
45.91551824,-1.778763059,-3.751915938,45.87386309,-1.79989874,      2065P   4722
-3.749014787,45.831573,-1.819825584,-3.737154324,45.64865132,       2065P   4723
-1.899567438,-3.727890567,45.45620993,-1.956319639,-3.723097239,    2065P   4724
45.30527444,-1.985441489,-3.718297317,44.99995089,-2.014565949,     2065P   4725
-3.723099691,44.69462863,-1.98542661,-3.727894099,44.54369504,      2065P   4726
-1.956297507,-3.737158483,44.35127507,-1.899541423,-3.749018389,    2065P   4727
44.16837434,-1.819800764,-3.751918385,44.12610253,-1.799881287,     2065P   4728
-3.754911506,44.08446516,-1.778754012,-3.757965086,44.04351719,     2065P   4729
-1.756455085,4.004395216,6.360245879,0.0,0.8754375711,0,0;          2065P   4730
126,14,5,0,0,1,0,4.004395216,4.004395216,4.004395216,               2067P   4731
4.004395216,4.004395216,4.004395216,4.280461424,4.280461424,        2067P   4732
4.280461424,5.182378003,5.182378003,5.182378003,6.084295395,        2067P   4733
6.084295395,6.084295395,6.360245879,6.360245879,6.360245879,        2067P   4734
6.360245879,6.360245879,6.360245879,1.0,1.0,1.0,1.0,1.0,1.0,1.0,    2067P   4735
1.0,1.0,1.0,1.0,1.0,1.0,1.0,1.0,-3.757965183,45.95648341,           2067P   4736
-1.756454736,-3.754910306,45.91551824,-1.778763059,-3.751915938,    2067P   4737
45.87386309,-1.79989874,-3.749014787,45.831573,-1.819825584,        2067P   4738
-3.737154324,45.64865132,-1.899567438,-3.727890567,45.45620993,     2067P   4739
-1.956319639,-3.723097239,45.30527444,-1.985441489,-3.718297317,    2067P   4740
44.99995089,-2.014565949,-3.723099691,44.69462863,-1.98542661,      2067P   4741
-3.727894099,44.54369504,-1.956297507,-3.737158483,44.35127507,     2067P   4742
-1.899541423,-3.749018389,44.16837434,-1.819800764,-3.751918385,    2067P   4743
44.12610253,-1.799881287,-3.754911506,44.08446516,-1.778754012,     2067P   4744
-3.757965086,44.04351719,-1.756455085,4.00439582,6.360245274,       2067P   4745
0.0,0.0,0.0,0,0;                                                    2067P   4746
126,1,1,0,0,1,0,0.0,0.0,0.8754375711,0.8754375711,1.0,1.0,          2069P   4747
-3.757965086,44.04351719,-1.756455085,-4.011384982,43.69037569,     2069P   4748
-2.567138036,3.855582198E-008,0.8754375711,0.0,0.0,0.0,0,0;         2069P   4749
126,14,5,0,0,1,0,0.0,0.0,0.0,0.0,0.0,0.0,0.2759504837,              2071P   4750
0.2759504837,0.2759504837,1.177867876,1.177867876,1.177867876,      2071P   4751
2.079784455,2.079784455,2.079784455,2.355850663,2.355850663,        2071P   4752
2.355850663,2.355850663,2.355850663,2.355850663,1.0,1.0,1.0,1.0,    2071P   4753
1.0,1.0,1.0,1.0,1.0,1.0,1.0,1.0,1.0,1.0,1.0,-4.011384982,           2071P   4754
43.69037569,-2.567138036,-3.996739816,43.74767563,-2.590022383,     2071P   4755
-3.982765108,43.80567346,-2.611499627,-3.969506378,43.86432024,     2071P   4756
-2.631580501,-3.916139636,44.11720428,-2.711382758,-3.877158833,    2071P   4757
44.38005847,-2.766175373,-3.856937942,44.58535545,-2.793873712,     2071P   4758
-3.836713412,44.99993314,-2.821582979,-3.856927615,45.4145133,      2071P   4759
-2.793887861,-3.8771436,45.6198124,-2.7661965,-3.916121914,         2071P   4760
45.88269466,-2.71140822,-3.969489863,46.13560673,-2.631605515,      2071P   4761
-3.982753576,46.19427872,-2.611517352,-3.996733893,46.25230125,     2071P   4762
-2.590031638,-4.011385234,46.3096253,-2.567137635,0.0,              2071P   4763
2.355850663,0.0,0.0,0.0,0,0;                                        2071P   4764
126,1,1,0,0,1,0,0.0,0.0,0.8754375711,0.8754375711,1.0,1.0,          2073P   4765
-4.011385234,46.3096253,-2.567137635,-3.757965183,45.95648341,      2073P   4766
-1.756454736,0.0,0.8754375326,0.0,0.0,0.0,0,0;                      2073P   4767
102,4,2067,2069,2071,2073,0,0;                                      2075P   4768
110,4.00439582,0.8754375711,0.0,6.360245274,0.8754375711,0.0,0,     2077P   4769
0;                                                                  2077P   4770
110,6.360245879,0.0,0.0,6.360245879,0.8754375325,0.0,0,0;           2079P   4771
110,4.004395216,0.0,0.0,6.360245879,0.0,0.0,0,0;                    2081P   4772
110,4.004395216,0.0,0.0,4.004395216,0.8754375326,0.0,0,0;           2083P   4773
102,4,2077,2079,2081,2083,0,0;                                      2085P   4774
142,0,2065,2085,2075,1,0,0;                                         2087P   4775
144,2065,1,0,2087,0,0;                                              2089P   4776
128,29,1,5,1,0,0,1,0,0,5.369254839,5.369254839,5.369254839,         2091P   4777
5.369254839,5.369254839,5.369254839,6.674156501,6.674156501,        2091P   4778
6.674156501,7.327936594,7.327936594,7.327936594,8.267059888,        2091P   4779
8.267059888,8.267059888,9.18261716,9.18261716,9.18261716,           2091P   4780
10.09427567,10.09427567,10.09427567,11.00552218,11.00552218,        2091P   4781
11.00552218,11.93678393,11.93678393,11.93678393,12.60180873,        2091P   4782
12.60180873,12.60180873,13.26570032,13.26570032,13.26570032,        2091P   4783
13.26570032,13.26570032,13.26570032,0.0,0.0,1.138550491,            2091P   4784
1.138550491,1.0,1.0,1.0,1.0,1.0,1.0,1.0,1.0,1.0,1.0,1.0,1.0,1.0,    2091P   4785
1.0,1.0,1.0,1.0,1.0,1.0,1.0,1.0,1.0,1.0,1.0,1.0,1.0,1.0,1.0,1.0,    2091P   4786
1.0,1.0,1.0,1.0,1.0,1.0,1.0,1.0,1.0,1.0,1.0,1.0,1.0,1.0,1.0,1.0,    2091P   4787
1.0,1.0,1.0,1.0,1.0,1.0,1.0,1.0,1.0,1.0,1.0,1.0,1.0,1.0,1.0,        2091P   4788
4.7625,42.0,0.0,4.7625,42.0,-0.3325019047,4.733482279,              2091P   4789
42.04403465,-0.6650028943,4.675555992,42.13178442,-0.9807077005,    2091P   4790
4.559319477,42.32375879,-1.414985037,4.420562197,42.5920673,        2091P   4791
-1.778889251,4.372902087,42.68941517,-1.892044184,4.256251382,      2091P   4792
42.94375024,-2.147186079,4.144097794,43.23607028,-2.352384375,      2091P   4793
4.082413637,43.4197752,-2.456111618,3.974284157,43.80122934,        2091P   4794
-2.62754719,3.899503311,44.21191117,-2.734949577,3.872256303,       2091P   4795
44.41985764,-2.772777908,3.838647723,44.84110389,-2.819005398,      2091P   4796
3.847134711,45.26615042,-2.807256851,3.862005282,45.4770888,        2091P   4797
-2.787088682,3.912322451,45.89214067,-2.717467798,3.999523482,      2091P   4798
46.28592477,-2.587529632,4.051270937,46.47546848,-2.507069172,      2091P   4799
4.168659755,46.84042764,-2.312163617,4.302272803,47.16159765,       2091P   4800
-2.051066877,4.37151097,47.31107209,-1.901835482,4.487646887,       2091P   4801
47.54144941,-1.616537587,4.58962763,47.72162311,-1.284176041,       2091P   4802
4.628423384,47.78718659,-1.138067531,4.696058341,47.8978522,        2091P   4803
-0.8324479247,4.739958909,47.96580466,-0.5055375873,4.754988926,    2091P   4804
47.98860188,-0.3383325763,4.7625,48.0,-0.1691661697,4.7625,48.0,    2091P   4805
0.0,3.7625,43.0,0.0,3.7625,43.0,-0.1751234879,3.770141587,          2091P   4806
43.01916765,-0.3502474991,3.785682807,43.05706803,-0.5290785452,    2091P   4807
3.803781942,43.15253886,-0.8057023245,3.807307251,43.30805435,      2091P   4808
-1.074054363,3.80646612,43.3668104,-1.161774341,3.799763972,        2091P   4809
43.52619563,-1.368194803,3.784040829,43.72271364,-1.551263838,      2091P   4810
3.772789925,43.85033823,-1.648287593,3.750709736,44.12114213,       2091P   4811
-1.813976988,3.733189176,44.42042661,-1.923846665,3.726732741,      2091P   4812
44.57297092,-1.963310024,3.718759571,44.88285314,-2.011809824,      2091P   4813
3.7207699,45.19607572,-1.999530609,3.724289808,45.35135906,         2091P   4814
-1.978193395,3.736339062,45.65601265,-1.905407129,3.755851384,      2091P   4815
45.94068698,-1.775304113,3.766865247,46.0759334,-1.696667605,       2091P   4816
3.788651616,46.33071718,-1.513050366,3.803516015,46.5413366,        2091P   4817
-1.288500084,3.8077204,46.63488226,-1.166709015,3.807296781,        2091P   4818
46.77113391,-0.9497091764,3.796941229,46.86741156,-0.7265655306,    2091P   4819
3.791259154,46.90069343,-0.6335802754,3.779001841,46.95458178,      2091P   4820
-0.4490693177,3.768450106,46.9851254,-0.2677948654,3.764477982,     2091P   4821
46.99503856,-0.17819415,3.7625,47.0,-0.08909714275,3.7625,47.0,     2091P   4822
0.0,5.369254839,13.26570032,0.0,1.138550491,0,0;                    2091P   4823
126,29,5,0,0,1,0,5.369254839,5.369254839,5.369254839,               2093P   4824
5.369254839,5.369254839,5.369254839,6.674156501,6.674156501,        2093P   4825
6.674156501,7.327936594,7.327936594,7.327936594,8.267059888,        2093P   4826
8.267059888,8.267059888,9.18261716,9.18261716,9.18261716,           2093P   4827
10.09427567,10.09427567,10.09427567,11.00552218,11.00552218,        2093P   4828
11.00552218,11.93678393,11.93678393,11.93678393,12.60180873,        2093P   4829
12.60180873,12.60180873,13.26570032,13.26570032,13.26570032,        2093P   4830
13.26570032,13.26570032,13.26570032,1.0,1.0,1.0,1.0,1.0,1.0,1.0,    2093P   4831
1.0,1.0,1.0,1.0,1.0,1.0,1.0,1.0,1.0,1.0,1.0,1.0,1.0,1.0,1.0,1.0,    2093P   4832
1.0,1.0,1.0,1.0,1.0,1.0,1.0,3.7625,43.0,0.0,3.7625,43.0,            2093P   4833
-0.1751234879,3.770141587,43.01916765,-0.3502474991,3.785682807,    2093P   4834
43.05706803,-0.5290785452,3.803781942,43.15253886,-0.8057023245,    2093P   4835
3.807307251,43.30805435,-1.074054363,3.80646612,43.3668104,         2093P   4836
-1.161774341,3.799763972,43.52619563,-1.368194803,3.784040829,      2093P   4837
43.72271364,-1.551263838,3.772789925,43.85033823,-1.648287593,      2093P   4838
3.750709736,44.12114213,-1.813976988,3.733189176,44.42042661,       2093P   4839
-1.923846665,3.726732741,44.57297092,-1.963310024,3.718759571,      2093P   4840
44.88285314,-2.011809824,3.7207699,45.19607572,-1.999530609,        2093P   4841
3.724289808,45.35135906,-1.978193395,3.736339062,45.65601265,       2093P   4842
-1.905407129,3.755851384,45.94068698,-1.775304113,3.766865247,      2093P   4843
46.0759334,-1.696667605,3.788651616,46.33071718,-1.513050366,       2093P   4844
3.803516015,46.5413366,-1.288500084,3.8077204,46.63488226,          2093P   4845
-1.166709015,3.807296781,46.77113391,-0.9497091764,3.796941229,     2093P   4846
46.86741156,-0.7265655306,3.791259154,46.90069343,-0.6335802754,    2093P   4847
3.779001841,46.95458178,-0.4490693177,3.768450106,46.9851254,       2093P   4848
-0.2677948654,3.764477982,46.99503856,-0.17819415,3.7625,47.0,      2093P   4849
-0.08909714275,3.7625,47.0,0.0,5.369254839,13.26570032,0.0,0.0,     2093P   4850
0.0,0,0;                                                            2093P   4851
126,1,1,0,0,1,0,0.0,0.0,1.138550491,1.138550491,1.0,1.0,3.7625,     2095P   4852
47.0,0.0,4.7625,48.0,0.0,0.0,1.138550491,0.0,0.0,0.0,0,0;           2095P   4853
126,29,5,0,0,1,0,0.0,0.0,0.0,0.0,0.0,0.0,0.6638915832,              2097P   4854
0.6638915832,0.6638915832,1.328916389,1.328916389,1.328916389,      2097P   4855
2.260178135,2.260178135,2.260178135,3.171424645,3.171424645,        2097P   4856
3.171424645,4.083083155,4.083083155,4.083083155,4.998640427,        2097P   4857
4.998640427,4.998640427,5.937763721,5.937763721,5.937763721,        2097P   4858
6.591543814,6.591543814,6.591543814,7.896445476,7.896445476,        2097P   4859
7.896445476,7.896445476,7.896445476,7.896445476,1.0,1.0,1.0,1.0,    2097P   4860
1.0,1.0,1.0,1.0,1.0,1.0,1.0,1.0,1.0,1.0,1.0,1.0,1.0,1.0,1.0,1.0,    2097P   4861
1.0,1.0,1.0,1.0,1.0,1.0,1.0,1.0,1.0,1.0,4.7625,48.0,0.0,4.7625,     2097P   4862
48.0,-0.1691661697,4.754988926,47.98860188,-0.3383325763,           2097P   4863
4.739958909,47.96580466,-0.5055375873,4.696058341,47.8978522,       2097P   4864
-0.8324479247,4.628423384,47.78718659,-1.138067531,4.58962763,      2097P   4865
47.72162311,-1.284176041,4.487646887,47.54144941,-1.616537587,      2097P   4866
4.37151097,47.31107209,-1.901835482,4.302272803,47.16159765,        2097P   4867
-2.051066877,4.168659755,46.84042764,-2.312163617,4.051270937,      2097P   4868
46.47546848,-2.507069172,3.999523482,46.28592477,-2.587529632,      2097P   4869
3.912322451,45.89214067,-2.717467798,3.862005282,45.4770888,        2097P   4870
-2.787088682,3.847134711,45.26615042,-2.807256851,3.838647723,      2097P   4871
44.84110389,-2.819005398,3.872256303,44.41985764,-2.772777908,      2097P   4872
3.899503311,44.21191117,-2.734949577,3.974284157,43.80122934,       2097P   4873
-2.62754719,4.082413637,43.4197752,-2.456111618,4.144097794,        2097P   4874
43.23607028,-2.352384375,4.256251382,42.94375024,-2.147186079,      2097P   4875
4.372902087,42.68941517,-1.892044184,4.420562197,42.5920673,        2097P   4876
-1.778889251,4.559319477,42.32375879,-1.414985037,4.675555992,      2097P   4877
42.13178442,-0.9807077005,4.733482279,42.04403465,-0.6650028943,    2097P   4878
4.7625,42.0,-0.3325019047,4.7625,42.0,0.0,0.0,7.896445476,0.0,      2097P   4879
0.0,0.0,0,0;                                                        2097P   4880
126,1,1,0,0,1,0,0.0,0.0,1.138550491,1.138550491,1.0,1.0,4.7625,     2099P   4881
42.0,0.0,3.7625,43.0,0.0,1.460418715E-007,1.138549926,0.0,0.0,      2099P   4882
0.0,0,0;                                                            2099P   4883
102,4,2093,2095,2097,2099,0,0;                                      2101P   4884
110,5.369254839,1.138550491,0.0,13.26570032,1.138550491,0.0,0,0;    2103P   4885
110,13.26570032,0.0,0.0,13.26570032,1.138550491,0.0,0,0;            2105P   4886
110,5.369254839,0.0,0.0,13.26570032,0.0,0.0,0,0;                    2107P   4887
110,5.369254839,1.460418715E-007,0.0,5.369254839,1.138549926,       2109P   4888
0.0,0,0;                                                            2109P   4889
102,4,2103,2105,2107,2109,0,0;                                      2111P   4890
142,0,2091,2111,2101,1,0,0;                                         2113P   4891
144,2091,1,0,2113,0,0;                                              2115P   4892
108,1.0,0.0,0.0,1.5,0,1.5,80.0,4.7625,1.0,0,0;                      2117P   4893
110,1.5,80.0,3.7625,1.5,80.0,4.520111309,0,0;                       2119P   4894
110,1.5,80.0,4.520111309,1.5,10.0,4.520111309,0,0;                  2121P   4895
110,1.5,10.0,4.520111309,1.5,10.0,3.7625,0,0;                       2123P   4896
110,1.5,10.0,3.7625,1.5,80.0,3.7625,0,0;                            2125P   4897
102,4,2119,2121,2123,2125,0,0;                                      2127P   4898
142,0,2117,0,2127,2,0,0;                                            2129P   4899
144,2117,1,0,2129,0,0;                                              2131P   4900
108,-1.0,0.0,0.0,1.5,0,-1.5,10.0,4.7625,1.0,0,0;                    2133P   4901
110,-1.5,10.0,3.7625,-1.5,10.0,4.520111309,0,0;                     2135P   4902
110,-1.5,10.0,4.520111309,-1.5,80.0,4.520111309,0,0;                2137P   4903
110,-1.5,80.0,4.520111309,-1.5,80.0,3.7625,0,0;                     2139P   4904
110,-1.5,80.0,3.7625,-1.5,10.0,3.7625,0,0;                          2141P   4905
102,4,2135,2137,2139,2141,0,0;                                      2143P   4906
142,0,2133,0,2143,2,0,0;                                            2145P   4907
144,2133,1,0,2145,0,0;                                              2147P   4908
110,0.0,-3.7625,0.0,0.0,-2.7625,0.0,0,0;                            2149P   4909
110,-3.7625,1.690647622E-012,0.0,-4.7625,1.0,0.0,0,0;               2151P   4910
120,2149,2151,0.0,3.141592654,0,0;                                  2153P   4911
124,-1.0,0.0,0.0,0.0,0.0,0.0,1.0,1.0,0.0,1.0,0.0,0.0,0,0;           2155P   4912
100,0.0,0.0,0.0,4.7625,0.0,-4.7625,0.0,0,0;                         2157P   4913
110,4.7625,1.0,0.0,3.762499999,0.0,0.0,0,0;                         2159P   4914
124,1.0,0.0,0.0,0.0,0.0,0.0,-1.0,1.687983087E-012,0.0,1.0,0.0,      2161P   4915
0.0,0,0;                                                            2161P   4916
100,0.0,0.0,0.0,3.7625,0.0,-3.7625,0.0,0,0;                         2163P   4917
110,-3.7625,1.690647622E-012,0.0,-4.7625,1.0,0.0,0,0;               2165P   4918
102,4,2157,2159,2163,2165,0,0;                                      2167P   4919
142,0,2153,0,2167,2,0,0;                                            2169P   4920
144,2153,1,0,2169,0,0;                                              2171P   4921
128,29,1,5,1,0,0,1,0,0,0.0,0.0,0.0,0.0,0.0,0.0,1.143603762,         2173P   4922
1.143603762,1.143603762,2.074202052,2.074202052,2.074202052,        2173P   4923
3.016737635,3.016737635,3.016737635,3.854962741,3.854962741,        2173P   4924
3.854962741,4.654451518,4.654451518,4.654451518,5.485155276,        2173P   4925
5.485155276,5.485155276,6.403097469,6.403097469,6.403097469,        2173P   4926
7.09209575,7.09209575,7.09209575,7.697676242,7.697676242,           2173P   4927
7.697676242,7.697676242,7.697676242,7.697676242,0.0,0.0,            2173P   4928
1.15409848,1.15409848,1.0,1.0,1.0,1.0,1.0,1.0,1.0,1.0,1.0,1.0,      2173P   4929
1.0,1.0,1.0,1.0,1.0,1.0,1.0,1.0,1.0,1.0,1.0,1.0,1.0,1.0,1.0,1.0,    2173P   4930
1.0,1.0,1.0,1.0,1.0,1.0,1.0,1.0,1.0,1.0,1.0,1.0,1.0,1.0,1.0,1.0,    2173P   4931
1.0,1.0,1.0,1.0,1.0,1.0,1.0,1.0,1.0,1.0,1.0,1.0,1.0,1.0,1.0,1.0,    2173P   4932
1.0,1.0,-3.7625,77.0,0.0,-3.7625,77.0,0.1530802598,-3.756661072,    2173P   4933
76.98535402,0.3061608034,-3.745037406,76.95618803,0.4603419964,     2173P   4934
-3.710359907,76.87242741,0.7436834868,-3.654975896,76.72715502,     2173P   4935
1.023436993,-3.626482523,76.64853175,1.146997995,-3.565279095,      2173P   4936
76.46224308,1.386607549,-3.503682382,76.21903248,1.598135932,       2173P   4937
-3.474533011,76.08231352,1.694735754,-3.426692931,75.79821723,      2173P   4938
1.852410996,-3.396381699,75.47577229,1.952396768,-3.386772906,      2173P   4939
75.31755389,1.984590953,-3.377511599,75.00173396,2.015575507,       2173P   4940
-3.386867135,74.68618388,1.984275695,-3.395858009,74.53522839,      2173P   4941
1.95417036,-3.422841,74.23906787,1.865075955,-3.464786603,          2173P   4942
73.97431373,1.726893329,-3.489331709,73.84963191,1.645767179,       2173P   4943
-3.545064033,73.61012446,1.457182477,-3.603385686,73.4200271,       2173P   4944
1.239884089,-3.632959849,73.33397514,1.120375165,-3.679651127,      2173P   4945
73.2068019,0.9061219068,-3.714990841,73.11785643,0.6874822425,      2173P   4946
-3.727688553,73.08639843,0.593587841,-3.746842674,73.03900946,      2173P   4947
0.4177872006,-3.757594604,73.01231355,0.2433386682,-3.760862709,    2173P   4948
73.00410687,0.16212324,-3.7625,73.0,0.0810616598,-3.7625,73.0,      2173P   4949
0.0,-4.7625,78.0,0.0,-4.7625,78.0,0.2906490648,-4.740327591,        2173P   4950
77.95467532,0.5812971051,-4.695993548,77.86409286,0.8571311743,     2173P   4951
-4.58985885,77.63672039,1.314894993,-4.458165689,77.32091041,       2173P   4952
1.688341978,-4.397336718,77.16546499,1.838004086,-4.277630619,      2173P   4953
76.83185846,2.103561305,-4.172322459,76.46479256,2.299908764,       2173P   4954
-4.12539352,76.27407481,2.381622239,-4.051343186,75.90584626,       2173P   4955
2.50515119,-4.007231788,75.52887658,2.573887917,-3.993564738,       2173P   4956
75.35077695,2.594800619,-3.980377003,75.00198351,2.614986143,       2173P   4957
-3.993698912,74.65321716,2.594595255,-4.006499855,74.48333295,      2173P   4958
2.574992387,-4.045734784,74.1381353,2.513877945,-4.110219114,       2173P   4959
73.79986461,2.407104159,-4.14921997,73.63045793,2.340168521,        2173P   4960
-4.242138981,73.28263154,2.171665846,-4.351079744,72.96044591,      2173P   4961
1.943629301,-4.41073805,72.80023456,1.806879835,-4.514665345,       2173P   4962
72.54048821,1.53724396,-4.608194121,72.32789969,1.215717685,        2173P   4963
-4.645063401,72.24696198,1.068520611,-4.705258855,72.11794345,      2173P   4964
0.775921275,-4.743843994,72.03812986,0.4596501528,-4.756282648,     2173P   4965
72.01270947,0.3078191482,-4.7625,72.0,0.1539094305,-4.7625,72.0,    2173P   4966
0.0,0.0,7.697676242,0.0,1.15409848,0,0;                             2173P   4967
126,29,5,0,0,1,0,0.0,0.0,0.0,0.0,0.0,0.0,1.143603762,               2175P   4968
1.143603762,1.143603762,2.074202052,2.074202052,2.074202052,        2175P   4969
3.016737635,3.016737635,3.016737635,3.854962741,3.854962741,        2175P   4970
3.854962741,4.654451518,4.654451518,4.654451518,5.485155276,        2175P   4971
5.485155276,5.485155276,6.403097469,6.403097469,6.403097469,        2175P   4972
7.09209575,7.09209575,7.09209575,7.697676242,7.697676242,           2175P   4973
7.697676242,7.697676242,7.697676242,7.697676242,1.0,1.0,1.0,1.0,    2175P   4974
1.0,1.0,1.0,1.0,1.0,1.0,1.0,1.0,1.0,1.0,1.0,1.0,1.0,1.0,1.0,1.0,    2175P   4975
1.0,1.0,1.0,1.0,1.0,1.0,1.0,1.0,1.0,1.0,-4.7625,78.0,0.0,           2175P   4976
-4.7625,78.0,0.2906490648,-4.740327591,77.95467532,0.5812971051,    2175P   4977
-4.695993548,77.86409286,0.8571311743,-4.58985885,77.63672039,      2175P   4978
1.314894993,-4.458165689,77.32091041,1.688341978,-4.397336718,      2175P   4979
77.16546499,1.838004086,-4.277630619,76.83185846,2.103561305,       2175P   4980
-4.172322459,76.46479256,2.299908764,-4.12539352,76.27407481,       2175P   4981
2.381622239,-4.051343186,75.90584626,2.50515119,-4.007231788,       2175P   4982
75.52887658,2.573887917,-3.993564738,75.35077695,2.594800619,       2175P   4983
-3.980377003,75.00198351,2.614986143,-3.993698912,74.65321716,      2175P   4984
2.594595255,-4.006499855,74.48333295,2.574992387,-4.045734784,      2175P   4985
74.1381353,2.513877945,-4.110219114,73.79986461,2.407104159,        2175P   4986
-4.14921997,73.63045793,2.340168521,-4.242138981,73.28263154,       2175P   4987
2.171665846,-4.351079744,72.96044591,1.943629301,-4.41073805,       2175P   4988
72.80023456,1.806879835,-4.514665345,72.54048821,1.53724396,        2175P   4989
-4.608194121,72.32789969,1.215717685,-4.645063401,72.24696198,      2175P   4990
1.068520611,-4.705258855,72.11794345,0.775921275,-4.743843994,      2175P   4991
72.03812986,0.4596501528,-4.756282648,72.01270947,0.3078191482,     2175P   4992
-4.7625,72.0,0.1539094305,-4.7625,72.0,0.0,0.0,7.697676242,0.0,     2175P   4993
0.0,0.0,0,0;                                                        2175P   4994
126,1,1,0,0,1,0,0.0,0.0,1.15409848,1.15409848,1.0,1.0,-4.7625,      2177P   4995
72.0,0.0,-3.7625,73.0,0.0,0.0,1.15409848,0.0,0.0,0.0,0,0;           2177P   4996
126,29,5,0,0,1,0,0.0,0.0,0.0,0.0,0.0,0.0,0.6055804924,              2179P   4997
0.6055804924,0.6055804924,1.294578773,1.294578773,1.294578773,      2179P   4998
2.212520966,2.212520966,2.212520966,3.043224724,3.043224724,        2179P   4999
3.043224724,3.842713501,3.842713501,3.842713501,4.680938607,        2179P   5000
4.680938607,4.680938607,5.62347419,5.62347419,5.62347419,           2179P   5001
6.55407248,6.55407248,6.55407248,7.697676242,7.697676242,           2179P   5002
7.697676242,7.697676242,7.697676242,7.697676242,1.0,1.0,1.0,1.0,    2179P   5003
1.0,1.0,1.0,1.0,1.0,1.0,1.0,1.0,1.0,1.0,1.0,1.0,1.0,1.0,1.0,1.0,    2179P   5004
1.0,1.0,1.0,1.0,1.0,1.0,1.0,1.0,1.0,1.0,-3.7625,73.0,0.0,           2179P   5005
-3.7625,73.0,0.0810616598,-3.760862709,73.00410687,0.16212324,      2179P   5006
-3.757594604,73.01231355,0.2433386682,-3.746842674,73.03900946,     2179P   5007
0.4177872006,-3.727688553,73.08639843,0.593587841,-3.714990841,     2179P   5008
73.11785643,0.6874822425,-3.679651127,73.2068019,0.9061219068,      2179P   5009
-3.632959849,73.33397514,1.120375165,-3.603385686,73.4200271,       2179P   5010
1.239884089,-3.545064033,73.61012446,1.457182477,-3.489331709,      2179P   5011
73.84963191,1.645767179,-3.464786603,73.97431373,1.726893329,       2179P   5012
-3.422841,74.23906787,1.865075955,-3.395858009,74.53522839,         2179P   5013
1.95417036,-3.386867135,74.68618388,1.984275695,-3.377511599,       2179P   5014
75.00173396,2.015575507,-3.386772906,75.31755389,1.984590953,       2179P   5015
-3.396381699,75.47577229,1.952396768,-3.426692931,75.79821723,      2179P   5016
1.852410996,-3.474533011,76.08231352,1.694735754,-3.503682382,      2179P   5017
76.21903248,1.598135932,-3.565279095,76.46224308,1.386607549,       2179P   5018
-3.626482523,76.64853175,1.146997995,-3.654975896,76.72715502,      2179P   5019
1.023436993,-3.710359907,76.87242741,0.7436834868,-3.745037406,     2179P   5020
76.95618803,0.4603419964,-3.756661072,76.98535402,0.3061608034,     2179P   5021
-3.7625,77.0,0.1530802598,-3.7625,77.0,0.0,0.0,7.697676242,0.0,     2179P   5022
0.0,0.0,0,0;                                                        2179P   5023
126,1,1,0,0,1,0,0.0,0.0,1.15409848,1.15409848,1.0,1.0,-3.7625,      2181P   5024
77.0,0.0,-4.7625,78.0,0.0,0.0,1.15409848,0.0,0.0,0.0,0,0;           2181P   5025
102,4,2175,2177,2179,2181,0,0;                                      2183P   5026
110,0.0,1.15409848,0.0,7.697676242,1.15409848,0.0,0,0;              2185P   5027
110,7.697676242,0.0,0.0,7.697676242,1.15409848,0.0,0,0;             2187P   5028
110,0.0,0.0,0.0,7.697676242,0.0,0.0,0,0;                            2189P   5029
110,0.0,0.0,0.0,0.0,1.15409848,0.0,0,0;                             2191P   5030
102,4,2185,2187,2189,2191,0,0;                                      2193P   5031
142,0,2173,2193,2183,1,0,0;                                         2195P   5032
144,2173,1,0,2195,0,0;                                              2197P   5033
110,0.0,45.0,0.0,0.0,46.0,0.0,0,0;                                  2199P   5034
110,4.7625,1.0,1.496191541E-011,4.7625,90.00001294,                 2201P   5035
1.496191541E-011,0,0;                                               2201P   5036
120,2199,2201,0.0,6.283185307,0,0;                                  2203P   5037
126,3,3,0,0,1,0,0.0,0.0,0.0,0.0,1.291633731,1.291633731,            2205P   5038
1.291633731,1.291633731,1.0,1.0,1.0,1.0,4.7625,11.99999989,0.0,     2205P   5039
4.7625,11.99999964,-0.3046452766,4.732217477,12.04470752,           2205P   5040
-0.6090749806,4.67806212,12.13223176,-0.8928275617,0.0,             2205P   5041
1.291633731,0.0,0.0,0.0,0,0;                                        2205P   5042
126,4,4,0,0,1,0,0.0,0.0,0.0,0.0,0.0,3.52007825,3.52007825,          2207P   5043
3.52007825,3.52007825,3.52007825,1.0,1.0,1.0,1.0,1.0,4.67806212,    2207P   5044
12.13223176,-0.8928275617,4.565132504,12.31474517,-1.484533932,     2207P   5045
4.359351242,12.66364901,-1.996109123,4.151606185,13.14225521,       2207P   5046
-2.347985355,4.011620227,13.68950092,-2.566770229,0.0,              2207P   5047
3.52007825,0.0,0.0,0.0,0,0;                                         2207P   5048
126,4,4,0,0,1,0,0.0,0.0,0.0,0.0,0.0,3.869654114,3.869654114,        2209P   5049
3.869654114,3.869654114,3.869654114,1.0,1.0,1.0,1.0,1.0,            2209P   5050
4.011620227,13.68950092,-2.566770229,3.855191878,14.30102471,       2209P   5051
-2.811253011,3.780734917,14.99950741,-2.883412648,3.85509465,       2209P   5052
15.69813017,-2.81135561,4.011384885,16.30962414,-2.567138008,       2209P   5053
0.0,3.869654114,0.0,0.0,0.0,0,0;                                    2209P   5054
126,4,4,0,0,1,0,0.0,0.0,0.0,0.0,0.0,3.71120069,3.71120069,          2211P   5055
3.71120069,3.71120069,3.71120069,1.0,1.0,1.0,1.0,1.0,               2211P   5056
4.011384885,16.30962414,-2.567138008,4.158473496,16.88511625,       2211P   5057
-2.337298775,4.381170249,17.38474795,-1.961077933,4.595761091,      2211P   5058
17.73720991,-1.404580154,4.69970699,17.90248607,-0.7708180455,      2211P   5059
0.0,3.71120069,0.0,0.0,0.0,0,0;                                     2211P   5060
126,3,3,0,0,1,0,0.0,0.0,0.0,0.0,1.107078969,1.107078969,            2213P   5061
1.107078969,1.107078969,1.0,1.0,1.0,1.0,4.69970699,17.90248607,     2213P   5062
-0.7708180455,4.740335628,17.96708645,-0.5231036927,4.7625,18.0,    2213P   5063
-0.2611683143,4.7625,18.0,0.0,0.0,1.107078969,0.0,0.0,0.0,0,0;      2213P   5064
110,4.7625,18.0,0.0,4.762499715,41.99999997,-5.899743638E-008,0,    2215P   5065
0;                                                                  2215P   5066
126,20,5,0,0,1,0,0.0,0.0,0.0,0.0,0.0,0.0,2.18722004,2.18722004,     2217P   5067
2.18722004,4.495997027,4.495997027,4.495997027,6.94749881,          2217P   5068
6.94749881,6.94749881,9.376491428,9.376491428,9.376491428,          2217P   5069
11.64965916,11.64965916,11.64965916,13.3911508,13.3911508,          2217P   5070
13.3911508,13.3911508,13.3911508,13.3911508,1.0,1.0,1.0,1.0,1.0,    2217P   5071
1.0,1.0,1.0,1.0,1.0,1.0,1.0,1.0,1.0,1.0,1.0,1.0,1.0,1.0,1.0,1.0,    2217P   5072
4.7625,42.0,0.0,4.7625,42.0,-0.3183018294,4.73590786,               2217P   5073
42.04035379,-0.6366026366,4.682722126,42.12087176,-0.942645176,     2217P   5074
4.532495314,42.36675806,-1.527416339,4.334776942,42.75817044,       2217P   5075
-1.99647032,4.230505319,42.99287947,-2.201207253,4.032662058,       2217P   5076
43.53101923,-2.546540744,3.898318628,44.15578476,-2.738288368,      2217P   5077
3.854463237,44.49239374,-2.797084292,3.822679053,45.17453961,       2217P   5078
-2.841047107,3.89859693,45.84616053,-2.736489769,3.962398147,       2217P   5079
46.16855678,-2.647282778,4.126982734,46.75587128,-2.396110225,      2217P   5080
4.333824085,47.2418763,-1.994197676,4.436128269,47.44769846,        2217P   5081
-1.764294365,4.601272865,47.74746869,-1.299298813,4.711878125,      2217P   5082
47.92325331,-0.7545686122,4.745641803,47.97441754,-0.5068715893,    2217P   5083
4.7625,48.0,-0.2534358514,4.7625,48.0,0.0,0.0,13.3911508,0.0,       2217P   5084
0.0,0.0,0,0;                                                        2217P   5085
110,4.7625,48.0,0.0,4.762443404,72.00002937,2.231427202E-006,0,     2219P   5086
0;                                                                  2219P   5087
126,17,5,0,0,1,0,0.0,0.0,0.0,0.0,0.0,0.0,2.882515854,               2221P   5088
2.882515854,2.882515854,5.306324187,5.306324187,5.306324187,        2221P   5089
7.823517284,7.823517284,7.823517284,9.642580152,9.642580152,        2221P   5090
9.642580152,12.75167784,12.75167784,12.75167784,12.75167784,        2221P   5091
12.75167784,12.75167784,1.0,1.0,1.0,1.0,1.0,1.0,1.0,1.0,1.0,1.0,    2221P   5092
1.0,1.0,1.0,1.0,1.0,1.0,1.0,1.0,4.7625,72.00002937,0.0,4.7625,      2221P   5093
72.00003377,-0.4228663558,4.715566679,72.09591242,-0.8456829546,    2221P   5094
4.621723812,72.28841329,-1.228293134,4.41987682,72.74642687,        2221P   5095
-1.822286843,4.217293695,73.35215361,-2.224783132,4.135090552,      2221P   5096
73.65017714,-2.36777338,4.007697016,74.28776502,-2.576262479,       2221P   5097
3.971854841,74.95467851,-2.627249221,3.979313176,75.29994099,       2221P   5098
-2.616420093,4.037443029,75.88189462,-2.530890421,4.161058256,      2221P   5099
76.43016271,-2.320418539,4.222716677,76.65135344,-2.209059242,      2221P   5100
4.405439609,77.21700486,-1.845652893,4.599820548,77.66655408,       2221P   5101
-1.315203059,4.707757742,77.88809627,-0.9133817504,4.7625,78.0,     2221P   5102
-0.4566924609,4.7625,78.0,0.0,0.0,12.75167784,0.0,0.0,0.0,0,0;      2221P   5103
110,4.7625,78.0,0.0,4.762500534,90.00001294,0.0,0,0;                2223P   5104
126,14,5,0,0,1,0,-7.480917506,-7.480917506,-7.480917506,            2225P   5105
-7.480917506,-7.480917506,-7.480917506,-3.740458753,                2225P   5106
-3.740458753,-3.740458753,0.0,0.0,0.0,3.740458753,3.740458753,      2225P   5107
3.740458753,7.480917506,7.480917506,7.480917506,7.480917506,        2225P   5108
7.480917506,7.480917506,1.0,1.0,1.0,1.0,1.0,1.0,1.0,1.0,1.0,1.0,    2225P   5109
1.0,1.0,1.0,1.0,1.0,4.7625,90.00001294,0.0,4.7625,90.00001294,      2225P   5110
-0.7480917506,4.615612528,90.00001294,-1.496183501,4.321692418,     2225P   5111
90.00001294,-2.205769418,3.471461173,90.00001294,-3.471461173,      2225P   5112
2.205769418,90.00001294,-4.321692418,1.496183501,90.00001294,       2225P   5113
-4.615612528,0.0,90.00001294,-4.909387472,-1.496183501,             2225P   5114
90.00001294,-4.615612528,-2.205769418,90.00001294,-4.321692418,     2225P   5115
-3.471461173,90.00001294,-3.471461173,-4.321692418,90.00001294,     2225P   5116
-2.205769418,-4.615612528,90.00001294,-1.496183501,-4.7625,         2225P   5117
90.00001294,-0.7480917506,-4.7625,90.00001294,0.0,-7.480917506,     2225P   5118
7.480917506,0.0,0.0,0.0,0,0;                                        2225P   5119
110,-4.762499466,90.0,9.390305265E-009,-4.7625,78.0,0.0,0,0;        2227P   5120
126,20,5,0,0,1,0,0.0,0.0,0.0,0.0,0.0,0.0,2.321185458,               2229P   5121
2.321185458,2.321185458,4.685222947,4.685222947,4.685222947,        2229P   5122
6.572249465,6.572249465,6.572249465,9.055778468,9.055778468,        2229P   5123
9.055778468,11.28899298,11.28899298,11.28899298,12.75680193,        2229P   5124
12.75680193,12.75680193,12.75680193,12.75680193,12.75680193,1.0,    2229P   5125
1.0,1.0,1.0,1.0,1.0,1.0,1.0,1.0,1.0,1.0,1.0,1.0,1.0,1.0,1.0,1.0,    2229P   5126
1.0,1.0,1.0,1.0,-4.7625,78.0,0.0,-4.7625,78.0,-0.3411728047,        2229P   5127
-4.731949112,77.93754809,-0.6823451604,-4.6708105,77.81251487,      2229P   5128
-1.00177913,-4.513580884,77.46952151,-1.577220815,-4.327243085,     2229P   5129
76.98353978,-2.007727093,-4.235933056,76.71195055,-2.186451153,     2229P   5130
-4.095277527,76.19023384,-2.436797857,-4.013118694,75.62913142,     2229P   5131
-2.565209208,-3.990899903,75.37636472,-2.598819125,-3.971908434,    2229P   5132
74.78748008,-2.628050381,-4.028084024,74.20226599,-2.54179278,      2229P   5133
-4.084274722,73.8785565,-2.454710843,-4.2312909,73.28632724,        2229P   5134
-2.205898857,-4.415715646,72.77787211,-1.803894078,-4.504967977,    2229P   5135
72.56031737,-1.578031478,-4.638941712,72.25687878,-1.147833,        2229P   5136
-4.725835693,72.0749246,-0.6418098619,-4.750283601,72.02497268,     2229P   5137
-0.4314826993,-4.7625,72.0,-0.2157416989,-4.7625,72.0,0.0,0.0,      2229P   5138
12.75680193,0.0,0.0,0.0,0,0;                                        2229P   5139
110,-4.7625,72.0,0.0,-4.762348415,48.00009187,1.598762367E-008,     2231P   5140
0,0;                                                                2231P   5141
126,3,3,0,0,1,0,0.0,0.0,0.0,0.0,1.292123058,1.292123058,            2233P   5142
1.292123058,1.292123058,1.0,1.0,1.0,1.0,-4.7625,48.00009187,0.0,    2233P   5143
-4.7625,48.0001246,-0.3044167042,-4.732331832,47.95554514,          2233P   5144
-0.608572259,-4.678006352,47.86764468,-0.8931197133,0.0,            2233P   5145
1.292123058,0.0,0.0,0.0,0,0;                                        2233P   5146
126,4,4,0,0,1,0,0.0,0.0,0.0,0.0,0.0,3.520645017,3.520645017,        2235P   5147
3.520645017,3.520645017,3.520645017,1.0,1.0,1.0,1.0,1.0,            2235P   5148
-4.678005956,47.86764404,-0.8931217848,-4.566311433,47.68691848,    2235P   5149
-1.478156946,-4.362768838,47.34358399,-1.989852371,-4.153569074,    2235P   5150
46.86323414,-2.344966266,-4.011364486,46.30967085,-2.567169884,     2235P   5151
0.0,3.520645017,0.0,0.0,0.0,0,0;                                    2235P   5152
126,4,4,0,0,1,0,0.0,0.0,0.0,0.0,0.0,3.829039811,3.829039811,        2237P   5153
3.829039811,3.829039811,3.829039811,1.0,1.0,1.0,1.0,1.0,            2237P   5154
-4.011385156,46.3096253,-2.567137585,-3.855164689,45.6984046,       2237P   5155
-2.811246224,-3.78072832,44.99957498,-2.883457036,-3.855164673,     2237P   5156
44.30159601,-2.811246196,-4.011384901,43.69037569,-2.567137984,     2237P   5157
0.0,3.829039811,0.0,0.0,0.0,0,0;                                    2237P   5158
126,4,4,0,0,1,0,0.0,0.0,0.0,0.0,0.0,3.697903663,3.697903663,        2239P   5159
3.697903663,3.697903663,3.697903663,1.0,1.0,1.0,1.0,1.0,            2239P   5160
-4.011359528,43.69033632,-2.567177631,-4.160460082,43.110561,       2239P   5161
-2.334199624,-4.384000771,42.60944091,-1.955632226,-4.596602007,    2239P   5162
42.26113836,-1.399429383,-4.699702353,42.09746784,-0.7708463143,    2239P   5163
0.0,3.697903663,0.0,0.0,0.0,0,0;                                    2239P   5164
126,3,3,0,0,1,0,0.0,0.0,0.0,0.0,1.106037863,1.106037863,            2241P   5165
1.106037863,1.106037863,1.0,1.0,1.0,1.0,-4.699709955,               2241P   5166
42.09751395,-0.770799966,-4.740337507,42.03291398,-0.5230862693,    2241P   5167
-4.7625,42.0,-0.2611632993,-4.7625,42.0,0.0,0.0,1.106037863,0.0,    2241P   5168
0.0,0.0,0,0;                                                        2241P   5169
110,-4.762342218,41.99989063,2.947391238E-005,-4.7625,18.0,0.0,     2243P   5170
0,0;                                                                2243P   5171
126,20,5,0,0,1,0,0.0,0.0,0.0,0.0,0.0,0.0,2.18722004,2.18722004,     2245P   5172
2.18722004,4.49599703,4.49599703,4.49599703,6.947498813,            2245P   5173
6.947498813,6.947498813,9.37649143,9.37649143,9.37649143,           2245P   5174
11.64965916,11.64965916,11.64965916,13.3911508,13.3911508,          2245P   5175
13.3911508,13.3911508,13.3911508,13.3911508,1.0,1.0,1.0,1.0,1.0,    2245P   5176
1.0,1.0,1.0,1.0,1.0,1.0,1.0,1.0,1.0,1.0,1.0,1.0,1.0,1.0,1.0,1.0,    2245P   5177
-4.7625,18.0,0.0,-4.7625,18.0,-0.3183018294,-4.73590786,            2245P   5178
17.95964621,-0.6366026366,-4.682722126,17.87912824,                 2245P   5179
-0.9426451759,-4.532495314,17.63324194,-1.527416339,                2245P   5180
-4.334776942,17.24182956,-1.99647032,-4.230505319,17.00712053,      2245P   5181
-2.201207253,-4.032662058,16.46898077,-2.546540744,-3.898318628,    2245P   5182
15.84421524,-2.738288368,-3.854463237,15.50760626,-2.797084292,     2245P   5183
-3.822679053,14.82546039,-2.841047107,-3.89859693,14.15383947,      2245P   5184
-2.736489769,-3.962398147,13.83144322,-2.647282778,-4.126982734,    2245P   5185
13.24412872,-2.396110225,-4.333824085,12.7581237,-1.994197676,      2245P   5186
-4.436128269,12.55230154,-1.764294365,-4.601272865,12.25253131,     2245P   5187
-1.299298814,-4.711878124,12.07674669,-0.7545686127,                2245P   5188
-4.745641803,12.02558246,-0.5068715889,-4.7625,12.0,                2245P   5189
-0.2534358513,-4.7625,12.0,0.0,0.0,13.3911508,0.0,0.0,0.0,0,0;      2245P   5190
110,-4.7625,12.0,0.0,-4.7625,1.0,0.0,0,0;                           2247P   5191
124,-1.0,0.0,0.0,0.0,0.0,0.0,-1.0,1.0,0.0,-1.0,0.0,0.0,0,0;         2249P   5192
100,0.0,0.0,0.0,4.7625,0.0,2.38125,4.124445986,0,0;                 2251P   5193
124,-0.5,0.8660254038,0.0,0.0,0.0,0.0,-1.0,1.0,-0.8660254038,       2253P   5194
-0.5,0.0,0.0,0,0;                                                   2253P   5195
100,0.0,0.0,0.0,4.7625,0.0,-2.38125,4.124445986,0,0;                2255P   5196
110,4.7625,1.0,0.0,4.7625,11.99999989,0.0,0,0;                      2257P   5197
102,25,2205,2207,2209,2211,2213,2215,2217,2219,2221,2223,2225,      2259P   5198
2227,2229,2231,2233,2235,2237,2239,2241,2243,2245,2247,2251,        2259P   5199
2255,2257,0,0;                                                      2259P   5200
142,0,2203,0,2259,2,0,0;                                            2261P   5201
144,2203,1,0,2261,0,0;                                              2263P   5202
110,0.0,45.0,0.0,0.0,46.0,0.0,0,0;                                  2265P   5203
110,-4.7625,1.0,0.0,-4.7625,90.00001294,0.0,0,0;                    2267P   5204
120,2265,2267,0.0,6.283185307,0,0;                                  2269P   5205
126,3,3,0,0,1,0,0.0,0.0,0.0,0.0,1.292100254,1.292100254,            2271P   5206
1.292100254,1.292100254,1.0,1.0,1.0,1.0,4.7625,18.00010942,         2271P   5207
2.948189937E-005,4.762498115,18.00020507,0.3045371034,              2271P   5208
4.732311546,17.95539432,0.6086841809,4.678003074,17.86765635,       2271P   5209
0.8931368813,0.0,1.292100254,0.0,0.0,0.0,0,0;                       2271P   5210
126,4,4,0,0,1,0,0.0,0.0,0.0,0.0,0.0,3.509243191,3.509243191,        2273P   5211
3.509243191,3.509243191,3.509243191,1.0,1.0,1.0,1.0,1.0,            2273P   5212
4.678002172,17.86765489,0.8931416059,4.566122456,17.68690766,       2273P   5213
1.479133291,4.362688135,17.34307382,1.989686039,4.153721379,        2273P   5214
16.86370293,2.344672515,4.011656903,16.31047897,2.566712907,0.0,    2273P   5215
3.509243191,0.0,0.0,0.0,0,0;                                        2273P   5216
126,3,3,0,0,1,0,0.0,0.0,0.0,0.0,1.914803537,1.914803537,            2275P   5217
1.914803537,1.914803537,1.0,1.0,1.0,1.0,4.011622622,16.3105091,     2275P   5218
2.566766484,3.907350314,15.90288156,2.729734622,3.846823713,        2275P   5219
15.45156951,2.807731362,3.846800128,15.00021061,2.807763349,0.0,    2275P   5220
1.914866762,0.0,0.0,0.0,0,0;                                        2275P   5221
126,5,5,0,0,1,0,0.0,0.0,0.0,0.0,0.0,0.0,6.717327575,6.717327575,    2277P   5222
6.717327575,6.717327575,6.717327575,6.717327575,1.0,1.0,1.0,1.0,    2277P   5223
1.0,1.0,3.846835554,15.00016596,2.807714812,3.847563127,            2277P   5224
14.04323375,2.806717968,4.048607088,13.11571378,2.523526257,        2277P   5225
4.516746062,12.36361342,1.926813423,4.762498985,12.00001196,        2277P   5226
0.9569769068,4.7625,11.99990854,5.050308393E-006,0.0,               2277P   5227
6.717327575,0.0,0.0,0.0,0,0;                                        2277P   5228
110,4.7625,11.99999989,0.0,4.7625,1.0,0.0,0,0;                      2279P   5229
124,1.0,0.0,0.0,0.0,0.0,0.0,-1.0,1.0,0.0,1.0,0.0,0.0,0,0;           2281P   5230
100,0.0,0.0,0.0,4.7625,0.0,-4.7625,0.0,0,0;                         2283P   5231
110,-4.7625,1.0,0.0,-4.7625,12.0,0.0,0,0;                           2285P   5232
126,20,5,0,0,1,0,0.0,0.0,0.0,0.0,0.0,0.0,2.187513516,               2287P   5233
2.187513516,2.187513516,4.497228631,4.497228631,4.497228631,        2287P   5234
6.94952711,6.94952711,6.94952711,9.379337839,9.379337839,           2287P   5235
9.379337839,11.65323136,11.65323136,11.65323136,13.39563334,        2287P   5236
13.39563334,13.39563334,13.39563334,13.39563334,13.39563334,1.0,    2287P   5237
1.0,1.0,1.0,1.0,1.0,1.0,1.0,1.0,1.0,1.0,1.0,1.0,1.0,1.0,1.0,1.0,    2287P   5238
1.0,1.0,1.0,1.0,-4.7625,12.0,0.0,-4.7625,12.0,0.3182483158,         2287P   5239
-4.7359168,12.04034022,0.6364956195,-4.682692559,12.12092414,       2287P   5240
0.9427862722,-4.532434214,12.36686259,1.527594342,-4.334741621,     2287P   5241
12.75825188,1.996538713,-4.230503476,12.99287524,2.20120951,        2287P   5242
-4.032677364,13.53097584,2.546515851,-3.898313975,14.15579834,      2287P   5243
2.738296897,-3.854457888,14.49242751,2.797091594,-3.822683818,      2287P   5244
15.17457394,2.841040633,-3.898597537,15.846158,2.736488842,         2287P   5245
-3.962395103,16.16854818,2.647288689,-4.126990888,16.75589288,      2287P   5246
2.396097003,-4.333828406,17.24188848,1.994187386,-4.436173954,      2287P   5247
17.44780018,1.764221424,-4.601364653,17.74760859,1.298967929,       2287P   5248
-4.711899665,17.92330589,0.7544002495,-4.745634374,17.97440627,     2287P   5249
0.5069832382,-4.7625,18.0,0.2534916897,-4.7625,18.0,0.0,0.0,        2287P   5250
13.39563334,0.0,0.0,0.0,0,0;                                        2287P   5251
110,-4.7625,18.0,0.0,-4.762342218,41.99989063,2.947391238E-005,     2289P   5252
0,0;                                                                2289P   5253
126,3,3,0,0,1,0,0.0,0.0,0.0,0.0,1.292076027,1.292076027,            2291P   5254
1.292076027,1.292076027,1.0,1.0,1.0,1.0,-4.7625,41.99989063,        2291P   5255
2.947488888E-005,-4.762498115,41.99979478,0.3045475457,             2291P   5256
-4.732309735,42.04459995,0.6086886401,-4.67800598,42.13233133,      2291P   5257
0.8931216591,0.0,1.292076027,0.0,0.0,0.0,0,0;                       2291P   5258
126,4,4,0,0,1,0,0.0,0.0,0.0,0.0,0.0,3.510663135,3.510663135,        2293P   5259
3.510663135,3.510663135,3.510663135,1.0,1.0,1.0,1.0,1.0,            2293P   5260
-4.678005061,42.13233282,0.8931264761,-4.56608773,42.31314294,      2293P   5261
1.479325465,-4.362481119,42.6573344,1.990209328,-4.153437519,       2293P   5262
43.13690126,2.345161388,-4.011419319,43.69040459,2.567084202,       2293P   5263
0.0,3.510663135,0.0,0.0,0.0,0,0;                                    2293P   5264
126,3,3,0,0,1,0,0.0,0.0,0.0,0.0,1.920412215,1.920412215,            2295P   5265
1.920412215,1.920412215,1.0,1.0,1.0,1.0,-4.011385201,               2295P   5266
43.69037452,2.567137515,-3.90724702,44.09782051,2.729862868,        2295P   5267
-3.84682328,44.54904347,2.80773163,-3.846823095,44.99999782,        2295P   5268
2.807731883,0.0,1.920412215,0.0,0.0,0.0,0,0;                        2295P   5269
126,5,5,0,0,1,0,0.0,0.0,0.0,0.0,0.0,0.0,6.717418187,6.717418187,    2297P   5270
6.717418187,6.717418187,6.717418187,6.717418187,1.0,1.0,1.0,1.0,    2297P   5271
1.0,1.0,-3.846847884,44.99999775,2.80769792,-3.847607591,           2297P   5272
45.9567363,2.80665704,-4.048655266,46.88443333,2.523527689,         2297P   5273
-4.516787638,47.63659755,1.926512607,-4.762498982,47.99998743,      2297P   5274
0.95710285,-4.7625,48.00009187,5.063365193E-006,0.0,6.717418187,    2297P   5275
0.0,0.0,0.0,0,0;                                                    2297P   5276
110,-4.762348415,48.00009187,1.598762367E-008,-4.7625,72.0,0.0,     2299P   5277
0,0;                                                                2299P   5278
126,20,5,0,0,1,0,0.0,0.0,0.0,0.0,0.0,0.0,2.322322543,               2301P   5279
2.322322543,2.322322543,4.687491919,4.687491919,4.687491919,        2301P   5280
6.575506072,6.575506072,6.575506072,9.0603165,9.0603165,            2301P   5281
9.0603165,11.29482523,11.29482523,11.29482523,12.76345938,          2301P   5282
12.76345938,12.76345938,12.76345938,12.76345938,12.76345938,1.0,    2301P   5283
1.0,1.0,1.0,1.0,1.0,1.0,1.0,1.0,1.0,1.0,1.0,1.0,1.0,1.0,1.0,1.0,    2301P   5284
1.0,1.0,1.0,1.0,-4.7625,72.0,0.0,-4.7625,72.0,0.3411845306,         2301P   5285
-4.731947012,72.0624562,0.6823686148,-4.670801068,72.18750582,      2301P   5286
1.0018192,-4.513572787,72.53049611,1.577243866,-4.327225589,        2301P   5287
73.01650848,2.007767013,-4.235914069,73.28811396,2.186486644,       2301P   5288
-4.095263666,73.80983247,2.436820523,-4.013112155,74.37092647,      2301P   5289
2.565219229,-3.99089563,74.62369867,2.598825637,-3.971912544,       2301P   5290
75.21257532,2.62804415,-4.028086421,75.79776089,2.54178899,         2301P   5291
-4.084279428,76.12145862,2.454703767,-4.231303381,76.71371901,      2301P   5292
2.205875539,-4.415728309,77.22215978,1.803864826,-4.504979593,      2301P   5293
77.43972149,1.578023817,-4.63897033,77.74317439,1.147711289,        2301P   5294
-4.725838334,77.92507963,0.6417690123,-4.750280995,77.975022,       2301P   5295
0.4315287081,-4.7625,78.0,0.215764711,-4.7625,78.0,0.0,0.0,         2301P   5296
12.76345938,0.0,0.0,0.0,0,0;                                        2301P   5297
110,-4.7625,78.0,0.0,-4.762499466,90.0,9.390305265E-009,0,0;        2303P   5298
124,-1.0,1.971717862E-009,0.0,0.0,0.0,0.0,1.0,90.0,                 2305P   5299
1.971717862E-009,1.0,0.0,0.0,0,0;                                   2305P   5300
100,0.0,0.0,0.0,4.7625,0.0,-4.7625,9.390329176E-009,0,0;            2307P   5301
110,4.762500534,90.00001294,0.0,4.7625,78.0,0.0,0,0;                2309P   5302
126,20,5,0,0,1,0,0.0,0.0,0.0,0.0,0.0,0.0,1.468558908,               2311P   5303
1.468558908,1.468558908,3.702947141,3.702947141,3.702947141,        2311P   5304
6.187611425,6.187611425,6.187611425,8.075512527,8.075512527,        2311P   5305
8.075512527,10.44054971,10.44054971,10.44054971,12.76200237,        2311P   5306
12.76200237,12.76200237,12.76200237,12.76200237,12.76200237,1.0,    2311P   5307
1.0,1.0,1.0,1.0,1.0,1.0,1.0,1.0,1.0,1.0,1.0,1.0,1.0,1.0,1.0,1.0,    2311P   5308
1.0,1.0,1.0,1.0,4.7625,78.0,0.0,4.7625,78.0,0.2157646284,           2311P   5309
4.750281004,77.97502202,0.4315285429,4.725838362,77.92507969,       2311P   5310
0.6417688241,4.638970503,77.74317476,1.14771042,4.504979869,        2311P   5311
77.43972212,1.578022992,4.415728622,77.22216059,1.803864123,        2311P   5312
4.231303902,76.71372072,2.205874508,4.084279695,76.12145979,        2311P   5313
2.45470335,4.028086531,75.79776198,2.541788822,3.97191251,          2311P   5314
75.21257578,2.628044202,3.99089564,74.62369829,2.598825621,         2311P   5315
4.013112212,74.370926,2.565219147,4.09526393,73.80983104,           2311P   5316
2.436820083,4.235914399,73.28811283,2.18648605,4.327225971,         2311P   5317
73.01650746,2.00776619,4.513543425,72.53057279,1.577311369,         2311P   5318
4.670750927,72.18761522,1.002002632,4.732044745,72.06224283,        2311P   5319
0.6812737018,4.7625,72.00002955,0.3406384057,4.7625,72.00002922,    2311P   5320
0.0,0.0,12.76200237,0.0,0.0,0.0,0,0;                                2311P   5321
110,4.762443404,72.00002937,2.231427202E-006,4.7625,48.0,0.0,0,     2313P   5322
0;                                                                  2313P   5323
126,20,5,0,0,1,0,0.0,0.0,0.0,0.0,0.0,0.0,2.188211992,               2315P   5324
2.188211992,2.188211992,4.498770458,4.498770458,4.498770458,        2315P   5325
6.951107906,6.951107906,6.951107906,9.381946064,9.381946064,        2315P   5326
9.381946064,11.65679915,11.65679915,11.65679915,13.39868381,        2315P   5327
13.39868381,13.39868381,13.39868381,13.39868381,13.39868381,1.0,    2315P   5328
1.0,1.0,1.0,1.0,1.0,1.0,1.0,1.0,1.0,1.0,1.0,1.0,1.0,1.0,1.0,1.0,    2315P   5329
1.0,1.0,1.0,1.0,4.7625,48.0,0.0,4.7625,48.0,0.3182197336,           2315P   5330
4.735921575,47.95966702,0.6364384622,4.682676234,47.8790494,        2315P   5331
0.942857608,4.532417663,47.63310522,1.527631805,4.334754127,        2315P   5332
47.2417718,1.996503991,4.230521694,47.00717631,2.201180541,         2315P   5333
4.032687826,46.46895782,2.546498268,3.898317954,45.84422172,        2315P   5334
2.738291122,3.854415792,45.50732932,2.797148617,3.82263898,         2315P   5335
44.82492336,2.841102771,3.898700816,44.15322652,2.736346661,        2315P   5336
3.962532008,43.83086067,2.647088896,4.127175657,43.24359477,        2315P   5337
2.395789074,4.334020946,42.75769935,1.993776682,4.43631448,         2315P   5338
42.55193826,1.763845593,4.601405994,42.25231638,1.298815924,        2315P   5339
4.711928815,42.07666782,0.7541887285,4.745658267,42.02555723,       2315P   5340
0.5066216749,4.7625,41.99999988,0.2533120691,4.7625,41.99999997,    2315P   5341
0.0,0.0,13.39868381,0.0,0.0,0.0,0,0;                                2315P   5342
110,4.762499715,41.99999997,-5.899743638E-008,4.7625,18.0,0.0,0,    2317P   5343
0;                                                                  2317P   5344
102,22,2271,2273,2275,2277,2279,2283,2285,2287,2289,2291,2293,      2319P   5345
2295,2297,2299,2301,2303,2307,2309,2311,2313,2315,2317,0,0;         2319P   5346
142,0,2269,0,2319,2,0,0;                                            2321P   5347
110,1.5,10.0,4.520111309,1.5,80.0,4.520111309,0,0;                  2323P   5348
126,11,5,0,0,1,0,0.0,0.0,0.0,0.0,0.0,0.0,1.270333814,               2325P   5349
1.270333814,1.270333814,3.829076354,3.829076354,3.829076354,        2325P   5350
6.806246185,6.806246185,6.806246185,6.806246185,6.806246185,        2325P   5351
6.806246185,1.0,1.0,1.0,1.0,1.0,1.0,1.0,1.0,1.0,1.0,1.0,1.0,1.5,    2325P   5352
80.0,4.520111309,1.5,80.17701755,4.520111309,1.473887368,           2325P   5353
80.35403407,4.528776793,1.422054519,80.52512217,4.546013439,        2325P   5354
1.193613137,81.00840857,4.616391641,0.7727128374,81.3595453,        2325P   5355
4.714133043,0.4260756394,81.50728745,4.765835485,-0.3772218822,     2325P   5356
81.57948184,4.785664777,-1.075912302,81.16884058,4.66151542,        2325P   5357
-1.356575895,80.82971528,4.567706632,-1.5,80.4148605,               2325P   5358
4.520111309,-1.5,80.0,4.520111309,0.0,6.806246185,0.0,0.0,0.0,0,    2325P   5359
0;                                                                  2325P   5360
110,-1.5,80.0,4.520111309,-1.5,10.0,4.520111309,0,0;                2327P   5361
126,11,5,0,0,1,0,0.0,0.0,0.0,0.0,0.0,0.0,1.270333814,               2329P   5362
1.270333814,1.270333814,3.829076353,3.829076353,3.829076353,        2329P   5363
6.806246184,6.806246184,6.806246184,6.806246184,6.806246184,        2329P   5364
6.806246184,1.0,1.0,1.0,1.0,1.0,1.0,1.0,1.0,1.0,1.0,1.0,1.0,        2329P   5365
-1.5,10.0,4.520111309,-1.5,9.822982445,4.520111309,-1.473887368,    2329P   5366
9.645965932,4.528776793,-1.422054519,9.474877829,4.546013439,       2329P   5367
-1.193613137,8.991591435,4.616391641,-0.7727128376,8.640454695,     2329P   5368
4.714133043,-0.4260756391,8.492712549,4.765835485,0.3772218819,     2329P   5369
8.42051816,4.785664777,1.075912302,8.831159421,4.66151542,          2329P   5370
1.356575895,9.170284722,4.567706632,1.5,9.585139498,4.520111309,    2329P   5371
1.5,10.0,4.520111309,0.0,6.806246184,0.0,0.0,0.0,0,0;               2329P   5372
102,4,2323,2325,2327,2329,0,0;                                      2331P   5373
142,0,2269,0,2331,2,0,0;                                            2333P   5374
144,2269,1,1,2321,2333,0,0;                                         2335P   5375
128,5,5,5,5,0,0,1,0,0,-1.323984021,-1.323984021,-1.323984021,       2337P   5376
-1.323984021,-1.323984021,-1.323984021,1.273443417,1.273443417,     2337P   5377
1.273443417,1.273443417,1.273443417,1.273443417,-0.7395633267,      2337P   5378
-0.7395633267,-0.7395633267,-0.7395633267,-0.7395633267,            2337P   5379
-0.7395633267,0.7534541223,0.7534541223,0.7534541223,               2337P   5380
0.7534541223,0.7534541223,0.7534541223,1.0,1.0,1.0,1.0,1.0,1.0,     2337P   5381
1.0,1.0,1.0,1.0,1.0,1.0,1.0,1.0,1.0,1.0,1.0,1.0,1.0,1.0,1.0,1.0,    2337P   5382
1.0,1.0,1.0,1.0,1.0,1.0,1.0,1.0,1.0,1.0,1.0,1.0,1.0,1.0,            2337P   5383
85.79440683,294.5312837,-127.9488955,85.57999681,294.9326236,       2337P   5384
-127.6912391,85.39836813,295.32691,-127.4139138,85.2639487,         2337P   5385
295.7110385,-127.1082627,85.16561543,296.0874023,-126.7809597,      2337P   5386
85.08989621,296.4589004,-126.4400882,85.62895391,294.3463435,       2337P   5387
-127.7869993,85.41655855,294.7472499,-127.5281341,85.2402138,       2337P   5388
295.1403994,-127.2476384,85.12044215,295.5213761,-126.9331985,      2337P   5389
85.03973638,295.8939471,-126.595319,84.98369192,296.2612118,        2337P   5390
-126.2426426,85.45970334,294.1622205,-127.6273817,85.2481135,       2337P   5391
294.5629536,-127.3680332,85.07881056,294.9545879,-127.0833124,      2337P   5392
84.97909133,295.33125,-126.756841,84.91916039,295.6993509,          2337P   5393
-126.4064964,84.88580204,296.0617343,-126.0402082,85.29109591,      2337P   5394
293.9779591,-127.4673782,85.07659267,294.379319,-127.2097778,       2337P   5395
84.89970612,294.7725851,-126.9296072,84.83981245,295.140678,        2337P   5396
-126.5792402,84.81583236,295.5010435,-126.207325,84.79117448,       2337P   5397
295.8615547,-125.8358165,85.11967038,293.794304,-127.3090656,       2337P   5398
84.90276759,294.1961803,-127.0529049,84.7068241,294.5935468,        2337P   5399
-126.7841686,84.7067423,294.9487701,-126.3979143,84.72554066,       2337P   5400
295.299931,-126.0003318,84.72118107,295.6560747,-125.6166442,       2337P   5401
84.94229318,293.6119296,-127.1543241,84.72123177,294.0147007,       2337P   5402
-126.9006586,84.5117082,294.4149892,-126.6400703,84.58286391,       2337P   5403
294.7548844,-126.2110732,84.63705656,295.0984296,-125.7922539,      2337P   5404
84.66027395,295.4486397,-125.39202,-1.323984021,1.273443417,        2337P   5405
-0.7395633267,0.7534541223,0,0;                                     2337P   5406
126,4,4,0,0,1,0,0.0,0.0,0.0,0.0,0.0,1.931389338,1.931389338,        2339P   5407
1.931389338,1.931389338,1.931389338,1.0,1.0,1.0,1.0,1.0,            2339P   5408
85.65792044,294.4109799,-127.814018,85.42744453,294.3219344,        2339P   5409
-127.5778473,85.19908013,294.2325276,-127.3401008,84.96531942,      2339P   5410
294.1442217,-127.1063078,84.7371992,294.0547304,-126.8683953,       2339P   5411
0.0,1.931389338,0.0,0.0,0.0,0,0;                                    2339P   5412
126,4,4,0,0,1,0,0.0,0.0,0.0,0.0,0.0,2.472543272,2.472543272,        2341P   5413
2.472543272,2.472543272,2.472543272,1.0,1.0,1.0,1.0,1.0,            2341P   5414
84.73718218,294.0547273,-126.8683765,84.76300794,294.4692788,       2341P   5415
-126.7783988,84.76330771,294.8667904,-126.5692594,84.74354208,      2341P   5416
295.1856454,-126.247716,84.7168931,295.3918215,-125.8660195,0.0,    2341P   5417
2.472543272,0.0,0.0,0.0,0,0;                                        2341P   5418
126,3,3,0,0,1,0,0.0,0.0,0.0,0.0,1.302940887,1.302940887,            2343P   5419
1.302940887,1.302940887,1.0,1.0,1.0,1.0,84.71690756,295.3918137,    2343P   5420
-125.8661024,84.80309487,295.6616097,-125.9820607,84.88507974,      2343P   5421
295.9323099,-126.1005404,84.96938798,296.2025102,-126.2176262,      2343P   5422
0.0,1.302940887,0.0,0.0,0.0,0,0;                                    2343P   5423
126,5,5,0,0,1,0,0.0,0.0,0.0,0.0,0.0,0.0,3.722962863,3.722962863,    2345P   5424
3.722962863,3.722962863,3.722962863,3.722962863,1.0,1.0,1.0,1.0,    2345P   5425
1.0,1.0,84.96939053,296.2025183,-126.2176298,85.08990243,           2345P   5426
296.0162547,-126.6850582,85.24715939,295.7421737,-127.0960809,      2345P   5427
85.42921842,295.3765131,-127.4372622,85.57405636,294.9161161,       2345P   5428
-127.6811443,85.65791724,294.4110022,-127.8140127,0.0,              2345P   5429
3.722962863,0.0,0.0,0.0,0,0;                                        2345P   5430
102,4,2339,2341,2343,2345,0,0;                                      2347P   5431
126,8,5,1,0,1,0,0.0,0.0,0.0,0.0,0.0,0.0,1.545035585,1.545035585,    2349P   5432
1.545035585,1.931389338,1.931389338,1.931389338,1.931389338,        2349P   5433
1.931389338,1.931389338,1.0,1.0,1.0,1.0,1.0,1.0,1.0,1.0,1.0,        2349P   5434
-1.298538495,-0.5133567054,0.0,-1.211904673,-0.3130240864,0.0,      2349P   5435
-1.125205992,-0.1126919254,0.0,-1.038436425,0.08767869821,0.0,      2349P   5436
-0.9302307602,0.338057916,0.0,-0.8218550018,0.5884766669,0.0,       2349P   5437
-0.8001658866,0.6385740555,0.0,-0.7784647626,0.6886793591,0.0,      2349P   5438
-0.7567597037,0.7387997937,0.0,0.0,1.931389338,0.0,0.0,1.0,0,0;     2349P   5439
126,8,5,1,0,1,0,0.0,0.0,0.0,0.0,0.0,0.0,1.482267007,1.482267007,    2351P   5440
1.482267007,2.472543272,2.472543272,2.472543272,2.472543272,        2351P   5441
2.472543272,2.472543272,1.0,1.0,1.0,1.0,1.0,1.0,1.0,1.0,1.0,        2351P   5442
-0.7567461476,0.7388214425,0.0,-0.5801483571,0.6295165303,0.0,      2351P   5443
-0.3886619577,0.5407840068,0.0,-0.1862125304,0.4750819417,0.0,      2351P   5444
0.1596277299,0.4071499404,0.0,0.5076595638,0.4094827974,0.0,        2351P   5445
0.6459078298,0.4218156994,0.0,0.7814083245,0.4453225923,0.0,        2351P   5446
0.9123995243,0.4796374413,0.0,0.0,2.472543272,0.0,0.0,1.0,0,0;      2351P   5447
126,5,5,1,0,1,0,0.0,0.0,0.0,0.0,0.0,0.0,1.302940887,1.302940887,    2353P   5448
1.302940887,1.302940887,1.302940887,1.302940887,1.0,1.0,1.0,1.0,    2353P   5449
1.0,1.0,0.9123369477,0.4795859368,0.0,0.9794645366,0.3074904755,    2353P   5450
0.0,1.046918389,0.1355885132,0.0,1.113906119,-0.03655143697,0.0,    2353P   5451
1.180847303,-0.2087959087,0.0,1.247974892,-0.3808913699,0.0,0.0,    2353P   5452
1.302940887,0.0,0.0,1.0,0,0;                                        2353P   5453
126,8,5,1,0,1,0,0.0,0.0,0.0,0.0,0.0,0.0,1.449166886,1.449166886,    2355P   5454
1.449166886,3.722962863,3.722962863,3.722962863,3.722962863,        2355P   5455
3.722962863,3.722962863,1.0,1.0,1.0,1.0,1.0,1.0,1.0,1.0,1.0,        2355P   5456
1.247978189,-0.3809000327,0.0,1.065148241,-0.4656618502,0.0,        2355P   5457
0.876311172,-0.5394204776,0.0,0.6823439113,-0.601333641,0.0,        2355P   5458
0.1724249207,-0.725383293,0.0,-0.3569765568,-0.7485779115,0.0,      2355P   5459
-0.6819778717,-0.7187581151,0.0,-0.999706568,-0.6395031466,0.0,     2355P   5460
-1.29851734,-0.5133663942,0.0,0.0,3.722962863,0.0,0.0,1.0,0,0;      2355P   5461
102,4,2349,2351,2353,2355,0,0;                                      2357P   5462
142,0,2337,2357,2347,1,0,0;                                         2359P   5463
144,2337,1,0,2359,0,0;                                              2361P   5464
128,8,1,5,1,0,0,1,0,0,9.694312312,9.694312312,9.694312312,          2363P   5465
9.694312312,9.694312312,9.694312312,10.38610004,10.38610004,        2363P   5466
10.38610004,10.86608142,10.86608142,10.86608142,10.86608142,        2363P   5467
10.86608142,10.86608142,0.0,0.0,0.8526802361,0.8526802361,1.0,      2363P   5468
1.0,1.0,1.0,1.0,1.0,1.0,1.0,1.0,1.0,1.0,1.0,1.0,1.0,1.0,1.0,1.0,    2363P   5469
1.0,84.96945799,296.2025043,-126.2175895,84.93284298,               2363P   5470
296.2596526,-126.0737013,84.90046443,296.3079478,-125.9254373,      2363P   5471
84.87303346,296.3475641,-125.7735699,84.83578017,296.4003159,       2363P   5472
-125.511618,84.81486849,296.4291728,-125.2442921,84.80912981,       2363P   5473
296.4370354,-125.1341728,84.80626056,296.4409666,-125.0237458,      2363P   5474
84.80626061,296.4409665,-124.9133195,84.71711849,295.3917683,       2363P   5475
-125.8659759,84.70947549,295.4474907,-125.7631164,84.70222574,      2363P   5476
295.4958255,-125.6559373,84.69586703,295.5362122,-125.5453015,      2363P   5477
84.68714202,295.5906155,-125.3535916,84.68217952,295.6208323,       2363P   5478
-125.1570271,84.68081346,295.6291005,-125.0759706,84.68013073,      2363P   5479
295.6332344,-124.9946448,84.68013101,295.6332344,-124.9133195,      2363P   5480
9.694312312,10.86608142,0.0,0.8526802361,0,0;                       2363P   5481
126,1,1,0,0,1,0,0.0,0.0,0.8526802361,0.8526802361,1.0,1.0,          2365P   5482
84.68013101,295.6332344,-124.9133195,84.80626061,296.4409665,       2365P   5483
-124.9133195,3.283124728E-006,0.8526802361,0.0,0.0,0.0,0,0;         2365P   5484
126,8,5,0,0,1,0,0.0,0.0,0.0,0.0,0.0,0.0,0.4799813832,               2367P   5485
0.4799813832,0.4799813832,1.171769108,1.171769108,1.171769108,      2367P   5486
1.171769108,1.171769108,1.171769108,1.0,1.0,1.0,1.0,1.0,1.0,1.0,    2367P   5487
1.0,1.0,84.80626061,296.4409665,-124.9133195,84.80626056,           2367P   5488
296.4409666,-125.0237458,84.80912981,296.4370354,-125.1341728,      2367P   5489
84.81486849,296.4291728,-125.2442921,84.83578017,296.4003159,       2367P   5490
-125.511618,84.87303346,296.3475641,-125.7735699,84.90046443,       2367P   5491
296.3079478,-125.9254373,84.93284298,296.2596526,-126.0737013,      2367P   5492
84.96945799,296.2025043,-126.2175895,0.0,1.171769108,0.0,0.0,       2367P   5493
0.0,0,0;                                                            2367P   5494
126,1,1,0,0,1,0,0.0,0.0,0.8526518981,0.8526518981,1.0,1.0,          2369P   5495
84.96945799,296.2025043,-126.2175895,84.71712688,295.3917952,       2369P   5496
-125.8659876,0.0,0.8526518981,0.0,0.0,0.0,0,0;                      2369P   5497
126,8,5,0,0,1,0,9.694312312,9.694312312,9.694312312,9.694312312,    2371P   5498
9.694312312,9.694312312,10.38610004,10.38610004,10.38610004,        2371P   5499
10.86608142,10.86608142,10.86608142,10.86608142,10.86608142,        2371P   5500
10.86608142,1.0,1.0,1.0,1.0,1.0,1.0,1.0,1.0,1.0,84.71711849,        2371P   5501
295.3917683,-125.8659759,84.70947549,295.4474907,-125.7631164,      2371P   5502
84.70222574,295.4958255,-125.6559373,84.69586703,295.5362122,       2371P   5503
-125.5453015,84.68714202,295.5906155,-125.3535916,84.68217952,      2371P   5504
295.6208323,-125.1570271,84.68081346,295.6291005,-125.0759706,      2371P   5505
84.68013073,295.6332344,-124.9946448,84.68013101,295.6332344,       2371P   5506
-124.9133195,9.694313187,10.86608142,0.0,0.0,0.0,0,0;               2371P   5507
102,4,2365,2367,2369,2371,0,0;                                      2373P   5508
110,10.86608142,0.0,0.0,10.86608142,0.852676953,0.0,0,0;            2375P   5509
110,9.694312312,0.0,0.0,10.86608142,0.0,0.0,0,0;                    2377P   5510
110,9.694312312,0.0,0.0,9.694312312,0.8526518981,0.0,0,0;           2379P   5511
110,9.694313187,0.8526802361,0.0,10.86608142,0.8526802361,0.0,0,    2381P   5512
0;                                                                  2381P   5513
102,4,2375,2377,2379,2381,0,0;                                      2383P   5514
142,0,2363,2383,2373,1,0,0;                                         2385P   5515
144,2363,1,0,2385,0,0;                                              2387P   5516
128,11,5,5,5,0,0,1,0,0,-1.959543138,-1.959543138,-1.959543138,      2389P   5517
-1.959543138,-1.959543138,-1.959543138,-1.071938764,                2389P   5518
-1.071938764,-1.071938764,0.9653586774,0.9653586774,                2389P   5519
0.9653586774,1.817496761,1.817496761,1.817496761,1.817496761,       2389P   5520
1.817496761,1.817496761,-0.7227095949,-0.7227095949,                2389P   5521
-0.7227095949,-0.7227095949,-0.7227095949,-0.7227095949,            2389P   5522
0.9466097247,0.9466097247,0.9466097247,0.9466097247,                2389P   5523
0.9466097247,0.9466097247,1.0,1.0,1.0,1.0,1.0,1.0,1.0,1.0,1.0,      2389P   5524
1.0,1.0,1.0,1.0,1.0,1.0,1.0,1.0,1.0,1.0,1.0,1.0,1.0,1.0,1.0,1.0,    2389P   5525
1.0,1.0,1.0,1.0,1.0,1.0,1.0,1.0,1.0,1.0,1.0,1.0,1.0,1.0,1.0,1.0,    2389P   5526
1.0,1.0,1.0,1.0,1.0,1.0,1.0,1.0,1.0,1.0,1.0,1.0,1.0,1.0,1.0,1.0,    2389P   5527
1.0,1.0,1.0,1.0,1.0,1.0,1.0,1.0,1.0,1.0,1.0,1.0,1.0,1.0,1.0,        2389P   5528
84.87845786,296.8763158,-124.7013341,84.87436513,296.7966633,       2389P   5529
-124.5407169,84.87718416,296.7156004,-124.3831415,84.88676207,      2389P   5530
296.6331583,-124.2285406,84.93833206,296.357406,-123.7278934,       2389P   5531
85.05618661,296.068128,-123.2564173,85.16595582,295.8609876,        2389P   5532
-122.940199,85.377593,295.5557889,-122.5163416,85.64884157,         2389P   5533
295.2384262,-122.1187187,85.73333383,295.1439135,-122.0034328,      2389P   5534
85.82212232,295.0485241,-121.8900376,85.91538584,294.9522216,       2389P   5535
-121.7786118,84.82622747,296.5883367,-124.8691959,84.81594975,      2389P   5536
296.5099462,-124.7058567,84.81269243,296.4301232,-124.5456072,      2389P   5537
84.81651342,296.3488558,-124.3884727,84.84908577,296.0769801,       2389P   5538
-123.8794648,84.94600244,295.7919746,-123.3987741,85.0379259,       2389P   5539
295.5884757,-123.0747021,85.23977124,295.285275,-122.6465354,       2389P   5540
85.51044717,294.9680292,-122.2486605,85.59564451,294.8733726,       2389P   5541
-122.1336849,85.68516254,294.7778344,-122.0206107,85.77931201,      2389P   5542
294.6813512,-121.9095749,84.78255115,296.298612,-125.0408222,       2389P   5543
84.76417797,296.2218735,-124.8739203,84.75337637,296.1435899,       2389P   5544
-124.7103506,84.75040995,296.0637075,-124.5502291,84.766218,        2389P   5545
295.7952527,-124.0338433,84.83333771,295.5163274,-123.5400393,      2389P   5546
84.90501756,295.3169592,-123.2070582,85.0939758,295.0163883,        2389P   5547
-122.7732201,85.36585846,294.6988962,-122.3758762,85.45134628,      2389P   5548
294.6041804,-122.2610284,85.54185881,294.5084392,-122.148392,       2389P   5549
85.63675497,294.4118036,-122.0376847,84.74116694,296.0084197,       2389P   5550
-125.2134573,84.72094352,295.9320587,-125.0457411,84.70598327,      2389P   5551
295.8546237,-124.8803412,84.70134975,295.7750815,-124.719486,       2389P   5552
84.69410737,295.5113302,-124.1929559,84.71527609,295.2417814,       2389P   5553
-123.6789294,84.76319786,295.0472612,-123.3354926,84.94227749,      2389P   5554
294.748706,-122.897307,85.21333582,294.4313822,-122.4996003,        2389P   5555
85.30177509,294.3360641,-122.3860514,85.39442093,294.2398876,       2389P   5556
-122.2743538,85.49229328,294.1426447,-122.1649563,84.71146659,      2389P   5557
295.7158431,-125.3912343,84.68707687,295.6403323,-125.2216846,      2389P   5558
84.66802231,295.5637328,-125.0544828,84.65458522,295.485987,        2389P   5559
-124.8897532,84.61253213,295.229339,-124.3479033,84.59847152,       2389P   5560
294.9669789,-123.8183726,84.60692098,294.7805133,-123.4575644,      2389P   5561
84.77454583,294.4842955,-123.0143377,85.05929652,294.1641776,       2389P   5562
-122.6226569,85.15002251,294.0683929,-122.5101144,85.24548557,      2389P   5563
293.9716416,-122.3996566,85.34649217,293.8737591,-122.2916385,      2389P   5564
84.68374989,295.4228618,-125.5698843,84.65310243,295.3486279,       2389P   5565
-125.3975806,84.62706796,295.2734527,-125.227307,84.60486805,       2389P   5566
295.197495,-125.058721,84.52982194,294.9475794,-124.5023512,        2389P   5567
84.47309343,294.6939259,-123.9540428,84.4458623,294.5147411,        2389P   5568
-123.5775319,84.59362821,294.2225756,-123.1255654,84.89705454,      2389P   5569
293.8986469,-122.7421036,84.99016141,293.8023763,-122.6306089,      2389P   5570
85.08936245,293.7048623,-122.5217962,85.19368927,293.6063022,       2389P   5571
-122.4152392,-1.959543138,1.817496761,-0.7227095949,                2389P   5572
0.9466097247,0,0;                                                   2389P   5573
126,3,3,0,0,1,0,0.0,0.0,0.0,0.0,1.16620066,1.16620066,              2391P   5574
1.16620066,1.16620066,1.0,1.0,1.0,1.0,84.80619511,296.4409767,      2391P   5575
-124.9132908,84.764102,296.1717439,-124.9132688,84.72382432,        2391P   5576
295.9021407,-124.9140458,84.6800645,295.6332479,-124.9132903,       2391P   5577
0.0,1.16620066,0.0,0.0,0.0,0,0;                                     2391P   5578
126,5,5,0,0,1,0,0.0,0.0,0.0,0.0,0.0,0.0,3.874292848,3.874292848,    2393P   5579
3.874292848,3.874292848,3.874292848,3.874292848,1.0,1.0,1.0,1.0,    2393P   5580
1.0,1.0,84.68006392,295.633244,-124.9133196,84.67905312,            2393P   5581
295.63341,-124.3732237,84.71474515,295.4497639,-123.8325656,        2393P   5582
84.75147987,295.0872731,-123.3787572,84.77260184,294.6054605,       2393P   5583
-123.090804,84.73992282,294.0998963,-122.9685704,0.0,               2393P   5584
3.874292848,0.0,0.0,0.0,0,0;                                        2393P   5585
126,5,5,0,0,1,0,0.0,0.0,0.0,0.0,0.0,0.0,1.548697229,1.548697229,    2395P   5586
1.548697229,1.548697229,1.548697229,1.548697229,1.0,1.0,1.0,1.0,    2395P   5587
1.0,1.0,84.73993433,294.0998993,-122.9685577,84.88629066,           2395P   5588
294.1634618,-122.8158904,85.03521606,294.2264197,-122.6648874,      2395P   5589
85.34974937,294.362498,-122.3386022,85.49712565,294.4258337,        2395P   5590
-122.1865201,85.64436575,294.4892225,-122.0344178,0.0,              2395P   5591
1.548697229,0.0,0.0,0.0,0,0;                                        2395P   5592
126,3,3,0,0,1,0,0.0,0.0,0.0,0.0,1.192025135,1.192025135,            2397P   5593
1.192025135,1.192025135,1.0,1.0,1.0,1.0,85.64435848,294.4892411,    2397P   5594
-122.0344273,85.59536186,294.7554537,-122.11242,85.52628475,        2397P   5595
295.0043991,-122.228378,85.44801942,295.225054,-122.3760208,0.0,    2397P   5596
1.192025135,0.0,0.0,0.0,0,0;                                        2397P   5597
126,5,5,0,0,1,0,0.0,0.0,0.0,0.0,0.0,0.0,4.343418645,4.343418645,    2399P   5598
4.343418645,4.343418645,4.343418645,4.343418645,1.0,1.0,1.0,1.0,    2399P   5599
1.0,1.0,85.44801832,295.2250571,-122.3760229,85.27576982,           2399P   5600
295.7106795,-122.7009596,85.06891067,296.0840355,-123.1551676,      2399P   5601
84.8984963,296.3128335,-123.6862385,84.80670016,296.440883,         2399P   5602
-124.2837386,84.80619578,296.440981,-124.9132908,0.0,4.34343736,    2399P   5603
0.0,0.0,0.0,0,0;                                                    2399P   5604
102,5,2391,2393,2395,2397,2399,0,0;                                 2401P   5605
126,5,5,1,0,1,0,0.0,0.0,0.0,0.0,0.0,0.0,1.16620066,1.16620066,      2403P   5606
1.16620066,1.16620066,1.16620066,1.16620066,1.0,1.0,1.0,1.0,1.0,    2403P   5607
1.0,-1.922499739,-0.2383100946,0.0,-1.84192967,-0.09279330863,      2403P   5608
0.0,-1.761617739,0.05287976107,0.0,-1.681100102,0.1984249401,       2403P   5609
0.0,-1.600219463,0.343757049,0.0,-1.519649394,0.4892738347,0.0,     2403P   5610
0.0,1.16620066,0.0,0.0,1.0,0,0;                                     2403P   5611
126,11,5,1,0,1,0,0.0,0.0,0.0,0.0,0.0,0.0,1.47719839,1.47719839,     2405P   5612
1.47719839,2.981685011,2.981685011,2.981685011,3.874292848,         2405P   5613
3.874292848,3.874292848,3.874292848,3.874292848,3.874292848,1.0,    2405P   5614
1.0,1.0,1.0,1.0,1.0,1.0,1.0,1.0,1.0,1.0,1.0,-1.519672208,           2405P   5615
0.4892898693,0.0,-1.345936946,0.4012440082,0.0,-1.156363192,        2405P   5616
0.3333609976,0.0,-0.9553715853,0.2891968102,0.0,-0.5382192977,      2405P   5617
0.249809268,0.0,-0.1171637756,0.3106242487,0.0,0.09133663933,       2405P   5618
0.3668415346,0.0,0.4083990278,0.4955840968,0.0,0.6898143339,        2405P   5619
0.6813234505,0.0,0.7886511934,0.757906404,0.0,0.88067052,           2405P   5620
0.841231196,0.0,0.9653280534,0.9302552542,0.0,0.0,3.874292848,      2405P   5621
0.0,0.0,1.0,0,0;                                                    2405P   5622
126,5,5,1,0,1,0,0.0,0.0,0.0,0.0,0.0,0.0,1.548697229,1.548697229,    2407P   5623
1.548697229,1.548697229,1.548697229,1.548697229,1.0,1.0,1.0,1.0,    2407P   5624
1.0,1.0,0.9653401571,0.9302431952,0.0,1.09821227,0.758445071,       2407P   5625
0.0,1.230677124,0.5869432316,0.0,1.514984896,0.2189502987,0.0,      2407P   5626
1.647751978,0.04722636471,0.0,1.780471881,-0.1245020129,0.0,0.0,    2407P   5627
1.548697229,0.0,0.0,1.0,0,0;                                        2407P   5628
126,5,5,1,0,1,0,0.0,0.0,0.0,0.0,0.0,0.0,1.192025135,1.192025135,    2409P   5629
1.192025135,1.192025135,1.192025135,1.192025135,1.0,1.0,1.0,1.0,    2409P   5630
1.0,1.0,1.780451837,-0.1245110103,0.0,1.647069575,-0.2287644834,    2409P   5631
0.0,1.50522579,-0.3216397987,0.0,1.356500648,-0.4027541276,0.0,     2409P   5632
1.202182858,-0.4719189324,0.0,1.043673531,-0.528870904,0.0,0.0,     2409P   5633
1.192025135,0.0,0.0,1.0,0,0;                                        2409P   5634
126,11,5,1,0,1,0,0.0,0.0,0.0,0.0,0.0,0.0,0.141164916,               2411P   5635
0.141164916,0.141164916,3.127822761,3.127822761,3.127822761,        2411P   5636
4.34343736,4.34343736,4.34343736,4.34343736,4.34343736,             2411P   5637
4.34343736,1.0,1.0,1.0,1.0,1.0,1.0,1.0,1.0,1.0,1.0,1.0,1.0,         2411P   5638
1.04366983,-0.5288722337,0.0,1.024773197,-0.5356617126,0.0,         2411P   5639
1.005817078,-0.54227977,0.0,0.986801392,-0.5487279147,0.0,          2411P   5640
0.5643147477,-0.6878136685,0.0,0.1161886021,-0.7437586987,0.0,      2411P   5641
-0.3123086315,-0.7284592425,0.0,-0.9033978238,-0.6319423451,0.0,    2411P   5642
-1.461245713,-0.4439298289,0.0,-1.61986461,-0.382109376,0.0,        2411P   5643
-1.773695898,-0.3137429613,0.0,-1.922513334,-0.2383081542,0.0,      2411P   5644
0.0,4.34343736,0.0,0.0,1.0,0,0;                                     2411P   5645
102,5,2403,2405,2407,2409,2411,0,0;                                 2413P   5646
142,0,2389,2413,2401,1,0,0;                                         2415P   5647
144,2389,1,0,2415,0,0;                                              2417P   5648
128,8,1,5,1,0,0,1,0,0,4.682510635,4.682510635,4.682510635,          2419P   5649
4.682510635,4.682510635,4.682510635,4.997657752,4.997657752,        2419P   5650
4.997657752,5.972347044,5.972347044,5.972347044,5.972347044,        2419P   5651
5.972347044,5.972347044,0.0,0.0,1.391452715,1.391452715,1.0,1.0,    2419P   5652
1.0,1.0,1.0,1.0,1.0,1.0,1.0,1.0,1.0,1.0,1.0,1.0,1.0,1.0,1.0,1.0,    2419P   5653
85.64290635,292.7692083,-127.7898055,85.65695356,292.8453516,       2419P   5654
-127.8124154,85.66963986,292.922792,-127.8325337,85.68085164,       2419P   5655
293.0013747,-127.8501033,85.7203074,293.3269352,-127.9113951,       2419P   5656
85.73224719,293.665084,-127.9286734,85.72328501,293.9216607,        2419P   5657
-127.915651,85.6975073,294.1719851,-127.876904,85.65798063,         2419P   5658
294.410975,-127.8139611,84.74021007,293.1619269,-126.8569953,       2419P   5659
84.7374134,293.2063179,-126.8677593,84.73468801,293.2505251,        2419P   5660
-126.8771365,84.73213286,293.2945289,-126.8851816,84.72276188,      2419P   5661
293.473829,-126.9128761,84.71902185,293.6503452,-126.9197959,       2419P   5662
84.72191042,293.7831728,-126.9145811,84.72885877,293.918016,        2419P   5663
-126.8979559,84.73715587,294.0547445,-126.8684316,4.682510635,      2419P   5664
5.972347044,0.0,1.391452715,0,0;                                    2419P   5665
126,8,5,0,0,1,0,4.682510635,4.682510635,4.682510635,4.682510635,    2421P   5666
4.682510635,4.682510635,4.997657752,4.997657752,4.997657752,        2421P   5667
5.972347044,5.972347044,5.972347044,5.972347044,5.972347044,        2421P   5668
5.972347044,1.0,1.0,1.0,1.0,1.0,1.0,1.0,1.0,1.0,84.74021007,        2421P   5669
293.1619269,-126.8569953,84.7374134,293.2063179,-126.8677593,       2421P   5670
84.73468801,293.2505251,-126.8771365,84.73213286,293.2945289,       2421P   5671
-126.8851816,84.72276188,293.473829,-126.9128761,84.71902185,       2421P   5672
293.6503452,-126.9197959,84.72191042,293.7831728,-126.9145811,      2421P   5673
84.72885877,293.918016,-126.8979559,84.73715587,294.0547445,        2421P   5674
-126.8684316,4.682511555,5.972342175,0.0,0.0,0.0,0,0;               2421P   5675
126,1,1,0,0,1,0,0.0,0.0,1.391452715,1.391452715,1.0,1.0,            2423P   5676
84.73715587,294.0547445,-126.8684316,85.65798063,294.410975,        2423P   5677
-127.8139611,0.0,1.391452715,0.0,0.0,0.0,0,0;                       2423P   5678
126,8,5,0,0,1,0,0.0,0.0,0.0,0.0,0.0,0.0,0.9746892918,               2425P   5679
0.9746892918,0.9746892918,1.289836409,1.289836409,1.289836409,      2425P   5680
1.289836409,1.289836409,1.289836409,1.0,1.0,1.0,1.0,1.0,1.0,1.0,    2425P   5681
1.0,1.0,85.65798063,294.410975,-127.8139611,85.6975073,             2425P   5682
294.1719851,-127.876904,85.72328501,293.9216607,-127.915651,        2425P   5683
85.73224719,293.665084,-127.9286734,85.7203074,293.3269352,         2425P   5684
-127.9113951,85.68085164,293.0013747,-127.8501033,85.66963986,      2425P   5685
292.922792,-127.8325337,85.65695356,292.8453516,-127.8124154,       2425P   5686
85.64290635,292.7692083,-127.7898055,0.0,1.289836409,0.0,0.0,       2425P   5687
0.0,0,0;                                                            2425P   5688
126,1,1,0,0,1,0,0.0,0.0,1.391452715,1.391452715,1.0,1.0,            2427P   5689
85.64290635,292.7692083,-127.7898055,84.74021007,293.1619269,       2427P   5690
-126.8569953,0.0,1.391452715,0.0,0.0,0.0,0,0;                       2427P   5691
102,4,2421,2423,2425,2427,0,0;                                      2429P   5692
110,4.682511555,1.391452715,0.0,5.972342175,1.391452715,0.0,0,0;    2431P   5693
110,5.972347044,0.0,0.0,5.972347044,1.391452715,0.0,0,0;            2433P   5694
110,4.682510635,0.0,0.0,5.972347044,0.0,0.0,0,0;                    2435P   5695
110,4.682510635,0.0,0.0,4.682510635,1.391452715,0.0,0,0;            2437P   5696
102,4,2431,2433,2435,2437,0,0;                                      2439P   5697
142,0,2419,2439,2429,1,0,0;                                         2441P   5698
144,2419,1,0,2441,0,0;                                              2443P   5699
128,20,1,5,1,0,0,1,0,0,3.744950215,3.744950215,3.744950215,         2445P   5700
3.744950215,3.744950215,3.744950215,4.080470792,4.080470792,        2445P   5701
4.080470792,5.251636925,5.251636925,5.251636925,5.904369467,        2445P   5702
5.904369467,5.904369467,7.323182952,7.323182952,7.323182952,        2445P   5703
8.068087239,8.068087239,8.068087239,8.817585292,8.817585292,        2445P   5704
8.817585292,8.817585292,8.817585292,8.817585292,0.0,0.0,            2445P   5705
1.164032877,1.164032877,1.0,1.0,1.0,1.0,1.0,1.0,1.0,1.0,1.0,1.0,    2445P   5706
1.0,1.0,1.0,1.0,1.0,1.0,1.0,1.0,1.0,1.0,1.0,1.0,1.0,1.0,1.0,1.0,    2445P   5707
1.0,1.0,1.0,1.0,1.0,1.0,1.0,1.0,1.0,1.0,1.0,1.0,1.0,1.0,1.0,1.0,    2445P   5708
84.64858357,292.7951164,-143.0974076,84.65668816,292.8406497,       2445P   5709
-143.0763905,84.66427541,292.8863349,-143.0570336,84.67130709,      2445P   5710
292.9320944,-143.0392967,84.70028748,293.1376389,-142.966715,       2445P   5711
84.71756029,293.3427399,-142.9248102,84.72374044,293.4990507,       2445P   5712
-142.9087205,84.72476464,293.7433098,-142.9063384,84.71033438,      2445P   5713
293.9895849,-142.9422884,84.70309394,294.0781333,-142.9602287,      2445P   5714
84.67296313,294.3604539,-143.03444,84.62074444,294.6433242,         2445P   5715
-143.1669561,84.57454016,294.8352055,-143.2896635,84.49987132,      2445P   5716
295.1076799,-143.5276376,84.43362965,295.3291505,-143.8407792,      2445P   5717
84.41278659,295.3978388,-143.9571481,84.37653681,295.5172078,       2445P   5718
-144.206447,84.35337066,295.5938458,-144.4810156,84.34552986,       2445P   5719
295.6201039,-144.6234459,84.34160556,295.633233,-144.7683827,       2445P   5720
84.34160556,295.633233,-144.9133195,85.50167527,292.2016179,        2445P   5721
-142.3940455,85.52189487,292.2657733,-142.3466012,85.54158019,      2445P   5722
292.3321858,-142.3013217,85.56057073,292.4008126,-142.2583997,      2445P   5723
85.64197884,292.7186174,-142.0771676,85.7026326,293.077545,         2445P   5724
-141.9518384,85.72972644,293.3756965,-141.8978245,85.73144712,      2445P   5725
293.848847,-141.8933359,85.67938516,294.2983701,-142.0009775,       2445P   5726
85.65447304,294.4538539,-142.0530629,85.55945725,294.9251968,       2445P   5727
-142.2562122,85.42632728,295.3180423,-142.5636191,85.32964333,      2445P   5728
295.5441084,-142.8080746,85.19235281,295.8247152,-143.2114589,      2445P   5729
85.0845539,296.0148926,-143.6492869,85.05194321,296.0699079,        2445P   5730
-143.8029607,84.99677374,296.1602605,-144.1154875,84.96319235,      2445P   5731
296.212436,-144.4332278,84.95203272,296.2295191,-144.5930559,       2445P   5732
84.94644473,296.2380722,-144.7531877,84.94644473,296.2380722,       2445P   5733
-144.9133195,3.744950215,8.817585292,0.0,1.164032877,0,0;           2445P   5734
126,20,5,0,0,1,0,0.0,0.0,0.0,0.0,0.0,0.0,0.7494980523,              2447P   5735
0.7494980523,0.7494980523,1.49440234,1.49440234,1.49440234,         2447P   5736
2.913215825,2.913215825,2.913215825,3.565948367,3.565948367,        2447P   5737
3.565948367,4.7371145,4.7371145,4.7371145,5.072635077,              2447P   5738
5.072635077,5.072635077,5.072635077,5.072635077,5.072635077,1.0,    2447P   5739
1.0,1.0,1.0,1.0,1.0,1.0,1.0,1.0,1.0,1.0,1.0,1.0,1.0,1.0,1.0,1.0,    2447P   5740
1.0,1.0,1.0,1.0,84.34160556,295.633233,-144.9133195,84.34160556,    2447P   5741
295.633233,-144.7683827,84.34552986,295.6201039,-144.6234459,       2447P   5742
84.35337066,295.5938458,-144.4810156,84.37653681,295.5172078,       2447P   5743
-144.206447,84.41278659,295.3978388,-143.9571481,84.43362965,       2447P   5744
295.3291505,-143.8407792,84.49987132,295.1076799,-143.5276376,      2447P   5745
84.57454016,294.8352055,-143.2896635,84.62074444,294.6433242,       2447P   5746
-143.1669561,84.67296313,294.3604539,-143.03444,84.70309394,        2447P   5747
294.0781333,-142.9602287,84.71033438,293.9895849,-142.9422884,      2447P   5748
84.72476464,293.7433098,-142.9063384,84.72374044,293.4990507,       2447P   5749
-142.9087205,84.71756029,293.3427399,-142.9248102,84.70028748,      2447P   5750
293.1376389,-142.966715,84.67130709,292.9320944,-143.0392967,       2447P   5751
84.66427541,292.8863349,-143.0570336,84.65668816,292.8406497,       2447P   5752
-143.0763905,84.64858357,292.7951164,-143.0974076,0.0,              2447P   5753
5.072634033,0.0,0.0,0.0,0,0;                                        2447P   5754
126,1,1,0,0,1,0,0.0,0.0,1.164032877,1.164032877,1.0,1.0,            2449P   5755
84.64858357,292.7951164,-143.0974076,85.50167527,292.2016179,       2449P   5756
-142.3940455,0.0,1.164032877,0.0,0.0,0.0,0,0;                       2449P   5757
126,20,5,0,0,1,0,3.744950215,3.744950215,3.744950215,               2451P   5758
3.744950215,3.744950215,3.744950215,4.080470792,4.080470792,        2451P   5759
4.080470792,5.251636925,5.251636925,5.251636925,5.904369467,        2451P   5760
5.904369467,5.904369467,7.323182952,7.323182952,7.323182952,        2451P   5761
8.068087239,8.068087239,8.068087239,8.817585292,8.817585292,        2451P   5762
8.817585292,8.817585292,8.817585292,8.817585292,1.0,1.0,1.0,1.0,    2451P   5763
1.0,1.0,1.0,1.0,1.0,1.0,1.0,1.0,1.0,1.0,1.0,1.0,1.0,1.0,1.0,1.0,    2451P   5764
1.0,85.50167527,292.2016179,-142.3940455,85.52189487,               2451P   5765
292.2657733,-142.3466012,85.54158019,292.3321858,-142.3013217,      2451P   5766
85.56057073,292.4008126,-142.2583997,85.64197884,292.7186174,       2451P   5767
-142.0771676,85.7026326,293.077545,-141.9518384,85.72972644,        2451P   5768
293.3756965,-141.8978245,85.73144712,293.848847,-141.8933359,       2451P   5769
85.67938516,294.2983701,-142.0009775,85.65447304,294.4538539,       2451P   5770
-142.0530629,85.55945725,294.9251968,-142.2562122,85.42632728,      2451P   5771
295.3180423,-142.5636191,85.32964333,295.5441084,-142.8080746,      2451P   5772
85.19235281,295.8247152,-143.2114589,85.0845539,296.0148926,        2451P   5773
-143.6492869,85.05194321,296.0699079,-143.8029607,84.99677374,      2451P   5774
296.1602605,-144.1154875,84.96319235,296.212436,-144.4332278,       2451P   5775
84.95203272,296.2295191,-144.5930559,84.94644473,296.2380722,       2451P   5776
-144.7531877,84.94644473,296.2380722,-144.9133195,3.744950215,      2451P   5777
8.817585292,0.0,0.0,0.0,0,0;                                        2451P   5778
126,1,1,0,0,1,0,0.0,0.0,1.164032877,1.164032877,1.0,1.0,            2453P   5779
84.94644473,296.2380722,-144.9133195,84.34160556,295.633233,        2453P   5780
-144.9133195,0.0,1.164032877,0.0,0.0,0.0,0,0;                       2453P   5781
102,4,2447,2449,2451,2453,0,0;                                      2455P   5782
110,3.744951259,0.0,0.0,8.817585292,0.0,0.0,0,0;                    2457P   5783
110,3.744950215,0.0,0.0,3.744950215,1.164032877,0.0,0,0;            2459P   5784
110,3.744950215,1.164032877,0.0,8.817585292,1.164032877,0.0,0,0;    2461P   5785
110,8.817585292,0.0,0.0,8.817585292,1.164032877,0.0,0,0;            2463P   5786
102,4,2457,2459,2461,2463,0,0;                                      2465P   5787
142,0,2445,2465,2455,1,0,0;                                         2467P   5788
144,2445,1,0,2467,0,0;                                              2469P   5789
128,20,1,5,1,0,0,1,0,0,3.744950215,3.744950215,3.744950215,         2471P   5790
3.744950215,3.744950215,3.744950215,4.080470792,4.080470792,        2471P   5791
4.080470792,5.251636924,5.251636924,5.251636924,5.904369467,        2471P   5792
5.904369467,5.904369467,7.323182952,7.323182952,7.323182952,        2471P   5793
8.06808724,8.06808724,8.06808724,8.817585292,8.817585292,           2471P   5794
8.817585292,8.817585292,8.817585292,8.817585292,0.0,0.0,            2471P   5795
1.164032877,1.164032877,1.0,1.0,1.0,1.0,1.0,1.0,1.0,1.0,1.0,1.0,    2471P   5796
1.0,1.0,1.0,1.0,1.0,1.0,1.0,1.0,1.0,1.0,1.0,1.0,1.0,1.0,1.0,1.0,    2471P   5797
1.0,1.0,1.0,1.0,1.0,1.0,1.0,1.0,1.0,1.0,1.0,1.0,1.0,1.0,1.0,1.0,    2471P   5798
84.64858357,292.7951163,-163.0974076,84.65668816,292.8406496,       2471P   5799
-163.0763905,84.66427541,292.8863348,-163.0570336,84.67130709,      2471P   5800
292.9320943,-163.0392967,84.70028748,293.1376388,-162.966715,       2471P   5801
84.71756029,293.3427398,-162.9248102,84.72374044,293.4990506,       2471P   5802
-162.9087205,84.72476464,293.7433097,-162.9063384,84.71033438,      2471P   5803
293.9895848,-162.9422884,84.70309394,294.0781332,-162.9602287,      2471P   5804
84.67296313,294.3604538,-163.03444,84.62074444,294.6433241,         2471P   5805
-163.1669561,84.57454016,294.8352054,-163.2896635,84.49987132,      2471P   5806
295.1076798,-163.5276376,84.43362965,295.3291504,-163.8407792,      2471P   5807
84.41278659,295.3978387,-163.9571481,84.37653681,295.5172077,       2471P   5808
-164.206447,84.35337066,295.5938457,-164.4810156,84.34552986,       2471P   5809
295.6201038,-164.6234459,84.34160556,295.6332329,-164.7683827,      2471P   5810
84.34160556,295.6332329,-164.9133195,85.50167527,292.2016178,       2471P   5811
-162.3940455,85.52189487,292.2657732,-162.3466012,85.54158019,      2471P   5812
292.3321857,-162.3013217,85.56057073,292.4008125,-162.2583997,      2471P   5813
85.64197884,292.7186173,-162.0771676,85.7026326,293.0775449,        2471P   5814
-161.9518384,85.72972644,293.3756964,-161.8978245,85.73144712,      2471P   5815
293.8488469,-161.8933359,85.67938516,294.29837,-162.0009775,        2471P   5816
85.65447304,294.4538538,-162.0530629,85.55945725,294.9251967,       2471P   5817
-162.2562122,85.42632728,295.3180422,-162.5636191,85.32964333,      2471P   5818
295.5441083,-162.8080746,85.19235281,295.8247151,-163.2114589,      2471P   5819
85.0845539,296.0148925,-163.6492869,85.05194321,296.0699078,        2471P   5820
-163.8029607,84.99677374,296.1602604,-164.1154875,84.96319235,      2471P   5821
296.2124359,-164.4332278,84.95203272,296.229519,-164.5930559,       2471P   5822
84.94644473,296.2380721,-164.7531877,84.94644473,296.2380721,       2471P   5823
-164.9133195,3.744950215,8.817585292,0.0,1.164032877,0,0;           2471P   5824
126,20,5,0,0,1,0,0.0,0.0,0.0,0.0,0.0,0.0,0.7494980526,              2473P   5825
0.7494980526,0.7494980526,1.49440234,1.49440234,1.49440234,         2473P   5826
2.913215826,2.913215826,2.913215826,3.565948368,3.565948368,        2473P   5827
3.565948368,4.7371145,4.7371145,4.7371145,5.072635077,              2473P   5828
5.072635077,5.072635077,5.072635077,5.072635077,5.072635077,1.0,    2473P   5829
1.0,1.0,1.0,1.0,1.0,1.0,1.0,1.0,1.0,1.0,1.0,1.0,1.0,1.0,1.0,1.0,    2473P   5830
1.0,1.0,1.0,1.0,84.34160556,295.6332329,-164.9133195,               2473P   5831
84.34160556,295.6332329,-164.7683827,84.34552986,295.6201038,       2473P   5832
-164.6234459,84.35337066,295.5938457,-164.4810156,84.37653681,      2473P   5833
295.5172077,-164.206447,84.41278659,295.3978387,-163.9571481,       2473P   5834
84.43362965,295.3291504,-163.8407792,84.49987132,295.1076798,       2473P   5835
-163.5276376,84.57454016,294.8352054,-163.2896635,84.62074444,      2473P   5836
294.6433241,-163.1669561,84.67296313,294.3604538,-163.03444,        2473P   5837
84.70309394,294.0781332,-162.9602287,84.71033438,293.9895848,       2473P   5838
-162.9422884,84.72476464,293.7433097,-162.9063384,84.72374044,      2473P   5839
293.4990506,-162.9087205,84.71756029,293.3427398,-162.9248102,      2473P   5840
84.70028748,293.1376388,-162.966715,84.67130709,292.9320943,        2473P   5841
-163.0392967,84.66427541,292.8863348,-163.0570336,84.65668816,      2473P   5842
292.8406496,-163.0763905,84.64858357,292.7951163,-163.0974076,      2473P   5843
0.0,5.072634032,0.0,0.0,0.0,0,0;                                    2473P   5844
126,1,1,0,0,1,0,5.466606488E-006,5.466606488E-006,1.164032877,      2475P   5845
1.164032877,1.0,1.0,84.64858757,292.7951135,-163.0974043,           2475P   5846
85.50167527,292.2016178,-162.3940455,5.466606488E-006,              2475P   5847
1.164029226,0.0,0.0,0.0,0,0;                                        2475P   5848
126,20,5,0,0,1,0,3.744950215,3.744950215,3.744950215,               2477P   5849
3.744950215,3.744950215,3.744950215,4.080470792,4.080470792,        2477P   5850
4.080470792,5.251636924,5.251636924,5.251636924,5.904369467,        2477P   5851
5.904369467,5.904369467,7.323182952,7.323182952,7.323182952,        2477P   5852
8.06808724,8.06808724,8.06808724,8.817585292,8.817585292,           2477P   5853
8.817585292,8.817585292,8.817585292,8.817585292,1.0,1.0,1.0,1.0,    2477P   5854
1.0,1.0,1.0,1.0,1.0,1.0,1.0,1.0,1.0,1.0,1.0,1.0,1.0,1.0,1.0,1.0,    2477P   5855
1.0,85.50167527,292.2016178,-162.3940455,85.52189487,               2477P   5856
292.2657732,-162.3466012,85.54158019,292.3321857,-162.3013217,      2477P   5857
85.56057073,292.4008125,-162.2583997,85.64197884,292.7186173,       2477P   5858
-162.0771676,85.7026326,293.0775449,-161.9518384,85.72972644,       2477P   5859
293.3756964,-161.8978245,85.73144712,293.8488469,-161.8933359,      2477P   5860
85.67938516,294.29837,-162.0009775,85.65447304,294.4538538,         2477P   5861
-162.0530629,85.55945725,294.9251967,-162.2562122,85.42632728,      2477P   5862
295.3180422,-162.5636191,85.32964333,295.5441083,-162.8080746,      2477P   5863
85.19235281,295.8247151,-163.2114589,85.0845539,296.0148925,        2477P   5864
-163.6492869,85.05194321,296.0699078,-163.8029607,84.99677374,      2477P   5865
296.1602604,-164.1154875,84.96319235,296.2124359,-164.4332278,      2477P   5866
84.95203272,296.229519,-164.5930559,84.94644473,296.2380721,        2477P   5867
-164.7531877,84.94644473,296.2380721,-164.9133195,3.744950215,      2477P   5868
8.817585292,0.0,0.0,0.0,0,0;                                        2477P   5869
126,1,1,0,0,1,0,0.0,0.0,1.164032877,1.164032877,1.0,1.0,            2479P   5870
84.94644473,296.2380721,-164.9133195,84.34160556,295.6332329,       2479P   5871
-164.9133195,0.0,1.164032877,0.0,0.0,0.0,0,0;                       2479P   5872
102,4,2473,2475,2477,2479,0,0;                                      2481P   5873
110,3.74495126,0.0,0.0,8.817585292,0.0,0.0,0,0;                     2483P   5874
110,3.744950215,5.466606488E-006,0.0,3.744950215,1.164029226,       2485P   5875
0.0,0,0;                                                            2485P   5876
110,3.744950215,1.164032877,0.0,8.817585292,1.164032877,0.0,0,0;    2487P   5877
110,8.817585292,0.0,0.0,8.817585292,1.164032877,0.0,0,0;            2489P   5878
102,4,2483,2485,2487,2489,0,0;                                      2491P   5879
142,0,2471,2491,2481,1,0,0;                                         2493P   5880
144,2471,1,0,2493,0,0;                                              2495P   5881
128,11,1,5,1,0,0,1,0,0,0.0,0.0,0.0,0.0,0.0,0.0,1.118261048,         2497P   5882
1.118261048,1.118261048,1.872623591,1.872623591,1.872623591,        2497P   5883
2.631638228,2.631638228,2.631638228,2.631638228,2.631638228,        2497P   5884
2.631638228,0.0,0.0,1.001673576,1.001673576,1.0,1.0,1.0,1.0,1.0,    2497P   5885
1.0,1.0,1.0,1.0,1.0,1.0,1.0,1.0,1.0,1.0,1.0,1.0,1.0,1.0,1.0,1.0,    2497P   5886
1.0,1.0,1.0,77.2702879,294.4713501,-166.7292378,77.2969457,         2497P   5887
294.6211424,-166.6601029,77.32920246,294.7692448,-166.5730125,      2497P   5888
77.36587011,294.913355,-166.4661906,77.42863612,295.1398784,        2497P   5889
-166.253475,77.48524721,295.3291504,-165.9858598,77.50609027,       2497P   5890
295.3978386,-165.8694908,77.54234006,295.5172077,-165.6201919,      2497P   5891
77.56550621,295.5938457,-165.3456233,77.57334701,295.6201038,       2497P   5892
-165.203193,77.5772713,295.6332329,-165.0582562,77.5772713,         2497P   5893
295.6332329,-164.9133195,76.41720514,295.0648484,-167.4325906,      2497P   5894
76.48372463,295.2759016,-167.2765101,76.55600064,295.462463,        2497P   5895
-167.0970535,76.62853028,295.6237892,-166.9005438,76.74219645,      2497P   5896
295.8523642,-166.5515262,76.83432297,296.0148925,-166.177352,       2497P   5897
76.86693365,296.0699078,-166.0236782,76.92210313,296.1602604,       2497P   5898
-165.7111514,76.95568451,296.2124359,-165.3934111,76.96684415,      2497P   5899
296.229519,-165.2335831,76.97243214,296.2380721,-165.0734512,       2497P   5900
76.97243214,296.2380721,-164.9133195,0.0,2.631638228,0.0,           2497P   5901
1.001673576,0,0;                                                    2497P   5902
126,11,5,0,0,1,0,0.0,0.0,0.0,0.0,0.0,0.0,0.7590146371,              2499P   5903
0.7590146371,0.7590146371,1.51337718,1.51337718,1.51337718,         2499P   5904
2.631638228,2.631638228,2.631638228,2.631638228,2.631638228,        2499P   5905
2.631638228,1.0,1.0,1.0,1.0,1.0,1.0,1.0,1.0,1.0,1.0,1.0,1.0,        2499P   5906
77.5772713,295.6332329,-164.9133195,77.5772713,295.6332329,         2499P   5907
-165.0582562,77.57334701,295.6201038,-165.203193,77.56550621,       2499P   5908
295.5938457,-165.3456233,77.54234006,295.5172077,-165.6201919,      2499P   5909
77.50609027,295.3978386,-165.8694908,77.48524721,295.3291504,       2499P   5910
-165.9858598,77.42863612,295.1398784,-166.253475,77.36587011,       2499P   5911
294.913355,-166.4661906,77.32920246,294.7692448,-166.5730125,       2499P   5912
77.2969457,294.6211424,-166.6601029,77.2702879,294.4713501,         2499P   5913
-166.7292378,0.0,2.631638228,0.0,0.0,0.0,0,0;                       2499P   5914
126,1,1,0,0,1,0,0.0,0.0,1.001673576,1.001673576,1.0,1.0,            2501P   5915
77.2702879,294.4713501,-166.7292378,76.41720514,295.0648484,        2501P   5916
-167.4325906,0.0,1.001673576,0.0,0.0,0.0,0,0;                       2501P   5917
126,11,5,0,0,1,0,0.0,0.0,0.0,0.0,0.0,0.0,1.118261048,               2503P   5918
1.118261048,1.118261048,1.872623591,1.872623591,1.872623591,        2503P   5919
2.631638228,2.631638228,2.631638228,2.631638228,2.631638228,        2503P   5920
2.631638228,1.0,1.0,1.0,1.0,1.0,1.0,1.0,1.0,1.0,1.0,1.0,1.0,        2503P   5921
76.41720514,295.0648484,-167.4325906,76.48372463,295.2759016,       2503P   5922
-167.2765101,76.55600064,295.462463,-167.0970535,76.62853028,       2503P   5923
295.6237892,-166.9005438,76.74219645,295.8523642,-166.5515262,      2503P   5924
76.83432297,296.0148925,-166.177352,76.86693365,296.0699078,        2503P   5925
-166.0236782,76.92210313,296.1602604,-165.7111514,76.95568451,      2503P   5926
296.2124359,-165.3934111,76.96684415,296.229519,-165.2335831,       2503P   5927
76.97243214,296.2380721,-165.0734512,76.97243214,296.2380721,       2503P   5928
-164.9133195,0.0,2.631638228,0.0,0.0,0.0,0,0;                       2503P   5929
126,1,1,0,0,1,0,0.0,0.0,1.001673576,1.001673576,1.0,1.0,            2505P   5930
76.97243214,296.2380721,-164.9133195,77.5772713,295.6332329,        2505P   5931
-164.9133195,0.0,1.001673576,0.0,0.0,0.0,0,0;                       2505P   5932
102,4,2499,2501,2503,2505,0,0;                                      2507P   5933
110,0.0,0.0,0.0,2.631638228,0.0,0.0,0,0;                            2509P   5934
110,0.0,0.0,0.0,0.0,1.001673576,0.0,0,0;                            2511P   5935
110,0.0,1.001673576,0.0,2.631638228,1.001673576,0.0,0,0;            2513P   5936
110,2.631638228,0.0,0.0,2.631638228,1.001673576,0.0,0,0;            2515P   5937
102,4,2509,2511,2513,2515,0,0;                                      2517P   5938
142,0,2497,2517,2507,1,0,0;                                         2519P   5939
144,2497,1,0,2519,0,0;                                              2521P   5940
128,11,1,5,1,0,0,1,0,0,3.944956631,3.944956631,3.944956631,         2523P   5941
3.944956631,3.944956631,3.944956631,4.845173759,4.845173759,        2523P   5942
4.845173759,5.762788836,5.762788836,5.762788836,6.704092889,        2523P   5943
6.704092889,6.704092889,6.704092889,6.704092889,6.704092889,0.0,    2523P   5944
0.0,0.9930015394,0.9930015394,1.0,1.0,1.0,1.0,1.0,1.0,1.0,1.0,      2523P   5945
1.0,1.0,1.0,1.0,1.0,1.0,1.0,1.0,1.0,1.0,1.0,1.0,1.0,1.0,1.0,1.0,    2523P   5946
77.11261534,296.440965,-124.9133195,77.11261534,296.440965,         2523P   5947
-125.120609,77.10250565,296.4271139,-125.3278983,77.08228727,       2523P   5948
296.3994191,-125.5331961,77.02201843,296.314704,-125.9396338,       2523P   5949
76.92735396,296.1701948,-126.3222358,76.87204728,296.0815643,       2523P   5950
-126.5073869,76.74888339,295.8694785,-126.8627972,76.61326253,      2523P   5951
295.5906111,-127.1715523,76.54400372,295.4320099,-127.3141949,      2523P   5952
76.47751452,295.2561984,-127.4408376,76.41720514,295.0648486,       2523P   5953
-127.5494528,77.23874054,295.6332331,-124.9133195,77.23874054,      2523P   5954
295.6332331,-125.065981,77.23633997,295.6186672,-125.2186425,       2523P   5955
77.23154616,295.5895417,-125.3695768,77.21722228,295.5017905,       2523P   5956
-125.6671062,77.19669229,295.3590859,-125.941878,77.18552411,       2523P   5957
295.273924,-126.072723,77.16467273,295.0781751,-126.317533,         2523P   5958
77.1529549,294.8449158,-126.5156389,77.15084058,294.719578,         2523P   5959
-126.6024754,77.15321128,294.5906701,-126.6750514,77.15849822,      2523P   5960
294.4606863,-126.7341218,3.944956631,6.704092889,0.0,               2523P   5961
0.9930015394,0,0;                                                   2523P   5962
126,11,5,0,0,1,0,3.944956631,3.944956631,3.944956631,               2525P   5963
3.944956631,3.944956631,3.944956631,4.845173759,4.845173759,        2525P   5964
4.845173759,5.762788836,5.762788836,5.762788836,6.704092889,        2525P   5965
6.704092889,6.704092889,6.704092889,6.704092889,6.704092889,1.0,    2525P   5966
1.0,1.0,1.0,1.0,1.0,1.0,1.0,1.0,1.0,1.0,1.0,77.23874054,            2525P   5967
295.6332331,-124.9133195,77.23874054,295.6332331,-125.065981,       2525P   5968
77.23633997,295.6186672,-125.2186425,77.23154616,295.5895417,       2525P   5969
-125.3695768,77.21722228,295.5017905,-125.6671062,77.19669229,      2525P   5970
295.3590859,-125.941878,77.18552411,295.273924,-126.072723,         2525P   5971
77.16467273,295.0781751,-126.317533,77.1529549,294.8449158,         2525P   5972
-126.5156389,77.15084058,294.719578,-126.6024754,77.15321128,       2525P   5973
294.5906701,-126.6750514,77.15849822,294.4606863,-126.7341218,      2525P   5974
3.944956631,6.704092889,0.0,0.0,0.0,0,0;                            2525P   5975
126,1,1,0,0,1,0,0.0,0.0,0.9930015394,0.9930015394,1.0,1.0,          2527P   5976
77.15849822,294.4606863,-126.7341218,76.41720514,295.0648486,       2527P   5977
-127.5494528,0.0,0.9930015394,0.0,0.0,0.0,0,0;                      2527P   5978
126,11,5,0,0,1,0,0.0,0.0,0.0,0.0,0.0,0.0,0.9413040536,              2529P   5979
0.9413040536,0.9413040536,1.85891913,1.85891913,1.85891913,         2529P   5980
2.759136258,2.759136258,2.759136258,2.759136258,2.759136258,        2529P   5981
2.759136258,1.0,1.0,1.0,1.0,1.0,1.0,1.0,1.0,1.0,1.0,1.0,1.0,        2529P   5982
76.41720514,295.0648486,-127.5494528,76.47751452,295.2561984,       2529P   5983
-127.4408376,76.54400372,295.4320099,-127.3141949,76.61326253,      2529P   5984
295.5906111,-127.1715523,76.74888339,295.8694785,-126.8627972,      2529P   5985
76.87204728,296.0815643,-126.5073869,76.92735396,296.1701948,       2529P   5986
-126.3222358,77.02201843,296.314704,-125.9396338,77.08228727,       2529P   5987
296.3994191,-125.5331961,77.10250565,296.4271139,-125.3278983,      2529P   5988
77.11261534,296.440965,-125.120609,77.11261534,296.440965,          2529P   5989
-124.9133195,0.0,2.759136258,0.0,0.0,0.0,0,0;                       2529P   5990
126,1,1,0,0,1,0,0.0,0.0,0.9930015394,0.9930015394,1.0,1.0,          2531P   5991
77.11261534,296.440965,-124.9133195,77.23874054,295.6332331,        2531P   5992
-124.9133195,0.0,0.9930014361,0.0,0.0,0.0,0,0;                      2531P   5993
102,4,2525,2527,2529,2531,0,0;                                      2533P   5994
110,3.944956631,0.9930015394,0.0,6.704092889,0.9930015394,0.0,0,    2535P   5995
0;                                                                  2535P   5996
110,6.704092889,0.0,0.0,6.704092889,0.9930015394,0.0,0,0;           2537P   5997
110,3.944956631,0.0,0.0,6.704092889,0.0,0.0,0,0;                    2539P   5998
110,3.944956631,0.0,0.0,3.944956631,0.9930014361,0.0,0,0;           2541P   5999
102,4,2535,2537,2539,2541,0,0;                                      2543P   6000
142,0,2523,2543,2533,1,0,0;                                         2545P   6001
144,2523,1,0,2545,0,0;                                              2547P   6002
128,17,1,5,1,0,0,1,0,0,0.0,0.0,0.0,0.0,0.0,0.0,1.021811928,         2549P   6003
1.021811928,1.021811928,1.992755804,1.992755804,1.992755804,        2549P   6004
2.916447622,2.916447622,2.916447622,4.125346977,4.125346977,        2549P   6005
4.125346977,5.072904663,5.072904663,5.072904663,5.072904663,        2549P   6006
5.072904663,5.072904663,0.0,0.0,1.161589439,1.161589439,1.0,1.0,    2549P   6007
1.0,1.0,1.0,1.0,1.0,1.0,1.0,1.0,1.0,1.0,1.0,1.0,1.0,1.0,1.0,1.0,    2549P   6008
1.0,1.0,1.0,1.0,1.0,1.0,1.0,1.0,1.0,1.0,1.0,1.0,1.0,1.0,1.0,1.0,    2549P   6009
1.0,1.0,77.5772713,291.633233,-144.9133194,77.5772713,              2549P   6010
291.633233,-145.110992,77.56997172,291.6576546,-145.3086644,        2549P   6011
77.55538876,291.7064931,-145.4998381,77.51375163,291.842754,        2549P   6012
-145.8499188,77.45345594,292.0434021,-146.1448893,77.42117908,      2549P   6013
292.1529911,-146.2732596,77.35735869,292.3829884,-146.4931787,      2549P   6014
77.29935923,292.6343623,-146.654964,77.27414651,292.7598488,        2549P   6015
-146.7204343,77.22590341,293.0510455,-146.8422732,77.20109273,      2549P   6016
293.3416217,-146.9023138,77.19480681,293.5028451,-146.9187554,      2549P   6017
77.19399539,293.7917216,-146.9205404,77.21490923,294.0835851,       2549P   6018
-146.8685142,77.22864566,294.2129297,-146.8347026,77.2474038,       2549P   6019
294.3427626,-146.788586,77.2702879,294.4713502,-146.7292378,        2549P   6020
76.97243214,291.0283939,-144.9133194,76.97243214,291.0283939,       2549P   6021
-145.1317158,76.96203793,291.0443034,-145.3501121,76.94129828,      2549P   6022
291.0760418,-145.5677228,76.87993473,291.1726055,-145.9893913,      2549P   6023
76.78314595,291.3409275,-146.3953288,76.72872313,291.4409915,       2549P   6024
-146.5873716,76.61297408,291.672535,-146.9463332,76.48978051,       2549P   6025
291.9766796,-147.2633786,76.43038738,292.1427805,-147.4056601,      2549P   6026
76.30277387,292.5670809,-147.6961913,76.21573109,293.074538,        2549P   6027
-147.8759562,76.18773334,293.382861,-147.9316338,76.18764178,       2549P   6028
293.9431024,-147.9331659,76.26213689,294.4678835,-147.7786855,      2549P   6029
76.30724136,294.6844474,-147.6833357,76.36010221,294.8836722,       2549P   6030
-147.5665763,76.41720514,295.0648485,-147.4325906,0.0,              2549P   6031
5.072904663,0.0,1.161589439,0,0;                                    2549P   6032
126,17,5,0,0,1,0,0.0,0.0,0.0,0.0,0.0,0.0,1.021811928,               2551P   6033
1.021811928,1.021811928,1.992755804,1.992755804,1.992755804,        2551P   6034
2.916447622,2.916447622,2.916447622,4.125346977,4.125346977,        2551P   6035
4.125346977,5.072904663,5.072904663,5.072904663,5.072904663,        2551P   6036
5.072904663,5.072904663,1.0,1.0,1.0,1.0,1.0,1.0,1.0,1.0,1.0,1.0,    2551P   6037
1.0,1.0,1.0,1.0,1.0,1.0,1.0,1.0,76.97243214,291.0283939,            2551P   6038
-144.9133194,76.97243214,291.0283939,-145.1317158,76.96203793,      2551P   6039
291.0443034,-145.3501121,76.94129828,291.0760418,-145.5677228,      2551P   6040
76.87993473,291.1726055,-145.9893913,76.78314595,291.3409275,       2551P   6041
-146.3953288,76.72872313,291.4409915,-146.5873716,76.61297408,      2551P   6042
291.672535,-146.9463332,76.48978051,291.9766796,-147.2633786,       2551P   6043
76.43038738,292.1427805,-147.4056601,76.30277387,292.5670809,       2551P   6044
-147.6961913,76.21573109,293.074538,-147.8759562,76.18773334,       2551P   6045
293.382861,-147.9316338,76.18764178,293.9431024,-147.9331659,       2551P   6046
76.26213689,294.4678835,-147.7786855,76.30724136,294.6844474,       2551P   6047
-147.6833357,76.36010221,294.8836722,-147.5665763,76.41720514,      2551P   6048
295.0648485,-147.4325906,0.0,5.072904663,0.0,0.0,0.0,0,0;           2551P   6049
126,1,1,0,0,1,0,0.0,0.0,1.161589439,1.161589439,1.0,1.0,            2553P   6050
76.41720514,295.0648485,-147.4325906,77.2702879,294.4713502,        2553P   6051
-146.7292378,0.0,1.161589439,0.0,0.0,0.0,0,0;                       2553P   6052
126,17,5,0,0,1,0,0.0,0.0,0.0,0.0,0.0,0.0,0.9475576869,              2555P   6053
0.9475576869,0.9475576869,2.156457042,2.156457042,2.156457042,      2555P   6054
3.08014886,3.08014886,3.08014886,4.051092735,4.051092735,           2555P   6055
4.051092735,5.072904663,5.072904663,5.072904663,5.072904663,        2555P   6056
5.072904663,5.072904663,1.0,1.0,1.0,1.0,1.0,1.0,1.0,1.0,1.0,1.0,    2555P   6057
1.0,1.0,1.0,1.0,1.0,1.0,1.0,1.0,77.2702879,294.4713502,             2555P   6058
-146.7292378,77.2474038,294.3427626,-146.788586,77.22864566,        2555P   6059
294.2129297,-146.8347026,77.21490923,294.0835851,-146.8685142,      2555P   6060
77.19399539,293.7917216,-146.9205404,77.19480681,293.5028451,       2555P   6061
-146.9187554,77.20109273,293.3416217,-146.9023138,77.22590341,      2555P   6062
293.0510455,-146.8422732,77.27414651,292.7598488,-146.7204343,      2555P   6063
77.29935923,292.6343623,-146.654964,77.35735869,292.3829884,        2555P   6064
-146.4931787,77.42117908,292.1529911,-146.2732596,77.45345594,      2555P   6065
292.0434021,-146.1448893,77.51375163,291.842754,-145.8499188,       2555P   6066
77.55538876,291.7064931,-145.4998381,77.56997172,291.6576546,       2555P   6067
-145.3086644,77.5772713,291.633233,-145.110992,77.5772713,          2555P   6068
291.633233,-144.9133194,0.0,5.072904663,0.0,0.0,0.0,0,0;            2555P   6069
126,1,1,0,0,1,0,0.0,0.0,1.161589439,1.161589439,1.0,1.0,            2557P   6070
77.5772713,291.633233,-144.9133194,76.97243214,291.0283939,         2557P   6071
-144.9133194,0.0,1.161589439,0.0,0.0,0.0,0,0;                       2557P   6072
102,4,2551,2553,2555,2557,0,0;                                      2559P   6073
110,0.0,1.161589439,0.0,5.072904663,1.161589439,0.0,0,0;            2561P   6074
110,5.072904663,0.0,0.0,5.072904663,1.161589439,0.0,0,0;            2563P   6075
110,0.0,0.0,0.0,5.072904663,0.0,0.0,0,0;                            2565P   6076
110,0.0,0.0,0.0,0.0,1.161589439,0.0,0,0;                            2567P   6077
102,4,2561,2563,2565,2567,0,0;                                      2569P   6078
142,0,2549,2569,2559,1,0,0;                                         2571P   6079
144,2549,1,0,2571,0,0;                                              2573P   6080
128,20,1,5,1,0,0,1,0,0,0.0,0.0,0.0,0.0,0.0,0.0,0.6400259352,        2575P   6081
0.6400259352,0.6400259352,1.840504125,1.840504125,1.840504125,      2575P   6082
2.417514311,2.417514311,2.417514311,3.348912494,3.348912494,        2575P   6083
3.348912494,4.281025765,4.281025765,4.281025765,5.06842206,         2575P   6084
5.06842206,5.06842206,5.06842206,5.06842206,5.06842206,0.0,0.0,     2575P   6085
1.165513817,1.165513817,1.0,1.0,1.0,1.0,1.0,1.0,1.0,1.0,1.0,1.0,    2575P   6086
1.0,1.0,1.0,1.0,1.0,1.0,1.0,1.0,1.0,1.0,1.0,1.0,1.0,1.0,1.0,1.0,    2575P   6087
1.0,1.0,1.0,1.0,1.0,1.0,1.0,1.0,1.0,1.0,1.0,1.0,1.0,1.0,1.0,1.0,    2575P   6088
77.2702879,294.4713502,-143.0974011,77.2548163,294.3844141,         2575P   6089
-143.0572766,77.24123062,294.2969087,-143.0232002,77.22979432,      2575P   6090
294.2093427,-142.9948779,77.20314569,293.9583764,-142.9289457,      2575P   6091
77.19360902,293.7101854,-142.9051371,77.1936831,293.5511135,        2575P   6092
-142.9053345,77.20315264,293.3113644,-142.9289544,77.22860858,      2575P   6093
293.0690431,-142.9919453,77.23862689,292.9901474,-143.0167629,      2575P   6094
77.26938803,292.7839145,-143.0937448,77.31097076,292.5801188,       2575P   6095
-143.2038916,77.34015234,292.4565405,-143.2856101,77.40187264,      2575P   6096
292.2191169,-143.4774206,77.46283789,292.0113771,-143.7260578,      2575P   6097
77.49121781,291.9176322,-143.8644632,77.53621404,291.7694499,       2575P   6098
-144.1442481,77.56425266,291.6768197,-144.4588426,77.57292859,      2575P   6099
291.6477621,-144.6083837,77.5772713,291.633233,-144.7608516,        2575P   6100
77.5772713,291.633233,-144.9133194,76.41720514,295.0648486,         2575P   6101
-142.3940483,76.3785987,294.9423579,-142.3034626,76.34193133,       2575P   6102
294.8116177,-142.2207512,76.3083004,294.6728598,-142.1472161,       2575P   6103
76.22402671,294.2528688,-141.966914,76.18412374,293.7850191,        2575P   6104
-141.8873536,76.18447448,293.4714549,-141.8880433,76.22392245,      2575P   6105
293.0201164,-141.9667619,76.30446468,292.6138375,-142.1390631,      2575P   6106
76.33417461,292.4877886,-142.2038659,76.41872596,292.1750461,       2575P   6107
-142.3933282,76.51566325,291.9077009,-142.6284659,76.57683121,      2575P   6108
291.7606774,-142.7870561,76.69567115,291.5022544,-143.1243977,      2575P   6109
76.79872761,291.3126592,-143.4937463,76.84401232,291.2346164,       2575P   6110
-143.6841087,76.9131752,291.1201351,-144.0424431,76.95390114,       2575P   6111
291.0567598,-144.4083186,76.96624834,291.0378589,-144.5764145,      2575P   6112
76.97243214,291.0283939,-144.744867,76.97243214,291.0283939,        2575P   6113
-144.9133194,0.0,5.06842206,0.0,1.165513817,0,0;                    2575P   6114
126,20,5,0,0,1,0,0.0,0.0,0.0,0.0,0.0,0.0,0.6400259352,              2577P   6115
0.6400259352,0.6400259352,1.840504125,1.840504125,1.840504125,      2577P   6116
2.417514311,2.417514311,2.417514311,3.348912494,3.348912494,        2577P   6117
3.348912494,4.281025765,4.281025765,4.281025765,5.06842206,         2577P   6118
5.06842206,5.06842206,5.06842206,5.06842206,5.06842206,1.0,1.0,     2577P   6119
1.0,1.0,1.0,1.0,1.0,1.0,1.0,1.0,1.0,1.0,1.0,1.0,1.0,1.0,1.0,1.0,    2577P   6120
1.0,1.0,1.0,76.41720514,295.0648486,-142.3940483,76.3785987,        2577P   6121
294.9423579,-142.3034626,76.34193133,294.8116177,-142.2207512,      2577P   6122
76.3083004,294.6728598,-142.1472161,76.22402671,294.2528688,        2577P   6123
-141.966914,76.18412374,293.7850191,-141.8873536,76.18447448,       2577P   6124
293.4714549,-141.8880433,76.22392245,293.0201164,-141.9667619,      2577P   6125
76.30446468,292.6138375,-142.1390631,76.33417461,292.4877886,       2577P   6126
-142.2038659,76.41872596,292.1750461,-142.3933282,76.51566325,      2577P   6127
291.9077009,-142.6284659,76.57683121,291.7606774,-142.7870561,      2577P   6128
76.69567115,291.5022544,-143.1243977,76.79872761,291.3126592,       2577P   6129
-143.4937463,76.84401232,291.2346164,-143.6841087,76.9131752,       2577P   6130
291.1201351,-144.0424431,76.95390114,291.0567598,-144.4083186,      2577P   6131
76.96624834,291.0378589,-144.5764145,76.97243214,291.0283939,       2577P   6132
-144.744867,76.97243214,291.0283939,-144.9133194,0.0,5.06842206,    2577P   6133
0.0,0.0,0.0,0,0;                                                    2577P   6134
126,1,1,0,0,1,0,0.0,0.0,1.165513817,1.165513817,1.0,1.0,            2579P   6135
76.97243214,291.0283939,-144.9133194,77.5772713,291.633233,         2579P   6136
-144.9133194,0.0,1.165513817,0.0,0.0,0.0,0,0;                       2579P   6137
126,20,5,0,0,1,0,0.0,0.0,0.0,0.0,0.0,0.0,0.7873962947,              2581P   6138
0.7873962947,0.7873962947,1.719509565,1.719509565,1.719509565,      2581P   6139
2.650907748,2.650907748,2.650907748,3.227917935,3.227917935,        2581P   6140
3.227917935,4.428396124,4.428396124,4.428396124,5.06842206,         2581P   6141
5.06842206,5.06842206,5.06842206,5.06842206,5.06842206,1.0,1.0,     2581P   6142
1.0,1.0,1.0,1.0,1.0,1.0,1.0,1.0,1.0,1.0,1.0,1.0,1.0,1.0,1.0,1.0,    2581P   6143
1.0,1.0,1.0,77.5772713,291.633233,-144.9133194,77.5772713,          2581P   6144
291.633233,-144.7608516,77.57292859,291.6477621,-144.6083837,       2581P   6145
77.56425266,291.6768197,-144.4588426,77.53621404,291.7694499,       2581P   6146
-144.1442481,77.49121781,291.9176322,-143.8644632,77.46283789,      2581P   6147
292.0113771,-143.7260578,77.40187264,292.2191169,-143.4774206,      2581P   6148
77.34015234,292.4565405,-143.2856101,77.31097076,292.5801188,       2581P   6149
-143.2038916,77.26938803,292.7839145,-143.0937448,77.23862689,      2581P   6150
292.9901474,-143.0167629,77.22860858,293.0690431,-142.9919453,      2581P   6151
77.20315264,293.3113644,-142.9289544,77.1936831,293.5511135,        2581P   6152
-142.9053345,77.19360902,293.7101854,-142.9051371,77.20314569,      2581P   6153
293.9583764,-142.9289457,77.22979432,294.2093427,-142.9948779,      2581P   6154
77.24123062,294.2969087,-143.0232002,77.2548163,294.3844141,        2581P   6155
-143.0572766,77.2702879,294.4713502,-143.0974011,0.0,5.06842206,    2581P   6156
0.0,0.0,0.0,0,0;                                                    2581P   6157
126,1,1,0,0,1,0,0.0,0.0,1.165513817,1.165513817,1.0,1.0,            2583P   6158
77.2702879,294.4713502,-143.0974011,76.41720514,295.0648486,        2583P   6159
-142.3940483,0.0,1.165513817,0.0,0.0,0.0,0,0;                       2583P   6160
102,4,2577,2579,2581,2583,0,0;                                      2585P   6161
110,0.0,1.165513817,0.0,5.06842206,1.165513817,0.0,0,0;             2587P   6162
110,5.06842206,0.0,0.0,5.06842206,1.165513817,0.0,0,0;              2589P   6163
110,0.0,0.0,0.0,5.06842206,0.0,0.0,0,0;                             2591P   6164
110,0.0,0.0,0.0,0.0,1.165513817,0.0,0,0;                            2593P   6165
102,4,2587,2589,2591,2593,0,0;                                      2595P   6166
142,0,2575,2595,2585,1,0,0;                                         2597P   6167
144,2575,1,0,2597,0,0;                                              2599P   6168
110,80.95943843,293.6332331,-137.4133195,80.95943843,               2601P   6169
293.6332331,-138.4133195,0,0;                                       2601P   6170
110,76.41720514,295.0648488,-99.91331837,76.41720514,               2603P   6171
295.0648484,-173.9133195,0,0;                                       2603P   6172
120,2601,2603,0.0,6.283185307,0,0;                                  2605P   6173
126,3,3,0,0,1,0,0.0,0.0,0.0,0.0,0.8966828835,0.8966828835,          2607P   6174
0.8966828835,0.8966828835,1.0,1.0,1.0,1.0,85.50167172,              2607P   6175
292.2016176,-127.5494675,85.5571905,292.3777677,-127.6494929,       2607P   6176
85.6060066,292.5691955,-127.7305791,85.64290533,292.7692053,        2607P   6177
-127.7898085,0.0,0.8966828835,0.0,0.0,0.0,0,0;                      2607P   6178
126,4,4,0,0,1,0,0.0,0.0,0.0,0.0,0.0,2.365631394,2.365631394,        2609P   6179
2.365631394,2.365631394,2.365631394,1.0,1.0,1.0,1.0,1.0,            2609P   6180
85.6429059,292.7692084,-127.7898055,85.71516403,293.1608854,        2609P   6181
-127.9061095,85.74850984,293.5864398,-127.9509301,85.7236931,       2609P   6182
294.0141334,-127.9184803,85.65800394,294.4109788,-127.8139611,      2609P   6183
0.0,2.365631394,0.0,0.0,0.0,0,0;                                    2609P   6184
126,4,4,0,0,1,0,0.0,0.0,0.0,0.0,0.0,3.696290298,3.696290298,        2611P   6185
3.696290298,3.696290298,3.696290298,1.0,1.0,1.0,1.0,1.0,            2611P   6186
85.65799786,294.4110156,-127.8140127,85.55401308,295.0391844,       2611P   6187
-127.6487909,85.34089135,295.5938778,-127.2988528,85.11800997,      2611P   6188
295.9706543,-126.7979001,84.96943156,296.2025446,-126.2176298,      2611P   6189
0.0,3.696290298,0.0,0.0,0.0,0,0;                                    2611P   6190
126,3,3,0,0,1,0,0.0,0.0,0.0,0.0,1.905830801,1.905830801,            2613P   6191
1.905830801,1.905830801,1.0,1.0,1.0,1.0,84.96945756,296.202504,     2613P   6192
-126.2175895,84.86610606,296.3638111,-125.8114482,84.80626028,      2613P   6193
296.4409667,-125.3624653,84.8062605,296.4409664,-124.9133195,       2613P   6194
0.0,1.905830801,0.0,0.0,0.0,0,0;                                    2613P   6195
126,5,5,0,0,1,0,1.921907703E-005,1.921907703E-005,                  2615P   6196
1.921907703E-005,1.921907703E-005,1.921907703E-005,                 2615P   6197
1.921907703E-005,4.313062821,4.313062821,4.313062821,               2615P   6198
4.313062821,4.313062821,4.313062821,1.0,1.0,1.0,1.0,1.0,1.0,        2615P   6199
84.80623105,296.4410068,-124.9132908,84.80644573,296.4407126,       2615P   6200
-124.3044447,84.89218818,296.3218857,-123.7035432,85.0670711,       2615P   6201
296.0880356,-123.1564058,85.27579934,295.7107234,-122.7009784,      2615P   6202
85.44803349,295.2250625,-122.3760229,0.0,4.313062821,0.0,0.0,       2615P   6203
0.0,0,0;                                                            2615P   6204
126,3,3,0,0,1,0,0.0,0.0,0.0,0.0,1.187801819,1.187801819,            2617P   6205
1.187801819,1.187801819,1.0,1.0,1.0,1.0,85.44803458,295.2250594,    2617P   6206
-122.3760208,85.52655793,295.003641,-122.2278703,85.59585717,       2617P   6207
294.7547937,-122.112207,85.64437715,294.4892445,-122.0344273,       2617P   6208
0.0,1.187801819,0.0,0.0,0.0,0,0;                                    2617P   6209
126,4,4,0,0,1,0,0.0,0.0,0.0,0.0,0.0,2.479807616,2.479807616,        2619P   6210
2.479807616,2.479807616,2.479807616,1.0,1.0,1.0,1.0,1.0,            2619P   6211
85.64438174,294.4892194,-122.0344362,85.7195613,294.0777502,        2619P   6212
-121.9135944,85.75171793,293.6290233,-121.8714251,85.71876834,      2619P   6213
293.1804228,-121.9147279,85.64290595,292.7692087,-122.0368332,      2619P   6214
0.0,2.479807616,0.0,0.0,0.0,0,0;                                    2619P   6215
126,3,3,0,0,1,0,0.0,0.0,0.0,0.0,0.8966657922,0.8966657922,          2621P   6216
0.8966657922,0.8966657922,1.0,1.0,1.0,1.0,85.6428985,               2621P   6217
292.7691683,-122.0367723,85.60599265,292.5691288,-122.0961185,      2621P   6218
85.5571706,292.377705,-122.1771417,85.50167264,292.2016205,         2621P   6219
-122.2771893,0.0,0.8966657922,0.0,0.0,0.0,0,0;                      2621P   6220
110,85.50167172,292.2016176,-122.277185,85.50167172,292.2016177,    2623P   6221
-99.91331892,0,0;                                                   2623P   6222
126,5,5,0,0,1,0,0.0,0.0,0.0,0.0,0.0,0.0,8.93502045,8.93502045,      2625P   6223
8.93502045,8.93502045,8.93502045,8.93502045,1.0,1.0,1.0,1.0,1.0,    2625P   6224
1.0,85.50167172,292.2016177,-99.91331836,86.03884816,               2625P   6225
293.9059725,-99.9133185,85.78208981,295.8653956,-99.91331864,       2625P   6226
84.53805988,297.5618441,-99.91331877,82.74644252,298.3957333,       2625P   6227
-99.91331891,80.95943843,298.3957333,-99.91331904,0.0,              2625P   6228
8.93502045,0.0,0.0,0.0,0,0;                                         2625P   6229
126,5,5,0,0,1,0,0.0,0.0,0.0,0.0,0.0,0.0,6.026814563,6.026814563,    2627P   6230
6.026814563,6.026814563,6.026814563,6.026814563,1.0,1.0,1.0,1.0,    2627P   6231
1.0,1.0,80.95943843,298.3957333,-99.91331904,79.75407552,           2627P   6232
298.3957333,-99.91331913,78.54839287,298.0149092,-99.91331921,      2627P   6233
77.50518036,297.2499066,-99.91331929,76.77953926,296.2144634,       2627P   6234
-99.91331938,76.41720514,295.0648488,-99.91331946,0.0,              2627P   6235
6.026814563,0.0,0.0,0.0,0,0;                                        2627P   6236
110,76.41720514,295.0648488,-99.91331946,76.41720514,               2629P   6237
295.0648487,-122.2771861,0,0;                                       2629P   6238
126,5,5,0,0,1,0,0.0,0.0,0.0,0.0,0.0,0.0,4.547188093,4.547188093,    2631P   6239
4.547188093,4.547188093,4.547188093,4.547188093,1.0,1.0,1.0,1.0,    2631P   6240
1.0,1.0,76.41720514,295.0648487,-122.2771861,76.59037628,           2631P   6241
295.6142865,-122.5890616,76.81909909,296.0459415,-123.0560469,      2631P   6242
77.01833903,296.3097196,-123.6358972,77.11261439,296.4409637,       2631P   6243
-124.2745961,77.11261544,296.4409651,-124.9133192,0.0,              2631P   6244
4.547188093,0.0,0.0,0.0,0,0;                                        2631P   6245
126,5,5,0,0,1,0,0.0,0.0,0.0,0.0,0.0,0.0,4.548057981,4.548057981,    2633P   6246
4.548057981,4.548057981,4.548057981,4.548057981,1.0,1.0,1.0,1.0,    2633P   6247
1.0,1.0,77.11261534,296.440965,-124.9133195,77.11261534,            2633P   6248
296.440965,-125.5521134,77.01832969,296.3097136,-126.1906711,       2633P   6249
76.81911468,296.0459398,-126.7705685,76.59039753,295.6143539,       2633P   6250
-127.237539,76.41720514,295.0648486,-127.5494528,0.0,               2633P   6251
4.548057981,0.0,0.0,0.0,0,0;                                        2633P   6252
110,76.41720514,295.0648486,-127.5494528,76.41720514,               2635P   6253
295.0648486,-142.3940483,0,0;                                       2635P   6254
126,4,4,0,0,1,0,0.0,0.0,0.0,0.0,0.0,4.172470932,4.172470932,        2637P   6255
4.172470932,4.172470932,4.172470932,1.0,1.0,1.0,1.0,1.0,            2637P   6256
76.41720514,295.0648486,-142.3940483,76.60513991,295.6611285,       2637P   6257
-142.8350162,76.85286266,296.0628574,-143.4847204,76.97243214,      2637P   6258
296.2380722,-144.1988645,76.97243214,296.2380722,-144.9133195,      2637P   6259
0.0,4.172470932,0.0,0.0,0.0,0,0;                                    2637P   6260
126,4,4,0,0,1,0,0.0,0.0,0.0,0.0,0.0,4.172290894,4.172290894,        2639P   6261
4.172290894,4.172290894,4.172290894,1.0,1.0,1.0,1.0,1.0,            2639P   6262
76.97243276,296.2380731,-144.9133201,76.97244146,296.2380865,       2639P   6263
-145.6277274,76.85285773,296.062861,-146.3419686,76.60513335,       2639P   6264
295.6611076,-146.9916381,76.41720514,295.0648485,-147.4325906,      2639P   6265
0.0,4.172290894,0.0,0.0,0.0,0,0;                                    2639P   6266
110,76.41720514,295.0648485,-147.4325906,76.41720514,               2641P   6267
295.0648485,-162.3940483,0,0;                                       2641P   6268
126,4,4,0,0,1,0,0.0,0.0,0.0,0.0,0.0,4.170619722,4.170619722,        2643P   6269
4.170619722,4.170619722,4.170619722,1.0,1.0,1.0,1.0,1.0,            2643P   6270
76.41720514,295.0648485,-162.3940483,76.60510593,295.6610205,       2643P   6271
-162.8349365,76.85284571,296.0628568,-163.484489,76.97242171,       2643P   6272
296.2380561,-164.199005,76.97243337,296.238074,-164.9133204,0.0,    2643P   6273
4.170619722,0.0,0.0,0.0,0,0;                                        2643P   6274
126,4,4,0,0,1,0,0.0,0.0,0.0,0.0,0.0,4.174123634,4.174123634,        2645P   6275
4.174123634,4.174123634,4.174123634,1.0,1.0,1.0,1.0,1.0,            2645P   6276
76.97243214,296.2380721,-164.9133195,76.97243214,296.2380721,       2645P   6277
-165.6279141,76.85258598,296.062329,-166.3430939,76.60518153,       2645P   6278
295.6612604,-166.9915251,76.41720514,295.0648484,-167.4325906,      2645P   6279
0.0,4.174123634,0.0,0.0,0.0,0,0;                                    2645P   6280
110,76.41720514,295.0648484,-167.4325906,76.41720514,               2647P   6281
295.0648484,-173.9133195,0,0;                                       2647P   6282
126,14,5,0,0,1,0,-7.480917506,-7.480917506,-7.480917506,            2649P   6283
-7.480917506,-7.480917506,-7.480917506,-3.740458753,                2649P   6284
-3.740458753,-3.740458753,0.0,0.0,0.0,3.740458753,3.740458753,      2649P   6285
3.740458753,7.480917506,7.480917506,7.480917506,7.480917506,        2649P   6286
7.480917506,7.480917506,1.0,1.0,1.0,1.0,1.0,1.0,1.0,1.0,1.0,1.0,    2649P   6287
1.0,1.0,1.0,1.0,1.0,76.41720514,295.0648484,-173.9133195,           2649P   6288
76.64208278,295.7783407,-173.9133195,77.00705432,296.4476785,       2649P   6289
-173.9133195,77.50068328,297.036093,-173.9133195,78.6920602,        2649P   6290
297.9876653,-173.9133195,80.15479437,298.418104,-173.9133195,       2649P   6291
80.91991466,298.4851276,-173.9133195,82.43520857,298.3155601,       2649P   6292
-173.9133195,83.773884,297.585617,-173.9133195,84.36229853,         2649P   6293
297.091988,-173.9133195,85.31387081,295.9006111,-173.9133195,       2649P   6294
85.74430959,294.4378769,-173.9133195,85.81133311,293.6727567,       2649P   6295
-173.9133195,85.72654936,292.9151097,-173.9133194,85.50167172,      2649P   6296
292.2016174,-173.9133194,-7.480917506,7.480917506,0.0,0.0,0.0,0,    2649P   6297
0;                                                                  2649P   6298
110,85.50167172,292.2016174,-173.9133194,85.50167181,               2651P   6299
292.2016174,-167.4325907,0,0;                                       2651P   6300
126,14,5,0,0,1,0,0.0,0.0,0.0,0.0,0.0,0.0,2.3054148,2.3054148,       2653P   6301
2.3054148,3.794150102,3.794150102,3.794150102,6.071796714,          2653P   6302
6.071796714,6.071796714,8.590495096,8.590495096,8.590495096,        2653P   6303
8.590495096,8.590495096,8.590495096,1.0,1.0,1.0,1.0,1.0,1.0,1.0,    2653P   6304
1.0,1.0,1.0,1.0,1.0,1.0,1.0,1.0,85.50167172,292.2016174,            2653P   6305
-167.4325906,85.58265972,292.4585763,-167.6226199,85.65433248,      2653P   6306
292.7493584,-167.7761624,85.70716516,293.0723192,-167.8830205,      2653P   6307
85.742434,293.6308543,-167.9552964,85.69794406,294.178497,          2653P   6308
-167.864206,85.66865052,294.3862987,-167.8038689,85.57104617,       2653P   6309
294.8846537,-167.597066,85.43115793,295.3015611,-167.2732852,       2653P   6310
85.34026563,295.5188437,-167.0448292,85.15716521,295.9001655,       2653P   6311
-166.517033,85.01991977,296.1259797,-165.9115683,84.97087884,       2653P   6312
296.2006738,-165.583137,84.94638899,296.2381574,-165.248297,        2653P   6313
84.94641369,296.2381196,-164.913331,0.0,8.590495096,0.0,0.0,0.0,    2653P   6314
0,0;                                                                2653P   6315
126,14,5,0,0,1,0,0.0,0.0,0.0,0.0,0.0,0.0,1.63569443,1.63569443,     2655P   6316
1.63569443,5.097936618,5.097936618,5.097936618,6.574627968,         2655P   6317
6.574627968,6.574627968,8.594943906,8.594943906,8.594943906,        2655P   6318
8.594943906,8.594943906,8.594943906,1.0,1.0,1.0,1.0,1.0,1.0,1.0,    2655P   6319
1.0,1.0,1.0,1.0,1.0,1.0,1.0,1.0,84.94644473,296.2380721,            2655P   6320
-164.9133195,84.94644473,296.2380721,-164.6958736,84.95674866,      2655P   6321
296.2223007,-164.4784277,84.97732165,296.1908286,-164.2624837,      2655P   6322
85.073559,296.0392538,-163.5978138,85.25429165,295.7166656,         2655P   6323
-162.9851747,85.40146365,295.4160036,-162.6120044,85.59448459,      2655P   6324
294.860349,-162.1768802,85.69740796,294.1794755,-161.9632449,       2655P   6325
85.71759036,293.9674229,-161.9222317,85.7358674,293.4558044,        2655P   6326
-161.8848017,85.68648684,292.9523328,-161.985906,85.63637789,       2655P   6327
292.6776292,-162.0892019,85.57260306,292.4266688,-162.2276154,      2655P   6328
85.50167215,292.2016188,-162.3940455,0.0,8.594943906,0.0,0.0,       2655P   6329
0.0,0,0;                                                            2655P   6330
110,85.50167225,292.2016175,-162.394048,85.50167603,292.201618,     2657P   6331
-147.4325942,0,0;                                                   2657P   6332
126,14,5,0,0,1,0,0.0,0.0,0.0,0.0,0.0,0.0,1.818349769,               2659P   6333
1.818349769,1.818349769,4.885157562,4.885157562,4.885157562,        2659P   6334
6.693231432,6.693231432,6.693231432,8.59150188,8.59150188,          2659P   6335
8.59150188,8.59150188,8.59150188,8.59150188,1.0,1.0,1.0,1.0,1.0,    2659P   6336
1.0,1.0,1.0,1.0,1.0,1.0,1.0,1.0,1.0,1.0,85.50167226,292.2016192,    2659P   6337
-147.4325942,85.56554928,292.4042886,-147.5824737,85.62362491,      2659P   6338
292.6279782,-147.7096356,85.67124353,292.8714045,-147.8091305,      2659P   6339
85.75529329,293.5645718,-147.9821599,85.709647,294.2935262,         2659P   6340
-147.8874218,85.62161368,294.7159027,-147.7121254,85.44412983,      2659P   6341
295.2843896,-147.3220989,85.25719726,295.6944571,-146.8017818,      2659P   6342
85.19077348,295.8245688,-146.594641,85.06917577,296.0453278,        2659P   6343
-146.1479779,84.98806053,296.1744316,-145.6681588,84.96030979,      2659P   6344
296.2168501,-145.4182827,84.94643907,296.2380809,-145.1658268,      2659P   6345
84.94644385,296.2380735,-144.9133212,0.0,8.59150188,0.0,0.0,0.0,    2659P   6346
0,0;                                                                2659P   6347
126,14,5,0,0,1,0,0.0,0.0,0.0,0.0,0.0,0.0,1.635694409,               2661P   6348
1.635694409,1.635694409,5.097936615,5.097936615,5.097936615,        2661P   6349
6.574627965,6.574627965,6.574627965,8.594943859,8.594943859,        2661P   6350
8.594943859,8.594943859,8.594943859,8.594943859,1.0,1.0,1.0,1.0,    2661P   6351
1.0,1.0,1.0,1.0,1.0,1.0,1.0,1.0,1.0,1.0,1.0,84.94644473,            2661P   6352
296.2380722,-144.9133195,84.94644473,296.2380722,-144.6958736,      2661P   6353
84.95674866,296.2223008,-144.4784277,84.97732165,296.1908287,       2661P   6354
-144.2624837,85.073559,296.0392539,-143.5978138,85.25429165,        2661P   6355
295.7166657,-142.9851747,85.40146365,295.4160037,-142.6120044,      2661P   6356
85.59448459,294.8603491,-142.1768802,85.69740796,294.1794756,       2661P   6357
-141.9632449,85.71759036,293.967423,-141.9222317,85.7358674,        2661P   6358
293.4558045,-141.8848017,85.68648685,292.9523329,-141.985906,       2661P   6359
85.63637788,292.6776293,-142.0892019,85.57260306,292.4266689,       2661P   6360
-142.2276154,85.50167215,292.2016189,-142.3940455,0.0,              2661P   6361
8.594943859,0.0,0.0,0.0,0,0;                                        2661P   6362
110,85.50167527,292.2016179,-142.3940455,85.50167172,               2663P   6363
292.2016176,-127.5494531,0,0;                                       2663P   6364
102,29,2607,2609,2611,2613,2615,2617,2619,2621,2623,2625,2627,      2665P   6365
2629,2631,2633,2635,2637,2639,2641,2643,2645,2647,2649,2651,        2665P   6366
2653,2655,2657,2659,2661,2663,0,0;                                  2665P   6367
142,0,2605,0,2665,2,0,0;                                            2667P   6368
110,79.45943843,298.1533442,-169.9133194,79.45943843,               2669P   6369
298.1533445,-119.9133194,0,0;                                       2669P   6370
126,11,5,0,0,1,0,0.0,0.0,0.0,0.0,0.0,0.0,1.270333812,               2671P   6371
1.270333812,1.270333812,3.829076329,3.829076329,3.829076329,        2671P   6372
6.806246184,6.806246184,6.806246184,6.806246184,6.806246184,        2671P   6373
6.806246184,1.0,1.0,1.0,1.0,1.0,1.0,1.0,1.0,1.0,1.0,1.0,1.0,        2671P   6374
79.45943843,298.1533445,-119.9133194,79.45943843,298.1533445,       2671P   6375
-119.7363018,79.48555106,298.1620099,-119.5592853,79.53738391,      2671P   6376
298.1792466,-119.3881972,79.76582529,298.2496248,-118.9049108,      2671P   6377
80.18672559,298.3473662,-118.5537741,80.5333628,298.3990686,        2671P   6378
-118.4060319,81.33666032,298.4188979,-118.3338375,82.03535074,      2671P   6379
298.2947486,-118.7444788,82.31601433,298.2009398,-119.0836041,      2671P   6380
82.45943843,298.1533445,-119.4984589,82.45943843,298.1533445,       2671P   6381
-119.9133194,0.0,6.806246184,0.0,0.0,0.0,0,0;                       2671P   6382
110,82.45943843,298.1533445,-119.9133194,82.45943843,               2673P   6383
298.1533442,-169.9133194,0,0;                                       2673P   6384
126,11,5,0,0,1,0,0.0,0.0,0.0,0.0,0.0,0.0,1.270333818,               2675P   6385
1.270333818,1.270333818,3.829076358,3.829076358,3.829076358,        2675P   6386
6.806246187,6.806246187,6.806246187,6.806246187,6.806246187,        2675P   6387
6.806246187,1.0,1.0,1.0,1.0,1.0,1.0,1.0,1.0,1.0,1.0,1.0,1.0,        2675P   6388
82.45943843,298.1533442,-169.9133194,82.45943843,298.1533442,       2675P   6389
-170.0903369,82.4333258,298.1620097,-170.2673534,82.38149295,       2675P   6390
298.1792463,-170.4384415,82.15305157,298.2496245,-170.9217279,      2675P   6391
81.73215127,298.3473659,-171.2728647,81.38551407,298.3990684,       2675P   6392
-171.4206068,80.58221655,298.4188977,-171.4928012,79.88352613,      2675P   6393
298.2947483,-171.08216,79.60286254,298.2009395,-170.7430347,        2675P   6394
79.45943843,298.1533442,-170.3281799,79.45943843,298.1533442,       2675P   6395
-169.9133194,0.0,6.806246187,0.0,0.0,0.0,0,0;                       2675P   6396
102,4,2669,2671,2673,2675,0,0;                                      2677P   6397
142,0,2605,0,2677,2,0,0;                                            2679P   6398
144,2605,1,1,2667,2679,0,0;                                         2681P   6399
110,44.99985536,90.00006762,-8.872690261E-008,44.99985536,          2683P   6400
90.00006762,0.9999999113,0,0;                                       2683P   6401
124,0.3091053557,-1.971717463E-009,0.9510278014,31.09015923,        2685P   6402
-0.9510278014,1.432394541E-009,0.3091053557,132.7961806,            2685P   6403
-1.971715459E-009,-1.0,-1.4323973E-009,0.0,0,0;                     2685P   6404
100,0.0,0.0,0.0,4.7625,0.0,-4.7625,0.0,0,0;                         2687P   6405
120,2683,2687,0.0,1.25654551,0,0;                                   2689P   6406
124,-1.0,-1.358858523E-006,-1.971717501E-009,44.99985536,           2691P   6407
-1.358858523E-006,1.0,1.432394657E-009,90.00006762,                 2691P   6408
2.205088413E-009,1.432397336E-009,-1.0,-8.872690202E-008,0,0;       2691P   6409
100,0.0,0.0,0.0,40.23735483,0.0,12.43751068,38.26686623,0,0;        2693P   6410
124,0.3091093853,-1.362248533E-009,0.9510278014,31.09015923,        2695P   6411
-0.9510264917,-4.427651286E-010,0.3091053557,132.7961806,0.0,       2695P   6412
-1.0,-1.4323973E-009,0.0,0,0;                                       2695P   6413
100,0.0,0.0,0.0,4.7625,0.0,-4.7625,0.0,0,0;                         2697P   6414
124,-0.3091053576,-0.9510278008,1.971717501E-009,44.99985536,       2699P   6415
0.9510278008,-0.3091053576,-1.432394657E-009,90.00006762,           2699P   6416
1.783012611E-009,1.432397296E-009,1.0,-8.872690377E-008,0,0;        2699P   6417
100,0.0,0.0,0.0,49.76235483,0.0,15.38174617,47.32540378,0,0;        2701P   6418
124,-1.0,-1.971717256E-009,1.358859205E-006,5.344415399E-007,       2703P   6419
-1.358852082E-006,1.432394657E-009,-1.0,90.00000647,                2703P   6420
1.97171531E-009,-1.0,-1.432397336E-009,0.0,0,0;                     2703P   6421
100,0.0,0.0,0.0,4.7625,0.0,-4.7625,-9.390305916E-009,0,0;           2705P   6422
102,4,2693,2697,2701,2705,0,0;                                      2707P   6423
142,0,2689,0,2707,2,0,0;                                            2709P   6424
144,2689,1,0,2709,0,0;                                              2711P   6425
110,44.99985536,90.00006762,-8.872690261E-008,44.99985536,          2713P   6426
90.00006762,0.9999999113,0,0;                                       2713P   6427
124,-0.3091053557,1.971717501E-009,0.9510278014,31.09015923,        2715P   6428
0.9510278014,-1.432394657E-009,0.3091053557,132.7961806,            2715P   6429
1.971715581E-009,1.0,-1.4323973E-009,0.0,0,0;                       2715P   6430
100,0.0,0.0,0.0,4.7625,0.0,-4.7625,0.0,0,0;                         2717P   6431
120,2713,2717,0.0,1.25654551,0,0;                                   2719P   6432
124,-1.0,-1.358858523E-006,-1.971717501E-009,44.99985536,           2721P   6433
-1.358858523E-006,1.0,1.432394657E-009,90.00006762,                 2721P   6434
1.971715531E-009,1.432397336E-009,-1.0,-8.872690261E-008,0,0;       2721P   6435
100,0.0,0.0,0.0,49.76235483,0.0,15.38174617,47.32540378,0,0;        2723P   6436
124,-0.3091053757,1.362249005E-009,0.9510278014,31.09015923,        2725P   6437
0.9510277949,4.42763678E-010,0.3091053557,132.7961806,0.0,1.0,      2725P   6438
-1.4323973E-009,0.0,0,0;                                            2725P   6439
100,0.0,0.0,0.0,4.7625,0.0,-4.7625,0.0,0,0;                         2727P   6440
124,-0.3091048787,-0.9510279565,1.971717501E-009,44.99985536,       2729P   6441
0.9510279565,-0.3091048787,-1.432394657E-009,90.00006762,           2729P   6442
2.205087861E-009,1.432398289E-009,1.0,-8.872690202E-008,0,0;        2729P   6443
100,0.0,0.0,0.0,40.23735483,0.0,12.43751068,38.26686623,0,0;        2731P   6444
124,1.0,0.0,1.358858523E-006,5.344415399E-007,1.358858524E-006,     2733P   6445
-1.432397336E-009,-1.0,90.00000647,0.0,1.0,-1.432397336E-009,       2733P   6446
0.0,0,0;                                                            2733P   6447
100,0.0,0.0,0.0,4.7625,0.0,-4.7625,9.390305916E-009,0,0;            2735P   6448
102,4,2723,2727,2731,2735,0,0;                                      2737P   6449
142,0,2719,0,2737,2,0,0;                                            2739P   6450
144,2719,1,0,2739,0,0;                                              2741P   6451
S      1G      5D   2742P   6451                                        T      1
