START RECORD GO HERE.                                                   S      1
1H,,1H;,23H1360.000.003.000.FLECHA,27H1360.000.003.000.FLECHA.igs,62HDASG      1
SAULT SYSTEMES CATIA Version 5-6 Release 2018 - www.3ds.com,35HV5-6R2018G      2
_5.28.6.0.03-10-2020.20.00,32,75,6,75,15,23H1360.000.003.000.FLECHA,1.0,G      3
2,2HMM,1000,1.0,15H20241108.095741,0.001,10000.0,2HPc,15HDESKTOP-CAESKE4G      4
,11,0,15H20241108.095741,;                                              G      5
     108       1       0       0       0       0       0       001010001D      1
     108       0       5       1       0                               0D      2
     124       2       0       0       0       0       0       001020001D      3
     124       0       0       1       0                               0D      4
     100       3       0       0       0       0       3       001010001D      5
     100       0       0       1       0                               0D      6
     124       4       0       0       0       0       0       001020001D      7
     124       0       0       1       0                               0D      8
     100       5       0       0       0       0       7       001010001D      9
     100       0       0       1       0                               0D     10
     102       6       0       0       0       0       0       001010001D     11
     102       0       0       1       0                               0D     12
     142       7       0       0       0       0       0       001010001D     13
     142       0       0       1       0                               0D     14
     144       8       0       0   10000       0       0       000000000D     15
     144       0       5       1       0                PartBody       0D     16
     110       9       0       0       0       0       0       001010001D     17
     110       0       0       1       0                               0D     18
     110      10       0       0       0       0       0       001010001D     19
     110       0       0       1       0                               0D     20
     120      11       0       0       0       0       0       001010001D     21
     120       0       5       1       0                               0D     22
     110      12       0       0       0       0       0       001010001D     23
     110       0       0       1       0                               0D     24
     124      13       0       0       0       0       0       001020001D     25
     124       0       0       1       0                               0D     26
     100      14       0       0       0       0      25       001010001D     27
     100       0       0       1       0                               0D     28
     110      15       0       0       0       0       0       001010001D     29
     110       0       0       1       0                               0D     30
     124      16       0       0       0       0       0       001020001D     31
     124       0       0       1       0                               0D     32
     100      17       0       0       0       0      31       001010001D     33
     100       0       0       1       0                               0D     34
     102      18       0       0       0       0       0       001010001D     35
     102       0       0       1       0                               0D     36
     142      19       0       0       0       0       0       001010001D     37
     142       0       0       1       0                               0D     38
     144      20       0       0   10000       0       0       000000000D     39
     144       0       5       1       0                PartBody       0D     40
     110      21       0       0       0       0       0       001010001D     41
     110       0       0       1       0                               0D     42
     110      22       0       0       0       0       0       001010001D     43
     110       0       0       1       0                               0D     44
     120      23       0       0       0       0       0       001010001D     45
     120       0       5       1       0                               0D     46
     110      24       0       0       0       0       0       001010001D     47
     110       0       0       1       0                               0D     48
     124      25       0       0       0       0       0       001020001D     49
     124       0       0       1       0                               0D     50
     100      26       0       0       0       0      49       001010001D     51
     100       0       0       1       0                               0D     52
     110      27       0       0       0       0       0       001010001D     53
     110       0       0       1       0                               0D     54
     124      28       0       0       0       0       0       001020001D     55
     124       0       0       1       0                               0D     56
     100      29       0       0       0       0      55       001010001D     57
     100       0       0       1       0                               0D     58
     102      30       0       0       0       0       0       001010001D     59
     102       0       0       1       0                               0D     60
     142      31       0       0       0       0       0       001010001D     61
     142       0       0       1       0                               0D     62
     144      32       0       0   10000       0       0       000000000D     63
     144       0       5       1       0                PartBody       0D     64
     314      33       0       0       0       0       0       000000201D     65
     314       0       0       1       0                               0D     66
     108      34       0       0       0       0       0       001010001D     67
     108       0     -65       1       0                               0D     68
     124      35       0       0       0       0       0       001020001D     69
     124       0       0       2       0                               0D     70
     100      37       0       0       0       0      69       001010001D     71
     100       0       0       1       0                               0D     72
     124      38       0       0       0       0       0       001020001D     73
     124       0       0       2       0                               0D     74
     100      40       0       0       0       0      73       001010001D     75
     100       0       0       1       0                               0D     76
     124      41       0       0       0       0       0       001020001D     77
     124       0       0       2       0                               0D     78
     100      43       0       0       0       0      77       001010001D     79
     100       0       0       1       0                               0D     80
     102      44       0       0       0       0       0       001010001D     81
     102       0       0       1       0                               0D     82
     142      45       0       0       0       0       0       001010001D     83
     142       0       0       1       0                               0D     84
     124      46       0       0       0       0       0       001020001D     85
     124       0       0       1       0                               0D     86
     100      47       0       0       0       0      85       001010001D     87
     100       0       0       1       0                               0D     88
     124      48       0       0       0       0       0       001020001D     89
     124       0       0       1       0                               0D     90
     100      49       0       0       0       0      89       001010001D     91
     100       0       0       1       0                               0D     92
     102      50       0       0       0       0       0       001010001D     93
     102       0       0       1       0                               0D     94
     142      51       0       0       0       0       0       001010001D     95
     142       0       0       1       0                               0D     96
     144      52       0       0   10000       0       0       000000000D     97
     144       0     -65       1       0                PartBody       0D     98
     314      53       0       0       0       0       0       000000201D     99
     314       0       0       1       0                               0D    100
     110      54       0       0       0       0       0       001010001D    101
     110       0       0       1       0                               0D    102
     110      55       0       0       0       0       0       001010001D    103
     110       0       0       2       0                               0D    104
     120      57       0       0       0       0       0       001010001D    105
     120       0     -99       1       0                               0D    106
     124      58       0       0       0       0       0       001020001D    107
     124       0       0       2       0                               0D    108
     100      60       0       0       0       0     107       001010001D    109
     100       0       0       1       0                               0D    110
     110      61       0       0       0       0       0       001010001D    111
     110       0       0       2       0                               0D    112
     124      63       0       0       0       0       0       001020001D    113
     124       0       0       2       0                               0D    114
     100      65       0       0       0       0     113       001010001D    115
     100       0       0       1       0                               0D    116
     124      66       0       0       0       0       0       001020001D    117
     124       0       0       2       0                               0D    118
     100      68       0       0       0       0     117       001010001D    119
     100       0       0       1       0                               0D    120
     110      69       0       0       0       0       0       001010001D    121
     110       0       0       2       0                               0D    122
     124      71       0       0       0       0       0       001020001D    123
     124       0       0       2       0                               0D    124
     100      73       0       0       0       0     123       001010001D    125
     100       0       0       1       0                               0D    126
     102      74       0       0       0       0       0       001010001D    127
     102       0       0       1       0                               0D    128
     142      75       0       0       0       0       0       001010001D    129
     142       0       0       1       0                               0D    130
     144      76       0       0   10000       0       0       000000000D    131
     144       0     -99       1       0                PartBody       0D    132
     110      77       0       0       0       0       0       001010001D    133
     110       0       0       1       0                               0D    134
     110      78       0       0       0       0       0       001010001D    135
     110       0       0       2       0                               0D    136
     120      80       0       0       0       0       0       001010001D    137
     120       0     -99       1       0                               0D    138
     124      81       0       0       0       0       0       001020001D    139
     124       0       0       2       0                               0D    140
     100      83       0       0       0       0     139       001010001D    141
     100       0       0       1       0                               0D    142
     110      84       0       0       0       0       0       001010001D    143
     110       0       0       2       0                               0D    144
     124      86       0       0       0       0       0       001020001D    145
     124       0       0       2       0                               0D    146
     100      88       0       0       0       0     145       001010001D    147
     100       0       0       1       0                               0D    148
     110      89       0       0       0       0       0       001010001D    149
     110       0       0       2       0                               0D    150
     102      91       0       0       0       0       0       001010001D    151
     102       0       0       1       0                               0D    152
     142      92       0       0       0       0       0       001010001D    153
     142       0       0       1       0                               0D    154
     144      93       0       0   10000       0       0       000000000D    155
     144       0     -99       1       0                PartBody       0D    156
     314      94       0       0       0       0       0       000000201D    157
     314       0       0       1       0                               0D    158
     110      95       0       0       0       0       0       001010001D    159
     110       0       0       1       0                               0D    160
     110      96       0       0       0       0       0       001010001D    161
     110       0       0       2       0                               0D    162
     120      98       0       0       0       0       0       001010001D    163
     120       0    -157       1       0                               0D    164
     124      99       0       0       0       0       0       001020001D    165
     124       0       0       2       0                               0D    166
     100     101       0       0       0       0     165       001010001D    167
     100       0       0       1       0                               0D    168
     124     102       0       0       0       0       0       001020001D    169
     124       0       0       2       0                               0D    170
     100     104       0       0       0       0     169       001010001D    171
     100       0       0       1       0                               0D    172
     110     105       0       0       0       0       0       001010001D    173
     110       0       0       2       0                               0D    174
     124     107       0       0       0       0       0       001020001D    175
     124       0       0       2       0                               0D    176
     100     109       0       0       0       0     175       001010001D    177
     100       0       0       1       0                               0D    178
     110     110       0       0       0       0       0       001010001D    179
     110       0       0       2       0                               0D    180
     102     112       0       0       0       0       0       001010001D    181
     102       0       0       1       0                               0D    182
     142     113       0       0       0       0       0       001010001D    183
     142       0       0       1       0                               0D    184
     144     114       0       0   10000       0       0       000000000D    185
     144       0    -157       1       0                PartBody       0D    186
     110     115       0       0       0       0       0       001010001D    187
     110       0       0       1       0                               0D    188
     110     116       0       0       0       0       0       001010001D    189
     110       0       0       2       0                               0D    190
     120     118       0       0       0       0       0       001010001D    191
     120       0    -157       1       0                               0D    192
     124     119       0       0       0       0       0       001020001D    193
     124       0       0       2       0                               0D    194
     100     121       0       0       0       0     193       001010001D    195
     100       0       0       1       0                               0D    196
     110     122       0       0       0       0       0       001010001D    197
     110       0       0       2       0                               0D    198
     124     124       0       0       0       0       0       001020001D    199
     124       0       0       2       0                               0D    200
     100     126       0       0       0       0     199       001010001D    201
     100       0       0       1       0                               0D    202
     110     127       0       0       0       0       0       001010001D    203
     110       0       0       2       0                               0D    204
     102     129       0       0       0       0       0       001010001D    205
     102       0       0       1       0                               0D    206
     142     130       0       0       0       0       0       001010001D    207
     142       0       0       1       0                               0D    208
     144     131       0       0   10000       0       0       000000000D    209
     144       0    -157       1       0                PartBody       0D    210
     110     132       0       0       0       0       0       001010001D    211
     110       0       0       1       0                               0D    212
     110     133       0       0       0       0       0       001010001D    213
     110       0       0       1       0                               0D    214
     120     134       0       0       0       0       0       001010001D    215
     120       0     -65       1       0                               0D    216
     110     135       0       0       0       0       0       001010001D    217
     110       0       0       1       0                               0D    218
     124     136       0       0       0       0       0       001020001D    219
     124       0       0       2       0                               0D    220
     100     138       0       0       0       0     219       001010001D    221
     100       0       0       1       0                               0D    222
     110     139       0       0       0       0       0       001010001D    223
     110       0       0       1       0                               0D    224
     124     140       0       0       0       0       0       001020001D    225
     124       0       0       2       0                               0D    226
     100     142       0       0       0       0     225       001010001D    227
     100       0       0       1       0                               0D    228
     102     143       0       0       0       0       0       001010001D    229
     102       0       0       1       0                               0D    230
     142     144       0       0       0       0       0       001010001D    231
     142       0       0       1       0                               0D    232
     144     145       0       0   10000       0       0       000000000D    233
     144       0     -65       1       0                PartBody       0D    234
     110     146       0       0       0       0       0       001010001D    235
     110       0       0       1       0                               0D    236
     110     147       0       0       0       0       0       001010001D    237
     110       0       0       1       0                               0D    238
     120     148       0       0       0       0       0       001010001D    239
     120       0     -65       1       0                               0D    240
     110     149       0       0       0       0       0       001010001D    241
     110       0       0       2       0                               0D    242
     124     151       0       0       0       0       0       001020001D    243
     124       0       0       2       0                               0D    244
     100     153       0       0       0       0     243       001010001D    245
     100       0       0       1       0                               0D    246
     110     154       0       0       0       0       0       001010001D    247
     110       0       0       1       0                               0D    248
     124     155       0       0       0       0       0       001020001D    249
     124       0       0       2       0                               0D    250
     100     157       0       0       0       0     249       001010001D    251
     100       0       0       1       0                               0D    252
     102     158       0       0       0       0       0       001010001D    253
     102       0       0       1       0                               0D    254
     142     159       0       0       0       0       0       001010001D    255
     142       0       0       1       0                               0D    256
     144     160       0       0   10000       0       0       000000000D    257
     144       0     -65       1       0                PartBody       0D    258
     110     161       0       0       0       0       0       001010001D    259
     110       0       0       1       0                               0D    260
     110     162       0       0       0       0       0       001010001D    261
     110       0       0       2       0                               0D    262
     120     164       0       0       0       0       0       001010001D    263
     120       0     -65       1       0                               0D    264
     110     165       0       0       0       0       0       001010001D    265
     110       0       0       2       0                               0D    266
     124     167       0       0       0       0       0       001020001D    267
     124       0       0       2       0                               0D    268
     100     169       0       0       0       0     267       001010001D    269
     100       0       0       1       0                               0D    270
     110     170       0       0       0       0       0       001010001D    271
     110       0       0       2       0                               0D    272
     124     172       0       0       0       0       0       001020001D    273
     124       0       0       2       0                               0D    274
     100     174       0       0       0       0     273       001010001D    275
     100       0       0       1       0                               0D    276
     102     175       0       0       0       0       0       001010001D    277
     102       0       0       1       0                               0D    278
     142     176       0       0       0       0       0       001010001D    279
     142       0       0       1       0                               0D    280
     144     177       0       0   10000       0       0       000000000D    281
     144       0     -65       1       0                PartBody       0D    282
     108     178       0       0       0       0       0       001010001D    283
     108       0     -65       2       0                               0D    284
     110     180       0       0       0       0       0       001010001D    285
     110       0       0       2       0                               0D    286
     110     182       0       0       0       0       0       001010001D    287
     110       0       0       2       0                               0D    288
     110     184       0       0       0       0       0       001010001D    289
     110       0       0       2       0                               0D    290
     110     186       0       0       0       0       0       001010001D    291
     110       0       0       2       0                               0D    292
     102     188       0       0       0       0       0       001010001D    293
     102       0       0       1       0                               0D    294
     142     189       0       0       0       0       0       001010001D    295
     142       0       0       1       0                               0D    296
     144     190       0       0   10000       0       0       000000000D    297
     144       0     -65       1       0                PartBody       0D    298
     108     191       0       0       0       0       0       001010001D    299
     108       0     -99       1       0                               0D    300
     110     192       0       0       0       0       0       001010001D    301
     110       0       0       1       0                               0D    302
     110     193       0       0       0       0       0       001010001D    303
     110       0       0       1       0                               0D    304
     110     194       0       0       0       0       0       001010001D    305
     110       0       0       1       0                               0D    306
     110     195       0       0       0       0       0       001010001D    307
     110       0       0       2       0                               0D    308
     110     197       0       0       0       0       0       001010001D    309
     110       0       0       1       0                               0D    310
     110     198       0       0       0       0       0       001010001D    311
     110       0       0       1       0                               0D    312
     102     199       0       0       0       0       0       001010001D    313
     102       0       0       1       0                               0D    314
     142     200       0       0       0       0       0       001010001D    315
     142       0       0       1       0                               0D    316
     144     201       0       0   10000       0       0       000000000D    317
     144       0     -99       1       0                PartBody       0D    318
     108     202       0       0       0       0       0       001010001D    319
     108       0     -65       2       0                               0D    320
     110     204       0       0       0       0       0       001010001D    321
     110       0       0       1       0                               0D    322
     110     205       0       0       0       0       0       001010001D    323
     110       0       0       1       0                               0D    324
     110     206       0       0       0       0       0       001010001D    325
     110       0       0       1       0                               0D    326
     110     207       0       0       0       0       0       001010001D    327
     110       0       0       1       0                               0D    328
     102     208       0       0       0       0       0       001010001D    329
     102       0       0       1       0                               0D    330
     142     209       0       0       0       0       0       001010001D    331
     142       0       0       1       0                               0D    332
     144     210       0       0   10000       0       0       000000000D    333
     144       0     -65       1       0                PartBody       0D    334
     108     211       0       0       0       0       0       001010001D    335
     108       0     -65       1       0                               0D    336
     110     212       0       0       0       0       0       001010001D    337
     110       0       0       2       0                               0D    338
     124     214       0       0       0       0       0       001020001D    339
     124       0       0       3       0                               0D    340
     100     217       0       0       0       0     339       001010001D    341
     100       0       0       1       0                               0D    342
     124     218       0       0       0       0       0       001020001D    343
     124       0       0       2       0                               0D    344
     100     220       0       0       0       0     343       001010001D    345
     100       0       0       1       0                               0D    346
     124     221       0       0       0       0       0       001020001D    347
     124       0       0       3       0                               0D    348
     100     224       0       0       0       0     347       001010001D    349
     100       0       0       1       0                               0D    350
     110     225       0       0       0       0       0       001010001D    351
     110       0       0       1       0                               0D    352
     110     226       0       0       0       0       0       001010001D    353
     110       0       0       1       0                               0D    354
     110     227       0       0       0       0       0       001010001D    355
     110       0       0       1       0                               0D    356
     124     228       0       0       0       0       0       001020001D    357
     124       0       0       3       0                               0D    358
     100     231       0       0       0       0     357       001010001D    359
     100       0       0       1       0                               0D    360
     124     232       0       0       0       0       0       001020001D    361
     124       0       0       3       0                               0D    362
     100     235       0       0       0       0     361       001010001D    363
     100       0       0       1       0                               0D    364
     124     236       0       0       0       0       0       001020001D    365
     124       0       0       2       0                               0D    366
     100     238       0       0       0       0     365       001010001D    367
     100       0       0       1       0                               0D    368
     124     239       0       0       0       0       0       001020001D    369
     124       0       0       2       0                               0D    370
     100     241       0       0       0       0     369       001010001D    371
     100       0       0       1       0                               0D    372
     124     242       0       0       0       0       0       001020001D    373
     124       0       0       3       0                               0D    374
     100     245       0       0       0       0     373       001010001D    375
     100       0       0       1       0                               0D    376
     124     246       0       0       0       0       0       001020001D    377
     124       0       0       2       0                               0D    378
     100     248       0       0       0       0     377       001010001D    379
     100       0       0       1       0                               0D    380
     124     249       0       0       0       0       0       001020001D    381
     124       0       0       2       0                               0D    382
     100     251       0       0       0       0     381       001010001D    383
     100       0       0       1       0                               0D    384
     124     252       0       0       0       0       0       001020001D    385
     124       0       0       3       0                               0D    386
     100     255       0       0       0       0     385       001010001D    387
     100       0       0       1       0                               0D    388
     124     256       0       0       0       0       0       001020001D    389
     124       0       0       3       0                               0D    390
     100     259       0       0       0       0     389       001010001D    391
     100       0       0       1       0                               0D    392
     124     260       0       0       0       0       0       001020001D    393
     124       0       0       2       0                               0D    394
     100     262       0       0       0       0     393       001010001D    395
     100       0       0       1       0                               0D    396
     124     263       0       0       0       0       0       001020001D    397
     124       0       0       2       0                               0D    398
     100     265       0       0       0       0     397       001010001D    399
     100       0       0       1       0                               0D    400
     124     266       0       0       0       0       0       001020001D    401
     124       0       0       3       0                               0D    402
     100     269       0       0       0       0     401       001010001D    403
     100       0       0       1       0                               0D    404
     124     270       0       0       0       0       0       001020001D    405
     124       0       0       2       0                               0D    406
     100     272       0       0       0       0     405       001010001D    407
     100       0       0       1       0                               0D    408
     124     273       0       0       0       0       0       001020001D    409
     124       0       0       2       0                               0D    410
     100     275       0       0       0       0     409       001010001D    411
     100       0       0       1       0                               0D    412
     124     276       0       0       0       0       0       001020001D    413
     124       0       0       3       0                               0D    414
     100     279       0       0       0       0     413       001010001D    415
     100       0       0       1       0                               0D    416
     110     280       0       0       0       0       0       001010001D    417
     110       0       0       1       0                               0D    418
     110     281       0       0       0       0       0       001010001D    419
     110       0       0       1       0                               0D    420
     102     282       0       0       0       0       0       001010001D    421
     102       0       0       2       0                               0D    422
     142     284       0       0       0       0       0       001010001D    423
     142       0       0       1       0                               0D    424
     144     285       0       0   10000       0       0       000000000D    425
     144       0     -65       1       0                PartBody       0D    426
     108     286       0       0       0       0       0       001010001D    427
     108       0     -65       2       0                               0D    428
     110     288       0       0       0       0       0       001010001D    429
     110       0       0       1       0                               0D    430
     110     289       0       0       0       0       0       001010001D    431
     110       0       0       1       0                               0D    432
     110     290       0       0       0       0       0       001010001D    433
     110       0       0       2       0                               0D    434
     110     292       0       0       0       0       0       001010001D    435
     110       0       0       2       0                               0D    436
     102     294       0       0       0       0       0       001010001D    437
     102       0       0       1       0                               0D    438
     142     295       0       0       0       0       0       001010001D    439
     142       0       0       1       0                               0D    440
     144     296       0       0   10000       0       0       000000000D    441
     144       0     -65       1       0                PartBody       0D    442
     108     297       0       0       0       0       0       001010001D    443
     108       0     -65       2       0                               0D    444
     110     299       0       0       0       0       0       001010001D    445
     110       0       0       1       0                               0D    446
     110     300       0       0       0       0       0       001010001D    447
     110       0       0       2       0                               0D    448
     126     302       0       0       0       0       0       001010001D    449
     126       0       0       7       0                               0D    450
     110     309       0       0       0       0       0       001010001D    451
     110       0       0       1       0                               0D    452
     110     310       0       0       0       0       0       001010001D    453
     110       0       0       1       0                               0D    454
     102     311       0       0       0       0       0       001010001D    455
     102       0       0       1       0                               0D    456
     142     312       0       0       0       0       0       001010001D    457
     142       0       0       1       0                               0D    458
     144     313       0       0   10000       0       0       000000000D    459
     144       0     -65       1       0                PartBody       0D    460
     110     314       0       0       0       0       0       001010001D    461
     110       0       0       1       0                               0D    462
     110     315       0       0       0       0       0       001010001D    463
     110       0       0       2       0                               0D    464
     120     317       0       0       0       0       0       001010001D    465
     120       0     -65       1       0                               0D    466
     126     318       0       0       0       0       0       001010001D    467
     126       0       0       5       0                               0D    468
     110     323       0       0       0       0       0       001010001D    469
     110       0       0       2       0                               0D    470
     124     325       0       0       0       0       0       001020001D    471
     124       0       0       2       0                               0D    472
     100     327       0       0       0       0     471       001010001D    473
     100       0       0       1       0                               0D    474
     110     328       0       0       0       0       0       001010001D    475
     110       0       0       2       0                               0D    476
     124     330       0       0       0       0       0       001020001D    477
     124       0       0       2       0                               0D    478
     100     332       0       0       0       0     477       001010001D    479
     100       0       0       1       0                               0D    480
     110     333       0       0       0       0       0       001010001D    481
     110       0       0       2       0                               0D    482
     124     335       0       0       0       0       0       001020001D    483
     124       0       0       2       0                               0D    484
     100     337       0       0       0       0     483       001010001D    485
     100       0       0       1       0                               0D    486
     110     338       0       0       0       0       0       001010001D    487
     110       0       0       2       0                               0D    488
     124     340       0       0       0       0       0       001020001D    489
     124       0       0       2       0                               0D    490
     100     342       0       0       0       0     489       001010001D    491
     100       0       0       1       0                               0D    492
     110     343       0       0       0       0       0       001010001D    493
     110       0       0       2       0                               0D    494
     124     345       0       0       0       0       0       001020001D    495
     124       0       0       2       0                               0D    496
     100     347       0       0       0       0     495       001010001D    497
     100       0       0       1       0                               0D    498
     110     348       0       0       0       0       0       001010001D    499
     110       0       0       2       0                               0D    500
     124     350       0       0       0       0       0       001020001D    501
     124       0       0       2       0                               0D    502
     100     352       0       0       0       0     501       001010001D    503
     100       0       0       1       0                               0D    504
     102     353       0       0       0       0       0       001010001D    505
     102       0       0       1       0                               0D    506
     142     354       0       0       0       0       0       001010001D    507
     142       0       0       1       0                               0D    508
     144     355       0       0   10000       0       0       000000000D    509
     144       0     -65       1       0                PartBody       0D    510
     110     356       0       0       0       0       0       001010001D    511
     110       0       0       1       0                               0D    512
     110     357       0       0       0       0       0       001010001D    513
     110       0       0       2       0                               0D    514
     120     359       0       0       0       0       0       001010001D    515
     120       0     -65       1       0                               0D    516
     110     360       0       0       0       0       0       001010001D    517
     110       0       0       2       0                               0D    518
     124     362       0       0       0       0       0       001020001D    519
     124       0       0       2       0                               0D    520
     100     364       0       0       0       0     519       001010001D    521
     100       0       0       1       0                               0D    522
     110     365       0       0       0       0       0       001010001D    523
     110       0       0       2       0                               0D    524
     124     367       0       0       0       0       0       001020001D    525
     124       0       0       2       0                               0D    526
     100     369       0       0       0       0     525       001010001D    527
     100       0       0       1       0                               0D    528
     110     370       0       0       0       0       0       001010001D    529
     110       0       0       1       0                               0D    530
     124     371       0       0       0       0       0       001020001D    531
     124       0       0       2       0                               0D    532
     100     373       0       0       0       0     531       001010001D    533
     100       0       0       1       0                               0D    534
     110     374       0       0       0       0       0       001010001D    535
     110       0       0       1       0                               0D    536
     124     375       0       0       0       0       0       001020001D    537
     124       0       0       2       0                               0D    538
     100     377       0       0       0       0     537       001010001D    539
     100       0       0       1       0                               0D    540
     110     378       0       0       0       0       0       001010001D    541
     110       0       0       2       0                               0D    542
     124     380       0       0       0       0       0       001020001D    543
     124       0       0       2       0                               0D    544
     100     382       0       0       0       0     543       001010001D    545
     100       0       0       1       0                               0D    546
     110     383       0       0       0       0       0       001010001D    547
     110       0       0       2       0                               0D    548
     124     385       0       0       0       0       0       001020001D    549
     124       0       0       2       0                               0D    550
     100     387       0       0       0       0     549       001010001D    551
     100       0       0       1       0                               0D    552
     102     388       0       0       0       0       0       001010001D    553
     102       0       0       1       0                               0D    554
     142     389       0       0       0       0       0       001010001D    555
     142       0       0       1       0                               0D    556
     144     390       0       0   10000       0       0       000000000D    557
     144       0     -65       1       0                PartBody       0D    558
     110     391       0       0       0       0       0       001010001D    559
     110       0       0       1       0                               0D    560
     110     392       0       0       0       0       0       001010001D    561
     110       0       0       2       0                               0D    562
     120     394       0       0       0       0       0       001010001D    563
     120       0     -65       1       0                               0D    564
     126     395       0       0       0       0       0       001010001D    565
     126       0       0       4       0                               0D    566
     124     399       0       0       0       0       0       001020001D    567
     124       0       0       2       0                               0D    568
     100     401       0       0       0       0     567       001010001D    569
     100       0       0       1       0                               0D    570
     110     402       0       0       0       0       0       001010001D    571
     110       0       0       2       0                               0D    572
     124     404       0       0       0       0       0       001020001D    573
     124       0       0       2       0                               0D    574
     100     406       0       0       0       0     573       001010001D    575
     100       0       0       1       0                               0D    576
     110     407       0       0       0       0       0       001010001D    577
     110       0       0       2       0                               0D    578
     102     409       0       0       0       0       0       001010001D    579
     102       0       0       1       0                               0D    580
     142     410       0       0       0       0       0       001010001D    581
     142       0       0       1       0                               0D    582
     144     411       0       0   10000       0       0       000000000D    583
     144       0     -65       1       0                PartBody       0D    584
     108     412       0       0       0       0       0       001010001D    585
     108       0     -65       2       0                               0D    586
     110     414       0       0       0       0       0       001010001D    587
     110       0       0       2       0                               0D    588
     110     416       0       0       0       0       0       001010001D    589
     110       0       0       2       0                               0D    590
     110     418       0       0       0       0       0       001010001D    591
     110       0       0       1       0                               0D    592
     110     419       0       0       0       0       0       001010001D    593
     110       0       0       1       0                               0D    594
     102     420       0       0       0       0       0       001010001D    595
     102       0       0       1       0                               0D    596
     142     421       0       0       0       0       0       001010001D    597
     142       0       0       1       0                               0D    598
     144     422       0       0   10000       0       0       000000000D    599
     144       0     -65       1       0                PartBody       0D    600
     108     423       0       0       0       0       0       001010001D    601
     108       0     -65       1       0                               0D    602
     110     424       0       0       0       0       0       001010001D    603
     110       0       0       1       0                               0D    604
     110     425       0       0       0       0       0       001010001D    605
     110       0       0       1       0                               0D    606
     110     426       0       0       0       0       0       001010001D    607
     110       0       0       1       0                               0D    608
     124     427       0       0       0       0       0       001020001D    609
     124       0       0       3       0                               0D    610
     100     430       0       0       0       0     609       001010001D    611
     100       0       0       1       0                               0D    612
     124     431       0       0       0       0       0       001020001D    613
     124       0       0       2       0                               0D    614
     100     433       0       0       0       0     613       001010001D    615
     100       0       0       1       0                               0D    616
     124     434       0       0       0       0       0       001020001D    617
     124       0       0       3       0                               0D    618
     100     437       0       0       0       0     617       001010001D    619
     100       0       0       1       0                               0D    620
     102     438       0       0       0       0       0       001010001D    621
     102       0       0       1       0                               0D    622
     142     439       0       0       0       0       0       001010001D    623
     142       0       0       1       0                               0D    624
     124     440       0       0       0       0       0       001020001D    625
     124       0       0       2       0                               0D    626
     100     442       0       0       0       0     625       001010001D    627
     100       0       0       1       0                               0D    628
     124     443       0       0       0       0       0       001020001D    629
     124       0       0       2       0                               0D    630
     100     445       0       0       0       0     629       001010001D    631
     100       0       0       1       0                               0D    632
     102     446       0       0       0       0       0       001010001D    633
     102       0       0       1       0                               0D    634
     142     447       0       0       0       0       0       001010001D    635
     142       0       0       1       0                               0D    636
     124     448       0       0       0       0       0       001020001D    637
     124       0       0       2       0                               0D    638
     100     450       0       0       0       0     637       001010001D    639
     100       0       0       1       0                               0D    640
     124     451       0       0       0       0       0       001020001D    641
     124       0       0       2       0                               0D    642
     100     453       0       0       0       0     641       001010001D    643
     100       0       0       1       0                               0D    644
     102     454       0       0       0       0       0       001010001D    645
     102       0       0       1       0                               0D    646
     142     455       0       0       0       0       0       001010001D    647
     142       0       0       1       0                               0D    648
     124     456       0       0       0       0       0       001020001D    649
     124       0       0       2       0                               0D    650
     100     458       0       0       0       0     649       001010001D    651
     100       0       0       1       0                               0D    652
     124     459       0       0       0       0       0       001020001D    653
     124       0       0       2       0                               0D    654
     100     461       0       0       0       0     653       001010001D    655
     100       0       0       1       0                               0D    656
     102     462       0       0       0       0       0       001010001D    657
     102       0       0       1       0                               0D    658
     142     463       0       0       0       0       0       001010001D    659
     142       0       0       1       0                               0D    660
     124     464       0       0       0       0       0       001020001D    661
     124       0       0       2       0                               0D    662
     100     466       0       0       0       0     661       001010001D    663
     100       0       0       1       0                               0D    664
     124     467       0       0       0       0       0       001020001D    665
     124       0       0       2       0                               0D    666
     100     469       0       0       0       0     665       001010001D    667
     100       0       0       1       0                               0D    668
     102     470       0       0       0       0       0       001010001D    669
     102       0       0       1       0                               0D    670
     142     471       0       0       0       0       0       001010001D    671
     142       0       0       1       0                               0D    672
     124     472       0       0       0       0       0       001020001D    673
     124       0       0       2       0                               0D    674
     100     474       0       0       0       0     673       001010001D    675
     100       0       0       1       0                               0D    676
     124     475       0       0       0       0       0       001020001D    677
     124       0       0       2       0                               0D    678
     100     477       0       0       0       0     677       001010001D    679
     100       0       0       1       0                               0D    680
     102     478       0       0       0       0       0       001010001D    681
     102       0       0       1       0                               0D    682
     142     479       0       0       0       0       0       001010001D    683
     142       0       0       1       0                               0D    684
     144     480       0       0   10000       0       0       000000000D    685
     144       0     -65       1       0                PartBody       0D    686
     108     481       0       0       0       0       0       001010001D    687
     108       0     -65       2       0                               0D    688
     110     483       0       0       0       0       0       001010001D    689
     110       0       0       1       0                               0D    690
     110     484       0       0       0       0       0       001010001D    691
     110       0       0       1       0                               0D    692
     126     485       0       0       0       0       0       001010001D    693
     126       0       0       7       0                               0D    694
     110     492       0       0       0       0       0       001010001D    695
     110       0       0       2       0                               0D    696
     110     494       0       0       0       0       0       001010001D    697
     110       0       0       1       0                               0D    698
     102     495       0       0       0       0       0       001010001D    699
     102       0       0       1       0                               0D    700
     142     496       0       0       0       0       0       001010001D    701
     142       0       0       1       0                               0D    702
     144     497       0       0   10000       0       0       000000000D    703
     144       0     -65       1       0                PartBody       0D    704
     110     498       0       0       0       0       0       001010001D    705
     110       0       0       1       0                               0D    706
     110     499       0       0       0       0       0       001010001D    707
     110       0       0       2       0                               0D    708
     120     501       0       0       0       0       0       001010001D    709
     120       0       6       1       0                               0D    710
     110     502       0       0       0       0       0       001010001D    711
     110       0       0       1       0                               0D    712
     124     503       0       0       0       0       0       001020001D    713
     124       0       0       2       0                               0D    714
     100     505       0       0       0       0     713       001010001D    715
     100       0       0       1       0                               0D    716
     110     506       0       0       0       0       0       001010001D    717
     110       0       0       1       0                               0D    718
     124     507       0       0       0       0       0       001020001D    719
     124       0       0       2       0                               0D    720
     100     509       0       0       0       0     719       001010001D    721
     100       0       0       1       0                               0D    722
     102     510       0       0       0       0       0       001010001D    723
     102       0       0       1       0                               0D    724
     142     511       0       0       0       0       0       001010001D    725
     142       0       0       1       0                               0D    726
     144     512       0       0   10000       0       0       000000000D    727
     144       0       6       1       0                PartBody       0D    728
     110     513       0       0       0       0       0       001010001D    729
     110       0       0       1       0                               0D    730
     110     514       0       0       0       0       0       001010001D    731
     110       0       0       2       0                               0D    732
     120     516       0       0       0       0       0       001010001D    733
     120       0       6       1       0                               0D    734
     110     517       0       0       0       0       0       001010001D    735
     110       0       0       1       0                               0D    736
     124     518       0       0       0       0       0       001020001D    737
     124       0       0       2       0                               0D    738
     100     520       0       0       0       0     737       001010001D    739
     100       0       0       1       0                               0D    740
     110     521       0       0       0       0       0       001010001D    741
     110       0       0       1       0                               0D    742
     126     522       0       0       0       0       0       001010001D    743
     126       0       0       7       0                               0D    744
     126     529       0       0       0       0       0       001010001D    745
     126       0       0       5       0                               0D    746
     102     534       0       0       0       0       0       001010001D    747
     102       0       0       1       0                               0D    748
     142     535       0       0       0       0       0       001010001D    749
     142       0       0       1       0                               0D    750
     144     536       0       0   10000       0       0       000000000D    751
     144       0       6       1       0                PartBody       0D    752
     110     537       0       0       0       0       0       001010001D    753
     110       0       0       2       0                               0D    754
     110     539       0       0       0       0       0       001010001D    755
     110       0       0       2       0                               0D    756
     120     541       0       0       0       0       0       001010001D    757
     120       0       6       1       0                               0D    758
     110     542       0       0       0       0       0       001010001D    759
     110       0       0       2       0                               0D    760
     124     544       0       0       0       0       0       001020001D    761
     124       0       0       2       0                               0D    762
     100     546       0       0       0       0     761       001010001D    763
     100       0       0       1       0                               0D    764
     110     547       0       0       0       0       0       001010001D    765
     110       0       0       2       0                               0D    766
     124     549       0       0       0       0       0       001020001D    767
     124       0       0       2       0                               0D    768
     100     551       0       0       0       0     767       001010001D    769
     100       0       0       1       0                               0D    770
     102     552       0       0       0       0       0       001010001D    771
     102       0       0       1       0                               0D    772
     142     553       0       0       0       0       0       001010001D    773
     142       0       0       1       0                               0D    774
     144     554       0       0   10000       0       0       000000000D    775
     144       0       6       1       0                PartBody       0D    776
     110     555       0       0       0       0       0       001010001D    777
     110       0       0       2       0                               0D    778
     110     557       0       0       0       0       0       001010001D    779
     110       0       0       2       0                               0D    780
     120     559       0       0       0       0       0       001010001D    781
     120       0       6       1       0                               0D    782
     110     560       0       0       0       0       0       001010001D    783
     110       0       0       2       0                               0D    784
     124     562       0       0       0       0       0       001020001D    785
     124       0       0       2       0                               0D    786
     100     564       0       0       0       0     785       001010001D    787
     100       0       0       1       0                               0D    788
     110     565       0       0       0       0       0       001010001D    789
     110       0       0       2       0                               0D    790
     126     567       0       0       0       0       0       001010001D    791
     126       0       0      10       0                               0D    792
     126     577       0       0       0       0       0       001010001D    793
     126       0       0       5       0                               0D    794
     102     582       0       0       0       0       0       001010001D    795
     102       0       0       1       0                               0D    796
     142     583       0       0       0       0       0       001010001D    797
     142       0       0       1       0                               0D    798
     144     584       0       0   10000       0       0       000000000D    799
     144       0       6       1       0                PartBody       0D    800
     110     585       0       0       0       0       0       001010001D    801
     110       0       0       2       0                               0D    802
     110     587       0       0       0       0       0       001010001D    803
     110       0       0       2       0                               0D    804
     120     589       0       0       0       0       0       001010001D    805
     120       0       6       1       0                               0D    806
     110     590       0       0       0       0       0       001010001D    807
     110       0       0       2       0                               0D    808
     124     592       0       0       0       0       0       001020001D    809
     124       0       0       2       0                               0D    810
     100     594       0       0       0       0     809       001010001D    811
     100       0       0       1       0                               0D    812
     110     595       0       0       0       0       0       001010001D    813
     110       0       0       2       0                               0D    814
     124     597       0       0       0       0       0       001020001D    815
     124       0       0       2       0                               0D    816
     100     599       0       0       0       0     815       001010001D    817
     100       0       0       1       0                               0D    818
     102     600       0       0       0       0       0       001010001D    819
     102       0       0       1       0                               0D    820
     142     601       0       0       0       0       0       001010001D    821
     142       0       0       1       0                               0D    822
     144     602       0       0   10000       0       0       000000000D    823
     144       0       6       1       0                PartBody       0D    824
     110     603       0       0       0       0       0       001010001D    825
     110       0       0       2       0                               0D    826
     110     605       0       0       0       0       0       001010001D    827
     110       0       0       2       0                               0D    828
     120     607       0       0       0       0       0       001010001D    829
     120       0       6       1       0                               0D    830
     110     608       0       0       0       0       0       001010001D    831
     110       0       0       2       0                               0D    832
     124     610       0       0       0       0       0       001020001D    833
     124       0       0       2       0                               0D    834
     100     612       0       0       0       0     833       001010001D    835
     100       0       0       1       0                               0D    836
     110     613       0       0       0       0       0       001010001D    837
     110       0       0       2       0                               0D    838
     126     615       0       0       0       0       0       001010001D    839
     126       0       0      10       0                               0D    840
     126     625       0       0       0       0       0       001010001D    841
     126       0       0       5       0                               0D    842
     102     630       0       0       0       0       0       001010001D    843
     102       0       0       1       0                               0D    844
     142     631       0       0       0       0       0       001010001D    845
     142       0       0       1       0                               0D    846
     144     632       0       0   10000       0       0       000000000D    847
     144       0       6       1       0                PartBody       0D    848
     110     633       0       0       0       0       0       001010001D    849
     110       0       0       2       0                               0D    850
     110     635       0       0       0       0       0       001010001D    851
     110       0       0       2       0                               0D    852
     120     637       0       0       0       0       0       001010001D    853
     120       0       6       1       0                               0D    854
     110     638       0       0       0       0       0       001010001D    855
     110       0       0       2       0                               0D    856
     124     640       0       0       0       0       0       001020001D    857
     124       0       0       2       0                               0D    858
     100     642       0       0       0       0     857       001010001D    859
     100       0       0       1       0                               0D    860
     110     643       0       0       0       0       0       001010001D    861
     110       0       0       2       0                               0D    862
     124     645       0       0       0       0       0       001020001D    863
     124       0       0       2       0                               0D    864
     100     647       0       0       0       0     863       001010001D    865
     100       0       0       1       0                               0D    866
     102     648       0       0       0       0       0       001010001D    867
     102       0       0       1       0                               0D    868
     142     649       0       0       0       0       0       001010001D    869
     142       0       0       1       0                               0D    870
     144     650       0       0   10000       0       0       000000000D    871
     144       0       6       1       0                PartBody       0D    872
     110     651       0       0       0       0       0       001010001D    873
     110       0       0       2       0                               0D    874
     110     653       0       0       0       0       0       001010001D    875
     110       0       0       2       0                               0D    876
     120     655       0       0       0       0       0       001010001D    877
     120       0       6       1       0                               0D    878
     110     656       0       0       0       0       0       001010001D    879
     110       0       0       2       0                               0D    880
     124     658       0       0       0       0       0       001020001D    881
     124       0       0       2       0                               0D    882
     100     660       0       0       0       0     881       001010001D    883
     100       0       0       1       0                               0D    884
     110     661       0       0       0       0       0       001010001D    885
     110       0       0       2       0                               0D    886
     126     663       0       0       0       0       0       001010001D    887
     126       0       0      10       0                               0D    888
     126     673       0       0       0       0       0       001010001D    889
     126       0       0       5       0                               0D    890
     102     678       0       0       0       0       0       001010001D    891
     102       0       0       1       0                               0D    892
     142     679       0       0       0       0       0       001010001D    893
     142       0       0       1       0                               0D    894
     144     680       0       0   10000       0       0       000000000D    895
     144       0       6       1       0                PartBody       0D    896
     110     681       0       0       0       0       0       001010001D    897
     110       0       0       1       0                               0D    898
     110     682       0       0       0       0       0       001010001D    899
     110       0       0       2       0                               0D    900
     120     684       0       0       0       0       0       001010001D    901
     120       0     -99       1       0                               0D    902
     124     685       0       0       0       0       0       001020001D    903
     124       0       0       2       0                               0D    904
     100     687       0       0       0       0     903       001010001D    905
     100       0       0       1       0                               0D    906
     110     688       0       0       0       0       0       001010001D    907
     110       0       0       2       0                               0D    908
     124     690       0       0       0       0       0       001020001D    909
     124       0       0       2       0                               0D    910
     100     692       0       0       0       0     909       001010001D    911
     100       0       0       1       0                               0D    912
     110     693       0       0       0       0       0       001010001D    913
     110       0       0       2       0                               0D    914
     102     695       0       0       0       0       0       001010001D    915
     102       0       0       1       0                               0D    916
     142     696       0       0       0       0       0       001010001D    917
     142       0       0       1       0                               0D    918
     144     697       0       0   10000       0       0       000000000D    919
     144       0     -99       1       0                PartBody       0D    920
     108     698       0       0       0       0       0       001010001D    921
     108       0     -65       1       0                               0D    922
     124     699       0       0       0       0       0       001020001D    923
     124       0       0       2       0                               0D    924
     100     701       0       0       0       0     923       001010001D    925
     100       0       0       1       0                               0D    926
     124     702       0       0       0       0       0       001020001D    927
     124       0       0       2       0                               0D    928
     100     704       0       0       0       0     927       001010001D    929
     100       0       0       1       0                               0D    930
     124     705       0       0       0       0       0       001020001D    931
     124       0       0       2       0                               0D    932
     100     707       0       0       0       0     931       001010001D    933
     100       0       0       1       0                               0D    934
     102     708       0       0       0       0       0       001010001D    935
     102       0       0       1       0                               0D    936
     142     709       0       0       0       0       0       001010001D    937
     142       0       0       1       0                               0D    938
     144     710       0       0   10000       0       0       000000000D    939
     144       0     -65       1       0                PartBody       0D    940
     110     711       0       0       0       0       0       001010001D    941
     110       0       0       1       0                               0D    942
     110     712       0       0       0       0       0       001010001D    943
     110       0       0       2       0                               0D    944
     120     714       0       0       0       0       0       001010001D    945
     120       0     -99       1       0                               0D    946
     124     715       0       0       0       0       0       001020001D    947
     124       0       0       2       0                               0D    948
     100     717       0       0       0       0     947       001010001D    949
     100       0       0       1       0                               0D    950
     110     718       0       0       0       0       0       001010001D    951
     110       0       0       2       0                               0D    952
     124     720       0       0       0       0       0       001020001D    953
     124       0       0       2       0                               0D    954
     100     722       0       0       0       0     953       001010001D    955
     100       0       0       1       0                               0D    956
     124     723       0       0       0       0       0       001020001D    957
     124       0       0       2       0                               0D    958
     100     725       0       0       0       0     957       001010001D    959
     100       0       0       1       0                               0D    960
     110     726       0       0       0       0       0       001010001D    961
     110       0       0       2       0                               0D    962
     124     728       0       0       0       0       0       001020001D    963
     124       0       0       2       0                               0D    964
     100     730       0       0       0       0     963       001010001D    965
     100       0       0       1       0                               0D    966
     102     731       0       0       0       0       0       001010001D    967
     102       0       0       1       0                               0D    968
     142     732       0       0       0       0       0       001010001D    969
     142       0       0       1       0                               0D    970
     144     733       0       0   10000       0       0       000000000D    971
     144       0     -99       1       0                PartBody       0D    972
     110     734       0       0       0       0       0       001010001D    973
     110       0       0       1       0                               0D    974
     110     735       0       0       0       0       0       001010001D    975
     110       0       0       2       0                               0D    976
     120     737       0       0       0       0       0       001010001D    977
     120       0    -157       1       0                               0D    978
     124     738       0       0       0       0       0       001020001D    979
     124       0       0       2       0                               0D    980
     100     740       0       0       0       0     979       001010001D    981
     100       0       0       1       0                               0D    982
     124     741       0       0       0       0       0       001020001D    983
     124       0       0       2       0                               0D    984
     100     743       0       0       0       0     983       001010001D    985
     100       0       0       1       0                               0D    986
     110     744       0       0       0       0       0       001010001D    987
     110       0       0       2       0                               0D    988
     124     746       0       0       0       0       0       001020001D    989
     124       0       0       2       0                               0D    990
     100     748       0       0       0       0     989       001010001D    991
     100       0       0       1       0                               0D    992
     110     749       0       0       0       0       0       001010001D    993
     110       0       0       2       0                               0D    994
     102     751       0       0       0       0       0       001010001D    995
     102       0       0       1       0                               0D    996
     142     752       0       0       0       0       0       001010001D    997
     142       0       0       1       0                               0D    998
     144     753       0       0   10000       0       0       000000000D    999
     144       0    -157       1       0                PartBody       0D   1000
     110     754       0       0       0       0       0       001010001D   1001
     110       0       0       1       0                               0D   1002
     110     755       0       0       0       0       0       001010001D   1003
     110       0       0       2       0                               0D   1004
     120     757       0       0       0       0       0       001010001D   1005
     120       0    -157       1       0                               0D   1006
     124     758       0       0       0       0       0       001020001D   1007
     124       0       0       2       0                               0D   1008
     100     760       0       0       0       0    1007       001010001D   1009
     100       0       0       1       0                               0D   1010
     110     761       0       0       0       0       0       001010001D   1011
     110       0       0       2       0                               0D   1012
     124     763       0       0       0       0       0       001020001D   1013
     124       0       0       2       0                               0D   1014
     100     765       0       0       0       0    1013       001010001D   1015
     100       0       0       1       0                               0D   1016
     110     766       0       0       0       0       0       001010001D   1017
     110       0       0       2       0                               0D   1018
     102     768       0       0       0       0       0       001010001D   1019
     102       0       0       1       0                               0D   1020
     142     769       0       0       0       0       0       001010001D   1021
     142       0       0       1       0                               0D   1022
     144     770       0       0   10000       0       0       000000000D   1023
     144       0    -157       1       0                PartBody       0D   1024
     110     771       0       0       0       0       0       001010001D   1025
     110       0       0       1       0                               0D   1026
     124     772       0       0       0       0       0       001020001D   1027
     124       0       0       2       0                               0D   1028
     100     774       0       0       0       0    1027       001010001D   1029
     100       0       0       1       0                               0D   1030
     120     775       0       0       0       0       0       001010001D   1031
     120       0     -65       1       0                               0D   1032
     124     776       0       0       0       0       0       001020001D   1033
     124       0       0       2       0                               0D   1034
     100     778       0       0       0       0    1033       001010001D   1035
     100       0       0       1       0                               0D   1036
     124     779       0       0       0       0       0       001020001D   1037
     124       0       0       2       0                               0D   1038
     100     781       0       0       0       0    1037       001010001D   1039
     100       0       0       1       0                               0D   1040
     124     782       0       0       0       0       0       001020001D   1041
     124       0       0       3       0                               0D   1042
     100     785       0       0       0       0    1041       001010001D   1043
     100       0       0       1       0                               0D   1044
     124     786       0       0       0       0       0       001020001D   1045
     124       0       0       2       0                               0D   1046
     100     788       0       0       0       0    1045       001010001D   1047
     100       0       0       1       0                               0D   1048
     102     789       0       0       0       0       0       001010001D   1049
     102       0       0       1       0                               0D   1050
     142     790       0       0       0       0       0       001010001D   1051
     142       0       0       1       0                               0D   1052
     144     791       0       0   10000       0       0       000000000D   1053
     144       0     -65       1       0                PartBody       0D   1054
     110     792       0       0       0       0       0       001010001D   1055
     110       0       0       1       0                               0D   1056
     124     793       0       0       0       0       0       001020001D   1057
     124       0       0       2       0                               0D   1058
     100     795       0       0       0       0    1057       001010001D   1059
     100       0       0       1       0                               0D   1060
     120     796       0       0       0       0       0       001010001D   1061
     120       0     -65       1       0                               0D   1062
     124     797       0       0       0       0       0       001020001D   1063
     124       0       0       2       0                               0D   1064
     100     799       0       0       0       0    1063       001010001D   1065
     100       0       0       1       0                               0D   1066
     124     800       0       0       0       0       0       001020001D   1067
     124       0       0       2       0                               0D   1068
     100     802       0       0       0       0    1067       001010001D   1069
     100       0       0       1       0                               0D   1070
     124     803       0       0       0       0       0       001020001D   1071
     124       0       0       3       0                               0D   1072
     100     806       0       0       0       0    1071       001010001D   1073
     100       0       0       1       0                               0D   1074
     124     807       0       0       0       0       0       001020001D   1075
     124       0       0       2       0                               0D   1076
     100     809       0       0       0       0    1075       001010001D   1077
     100       0       0       1       0                               0D   1078
     102     810       0       0       0       0       0       001010001D   1079
     102       0       0       1       0                               0D   1080
     142     811       0       0       0       0       0       001010001D   1081
     142       0       0       1       0                               0D   1082
     144     812       0       0   10000       0       0       000000000D   1083
     144       0     -65       1       0                PartBody       0D   1084
     314     813       0       0       0       0       0       000000201D   1085
     314       0       0       1       0                               0D   1086
     108     814       0       0       0       0       0       001010001D   1087
     108       0   -1085       1       0                               0D   1088
     124     815       0       0       0       0       0       001020001D   1089
     124       0       0       2       0                               0D   1090
     100     817       0       0       0       0    1089       001010001D   1091
     100       0       0       1       0                               0D   1092
     124     818       0       0       0       0       0       001020001D   1093
     124       0       0       2       0                               0D   1094
     100     820       0       0       0       0    1093       001010001D   1095
     100       0       0       1       0                               0D   1096
     124     821       0       0       0       0       0       001020001D   1097
     124       0       0       3       0                               0D   1098
     100     824       0       0       0       0    1097       001010001D   1099
     100       0       0       1       0                               0D   1100
     102     825       0       0       0       0       0       001010001D   1101
     102       0       0       1       0                               0D   1102
     142     826       0       0       0       0       0       001010001D   1103
     142       0       0       1       0                               0D   1104
     144     827       0       0   10000       0       0       000000000D   1105
     144       0   -1085       1       0                PartBody       0D   1106
     124     828       0       0       0       0       0       001020001D   1107
     124       0       0       2       0                               0D   1108
     100     830       0       0       0       0    1107       001010001D   1109
     100       0       0       1       0                               0D   1110
     124     831       0       0       0       0       0       001020001D   1111
     124       0       0       2       0                               0D   1112
     100     833       0       0       0       0    1111       001010001D   1113
     100       0       0       1       0                               0D   1114
     124     834       0       0       0       0       0       001020001D   1115
     124       0       0       3       0                               0D   1116
     100     837       0       0       0       0    1115       001010001D   1117
     100       0       0       1       0                               0D   1118
     102     838       0       0       0       0       0       001010001D   1119
     102       0       0       1       0                               0D   1120
     142     839       0       0       0       0       0       001010001D   1121
     142       0       0       1       0                               0D   1122
     144     840       0       0   10000       0       0       000000000D   1123
     144       0       5       1       0                PartBody       0D   1124
     124     841       0       0       0       0       0       001020001D   1125
     124       0       0       2       0                               0D   1126
     100     843       0       0       0       0    1125       001010001D   1127
     100       0       0       1       0                               0D   1128
     124     844       0       0       0       0       0       001020001D   1129
     124       0       0       2       0                               0D   1130
     100     846       0       0       0       0    1129       001010001D   1131
     100       0       0       1       0                               0D   1132
     124     847       0       0       0       0       0       001020001D   1133
     124       0       0       3       0                               0D   1134
     100     850       0       0       0       0    1133       001010001D   1135
     100       0       0       1       0                               0D   1136
     102     851       0       0       0       0       0       001010001D   1137
     102       0       0       1       0                               0D   1138
     142     852       0       0       0       0       0       001010001D   1139
     142       0       0       1       0                               0D   1140
     144     853       0       0   10000       0       0       000000000D   1141
     144       0   -1085       1       0                PartBody       0D   1142
     124     854       0       0       0       0       0       001020001D   1143
     124       0       0       2       0                               0D   1144
     100     856       0       0       0       0    1143       001010001D   1145
     100       0       0       1       0                               0D   1146
     124     857       0       0       0       0       0       001020001D   1147
     124       0       0       2       0                               0D   1148
     100     859       0       0       0       0    1147       001010001D   1149
     100       0       0       1       0                               0D   1150
     124     860       0       0       0       0       0       001020001D   1151
     124       0       0       3       0                               0D   1152
     100     863       0       0       0       0    1151       001010001D   1153
     100       0       0       1       0                               0D   1154
     102     864       0       0       0       0       0       001010001D   1155
     102       0       0       1       0                               0D   1156
     142     865       0       0       0       0       0       001010001D   1157
     142       0       0       1       0                               0D   1158
     144     866       0       0   10000       0       0       000000000D   1159
     144       0       5       1       0                PartBody       0D   1160
     110     867       0       0       0       0       0       001010001D   1161
     110       0       0       1       0                               0D   1162
     110     868       0       0       0       0       0       001010001D   1163
     110       0       0       2       0                               0D   1164
     120     870       0       0       0       0       0       001010001D   1165
     120       0       6       1       0                               0D   1166
     124     871       0       0       0       0       0       001020001D   1167
     124       0       0       2       0                               0D   1168
     100     873       0       0       0       0    1167       001010001D   1169
     100       0       0       1       0                               0D   1170
     110     874       0       0       0       0       0       001010001D   1171
     110       0       0       1       0                               0D   1172
     124     875       0       0       0       0       0       001020001D   1173
     124       0       0       2       0                               0D   1174
     100     877       0       0       0       0    1173       001010001D   1175
     100       0       0       1       0                               0D   1176
     110     878       0       0       0       0       0       001010001D   1177
     110       0       0       1       0                               0D   1178
     102     879       0       0       0       0       0       001010001D   1179
     102       0       0       1       0                               0D   1180
     142     880       0       0       0       0       0       001010001D   1181
     142       0       0       1       0                               0D   1182
     144     881       0       0   10000       0       0       000000000D   1183
     144       0       6       1       0                PartBody       0D   1184
     110     882       0       0       0       0       0       001010001D   1185
     110       0       0       1       0                               0D   1186
     110     883       0       0       0       0       0       001010001D   1187
     110       0       0       1       0                               0D   1188
     120     884       0       0       0       0       0       001010001D   1189
     120       0       6       1       0                               0D   1190
     124     885       0       0       0       0       0       001020001D   1191
     124       0       0       2       0                               0D   1192
     100     887       0       0       0       0    1191       001010001D   1193
     100       0       0       1       0                               0D   1194
     110     888       0       0       0       0       0       001010001D   1195
     110       0       0       1       0                               0D   1196
     124     889       0       0       0       0       0       001020001D   1197
     124       0       0       2       0                               0D   1198
     100     891       0       0       0       0    1197       001010001D   1199
     100       0       0       1       0                               0D   1200
     124     892       0       0       0       0       0       001020001D   1201
     124       0       0       2       0                               0D   1202
     100     894       0       0       0       0    1201       001010001D   1203
     100       0       0       1       0                               0D   1204
     110     895       0       0       0       0       0       001010001D   1205
     110       0       0       1       0                               0D   1206
     124     896       0       0       0       0       0       001020001D   1207
     124       0       0       2       0                               0D   1208
     100     898       0       0       0       0    1207       001010001D   1209
     100       0       0       1       0                               0D   1210
     102     899       0       0       0       0       0       001010001D   1211
     102       0       0       1       0                               0D   1212
     142     900       0       0       0       0       0       001010001D   1213
     142       0       0       1       0                               0D   1214
     144     901       0       0   10000       0       0       000000000D   1215
     144       0       6       1       0                PartBody       0D   1216
     110     902       0       0       0       0       0       001010001D   1217
     110       0       0       2       0                               0D   1218
     110     904       0       0       0       0       0       001010001D   1219
     110       0       0       2       0                               0D   1220
     120     906       0       0       0       0       0       001010001D   1221
     120       0       6       1       0                               0D   1222
     124     907       0       0       0       0       0       001020001D   1223
     124       0       0       2       0                               0D   1224
     100     909       0       0       0       0    1223       001010001D   1225
     100       0       0       1       0                               0D   1226
     110     910       0       0       0       0       0       001010001D   1227
     110       0       0       2       0                               0D   1228
     124     912       0       0       0       0       0       001020001D   1229
     124       0       0       2       0                               0D   1230
     100     914       0       0       0       0    1229       001010001D   1231
     100       0       0       1       0                               0D   1232
     124     915       0       0       0       0       0       001020001D   1233
     124       0       0       2       0                               0D   1234
     100     917       0       0       0       0    1233       001010001D   1235
     100       0       0       1       0                               0D   1236
     110     918       0       0       0       0       0       001010001D   1237
     110       0       0       2       0                               0D   1238
     124     920       0       0       0       0       0       001020001D   1239
     124       0       0       2       0                               0D   1240
     100     922       0       0       0       0    1239       001010001D   1241
     100       0       0       1       0                               0D   1242
     102     923       0       0       0       0       0       001010001D   1243
     102       0       0       1       0                               0D   1244
     142     924       0       0       0       0       0       001010001D   1245
     142       0       0       1       0                               0D   1246
     144     925       0       0   10000       0       0       000000000D   1247
     144       0       6       1       0                PartBody       0D   1248
     110     926       0       0       0       0       0       001010001D   1249
     110       0       0       2       0                               0D   1250
     110     928       0       0       0       0       0       001010001D   1251
     110       0       0       2       0                               0D   1252
     120     930       0       0       0       0       0       001010001D   1253
     120       0       6       1       0                               0D   1254
     124     931       0       0       0       0       0       001020001D   1255
     124       0       0       2       0                               0D   1256
     100     933       0       0       0       0    1255       001010001D   1257
     100       0       0       1       0                               0D   1258
     110     934       0       0       0       0       0       001010001D   1259
     110       0       0       2       0                               0D   1260
     124     936       0       0       0       0       0       001020001D   1261
     124       0       0       2       0                               0D   1262
     100     938       0       0       0       0    1261       001010001D   1263
     100       0       0       1       0                               0D   1264
     110     939       0       0       0       0       0       001010001D   1265
     110       0       0       2       0                               0D   1266
     102     941       0       0       0       0       0       001010001D   1267
     102       0       0       1       0                               0D   1268
     142     942       0       0       0       0       0       001010001D   1269
     142       0       0       1       0                               0D   1270
     144     943       0       0   10000       0       0       000000000D   1271
     144       0       6       1       0                PartBody       0D   1272
     110     944       0       0       0       0       0       001010001D   1273
     110       0       0       2       0                               0D   1274
     110     946       0       0       0       0       0       001010001D   1275
     110       0       0       2       0                               0D   1276
     120     948       0       0       0       0       0       001010001D   1277
     120       0       6       1       0                               0D   1278
     124     949       0       0       0       0       0       001020001D   1279
     124       0       0       2       0                               0D   1280
     100     951       0       0       0       0    1279       001010001D   1281
     100       0       0       1       0                               0D   1282
     110     952       0       0       0       0       0       001010001D   1283
     110       0       0       2       0                               0D   1284
     124     954       0       0       0       0       0       001020001D   1285
     124       0       0       2       0                               0D   1286
     100     956       0       0       0       0    1285       001010001D   1287
     100       0       0       1       0                               0D   1288
     124     957       0       0       0       0       0       001020001D   1289
     124       0       0       2       0                               0D   1290
     100     959       0       0       0       0    1289       001010001D   1291
     100       0       0       1       0                               0D   1292
     110     960       0       0       0       0       0       001010001D   1293
     110       0       0       2       0                               0D   1294
     124     962       0       0       0       0       0       001020001D   1295
     124       0       0       2       0                               0D   1296
     100     964       0       0       0       0    1295       001010001D   1297
     100       0       0       1       0                               0D   1298
     102     965       0       0       0       0       0       001010001D   1299
     102       0       0       1       0                               0D   1300
     142     966       0       0       0       0       0       001010001D   1301
     142       0       0       1       0                               0D   1302
     144     967       0       0   10000       0       0       000000000D   1303
     144       0       6       1       0                PartBody       0D   1304
     110     968       0       0       0       0       0       001010001D   1305
     110       0       0       2       0                               0D   1306
     110     970       0       0       0       0       0       001010001D   1307
     110       0       0       2       0                               0D   1308
     120     972       0       0       0       0       0       001010001D   1309
     120       0       6       1       0                               0D   1310
     124     973       0       0       0       0       0       001020001D   1311
     124       0       0       2       0                               0D   1312
     100     975       0       0       0       0    1311       001010001D   1313
     100       0       0       1       0                               0D   1314
     110     976       0       0       0       0       0       001010001D   1315
     110       0       0       2       0                               0D   1316
     124     978       0       0       0       0       0       001020001D   1317
     124       0       0       2       0                               0D   1318
     100     980       0       0       0       0    1317       001010001D   1319
     100       0       0       1       0                               0D   1320
     110     981       0       0       0       0       0       001010001D   1321
     110       0       0       2       0                               0D   1322
     102     983       0       0       0       0       0       001010001D   1323
     102       0       0       1       0                               0D   1324
     142     984       0       0       0       0       0       001010001D   1325
     142       0       0       1       0                               0D   1326
     144     985       0       0   10000       0       0       000000000D   1327
     144       0       6       1       0                PartBody       0D   1328
     110     986       0       0       0       0       0       001010001D   1329
     110       0       0       2       0                               0D   1330
     110     988       0       0       0       0       0       001010001D   1331
     110       0       0       2       0                               0D   1332
     120     990       0       0       0       0       0       001010001D   1333
     120       0       6       1       0                               0D   1334
     124     991       0       0       0       0       0       001020001D   1335
     124       0       0       2       0                               0D   1336
     100     993       0       0       0       0    1335       001010001D   1337
     100       0       0       1       0                               0D   1338
     110     994       0       0       0       0       0       001010001D   1339
     110       0       0       2       0                               0D   1340
     124     996       0       0       0       0       0       001020001D   1341
     124       0       0       2       0                               0D   1342
     100     998       0       0       0       0    1341       001010001D   1343
     100       0       0       1       0                               0D   1344
     124     999       0       0       0       0       0       001020001D   1345
     124       0       0       2       0                               0D   1346
     100    1001       0       0       0       0    1345       001010001D   1347
     100       0       0       1       0                               0D   1348
     110    1002       0       0       0       0       0       001010001D   1349
     110       0       0       2       0                               0D   1350
     124    1004       0       0       0       0       0       001020001D   1351
     124       0       0       2       0                               0D   1352
     100    1006       0       0       0       0    1351       001010001D   1353
     100       0       0       1       0                               0D   1354
     102    1007       0       0       0       0       0       001010001D   1355
     102       0       0       1       0                               0D   1356
     142    1008       0       0       0       0       0       001010001D   1357
     142       0       0       1       0                               0D   1358
     144    1009       0       0   10000       0       0       000000000D   1359
     144       0       6       1       0                PartBody       0D   1360
     110    1010       0       0       0       0       0       001010001D   1361
     110       0       0       2       0                               0D   1362
     110    1012       0       0       0       0       0       001010001D   1363
     110       0       0       2       0                               0D   1364
     120    1014       0       0       0       0       0       001010001D   1365
     120       0       6       1       0                               0D   1366
     124    1015       0       0       0       0       0       001020001D   1367
     124       0       0       2       0                               0D   1368
     100    1017       0       0       0       0    1367       001010001D   1369
     100       0       0       1       0                               0D   1370
     110    1018       0       0       0       0       0       001010001D   1371
     110       0       0       2       0                               0D   1372
     124    1020       0       0       0       0       0       001020001D   1373
     124       0       0       2       0                               0D   1374
     100    1022       0       0       0       0    1373       001010001D   1375
     100       0       0       1       0                               0D   1376
     110    1023       0       0       0       0       0       001010001D   1377
     110       0       0       2       0                               0D   1378
     102    1025       0       0       0       0       0       001010001D   1379
     102       0       0       1       0                               0D   1380
     142    1026       0       0       0       0       0       001010001D   1381
     142       0       0       1       0                               0D   1382
     144    1027       0       0   10000       0       0       000000000D   1383
     144       0       6       1       0                PartBody       0D   1384
     110    1028       0       0       0       0       0       001010001D   1385
     110       0       0       1       0                               0D   1386
     110    1029       0       0       0       0       0       001010001D   1387
     110       0       0       1       0                               0D   1388
     120    1030       0       0       0       0       0       001010001D   1389
     120       0       5       1       0                               0D   1390
     124    1031       0       0       0       0       0       001020001D   1391
     124       0       0       2       0                               0D   1392
     100    1033       0       0       0       0    1391       001010001D   1393
     100       0       0       1       0                               0D   1394
     110    1034       0       0       0       0       0       001010001D   1395
     110       0       0       1       0                               0D   1396
     124    1035       0       0       0       0       0       001020001D   1397
     124       0       0       2       0                               0D   1398
     100    1037       0       0       0       0    1397       001010001D   1399
     100       0       0       1       0                               0D   1400
     110    1038       0       0       0       0       0       001010001D   1401
     110       0       0       1       0                               0D   1402
     124    1039       0       0       0       0       0       001020001D   1403
     124       0       0       2       0                               0D   1404
     100    1041       0       0       0       0    1403       001010001D   1405
     100       0       0       1       0                               0D   1406
     110    1042       0       0       0       0       0       001010001D   1407
     110       0       0       1       0                               0D   1408
     102    1043       0       0       0       0       0       001010001D   1409
     102       0       0       1       0                               0D   1410
     142    1044       0       0       0       0       0       001010001D   1411
     142       0       0       1       0                               0D   1412
     144    1045       0       0   10000       0       0       000000000D   1413
     144       0       5       1       0                PartBody       0D   1414
     110    1046       0       0       0       0       0       001010001D   1415
     110       0       0       1       0                               0D   1416
     110    1047       0       0       0       0       0       001010001D   1417
     110       0       0       1       0                               0D   1418
     120    1048       0       0       0       0       0       001010001D   1419
     120       0       5       1       0                               0D   1420
     110    1049       0       0       0       0       0       001010001D   1421
     110       0       0       1       0                               0D   1422
     124    1050       0       0       0       0       0       001020001D   1423
     124       0       0       2       0                               0D   1424
     100    1052       0       0       0       0    1423       001010001D   1425
     100       0       0       1       0                               0D   1426
     110    1053       0       0       0       0       0       001010001D   1427
     110       0       0       1       0                               0D   1428
     124    1054       0       0       0       0       0       001020001D   1429
     124       0       0       2       0                               0D   1430
     100    1056       0       0       0       0    1429       001010001D   1431
     100       0       0       1       0                               0D   1432
     110    1057       0       0       0       0       0       001010001D   1433
     110       0       0       1       0                               0D   1434
     124    1058       0       0       0       0       0       001020001D   1435
     124       0       0       2       0                               0D   1436
     100    1060       0       0       0       0    1435       001010001D   1437
     100       0       0       1       0                               0D   1438
     102    1061       0       0       0       0       0       001010001D   1439
     102       0       0       1       0                               0D   1440
     142    1062       0       0       0       0       0       001010001D   1441
     142       0       0       1       0                               0D   1442
     144    1063       0       0   10000       0       0       000000000D   1443
     144       0       5       1       0                PartBody       0D   1444
     110    1064       0       0       0       0       0       001010001D   1445
     110       0       0       2       0                               0D   1446
     110    1066       0       0       0       0       0       001010001D   1447
     110       0       0       2       0                               0D   1448
     120    1068       0       0       0       0       0       001010001D   1449
     120       0   -1085       1       0                               0D   1450
     110    1069       0       0       0       0       0       001010001D   1451
     110       0       0       2       0                               0D   1452
     124    1071       0       0       0       0       0       001020001D   1453
     124       0       0       2       0                               0D   1454
     100    1073       0       0       0       0    1453       001010001D   1455
     100       0       0       1       0                               0D   1456
     110    1074       0       0       0       0       0       001010001D   1457
     110       0       0       2       0                               0D   1458
     124    1076       0       0       0       0       0       001020001D   1459
     124       0       0       2       0                               0D   1460
     100    1078       0       0       0       0    1459       001010001D   1461
     100       0       0       1       0                               0D   1462
     110    1079       0       0       0       0       0       001010001D   1463
     110       0       0       2       0                               0D   1464
     124    1081       0       0       0       0       0       001020001D   1465
     124       0       0       2       0                               0D   1466
     100    1083       0       0       0       0    1465       001010001D   1467
     100       0       0       1       0                               0D   1468
     102    1084       0       0       0       0       0       001010001D   1469
     102       0       0       1       0                               0D   1470
     142    1085       0       0       0       0       0       001010001D   1471
     142       0       0       1       0                               0D   1472
     144    1086       0       0   10000       0       0       000000000D   1473
     144       0   -1085       1       0                PartBody       0D   1474
     110    1087       0       0       0       0       0       001010001D   1475
     110       0       0       2       0                               0D   1476
     110    1089       0       0       0       0       0       001010001D   1477
     110       0       0       2       0                               0D   1478
     120    1091       0       0       0       0       0       001010001D   1479
     120       0   -1085       1       0                               0D   1480
     124    1092       0       0       0       0       0       001020001D   1481
     124       0       0       2       0                               0D   1482
     100    1094       0       0       0       0    1481       001010001D   1483
     100       0       0       1       0                               0D   1484
     110    1095       0       0       0       0       0       001010001D   1485
     110       0       0       2       0                               0D   1486
     124    1097       0       0       0       0       0       001020001D   1487
     124       0       0       2       0                               0D   1488
     100    1099       0       0       0       0    1487       001010001D   1489
     100       0       0       1       0                               0D   1490
     110    1100       0       0       0       0       0       001010001D   1491
     110       0       0       2       0                               0D   1492
     124    1102       0       0       0       0       0       001020001D   1493
     124       0       0       2       0                               0D   1494
     100    1104       0       0       0       0    1493       001010001D   1495
     100       0       0       1       0                               0D   1496
     110    1105       0       0       0       0       0       001010001D   1497
     110       0       0       2       0                               0D   1498
     102    1107       0       0       0       0       0       001010001D   1499
     102       0       0       1       0                               0D   1500
     142    1108       0       0       0       0       0       001010001D   1501
     142       0       0       1       0                               0D   1502
     144    1109       0       0   10000       0       0       000000000D   1503
     144       0   -1085       1       0                PartBody       0D   1504
     110    1110       0       0       0       0       0       001010001D   1505
     110       0       0       2       0                               0D   1506
     110    1112       0       0       0       0       0       001010001D   1507
     110       0       0       2       0                               0D   1508
     120    1114       0       0       0       0       0       001010001D   1509
     120       0   -1085       1       0                               0D   1510
     110    1115       0       0       0       0       0       001010001D   1511
     110       0       0       2       0                               0D   1512
     124    1117       0       0       0       0       0       001020001D   1513
     124       0       0       2       0                               0D   1514
     100    1119       0       0       0       0    1513       001010001D   1515
     100       0       0       1       0                               0D   1516
     110    1120       0       0       0       0       0       001010001D   1517
     110       0       0       2       0                               0D   1518
     124    1122       0       0       0       0       0       001020001D   1519
     124       0       0       2       0                               0D   1520
     100    1124       0       0       0       0    1519       001010001D   1521
     100       0       0       1       0                               0D   1522
     110    1125       0       0       0       0       0       001010001D   1523
     110       0       0       2       0                               0D   1524
     124    1127       0       0       0       0       0       001020001D   1525
     124       0       0       2       0                               0D   1526
     100    1129       0       0       0       0    1525       001010001D   1527
     100       0       0       1       0                               0D   1528
     102    1130       0       0       0       0       0       001010001D   1529
     102       0       0       1       0                               0D   1530
     142    1131       0       0       0       0       0       001010001D   1531
     142       0       0       1       0                               0D   1532
     144    1132       0       0   10000       0       0       000000000D   1533
     144       0   -1085       1       0                PartBody       0D   1534
     110    1133       0       0       0       0       0       001010001D   1535
     110       0       0       2       0                               0D   1536
     110    1135       0       0       0       0       0       001010001D   1537
     110       0       0       2       0                               0D   1538
     120    1137       0       0       0       0       0       001010001D   1539
     120       0   -1085       1       0                               0D   1540
     124    1138       0       0       0       0       0       001020001D   1541
     124       0       0       2       0                               0D   1542
     100    1140       0       0       0       0    1541       001010001D   1543
     100       0       0       1       0                               0D   1544
     110    1141       0       0       0       0       0       001010001D   1545
     110       0       0       2       0                               0D   1546
     124    1143       0       0       0       0       0       001020001D   1547
     124       0       0       2       0                               0D   1548
     100    1145       0       0       0       0    1547       001010001D   1549
     100       0       0       1       0                               0D   1550
     110    1146       0       0       0       0       0       001010001D   1551
     110       0       0       2       0                               0D   1552
     124    1148       0       0       0       0       0       001020001D   1553
     124       0       0       2       0                               0D   1554
     100    1150       0       0       0       0    1553       001010001D   1555
     100       0       0       1       0                               0D   1556
     110    1151       0       0       0       0       0       001010001D   1557
     110       0       0       2       0                               0D   1558
     102    1153       0       0       0       0       0       001010001D   1559
     102       0       0       1       0                               0D   1560
     142    1154       0       0       0       0       0       001010001D   1561
     142       0       0       1       0                               0D   1562
     144    1155       0       0   10000       0       0       000000000D   1563
     144       0   -1085       1       0                PartBody       0D   1564
     110    1156       0       0       0       0       0       001010001D   1565
     110       0       0       2       0                               0D   1566
     110    1158       0       0       0       0       0       001010001D   1567
     110       0       0       2       0                               0D   1568
     120    1160       0       0       0       0       0       001010001D   1569
     120       0       5       1       0                               0D   1570
     124    1161       0       0       0       0       0       001020001D   1571
     124       0       0       2       0                               0D   1572
     100    1163       0       0       0       0    1571       001010001D   1573
     100       0       0       1       0                               0D   1574
     110    1164       0       0       0       0       0       001010001D   1575
     110       0       0       2       0                               0D   1576
     124    1166       0       0       0       0       0       001020001D   1577
     124       0       0       2       0                               0D   1578
     100    1168       0       0       0       0    1577       001010001D   1579
     100       0       0       1       0                               0D   1580
     110    1169       0       0       0       0       0       001010001D   1581
     110       0       0       2       0                               0D   1582
     124    1171       0       0       0       0       0       001020001D   1583
     124       0       0       2       0                               0D   1584
     100    1173       0       0       0       0    1583       001010001D   1585
     100       0       0       1       0                               0D   1586
     110    1174       0       0       0       0       0       001010001D   1587
     110       0       0       2       0                               0D   1588
     102    1176       0       0       0       0       0       001010001D   1589
     102       0       0       1       0                               0D   1590
     142    1177       0       0       0       0       0       001010001D   1591
     142       0       0       1       0                               0D   1592
     144    1178       0       0   10000       0       0       000000000D   1593
     144       0       5       1       0                PartBody       0D   1594
     110    1179       0       0       0       0       0       001010001D   1595
     110       0       0       2       0                               0D   1596
     110    1181       0       0       0       0       0       001010001D   1597
     110       0       0       2       0                               0D   1598
     120    1183       0       0       0       0       0       001010001D   1599
     120       0       5       1       0                               0D   1600
     110    1184       0       0       0       0       0       001010001D   1601
     110       0       0       2       0                               0D   1602
     124    1186       0       0       0       0       0       001020001D   1603
     124       0       0       2       0                               0D   1604
     100    1188       0       0       0       0    1603       001010001D   1605
     100       0       0       1       0                               0D   1606
     110    1189       0       0       0       0       0       001010001D   1607
     110       0       0       2       0                               0D   1608
     124    1191       0       0       0       0       0       001020001D   1609
     124       0       0       2       0                               0D   1610
     100    1193       0       0       0       0    1609       001010001D   1611
     100       0       0       1       0                               0D   1612
     110    1194       0       0       0       0       0       001010001D   1613
     110       0       0       2       0                               0D   1614
     124    1196       0       0       0       0       0       001020001D   1615
     124       0       0       2       0                               0D   1616
     100    1198       0       0       0       0    1615       001010001D   1617
     100       0       0       1       0                               0D   1618
     102    1199       0       0       0       0       0       001010001D   1619
     102       0       0       1       0                               0D   1620
     142    1200       0       0       0       0       0       001010001D   1621
     142       0       0       1       0                               0D   1622
     144    1201       0       0   10000       0       0       000000000D   1623
     144       0       5       1       0                PartBody       0D   1624
     108    1202       0       0       0       0       0       001010001D   1625
     108       0     -99       1       0                               0D   1626
     110    1203       0       0       0       0       0       001010001D   1627
     110       0       0       1       0                               0D   1628
     110    1204       0       0       0       0       0       001010001D   1629
     110       0       0       1       0                               0D   1630
     110    1205       0       0       0       0       0       001010001D   1631
     110       0       0       1       0                               0D   1632
     110    1206       0       0       0       0       0       001010001D   1633
     110       0       0       1       0                               0D   1634
     110    1207       0       0       0       0       0       001010001D   1635
     110       0       0       1       0                               0D   1636
     110    1208       0       0       0       0       0       001010001D   1637
     110       0       0       1       0                               0D   1638
     102    1209       0       0       0       0       0       001010001D   1639
     102       0       0       1       0                               0D   1640
     142    1210       0       0       0       0       0       001010001D   1641
     142       0       0       1       0                               0D   1642
     144    1211       0       0   10000       0       0       000000000D   1643
     144       0     -99       1       0                PartBody       0D   1644
     108    1212       0       0       0       0       0       001010001D   1645
     108       0     -99       1       0                               0D   1646
     110    1213       0       0       0       0       0       001010001D   1647
     110       0       0       1       0                               0D   1648
     110    1214       0       0       0       0       0       001010001D   1649
     110       0       0       1       0                               0D   1650
     110    1215       0       0       0       0       0       001010001D   1651
     110       0       0       1       0                               0D   1652
     110    1216       0       0       0       0       0       001010001D   1653
     110       0       0       1       0                               0D   1654
     110    1217       0       0       0       0       0       001010001D   1655
     110       0       0       1       0                               0D   1656
     110    1218       0       0       0       0       0       001010001D   1657
     110       0       0       1       0                               0D   1658
     102    1219       0       0       0       0       0       001010001D   1659
     102       0       0       1       0                               0D   1660
     142    1220       0       0       0       0       0       001010001D   1661
     142       0       0       1       0                               0D   1662
     144    1221       0       0   10000       0       0       000000000D   1663
     144       0     -99       1       0                PartBody       0D   1664
     108    1222       0       0       0       0       0       001010001D   1665
     108       0     -65       1       0                               0D   1666
     124    1223       0       0       0       0       0       001020001D   1667
     124       0       0       3       0                               0D   1668
     100    1226       0       0       0       0    1667       001010001D   1669
     100       0       0       1       0                               0D   1670
     124    1227       0       0       0       0       0       001020001D   1671
     124       0       0       2       0                               0D   1672
     100    1229       0       0       0       0    1671       001010001D   1673
     100       0       0       1       0                               0D   1674
     124    1230       0       0       0       0       0       001020001D   1675
     124       0       0       3       0                               0D   1676
     100    1233       0       0       0       0    1675       001010001D   1677
     100       0       0       1       0                               0D   1678
     110    1234       0       0       0       0       0       001010001D   1679
     110       0       0       2       0                               0D   1680
     110    1236       0       0       0       0       0       001010001D   1681
     110       0       0       1       0                               0D   1682
     110    1237       0       0       0       0       0       001010001D   1683
     110       0       0       1       0                               0D   1684
     110    1238       0       0       0       0       0       001010001D   1685
     110       0       0       1       0                               0D   1686
     110    1239       0       0       0       0       0       001010001D   1687
     110       0       0       1       0                               0D   1688
     102    1240       0       0       0       0       0       001010001D   1689
     102       0       0       1       0                               0D   1690
     142    1241       0       0       0       0       0       001010001D   1691
     142       0       0       1       0                               0D   1692
     124    1242       0       0       0       0       0       001020001D   1693
     124       0       0       2       0                               0D   1694
     100    1244       0       0       0       0    1693       001010001D   1695
     100       0       0       1       0                               0D   1696
     124    1245       0       0       0       0       0       001020001D   1697
     124       0       0       2       0                               0D   1698
     100    1247       0       0       0       0    1697       001010001D   1699
     100       0       0       1       0                               0D   1700
     102    1248       0       0       0       0       0       001010001D   1701
     102       0       0       1       0                               0D   1702
     142    1249       0       0       0       0       0       001010001D   1703
     142       0       0       1       0                               0D   1704
     124    1250       0       0       0       0       0       001020001D   1705
     124       0       0       2       0                               0D   1706
     100    1252       0       0       0       0    1705       001010001D   1707
     100       0       0       1       0                               0D   1708
     124    1253       0       0       0       0       0       001020001D   1709
     124       0       0       2       0                               0D   1710
     100    1255       0       0       0       0    1709       001010001D   1711
     100       0       0       1       0                               0D   1712
     102    1256       0       0       0       0       0       001010001D   1713
     102       0       0       1       0                               0D   1714
     142    1257       0       0       0       0       0       001010001D   1715
     142       0       0       1       0                               0D   1716
     124    1258       0       0       0       0       0       001020001D   1717
     124       0       0       2       0                               0D   1718
     100    1260       0       0       0       0    1717       001010001D   1719
     100       0       0       1       0                               0D   1720
     124    1261       0       0       0       0       0       001020001D   1721
     124       0       0       2       0                               0D   1722
     100    1263       0       0       0       0    1721       001010001D   1723
     100       0       0       1       0                               0D   1724
     102    1264       0       0       0       0       0       001010001D   1725
     102       0       0       1       0                               0D   1726
     142    1265       0       0       0       0       0       001010001D   1727
     142       0       0       1       0                               0D   1728
     124    1266       0       0       0       0       0       001020001D   1729
     124       0       0       2       0                               0D   1730
     100    1268       0       0       0       0    1729       001010001D   1731
     100       0       0       1       0                               0D   1732
     124    1269       0       0       0       0       0       001020001D   1733
     124       0       0       2       0                               0D   1734
     100    1271       0       0       0       0    1733       001010001D   1735
     100       0       0       1       0                               0D   1736
     102    1272       0       0       0       0       0       001010001D   1737
     102       0       0       1       0                               0D   1738
     142    1273       0       0       0       0       0       001010001D   1739
     142       0       0       1       0                               0D   1740
     124    1274       0       0       0       0       0       001020001D   1741
     124       0       0       2       0                               0D   1742
     100    1276       0       0       0       0    1741       001010001D   1743
     100       0       0       2       0                               0D   1744
     124    1278       0       0       0       0       0       001020001D   1745
     124       0       0       2       0                               0D   1746
     100    1280       0       0       0       0    1745       001010001D   1747
     100       0       0       1       0                               0D   1748
     124    1281       0       0       0       0       0       001020001D   1749
     124       0       0       2       0                               0D   1750
     100    1283       0       0       0       0    1749       001010001D   1751
     100       0       0       1       0                               0D   1752
     102    1284       0       0       0       0       0       001010001D   1753
     102       0       0       1       0                               0D   1754
     142    1285       0       0       0       0       0       001010001D   1755
     142       0       0       1       0                               0D   1756
     124    1286       0       0       0       0       0       001020001D   1757
     124       0       0       2       0                               0D   1758
     100    1288       0       0       0       0    1757       001010001D   1759
     100       0       0       2       0                               0D   1760
     124    1290       0       0       0       0       0       001020001D   1761
     124       0       0       2       0                               0D   1762
     100    1292       0       0       0       0    1761       001010001D   1763
     100       0       0       1       0                               0D   1764
     124    1293       0       0       0       0       0       001020001D   1765
     124       0       0       2       0                               0D   1766
     100    1295       0       0       0       0    1765       001010001D   1767
     100       0       0       1       0                               0D   1768
     102    1296       0       0       0       0       0       001010001D   1769
     102       0       0       1       0                               0D   1770
     142    1297       0       0       0       0       0       001010001D   1771
     142       0       0       1       0                               0D   1772
     124    1298       0       0       0       0       0       001020001D   1773
     124       0       0       2       0                               0D   1774
     100    1300       0       0       0       0    1773       001010001D   1775
     100       0       0       2       0                               0D   1776
     124    1302       0       0       0       0       0       001020001D   1777
     124       0       0       2       0                               0D   1778
     100    1304       0       0       0       0    1777       001010001D   1779
     100       0       0       1       0                               0D   1780
     124    1305       0       0       0       0       0       001020001D   1781
     124       0       0       2       0                               0D   1782
     100    1307       0       0       0       0    1781       001010001D   1783
     100       0       0       1       0                               0D   1784
     102    1308       0       0       0       0       0       001010001D   1785
     102       0       0       1       0                               0D   1786
     142    1309       0       0       0       0       0       001010001D   1787
     142       0       0       1       0                               0D   1788
     124    1310       0       0       0       0       0       001020001D   1789
     124       0       0       2       0                               0D   1790
     100    1312       0       0       0       0    1789       001010001D   1791
     100       0       0       1       0                               0D   1792
     124    1313       0       0       0       0       0       001020001D   1793
     124       0       0       2       0                               0D   1794
     100    1315       0       0       0       0    1793       001010001D   1795
     100       0       0       1       0                               0D   1796
     124    1316       0       0       0       0       0       001020001D   1797
     124       0       0       2       0                               0D   1798
     100    1318       0       0       0       0    1797       001010001D   1799
     100       0       0       2       0                               0D   1800
     102    1320       0       0       0       0       0       001010001D   1801
     102       0       0       1       0                               0D   1802
     142    1321       0       0       0       0       0       001010001D   1803
     142       0       0       1       0                               0D   1804
     124    1322       0       0       0       0       0       001020001D   1805
     124       0       0       2       0                               0D   1806
     100    1324       0       0       0       0    1805       001010001D   1807
     100       0       0       1       0                               0D   1808
     124    1325       0       0       0       0       0       001020001D   1809
     124       0       0       2       0                               0D   1810
     100    1327       0       0       0       0    1809       001010001D   1811
     100       0       0       1       0                               0D   1812
     102    1328       0       0       0       0       0       001010001D   1813
     102       0       0       1       0                               0D   1814
     142    1329       0       0       0       0       0       001010001D   1815
     142       0       0       1       0                               0D   1816
     144    1330       0       0   10000       0       0       000000000D   1817
     144       0     -65       2       0                PartBody       0D   1818
     110    1332       0       0       0       0       0       001010001D   1819
     110       0       0       1       0                               0D   1820
     124    1333       0       0       0       0       0       001020001D   1821
     124       0       0       3       0                               0D   1822
     100    1336       0       0       0       0    1821       001010001D   1823
     100       0       0       1       0                               0D   1824
     120    1337       0       0       0       0       0       001010001D   1825
     120       0     -65       1       0                               0D   1826
     124    1338       0       0       0       0       0       001020001D   1827
     124       0       0       3       0                               0D   1828
     100    1341       0       0       0       0    1827       001010001D   1829
     100       0       0       1       0                               0D   1830
     124    1342       0       0       0       0       0       001020001D   1831
     124       0       0       2       0                               0D   1832
     100    1344       0       0       0       0    1831       001010001D   1833
     100       0       0       1       0                               0D   1834
     124    1345       0       0       0       0       0       001020001D   1835
     124       0       0       2       0                               0D   1836
     100    1347       0       0       0       0    1835       001010001D   1837
     100       0       0       1       0                               0D   1838
     124    1348       0       0       0       0       0       001020001D   1839
     124       0       0       2       0                               0D   1840
     100    1350       0       0       0       0    1839       001010001D   1841
     100       0       0       1       0                               0D   1842
     102    1351       0       0       0       0       0       001010001D   1843
     102       0       0       1       0                               0D   1844
     142    1352       0       0       0       0       0       001010001D   1845
     142       0       0       1       0                               0D   1846
     144    1353       0       0   10000       0       0       000000000D   1847
     144       0     -65       1       0                PartBody       0D   1848
     110    1354       0       0       0       0       0       001010001D   1849
     110       0       0       1       0                               0D   1850
     124    1355       0       0       0       0       0       001020001D   1851
     124       0       0       3       0                               0D   1852
     100    1358       0       0       0       0    1851       001010001D   1853
     100       0       0       1       0                               0D   1854
     120    1359       0       0       0       0       0       001010001D   1855
     120       0     -65       1       0                               0D   1856
     124    1360       0       0       0       0       0       001020001D   1857
     124       0       0       3       0                               0D   1858
     100    1363       0       0       0       0    1857       001010001D   1859
     100       0       0       1       0                               0D   1860
     124    1364       0       0       0       0       0       001020001D   1861
     124       0       0       2       0                               0D   1862
     100    1366       0       0       0       0    1861       001010001D   1863
     100       0       0       1       0                               0D   1864
     124    1367       0       0       0       0       0       001020001D   1865
     124       0       0       2       0                               0D   1866
     100    1369       0       0       0       0    1865       001010001D   1867
     100       0       0       1       0                               0D   1868
     124    1370       0       0       0       0       0       001020001D   1869
     124       0       0       2       0                               0D   1870
     100    1372       0       0       0       0    1869       001010001D   1871
     100       0       0       1       0                               0D   1872
     102    1373       0       0       0       0       0       001010001D   1873
     102       0       0       1       0                               0D   1874
     142    1374       0       0       0       0       0       001010001D   1875
     142       0       0       1       0                               0D   1876
     144    1375       0       0   10000       0       0       000000000D   1877
     144       0     -65       1       0                PartBody       0D   1878
108,1.0,0.0,0.0,-18.5,0,-18.5,0.0,0.0,1.0,0,0;                         1P      1
124,0.0,0.0,1.0,-18.5,1.0,0.0,0.0,0.0,0.0,1.0,0.0,0.0,0,0;             3P      2
100,0.0,0.0,0.0,2.067,0.0,-2.067,0.0,0,0;                              5P      3
124,0.0,0.0,1.0,-18.5,-1.0,0.0,0.0,0.0,0.0,-1.0,0.0,0.0,0,0;           7P      4
100,0.0,0.0,0.0,2.067,0.0,-2.067,0.0,0,0;                              9P      5
102,2,5,9,0,0;                                                        11P      6
142,0,1,0,11,2,0,0;                                                   13P      7
144,1,1,0,13,0,0;                                                     15P      8
110,-33.5,0.0,0.0,-32.5,0.0,0.0,0,0;                                  17P      9
110,-33.5,2.067,0.0,-18.5,2.067,0.0,0,0;                              19P     10
120,17,19,0.0,6.283185307,0,0;                                        21P     11
110,-33.5,-2.067,0.0,-18.5,-2.067,0.0,0,0;                            23P     12
124,0.0,0.0,-1.0,-18.5,-1.0,0.0,0.0,0.0,0.0,1.0,0.0,0.0,0,0;          25P     13
100,0.0,0.0,0.0,2.067,0.0,-2.067,0.0,0,0;                             27P     14
110,-18.5,2.067,0.0,-33.5,2.067,0.0,0,0;                              29P     15
124,0.0,0.0,1.0,-33.5,1.0,0.0,0.0,0.0,0.0,1.0,0.0,0.0,0,0;            31P     16
100,0.0,0.0,0.0,2.067,0.0,-2.067,0.0,0,0;                             33P     17
102,4,23,27,29,33,0,0;                                                35P     18
142,0,21,0,35,2,0,0;                                                  37P     19
144,21,1,0,37,0,0;                                                    39P     20
110,-33.5,0.0,0.0,-32.5,0.0,0.0,0,0;                                  41P     21
110,-33.5,-2.067,0.0,-18.5,-2.067,0.0,0,0;                            43P     22
120,41,43,0.0,6.283185307,0,0;                                        45P     23
110,-33.5,2.067,0.0,-18.5,2.067,0.0,0,0;                              47P     24
124,0.0,0.0,-1.0,-18.5,1.0,0.0,0.0,0.0,0.0,-1.0,0.0,0.0,0,0;          49P     25
100,0.0,0.0,0.0,2.067,0.0,-2.067,0.0,0,0;                             51P     26
110,-18.5,-2.067,0.0,-33.5,-2.067,0.0,0,0;                            53P     27
124,0.0,0.0,1.0,-33.5,-1.0,0.0,0.0,0.0,0.0,-1.0,0.0,0.0,0,0;          55P     28
100,0.0,0.0,0.0,2.067,0.0,-2.067,0.0,0,0;                             57P     29
102,4,47,51,53,57,0,0;                                                59P     30
142,0,45,0,59,2,0,0;                                                  61P     31
144,45,1,0,61,0,0;                                                    63P     32
314,20.0,20.0,20.0,5HColor,0,0;                                       65P     33
108,1.0,0.0,0.0,-33.5,0,-33.5,5.0,0.0,1.0,0,0;                        67P     34
124,0.0,0.0,1.0,-33.5,-0.8775825619,0.4794255386,0.0,0.0,             69P     35
-0.4794255386,-0.8775825619,0.0,0.0,0,0;                              69P     36
100,0.0,0.0,0.0,4.0,0.0,-2.0,3.464101615,0,0;                         71P     37
124,0.0,0.0,1.0,-33.5,0.8539859766,0.5202960232,0.0,0.0,              73P     38
-0.5202960232,0.8539859766,0.0,0.0,0,0;                               73P     39
100,0.0,0.0,0.0,4.0,0.0,2.0,3.464101615,0,0;                          75P     40
124,-2.386180143E-010,0.0,1.0,-33.5,0.8775825619,-0.4794255386,       77P     41
0.0,0.0,0.4794255386,0.8775825619,0.0,0.0,0,0;                        77P     42
100,0.0,0.0,0.0,4.0,0.0,-4.0,0.0,0,0;                                 79P     43
102,3,71,75,79,0,0;                                                   81P     44
142,0,67,0,81,2,0,0;                                                  83P     45
124,0.0,0.0,-1.0,-33.5,-1.0,0.0,0.0,0.0,0.0,1.0,0.0,0.0,0,0;          85P     46
100,0.0,0.0,0.0,2.067,0.0,-2.067,0.0,0,0;                             87P     47
124,0.0,0.0,-1.0,-33.5,1.0,0.0,0.0,0.0,0.0,-1.0,0.0,0.0,0,0;          89P     48
100,0.0,0.0,0.0,2.067,0.0,-2.067,0.0,0,0;                             91P     49
102,2,87,91,0,0;                                                      93P     50
142,0,67,0,93,2,0,0;                                                  95P     51
144,67,1,1,83,95,0,0;                                                 97P     52
314,37.25490196,0.0,0.0,5HColor,0,0;                                  99P     53
110,-37.5,0.0,0.0,-36.5,0.0,0.0,0,0;                                 101P     54
110,-33.5,-3.510330248,-1.917702154,-32.5,-4.387912809,              103P     55
-2.397127693,0,0;                                                    103P     56
120,101,103,0.0,3.141592654,0,0;                                     105P     57
124,0.0,0.0,-1.0,-33.5,0.8539859766,-0.5202960232,0.0,0.0,           107P     58
-0.5202960232,-0.8539859766,0.0,0.0,0,0;                             107P     59
100,0.0,0.0,0.0,4.0,0.0,-2.0,3.464101615,0,0;                        109P     60
110,-33.5,-3.510330248,-1.917702154,-32.5,-4.387912809,              111P     61
-2.397127693,0,0;                                                    111P     62
124,0.0,0.0,1.0,-32.5,-0.8775825619,0.4794255386,0.0,0.0,            113P     63
-0.4794255386,-0.8775825619,0.0,0.0,0,0;                             113P     64
100,0.0,0.0,0.0,5.0,0.0,-2.5,4.330127019,0,0;                        115P     65
124,0.0,0.0,1.0,-32.5,0.8539859766,0.5202960232,0.0,0.0,             117P     66
-0.5202960232,0.8539859766,0.0,0.0,0,0;                              117P     67
100,0.0,0.0,0.0,5.0,0.0,2.5,4.330127019,0,0;                         119P     68
110,-32.5,4.387912809,2.397127693,-33.5,3.510330247,1.917702154,     121P     69
0,0;                                                                 121P     70
124,-2.390674326E-010,0.0,-1.0,-33.5,0.8775825619,0.4794255386,      123P     71
0.0,0.0,0.4794255386,-0.8775825619,0.0,0.0,0,0;                      123P     72
100,0.0,0.0,0.0,4.0,0.0,2.0,3.464101615,0,0;                         125P     73
102,6,109,111,115,119,121,125,0,0;                                   127P     74
142,0,105,0,127,2,0,0;                                               129P     75
144,105,1,0,129,0,0;                                                 131P     76
110,-37.5,0.0,0.0,-36.5,0.0,0.0,0,0;                                 133P     77
110,-33.5,3.510330247,1.917702154,-32.5,4.387912809,2.397127693,     135P     78
0,0;                                                                 135P     79
120,133,135,0.0,3.141592654,0,0;                                     137P     80
124,0.0,0.0,1.0,-32.5,0.8775825619,-0.4794255386,0.0,0.0,            139P     81
0.4794255386,0.8775825619,0.0,0.0,0,0;                               139P     82
100,0.0,0.0,0.0,5.0,0.0,-5.0,0.0,0,0;                                141P     83
110,-32.5,-4.387912809,-2.397127693,-33.5,-3.510330248,              143P     84
-1.917702154,0,0;                                                    143P     85
124,0.0,0.0,-1.0,-33.5,-0.8775825619,-0.4794255386,0.0,0.0,          145P     86
-0.4794255386,0.8775825619,0.0,0.0,0,0;                              145P     87
100,0.0,0.0,0.0,4.0,0.0,-4.0,0.0,0,0;                                147P     88
110,-33.5,3.510330247,1.917702154,-32.5,4.387912809,2.397127693,     149P     89
0,0;                                                                 149P     90
102,4,141,143,147,149,0,0;                                           151P     91
142,0,137,0,151,2,0,0;                                               153P     92
144,137,1,0,153,0,0;                                                 155P     93
314,88.23529412,100.0,68.62745098,5HColor,0,0;                       157P     94
110,-3.5,0.0,0.0,-2.5,0.0,0.0,0,0;                                   159P     95
110,-32.5,-4.387912809,-2.397127693,-0.5,-4.387912809,               161P     96
-2.397127693,0,0;                                                    161P     97
120,159,161,0.0,6.283185307,0,0;                                     163P     98
124,0.0,0.0,-1.0,-32.5,0.8775825619,0.4794255386,0.0,0.0,            165P     99
0.4794255386,-0.8775825619,0.0,0.0,0,0;                              165P    100
100,0.0,0.0,0.0,5.0,0.0,2.5,4.330127019,0,0;                         167P    101
124,0.0,0.0,-1.0,-32.5,0.8539859766,-0.5202960232,0.0,0.0,           169P    102
-0.5202960232,-0.8539859766,0.0,0.0,0,0;                             169P    103
100,0.0,0.0,0.0,5.0,0.0,-2.5,4.330127019,0,0;                        171P    104
110,-32.5,-4.387912809,-2.397127693,-0.5,-4.387912809,               173P    105
-2.397127693,0,0;                                                    173P    106
124,0.0,0.0,1.0,-0.5,-0.8775825619,0.4794255386,0.0,0.0,             175P    107
-0.4794255386,-0.8775825619,0.0,0.0,0,0;                             175P    108
100,0.0,0.0,0.0,5.0,0.0,-5.0,0.0,0,0;                                177P    109
110,-0.5,4.387912809,2.397127693,-32.5,4.387912809,2.397127693,      179P    110
0,0;                                                                 179P    111
102,5,167,171,173,177,179,0,0;                                       181P    112
142,0,163,0,181,2,0,0;                                               183P    113
144,163,1,0,183,0,0;                                                 185P    114
110,-3.5,0.0,0.0,-2.5,0.0,0.0,0,0;                                   187P    115
110,-32.5,4.387912809,2.397127693,-0.5,4.387912809,2.397127693,      189P    116
0,0;                                                                 189P    117
120,187,189,0.0,6.283185307,0,0;                                     191P    118
124,0.0,0.0,-1.0,-32.5,-0.8775825619,-0.4794255386,0.0,0.0,          193P    119
-0.4794255386,0.8775825619,0.0,0.0,0,0;                              193P    120
100,0.0,0.0,0.0,5.0,0.0,-5.0,0.0,0,0;                                195P    121
110,-32.5,4.387912809,2.397127693,-0.5,4.387912809,2.397127693,      197P    122
0,0;                                                                 197P    123
124,0.0,0.0,1.0,-0.5,0.8775825619,-0.4794255386,0.0,0.0,             199P    124
0.4794255386,0.8775825619,0.0,0.0,0,0;                               199P    125
100,0.0,0.0,0.0,5.0,0.0,-5.0,0.0,0,0;                                201P    126
110,-0.5,-4.387912809,-2.397127693,-32.5,-4.387912809,               203P    127
-2.397127693,0,0;                                                    203P    128
102,4,195,197,201,203,0,0;                                           205P    129
142,0,191,0,205,2,0,0;                                               207P    130
144,191,1,0,207,0,0;                                                 209P    131
110,-3.5,0.0,0.0,-2.5,0.0,0.0,0,0;                                   211P    132
110,0.0,25.2566909,2.69435791,4.0,25.2566909,2.69435791,0,0;         213P    133
120,211,213,0.0,6.283185307,0,0;                                     215P    134
110,0.0,25.2566909,2.694357909,4.0,25.2566909,2.694357909,0,0;       217P    135
124,0.0,0.0,1.0,4.0,0.9943579096,-0.106077083,0.0,0.0,               219P    136
0.106077083,0.9943579096,0.0,0.0,0,0;                                219P    137
100,0.0,0.0,0.0,25.4,0.0,23.4565755,9.744181124,0,0;                 221P    138
110,4.0,22.29059707,12.17740868,0.0,22.29059707,12.17740868,0,0;     223P    139
124,0.0,0.0,-1.0,0.0,0.8775825619,0.4794255386,0.0,0.0,              225P    140
0.4794255386,-0.8775825619,0.0,0.0,0,0;                              225P    141
100,0.0,0.0,0.0,25.4,0.0,23.4565755,9.744181124,0,0;                 227P    142
102,4,217,221,223,227,0,0;                                           229P    143
142,0,215,0,229,2,0,0;                                               231P    144
144,215,1,0,231,0,0;                                                 233P    145
110,-3.5,0.0,0.0,-2.5,0.0,0.0,0,0;                                   235P    146
110,0.0,22.29059707,12.17740868,4.0,22.29059707,12.17740868,0,0;     237P    147
120,235,237,0.0,6.283185307,0,0;                                     239P    148
110,4.0,-22.29059707,-12.17740868,0.0,-22.29059707,-12.17740868,     241P    149
0,0;                                                                 241P    150
124,0.0,0.0,-1.0,0.0,-0.8775825619,-0.4794255386,0.0,0.0,            243P    151
-0.4794255386,0.8775825619,0.0,0.0,0,0;                              243P    152
100,0.0,0.0,0.0,25.4,0.0,-25.4,0.0,0,0;                              245P    153
110,0.0,22.29059707,12.17740868,4.0,22.29059707,12.17740868,0,0;     247P    154
124,0.0,0.0,1.0,4.0,0.8775825619,-0.4794255386,0.0,0.0,              249P    155
0.4794255386,0.8775825619,0.0,0.0,0,0;                               249P    156
100,0.0,0.0,0.0,25.4,0.0,-25.4,3.572136142E-010,0,0;                 251P    157
102,4,241,245,247,251,0,0;                                           253P    158
142,0,239,0,253,2,0,0;                                               255P    159
144,239,1,0,255,0,0;                                                 257P    160
110,-3.5,0.0,0.0,-2.5,0.0,0.0,0,0;                                   259P    161
110,0.0,-22.29059707,-12.17740868,4.0,-22.29059707,-12.17740868,     261P    162
0,0;                                                                 261P    163
120,259,261,0.0,6.283185307,0,0;                                     263P    164
110,4.0,25.26591054,-2.606485073,0.0,25.26591054,-2.606485073,0,     265P    165
0;                                                                   265P    166
124,0.0,0.0,-1.0,0.0,0.9947208875,-0.1026175225,0.0,0.0,             267P    167
-0.1026175225,-0.9947208875,0.0,0.0,0,0;                             267P    168
100,0.0,0.0,0.0,25.4,0.0,-20.92330699,14.40052862,0,0;               269P    169
110,0.0,-22.29059707,-12.17740868,4.0,-22.29059707,-12.17740868,     271P    170
0,0;                                                                 271P    171
124,0.0,0.0,1.0,4.0,-0.8775825619,0.4794255386,0.0,0.0,              273P    172
-0.4794255386,-0.8775825619,0.0,0.0,0,0;                             273P    173
100,0.0,0.0,0.0,25.4,0.0,-20.92330699,14.40052862,0,0;               275P    174
102,4,265,269,271,275,0,0;                                           277P    175
142,0,263,0,277,2,0,0;                                               279P    176
144,263,1,0,279,0,0;                                                 281P    177
108,0.0,-0.7071067812,-0.7071067812,-16.02263341,0,7.0,              283P    178
24.35942547,-1.7,1.0,0,0;                                            283P    179
110,4.0,25.26591054,-2.606485073,4.0,24.35942547,-1.699999999,0,     285P    180
0;                                                                   285P    181
110,4.0,24.35942547,-1.699999999,0.0,24.35942547,-1.699999999,0,     287P    182
0;                                                                   287P    183
110,0.0,24.35942547,-1.699999999,0.0,25.26591054,-2.606485073,0,     289P    184
0;                                                                   289P    185
110,0.0,25.26591054,-2.606485073,4.0,25.26591054,-2.606485073,0,     291P    186
0;                                                                   291P    187
102,4,285,287,289,291,0,0;                                           293P    188
142,0,283,0,293,2,0,0;                                               295P    189
144,283,1,0,295,0,0;                                                 297P    190
108,0.0,0.0,1.0,-1.7,0,14.0,6.0,-1.7,1.0,0,0;                        299P    191
110,13.0,14.93329579,-1.7,13.0,6.0,-1.7,0,0;                         301P    192
110,13.0,6.0,-1.7,0.0,6.0,-1.699999999,0,0;                          303P    193
110,0.0,6.0,-1.699999999,0.0,24.35942547,-1.699999999,0,0;           305P    194
110,0.0,24.35942547,-1.699999999,4.0,24.35942547,-1.699999999,0,     307P    195
0;                                                                   307P    196
110,4.0,24.35942547,-1.699999999,4.0,14.93329579,-1.7,0,0;           309P    197
110,4.0,14.93329579,-1.7,13.0,14.93329579,-1.7,0,0;                  311P    198
102,6,301,303,305,307,309,311,0,0;                                   313P    199
142,0,299,0,313,2,0,0;                                               315P    200
144,299,1,0,315,0,0;                                                 317P    201
108,0.0,0.7781250456,-0.6281093961,17.96051224,0,7.0,25.2566909,     319P    202
2.69435791,1.0,0,0;                                                  319P    203
110,4.0,25.2566909,2.694357909,0.0,25.2566909,2.694357909,0,0;       321P    204
110,0.0,25.2566909,2.694357909,0.0,24.45403644,1.699999999,0,0;      323P    205
110,0.0,24.45403644,1.699999999,4.0,24.45403644,1.7,0,0;             325P    206
110,4.0,24.45403644,1.7,4.0,25.2566909,2.694357909,0,0;              327P    207
102,4,321,323,325,327,0,0;                                           329P    208
142,0,319,0,329,2,0,0;                                               331P    209
144,319,1,0,331,0,0;                                                 333P    210
108,1.0,0.0,0.0,4.0,0,4.0,25.4,0.0,1.0,0,0;                          335P    211
110,4.0,24.35942547,-1.699999999,4.0,25.26591054,-2.606485073,0,     337P    212
0;                                                                   337P    213
124,0.0,0.0,-1.0,4.0,0.9947208875,-0.1026175225,0.0,                 339P    214
1.355431323E-010,-0.1026175225,-0.9947208875,0.0,                    339P    215
-5.674323234E-010,0,0;                                               339P    216
100,0.0,0.0,0.0,25.4,0.0,-20.92330699,14.40052862,0,0;               341P    217
124,0.0,0.0,-1.0,4.0,-0.8775825619,-0.4794255386,0.0,                343P    218
-3.725304509E-010,-0.4794255386,0.8775825619,0.0,0.0,0,0;            343P    219
100,0.0,0.0,0.0,25.4,0.0,-25.4,0.0,0,0;                              345P    220
124,0.0,0.0,-1.0,4.0,0.8775825618,0.4794255387,0.0,                  347P    221
1.459732246E-008,0.4794255387,-0.8775825618,0.0,                     347P    222
4.654732599E-009,0,0;                                                347P    223
100,0.0,0.0,0.0,25.39999998,0.0,23.45657548,9.744181123,0,0;         349P    224
110,4.0,25.2566909,2.694357909,4.0,24.45403644,1.7,0,0;              351P    225
110,4.0,24.45403644,1.7,4.0,15.07403168,1.7,0,0;                     353P    226
110,4.0,15.07403168,1.7,4.0,15.77296494,2.685810309,0,0;             355P    227
124,0.0,0.0,1.0,4.0,0.9858103088,-0.1678631441,0.0,                  357P    228
1.62609517E-008,0.1678631441,0.9858103088,0.0,6.538341424E-009,      357P    229
0,0;                                                                 357P    230
100,0.0,0.0,0.0,15.99999998,0.0,15.12972502,5.20494192,0,0;          359P    231
124,0.0,0.0,1.0,4.0,0.877582562,-0.4794255384,0.0,                   361P    232
-7.065825258E-009,0.4794255384,0.877582562,0.0,                      361P    233
-3.097806456E-010,0,0;                                               361P    234
100,0.0,0.0,0.0,16.00000001,0.0,15.65014579,3.327602265,0,0;         363P    235
124,0.0,0.0,1.0,4.0,0.9935877295,0.1130638041,0.0,10.52835186,       365P    236
-0.1130638041,0.9935877295,0.0,10.60660171,0,0;                      365P    237
100,0.0,0.0,0.0,1.620999953,0.0,1.610605662,0.183276424,0,0;         367P    238
124,0.0,0.0,1.0,4.0,1.0,-1.196153326E-009,0.0,10.52835181,           369P    239
1.196153326E-009,1.0,0.0,10.60660172,0,0;                            369P    240
100,0.0,0.0,0.0,1.621000002,0.0,-0.1951974219,1.609204454,0,0;       371P    241
124,0.0,0.0,1.0,4.0,0.6458221495,-0.7634878855,0.0,                  373P    242
1.051347454E-009,0.7634878855,0.6458221495,0.0,4.052457925E-009,     373P    243
0,0;                                                                 373P    244
100,0.0,0.0,0.0,16.0,0.0,4.207952075,15.43674639,0,0;                375P    245
124,0.0,0.0,1.0,4.0,0.51280717,-0.8585038185,0.0,-10.60660172,       377P    246
0.8585038185,0.51280717,0.0,10.60660172,0,0;                         377P    247
100,0.0,0.0,0.0,2.999999999,0.0,-1.53842151,2.575511455,0,0;         379P    248
124,0.0,0.0,1.0,4.0,-1.0,-2.274195663E-009,0.0,-10.60660174,         381P    249
2.274195663E-009,-1.0,0.0,10.60660171,0,0;                           381P    250
100,0.0,0.0,0.0,2.999999978,0.0,2.57551143,1.538421509,0,0;          383P    251
124,0.0,0.0,1.0,4.0,-0.8238820732,-0.5667612631,0.0,                 385P    252
-3.036731755E-009,0.5667612631,-0.8238820732,0.0,                    385P    253
-1.149991213E-009,0,0;                                               385P    254
100,0.0,0.0,0.0,16.0,0.0,7.220875465,14.27791853,0,0;                387P    255
124,0.0,0.0,1.0,4.0,-0.877582562,0.4794255385,0.0,                   389P    256
6.320764356E-009,-0.4794255385,-0.877582562,0.0,                     389P    257
3.097806456E-010,0,0;                                                389P    258
100,0.0,0.0,0.0,16.00000001,0.0,15.65014579,3.327602265,0,0;         391P    259
124,0.0,0.0,1.0,4.0,-0.9935877295,-0.1130638041,0.0,                 393P    260
-10.52835186,0.1130638041,-0.9935877295,0.0,-10.60660171,0,0;        393P    261
100,0.0,0.0,0.0,1.620999953,0.0,1.610605662,0.1832764241,0,0;        395P    262
124,0.0,0.0,1.0,4.0,-1.0,1.196153327E-009,0.0,-10.52835181,          397P    263
-1.196153327E-009,-1.0,0.0,-10.60660172,0,0;                         397P    264
100,0.0,0.0,0.0,1.621000002,0.0,-0.1951974226,1.609204454,0,0;       399P    265
124,0.0,0.0,1.0,4.0,-0.6458221494,0.7634878855,0.0,                  401P    266
-8.000853313E-010,-0.7634878855,-0.6458221494,0.0,                   401P    267
-1.528229987E-009,0,0;                                               401P    268
100,0.0,0.0,0.0,16.0,0.0,4.207952079,15.4367464,0,0;                 403P    269
124,0.0,0.0,1.0,4.0,-0.5128071702,0.8585038184,0.0,10.60660172,      405P    270
-0.8585038184,-0.5128071702,0.0,-10.60660172,0,0;                    405P    271
100,0.0,0.0,0.0,2.999999999,0.0,-1.53842151,2.575511455,0,0;         407P    272
124,0.0,0.0,1.0,4.0,1.0,-2.145116659E-009,0.0,10.60660169,           409P    273
2.145116659E-009,1.0,0.0,-10.60660172,0,0;                           409P    274
100,0.0,0.0,0.0,3.000000026,0.0,2.575511485,1.538421511,0,0;         411P    275
124,0.0,0.0,1.0,4.0,0.8238820734,0.5667612629,0.0,                   413P    276
-1.162288044E-008,-0.5667612629,0.8238820734,0.0,                    413P    277
4.736028458E-009,0,0;                                                413P    278
100,0.0,0.0,0.0,16.00000001,0.0,14.46341193,6.841762623,0,0;         415P    279
110,4.0,15.79379182,-2.56049603,4.0,14.93329579,-1.7,0,0;            417P    280
110,4.0,14.93329579,-1.7,4.0,24.35942547,-1.699999999,0,0;           419P    281
102,24,337,341,345,349,351,353,355,359,363,367,371,375,379,383,      421P    282
387,391,395,399,403,407,411,415,417,419,0,0;                         421P    283
142,0,335,0,421,2,0,0;                                               423P    284
144,335,1,0,423,0,0;                                                 425P    285
108,0.0,-0.7071067812,-0.7071067812,-9.357353192,0,7.0,              427P    286
14.93329579,-1.7,1.0,0,0;                                            427P    287
110,13.0,14.93329579,-1.7,4.0,14.93329579,-1.7,0,0;                  429P    288
110,4.0,14.93329579,-1.7,4.0,15.79379182,-2.56049603,0,0;            431P    289
110,4.0,15.79379182,-2.56049603,13.86049603,15.79379182,             433P    290
-2.56049603,0,0;                                                     433P    291
110,13.86049603,15.79379182,-2.56049603,13.0,14.93329579,-1.7,0,     435P    292
0;                                                                   435P    293
102,4,429,431,433,435,0,0;                                           437P    294
142,0,427,0,437,2,0,0;                                               439P    295
144,427,1,0,439,0,0;                                                 441P    296
108,0.7071067812,0.0,0.7071067812,7.990306627,0,13.0,                443P    297
2.836276101,-1.7,1.0,0,0;                                            443P    298
110,13.0,6.0,-1.7,13.0,14.93329579,-1.7,0,0;                         445P    299
110,13.0,14.93329579,-1.7,13.86049603,15.79379182,-2.56049603,0,     447P    300
0;                                                                   447P    301
126,5,5,0,0,1,0,0.0,0.0,0.0,0.0,0.0,0.0,0.2809391191,                449P    302
0.2809391191,0.2809391191,0.2809391191,0.2809391191,                 449P    303
0.2809391191,1.0,1.0,1.0,1.0,1.0,1.0,13.86049603,15.79379182,        449P    304
-2.56049603,13.88840711,15.78926687,-2.588407108,13.91631314,        449P    305
15.78467945,-2.616313141,13.94421414,15.78002953,-2.644214138,       449P    306
13.97210975,15.77531712,-2.672109755,14.0,15.77054216,-2.7,0.0,      449P    307
0.2809391191,0.0,0.0,0.0,0,0;                                        449P    308
110,14.0,15.77054216,-2.699999999,14.0,6.0,-2.7,0,0;                 451P    309
110,14.0,6.0,-2.7,13.0,6.0,-1.7,0,0;                                 453P    310
102,5,445,447,449,451,453,0,0;                                       455P    311
142,0,443,0,455,2,0,0;                                               457P    312
144,443,1,0,457,0,0;                                                 459P    313
110,-3.5,0.0,0.0,-2.5,0.0,0.0,0,0;                                   461P    314
110,4.0,-14.04132099,-7.670808618,14.0,-14.04132099,                 463P    315
-7.670808618,0,0;                                                    463P    316
120,461,463,0.0,6.283185307,0,0;                                     465P    317
126,3,3,0,0,1,0,0.0,0.0,0.0,0.0,0.280939351,0.280939351,             467P    318
0.280939351,0.280939351,1.0,1.0,1.0,1.0,14.0,15.77054216,-2.7,       467P    319
13.95351622,15.77850043,-2.653516219,13.90701453,15.78625022,        467P    320
-2.607014532,13.86049603,15.79379182,-2.56049603,0.0,                467P    321
0.280939351,0.0,0.0,0.0,0,0;                                         467P    322
110,13.86049603,15.79379182,-2.56049603,4.0,15.79379182,             469P    323
-2.56049603,0,0;                                                     469P    324
124,0.0,0.0,-1.0,4.0,0.9871119888,-0.1600310018,0.0,0.0,             471P    325
-0.1600310018,-0.9871119888,0.0,0.0,0,0;                             471P    326
100,0.0,0.0,0.0,16.0,0.0,14.46341191,6.841762622,0,0;                473P    327
110,4.0,13.18211317,-9.068180208,7.0,13.18211317,-9.068180208,0,     475P    328
0;                                                                   475P    329
124,0.0,0.0,-1.0,7.0,0.8238820733,-0.566761263,0.0,0.0,              477P    330
-0.566761263,-0.8238820733,0.0,0.0,0,0;                              477P    331
100,0.0,0.0,0.0,16.0,0.0,14.94222222,5.721013465,0,0;                479P    332
110,7.0,9.068180208,-13.18211317,4.0,9.068180208,-13.18211317,0,     481P    333
0;                                                                   481P    334
124,0.0,0.0,-1.0,4.0,0.566761263,-0.8238820733,0.0,0.0,              483P    335
-0.8238820733,-0.566761263,0.0,0.0,0,0;                              483P    336
100,0.0,0.0,0.0,16.0,0.0,4.207952081,15.4367464,0,0;                 485P    337
110,4.0,-10.33315439,-12.21580617,7.0,-10.33315439,-12.21580617,     487P    338
0,0;                                                                 487P    339
124,0.0,0.0,-1.0,7.0,-0.6458221494,-0.7634878855,0.0,0.0,            489P    340
-0.7634878855,0.6458221494,0.0,0.0,0,0;                              489P    341
100,0.0,0.0,0.0,16.0,0.0,15.79769023,2.536332669,0,0;                491P    342
110,7.0,-12.13895753,-10.42332529,4.0,-12.13895753,-10.42332529,     493P    343
0,0;                                                                 493P    344
124,0.0,0.0,-1.0,4.0,-0.7586848454,-0.6514578309,0.0,0.0,            495P    345
-0.6514578309,0.7586848454,0.0,0.0,0,0;                              495P    346
100,0.0,0.0,0.0,16.0,0.0,15.65014579,3.327602265,0,0;                497P    347
110,4.0,-14.04132099,-7.670808618,14.0,-14.04132099,                 499P    348
-7.670808617,0,0;                                                    499P    349
124,0.0,0.0,1.0,14.0,-0.8775825619,0.4794255386,0.0,0.0,             501P    350
-0.4794255386,-0.8775825619,0.0,0.0,0,0;                             501P    351
100,0.0,0.0,0.0,16.0,0.0,-12.54550384,9.930273585,0,0;               503P    352
102,13,467,469,473,475,479,481,485,487,491,493,497,499,503,0,0;      505P    353
142,0,465,0,505,2,0,0;                                               507P    354
144,465,1,0,507,0,0;                                                 509P    355
110,-3.5,0.0,0.0,-2.5,0.0,0.0,0,0;                                   511P    356
110,4.0,14.04132099,7.670808618,14.0,14.04132099,7.670808618,0,      513P    357
0;                                                                   513P    358
120,511,513,0.0,6.283185307,0,0;                                     515P    359
110,4.0,-13.18211317,9.068180208,7.0,-13.18211317,9.068180208,0,     517P    360
0;                                                                   517P    361
124,0.0,0.0,-1.0,7.0,-0.8238820733,0.566761263,0.0,0.0,              519P    362
0.566761263,0.8238820733,0.0,0.0,0,0;                                519P    363
100,0.0,0.0,0.0,16.0,0.0,14.94222222,5.721013465,0,0;                521P    364
110,7.0,-9.068180208,13.18211317,4.0,-9.068180208,13.18211317,0,     523P    365
0;                                                                   523P    366
124,0.0,0.0,-1.0,4.0,-0.566761263,0.8238820733,0.0,0.0,              525P    367
0.8238820733,0.566761263,0.0,0.0,0,0;                                525P    368
100,0.0,0.0,0.0,16.0,0.0,4.207952081,15.4367464,0,0;                 527P    369
110,4.0,10.33315439,12.21580617,7.0,10.33315439,12.21580617,0,0;     529P    370
124,0.0,0.0,-1.0,7.0,0.6458221494,0.7634878855,0.0,0.0,              531P    371
0.7634878855,-0.6458221494,0.0,0.0,0,0;                              531P    372
100,0.0,0.0,0.0,16.0,0.0,15.79769023,2.536332669,0,0;                533P    373
110,7.0,12.13895753,10.42332529,4.0,12.13895753,10.42332529,0,0;     535P    374
124,0.0,0.0,-1.0,4.0,0.7586848454,0.6514578309,0.0,0.0,              537P    375
0.6514578309,-0.7586848454,0.0,0.0,0,0;                              537P    376
100,0.0,0.0,0.0,16.0,0.0,15.65014579,3.327602265,0,0;                539P    377
110,4.0,14.04132099,7.670808618,14.0,14.04132099,7.670808617,0,      541P    378
0;                                                                   541P    379
124,0.0,0.0,1.0,14.0,0.8775825619,-0.4794255386,0.0,0.0,             543P    380
0.4794255386,0.8775825619,0.0,0.0,0,0;                               543P    381
100,0.0,0.0,0.0,16.0,0.0,-16.0,0.0,0,0;                              545P    382
110,14.0,-14.04132099,-7.670808617,4.0,-14.04132099,                 547P    383
-7.670808618,0,0;                                                    547P    384
124,0.0,0.0,-1.0,4.0,-0.8775825619,-0.4794255386,0.0,0.0,            549P    385
-0.4794255386,0.8775825619,0.0,0.0,0,0;                              549P    386
100,0.0,0.0,0.0,16.0,0.0,7.22087547,14.27791853,0,0;                 551P    387
102,12,517,521,523,527,529,533,535,539,541,545,547,551,0,0;          553P    388
142,0,515,0,553,2,0,0;                                               555P    389
144,515,1,0,555,0,0;                                                 557P    390
110,-3.5,0.0,0.0,-2.5,0.0,0.0,0,0;                                   559P    391
110,4.0,15.77296494,2.685810309,14.0,15.77296494,2.685810309,0,      561P    392
0;                                                                   561P    393
120,559,561,0.0,6.283185307,0,0;                                     563P    394
126,2,2,0,0,1,0,0.0,0.0,0.0,0.0285854717,0.0285854717,               565P    395
0.0285854717,1.0,1.0,1.0,13.98581031,15.77296494,2.685810309,        565P    396
13.99290543,15.77175679,2.692905431,14.0,15.77054216,2.7,0.0,        565P    397
0.0285854717,0.0,0.0,0.0,0,0;                                        565P    398
124,0.0,0.0,1.0,14.0,0.985658885,-0.16875,0.0,0.0,0.16875,           567P    399
0.985658885,0.0,0.0,0,0;                                             567P    400
100,0.0,0.0,0.0,16.0,0.0,15.13440174,5.191327752,0,0;                569P    401
110,14.0,14.04132099,7.670808617,4.0,14.04132099,7.670808618,0,      571P    402
0;                                                                   571P    403
124,0.0,0.0,-1.0,4.0,0.8775825619,0.4794255386,0.0,0.0,              573P    404
0.4794255386,-0.8775825619,0.0,0.0,0,0;                              573P    405
100,0.0,0.0,0.0,16.0,0.0,15.12972503,5.20494192,0,0;                 575P    406
110,4.0,15.77296494,2.685810309,13.98581031,15.77296494,             577P    407
2.685810309,0,0;                                                     577P    408
102,5,565,569,571,575,577,0,0;                                       579P    409
142,0,563,0,579,2,0,0;                                               581P    410
144,563,1,0,581,0,0;                                                 583P    411
108,0.0,0.8157703219,-0.5783759866,11.3137085,0,7.0,15.77296494,     585P    412
2.685810309,1.0,0,0;                                                 585P    413
110,13.0,15.07403168,1.7,13.98581031,15.77296494,2.685810309,0,      587P    414
0;                                                                   587P    415
110,13.98581031,15.77296494,2.685810309,4.0,15.77296494,             589P    416
2.685810309,0,0;                                                     589P    417
110,4.0,15.77296494,2.685810309,4.0,15.07403168,1.7,0,0;             591P    418
110,4.0,15.07403168,1.7,13.0,15.07403168,1.7,0,0;                    593P    419
102,4,587,589,591,593,0,0;                                           595P    420
142,0,585,0,595,2,0,0;                                               597P    421
144,585,1,0,597,0,0;                                                 599P    422
108,1.0,0.0,0.0,14.0,0,14.0,16.0,0.0,1.0,0,0;                        601P    423
110,14.0,15.77054216,2.699999999,14.0,6.0,2.7,0,0;                   603P    424
110,14.0,6.0,2.7,14.0,6.0,-2.7,0,0;                                  605P    425
110,14.0,6.0,-2.7,14.0,15.77054216,-2.699999999,0,0;                 607P    426
124,0.0,0.0,-1.0,14.0,0.985658885,-0.16875,0.0,                      609P    427
-1.368185565E-010,-0.16875,-0.985658885,0.0,9.422684855E-010,0,      609P    428
0;                                                                   609P    429
100,0.0,0.0,0.0,16.0,0.0,-12.54550384,9.930273586,0,0;               611P    430
124,0.0,0.0,-1.0,14.0,-0.8775825619,-0.4794255386,0.0,0.0,           613P    431
-0.4794255386,0.8775825619,0.0,0.0,0,0;                              613P    432
100,0.0,0.0,0.0,16.0,0.0,-16.0,0.0,0,0;                              615P    433
124,0.0,0.0,-1.0,14.0,0.8775825622,0.4794255381,0.0,                 617P    434
-5.088755017E-008,0.4794255381,-0.8775825622,0.0,                    617P    435
-1.782422698E-008,0,0;                                               617P    436
100,0.0,0.0,0.0,16.00000005,0.0,15.1344018,5.191327752,0,0;          619P    437
102,6,603,605,607,611,615,619,0,0;                                   621P    438
142,0,601,0,621,2,0,0;                                               623P    439
124,0.0,0.0,1.0,14.0,-1.0,0.0,0.0,5.65685425,0.0,-1.0,0.0,           625P    440
5.65685425,0,0;                                                      625P    441
100,0.0,0.0,0.0,1.65,0.0,-1.65,0.0,0,0;                              627P    442
124,0.0,0.0,1.0,14.0,1.0,0.0,0.0,5.65685425,0.0,1.0,0.0,             629P    443
5.65685425,0,0;                                                      629P    444
100,0.0,0.0,0.0,1.65,0.0,-1.65,0.0,0,0;                              631P    445
102,2,627,631,0,0;                                                   633P    446
142,0,601,0,633,2,0,0;                                               635P    447
124,0.0,0.0,1.0,14.0,-0.8775825619,0.4794255386,0.0,0.0,             637P    448
-0.4794255386,-0.8775825619,0.0,0.0,0,0;                             637P    449
100,0.0,0.0,0.0,5.5,0.0,-5.5,0.0,0,0;                                639P    450
124,0.0,0.0,1.0,14.0,0.8775825619,-0.4794255386,0.0,0.0,             641P    451
0.4794255386,0.8775825619,0.0,0.0,0,0;                               641P    452
100,0.0,0.0,0.0,5.5,0.0,-5.5,0.0,0,0;                                643P    453
102,2,639,643,0,0;                                                   645P    454
142,0,601,0,645,2,0,0;                                               647P    455
124,0.0,0.0,1.0,14.0,0.0,-1.0,0.0,5.65685425,1.0,0.0,0.0,            649P    456
-5.65685425,0,0;                                                     649P    457
100,0.0,0.0,0.0,1.65,0.0,-1.65,0.0,0,0;                              651P    458
124,0.0,0.0,1.0,14.0,0.0,1.0,0.0,5.65685425,-1.0,0.0,0.0,            653P    459
-5.65685425,0,0;                                                     653P    460
100,0.0,0.0,0.0,1.65,0.0,-1.65,0.0,0,0;                              655P    461
102,2,651,655,0,0;                                                   657P    462
142,0,601,0,657,2,0,0;                                               659P    463
124,0.0,0.0,1.0,14.0,1.0,0.0,0.0,-5.65685425,0.0,1.0,0.0,            661P    464
-5.65685425,0,0;                                                     661P    465
100,0.0,0.0,0.0,1.65,0.0,-1.65,0.0,0,0;                              663P    466
124,0.0,0.0,1.0,14.0,-1.0,0.0,0.0,-5.65685425,0.0,-1.0,0.0,          665P    467
-5.65685425,0,0;                                                     665P    468
100,0.0,0.0,0.0,1.65,0.0,-1.65,0.0,0,0;                              667P    469
102,2,663,667,0,0;                                                   669P    470
142,0,601,0,669,2,0,0;                                               671P    471
124,0.0,0.0,1.0,14.0,0.0,1.0,0.0,-5.65685425,-1.0,0.0,0.0,           673P    472
5.65685425,0,0;                                                      673P    473
100,0.0,0.0,0.0,1.65,0.0,-1.65,0.0,0,0;                              675P    474
124,0.0,0.0,1.0,14.0,0.0,-1.0,0.0,-5.65685425,1.0,0.0,0.0,           677P    475
5.65685425,0,0;                                                      677P    476
100,0.0,0.0,0.0,1.65,0.0,-1.65,0.0,0,0;                              679P    477
102,2,675,679,0,0;                                                   681P    478
142,0,601,0,681,2,0,0;                                               683P    479
144,601,1,5,623,635,647,659,671,683,0,0;                             685P    480
108,-0.7071067812,0.0,0.7071067812,-7.990306627,0,13.0,              687P    481
2.895125367,1.7,1.0,0,0;                                             687P    482
110,13.0,6.0,1.7,14.0,6.0,2.7,0,0;                                   689P    483
110,14.0,6.0,2.7,14.0,15.77054216,2.699999999,0,0;                   691P    484
126,5,5,0,0,1,0,0.0,0.0,0.0,0.0,0.0,0.0,0.02858547096,               693P    485
0.02858547096,0.02858547096,0.02858547096,0.02858547096,             693P    486
0.02858547096,1.0,1.0,1.0,1.0,1.0,1.0,14.0,15.77054216,2.7,          693P    487
13.99716217,15.77102801,2.697162172,13.99432429,15.77151321,         693P    488
2.694324289,13.99148635,15.77199777,2.691486351,13.98864836,         693P    489
15.77248168,2.688648357,13.98581031,15.77296494,2.685810309,0.0,     693P    490
0.02858547096,0.0,0.0,0.0,0,0;                                       693P    491
110,13.98581031,15.77296494,2.685810309,13.0,15.07403168,1.7,0,      695P    492
0;                                                                   695P    493
110,13.0,15.07403168,1.7,13.0,6.0,1.7,0,0;                           697P    494
102,5,689,691,693,695,697,0,0;                                       699P    495
142,0,687,0,699,2,0,0;                                               701P    496
144,687,1,0,701,0,0;                                                 703P    497
110,0.0,5.656854249,5.656854249,1.0,5.656854249,5.656854249,0,0;     705P    498
110,1.6,7.306854249,5.656854249,14.0,7.306854249,5.656854249,0,      707P    499
0;                                                                   707P    500
120,705,707,0.0,6.283185307,0,0;                                     709P    501
110,1.6,4.006854249,5.656854249,14.0,4.006854249,5.65685425,0,0;     711P    502
124,0.0,0.0,-1.0,14.0,-1.0,2.847876816E-011,0.0,5.656854249,         713P    503
2.847876816E-011,1.0,0.0,5.656854249,0,0;                            713P    504
100,0.0,0.0,0.0,1.65,0.0,-1.65,9.39808231E-011,0,0;                  715P    505
110,14.0,7.30685425,5.65685425,1.6,7.306854249,5.656854249,0,0;      717P    506
124,2.259695461E-010,0.0,1.0,1.6,1.0,0.0,0.0,5.656854249,0.0,        719P    507
1.0,0.0,5.656854249,0,0;                                             719P    508
100,0.0,0.0,0.0,1.65,0.0,-1.65,0.0,0,0;                              721P    509
102,4,711,715,717,721,0,0;                                           723P    510
142,0,709,0,723,2,0,0;                                               725P    511
144,709,1,0,725,0,0;                                                 727P    512
110,0.0,5.656854249,5.656854249,1.0,5.656854249,5.656854249,0,0;     729P    513
110,1.6,4.006854249,5.656854249,14.0,4.006854249,5.656854249,0,      731P    514
0;                                                                   731P    515
120,729,731,0.0,6.283185307,0,0;                                     733P    516
110,1.6,7.306854249,5.656854249,14.0,7.30685425,5.65685425,0,0;      735P    517
124,0.0,0.0,-1.0,14.0,1.0,2.847930645E-011,0.0,5.656854249,          737P    518
2.847930645E-011,-1.0,0.0,5.656854249,0,0;                           737P    519
100,0.0,0.0,0.0,1.65,0.0,-1.65,-9.39808231E-011,0,0;                 739P    520
110,14.0,4.006854249,5.65685425,1.6,4.006854249,5.656854249,0,0;     741P    521
126,5,5,0,0,1,0,-2.591813939,-2.591813939,-2.591813939,              743P    522
-2.591813939,-2.591813939,-2.591813939,1.555088364,1.555088364,      743P    523
1.555088364,1.555088364,1.555088364,1.555088364,1.0,1.0,1.0,1.0,     743P    524
1.0,1.0,1.6,4.006854249,5.656854249,1.6,4.006854249,4.827473789,     743P    525
1.6,4.522485695,3.987229117,1.6,5.593196658,3.639334036,1.6,         743P    526
6.504234687,4.016025696,1.6,6.99173229,4.687008583,-2.591813939,     743P    527
1.555088364,0.0,0.0,0.0,0,0;                                         743P    528
126,3,3,0,0,1,0,1.555088364,1.555088364,1.555088364,1.555088364,     745P    529
2.591813939,2.591813939,2.591813939,2.591813939,1.0,1.0,1.0,1.0,     745P    530
1.6,6.99173229,4.687008583,1.6,7.194856292,4.966584786,1.6,          745P    531
7.306854249,5.311279058,1.6,7.306854249,5.656854249,1.555088364,     745P    532
2.591813939,0.0,0.0,0.0,0,0;                                         745P    533
102,5,735,739,741,743,745,0,0;                                       747P    534
142,0,733,0,747,2,0,0;                                               749P    535
144,733,1,0,749,0,0;                                                 751P    536
110,0.0,5.656854249,-5.656854249,1.0,5.656854249,-5.656854249,0,     753P    537
0;                                                                   753P    538
110,1.6,5.656854249,-7.306854249,14.0,5.656854249,-7.306854249,      755P    539
0,0;                                                                 755P    540
120,753,755,0.0,6.283185307,0,0;                                     757P    541
110,1.6,5.656854249,-4.006854249,14.0,5.65685425,-4.006854249,0,     759P    542
0;                                                                   759P    543
124,0.0,0.0,-1.0,14.0,2.847930645E-011,1.0,0.0,5.656854249,1.0,      761P    544
-2.847930645E-011,0.0,-5.656854249,0,0;                              761P    545
100,0.0,0.0,0.0,1.65,0.0,-1.65,9.398348764E-011,0,0;                 763P    546
110,14.0,5.65685425,-7.30685425,1.6,5.656854249,-7.306854249,0,      765P    547
0;                                                                   765P    548
124,2.260263357E-010,0.0,1.0,1.6,0.0,1.0,0.0,5.656854249,-1.0,       767P    549
0.0,0.0,-5.656854249,0,0;                                            767P    550
100,0.0,0.0,0.0,1.65,0.0,-1.65,-2.306599356E-012,0,0;                769P    551
102,4,759,763,765,769,0,0;                                           771P    552
142,0,757,0,771,2,0,0;                                               773P    553
144,757,1,0,773,0,0;                                                 775P    554
110,0.0,5.656854249,-5.656854249,1.0,5.656854249,-5.656854249,0,     777P    555
0;                                                                   777P    556
110,1.6,5.656854249,-4.006854249,14.0,5.656854249,-4.006854249,      779P    557
0,0;                                                                 779P    558
120,777,779,0.0,6.283185307,0,0;                                     781P    559
110,1.6,5.656854249,-7.306854249,14.0,5.65685425,-7.30685425,0,      783P    560
0;                                                                   783P    561
124,0.0,0.0,-1.0,14.0,2.848038303E-011,-1.0,0.0,5.656854249,         785P    562
-1.0,-2.848038303E-011,0.0,-5.656854249,0,0;                         785P    563
100,0.0,0.0,0.0,1.65,0.0,-1.65,-9.398348764E-011,0,0;                787P    564
110,14.0,5.65685425,-4.006854249,1.6,5.656854249,-4.006854249,0,     789P    565
0;                                                                   789P    566
126,8,5,0,0,1,0,-2.591813939,-2.591813939,-2.591813939,              791P    567
-2.591813939,-2.591813939,-2.591813939,-0.08536382791,               791P    568
-0.08536382791,-0.08536382791,2.421086283,2.421086283,               791P    569
2.421086283,2.421086283,2.421086283,2.421086283,1.0,1.0,1.0,1.0,     791P    570
1.0,1.0,1.0,1.0,1.0,1.6,5.656854249,-4.006854249,1.6,                791P    571
5.155564227,-4.006854249,1.6,4.654274205,-4.197226739,1.6,           791P    572
4.251025705,-4.580134547,1.6,3.818944161,-5.561683845,1.6,           791P    573
4.147333709,-6.582611751,1.6,4.50887617,-7.005121858,1.6,            791P    574
4.987822142,-7.246252792,1.6,5.486431075,-7.29802942,                791P    575
-2.591813939,2.421086283,0.0,0.0,0.0,0,0;                            791P    576
126,3,3,0,0,1,0,2.421086283,2.421086283,2.421086283,2.421086283,     793P    577
2.591813939,2.591813939,2.591813939,2.591813939,1.0,1.0,1.0,1.0,     793P    578
1.6,5.486431075,-7.29802942,1.6,5.543035921,-7.30390739,1.6,         793P    579
5.599945031,-7.306854249,1.6,5.656854249,-7.306854249,               793P    580
2.421086283,2.591813939,0.0,0.0,0.0,0,0;                             793P    581
102,5,783,787,789,791,793,0,0;                                       795P    582
142,0,781,0,795,2,0,0;                                               797P    583
144,781,1,0,797,0,0;                                                 799P    584
110,0.0,-5.656854249,-5.656854249,1.0,-5.656854249,-5.656854249,     801P    585
0,0;                                                                 801P    586
110,1.6,-7.306854249,-5.656854249,14.0,-7.306854249,                 803P    587
-5.656854249,0,0;                                                    803P    588
120,801,803,0.0,6.283185307,0,0;                                     805P    589
110,1.6,-4.006854249,-5.656854249,14.0,-4.006854249,-5.65685425,     807P    590
0,0;                                                                 807P    591
124,0.0,0.0,-1.0,14.0,1.0,-2.847930645E-011,0.0,-5.656854249,        809P    592
-2.847930645E-011,-1.0,0.0,-5.656854249,0,0;                         809P    593
100,0.0,0.0,0.0,1.65,0.0,-1.65,9.398259946E-011,0,0;                 811P    594
110,14.0,-7.30685425,-5.65685425,1.6,-7.306854249,-5.656854249,      813P    595
0,0;                                                                 813P    596
124,2.260263357E-010,0.0,1.0,1.6,-1.0,0.0,0.0,-5.656854249,0.0,      815P    597
-1.0,0.0,-5.656854249,0,0;                                           815P    598
100,0.0,0.0,0.0,1.65,0.0,-1.65,-2.306599356E-012,0,0;                817P    599
102,4,807,811,813,817,0,0;                                           819P    600
142,0,805,0,819,2,0,0;                                               821P    601
144,805,1,0,821,0,0;                                                 823P    602
110,0.0,-5.656854249,-5.656854249,1.0,-5.656854249,-5.656854249,     825P    603
0,0;                                                                 825P    604
110,1.6,-4.006854249,-5.656854249,14.0,-4.006854249,                 827P    605
-5.656854249,0,0;                                                    827P    606
120,825,827,0.0,6.283185307,0,0;                                     829P    607
110,1.6,-7.306854249,-5.656854249,14.0,-7.30685425,-5.65685425,      831P    608
0,0;                                                                 831P    609
124,0.0,0.0,-1.0,14.0,-1.0,-2.847984474E-011,0.0,-5.656854249,       833P    610
-2.847984474E-011,1.0,0.0,-5.656854249,0,0;                          833P    611
100,0.0,0.0,0.0,1.65,0.0,-1.65,-9.398259946E-011,0,0;                835P    612
110,14.0,-4.006854249,-5.65685425,1.6,-4.006854249,-5.656854249,     837P    613
0,0;                                                                 837P    614
126,8,5,0,0,1,0,-2.591813939,-2.591813939,-2.591813939,              839P    615
-2.591813939,-2.591813939,-2.591813939,-0.08536382791,               839P    616
-0.08536382791,-0.08536382791,2.421086283,2.421086283,               839P    617
2.421086283,2.421086283,2.421086283,2.421086283,1.0,1.0,1.0,1.0,     839P    618
1.0,1.0,1.0,1.0,1.0,1.6,-4.006854249,-5.656854249,1.6,               839P    619
-4.006854249,-5.155564227,1.6,-4.197226739,-4.654274205,1.6,         839P    620
-4.580134547,-4.251025705,1.6,-5.561683845,-3.818944161,1.6,         839P    621
-6.582611751,-4.147333709,1.6,-7.005121858,-4.50887617,1.6,          839P    622
-7.246252792,-4.987822142,1.6,-7.29802942,-5.486431075,              839P    623
-2.591813939,2.421086283,0.0,0.0,0.0,0,0;                            839P    624
126,3,3,0,0,1,0,2.421086283,2.421086283,2.421086283,2.421086283,     841P    625
2.591813939,2.591813939,2.591813939,2.591813939,1.0,1.0,1.0,1.0,     841P    626
1.6,-7.29802942,-5.486431075,1.6,-7.30390739,-5.543035921,1.6,       841P    627
-7.306854249,-5.599945031,1.6,-7.306854249,-5.656854249,             841P    628
2.421086283,2.591813939,0.0,0.0,0.0,0,0;                             841P    629
102,5,831,835,837,839,841,0,0;                                       843P    630
142,0,829,0,843,2,0,0;                                               845P    631
144,829,1,0,845,0,0;                                                 847P    632
110,0.0,-5.656854249,5.656854249,1.0,-5.656854249,5.656854249,0,     849P    633
0;                                                                   849P    634
110,1.6,-5.656854249,7.306854249,14.0,-5.656854249,7.306854249,      851P    635
0,0;                                                                 851P    636
120,849,851,0.0,6.283185307,0,0;                                     853P    637
110,1.6,-5.656854249,4.006854249,14.0,-5.65685425,4.006854249,0,     855P    638
0;                                                                   855P    639
124,0.0,0.0,-1.0,14.0,-2.847930645E-011,-1.0,0.0,-5.656854249,       857P    640
-1.0,2.847930645E-011,0.0,5.656854249,0,0;                           857P    641
100,0.0,0.0,0.0,1.65,0.0,-1.65,9.398171128E-011,0,0;                 859P    642
110,14.0,-5.65685425,7.30685425,1.6,-5.656854249,7.306854249,0,      861P    643
0;                                                                   861P    644
124,2.260263357E-010,0.0,1.0,1.6,0.0,-1.0,0.0,-5.656854249,1.0,      863P    645
0.0,0.0,5.656854249,0,0;                                             863P    646
100,0.0,0.0,0.0,1.65,0.0,-1.65,-2.305711178E-012,0,0;                865P    647
102,4,855,859,861,865,0,0;                                           867P    648
142,0,853,0,867,2,0,0;                                               869P    649
144,853,1,0,869,0,0;                                                 871P    650
110,0.0,-5.656854249,5.656854249,1.0,-5.656854249,5.656854249,0,     873P    651
0;                                                                   873P    652
110,1.6,-5.656854249,4.006854249,14.0,-5.656854249,4.006854249,      875P    653
0,0;                                                                 875P    654
120,873,875,0.0,6.283185307,0,0;                                     877P    655
110,1.6,-5.656854249,7.306854249,14.0,-5.65685425,7.30685425,0,      879P    656
0;                                                                   879P    657
124,0.0,0.0,-1.0,14.0,-2.847930645E-011,1.0,0.0,-5.656854249,        881P    658
1.0,2.847930645E-011,0.0,5.656854249,0,0;                            881P    659
100,0.0,0.0,0.0,1.65,0.0,-1.65,-9.398171128E-011,0,0;                883P    660
110,14.0,-5.65685425,4.006854249,1.6,-5.656854249,4.006854249,0,     885P    661
0;                                                                   885P    662
126,8,5,0,0,1,0,-2.591813939,-2.591813939,-2.591813939,              887P    663
-2.591813939,-2.591813939,-2.591813939,-0.08536382791,               887P    664
-0.08536382791,-0.08536382791,2.421086283,2.421086283,               887P    665
2.421086283,2.421086283,2.421086283,2.421086283,1.0,1.0,1.0,1.0,     887P    666
1.0,1.0,1.0,1.0,1.0,1.6,-5.656854249,4.006854249,1.6,                887P    667
-5.155564227,4.006854249,1.6,-4.654274205,4.197226739,1.6,           887P    668
-4.251025705,4.580134547,1.6,-3.818944161,5.561683845,1.6,           887P    669
-4.147333709,6.582611751,1.6,-4.50887617,7.005121858,1.6,            887P    670
-4.987822142,7.246252792,1.6,-5.486431075,7.29802942,                887P    671
-2.591813939,2.421086283,0.0,0.0,0.0,0,0;                            887P    672
126,3,3,0,0,1,0,2.421086283,2.421086283,2.421086283,2.421086283,     889P    673
2.591813939,2.591813939,2.591813939,2.591813939,1.0,1.0,1.0,1.0,     889P    674
1.6,-5.486431075,7.29802942,1.6,-5.543035921,7.30390739,1.6,         889P    675
-5.599945031,7.306854249,1.6,-5.656854249,7.306854249,               889P    676
2.421086283,2.591813939,0.0,0.0,0.0,0,0;                             889P    677
102,5,879,883,885,887,889,0,0;                                       891P    678
142,0,877,0,891,2,0,0;                                               893P    679
144,877,1,0,893,0,0;                                                 895P    680
110,30.5,0.0,0.0,29.5,0.0,0.0,0,0;                                   897P    681
110,26.5,-3.510330247,-1.917702154,25.5,-4.387912809,                899P    682
-2.397127693,0,0;                                                    899P    683
120,897,899,0.0,3.141592654,0,0;                                     901P    684
124,0.0,0.0,1.0,26.5,0.8775825618,-0.4794255388,0.0,0.0,             903P    685
0.4794255388,0.8775825618,0.0,0.0,0,0;                               903P    686
100,0.0,0.0,0.0,4.0,0.0,-4.0,0.0,0,0;                                905P    687
110,26.5,-3.510330247,-1.917702155,25.5,-4.387912809,                907P    688
-2.397127693,0,0;                                                    907P    689
124,0.0,0.0,-1.0,25.5,-0.8775825619,-0.4794255386,0.0,0.0,           909P    690
-0.4794255386,0.8775825619,0.0,0.0,0,0;                              909P    691
100,0.0,0.0,0.0,5.0,0.0,-5.0,0.0,0,0;                                911P    692
110,25.5,4.387912809,2.397127693,26.5,3.510330247,1.917702155,0,     913P    693
0;                                                                   913P    694
102,4,905,907,911,913,0,0;                                           915P    695
142,0,901,0,915,2,0,0;                                               917P    696
144,901,1,0,917,0,0;                                                 919P    697
108,1.0,0.0,0.0,26.5,0,26.5,0.0,0.0,1.0,0,0;                         921P    698
124,0.0,0.0,-1.0,26.5,-0.8775825618,-0.4794255388,0.0,0.0,           923P    699
-0.4794255388,0.8775825618,0.0,0.0,0,0;                              923P    700
100,0.0,0.0,0.0,4.0,0.0,-4.0,0.0,0,0;                                925P    701
124,0.0,0.0,-1.0,26.5,0.8775825618,0.4794255388,0.0,0.0,             927P    702
0.4794255388,-0.8775825618,0.0,0.0,0,0;                              927P    703
100,0.0,0.0,0.0,4.0,0.0,1.999999999,3.464101615,0,0;                 929P    704
124,0.0,0.0,-1.0,26.5,0.8539859766,-0.5202960232,0.0,0.0,            931P    705
-0.5202960232,-0.8539859766,0.0,0.0,0,0;                             931P    706
100,0.0,0.0,0.0,4.0,0.0,-1.999999999,3.464101615,0,0;                933P    707
102,3,925,929,933,0,0;                                               935P    708
142,0,921,0,935,2,0,0;                                               937P    709
144,921,1,0,937,0,0;                                                 939P    710
110,30.5,0.0,0.0,29.5,0.0,0.0,0,0;                                   941P    711
110,26.5,3.510330248,1.917702154,25.5,4.387912809,2.397127693,0,     943P    712
0;                                                                   943P    713
120,941,943,0.0,3.141592654,0,0;                                     945P    714
124,0.0,0.0,1.0,26.5,0.8539859766,0.5202960232,0.0,0.0,              947P    715
-0.5202960232,0.8539859766,0.0,0.0,0,0;                              947P    716
100,0.0,0.0,0.0,4.0,0.0,1.999999999,3.464101616,0,0;                 949P    717
110,26.5,3.510330247,1.917702155,25.5,4.387912809,2.397127693,0,     951P    718
0;                                                                   951P    719
124,0.0,0.0,-1.0,25.5,0.8775825619,0.4794255386,0.0,0.0,             953P    720
0.4794255386,-0.8775825619,0.0,0.0,0,0;                              953P    721
100,0.0,0.0,0.0,5.0,0.0,2.5,4.330127019,0,0;                         955P    722
124,0.0,0.0,-1.0,25.5,0.8539859766,-0.5202960232,0.0,0.0,            957P    723
-0.5202960232,-0.8539859766,0.0,0.0,0,0;                             957P    724
100,0.0,0.0,0.0,5.0,0.0,-2.5,4.330127019,0,0;                        959P    725
110,25.5,-4.387912809,-2.397127693,26.5,-3.510330247,                961P    726
-1.917702155,0,0;                                                    961P    727
124,0.0,0.0,1.0,26.5,-0.8775825618,0.4794255388,0.0,0.0,             963P    728
-0.4794255388,-0.8775825618,0.0,0.0,0,0;                             963P    729
100,0.0,0.0,0.0,4.0,0.0,-1.999999999,3.464101616,0,0;                965P    730
102,6,949,951,955,959,961,965,0,0;                                   967P    731
142,0,945,0,967,2,0,0;                                               969P    732
144,945,1,0,969,0,0;                                                 971P    733
110,-3.5,0.0,0.0,-2.5,0.0,0.0,0,0;                                   973P    734
110,14.5,-4.387912809,-2.397127693,25.5,-4.387912809,                975P    735
-2.397127693,0,0;                                                    975P    736
120,973,975,0.0,6.283185307,0,0;                                     977P    737
124,0.0,0.0,1.0,25.5,-0.8775825619,0.4794255386,0.0,0.0,             979P    738
-0.4794255386,-0.8775825619,0.0,0.0,0,0;                             979P    739
100,0.0,0.0,0.0,5.0,0.0,-2.5,4.330127019,0,0;                        981P    740
124,0.0,0.0,1.0,25.5,0.8539859766,0.5202960232,0.0,0.0,              983P    741
-0.5202960232,0.8539859766,0.0,0.0,0,0;                              983P    742
100,0.0,0.0,0.0,5.0,0.0,2.5,4.330127019,0,0;                         985P    743
110,25.5,4.387912809,2.397127693,14.5,4.387912809,2.397127693,0,     987P    744
0;                                                                   987P    745
124,0.0,0.0,-1.0,14.5,0.8775825619,0.4794255386,0.0,0.0,             989P    746
0.4794255386,-0.8775825619,0.0,0.0,0,0;                              989P    747
100,0.0,0.0,0.0,5.0,0.0,-5.0,0.0,0,0;                                991P    748
110,14.5,-4.387912809,-2.397127693,25.5,-4.387912809,                993P    749
-2.397127693,0,0;                                                    993P    750
102,5,981,985,987,991,993,0,0;                                       995P    751
142,0,977,0,995,2,0,0;                                               997P    752
144,977,1,0,997,0,0;                                                 999P    753
110,-3.5,0.0,0.0,-2.5,0.0,0.0,0,0;                                  1001P    754
110,14.5,4.387912809,2.397127693,25.5,4.387912809,2.397127693,0,    1003P    755
0;                                                                  1003P    756
120,1001,1003,0.0,6.283185307,0,0;                                  1005P    757
124,0.0,0.0,1.0,25.5,0.8775825619,-0.4794255386,0.0,0.0,            1007P    758
0.4794255386,0.8775825619,0.0,0.0,0,0;                              1007P    759
100,0.0,0.0,0.0,5.0,0.0,-5.0,0.0,0,0;                               1009P    760
110,25.5,-4.387912809,-2.397127693,14.5,-4.387912809,               1011P    761
-2.397127693,0,0;                                                   1011P    762
124,0.0,0.0,-1.0,14.5,-0.8775825619,-0.4794255386,0.0,0.0,          1013P    763
-0.4794255386,0.8775825619,0.0,0.0,0,0;                             1013P    764
100,0.0,0.0,0.0,5.0,0.0,-5.0,0.0,0,0;                               1015P    765
110,14.5,4.387912809,2.397127693,25.5,4.387912809,2.397127693,0,    1017P    766
0;                                                                  1017P    767
102,4,1009,1011,1015,1017,0,0;                                      1019P    768
142,0,1005,0,1019,2,0,0;                                            1021P    769
144,1005,1,0,1021,0,0;                                              1023P    770
110,14.5,0.0,0.0,15.5,0.0,0.0,0,0;                                  1025P    771
124,0.0,-1.0,0.0,14.5,0.8775825619,0.0,-0.4794255386,               1027P    772
-4.82670409,0.4794255386,0.0,0.8775825619,-2.636840462,0,0;         1027P    773
100,0.0,0.0,0.0,0.5,0.0,-1.096104018E-012,-0.5,0,0;                 1029P    774
120,1025,1029,0.0,3.141592654,0,0;                                  1031P    775
124,0.0,-1.0,0.0,14.5,-0.8775825619,0.0,0.4794255386,4.82670409,    1033P    776
-0.4794255386,0.0,-0.8775825619,2.636840462,0,0;                    1033P    777
100,0.0,0.0,0.0,0.5,0.0,-2.295610656E-010,0.5,0,0;                  1035P    778
124,0.0,0.0,-1.0,14.0,0.8775825619,0.4794255386,0.0,0.0,            1037P    779
0.4794255386,-0.8775825619,0.0,0.0,0,0;                             1037P    780
100,0.0,0.0,0.0,5.5,0.0,-5.5,0.0,0,0;                               1039P    781
124,-1.0,-4.591164657E-010,0.0,14.5,-1.28169475E-010,               1041P    782
0.8775825619,0.4794255386,-4.82670409,-7.230260834E-010,            1041P    783
0.4794255386,-0.8775825619,-2.636840462,0,0;                        1041P    784
100,0.0,0.0,0.0,0.5,0.0,-2.295582329E-010,0.5,0,0;                  1043P    785
124,0.0,0.0,1.0,14.5,-0.8775825619,0.4794255386,0.0,0.0,            1045P    786
-0.4794255386,-0.8775825619,0.0,0.0,0,0;                            1045P    787
100,0.0,0.0,0.0,5.0,0.0,-5.0,0.0,0,0;                               1047P    788
102,4,1035,1039,1043,1047,0,0;                                      1049P    789
142,0,1031,0,1049,2,0,0;                                            1051P    790
144,1031,1,0,1051,0,0;                                              1053P    791
110,14.5,0.0,0.0,15.5,0.0,0.0,0,0;                                  1055P    792
124,0.0,-1.0,0.0,14.5,-0.8775825619,0.0,0.4794255386,4.82670409,    1057P    793
-0.4794255386,0.0,-0.8775825619,2.636840462,0,0;                    1057P    794
100,0.0,0.0,0.0,0.5,0.0,-1.09521584E-012,-0.5,0,0;                  1059P    795
120,1055,1059,0.0,3.141592654,0,0;                                  1061P    796
124,0.0,-1.0,0.0,14.5,0.8775825619,0.0,-0.4794255386,               1063P    797
-4.82670409,0.4794255386,0.0,0.8775825619,-2.636840462,0,0;         1063P    798
100,0.0,0.0,0.0,0.5,0.0,-2.29559153E-010,0.5,0,0;                   1065P    799
124,0.0,0.0,-1.0,14.0,-0.8775825619,-0.4794255386,0.0,0.0,          1067P    800
-0.4794255386,0.8775825619,0.0,0.0,0,0;                             1067P    801
100,0.0,0.0,0.0,5.5,0.0,-5.5,0.0,0,0;                               1069P    802
124,-1.0,-4.591202908E-010,0.0,14.5,1.281748041E-010,               1071P    803
-0.8775825619,-0.4794255386,4.82670409,7.230243071E-010,            1071P    804
-0.4794255386,0.8775825619,2.636840462,0,0;                         1071P    805
100,0.0,0.0,0.0,0.5,0.0,-2.295601454E-010,0.5,0,0;                  1073P    806
124,0.0,0.0,1.0,14.5,0.8775825619,-0.4794255386,0.0,0.0,            1075P    807
0.4794255386,0.8775825619,0.0,0.0,0,0;                              1075P    808
100,0.0,0.0,0.0,5.0,0.0,-5.0,0.0,0,0;                               1077P    809
102,4,1065,1069,1073,1077,0,0;                                      1079P    810
142,0,1061,0,1079,2,0,0;                                            1081P    811
144,1061,1,0,1081,0,0;                                              1083P    812
314,0.0,31.37254902,100.0,5HColor,0,0;                              1085P    813
108,1.0,0.0,0.0,7.0,0,7.0,10.52835182,10.60660172,1.0,0,0;          1087P    814
124,0.0,0.0,1.0,7.0,-0.8585038187,0.5128071697,0.0,-10.60660172,    1089P    815
-0.5128071697,-0.8585038187,0.0,10.60660172,0,0;                    1089P    816
100,0.0,0.0,0.0,3.0,0.0,-2.575511456,1.538421508,0,0;               1091P    817
124,0.0,0.0,1.0,7.0,1.0,6.000077478E-010,0.0,-10.60660171,          1093P    818
-6.000077478E-010,1.0,0.0,10.60660172,0,0;                          1093P    819
100,0.0,0.0,0.0,2.999999997,0.0,1.538421505,2.575511455,0,0;        1095P    820
124,0.0,0.0,1.0,7.0,-0.5667612637,-0.8238820728,0.0,                1097P    821
5.481147092E-008,0.8238820728,-0.5667612637,0.0,                    1097P    822
-5.494205801E-008,0,0;                                              1097P    823
100,0.0,0.0,0.0,16.00000008,0.0,14.9422223,5.721013466,0,0;         1099P    824
102,3,1091,1095,1099,0,0;                                           1101P    825
142,0,1087,0,1101,2,0,0;                                            1103P    826
144,1087,1,0,1103,0,0;                                              1105P    827
124,0.0,0.0,1.0,7.0,-0.1204179064,-0.9927232887,0.0,10.52835182,    1107P    828
0.9927232887,-0.1204179064,0.0,10.60660172,0,0;                     1107P    829
100,0.0,0.0,0.0,1.620999999,0.0,0.1951974258,1.60920445,0,0;        1109P    830
124,0.0,0.0,1.0,7.0,-1.0,1.715647297E-011,0.0,10.52835182,          1111P    831
-1.715647297E-011,-1.0,0.0,10.60660172,0,0;                         1111P    832
100,0.0,0.0,0.0,1.620999999,0.0,-1.610605709,0.183276424,0,0;       1113P    833
124,0.0,0.0,1.0,7.0,0.7586848469,-0.6514578291,0.0,                 1115P    834
2.88459189E-007,0.6514578291,0.7586848469,0.0,2.958978005E-007,     1115P    835
0,0;                                                                1115P    836
100,0.0,0.0,0.0,15.99999959,0.0,15.79768981,2.536332669,0,0;        1117P    837
102,3,1109,1113,1117,0,0;                                           1119P    838
142,0,1087,0,1119,2,0,0;                                            1121P    839
144,1087,1,0,1121,0,0;                                              1123P    840
124,0.0,0.0,1.0,7.0,0.8585038187,-0.5128071697,0.0,10.60660172,     1125P    841
0.5128071697,0.8585038187,0.0,-10.60660172,0,0;                     1125P    842
100,0.0,0.0,0.0,3.0,0.0,-2.575511456,1.538421508,0,0;               1127P    843
124,0.0,0.0,1.0,7.0,-1.0,-6.545803906E-010,0.0,10.60660171,         1129P    844
6.545803906E-010,-1.0,0.0,-10.60660172,0,0;                         1129P    845
100,0.0,0.0,0.0,2.999999997,0.0,1.538421505,2.575511455,0,0;        1131P    846
124,0.0,0.0,1.0,7.0,0.5667612637,0.8238820728,0.0,                  1133P    847
-5.490893251E-008,-0.8238820728,0.5667612637,0.0,                   1133P    848
5.477834186E-008,0,0;                                               1133P    849
100,0.0,0.0,0.0,16.00000008,0.0,14.9422223,5.721013466,0,0;         1135P    850
102,3,1127,1131,1135,0,0;                                           1137P    851
142,0,1087,0,1137,2,0,0;                                            1139P    852
144,1087,1,0,1139,0,0;                                              1141P    853
124,0.0,0.0,1.0,7.0,0.1204179064,0.9927232886,0.0,-10.52835182,     1143P    854
-0.9927232886,0.1204179064,0.0,-10.60660172,0,0;                    1143P    855
100,0.0,0.0,0.0,1.620999999,0.0,0.1951974257,1.60920445,0,0;        1145P    856
124,0.0,0.0,1.0,7.0,1.0,-1.181534821E-010,0.0,-10.52835182,         1147P    857
1.181534821E-010,1.0,0.0,-10.60660172,0,0;                          1147P    858
100,0.0,0.0,0.0,1.620999999,0.0,-1.610605709,0.1832764243,0,0;      1149P    859
124,0.0,0.0,1.0,7.0,-0.7586848455,0.6514578307,0.0,                 1151P    860
5.58956792E-009,-0.6514578307,-0.7586848455,0.0,                    1151P    861
2.708855362E-010,0,0;                                               1151P    862
100,0.0,0.0,0.0,16.0,0.0,15.79769023,2.536332669,0,0;               1153P    863
102,3,1145,1149,1153,0,0;                                           1155P    864
142,0,1087,0,1155,2,0,0;                                            1157P    865
144,1087,1,0,1157,0,0;                                              1159P    866
110,4.9,5.656854249,5.656854249,3.9,5.656854249,5.656854249,0,0;    1161P    867
110,1.6,4.006854249,5.656854249,-5.441069817E-011,3.206854249,      1163P    868
5.656854249,0,0;                                                    1163P    869
120,1161,1163,0.0,3.141592654,0,0;                                  1165P    870
124,0.0,0.0,1.0,0.0,1.0,-1.917885352E-011,0.0,5.656854249,          1167P    871
1.917885352E-011,1.0,0.0,5.656854249,0,0;                           1167P    872
100,0.0,0.0,0.0,2.45,0.0,-2.45,-6.946726645E-007,0,0;               1169P    873
110,0.0,3.20685425,5.656853555,1.6,4.006854249,5.656854249,0,0;     1171P    874
124,0.0,0.0,-1.0,1.6,-1.0,0.0,0.0,5.656854249,0.0,1.0,0.0,          1173P    875
5.656854249,0,0;                                                    1173P    876
100,0.0,0.0,0.0,1.65,0.0,-1.65,0.0,0,0;                             1175P    877
110,1.6,7.306854249,5.656854249,0.0,8.106854249,5.65685425,0,0;     1177P    878
102,4,1169,1171,1175,1177,0,0;                                      1179P    879
142,0,1165,0,1179,2,0,0;                                            1181P    880
144,1165,1,0,1181,0,0;                                              1183P    881
110,4.9,5.656854249,5.656854249,3.9,5.656854249,5.656854249,0,0;    1185P    882
110,1.6,7.306854249,5.656854249,0.0,8.106854249,5.656854249,0,0;    1187P    883
120,1185,1187,0.0,3.141592654,0,0;                                  1189P    884
124,0.0,0.0,1.0,0.0,0.8090169944,0.5877852523,0.0,5.656854249,      1191P    885
-0.5877852523,0.8090169944,0.0,5.656854249,0,0;                     1191P    886
100,0.0,0.0,0.0,2.45,0.0,1.982091636,1.440073868,0,0;               1193P    887
110,0.0,8.106854249,5.65685425,1.6,7.306854249,5.656854249,0,0;     1195P    888
124,0.0,0.0,-1.0,1.6,1.0,0.0,0.0,5.656854249,0.0,-1.0,0.0,          1197P    889
5.656854249,0,0;                                                    1197P    890
100,0.0,0.0,0.0,1.65,0.0,1.334878041,0.9698456663,0,0;              1199P    891
124,0.0,0.0,-1.0,1.6,0.8090169944,-0.5877852523,0.0,5.656854249,    1201P    892
-0.5877852523,-0.8090169944,0.0,5.656854249,0,0;                    1201P    893
100,0.0,0.0,0.0,1.65,0.0,-1.334878041,0.9698456663,0,0;             1203P    894
110,1.6,4.006854249,5.656854249,0.0,3.20685425,5.656853555,0,0;     1205P    895
124,0.0,0.0,1.0,0.0,-1.0,2.835590419E-007,0.0,5.656854249,          1207P    896
-2.835590419E-007,-1.0,0.0,5.656854249,0,0;                         1207P    897
100,0.0,0.0,0.0,2.45,0.0,-1.982091228,1.44007443,0,0;               1209P    898
102,6,1193,1195,1199,1203,1205,1209,0,0;                            1211P    899
142,0,1189,0,1211,2,0,0;                                            1213P    900
144,1189,1,0,1213,0,0;                                              1215P    901
110,4.9,-5.656854249,5.656854249,3.9,-5.656854249,5.656854249,0,    1217P    902
0;                                                                  1217P    903
110,1.6,-5.656854249,7.306854249,0.0,-5.656854249,8.106854249,0,    1219P    904
0;                                                                  1219P    905
120,1217,1219,0.0,3.141593016,0,0;                                  1221P    906
124,0.0,0.0,1.0,0.0,0.1032867727,-0.9946516187,0.0,-5.656854249,    1223P    907
0.9946516187,0.1032867727,0.0,5.656854249,0,0;                      1223P    908
100,0.0,0.0,0.0,2.45,0.0,2.436896466,0.2530525932,0,0;              1225P    909
110,0.0,-5.65685425,8.106854249,1.6,-5.656854249,7.306854249,0,     1227P    910
0;                                                                  1227P    911
124,0.0,0.0,-1.0,1.6,0.0,1.0,0.0,-5.656854249,1.0,0.0,0.0,          1229P    912
5.656854249,0,0;                                                    1229P    913
100,0.0,0.0,0.0,1.65,0.0,1.641175171,0.170423175,0,0;               1231P    914
124,1.93595981E-012,0.0,-1.0,1.6,0.1032867727,0.9946516187,0.0,     1233P    915
-5.656854249,0.9946516187,-0.1032867727,0.0,5.656854249,0,0;        1233P    916
100,0.0,0.0,0.0,1.65,0.0,-1.641175171,0.170423175,0,0;              1235P    917
110,1.6,-5.656854249,4.006854249,0.0,-5.656855138,3.20685425,0,     1237P    918
0;                                                                  1237P    919
124,0.0,0.0,1.0,0.0,-3.62665486E-007,1.0,0.0,-5.656854249,-1.0,     1239P    920
-3.62665486E-007,0.0,5.656854249,0,0;                               1239P    921
100,0.0,0.0,0.0,2.45,0.0,-2.436896558,0.2530517093,0,0;             1241P    922
102,6,1225,1227,1231,1235,1237,1241,0,0;                            1243P    923
142,0,1221,0,1243,2,0,0;                                            1245P    924
144,1221,1,0,1245,0,0;                                              1247P    925
110,4.9,-5.656854249,5.656854249,3.9,-5.656854249,5.656854249,0,    1249P    926
0;                                                                  1249P    927
110,1.6,-5.656854249,4.006854249,-5.454836582E-011,-5.656854249,    1251P    928
3.206854249,0,0;                                                    1251P    929
120,1249,1251,0.0,3.141592654,0,0;                                  1253P    930
124,0.0,0.0,1.0,0.0,-1.987924565E-011,-1.0,0.0,-5.656854249,1.0,    1255P    931
-1.987924565E-011,0.0,5.656854249,0,0;                              1255P    932
100,0.0,0.0,0.0,2.45,0.0,-2.45,8.885791448E-007,0,0;                1257P    933
110,0.0,-5.656855138,3.20685425,1.6,-5.656854249,4.006854249,0,     1259P    934
0;                                                                  1259P    935
124,0.0,0.0,-1.0,1.6,0.0,-1.0,0.0,-5.656854249,-1.0,0.0,0.0,        1261P    936
5.656854249,0,0;                                                    1261P    937
100,0.0,0.0,0.0,1.65,0.0,-1.65,0.0,0,0;                             1263P    938
110,1.6,-5.656854249,7.306854249,0.0,-5.65685425,8.106854249,0,     1265P    939
0;                                                                  1265P    940
102,4,1257,1259,1263,1265,0,0;                                      1267P    941
142,0,1253,0,1267,2,0,0;                                            1269P    942
144,1253,1,0,1269,0,0;                                              1271P    943
110,4.9,-5.656854249,-5.656854249,3.9,-5.656854249,-5.656854249,    1273P    944
0,0;                                                                1273P    945
110,1.6,-7.306854249,-5.656854249,0.0,-8.106854249,-5.656854249,    1275P    946
0,0;                                                                1275P    947
120,1273,1275,0.0,3.141593016,0,0;                                  1277P    948
124,0.0,0.0,1.0,0.0,-0.9946516187,-0.1032867727,0.0,                1279P    949
-5.656854249,0.1032867727,-0.9946516187,0.0,-5.656854249,0,0;       1279P    950
100,0.0,0.0,0.0,2.45,0.0,2.436896466,0.2530525932,0,0;              1281P    951
110,0.0,-8.106854249,-5.65685425,1.6,-7.306854249,-5.656854249,     1283P    952
0,0;                                                                1283P    953
124,0.0,0.0,-1.0,1.6,-1.0,0.0,0.0,-5.656854249,0.0,1.0,0.0,         1285P    954
-5.656854249,0,0;                                                   1285P    955
100,0.0,0.0,0.0,1.65,0.0,1.641175171,0.170423175,0,0;               1287P    956
124,1.93595981E-012,0.0,-1.0,1.6,-0.9946516187,0.1032867727,0.0,    1289P    957
-5.656854249,0.1032867727,0.9946516187,0.0,-5.656854249,0,0;        1289P    958
100,0.0,0.0,0.0,1.65,0.0,-1.641175171,0.170423175,0,0;              1291P    959
110,1.6,-4.006854249,-5.656854249,0.0,-3.20685425,-5.656855138,     1293P    960
0,0;                                                                1293P    961
124,0.0,0.0,1.0,0.0,1.0,3.626654863E-007,0.0,-5.656854249,          1295P    962
-3.626654863E-007,1.0,0.0,-5.656854249,0,0;                         1295P    963
100,0.0,0.0,0.0,2.45,0.0,-2.436896558,0.2530517093,0,0;             1297P    964
102,6,1281,1283,1287,1291,1293,1297,0,0;                            1299P    965
142,0,1277,0,1299,2,0,0;                                            1301P    966
144,1277,1,0,1301,0,0;                                              1303P    967
110,4.9,-5.656854249,-5.656854249,3.9,-5.656854249,-5.656854249,    1305P    968
0,0;                                                                1305P    969
110,1.6,-4.006854249,-5.656854249,-5.454836582E-011,                1307P    970
-3.206854249,-5.656854249,0,0;                                      1307P    971
120,1305,1307,0.0,3.141592654,0,0;                                  1309P    972
124,0.0,0.0,1.0,0.0,-1.0,1.987888313E-011,0.0,-5.656854249,         1311P    973
-1.987888313E-011,-1.0,0.0,-5.656854249,0,0;                        1311P    974
100,0.0,0.0,0.0,2.45,0.0,-2.45,8.885791448E-007,0,0;                1313P    975
110,0.0,-3.20685425,-5.656855138,1.6,-4.006854249,-5.656854249,     1315P    976
0,0;                                                                1315P    977
124,0.0,0.0,-1.0,1.6,1.0,0.0,0.0,-5.656854249,0.0,-1.0,0.0,         1317P    978
-5.656854249,0,0;                                                   1317P    979
100,0.0,0.0,0.0,1.65,0.0,-1.65,0.0,0,0;                             1319P    980
110,1.6,-7.306854249,-5.656854249,0.0,-8.106854249,-5.65685425,     1321P    981
0,0;                                                                1321P    982
102,4,1313,1315,1319,1321,0,0;                                      1323P    983
142,0,1309,0,1323,2,0,0;                                            1325P    984
144,1309,1,0,1325,0,0;                                              1327P    985
110,4.9,5.656854249,-5.656854249,3.9,5.656854249,-5.656854249,0,    1329P    986
0;                                                                  1329P    987
110,1.6,5.656854249,-7.306854249,0.0,5.656854249,-8.106854249,0,    1331P    988
0;                                                                  1331P    989
120,1329,1331,0.0,3.141593016,0,0;                                  1333P    990
124,0.0,0.0,1.0,0.0,-0.1032867727,0.9946516187,0.0,5.656854249,     1335P    991
-0.9946516187,-0.1032867727,0.0,-5.656854249,0,0;                   1335P    992
100,0.0,0.0,0.0,2.45,0.0,2.436896466,0.2530525932,0,0;              1337P    993
110,0.0,5.65685425,-8.106854249,1.6,5.656854249,-7.306854249,0,     1339P    994
0;                                                                  1339P    995
124,0.0,0.0,-1.0,1.6,0.0,-1.0,0.0,5.656854249,-1.0,0.0,0.0,         1341P    996
-5.656854249,0,0;                                                   1341P    997
100,0.0,0.0,0.0,1.65,0.0,1.641175171,0.170423175,0,0;               1343P    998
124,1.93595981E-012,0.0,-1.0,1.6,-0.1032867727,-0.9946516187,       1345P    999
0.0,5.656854249,-0.9946516187,0.1032867727,0.0,-5.656854249,0,0;    1345P   1000
100,0.0,0.0,0.0,1.65,0.0,-1.641175171,0.170423175,0,0;              1347P   1001
110,1.6,5.656854249,-4.006854249,0.0,5.656855138,-3.20685425,0,     1349P   1002
0;                                                                  1349P   1003
124,0.0,0.0,1.0,0.0,3.62665486E-007,-1.0,0.0,5.656854249,1.0,       1351P   1004
3.62665486E-007,0.0,-5.656854249,0,0;                               1351P   1005
100,0.0,0.0,0.0,2.45,0.0,-2.436896558,0.2530517093,0,0;             1353P   1006
102,6,1337,1339,1343,1347,1349,1353,0,0;                            1355P   1007
142,0,1333,0,1355,2,0,0;                                            1357P   1008
144,1333,1,0,1357,0,0;                                              1359P   1009
110,4.9,5.656854249,-5.656854249,3.9,5.656854249,-5.656854249,0,    1361P   1010
0;                                                                  1361P   1011
110,1.6,5.656854249,-4.006854249,-5.454836582E-011,5.656854249,     1363P   1012
-3.206854249,0,0;                                                   1363P   1013
120,1361,1363,0.0,3.141592654,0,0;                                  1365P   1014
124,0.0,0.0,1.0,0.0,1.987924565E-011,1.0,0.0,5.656854249,-1.0,      1367P   1015
1.987924565E-011,0.0,-5.656854249,0,0;                              1367P   1016
100,0.0,0.0,0.0,2.45,0.0,-2.45,8.885791448E-007,0,0;                1369P   1017
110,0.0,5.656855138,-3.20685425,1.6,5.656854249,-4.006854249,0,     1371P   1018
0;                                                                  1371P   1019
124,0.0,0.0,-1.0,1.6,0.0,1.0,0.0,5.656854249,1.0,0.0,0.0,           1373P   1020
-5.656854249,0,0;                                                   1373P   1021
100,0.0,0.0,0.0,1.65,0.0,-1.65,0.0,0,0;                             1375P   1022
110,1.6,5.656854249,-7.306854249,0.0,5.65685425,-8.106854249,0,     1377P   1023
0;                                                                  1377P   1024
102,4,1369,1371,1375,1377,0,0;                                      1379P   1025
142,0,1365,0,1379,2,0,0;                                            1381P   1026
144,1365,1,0,1381,0,0;                                              1383P   1027
110,0.0,10.52835182,10.60660172,1.0,10.52835182,10.60660172,0,0;    1385P   1028
110,0.0,8.907351816,10.60660172,7.0,8.907351816,10.60660172,0,0;    1387P   1029
120,1385,1387,0.0,6.283185307,0,0;                                  1389P   1030
124,0.0,0.0,1.0,0.0,-1.0,5.24036226E-010,0.0,10.52835182,           1391P   1031
-5.24036226E-010,-1.0,0.0,10.60660172,0,0;                          1391P   1032
100,0.0,0.0,0.0,1.621,0.0,-1.621,1.698927221E-009,0,0;              1393P   1033
110,0.0,12.14935182,10.60660172,4.0,12.14935182,10.60660172,0,0;    1395P   1034
124,0.0,0.0,-1.0,4.0,1.0,0.0,0.0,10.52835182,0.0,-1.0,0.0,          1397P   1035
10.60660172,0,0;                                                    1397P   1036
100,0.0,0.0,0.0,1.621,0.0,1.61060571,0.183276424,0,0;               1399P   1037
110,4.0,12.13895753,10.42332529,7.0,12.13895753,10.42332529,0,0;    1401P   1038
124,0.0,0.0,-1.0,7.0,0.9935877297,-0.1130638026,0.0,10.52835182,    1403P   1039
-0.1130638026,-0.9935877297,0.0,10.60660172,0,0;                    1403P   1040
100,0.0,0.0,0.0,1.621,0.0,-1.61060571,0.183276424,0,0;              1405P   1041
110,7.0,8.907351816,10.60660172,0.0,8.907351816,10.60660172,0,0;    1407P   1042
102,6,1393,1395,1399,1401,1405,1407,0,0;                            1409P   1043
142,0,1389,0,1409,2,0,0;                                            1411P   1044
144,1389,1,0,1411,0,0;                                              1413P   1045
110,0.0,10.52835182,10.60660172,1.0,10.52835182,10.60660172,0,0;    1415P   1046
110,0.0,12.14935182,10.60660172,7.0,12.14935182,10.60660172,0,0;    1417P   1047
120,1415,1417,0.0,6.283185307,0,0;                                  1419P   1048
110,4.0,12.14935182,10.60660172,0.0,12.14935182,10.60660172,0,0;    1421P   1049
124,0.0,0.0,1.0,0.0,1.0,5.240373218E-010,0.0,10.52835182,           1423P   1050
-5.240373218E-010,1.0,0.0,10.60660172,0,0;                          1423P   1051
100,0.0,0.0,0.0,1.621,0.0,-1.621,-1.698927221E-009,0,0;             1425P   1052
110,0.0,8.907351816,10.60660172,7.0,8.907351816,10.60660172,0,0;    1427P   1053
124,0.0,0.0,-1.0,7.0,-1.0,0.0,0.0,10.52835182,0.0,1.0,0.0,          1429P   1054
10.60660172,0,0;                                                    1429P   1055
100,0.0,0.0,0.0,1.621,0.0,0.1951974262,1.609204451,0,0;             1431P   1056
110,7.0,10.33315439,12.21580617,4.0,10.33315439,12.21580617,0,0;    1433P   1057
124,0.0,0.0,-1.0,4.0,-0.1204179064,0.9927232887,0.0,10.52835182,    1435P   1058
0.9927232887,0.1204179064,0.0,10.60660172,0,0;                      1435P   1059
100,0.0,0.0,0.0,1.621,0.0,-0.1951974262,1.609204451,0,0;            1437P   1060
102,6,1421,1425,1427,1431,1433,1437,0,0;                            1439P   1061
142,0,1419,0,1439,2,0,0;                                            1441P   1062
144,1419,1,0,1441,0,0;                                              1443P   1063
110,0.0,-10.60660172,10.60660172,1.0,-10.60660172,10.60660172,0,    1445P   1064
0;                                                                  1445P   1065
110,0.0,-13.60660172,10.60660172,7.0,-13.60660172,10.60660172,0,    1447P   1066
0;                                                                  1447P   1067
120,1445,1447,0.0,6.283185307,0,0;                                  1449P   1068
110,4.0,-13.60660172,10.60660172,0.0,-13.60660172,10.60660172,0,    1451P   1069
0;                                                                  1451P   1070
124,0.0,0.0,1.0,0.0,-1.0,2.83154833E-010,0.0,-10.60660172,          1453P   1071
-2.83154833E-010,-1.0,0.0,10.60660172,0,0;                          1453P   1072
100,0.0,0.0,0.0,3.0,0.0,-3.0,1.698928997E-009,0,0;                  1455P   1073
110,0.0,-7.606601717,10.60660172,7.0,-7.606601718,10.60660172,0,    1457P   1074
0;                                                                  1457P   1075
124,0.0,0.0,-1.0,7.0,1.0,0.0,0.0,-10.60660172,0.0,-1.0,0.0,         1459P   1076
10.60660172,0,0;                                                    1459P   1077
100,0.0,0.0,0.0,3.0,0.0,-2.575511456,1.53842151,0,0;                1461P   1078
110,7.0,-13.18211317,9.068180208,4.0,-13.18211317,9.068180208,0,    1463P   1079
0;                                                                  1463P   1080
124,0.0,0.0,-1.0,4.0,-0.8585038185,-0.51280717,0.0,-10.60660172,    1465P   1081
-0.51280717,0.8585038185,0.0,10.60660172,0,0;                       1465P   1082
100,0.0,0.0,0.0,3.0,0.0,2.575511456,1.53842151,0,0;                 1467P   1083
102,6,1451,1455,1457,1461,1463,1467,0,0;                            1469P   1084
142,0,1449,0,1469,2,0,0;                                            1471P   1085
144,1449,1,0,1471,0,0;                                              1473P   1086
110,0.0,-10.60660172,10.60660172,1.0,-10.60660172,10.60660172,0,    1475P   1087
0;                                                                  1475P   1088
110,0.0,-7.606601718,10.60660172,7.0,-7.606601718,10.60660172,0,    1477P   1089
0;                                                                  1477P   1090
120,1475,1477,0.0,6.283185307,0,0;                                  1479P   1091
124,0.0,0.0,1.0,0.0,1.0,2.831548328E-010,0.0,-10.60660172,          1481P   1092
-2.831548328E-010,1.0,0.0,10.60660172,0,0;                          1481P   1093
100,0.0,0.0,0.0,3.0,0.0,-3.0,-1.698928997E-009,0,0;                 1483P   1094
110,0.0,-13.60660172,10.60660172,4.0,-13.60660172,10.60660172,0,    1485P   1095
0;                                                                  1485P   1096
124,0.0,0.0,-1.0,4.0,-1.0,0.0,0.0,-10.60660172,0.0,1.0,0.0,         1487P   1097
10.60660172,0,0;                                                    1487P   1098
100,0.0,0.0,0.0,3.0,0.0,-1.53842151,2.575511456,0,0;                1489P   1099
110,4.0,-9.068180208,13.18211317,7.0,-9.068180208,13.18211317,0,    1491P   1100
0;                                                                  1491P   1101
124,0.0,0.0,-1.0,7.0,0.51280717,0.8585038185,0.0,-10.60660172,      1493P   1102
0.8585038185,-0.51280717,0.0,10.60660172,0,0;                       1493P   1103
100,0.0,0.0,0.0,3.0,0.0,1.53842151,2.575511456,0,0;                 1495P   1104
110,7.0,-7.606601718,10.60660172,0.0,-7.606601717,10.60660172,0,    1497P   1105
0;                                                                  1497P   1106
102,6,1483,1485,1489,1491,1495,1497,0,0;                            1499P   1107
142,0,1479,0,1499,2,0,0;                                            1501P   1108
144,1479,1,0,1501,0,0;                                              1503P   1109
110,0.0,10.60660172,-10.60660172,1.0,10.60660172,-10.60660172,0,    1505P   1110
0;                                                                  1505P   1111
110,0.0,13.60660172,-10.60660172,7.0,13.60660172,-10.60660172,0,    1507P   1112
0;                                                                  1507P   1113
120,1505,1507,0.0,6.283185307,0,0;                                  1509P   1114
110,4.0,13.60660172,-10.60660172,0.0,13.60660172,-10.60660172,0,    1511P   1115
0;                                                                  1511P   1116
124,0.0,0.0,1.0,0.0,1.0,-2.83154833E-010,0.0,10.60660172,           1513P   1117
2.83154833E-010,1.0,0.0,-10.60660172,0,0;                           1513P   1118
100,0.0,0.0,0.0,3.0,0.0,-3.0,1.698928997E-009,0,0;                  1515P   1119
110,0.0,7.606601717,-10.60660172,7.0,7.606601718,-10.60660172,0,    1517P   1120
0;                                                                  1517P   1121
124,0.0,0.0,-1.0,7.0,-1.0,0.0,0.0,10.60660172,0.0,1.0,0.0,          1519P   1122
-10.60660172,0,0;                                                   1519P   1123
100,0.0,0.0,0.0,3.0,0.0,-2.575511456,1.53842151,0,0;                1521P   1124
110,7.0,13.18211317,-9.068180208,4.0,13.18211317,-9.068180208,0,    1523P   1125
0;                                                                  1523P   1126
124,0.0,0.0,-1.0,4.0,0.8585038185,0.51280717,0.0,10.60660172,       1525P   1127
0.51280717,-0.8585038185,0.0,-10.60660172,0,0;                      1525P   1128
100,0.0,0.0,0.0,3.0,0.0,2.575511456,1.53842151,0,0;                 1527P   1129
102,6,1511,1515,1517,1521,1523,1527,0,0;                            1529P   1130
142,0,1509,0,1529,2,0,0;                                            1531P   1131
144,1509,1,0,1531,0,0;                                              1533P   1132
110,0.0,10.60660172,-10.60660172,1.0,10.60660172,-10.60660172,0,    1535P   1133
0;                                                                  1535P   1134
110,0.0,7.606601718,-10.60660172,7.0,7.606601718,-10.60660172,0,    1537P   1135
0;                                                                  1537P   1136
120,1535,1537,0.0,6.283185307,0,0;                                  1539P   1137
124,0.0,0.0,1.0,0.0,-1.0,-2.831548328E-010,0.0,10.60660172,         1541P   1138
2.831548328E-010,-1.0,0.0,-10.60660172,0,0;                         1541P   1139
100,0.0,0.0,0.0,3.0,0.0,-3.0,-1.698928997E-009,0,0;                 1543P   1140
110,0.0,13.60660172,-10.60660172,4.0,13.60660172,-10.60660172,0,    1545P   1141
0;                                                                  1545P   1142
124,0.0,0.0,-1.0,4.0,1.0,0.0,0.0,10.60660172,0.0,-1.0,0.0,          1547P   1143
-10.60660172,0,0;                                                   1547P   1144
100,0.0,0.0,0.0,3.0,0.0,-1.53842151,2.575511456,0,0;                1549P   1145
110,4.0,9.068180208,-13.18211317,7.0,9.068180208,-13.18211317,0,    1551P   1146
0;                                                                  1551P   1147
124,0.0,0.0,-1.0,7.0,-0.51280717,-0.8585038185,0.0,10.60660172,     1553P   1148
-0.8585038185,0.51280717,0.0,-10.60660172,0,0;                      1553P   1149
100,0.0,0.0,0.0,3.0,0.0,1.53842151,2.575511456,0,0;                 1555P   1150
110,7.0,7.606601718,-10.60660172,0.0,7.606601717,-10.60660172,0,    1557P   1151
0;                                                                  1557P   1152
102,6,1543,1545,1549,1551,1555,1557,0,0;                            1559P   1153
142,0,1539,0,1559,2,0,0;                                            1561P   1154
144,1539,1,0,1561,0,0;                                              1563P   1155
110,0.0,-10.52835182,-10.60660172,1.0,-10.52835182,-10.60660172,    1565P   1156
0,0;                                                                1565P   1157
110,0.0,-8.907351816,-10.60660172,7.0,-8.907351816,-10.60660172,    1567P   1158
0,0;                                                                1567P   1159
120,1565,1567,0.0,6.283185307,0,0;                                  1569P   1160
124,0.0,0.0,1.0,0.0,1.0,-5.240373218E-010,0.0,-10.52835182,         1571P   1161
5.240373218E-010,1.0,0.0,-10.60660172,0,0;                          1571P   1162
100,0.0,0.0,0.0,1.621,0.0,-1.621,1.698928997E-009,0,0;              1573P   1163
110,0.0,-12.14935182,-10.60660172,4.0,-12.14935182,-10.60660172,    1575P   1164
0,0;                                                                1575P   1165
124,0.0,0.0,-1.0,4.0,-1.0,0.0,0.0,-10.52835182,0.0,1.0,0.0,         1577P   1166
-10.60660172,0,0;                                                   1577P   1167
100,0.0,0.0,0.0,1.621,0.0,1.61060571,0.183276424,0,0;               1579P   1168
110,4.0,-12.13895753,-10.42332529,7.0,-12.13895753,-10.42332529,    1581P   1169
0,0;                                                                1581P   1170
124,0.0,0.0,-1.0,7.0,-0.9935877297,0.1130638026,0.0,                1583P   1171
-10.52835182,0.1130638026,0.9935877297,0.0,-10.60660172,0,0;        1583P   1172
100,0.0,0.0,0.0,1.621,0.0,-1.61060571,0.183276424,0,0;              1585P   1173
110,7.0,-8.907351816,-10.60660172,0.0,-8.907351816,-10.60660172,    1587P   1174
0,0;                                                                1587P   1175
102,6,1573,1575,1579,1581,1585,1587,0,0;                            1589P   1176
142,0,1569,0,1589,2,0,0;                                            1591P   1177
144,1569,1,0,1591,0,0;                                              1593P   1178
110,0.0,-10.52835182,-10.60660172,1.0,-10.52835182,-10.60660172,    1595P   1179
0,0;                                                                1595P   1180
110,0.0,-12.14935182,-10.60660172,7.0,-12.14935182,-10.60660172,    1597P   1181
0,0;                                                                1597P   1182
120,1595,1597,0.0,6.283185307,0,0;                                  1599P   1183
110,4.0,-12.14935182,-10.60660172,0.0,-12.14935182,-10.60660172,    1601P   1184
0,0;                                                                1601P   1185
124,0.0,0.0,1.0,0.0,-1.0,-5.240373218E-010,0.0,-10.52835182,        1603P   1186
5.240373218E-010,-1.0,0.0,-10.60660172,0,0;                         1603P   1187
100,0.0,0.0,0.0,1.621,0.0,-1.621,-1.698928997E-009,0,0;             1605P   1188
110,0.0,-8.907351816,-10.60660172,7.0,-8.907351816,-10.60660172,    1607P   1189
0,0;                                                                1607P   1190
124,0.0,0.0,-1.0,7.0,1.0,0.0,0.0,-10.52835182,0.0,-1.0,0.0,         1609P   1191
-10.60660172,0,0;                                                   1609P   1192
100,0.0,0.0,0.0,1.621,0.0,0.1951974262,1.609204451,0,0;             1611P   1193
110,7.0,-10.33315439,-12.21580617,4.0,-10.33315439,-12.21580617,    1613P   1194
0,0;                                                                1613P   1195
124,0.0,0.0,-1.0,4.0,0.1204179064,-0.9927232887,0.0,                1615P   1196
-10.52835182,-0.9927232887,-0.1204179064,0.0,-10.60660172,0,0;      1615P   1197
100,0.0,0.0,0.0,1.621,0.0,-0.1951974262,1.609204451,0,0;            1617P   1198
102,6,1601,1605,1607,1611,1613,1617,0,0;                            1619P   1199
142,0,1599,0,1619,2,0,0;                                            1621P   1200
144,1599,1,0,1621,0,0;                                              1623P   1201
108,0.0,0.0,1.0,1.7,0,14.0,6.0,1.7,1.0,0,0;                         1625P   1202
110,13.0,15.07403168,1.7,4.0,15.07403168,1.7,0,0;                   1627P   1203
110,4.0,15.07403168,1.7,4.0,24.45403644,1.7,0,0;                    1629P   1204
110,4.0,24.45403644,1.7,0.0,24.45403644,1.699999999,0,0;            1631P   1205
110,0.0,24.45403644,1.699999999,0.0,6.0,1.699999999,0,0;            1633P   1206
110,0.0,6.0,1.699999999,13.0,6.0,1.7,0,0;                           1635P   1207
110,13.0,6.0,1.7,13.0,15.07403168,1.7,0,0;                          1637P   1208
102,6,1627,1629,1631,1633,1635,1637,0,0;                            1639P   1209
142,0,1625,0,1639,2,0,0;                                            1641P   1210
144,1625,1,0,1641,0,0;                                              1643P   1211
108,0.0,1.0,0.0,6.0,0,14.0,6.0,1.7,1.0,0,0;                         1645P   1212
110,13.0,6.0,1.7,0.0,6.0,1.699999999,0,0;                           1647P   1213
110,0.0,6.0,1.699999999,0.0,6.0,-1.699999999,0,0;                   1649P   1214
110,0.0,6.0,-1.699999999,13.0,6.0,-1.7,0,0;                         1651P   1215
110,13.0,6.0,-1.7,14.0,6.0,-2.7,0,0;                                1653P   1216
110,14.0,6.0,-2.7,14.0,6.0,2.7,0,0;                                 1655P   1217
110,14.0,6.0,2.7,13.0,6.0,1.7,0,0;                                  1657P   1218
102,6,1647,1649,1651,1653,1655,1657,0,0;                            1659P   1219
142,0,1645,0,1659,2,0,0;                                            1661P   1220
144,1645,1,0,1661,0,0;                                              1663P   1221
108,1.0,0.0,0.0,0.0,0,0.0,5.0,0.0,1.0,0,0;                          1665P   1222
124,0.0,0.0,1.0,0.0,0.9943579096,-0.1060770829,0.0,                 1667P   1223
1.496985291E-008,0.1060770829,0.9943579096,0.0,4.654732599E-009,    1667P   1224
0,0;                                                                1667P   1225
100,0.0,0.0,0.0,25.39999998,0.0,23.45657548,9.744181123,0,0;        1669P   1226
124,0.0,0.0,1.0,0.0,0.8775825619,-0.4794255386,0.0,0.0,             1671P   1227
0.4794255386,0.8775825619,0.0,0.0,0,0;                              1671P   1228
100,0.0,0.0,0.0,25.4,0.0,-25.4,0.0,0,0;                             1673P   1229
124,0.0,0.0,1.0,0.0,-0.8775825619,0.4794255386,0.0,                 1675P   1230
4.049489633E-010,-0.4794255386,-0.8775825619,0.0,                   1675P   1231
-5.507416745E-011,0,0;                                              1675P   1232
100,0.0,0.0,0.0,25.4,0.0,-20.92330699,14.40052862,0,0;              1677P   1233
110,0.0,25.26591054,-2.606485073,0.0,24.35942547,-1.699999999,0,    1679P   1234
0;                                                                  1679P   1235
110,0.0,24.35942547,-1.699999999,0.0,6.0,-1.699999999,0,0;          1681P   1236
110,0.0,6.0,-1.699999999,0.0,6.0,1.699999999,0,0;                   1683P   1237
110,0.0,6.0,1.699999999,0.0,24.45403644,1.699999999,0,0;            1685P   1238
110,0.0,24.45403644,1.699999999,0.0,25.2566909,2.694357909,0,0;     1687P   1239
102,8,1669,1673,1677,1679,1681,1683,1685,1687,0,0;                  1689P   1240
142,0,1665,0,1689,2,0,0;                                            1691P   1241
124,0.0,0.0,-1.0,0.0,1.0,5.745358263E-010,0.0,-10.52835182,         1693P   1242
5.745358263E-010,-1.0,0.0,-10.60660172,0,0;                         1693P   1243
100,0.0,0.0,0.0,1.621,0.0,-1.621,-1.862645149E-009,0,0;             1695P   1244
124,0.0,0.0,-1.0,0.0,-1.0,5.745358263E-010,0.0,-10.52835182,        1697P   1245
5.745358263E-010,1.0,0.0,-10.60660172,0,0;                          1697P   1246
100,0.0,0.0,0.0,1.621,0.0,-1.621,1.862645149E-009,0,0;              1699P   1247
102,2,1695,1699,0,0;                                                1701P   1248
142,0,1665,0,1701,2,0,0;                                            1703P   1249
124,0.0,0.0,-1.0,0.0,1.0,0.0,0.0,10.60660172,0.0,-1.0,0.0,          1705P   1250
-10.60660172,0,0;                                                   1705P   1251
100,0.0,0.0,0.0,3.0,0.0,-3.0,0.0,0,0;                               1707P   1252
124,0.0,0.0,-1.0,0.0,-1.0,0.0,0.0,10.60660172,0.0,1.0,0.0,          1709P   1253
-10.60660172,0,0;                                                   1709P   1254
100,0.0,0.0,0.0,3.0,0.0,-3.0,0.0,0,0;                               1711P   1255
102,2,1707,1711,0,0;                                                1713P   1256
142,0,1665,0,1713,2,0,0;                                            1715P   1257
124,0.0,0.0,-1.0,0.0,-1.0,0.0,0.0,-10.60660172,0.0,1.0,0.0,         1717P   1258
10.60660172,0,0;                                                    1717P   1259
100,0.0,0.0,0.0,3.0,0.0,-3.0,0.0,0,0;                               1719P   1260
124,0.0,0.0,-1.0,0.0,1.0,0.0,0.0,-10.60660172,0.0,-1.0,0.0,         1721P   1261
10.60660172,0,0;                                                    1721P   1262
100,0.0,0.0,0.0,3.0,0.0,-3.0,0.0,0,0;                               1723P   1263
102,2,1719,1723,0,0;                                                1725P   1264
142,0,1665,0,1725,2,0,0;                                            1727P   1265
124,0.0,0.0,-1.0,0.0,-1.0,-5.745347305E-010,0.0,10.52835182,        1729P   1266
-5.745347305E-010,1.0,0.0,10.60660172,0,0;                          1729P   1267
100,0.0,0.0,0.0,1.621,0.0,-1.621,-1.862643373E-009,0,0;             1731P   1268
124,0.0,0.0,-1.0,0.0,1.0,-5.745358263E-010,0.0,10.52835182,         1733P   1269
-5.745358263E-010,-1.0,0.0,10.60660172,0,0;                         1733P   1270
100,0.0,0.0,0.0,1.621,0.0,-1.621,1.862643373E-009,0,0;              1735P   1271
102,2,1731,1735,0,0;                                                1737P   1272
142,0,1665,0,1737,2,0,0;                                            1739P   1273
124,0.0,0.0,-1.0,0.0,3.62645623E-007,1.0,0.0,5.65685425,1.0,        1741P   1274
-3.62645623E-007,0.0,-5.65685425,0,0;                               1741P   1275
100,0.0,0.0,0.0,2.449999999,0.0,-2.449999999,8.884818161E-007,0,    1743P   1276
0;                                                                  1743P   1277
124,0.0,0.0,-1.0,0.0,0.0,-1.0,0.0,5.65685425,-1.0,0.0,0.0,          1745P   1278
-5.65685425,0,0;                                                    1745P   1279
100,0.0,0.0,0.0,2.449999999,0.0,2.436896465,0.2530525931,0,0;       1747P   1280
124,0.0,0.0,-1.0,0.0,-0.1032867727,-0.9946516187,0.0,5.65685425,    1749P   1281
-0.9946516187,0.1032867727,0.0,-5.65685425,0,0;                     1749P   1282
100,0.0,0.0,0.0,2.449999999,0.0,-2.436896557,0.2530517094,0,0;      1751P   1283
102,3,1743,1747,1751,0,0;                                           1753P   1284
142,0,1665,0,1753,2,0,0;                                            1755P   1285
124,0.0,0.0,-1.0,0.0,1.0,-3.626456234E-007,0.0,-5.65685425,         1757P   1286
-3.626456234E-007,-1.0,0.0,-5.65685425,0,0;                         1757P   1287
100,0.0,0.0,0.0,2.449999999,0.0,-2.449999999,8.884818161E-007,0,    1759P   1288
0;                                                                  1759P   1289
124,0.0,0.0,-1.0,0.0,-1.0,0.0,0.0,-5.65685425,0.0,1.0,0.0,          1761P   1290
-5.65685425,0,0;                                                    1761P   1291
100,0.0,0.0,0.0,2.449999999,0.0,2.436896465,0.2530525931,0,0;       1763P   1292
124,0.0,0.0,-1.0,0.0,-0.9946516187,0.1032867727,0.0,-5.65685425,    1765P   1293
0.1032867727,0.9946516187,0.0,-5.65685425,0,0;                      1765P   1294
100,0.0,0.0,0.0,2.449999999,0.0,-2.436896557,0.2530517094,0,0;      1767P   1295
102,3,1759,1763,1767,0,0;                                           1769P   1296
142,0,1665,0,1769,2,0,0;                                            1771P   1297
124,0.0,0.0,-1.0,0.0,-3.626456227E-007,-1.0,0.0,-5.65685425,        1773P   1298
-1.0,3.626456227E-007,0.0,5.65685425,0,0;                           1773P   1299
100,0.0,0.0,0.0,2.449999999,0.0,-2.449999999,8.884818143E-007,0,    1775P   1300
0;                                                                  1775P   1301
124,0.0,0.0,-1.0,0.0,0.0,1.0,0.0,-5.65685425,1.0,0.0,0.0,           1777P   1302
5.65685425,0,0;                                                     1777P   1303
100,0.0,0.0,0.0,2.449999999,0.0,2.436896465,0.2530525931,0,0;       1779P   1304
124,0.0,0.0,-1.0,0.0,0.1032867727,0.9946516187,0.0,-5.65685425,     1781P   1305
0.9946516187,-0.1032867727,0.0,5.65685425,0,0;                      1781P   1306
100,0.0,0.0,0.0,2.449999999,0.0,-2.436896557,0.2530517094,0,0;      1783P   1307
102,3,1775,1779,1783,0,0;                                           1785P   1308
142,0,1665,0,1785,2,0,0;                                            1787P   1309
124,0.0,0.0,-1.0,0.0,1.0,0.0,0.0,5.65685425,0.0,-1.0,0.0,           1789P   1310
5.65685425,0,0;                                                     1789P   1311
100,0.0,0.0,0.0,2.449999999,0.0,1.982091636,1.440073868,0,0;        1791P   1312
124,0.0,0.0,-1.0,0.0,0.8090169944,-0.5877852523,0.0,5.65685425,     1793P   1313
-0.5877852523,-0.8090169944,0.0,5.65685425,0,0;                     1793P   1314
100,0.0,0.0,0.0,2.449999999,0.0,-1.982091227,1.44007443,0,0;        1795P   1315
124,0.0,0.0,-1.0,0.0,-1.0,-2.835782106E-007,0.0,5.65685425,         1797P   1316
-2.835782106E-007,1.0,0.0,5.65685425,0,0;                           1797P   1317
100,0.0,0.0,0.0,2.449999999,0.0,-2.449999999,-6.947665909E-007,     1799P   1318
0,0;                                                                1799P   1319
102,3,1791,1795,1799,0,0;                                           1801P   1320
142,0,1665,0,1801,2,0,0;                                            1803P   1321
124,0.0,0.0,-1.0,0.0,-0.8775825619,-0.4794255386,0.0,0.0,           1805P   1322
-0.4794255386,0.8775825619,0.0,0.0,0,0;                             1805P   1323
100,0.0,0.0,0.0,5.5,0.0,-5.5,-4.146433197E-012,0,0;                 1807P   1324
124,0.0,0.0,-1.0,0.0,0.8775825619,0.4794255386,0.0,0.0,             1809P   1325
0.4794255386,-0.8775825619,0.0,0.0,0,0;                             1809P   1326
100,0.0,0.0,0.0,5.5,0.0,-5.5,4.146433197E-012,0,0;                  1811P   1327
102,2,1807,1811,0,0;                                                1813P   1328
142,0,1665,0,1813,2,0,0;                                            1815P   1329
144,1665,1,9,1691,1703,1715,1727,1739,1755,1771,1787,1803,1815,     1817P   1330
0,0;                                                                1817P   1331
110,-0.5,0.0,0.0,0.5,0.0,0.0,0,0;                                   1819P   1332
124,1.0,2.190087171E-012,0.0,-0.5,1.9220181E-012,-0.8775825619,     1821P   1333
0.4794255386,4.82670409,1.050715071E-012,-0.4794255386,             1821P   1334
-0.8775825619,2.636840462,0,0;                                      1821P   1335
100,0.0,0.0,0.0,0.5,0.0,-1.09521584E-012,-0.5,0,0;                  1823P   1336
120,1819,1823,0.0,3.141592654,0,0;                                  1825P   1337
124,1.0,2.187344137E-012,0.0,-0.5,-1.923794457E-012,                1827P   1338
0.8775825619,-0.4794255386,-4.82670409,-1.040945108E-012,           1827P   1339
0.4794255386,0.8775825619,-2.636840462,0,0;                         1827P   1340
100,0.0,0.0,0.0,0.5,0.0,-1.093616557E-012,0.5,0,0;                  1829P   1341
124,0.0,0.0,-1.0,-0.5,-0.8775825619,-0.4794255386,0.0,0.0,          1831P   1342
-0.4794255386,0.8775825619,0.0,0.0,0,0;                             1831P   1343
100,0.0,0.0,0.0,5.0,0.0,-5.0,0.0,0,0;                               1833P   1344
124,0.0,1.0,0.0,-0.5,-0.8775825619,0.0,-0.4794255386,4.82670409,    1835P   1345
-0.4794255386,0.0,0.8775825619,2.636840462,0,0;                     1835P   1346
100,0.0,0.0,0.0,0.5,0.0,0.0,0.5,0,0;                                1837P   1347
124,0.0,0.0,1.0,0.0,0.8775825619,-0.4794255386,0.0,0.0,             1839P   1348
0.4794255386,0.8775825619,0.0,0.0,0,0;                              1839P   1349
100,0.0,0.0,0.0,5.5,0.0,-5.5,-4.147043819E-012,0,0;                 1841P   1350
102,4,1829,1833,1837,1841,0,0;                                      1843P   1351
142,0,1825,0,1843,2,0,0;                                            1845P   1352
144,1825,1,0,1845,0,0;                                              1847P   1353
110,-0.5,0.0,0.0,0.5,0.0,0.0,0,0;                                   1849P   1354
124,1.0,2.190309215E-012,0.0,-0.5,-1.9220181E-012,0.8775825619,     1851P   1355
-0.4794255386,-4.82670409,-1.049826892E-012,0.4794255386,           1851P   1356
0.8775825619,-2.636840462,0,0;                                      1851P   1357
100,0.0,0.0,0.0,0.5,0.0,-1.094982353E-012,0.5,0,0;                  1853P   1358
120,1849,1853,0.0,3.141592654,0,0;                                  1855P   1359
124,1.0,0.0,0.0,-0.5,3.982592034E-012,-0.8775825619,                1857P   1360
0.4794255386,4.82670409,-7.288392112E-012,-0.4794255386,            1857P   1361
-0.8775825619,2.636840462,0,0;                                      1857P   1362
100,0.0,0.0,0.0,0.5,0.0,0.0,0.5,0,0;                                1859P   1363
124,0.0,0.0,-1.0,-0.5,0.8775825619,0.4794255386,0.0,0.0,            1861P   1364
0.4794255386,-0.8775825619,0.0,0.0,0,0;                             1861P   1365
100,0.0,0.0,0.0,5.0,0.0,-5.0,0.0,0,0;                               1863P   1366
124,0.0,1.0,0.0,-0.5,0.8775825619,0.0,0.4794255386,-4.82670409,     1865P   1367
0.4794255386,0.0,-0.8775825619,-2.636840462,0,0;                    1865P   1368
100,0.0,0.0,0.0,0.5,0.0,-1.092764927E-012,0.5,0,0;                  1867P   1369
124,0.0,0.0,1.0,0.0,-0.8775825619,0.4794255386,0.0,0.0,             1869P   1370
-0.4794255386,-0.8775825619,0.0,0.0,0,0;                            1869P   1371
100,0.0,0.0,0.0,5.5,0.0,-5.5,4.149791621E-012,0,0;                  1871P   1372
102,4,1859,1863,1867,1871,0,0;                                      1873P   1373
142,0,1855,0,1873,2,0,0;                                            1875P   1374
144,1855,1,0,1875,0,0;                                              1877P   1375
S      1G      5D   1878P   1375                                        T      1
