solid CATIA STL
  facet normal  0.000000e+000 -1.000000e+000  0.000000e+000
    outer loop
      vertex -2.035718e+001  4.000000e+001 -6.208329e+001
      vertex -2.000000e+001  4.000000e+001 -4.361317e+001
      vertex -2.077132e+001  4.000000e+001 -6.108347e+001
    endloop
  endfacet
  facet normal  0.000000e+000 -1.000000e+000  0.000000e+000
    outer loop
      vertex -2.035718e+001  4.000000e+001 -6.208329e+001
      vertex -7.500000e+000  4.000000e+001 -1.350000e+002
      vertex -2.000000e+001  4.000000e+001 -4.361317e+001
    endloop
  endfacet
  facet normal  0.000000e+000 -1.000000e+000  0.000000e+000
    outer loop
      vertex  2.000000e+001  4.000000e+001 -4.361317e+001
      vertex  2.035718e+001  4.000000e+001 -6.208329e+001
      vertex  2.077132e+001  4.000000e+001 -6.108347e+001
    endloop
  endfacet
  facet normal  0.000000e+000 -1.000000e+000  0.000000e+000
    outer loop
      vertex  2.306147e+001  4.000000e+001 -2.822214e+001
      vertex  2.565685e+001  4.000000e+001 -2.995632e+001
      vertex  3.400000e+001  4.000000e+001 -3.354617e+001
    endloop
  endfacet
  facet normal  0.000000e+000 -1.000000e+000  0.000000e+000
    outer loop
      vertex  2.565685e+001  4.000000e+001 -2.995632e+001
      vertex  2.739104e+001  4.000000e+001 -3.255171e+001
      vertex  3.400000e+001  4.000000e+001 -3.354617e+001
    endloop
  endfacet
  facet normal  0.000000e+000 -1.000000e+000  0.000000e+000
    outer loop
      vertex -3.193300e+001  4.000000e+001 -3.561317e+001
      vertex -3.253841e+001  4.000000e+001 -3.707476e+001
      vertex -2.800000e+001  4.000000e+001 -3.561317e+001
    endloop
  endfacet
  facet normal  0.000000e+000 -1.000000e+000  0.000000e+000
    outer loop
      vertex  2.565685e+001  4.000000e+001 -4.127003e+001
      vertex  2.306147e+001  4.000000e+001 -4.300421e+001
      vertex  3.400000e+001  4.000000e+001 -3.768018e+001
    endloop
  endfacet
  facet normal  0.000000e+000 -1.000000e+000  -0.000000e+000
    outer loop
      vertex  3.400000e+001  4.000000e+001 -3.768018e+001
      vertex  2.739104e+001  4.000000e+001 -3.867464e+001
      vertex  2.565685e+001  4.000000e+001 -4.127003e+001
    endloop
  endfacet
  facet normal  -0.000000e+000 -1.000000e+000  0.000000e+000
    outer loop
      vertex  2.156920e+001  4.000000e+001 -6.035235e+001
      vertex  3.825000e+001  4.000000e+001 -5.072169e+001
      vertex  3.400000e+001  4.000000e+001 -3.768018e+001
    endloop
  endfacet
  facet normal  0.000000e+000 -1.000000e+000  0.000000e+000
    outer loop
      vertex  2.156920e+001  4.000000e+001 -6.035235e+001
      vertex  3.400000e+001  4.000000e+001 -3.768018e+001
      vertex  2.306147e+001  4.000000e+001 -4.300421e+001
    endloop
  endfacet
  facet normal  0.000000e+000 -9.999999e-001  0.000000e+000
    outer loop
      vertex  2.156920e+001  4.000000e+001 -6.035235e+001
      vertex  2.306147e+001  4.000000e+001 -4.300421e+001
      vertex  2.000000e+001  4.000000e+001 -4.361317e+001
    endloop
  endfacet
  facet normal  0.000000e+000 -1.000000e+000  0.000000e+000
    outer loop
      vertex  2.156920e+001  4.000000e+001 -6.035235e+001
      vertex  2.000000e+001  4.000000e+001 -4.361317e+001
      vertex  2.077132e+001  4.000000e+001 -6.108347e+001
    endloop
  endfacet
  facet normal  0.000000e+000 -1.000000e+000  0.000000e+000
    outer loop
      vertex -3.950000e+001  4.000000e+001 -2.000000e+000
      vertex -3.606700e+001  4.000000e+001 -3.561317e+001
      vertex -3.546159e+001  4.000000e+001 -3.415158e+001
    endloop
  endfacet
  facet normal  0.000000e+000 -1.000000e+000  0.000000e+000
    outer loop
      vertex -3.950000e+001  4.000000e+001 -2.000000e+000
      vertex -3.546159e+001  4.000000e+001 -3.415158e+001
      vertex -3.400000e+001  4.000000e+001 -3.354617e+001
    endloop
  endfacet
  facet normal  0.000000e+000 -1.000000e+000  0.000000e+000
    outer loop
      vertex -3.950000e+001  4.000000e+001 -2.000000e+000
      vertex -3.400000e+001  4.000000e+001 -3.354617e+001
      vertex -2.739104e+001  4.000000e+001 -3.255171e+001
    endloop
  endfacet
  facet normal  0.000000e+000 -1.000000e+000  0.000000e+000
    outer loop
      vertex -3.950000e+001  4.000000e+001 -2.000000e+000
      vertex -2.739104e+001  4.000000e+001 -3.255171e+001
      vertex -2.565685e+001  4.000000e+001 -2.995632e+001
    endloop
  endfacet
  facet normal  0.000000e+000 -1.000000e+000  0.000000e+000
    outer loop
      vertex -3.950000e+001  4.000000e+001 -2.000000e+000
      vertex -2.565685e+001  4.000000e+001 -2.995632e+001
      vertex -2.306147e+001  4.000000e+001 -2.822214e+001
    endloop
  endfacet
  facet normal  0.000000e+000 -1.000000e+000  0.000000e+000
    outer loop
      vertex -3.950000e+001  4.000000e+001 -2.000000e+000
      vertex -2.306147e+001  4.000000e+001 -2.822214e+001
      vertex -2.000000e+001  4.000000e+001 -2.761317e+001
    endloop
  endfacet
  facet normal  0.000000e+000 -1.000000e+000  0.000000e+000
    outer loop
      vertex -3.950000e+001  4.000000e+001 -2.000000e+000
      vertex -2.000000e+001  4.000000e+001 -2.761317e+001
      vertex  2.000000e+001  4.000000e+001 -2.761317e+001
    endloop
  endfacet
  facet normal  0.000000e+000 -1.000000e+000  0.000000e+000
    outer loop
      vertex -3.950000e+001  4.000000e+001 -2.000000e+000
      vertex  2.000000e+001  4.000000e+001 -2.761317e+001
      vertex  2.306147e+001  4.000000e+001 -2.822214e+001
    endloop
  endfacet
  facet normal  0.000000e+000 -1.000000e+000  0.000000e+000
    outer loop
      vertex  3.950000e+001  4.000000e+001 -2.000000e+000
      vertex -3.950000e+001  4.000000e+001 -2.000000e+000
      vertex  2.306147e+001  4.000000e+001 -2.822214e+001
    endloop
  endfacet
  facet normal  0.000000e+000 -1.000000e+000  0.000000e+000
    outer loop
      vertex  3.950000e+001  4.000000e+001 -2.000000e+000
      vertex  2.306147e+001  4.000000e+001 -2.822214e+001
      vertex  3.400000e+001  4.000000e+001 -3.354617e+001
    endloop
  endfacet
  facet normal  0.000000e+000 -9.999999e-001  0.000000e+000
    outer loop
      vertex  3.950000e+001  4.000000e+001 -2.000000e+000
      vertex  3.400000e+001  4.000000e+001 -3.354617e+001
      vertex  3.546159e+001  4.000000e+001 -3.415158e+001
    endloop
  endfacet
  facet normal  0.000000e+000 -1.000000e+000  0.000000e+000
    outer loop
      vertex  3.950000e+001  4.000000e+001 -2.000000e+000
      vertex  3.546159e+001  4.000000e+001 -3.415158e+001
      vertex  3.606700e+001  4.000000e+001 -3.561317e+001
    endloop
  endfacet
  facet normal  0.000000e+000 -1.000000e+000  0.000000e+000
    outer loop
      vertex -3.950000e+001  4.000000e+001 -4.855663e+001
      vertex -3.916506e+001  4.000000e+001 -4.980663e+001
      vertex -3.825000e+001  4.000000e+001 -5.072169e+001
    endloop
  endfacet
  facet normal  0.000000e+000 -1.000000e+000  0.000000e+000
    outer loop
      vertex -3.950000e+001  4.000000e+001 -4.855663e+001
      vertex -3.825000e+001  4.000000e+001 -5.072169e+001
      vertex -3.400000e+001  4.000000e+001 -3.768018e+001
    endloop
  endfacet
  facet normal  -0.000000e+000 -1.000000e+000  0.000000e+000
    outer loop
      vertex -3.950000e+001  4.000000e+001 -4.855663e+001
      vertex -3.400000e+001  4.000000e+001 -3.768018e+001
      vertex -3.546159e+001  4.000000e+001 -3.707476e+001
    endloop
  endfacet
  facet normal  -0.000000e+000 -1.000000e+000  0.000000e+000
    outer loop
      vertex -3.950000e+001  4.000000e+001 -4.855663e+001
      vertex -3.546159e+001  4.000000e+001 -3.707476e+001
      vertex -3.606700e+001  4.000000e+001 -3.561317e+001
    endloop
  endfacet
  facet normal  -0.000000e+000 -1.000000e+000  0.000000e+000
    outer loop
      vertex -3.950000e+001  4.000000e+001 -4.855663e+001
      vertex -3.606700e+001  4.000000e+001 -3.561317e+001
      vertex -3.950000e+001  4.000000e+001 -2.000000e+000
    endloop
  endfacet
  facet normal  0.000000e+000 -1.000000e+000  0.000000e+000
    outer loop
      vertex -2.739104e+001  4.000000e+001 -3.255171e+001
      vertex -3.400000e+001  4.000000e+001 -3.354617e+001
      vertex -3.253841e+001  4.000000e+001 -3.415158e+001
    endloop
  endfacet
  facet normal  0.000000e+000 -1.000000e+000  0.000000e+000
    outer loop
      vertex -2.739104e+001  4.000000e+001 -3.255171e+001
      vertex -3.253841e+001  4.000000e+001 -3.415158e+001
      vertex -3.193300e+001  4.000000e+001 -3.561317e+001
    endloop
  endfacet
  facet normal  0.000000e+000 -1.000000e+000  0.000000e+000
    outer loop
      vertex -2.739104e+001  4.000000e+001 -3.255171e+001
      vertex -3.193300e+001  4.000000e+001 -3.561317e+001
      vertex -2.800000e+001  4.000000e+001 -3.561317e+001
    endloop
  endfacet
  facet normal  0.000000e+000 -1.000000e+000  -0.000000e+000
    outer loop
      vertex  3.950000e+001  4.000000e+001 -4.855663e+001
      vertex  3.950000e+001  4.000000e+001 -2.000000e+000
      vertex  3.606700e+001  4.000000e+001 -3.561317e+001
    endloop
  endfacet
  facet normal  0.000000e+000 -1.000000e+000  -0.000000e+000
    outer loop
      vertex  3.950000e+001  4.000000e+001 -4.855663e+001
      vertex  3.606700e+001  4.000000e+001 -3.561317e+001
      vertex  3.546159e+001  4.000000e+001 -3.707476e+001
    endloop
  endfacet
  facet normal  0.000000e+000 -1.000000e+000  -0.000000e+000
    outer loop
      vertex  3.950000e+001  4.000000e+001 -4.855663e+001
      vertex  3.546159e+001  4.000000e+001 -3.707476e+001
      vertex  3.400000e+001  4.000000e+001 -3.768018e+001
    endloop
  endfacet
  facet normal  0.000000e+000 -1.000000e+000  0.000000e+000
    outer loop
      vertex  3.950000e+001  4.000000e+001 -4.855663e+001
      vertex  3.400000e+001  4.000000e+001 -3.768018e+001
      vertex  3.825000e+001  4.000000e+001 -5.072169e+001
    endloop
  endfacet
  facet normal  0.000000e+000 -1.000000e+000  0.000000e+000
    outer loop
      vertex  3.950000e+001  4.000000e+001 -4.855663e+001
      vertex  3.825000e+001  4.000000e+001 -5.072169e+001
      vertex  3.916506e+001  4.000000e+001 -4.980663e+001
    endloop
  endfacet
  facet normal  0.000000e+000 -1.000000e+000  -0.000000e+000
    outer loop
      vertex  2.035718e+001  4.000000e+001 -6.208329e+001
      vertex  2.000000e+001  4.000000e+001 -4.361317e+001
      vertex  7.500000e+000  4.000000e+001 -1.350000e+002
    endloop
  endfacet
  facet normal  0.000000e+000 -9.999999e-001  0.000000e+000
    outer loop
      vertex  7.500000e+000  4.000000e+001 -1.350000e+002
      vertex  2.000000e+001  4.000000e+001 -4.361317e+001
      vertex -2.000000e+001  4.000000e+001 -4.361317e+001
    endloop
  endfacet
  facet normal  0.000000e+000 -1.000000e+000  0.000000e+000
    outer loop
      vertex  7.500000e+000  4.000000e+001 -1.350000e+002
      vertex -2.000000e+001  4.000000e+001 -4.361317e+001
      vertex  7.500000e+000  4.000000e+001 -1.500000e+002
    endloop
  endfacet
  facet normal  0.000000e+000 -1.000000e+000  0.000000e+000
    outer loop
      vertex  7.500000e+000  4.000000e+001 -1.500000e+002
      vertex -2.000000e+001  4.000000e+001 -4.361317e+001
      vertex -7.500000e+000  4.000000e+001 -1.350000e+002
    endloop
  endfacet
  facet normal  0.000000e+000 -1.000000e+000  0.000000e+000
    outer loop
      vertex  7.500000e+000  4.000000e+001 -1.500000e+002
      vertex -7.500000e+000  4.000000e+001 -1.350000e+002
      vertex -7.500000e+000  4.000000e+001 -1.500000e+002
    endloop
  endfacet
  facet normal  0.000000e+000 -1.000000e+000  0.000000e+000
    outer loop
      vertex -2.565685e+001  4.000000e+001 -4.127003e+001
      vertex -3.400000e+001  4.000000e+001 -3.768018e+001
      vertex -2.306147e+001  4.000000e+001 -4.300421e+001
    endloop
  endfacet
  facet normal  -0.000000e+000 -1.000000e+000  0.000000e+000
    outer loop
      vertex -2.306147e+001  4.000000e+001 -4.300421e+001
      vertex -3.400000e+001  4.000000e+001 -3.768018e+001
      vertex -3.825000e+001  4.000000e+001 -5.072169e+001
    endloop
  endfacet
  facet normal  0.000000e+000 -1.000000e+000  0.000000e+000
    outer loop
      vertex -2.306147e+001  4.000000e+001 -4.300421e+001
      vertex -3.825000e+001  4.000000e+001 -5.072169e+001
      vertex -2.000000e+001  4.000000e+001 -4.361317e+001
    endloop
  endfacet
  facet normal  0.000000e+000 -1.000000e+000  0.000000e+000
    outer loop
      vertex -2.000000e+001  4.000000e+001 -4.361317e+001
      vertex -3.825000e+001  4.000000e+001 -5.072169e+001
      vertex -2.156920e+001  4.000000e+001 -6.035235e+001
    endloop
  endfacet
  facet normal  0.000000e+000 -9.999999e-001  0.000000e+000
    outer loop
      vertex -2.000000e+001  4.000000e+001 -4.361317e+001
      vertex -2.156920e+001  4.000000e+001 -6.035235e+001
      vertex -2.077132e+001  4.000000e+001 -6.108347e+001
    endloop
  endfacet
  facet normal  0.000000e+000 -1.000000e+000  0.000000e+000
    outer loop
      vertex -2.800000e+001  4.000000e+001 -3.561317e+001
      vertex -3.253841e+001  4.000000e+001 -3.707476e+001
      vertex -2.739104e+001  4.000000e+001 -3.867464e+001
    endloop
  endfacet
  facet normal  0.000000e+000 -9.999999e-001  0.000000e+000
    outer loop
      vertex -2.739104e+001  4.000000e+001 -3.867464e+001
      vertex -3.253841e+001  4.000000e+001 -3.707476e+001
      vertex -3.400000e+001  4.000000e+001 -3.768018e+001
    endloop
  endfacet
  facet normal  0.000000e+000 -1.000000e+000  0.000000e+000
    outer loop
      vertex -2.739104e+001  4.000000e+001 -3.867464e+001
      vertex -3.400000e+001  4.000000e+001 -3.768018e+001
      vertex -2.565685e+001  4.000000e+001 -4.127003e+001
    endloop
  endfacet
  facet normal  -0.000000e+000 -1.000000e+000  0.000000e+000
    outer loop
      vertex  2.739104e+001  4.000000e+001 -3.867464e+001
      vertex  3.400000e+001  4.000000e+001 -3.768018e+001
      vertex  2.800000e+001  4.000000e+001 -3.561317e+001
    endloop
  endfacet
  facet normal  0.000000e+000 -1.000000e+000  0.000000e+000
    outer loop
      vertex  2.800000e+001  4.000000e+001 -3.561317e+001
      vertex  3.400000e+001  4.000000e+001 -3.768018e+001
      vertex  3.253841e+001  4.000000e+001 -3.707476e+001
    endloop
  endfacet
  facet normal  0.000000e+000 -1.000000e+000  0.000000e+000
    outer loop
      vertex  2.800000e+001  4.000000e+001 -3.561317e+001
      vertex  3.253841e+001  4.000000e+001 -3.707476e+001
      vertex  3.193300e+001  4.000000e+001 -3.561317e+001
    endloop
  endfacet
  facet normal  0.000000e+000 -1.000000e+000  0.000000e+000
    outer loop
      vertex  2.800000e+001  4.000000e+001 -3.561317e+001
      vertex  3.193300e+001  4.000000e+001 -3.561317e+001
      vertex  2.739104e+001  4.000000e+001 -3.255171e+001
    endloop
  endfacet
  facet normal  0.000000e+000 -1.000000e+000  0.000000e+000
    outer loop
      vertex  2.739104e+001  4.000000e+001 -3.255171e+001
      vertex  3.193300e+001  4.000000e+001 -3.561317e+001
      vertex  3.253841e+001  4.000000e+001 -3.415158e+001
    endloop
  endfacet
  facet normal  0.000000e+000 -1.000000e+000  0.000000e+000
    outer loop
      vertex  2.739104e+001  4.000000e+001 -3.255171e+001
      vertex  3.253841e+001  4.000000e+001 -3.415158e+001
      vertex  3.400000e+001  4.000000e+001 -3.354617e+001
    endloop
  endfacet
  facet normal  0.000000e+000  1.000000e+000  0.000000e+000
    outer loop
      vertex -2.077132e+001  5.000000e+001 -6.108347e+001
      vertex -2.000000e+001  5.000000e+001 -4.361317e+001
      vertex -2.035718e+001  5.000000e+001 -6.208329e+001
    endloop
  endfacet
  facet normal  0.000000e+000  1.000000e+000  0.000000e+000
    outer loop
      vertex -2.000000e+001  5.000000e+001 -4.361317e+001
      vertex -7.500000e+000  5.000000e+001 -1.350000e+002
      vertex -2.035718e+001  5.000000e+001 -6.208329e+001
    endloop
  endfacet
  facet normal  0.000000e+000  1.000000e+000  -0.000000e+000
    outer loop
      vertex  2.077132e+001  5.000000e+001 -6.108347e+001
      vertex  2.035718e+001  5.000000e+001 -6.208329e+001
      vertex  2.000000e+001  5.000000e+001 -4.361317e+001
    endloop
  endfacet
  facet normal  -0.000000e+000  1.000000e+000  -0.000000e+000
    outer loop
      vertex  3.400000e+001  5.000000e+001 -3.354617e+001
      vertex  2.565685e+001  5.000000e+001 -2.995632e+001
      vertex  2.306147e+001  5.000000e+001 -2.822214e+001
    endloop
  endfacet
  facet normal  -0.000000e+000  1.000000e+000  -0.000000e+000
    outer loop
      vertex  3.400000e+001  5.000000e+001 -3.354617e+001
      vertex  2.739104e+001  5.000000e+001 -3.255171e+001
      vertex  2.565685e+001  5.000000e+001 -2.995632e+001
    endloop
  endfacet
  facet normal  0.000000e+000  1.000000e+000  0.000000e+000
    outer loop
      vertex -2.800000e+001  5.000000e+001 -3.561317e+001
      vertex -3.253841e+001  5.000000e+001 -3.707476e+001
      vertex -3.193300e+001  5.000000e+001 -3.561317e+001
    endloop
  endfacet
  facet normal  0.000000e+000  1.000000e+000  0.000000e+000
    outer loop
      vertex  3.400000e+001  5.000000e+001 -3.768018e+001
      vertex  2.306147e+001  5.000000e+001 -4.300421e+001
      vertex  2.565685e+001  5.000000e+001 -4.127003e+001
    endloop
  endfacet
  facet normal  -0.000000e+000  1.000000e+000  0.000000e+000
    outer loop
      vertex  2.565685e+001  5.000000e+001 -4.127003e+001
      vertex  2.739104e+001  5.000000e+001 -3.867464e+001
      vertex  3.400000e+001  5.000000e+001 -3.768018e+001
    endloop
  endfacet
  facet normal  0.000000e+000  9.999999e-001  -0.000000e+000
    outer loop
      vertex  2.156920e+001  5.000000e+001 -6.035235e+001
      vertex  2.077132e+001  5.000000e+001 -6.108347e+001
      vertex  2.000000e+001  5.000000e+001 -4.361317e+001
    endloop
  endfacet
  facet normal  -0.000000e+000  9.999999e-001  0.000000e+000
    outer loop
      vertex  2.156920e+001  5.000000e+001 -6.035235e+001
      vertex  2.000000e+001  5.000000e+001 -4.361317e+001
      vertex  2.306147e+001  5.000000e+001 -4.300421e+001
    endloop
  endfacet
  facet normal  -0.000000e+000  1.000000e+000  0.000000e+000
    outer loop
      vertex  2.156920e+001  5.000000e+001 -6.035235e+001
      vertex  2.306147e+001  5.000000e+001 -4.300421e+001
      vertex  3.400000e+001  5.000000e+001 -3.768018e+001
    endloop
  endfacet
  facet normal  0.000000e+000  1.000000e+000  0.000000e+000
    outer loop
      vertex  2.156920e+001  5.000000e+001 -6.035235e+001
      vertex  3.400000e+001  5.000000e+001 -3.768018e+001
      vertex  3.825000e+001  5.000000e+001 -5.072169e+001
    endloop
  endfacet
  facet normal  0.000000e+000  1.000000e+000  0.000000e+000
    outer loop
      vertex -3.950000e+001  5.000000e+001 -1.683013e+001
      vertex  2.000000e+001  5.000000e+001 -2.761317e+001
      vertex -2.000000e+001  5.000000e+001 -2.761317e+001
    endloop
  endfacet
  facet normal  0.000000e+000  1.000000e+000  0.000000e+000
    outer loop
      vertex -3.950000e+001  5.000000e+001 -1.683013e+001
      vertex -2.000000e+001  5.000000e+001 -2.761317e+001
      vertex -2.306147e+001  5.000000e+001 -2.822214e+001
    endloop
  endfacet
  facet normal  0.000000e+000  1.000000e+000  0.000000e+000
    outer loop
      vertex -3.950000e+001  5.000000e+001 -1.683013e+001
      vertex -2.306147e+001  5.000000e+001 -2.822214e+001
      vertex -2.565685e+001  5.000000e+001 -2.995632e+001
    endloop
  endfacet
  facet normal  0.000000e+000  1.000000e+000  0.000000e+000
    outer loop
      vertex -3.950000e+001  5.000000e+001 -1.683013e+001
      vertex -2.565685e+001  5.000000e+001 -2.995632e+001
      vertex -2.739104e+001  5.000000e+001 -3.255171e+001
    endloop
  endfacet
  facet normal  0.000000e+000  9.999999e-001  0.000000e+000
    outer loop
      vertex -3.950000e+001  5.000000e+001 -1.683013e+001
      vertex -2.739104e+001  5.000000e+001 -3.255171e+001
      vertex -3.400000e+001  5.000000e+001 -3.354617e+001
    endloop
  endfacet
  facet normal  0.000000e+000  1.000000e+000  0.000000e+000
    outer loop
      vertex -3.950000e+001  5.000000e+001 -1.683013e+001
      vertex -3.400000e+001  5.000000e+001 -3.354617e+001
      vertex -3.546159e+001  5.000000e+001 -3.415158e+001
    endloop
  endfacet
  facet normal  0.000000e+000  1.000000e+000  0.000000e+000
    outer loop
      vertex -3.950000e+001  5.000000e+001 -1.683013e+001
      vertex -3.546159e+001  5.000000e+001 -3.415158e+001
      vertex -3.606700e+001  5.000000e+001 -3.561317e+001
    endloop
  endfacet
  facet normal  0.000000e+000  1.000000e+000  -0.000000e+000
    outer loop
      vertex  3.950000e+001  5.000000e+001 -1.683013e+001
      vertex  3.606700e+001  5.000000e+001 -3.561317e+001
      vertex  3.546159e+001  5.000000e+001 -3.415158e+001
    endloop
  endfacet
  facet normal  0.000000e+000  1.000000e+000  -0.000000e+000
    outer loop
      vertex  3.950000e+001  5.000000e+001 -1.683013e+001
      vertex  3.546159e+001  5.000000e+001 -3.415158e+001
      vertex  3.400000e+001  5.000000e+001 -3.354617e+001
    endloop
  endfacet
  facet normal  0.000000e+000  1.000000e+000  -0.000000e+000
    outer loop
      vertex  3.950000e+001  5.000000e+001 -1.683013e+001
      vertex  3.400000e+001  5.000000e+001 -3.354617e+001
      vertex  2.306147e+001  5.000000e+001 -2.822214e+001
    endloop
  endfacet
  facet normal  0.000000e+000  1.000000e+000  -0.000000e+000
    outer loop
      vertex  3.950000e+001  5.000000e+001 -1.683013e+001
      vertex  2.306147e+001  5.000000e+001 -2.822214e+001
      vertex  2.000000e+001  5.000000e+001 -2.761317e+001
    endloop
  endfacet
  facet normal  0.000000e+000  9.999999e-001  -0.000000e+000
    outer loop
      vertex  3.950000e+001  5.000000e+001 -1.683013e+001
      vertex  2.000000e+001  5.000000e+001 -2.761317e+001
      vertex -3.950000e+001  5.000000e+001 -1.683013e+001
    endloop
  endfacet
  facet normal  0.000000e+000  1.000000e+000  0.000000e+000
    outer loop
      vertex -3.950000e+001  5.000000e+001 -4.855663e+001
      vertex -3.950000e+001  5.000000e+001 -1.683013e+001
      vertex -3.606700e+001  5.000000e+001 -3.561317e+001
    endloop
  endfacet
  facet normal  0.000000e+000  1.000000e+000  0.000000e+000
    outer loop
      vertex -3.950000e+001  5.000000e+001 -4.855663e+001
      vertex -3.606700e+001  5.000000e+001 -3.561317e+001
      vertex -3.546159e+001  5.000000e+001 -3.707476e+001
    endloop
  endfacet
  facet normal  0.000000e+000  1.000000e+000  0.000000e+000
    outer loop
      vertex -3.950000e+001  5.000000e+001 -4.855663e+001
      vertex -3.546159e+001  5.000000e+001 -3.707476e+001
      vertex -3.400000e+001  5.000000e+001 -3.768018e+001
    endloop
  endfacet
  facet normal  0.000000e+000  1.000000e+000  0.000000e+000
    outer loop
      vertex -3.950000e+001  5.000000e+001 -4.855663e+001
      vertex -3.400000e+001  5.000000e+001 -3.768018e+001
      vertex -3.825000e+001  5.000000e+001 -5.072169e+001
    endloop
  endfacet
  facet normal  0.000000e+000  1.000000e+000  0.000000e+000
    outer loop
      vertex -3.950000e+001  5.000000e+001 -4.855663e+001
      vertex -3.825000e+001  5.000000e+001 -5.072169e+001
      vertex -3.916506e+001  5.000000e+001 -4.980663e+001
    endloop
  endfacet
  facet normal  0.000000e+000  1.000000e+000  -0.000000e+000
    outer loop
      vertex -2.739104e+001  5.000000e+001 -3.255171e+001
      vertex -2.800000e+001  5.000000e+001 -3.561317e+001
      vertex -3.193300e+001  5.000000e+001 -3.561317e+001
    endloop
  endfacet
  facet normal  0.000000e+000  1.000000e+000  -0.000000e+000
    outer loop
      vertex -2.739104e+001  5.000000e+001 -3.255171e+001
      vertex -3.193300e+001  5.000000e+001 -3.561317e+001
      vertex -3.253841e+001  5.000000e+001 -3.415158e+001
    endloop
  endfacet
  facet normal  0.000000e+000  1.000000e+000  -0.000000e+000
    outer loop
      vertex -2.739104e+001  5.000000e+001 -3.255171e+001
      vertex -3.253841e+001  5.000000e+001 -3.415158e+001
      vertex -3.400000e+001  5.000000e+001 -3.354617e+001
    endloop
  endfacet
  facet normal  0.000000e+000  1.000000e+000  -0.000000e+000
    outer loop
      vertex  3.950000e+001  5.000000e+001 -4.855663e+001
      vertex  3.916506e+001  5.000000e+001 -4.980663e+001
      vertex  3.825000e+001  5.000000e+001 -5.072169e+001
    endloop
  endfacet
  facet normal  0.000000e+000  1.000000e+000  -0.000000e+000
    outer loop
      vertex  3.950000e+001  5.000000e+001 -4.855663e+001
      vertex  3.825000e+001  5.000000e+001 -5.072169e+001
      vertex  3.400000e+001  5.000000e+001 -3.768018e+001
    endloop
  endfacet
  facet normal  -0.000000e+000  1.000000e+000  0.000000e+000
    outer loop
      vertex  3.950000e+001  5.000000e+001 -4.855663e+001
      vertex  3.400000e+001  5.000000e+001 -3.768018e+001
      vertex  3.546159e+001  5.000000e+001 -3.707476e+001
    endloop
  endfacet
  facet normal  -0.000000e+000  1.000000e+000  0.000000e+000
    outer loop
      vertex  3.950000e+001  5.000000e+001 -4.855663e+001
      vertex  3.546159e+001  5.000000e+001 -3.707476e+001
      vertex  3.606700e+001  5.000000e+001 -3.561317e+001
    endloop
  endfacet
  facet normal  -0.000000e+000  1.000000e+000  0.000000e+000
    outer loop
      vertex  3.950000e+001  5.000000e+001 -4.855663e+001
      vertex  3.606700e+001  5.000000e+001 -3.561317e+001
      vertex  3.950000e+001  5.000000e+001 -1.683013e+001
    endloop
  endfacet
  facet normal  0.000000e+000  1.000000e+000  0.000000e+000
    outer loop
      vertex -7.500000e+000  5.000000e+001 -1.500000e+002
      vertex -7.500000e+000  5.000000e+001 -1.350000e+002
      vertex  7.500000e+000  5.000000e+001 -1.500000e+002
    endloop
  endfacet
  facet normal  0.000000e+000  1.000000e+000  0.000000e+000
    outer loop
      vertex  7.500000e+000  5.000000e+001 -1.500000e+002
      vertex -7.500000e+000  5.000000e+001 -1.350000e+002
      vertex -2.000000e+001  5.000000e+001 -4.361317e+001
    endloop
  endfacet
  facet normal  0.000000e+000  1.000000e+000  0.000000e+000
    outer loop
      vertex  7.500000e+000  5.000000e+001 -1.500000e+002
      vertex -2.000000e+001  5.000000e+001 -4.361317e+001
      vertex  7.500000e+000  5.000000e+001 -1.350000e+002
    endloop
  endfacet
  facet normal  0.000000e+000  9.999999e-001  -0.000000e+000
    outer loop
      vertex  7.500000e+000  5.000000e+001 -1.350000e+002
      vertex -2.000000e+001  5.000000e+001 -4.361317e+001
      vertex  2.000000e+001  5.000000e+001 -4.361317e+001
    endloop
  endfacet
  facet normal  0.000000e+000  1.000000e+000  0.000000e+000
    outer loop
      vertex  7.500000e+000  5.000000e+001 -1.350000e+002
      vertex  2.000000e+001  5.000000e+001 -4.361317e+001
      vertex  2.035718e+001  5.000000e+001 -6.208329e+001
    endloop
  endfacet
  facet normal  -0.000000e+000  9.999999e-001  0.000000e+000
    outer loop
      vertex -2.077132e+001  5.000000e+001 -6.108347e+001
      vertex -2.156920e+001  5.000000e+001 -6.035235e+001
      vertex -2.000000e+001  5.000000e+001 -4.361317e+001
    endloop
  endfacet
  facet normal  0.000000e+000  1.000000e+000  0.000000e+000
    outer loop
      vertex -2.000000e+001  5.000000e+001 -4.361317e+001
      vertex -2.156920e+001  5.000000e+001 -6.035235e+001
      vertex -3.825000e+001  5.000000e+001 -5.072169e+001
    endloop
  endfacet
  facet normal  0.000000e+000  1.000000e+000  0.000000e+000
    outer loop
      vertex -2.000000e+001  5.000000e+001 -4.361317e+001
      vertex -3.825000e+001  5.000000e+001 -5.072169e+001
      vertex -2.306147e+001  5.000000e+001 -4.300421e+001
    endloop
  endfacet
  facet normal  0.000000e+000  1.000000e+000  0.000000e+000
    outer loop
      vertex -2.306147e+001  5.000000e+001 -4.300421e+001
      vertex -3.825000e+001  5.000000e+001 -5.072169e+001
      vertex -3.400000e+001  5.000000e+001 -3.768018e+001
    endloop
  endfacet
  facet normal  0.000000e+000  1.000000e+000  0.000000e+000
    outer loop
      vertex -2.306147e+001  5.000000e+001 -4.300421e+001
      vertex -3.400000e+001  5.000000e+001 -3.768018e+001
      vertex -2.565685e+001  5.000000e+001 -4.127003e+001
    endloop
  endfacet
  facet normal  0.000000e+000  1.000000e+000  0.000000e+000
    outer loop
      vertex -2.565685e+001  5.000000e+001 -4.127003e+001
      vertex -3.400000e+001  5.000000e+001 -3.768018e+001
      vertex -2.739104e+001  5.000000e+001 -3.867464e+001
    endloop
  endfacet
  facet normal  0.000000e+000  9.999999e-001  0.000000e+000
    outer loop
      vertex -2.739104e+001  5.000000e+001 -3.867464e+001
      vertex -3.400000e+001  5.000000e+001 -3.768018e+001
      vertex -3.253841e+001  5.000000e+001 -3.707476e+001
    endloop
  endfacet
  facet normal  -0.000000e+000  1.000000e+000  0.000000e+000
    outer loop
      vertex -2.739104e+001  5.000000e+001 -3.867464e+001
      vertex -3.253841e+001  5.000000e+001 -3.707476e+001
      vertex -2.800000e+001  5.000000e+001 -3.561317e+001
    endloop
  endfacet
  facet normal  0.000000e+000  1.000000e+000  0.000000e+000
    outer loop
      vertex  3.193300e+001  5.000000e+001 -3.561317e+001
      vertex  3.253841e+001  5.000000e+001 -3.707476e+001
      vertex  2.800000e+001  5.000000e+001 -3.561317e+001
    endloop
  endfacet
  facet normal  0.000000e+000  1.000000e+000  0.000000e+000
    outer loop
      vertex  2.800000e+001  5.000000e+001 -3.561317e+001
      vertex  3.253841e+001  5.000000e+001 -3.707476e+001
      vertex  3.400000e+001  5.000000e+001 -3.768018e+001
    endloop
  endfacet
  facet normal  0.000000e+000  1.000000e+000  0.000000e+000
    outer loop
      vertex  2.800000e+001  5.000000e+001 -3.561317e+001
      vertex  3.400000e+001  5.000000e+001 -3.768018e+001
      vertex  2.739104e+001  5.000000e+001 -3.867464e+001
    endloop
  endfacet
  facet normal  0.000000e+000  1.000000e+000  -0.000000e+000
    outer loop
      vertex  3.400000e+001  5.000000e+001 -3.354617e+001
      vertex  3.253841e+001  5.000000e+001 -3.415158e+001
      vertex  2.739104e+001  5.000000e+001 -3.255171e+001
    endloop
  endfacet
  facet normal  0.000000e+000  1.000000e+000  0.000000e+000
    outer loop
      vertex  2.739104e+001  5.000000e+001 -3.255171e+001
      vertex  3.253841e+001  5.000000e+001 -3.415158e+001
      vertex  3.193300e+001  5.000000e+001 -3.561317e+001
    endloop
  endfacet
  facet normal  0.000000e+000  1.000000e+000  0.000000e+000
    outer loop
      vertex  2.739104e+001  5.000000e+001 -3.255171e+001
      vertex  3.193300e+001  5.000000e+001 -3.561317e+001
      vertex  2.800000e+001  5.000000e+001 -3.561317e+001
    endloop
  endfacet
  facet normal  3.826841e-001  0.000000e+000 -9.238793e-001
    outer loop
      vertex -3.400000e+001  5.000000e+001 -3.354617e+001
      vertex -3.546159e+001  4.000000e+001 -3.415158e+001
      vertex -3.546159e+001  5.000000e+001 -3.415158e+001
    endloop
  endfacet
  facet normal  9.238793e-001  0.000000e+000 -3.826841e-001
    outer loop
      vertex -3.546159e+001  5.000000e+001 -3.415158e+001
      vertex -3.546159e+001  4.000000e+001 -3.415158e+001
      vertex -3.606700e+001  4.000000e+001 -3.561317e+001
    endloop
  endfacet
  facet normal  9.238793e-001  0.000000e+000 -3.826841e-001
    outer loop
      vertex -3.546159e+001  5.000000e+001 -3.415158e+001
      vertex -3.606700e+001  4.000000e+001 -3.561317e+001
      vertex -3.606700e+001  5.000000e+001 -3.561317e+001
    endloop
  endfacet
  facet normal  3.826841e-001  0.000000e+000 -9.238793e-001
    outer loop
      vertex -3.546159e+001  4.000000e+001 -3.415158e+001
      vertex -3.400000e+001  5.000000e+001 -3.354617e+001
      vertex -3.400000e+001  4.000000e+001 -3.354617e+001
    endloop
  endfacet
  facet normal -3.826841e-001  0.000000e+000 -9.238793e-001
    outer loop
      vertex -3.400000e+001  4.000000e+001 -3.354617e+001
      vertex -3.400000e+001  5.000000e+001 -3.354617e+001
      vertex -3.253841e+001  5.000000e+001 -3.415158e+001
    endloop
  endfacet
  facet normal -3.826841e-001  -0.000000e+000 -9.238793e-001
    outer loop
      vertex -3.400000e+001  4.000000e+001 -3.354617e+001
      vertex -3.253841e+001  5.000000e+001 -3.415158e+001
      vertex -3.253841e+001  4.000000e+001 -3.415158e+001
    endloop
  endfacet
  facet normal -9.238797e-001  0.000000e+000 -3.826830e-001
    outer loop
      vertex -3.253841e+001  4.000000e+001 -3.415158e+001
      vertex -3.253841e+001  5.000000e+001 -3.415158e+001
      vertex -3.193300e+001  5.000000e+001 -3.561317e+001
    endloop
  endfacet
  facet normal -9.238797e-001  -0.000000e+000 -3.826830e-001
    outer loop
      vertex -3.253841e+001  4.000000e+001 -3.415158e+001
      vertex -3.193300e+001  5.000000e+001 -3.561317e+001
      vertex -3.193300e+001  4.000000e+001 -3.561317e+001
    endloop
  endfacet
  facet normal -3.826841e-001  0.000000e+000  9.238793e-001
    outer loop
      vertex -3.400000e+001  5.000000e+001 -3.768018e+001
      vertex -3.253841e+001  4.000000e+001 -3.707476e+001
      vertex -3.253841e+001  5.000000e+001 -3.707476e+001
    endloop
  endfacet
  facet normal -9.238797e-001  0.000000e+000  3.826830e-001
    outer loop
      vertex -3.253841e+001  5.000000e+001 -3.707476e+001
      vertex -3.253841e+001  4.000000e+001 -3.707476e+001
      vertex -3.193300e+001  4.000000e+001 -3.561317e+001
    endloop
  endfacet
  facet normal -9.238797e-001  0.000000e+000  3.826830e-001
    outer loop
      vertex -3.253841e+001  5.000000e+001 -3.707476e+001
      vertex -3.193300e+001  4.000000e+001 -3.561317e+001
      vertex -3.193300e+001  5.000000e+001 -3.561317e+001
    endloop
  endfacet
  facet normal -3.826841e-001  0.000000e+000  9.238793e-001
    outer loop
      vertex -3.253841e+001  4.000000e+001 -3.707476e+001
      vertex -3.400000e+001  5.000000e+001 -3.768018e+001
      vertex -3.400000e+001  4.000000e+001 -3.768018e+001
    endloop
  endfacet
  facet normal  3.826841e-001  -0.000000e+000  9.238793e-001
    outer loop
      vertex -3.400000e+001  4.000000e+001 -3.768018e+001
      vertex -3.400000e+001  5.000000e+001 -3.768018e+001
      vertex -3.546159e+001  5.000000e+001 -3.707476e+001
    endloop
  endfacet
  facet normal  3.826841e-001  0.000000e+000  9.238793e-001
    outer loop
      vertex -3.400000e+001  4.000000e+001 -3.768018e+001
      vertex -3.546159e+001  5.000000e+001 -3.707476e+001
      vertex -3.546159e+001  4.000000e+001 -3.707476e+001
    endloop
  endfacet
  facet normal  9.238793e-001  -0.000000e+000  3.826841e-001
    outer loop
      vertex -3.546159e+001  4.000000e+001 -3.707476e+001
      vertex -3.546159e+001  5.000000e+001 -3.707476e+001
      vertex -3.606700e+001  5.000000e+001 -3.561317e+001
    endloop
  endfacet
  facet normal  9.238793e-001  0.000000e+000  3.826841e-001
    outer loop
      vertex -3.546159e+001  4.000000e+001 -3.707476e+001
      vertex -3.606700e+001  5.000000e+001 -3.561317e+001
      vertex -3.606700e+001  4.000000e+001 -3.561317e+001
    endloop
  endfacet
  facet normal  3.826841e-001  0.000000e+000 -9.238793e-001
    outer loop
      vertex  3.400000e+001  5.000000e+001 -3.354617e+001
      vertex  3.253841e+001  4.000000e+001 -3.415158e+001
      vertex  3.253841e+001  5.000000e+001 -3.415158e+001
    endloop
  endfacet
  facet normal  9.238797e-001  0.000000e+000 -3.826830e-001
    outer loop
      vertex  3.253841e+001  5.000000e+001 -3.415158e+001
      vertex  3.253841e+001  4.000000e+001 -3.415158e+001
      vertex  3.193300e+001  4.000000e+001 -3.561317e+001
    endloop
  endfacet
  facet normal  9.238797e-001  0.000000e+000 -3.826830e-001
    outer loop
      vertex  3.253841e+001  5.000000e+001 -3.415158e+001
      vertex  3.193300e+001  4.000000e+001 -3.561317e+001
      vertex  3.193300e+001  5.000000e+001 -3.561317e+001
    endloop
  endfacet
  facet normal  3.826841e-001  0.000000e+000 -9.238793e-001
    outer loop
      vertex  3.253841e+001  4.000000e+001 -3.415158e+001
      vertex  3.400000e+001  5.000000e+001 -3.354617e+001
      vertex  3.400000e+001  4.000000e+001 -3.354617e+001
    endloop
  endfacet
  facet normal -3.826841e-001  0.000000e+000 -9.238793e-001
    outer loop
      vertex  3.400000e+001  4.000000e+001 -3.354617e+001
      vertex  3.400000e+001  5.000000e+001 -3.354617e+001
      vertex  3.546159e+001  5.000000e+001 -3.415158e+001
    endloop
  endfacet
  facet normal -3.826841e-001  -0.000000e+000 -9.238793e-001
    outer loop
      vertex  3.400000e+001  4.000000e+001 -3.354617e+001
      vertex  3.546159e+001  5.000000e+001 -3.415158e+001
      vertex  3.546159e+001  4.000000e+001 -3.415158e+001
    endloop
  endfacet
  facet normal -9.238793e-001  0.000000e+000 -3.826841e-001
    outer loop
      vertex  3.546159e+001  4.000000e+001 -3.415158e+001
      vertex  3.546159e+001  5.000000e+001 -3.415158e+001
      vertex  3.606700e+001  5.000000e+001 -3.561317e+001
    endloop
  endfacet
  facet normal -9.238793e-001  -0.000000e+000 -3.826841e-001
    outer loop
      vertex  3.546159e+001  4.000000e+001 -3.415158e+001
      vertex  3.606700e+001  5.000000e+001 -3.561317e+001
      vertex  3.606700e+001  4.000000e+001 -3.561317e+001
    endloop
  endfacet
  facet normal -3.826841e-001  0.000000e+000  9.238793e-001
    outer loop
      vertex  3.400000e+001  5.000000e+001 -3.768018e+001
      vertex  3.546159e+001  4.000000e+001 -3.707476e+001
      vertex  3.546159e+001  5.000000e+001 -3.707476e+001
    endloop
  endfacet
  facet normal -9.238793e-001  0.000000e+000  3.826841e-001
    outer loop
      vertex  3.546159e+001  5.000000e+001 -3.707476e+001
      vertex  3.546159e+001  4.000000e+001 -3.707476e+001
      vertex  3.606700e+001  4.000000e+001 -3.561317e+001
    endloop
  endfacet
  facet normal -9.238793e-001  0.000000e+000  3.826841e-001
    outer loop
      vertex  3.546159e+001  5.000000e+001 -3.707476e+001
      vertex  3.606700e+001  4.000000e+001 -3.561317e+001
      vertex  3.606700e+001  5.000000e+001 -3.561317e+001
    endloop
  endfacet
  facet normal -3.826841e-001  0.000000e+000  9.238793e-001
    outer loop
      vertex  3.546159e+001  4.000000e+001 -3.707476e+001
      vertex  3.400000e+001  5.000000e+001 -3.768018e+001
      vertex  3.400000e+001  4.000000e+001 -3.768018e+001
    endloop
  endfacet
  facet normal  3.826841e-001  -0.000000e+000  9.238793e-001
    outer loop
      vertex  3.400000e+001  4.000000e+001 -3.768018e+001
      vertex  3.400000e+001  5.000000e+001 -3.768018e+001
      vertex  3.253841e+001  5.000000e+001 -3.707476e+001
    endloop
  endfacet
  facet normal  3.826841e-001  0.000000e+000  9.238793e-001
    outer loop
      vertex  3.400000e+001  4.000000e+001 -3.768018e+001
      vertex  3.253841e+001  5.000000e+001 -3.707476e+001
      vertex  3.253841e+001  4.000000e+001 -3.707476e+001
    endloop
  endfacet
  facet normal  9.238797e-001  -0.000000e+000  3.826830e-001
    outer loop
      vertex  3.253841e+001  4.000000e+001 -3.707476e+001
      vertex  3.253841e+001  5.000000e+001 -3.707476e+001
      vertex  3.193300e+001  5.000000e+001 -3.561317e+001
    endloop
  endfacet
  facet normal  9.238797e-001  0.000000e+000  3.826830e-001
    outer loop
      vertex  3.253841e+001  4.000000e+001 -3.707476e+001
      vertex  3.193300e+001  5.000000e+001 -3.561317e+001
      vertex  3.193300e+001  4.000000e+001 -3.561317e+001
    endloop
  endfacet
  facet normal  0.000000e+000 -1.000000e+000  0.000000e+000
    outer loop
      vertex -3.950000e+001 -5.900000e+001 -7.830127e+000
      vertex -3.237069e+001 -5.900000e+001  1.058970e+001
      vertex -3.399569e+001 -5.900000e+001  9.409066e+000
    endloop
  endfacet
  facet normal  -0.000000e+000 -1.000000e+000  0.000000e+000
    outer loop
      vertex -3.950000e+001 -5.900000e+001 -7.830127e+000
      vertex -3.399569e+001 -5.900000e+001  9.409066e+000
      vertex -3.600431e+001 -5.900000e+001  9.409066e+000
    endloop
  endfacet
  facet normal  -0.000000e+000 -1.000000e+000  0.000000e+000
    outer loop
      vertex -3.950000e+001 -5.900000e+001 -7.830127e+000
      vertex -3.600431e+001 -5.900000e+001  9.409066e+000
      vertex -3.762931e+001 -5.900000e+001  1.058970e+001
    endloop
  endfacet
  facet normal  -0.000000e+000 -1.000000e+000  0.000000e+000
    outer loop
      vertex -3.950000e+001 -5.900000e+001 -7.830127e+000
      vertex -3.762931e+001 -5.900000e+001  1.058970e+001
      vertex -3.825000e+001 -5.900000e+001  1.250000e+001
    endloop
  endfacet
  facet normal  -0.000000e+000 -1.000000e+000  0.000000e+000
    outer loop
      vertex -3.950000e+001 -5.900000e+001 -7.830127e+000
      vertex -3.825000e+001 -5.900000e+001  1.250000e+001
      vertex -3.950000e+001 -5.900000e+001  1.572650e+001
    endloop
  endfacet
  facet normal  0.000000e+000 -1.000000e+000  0.000000e+000
    outer loop
      vertex -3.050000e+001 -5.900000e+001  1.572650e+001
      vertex -3.460985e+001 -5.900000e+001  1.572650e+001
      vertex -3.315467e+001 -5.900000e+001  1.517531e+001
    endloop
  endfacet
  facet normal  0.000000e+000 -9.999999e-001  0.000000e+000
    outer loop
      vertex -3.050000e+001 -5.900000e+001  1.572650e+001
      vertex -3.315467e+001 -5.900000e+001  1.517531e+001
      vertex -3.212252e+001 -5.900000e+001  1.401083e+001
    endloop
  endfacet
  facet normal  0.000000e+000 -1.000000e+000  0.000000e+000
    outer loop
      vertex -3.050000e+001 -5.900000e+001  1.572650e+001
      vertex -3.212252e+001 -5.900000e+001  1.401083e+001
      vertex -3.175000e+001 -5.900000e+001  1.250000e+001
    endloop
  endfacet
  facet normal  0.000000e+000 -1.000000e+000  0.000000e+000
    outer loop
      vertex  3.950000e+001 -5.900000e+001  1.572650e+001
      vertex  3.539015e+001 -5.900000e+001  1.572650e+001
      vertex  3.684533e+001 -5.900000e+001  1.517531e+001
    endloop
  endfacet
  facet normal  0.000000e+000 -9.999999e-001  0.000000e+000
    outer loop
      vertex  3.950000e+001 -5.900000e+001  1.572650e+001
      vertex  3.684533e+001 -5.900000e+001  1.517531e+001
      vertex  3.787748e+001 -5.900000e+001  1.401083e+001
    endloop
  endfacet
  facet normal  0.000000e+000 -1.000000e+000  0.000000e+000
    outer loop
      vertex  3.950000e+001 -5.900000e+001  1.572650e+001
      vertex  3.787748e+001 -5.900000e+001  1.401083e+001
      vertex  3.825000e+001 -5.900000e+001  1.250000e+001
    endloop
  endfacet
  facet normal  0.000000e+000 -1.000000e+000  0.000000e+000
    outer loop
      vertex  3.950000e+001 -5.900000e+001  1.572650e+001
      vertex  3.825000e+001 -5.900000e+001  1.250000e+001
      vertex  3.950000e+001 -5.900000e+001 -7.830127e+000
    endloop
  endfacet
  facet normal  0.000000e+000 -1.000000e+000  0.000000e+000
    outer loop
      vertex  2.976777e+001 -5.900000e+001  8.232233e+000
      vertex  2.800000e+001 -5.900000e+001  7.500000e+000
      vertex  3.600431e+001 -5.900000e+001  9.409066e+000
    endloop
  endfacet
  facet normal  -0.000000e+000 -1.000000e+000  0.000000e+000
    outer loop
      vertex  2.976777e+001 -5.900000e+001  8.232233e+000
      vertex  3.600431e+001 -5.900000e+001  9.409066e+000
      vertex  3.399569e+001 -5.900000e+001  9.409066e+000
    endloop
  endfacet
  facet normal  -0.000000e+000 -1.000000e+000  0.000000e+000
    outer loop
      vertex  2.976777e+001 -5.900000e+001  8.232233e+000
      vertex  3.399569e+001 -5.900000e+001  9.409066e+000
      vertex  3.237069e+001 -5.900000e+001  1.058970e+001
    endloop
  endfacet
  facet normal  -0.000000e+000 -9.999999e-001  0.000000e+000
    outer loop
      vertex  2.976777e+001 -5.900000e+001  8.232233e+000
      vertex  3.237069e+001 -5.900000e+001  1.058970e+001
      vertex  3.175000e+001 -5.900000e+001  1.250000e+001
    endloop
  endfacet
  facet normal  0.000000e+000 -1.000000e+000  0.000000e+000
    outer loop
      vertex  2.976777e+001 -5.900000e+001  8.232233e+000
      vertex  3.175000e+001 -5.900000e+001  1.250000e+001
      vertex  3.050000e+001 -5.900000e+001  1.000000e+001
    endloop
  endfacet
  facet normal  0.000000e+000 -9.999999e-001  -0.000000e+000
    outer loop
      vertex  3.950000e+001 -5.900000e+001 -7.830127e+000
      vertex  3.825000e+001 -5.900000e+001  1.250000e+001
      vertex  3.762931e+001 -5.900000e+001  1.058970e+001
    endloop
  endfacet
  facet normal  0.000000e+000 -1.000000e+000  -0.000000e+000
    outer loop
      vertex  3.950000e+001 -5.900000e+001 -7.830127e+000
      vertex  3.762931e+001 -5.900000e+001  1.058970e+001
      vertex  3.600431e+001 -5.900000e+001  9.409066e+000
    endloop
  endfacet
  facet normal  0.000000e+000 -1.000000e+000  -0.000000e+000
    outer loop
      vertex  3.950000e+001 -5.900000e+001 -7.830127e+000
      vertex  3.600431e+001 -5.900000e+001  9.409066e+000
      vertex  2.800000e+001 -5.900000e+001  7.500000e+000
    endloop
  endfacet
  facet normal  -0.000000e+000 -9.999999e-001  -0.000000e+000
    outer loop
      vertex  3.950000e+001 -5.900000e+001 -7.830127e+000
      vertex  2.800000e+001 -5.900000e+001  7.500000e+000
      vertex -2.800000e+001 -5.900000e+001  7.500000e+000
    endloop
  endfacet
  facet normal  0.000000e+000 -1.000000e+000  -0.000000e+000
    outer loop
      vertex  3.950000e+001 -5.900000e+001 -7.830127e+000
      vertex -2.800000e+001 -5.900000e+001  7.500000e+000
      vertex -3.950000e+001 -5.900000e+001 -7.830127e+000
    endloop
  endfacet
  facet normal  0.000000e+000 -9.999999e-001  0.000000e+000
    outer loop
      vertex  3.050000e+001 -5.900000e+001  1.572650e+001
      vertex  3.050000e+001 -5.900000e+001  1.000000e+001
      vertex  3.175000e+001 -5.900000e+001  1.250000e+001
    endloop
  endfacet
  facet normal  0.000000e+000 -1.000000e+000  0.000000e+000
    outer loop
      vertex  3.050000e+001 -5.900000e+001  1.572650e+001
      vertex  3.175000e+001 -5.900000e+001  1.250000e+001
      vertex  3.212252e+001 -5.900000e+001  1.401083e+001
    endloop
  endfacet
  facet normal  0.000000e+000 -9.999999e-001  0.000000e+000
    outer loop
      vertex  3.050000e+001 -5.900000e+001  1.572650e+001
      vertex  3.212252e+001 -5.900000e+001  1.401083e+001
      vertex  3.315467e+001 -5.900000e+001  1.517531e+001
    endloop
  endfacet
  facet normal  0.000000e+000 -1.000000e+000  0.000000e+000
    outer loop
      vertex  3.050000e+001 -5.900000e+001  1.572650e+001
      vertex  3.315467e+001 -5.900000e+001  1.517531e+001
      vertex  3.460985e+001 -5.900000e+001  1.572650e+001
    endloop
  endfacet
  facet normal  0.000000e+000 -1.000000e+000  0.000000e+000
    outer loop
      vertex -3.950000e+001 -5.900000e+001  1.572650e+001
      vertex -3.825000e+001 -5.900000e+001  1.250000e+001
      vertex -3.787748e+001 -5.900000e+001  1.401083e+001
    endloop
  endfacet
  facet normal  0.000000e+000 -9.999999e-001  0.000000e+000
    outer loop
      vertex -3.950000e+001 -5.900000e+001  1.572650e+001
      vertex -3.787748e+001 -5.900000e+001  1.401083e+001
      vertex -3.684533e+001 -5.900000e+001  1.517531e+001
    endloop
  endfacet
  facet normal  0.000000e+000 -1.000000e+000  0.000000e+000
    outer loop
      vertex -3.950000e+001 -5.900000e+001  1.572650e+001
      vertex -3.684533e+001 -5.900000e+001  1.517531e+001
      vertex -3.539015e+001 -5.900000e+001  1.572650e+001
    endloop
  endfacet
  facet normal  0.000000e+000 -9.999999e-001  0.000000e+000
    outer loop
      vertex -3.050000e+001 -5.900000e+001  1.572650e+001
      vertex -3.175000e+001 -5.900000e+001  1.250000e+001
      vertex -3.050000e+001 -5.900000e+001  1.000000e+001
    endloop
  endfacet
  facet normal  0.000000e+000 -1.000000e+000  0.000000e+000
    outer loop
      vertex -3.050000e+001 -5.900000e+001  1.000000e+001
      vertex -3.175000e+001 -5.900000e+001  1.250000e+001
      vertex -3.237069e+001 -5.900000e+001  1.058970e+001
    endloop
  endfacet
  facet normal  0.000000e+000 -9.999999e-001  0.000000e+000
    outer loop
      vertex -3.050000e+001 -5.900000e+001  1.000000e+001
      vertex -3.237069e+001 -5.900000e+001  1.058970e+001
      vertex -2.976777e+001 -5.900000e+001  8.232233e+000
    endloop
  endfacet
  facet normal  -0.000000e+000 -1.000000e+000  0.000000e+000
    outer loop
      vertex -2.976777e+001 -5.900000e+001  8.232233e+000
      vertex -3.237069e+001 -5.900000e+001  1.058970e+001
      vertex -3.950000e+001 -5.900000e+001 -7.830127e+000
    endloop
  endfacet
  facet normal  0.000000e+000 -1.000000e+000  0.000000e+000
    outer loop
      vertex -2.976777e+001 -5.900000e+001  8.232233e+000
      vertex -3.950000e+001 -5.900000e+001 -7.830127e+000
      vertex -2.800000e+001 -5.900000e+001  7.500000e+000
    endloop
  endfacet
  facet normal  0.000000e+000  1.000000e+000  0.000000e+000
    outer loop
      vertex  3.050000e+001 -4.400000e+001  2.150000e+001
      vertex  3.950000e+001 -4.400000e+001  2.150000e+001
      vertex  3.630815e+001 -4.400000e+001  1.380815e+001
    endloop
  endfacet
  facet normal  0.000000e+000  1.000000e+000  0.000000e+000
    outer loop
      vertex  3.050000e+001 -4.400000e+001  2.150000e+001
      vertex  3.630815e+001 -4.400000e+001  1.380815e+001
      vertex  3.500000e+001 -4.400000e+001  1.435000e+001
    endloop
  endfacet
  facet normal  0.000000e+000  1.000000e+000  0.000000e+000
    outer loop
      vertex  3.050000e+001 -4.400000e+001  2.150000e+001
      vertex  3.500000e+001 -4.400000e+001  1.435000e+001
      vertex  3.369185e+001 -4.400000e+001  1.380815e+001
    endloop
  endfacet
  facet normal  0.000000e+000  1.000000e+000  0.000000e+000
    outer loop
      vertex  3.050000e+001 -4.400000e+001  2.150000e+001
      vertex  3.369185e+001 -4.400000e+001  1.380815e+001
      vertex  3.315000e+001 -4.400000e+001  1.250000e+001
    endloop
  endfacet
  facet normal  0.000000e+000  9.999999e-001  0.000000e+000
    outer loop
      vertex  3.050000e+001 -4.400000e+001  2.150000e+001
      vertex  3.315000e+001 -4.400000e+001  1.250000e+001
      vertex  3.050000e+001 -4.400000e+001  1.000000e+001
    endloop
  endfacet
  facet normal  -0.000000e+000  1.000000e+000  0.000000e+000
    outer loop
      vertex  2.976777e+001 -4.400000e+001  8.232233e+000
      vertex  3.050000e+001 -4.400000e+001  1.000000e+001
      vertex  3.315000e+001 -4.400000e+001  1.250000e+001
    endloop
  endfacet
  facet normal  0.000000e+000  1.000000e+000  0.000000e+000
    outer loop
      vertex  2.976777e+001 -4.400000e+001  8.232233e+000
      vertex  3.315000e+001 -4.400000e+001  1.250000e+001
      vertex  3.369185e+001 -4.400000e+001  1.119185e+001
    endloop
  endfacet
  facet normal  0.000000e+000  1.000000e+000  0.000000e+000
    outer loop
      vertex  2.976777e+001 -4.400000e+001  8.232233e+000
      vertex  3.369185e+001 -4.400000e+001  1.119185e+001
      vertex  3.500000e+001 -4.400000e+001  1.065000e+001
    endloop
  endfacet
  facet normal  -0.000000e+000  1.000000e+000  0.000000e+000
    outer loop
      vertex  2.976777e+001 -4.400000e+001  8.232233e+000
      vertex  3.500000e+001 -4.400000e+001  1.065000e+001
      vertex  3.630815e+001 -4.400000e+001  1.119185e+001
    endloop
  endfacet
  facet normal  0.000000e+000  1.000000e+000  0.000000e+000
    outer loop
      vertex  3.950000e+001 -4.400000e+001  7.500000e+000
      vertex  2.800000e+001 -4.400000e+001  7.500000e+000
      vertex  2.976777e+001 -4.400000e+001  8.232233e+000
    endloop
  endfacet
  facet normal  -0.000000e+000  1.000000e+000  0.000000e+000
    outer loop
      vertex  3.950000e+001 -4.400000e+001  7.500000e+000
      vertex  2.976777e+001 -4.400000e+001  8.232233e+000
      vertex  3.630815e+001 -4.400000e+001  1.119185e+001
    endloop
  endfacet
  facet normal  -0.000000e+000  1.000000e+000  0.000000e+000
    outer loop
      vertex  3.950000e+001 -4.400000e+001  7.500000e+000
      vertex  3.630815e+001 -4.400000e+001  1.119185e+001
      vertex  3.685000e+001 -4.400000e+001  1.250000e+001
    endloop
  endfacet
  facet normal  -0.000000e+000  1.000000e+000  -0.000000e+000
    outer loop
      vertex  3.950000e+001 -4.400000e+001  7.500000e+000
      vertex  3.685000e+001 -4.400000e+001  1.250000e+001
      vertex  3.630815e+001 -4.400000e+001  1.380815e+001
    endloop
  endfacet
  facet normal  -0.000000e+000  1.000000e+000  0.000000e+000
    outer loop
      vertex  3.950000e+001 -4.400000e+001  7.500000e+000
      vertex  3.630815e+001 -4.400000e+001  1.380815e+001
      vertex  3.950000e+001 -4.400000e+001  2.150000e+001
    endloop
  endfacet
  facet normal  0.000000e+000 -7.071075e-001  7.071060e-001
    outer loop
      vertex  3.950000e+001 -5.866506e+001  1.697650e+001
      vertex  3.950000e+001 -5.775000e+001  1.789156e+001
      vertex  3.050000e+001 -5.775000e+001  1.789156e+001
    endloop
  endfacet
  facet normal  0.000000e+000 -7.071075e-001  7.071060e-001
    outer loop
      vertex  3.950000e+001 -5.866506e+001  1.697650e+001
      vertex  3.050000e+001 -5.775000e+001  1.789156e+001
      vertex  3.050000e+001 -5.866506e+001  1.697650e+001
    endloop
  endfacet
  facet normal  0.000000e+000 -9.659255e-001  2.588201e-001
    outer loop
      vertex  3.950000e+001 -5.866506e+001  1.697650e+001
      vertex  3.050000e+001 -5.866506e+001  1.697650e+001
      vertex  3.050000e+001 -5.900000e+001  1.572650e+001
    endloop
  endfacet
  facet normal  0.000000e+000 -9.659255e-001  2.588201e-001
    outer loop
      vertex  3.950000e+001 -5.866506e+001  1.697650e+001
      vertex  3.050000e+001 -5.900000e+001  1.572650e+001
      vertex  3.460985e+001 -5.900000e+001  1.572650e+001
    endloop
  endfacet
  facet normal  0.000000e+000 -9.659256e-001  2.588202e-001
    outer loop
      vertex  3.950000e+001 -5.866506e+001  1.697650e+001
      vertex  3.460985e+001 -5.900000e+001  1.572650e+001
      vertex  3.539015e+001 -5.900000e+001  1.572650e+001
    endloop
  endfacet
  facet normal  0.000000e+000 -9.659255e-001  2.588201e-001
    outer loop
      vertex  3.950000e+001 -5.866506e+001  1.697650e+001
      vertex  3.539015e+001 -5.900000e+001  1.572650e+001
      vertex  3.950000e+001 -5.900000e+001  1.572650e+001
    endloop
  endfacet
  facet normal  3.826838e-001  0.000000e+000  9.238794e-001
    outer loop
      vertex  3.500000e+001 -5.400000e+001  1.065000e+001
      vertex  3.369185e+001 -4.400000e+001  1.119185e+001
      vertex  3.369185e+001 -5.400000e+001  1.119185e+001
    endloop
  endfacet
  facet normal  9.238799e-001  -0.000000e+000  3.826826e-001
    outer loop
      vertex  3.369185e+001 -5.400000e+001  1.119185e+001
      vertex  3.369185e+001 -4.400000e+001  1.119185e+001
      vertex  3.315000e+001 -4.400000e+001  1.250000e+001
    endloop
  endfacet
  facet normal  9.238799e-001  0.000000e+000  3.826826e-001
    outer loop
      vertex  3.369185e+001 -5.400000e+001  1.119185e+001
      vertex  3.315000e+001 -4.400000e+001  1.250000e+001
      vertex  3.315000e+001 -5.400000e+001  1.250000e+001
    endloop
  endfacet
  facet normal  3.826838e-001  -0.000000e+000  9.238794e-001
    outer loop
      vertex  3.369185e+001 -4.400000e+001  1.119185e+001
      vertex  3.500000e+001 -5.400000e+001  1.065000e+001
      vertex  3.500000e+001 -4.400000e+001  1.065000e+001
    endloop
  endfacet
  facet normal -3.826838e-001  0.000000e+000  9.238794e-001
    outer loop
      vertex  3.500000e+001 -4.400000e+001  1.065000e+001
      vertex  3.500000e+001 -5.400000e+001  1.065000e+001
      vertex  3.630815e+001 -5.400000e+001  1.119185e+001
    endloop
  endfacet
  facet normal -3.826838e-001  0.000000e+000  9.238794e-001
    outer loop
      vertex  3.500000e+001 -4.400000e+001  1.065000e+001
      vertex  3.630815e+001 -5.400000e+001  1.119185e+001
      vertex  3.630815e+001 -4.400000e+001  1.119185e+001
    endloop
  endfacet
  facet normal -9.238799e-001  0.000000e+000  3.826826e-001
    outer loop
      vertex  3.630815e+001 -4.400000e+001  1.119185e+001
      vertex  3.630815e+001 -5.400000e+001  1.119185e+001
      vertex  3.685000e+001 -5.400000e+001  1.250000e+001
    endloop
  endfacet
  facet normal -9.238799e-001  0.000000e+000  3.826826e-001
    outer loop
      vertex  3.630815e+001 -4.400000e+001  1.119185e+001
      vertex  3.685000e+001 -5.400000e+001  1.250000e+001
      vertex  3.685000e+001 -4.400000e+001  1.250000e+001
    endloop
  endfacet
  facet normal -3.826838e-001  -0.000000e+000 -9.238794e-001
    outer loop
      vertex  3.500000e+001 -5.400000e+001  1.435000e+001
      vertex  3.630815e+001 -4.400000e+001  1.380815e+001
      vertex  3.630815e+001 -5.400000e+001  1.380815e+001
    endloop
  endfacet
  facet normal -9.238799e-001  0.000000e+000 -3.826826e-001
    outer loop
      vertex  3.630815e+001 -5.400000e+001  1.380815e+001
      vertex  3.630815e+001 -4.400000e+001  1.380815e+001
      vertex  3.685000e+001 -4.400000e+001  1.250000e+001
    endloop
  endfacet
  facet normal -9.238799e-001  -0.000000e+000 -3.826826e-001
    outer loop
      vertex  3.630815e+001 -5.400000e+001  1.380815e+001
      vertex  3.685000e+001 -4.400000e+001  1.250000e+001
      vertex  3.685000e+001 -5.400000e+001  1.250000e+001
    endloop
  endfacet
  facet normal -3.826838e-001  0.000000e+000 -9.238794e-001
    outer loop
      vertex  3.630815e+001 -4.400000e+001  1.380815e+001
      vertex  3.500000e+001 -5.400000e+001  1.435000e+001
      vertex  3.500000e+001 -4.400000e+001  1.435000e+001
    endloop
  endfacet
  facet normal  3.826838e-001  0.000000e+000 -9.238794e-001
    outer loop
      vertex  3.500000e+001 -4.400000e+001  1.435000e+001
      vertex  3.500000e+001 -5.400000e+001  1.435000e+001
      vertex  3.369185e+001 -5.400000e+001  1.380815e+001
    endloop
  endfacet
  facet normal  3.826838e-001  0.000000e+000 -9.238794e-001
    outer loop
      vertex  3.500000e+001 -4.400000e+001  1.435000e+001
      vertex  3.369185e+001 -5.400000e+001  1.380815e+001
      vertex  3.369185e+001 -4.400000e+001  1.380815e+001
    endloop
  endfacet
  facet normal  9.238799e-001  0.000000e+000 -3.826826e-001
    outer loop
      vertex  3.369185e+001 -4.400000e+001  1.380815e+001
      vertex  3.369185e+001 -5.400000e+001  1.380815e+001
      vertex  3.315000e+001 -5.400000e+001  1.250000e+001
    endloop
  endfacet
  facet normal  9.238799e-001  0.000000e+000 -3.826826e-001
    outer loop
      vertex  3.369185e+001 -4.400000e+001  1.380815e+001
      vertex  3.315000e+001 -5.400000e+001  1.250000e+001
      vertex  3.315000e+001 -4.400000e+001  1.250000e+001
    endloop
  endfacet
  facet normal  5.877852e-001  0.000000e+000  8.090169e-001
    outer loop
      vertex  3.399569e+001 -5.900000e+001  9.409066e+000
      vertex  3.237069e+001 -5.400000e+001  1.058970e+001
      vertex  3.237069e+001 -5.900000e+001  1.058970e+001
    endloop
  endfacet
  facet normal  9.510567e-001  -0.000000e+000  3.090163e-001
    outer loop
      vertex  3.237069e+001 -5.900000e+001  1.058970e+001
      vertex  3.237069e+001 -5.400000e+001  1.058970e+001
      vertex  3.175000e+001 -5.400000e+001  1.250000e+001
    endloop
  endfacet
  facet normal  9.510567e-001  0.000000e+000  3.090163e-001
    outer loop
      vertex  3.237069e+001 -5.900000e+001  1.058970e+001
      vertex  3.175000e+001 -5.400000e+001  1.250000e+001
      vertex  3.175000e+001 -5.900000e+001  1.250000e+001
    endloop
  endfacet
  facet normal  5.877852e-001  -0.000000e+000  8.090169e-001
    outer loop
      vertex  3.237069e+001 -5.400000e+001  1.058970e+001
      vertex  3.399569e+001 -5.900000e+001  9.409066e+000
      vertex  3.399569e+001 -5.400000e+001  9.409066e+000
    endloop
  endfacet
  facet normal  0.000000e+000  0.000000e+000  1.000000e+000
    outer loop
      vertex  3.399569e+001 -5.400000e+001  9.409066e+000
      vertex  3.399569e+001 -5.900000e+001  9.409066e+000
      vertex  3.600431e+001 -5.900000e+001  9.409066e+000
    endloop
  endfacet
  facet normal  0.000000e+000  -0.000000e+000  1.000000e+000
    outer loop
      vertex  3.399569e+001 -5.400000e+001  9.409066e+000
      vertex  3.600431e+001 -5.900000e+001  9.409066e+000
      vertex  3.600431e+001 -5.400000e+001  9.409066e+000
    endloop
  endfacet
  facet normal -5.877852e-001  0.000000e+000  8.090169e-001
    outer loop
      vertex  3.600431e+001 -5.400000e+001  9.409066e+000
      vertex  3.600431e+001 -5.900000e+001  9.409066e+000
      vertex  3.762931e+001 -5.900000e+001  1.058970e+001
    endloop
  endfacet
  facet normal -5.877852e-001  0.000000e+000  8.090169e-001
    outer loop
      vertex  3.600431e+001 -5.400000e+001  9.409066e+000
      vertex  3.762931e+001 -5.900000e+001  1.058970e+001
      vertex  3.762931e+001 -5.400000e+001  1.058970e+001
    endloop
  endfacet
  facet normal -9.510567e-001  0.000000e+000  3.090163e-001
    outer loop
      vertex  3.762931e+001 -5.400000e+001  1.058970e+001
      vertex  3.762931e+001 -5.900000e+001  1.058970e+001
      vertex  3.825000e+001 -5.900000e+001  1.250000e+001
    endloop
  endfacet
  facet normal -9.510567e-001  0.000000e+000  3.090163e-001
    outer loop
      vertex  3.762931e+001 -5.400000e+001  1.058970e+001
      vertex  3.825000e+001 -5.900000e+001  1.250000e+001
      vertex  3.825000e+001 -5.400000e+001  1.250000e+001
    endloop
  endfacet
  facet normal -5.874917e-001 -3.160239e-002 -8.086129e-001
    outer loop
      vertex  3.684533e+001 -5.900000e+001  1.517531e+001
      vertex  3.600431e+001 -5.400000e+001  1.559093e+001
      vertex  3.762931e+001 -5.400000e+001  1.441030e+001
    endloop
  endfacet
  facet normal  3.541611e-001  1.815155e-002 -9.350083e-001
    outer loop
      vertex  3.315467e+001 -5.900000e+001  1.517531e+001
      vertex  3.399569e+001 -5.400000e+001  1.559093e+001
      vertex  3.460985e+001 -5.900000e+001  1.572650e+001
    endloop
  endfacet
  facet normal  5.874917e-001 -3.160239e-002 -8.086129e-001
    outer loop
      vertex  3.315467e+001 -5.900000e+001  1.517531e+001
      vertex  3.237069e+001 -5.400000e+001  1.441030e+001
      vertex  3.399569e+001 -5.400000e+001  1.559093e+001
    endloop
  endfacet
  facet normal -7.482528e-001  1.584881e-002 -6.632243e-001
    outer loop
      vertex  3.684533e+001 -5.900000e+001  1.517531e+001
      vertex  3.762931e+001 -5.400000e+001  1.441030e+001
      vertex  3.787748e+001 -5.900000e+001  1.401083e+001
    endloop
  endfacet
  facet normal -9.508157e-001 -2.251131e-002 -3.089380e-001
    outer loop
      vertex  3.787748e+001 -5.900000e+001  1.401083e+001
      vertex  3.762931e+001 -5.400000e+001  1.441030e+001
      vertex  3.825000e+001 -5.400000e+001  1.250000e+001
    endloop
  endfacet
  facet normal -9.709222e-001  -0.000000e+000 -2.393954e-001
    outer loop
      vertex  3.787748e+001 -5.900000e+001  1.401083e+001
      vertex  3.825000e+001 -5.400000e+001  1.250000e+001
      vertex  3.825000e+001 -5.900000e+001  1.250000e+001
    endloop
  endfacet
  facet normal -3.541611e-001  1.815155e-002 -9.350083e-001
    outer loop
      vertex  3.684533e+001 -5.900000e+001  1.517531e+001
      vertex  3.539015e+001 -5.900000e+001  1.572650e+001
      vertex  3.600431e+001 -5.400000e+001  1.559093e+001
    endloop
  endfacet
  facet normal  0.000000e+000 -2.710281e-002 -9.996327e-001
    outer loop
      vertex  3.600431e+001 -5.400000e+001  1.559093e+001
      vertex  3.539015e+001 -5.900000e+001  1.572650e+001
      vertex  3.460985e+001 -5.900000e+001  1.572650e+001
    endloop
  endfacet
  facet normal  0.000000e+000 -2.710281e-002 -9.996326e-001
    outer loop
      vertex  3.600431e+001 -5.400000e+001  1.559093e+001
      vertex  3.460985e+001 -5.900000e+001  1.572650e+001
      vertex  3.399569e+001 -5.400000e+001  1.559093e+001
    endloop
  endfacet
  facet normal  7.482528e-001  1.584881e-002 -6.632243e-001
    outer loop
      vertex  3.315467e+001 -5.900000e+001  1.517531e+001
      vertex  3.212252e+001 -5.900000e+001  1.401083e+001
      vertex  3.237069e+001 -5.400000e+001  1.441030e+001
    endloop
  endfacet
  facet normal  9.705123e-001 -2.905316e-002 -2.392944e-001
    outer loop
      vertex  3.237069e+001 -5.400000e+001  1.441030e+001
      vertex  3.212252e+001 -5.900000e+001  1.401083e+001
      vertex  3.175000e+001 -5.900000e+001  1.250000e+001
    endloop
  endfacet
  facet normal  9.510567e-001  0.000000e+000 -3.090163e-001
    outer loop
      vertex  3.237069e+001 -5.400000e+001  1.441030e+001
      vertex  3.175000e+001 -5.900000e+001  1.250000e+001
      vertex  3.175000e+001 -5.400000e+001  1.250000e+001
    endloop
  endfacet
  facet normal  0.000000e+000 -1.000000e+000  0.000000e+000
    outer loop
      vertex  3.630815e+001 -5.400000e+001  1.380815e+001
      vertex  3.762931e+001 -5.400000e+001  1.441030e+001
      vertex  3.500000e+001 -5.400000e+001  1.435000e+001
    endloop
  endfacet
  facet normal  0.000000e+000 -1.000000e+000  0.000000e+000
    outer loop
      vertex  3.500000e+001 -5.400000e+001  1.435000e+001
      vertex  3.762931e+001 -5.400000e+001  1.441030e+001
      vertex  3.600431e+001 -5.400000e+001  1.559093e+001
    endloop
  endfacet
  facet normal  -0.000000e+000 -1.000000e+000  0.000000e+000
    outer loop
      vertex  3.500000e+001 -5.400000e+001  1.435000e+001
      vertex  3.600431e+001 -5.400000e+001  1.559093e+001
      vertex  3.399569e+001 -5.400000e+001  1.559093e+001
    endloop
  endfacet
  facet normal  0.000000e+000 -1.000000e+000  0.000000e+000
    outer loop
      vertex  3.369185e+001 -5.400000e+001  1.119185e+001
      vertex  3.237069e+001 -5.400000e+001  1.058970e+001
      vertex  3.500000e+001 -5.400000e+001  1.065000e+001
    endloop
  endfacet
  facet normal  0.000000e+000 -1.000000e+000  0.000000e+000
    outer loop
      vertex  3.500000e+001 -5.400000e+001  1.065000e+001
      vertex  3.237069e+001 -5.400000e+001  1.058970e+001
      vertex  3.399569e+001 -5.400000e+001  9.409066e+000
    endloop
  endfacet
  facet normal  0.000000e+000 -1.000000e+000  0.000000e+000
    outer loop
      vertex  3.500000e+001 -5.400000e+001  1.065000e+001
      vertex  3.399569e+001 -5.400000e+001  9.409066e+000
      vertex  3.600431e+001 -5.400000e+001  9.409066e+000
    endloop
  endfacet
  facet normal  0.000000e+000 -1.000000e+000  0.000000e+000
    outer loop
      vertex  3.237069e+001 -5.400000e+001  1.441030e+001
      vertex  3.500000e+001 -5.400000e+001  1.435000e+001
      vertex  3.399569e+001 -5.400000e+001  1.559093e+001
    endloop
  endfacet
  facet normal  0.000000e+000 -1.000000e+000  0.000000e+000
    outer loop
      vertex  3.500000e+001 -5.400000e+001  1.435000e+001
      vertex  3.237069e+001 -5.400000e+001  1.441030e+001
      vertex  3.369185e+001 -5.400000e+001  1.380815e+001
    endloop
  endfacet
  facet normal  -0.000000e+000 -1.000000e+000  0.000000e+000
    outer loop
      vertex  3.369185e+001 -5.400000e+001  1.380815e+001
      vertex  3.237069e+001 -5.400000e+001  1.441030e+001
      vertex  3.175000e+001 -5.400000e+001  1.250000e+001
    endloop
  endfacet
  facet normal  0.000000e+000 -9.999999e-001  0.000000e+000
    outer loop
      vertex  3.369185e+001 -5.400000e+001  1.380815e+001
      vertex  3.175000e+001 -5.400000e+001  1.250000e+001
      vertex  3.315000e+001 -5.400000e+001  1.250000e+001
    endloop
  endfacet
  facet normal  -0.000000e+000 -1.000000e+000  0.000000e+000
    outer loop
      vertex  3.315000e+001 -5.400000e+001  1.250000e+001
      vertex  3.175000e+001 -5.400000e+001  1.250000e+001
      vertex  3.237069e+001 -5.400000e+001  1.058970e+001
    endloop
  endfacet
  facet normal  0.000000e+000 -1.000000e+000  0.000000e+000
    outer loop
      vertex  3.315000e+001 -5.400000e+001  1.250000e+001
      vertex  3.237069e+001 -5.400000e+001  1.058970e+001
      vertex  3.369185e+001 -5.400000e+001  1.119185e+001
    endloop
  endfacet
  facet normal  0.000000e+000 -1.000000e+000  0.000000e+000
    outer loop
      vertex  3.762931e+001 -5.400000e+001  1.058970e+001
      vertex  3.500000e+001 -5.400000e+001  1.065000e+001
      vertex  3.600431e+001 -5.400000e+001  9.409066e+000
    endloop
  endfacet
  facet normal  0.000000e+000 -1.000000e+000  0.000000e+000
    outer loop
      vertex  3.500000e+001 -5.400000e+001  1.065000e+001
      vertex  3.762931e+001 -5.400000e+001  1.058970e+001
      vertex  3.630815e+001 -5.400000e+001  1.119185e+001
    endloop
  endfacet
  facet normal  0.000000e+000 -1.000000e+000  0.000000e+000
    outer loop
      vertex  3.630815e+001 -5.400000e+001  1.119185e+001
      vertex  3.762931e+001 -5.400000e+001  1.058970e+001
      vertex  3.825000e+001 -5.400000e+001  1.250000e+001
    endloop
  endfacet
  facet normal  -0.000000e+000 -9.999999e-001  0.000000e+000
    outer loop
      vertex  3.630815e+001 -5.400000e+001  1.119185e+001
      vertex  3.825000e+001 -5.400000e+001  1.250000e+001
      vertex  3.685000e+001 -5.400000e+001  1.250000e+001
    endloop
  endfacet
  facet normal  0.000000e+000 -1.000000e+000  0.000000e+000
    outer loop
      vertex  3.685000e+001 -5.400000e+001  1.250000e+001
      vertex  3.825000e+001 -5.400000e+001  1.250000e+001
      vertex  3.762931e+001 -5.400000e+001  1.441030e+001
    endloop
  endfacet
  facet normal  0.000000e+000 -1.000000e+000  0.000000e+000
    outer loop
      vertex  3.685000e+001 -5.400000e+001  1.250000e+001
      vertex  3.762931e+001 -5.400000e+001  1.441030e+001
      vertex  3.630815e+001 -5.400000e+001  1.380815e+001
    endloop
  endfacet
  facet normal  0.000000e+000  9.999999e-001  0.000000e+000
    outer loop
      vertex -3.050000e+001 -4.400000e+001  1.000000e+001
      vertex -2.976777e+001 -4.400000e+001  8.232233e+000
      vertex -3.950000e+001 -4.400000e+001  7.500000e+000
    endloop
  endfacet
  facet normal  0.000000e+000  1.000000e+000  0.000000e+000
    outer loop
      vertex -2.976777e+001 -4.400000e+001  8.232233e+000
      vertex -2.800000e+001 -4.400000e+001  7.500000e+000
      vertex -3.950000e+001 -4.400000e+001  7.500000e+000
    endloop
  endfacet
  facet normal  -0.000000e+000  1.000000e+000  0.000000e+000
    outer loop
      vertex -3.315000e+001 -4.400000e+001  1.250000e+001
      vertex -3.369185e+001 -4.400000e+001  1.380815e+001
      vertex -3.050000e+001 -4.400000e+001  2.150000e+001
    endloop
  endfacet
  facet normal  0.000000e+000  1.000000e+000  0.000000e+000
    outer loop
      vertex -3.050000e+001 -4.400000e+001  1.000000e+001
      vertex -3.950000e+001 -4.400000e+001  7.500000e+000
      vertex -3.369185e+001 -4.400000e+001  1.119185e+001
    endloop
  endfacet
  facet normal  -0.000000e+000  9.999999e-001  0.000000e+000
    outer loop
      vertex -3.050000e+001 -4.400000e+001  1.000000e+001
      vertex -3.369185e+001 -4.400000e+001  1.119185e+001
      vertex -3.315000e+001 -4.400000e+001  1.250000e+001
    endloop
  endfacet
  facet normal  -0.000000e+000  9.999999e-001  0.000000e+000
    outer loop
      vertex -3.050000e+001 -4.400000e+001  1.000000e+001
      vertex -3.315000e+001 -4.400000e+001  1.250000e+001
      vertex -3.050000e+001 -4.400000e+001  2.150000e+001
    endloop
  endfacet
  facet normal  0.000000e+000  1.000000e+000  0.000000e+000
    outer loop
      vertex -3.950000e+001 -4.400000e+001  2.150000e+001
      vertex -3.050000e+001 -4.400000e+001  2.150000e+001
      vertex -3.369185e+001 -4.400000e+001  1.380815e+001
    endloop
  endfacet
  facet normal  0.000000e+000  1.000000e+000  0.000000e+000
    outer loop
      vertex -3.950000e+001 -4.400000e+001  2.150000e+001
      vertex -3.369185e+001 -4.400000e+001  1.380815e+001
      vertex -3.500000e+001 -4.400000e+001  1.435000e+001
    endloop
  endfacet
  facet normal  0.000000e+000  1.000000e+000  0.000000e+000
    outer loop
      vertex -3.950000e+001 -4.400000e+001  2.150000e+001
      vertex -3.500000e+001 -4.400000e+001  1.435000e+001
      vertex -3.630815e+001 -4.400000e+001  1.380815e+001
    endloop
  endfacet
  facet normal  0.000000e+000  1.000000e+000  0.000000e+000
    outer loop
      vertex -3.950000e+001 -4.400000e+001  2.150000e+001
      vertex -3.630815e+001 -4.400000e+001  1.380815e+001
      vertex -3.685000e+001 -4.400000e+001  1.250000e+001
    endloop
  endfacet
  facet normal  0.000000e+000  1.000000e+000  0.000000e+000
    outer loop
      vertex -3.950000e+001 -4.400000e+001  2.150000e+001
      vertex -3.685000e+001 -4.400000e+001  1.250000e+001
      vertex -3.950000e+001 -4.400000e+001  7.500000e+000
    endloop
  endfacet
  facet normal  0.000000e+000  1.000000e+000  0.000000e+000
    outer loop
      vertex -3.950000e+001 -4.400000e+001  7.500000e+000
      vertex -3.685000e+001 -4.400000e+001  1.250000e+001
      vertex -3.630815e+001 -4.400000e+001  1.119185e+001
    endloop
  endfacet
  facet normal  0.000000e+000  9.999999e-001  0.000000e+000
    outer loop
      vertex -3.950000e+001 -4.400000e+001  7.500000e+000
      vertex -3.630815e+001 -4.400000e+001  1.119185e+001
      vertex -3.500000e+001 -4.400000e+001  1.065000e+001
    endloop
  endfacet
  facet normal  -0.000000e+000  1.000000e+000  0.000000e+000
    outer loop
      vertex -3.950000e+001 -4.400000e+001  7.500000e+000
      vertex -3.500000e+001 -4.400000e+001  1.065000e+001
      vertex -3.369185e+001 -4.400000e+001  1.119185e+001
    endloop
  endfacet
  facet normal  0.000000e+000 -7.071075e-001  7.071060e-001
    outer loop
      vertex -3.050000e+001 -5.866506e+001  1.697650e+001
      vertex -3.050000e+001 -5.775000e+001  1.789156e+001
      vertex -3.950000e+001 -5.775000e+001  1.789156e+001
    endloop
  endfacet
  facet normal  0.000000e+000 -7.071075e-001  7.071060e-001
    outer loop
      vertex -3.050000e+001 -5.866506e+001  1.697650e+001
      vertex -3.950000e+001 -5.775000e+001  1.789156e+001
      vertex -3.950000e+001 -5.866506e+001  1.697650e+001
    endloop
  endfacet
  facet normal  0.000000e+000 -9.659255e-001  2.588201e-001
    outer loop
      vertex -3.050000e+001 -5.866506e+001  1.697650e+001
      vertex -3.950000e+001 -5.866506e+001  1.697650e+001
      vertex -3.950000e+001 -5.900000e+001  1.572650e+001
    endloop
  endfacet
  facet normal  0.000000e+000 -9.659255e-001  2.588201e-001
    outer loop
      vertex -3.050000e+001 -5.866506e+001  1.697650e+001
      vertex -3.950000e+001 -5.900000e+001  1.572650e+001
      vertex -3.539015e+001 -5.900000e+001  1.572650e+001
    endloop
  endfacet
  facet normal  0.000000e+000 -9.659256e-001  2.588202e-001
    outer loop
      vertex -3.050000e+001 -5.866506e+001  1.697650e+001
      vertex -3.539015e+001 -5.900000e+001  1.572650e+001
      vertex -3.460985e+001 -5.900000e+001  1.572650e+001
    endloop
  endfacet
  facet normal  0.000000e+000 -9.659255e-001  2.588201e-001
    outer loop
      vertex -3.050000e+001 -5.866506e+001  1.697650e+001
      vertex -3.460985e+001 -5.900000e+001  1.572650e+001
      vertex -3.050000e+001 -5.900000e+001  1.572650e+001
    endloop
  endfacet
  facet normal  3.826838e-001  0.000000e+000  9.238794e-001
    outer loop
      vertex -3.500000e+001 -5.400000e+001  1.065000e+001
      vertex -3.630815e+001 -4.400000e+001  1.119185e+001
      vertex -3.630815e+001 -5.400000e+001  1.119185e+001
    endloop
  endfacet
  facet normal  9.238799e-001  -0.000000e+000  3.826826e-001
    outer loop
      vertex -3.630815e+001 -5.400000e+001  1.119185e+001
      vertex -3.630815e+001 -4.400000e+001  1.119185e+001
      vertex -3.685000e+001 -4.400000e+001  1.250000e+001
    endloop
  endfacet
  facet normal  9.238799e-001  0.000000e+000  3.826826e-001
    outer loop
      vertex -3.630815e+001 -5.400000e+001  1.119185e+001
      vertex -3.685000e+001 -4.400000e+001  1.250000e+001
      vertex -3.685000e+001 -5.400000e+001  1.250000e+001
    endloop
  endfacet
  facet normal  3.826838e-001  -0.000000e+000  9.238794e-001
    outer loop
      vertex -3.630815e+001 -4.400000e+001  1.119185e+001
      vertex -3.500000e+001 -5.400000e+001  1.065000e+001
      vertex -3.500000e+001 -4.400000e+001  1.065000e+001
    endloop
  endfacet
  facet normal -3.826838e-001  0.000000e+000  9.238794e-001
    outer loop
      vertex -3.500000e+001 -4.400000e+001  1.065000e+001
      vertex -3.500000e+001 -5.400000e+001  1.065000e+001
      vertex -3.369185e+001 -5.400000e+001  1.119185e+001
    endloop
  endfacet
  facet normal -3.826838e-001  0.000000e+000  9.238794e-001
    outer loop
      vertex -3.500000e+001 -4.400000e+001  1.065000e+001
      vertex -3.369185e+001 -5.400000e+001  1.119185e+001
      vertex -3.369185e+001 -4.400000e+001  1.119185e+001
    endloop
  endfacet
  facet normal -9.238799e-001  0.000000e+000  3.826826e-001
    outer loop
      vertex -3.369185e+001 -4.400000e+001  1.119185e+001
      vertex -3.369185e+001 -5.400000e+001  1.119185e+001
      vertex -3.315000e+001 -5.400000e+001  1.250000e+001
    endloop
  endfacet
  facet normal -9.238799e-001  0.000000e+000  3.826826e-001
    outer loop
      vertex -3.369185e+001 -4.400000e+001  1.119185e+001
      vertex -3.315000e+001 -5.400000e+001  1.250000e+001
      vertex -3.315000e+001 -4.400000e+001  1.250000e+001
    endloop
  endfacet
  facet normal -3.826838e-001  -0.000000e+000 -9.238794e-001
    outer loop
      vertex -3.500000e+001 -5.400000e+001  1.435000e+001
      vertex -3.369185e+001 -4.400000e+001  1.380815e+001
      vertex -3.369185e+001 -5.400000e+001  1.380815e+001
    endloop
  endfacet
  facet normal -9.238799e-001  0.000000e+000 -3.826826e-001
    outer loop
      vertex -3.369185e+001 -5.400000e+001  1.380815e+001
      vertex -3.369185e+001 -4.400000e+001  1.380815e+001
      vertex -3.315000e+001 -4.400000e+001  1.250000e+001
    endloop
  endfacet
  facet normal -9.238799e-001  -0.000000e+000 -3.826826e-001
    outer loop
      vertex -3.369185e+001 -5.400000e+001  1.380815e+001
      vertex -3.315000e+001 -4.400000e+001  1.250000e+001
      vertex -3.315000e+001 -5.400000e+001  1.250000e+001
    endloop
  endfacet
  facet normal -3.826838e-001  0.000000e+000 -9.238794e-001
    outer loop
      vertex -3.369185e+001 -4.400000e+001  1.380815e+001
      vertex -3.500000e+001 -5.400000e+001  1.435000e+001
      vertex -3.500000e+001 -4.400000e+001  1.435000e+001
    endloop
  endfacet
  facet normal  3.826838e-001  0.000000e+000 -9.238794e-001
    outer loop
      vertex -3.500000e+001 -4.400000e+001  1.435000e+001
      vertex -3.500000e+001 -5.400000e+001  1.435000e+001
      vertex -3.630815e+001 -5.400000e+001  1.380815e+001
    endloop
  endfacet
  facet normal  3.826838e-001  0.000000e+000 -9.238794e-001
    outer loop
      vertex -3.500000e+001 -4.400000e+001  1.435000e+001
      vertex -3.630815e+001 -5.400000e+001  1.380815e+001
      vertex -3.630815e+001 -4.400000e+001  1.380815e+001
    endloop
  endfacet
  facet normal  9.238799e-001  0.000000e+000 -3.826826e-001
    outer loop
      vertex -3.630815e+001 -4.400000e+001  1.380815e+001
      vertex -3.630815e+001 -5.400000e+001  1.380815e+001
      vertex -3.685000e+001 -5.400000e+001  1.250000e+001
    endloop
  endfacet
  facet normal  9.238799e-001  0.000000e+000 -3.826826e-001
    outer loop
      vertex -3.630815e+001 -4.400000e+001  1.380815e+001
      vertex -3.685000e+001 -5.400000e+001  1.250000e+001
      vertex -3.685000e+001 -4.400000e+001  1.250000e+001
    endloop
  endfacet
  facet normal  5.877852e-001  0.000000e+000  8.090169e-001
    outer loop
      vertex -3.600431e+001 -5.900000e+001  9.409066e+000
      vertex -3.762931e+001 -5.400000e+001  1.058970e+001
      vertex -3.762931e+001 -5.900000e+001  1.058970e+001
    endloop
  endfacet
  facet normal  9.510567e-001  -0.000000e+000  3.090163e-001
    outer loop
      vertex -3.762931e+001 -5.900000e+001  1.058970e+001
      vertex -3.762931e+001 -5.400000e+001  1.058970e+001
      vertex -3.825000e+001 -5.400000e+001  1.250000e+001
    endloop
  endfacet
  facet normal  9.510567e-001  0.000000e+000  3.090163e-001
    outer loop
      vertex -3.762931e+001 -5.900000e+001  1.058970e+001
      vertex -3.825000e+001 -5.400000e+001  1.250000e+001
      vertex -3.825000e+001 -5.900000e+001  1.250000e+001
    endloop
  endfacet
  facet normal  5.877852e-001  -0.000000e+000  8.090169e-001
    outer loop
      vertex -3.762931e+001 -5.400000e+001  1.058970e+001
      vertex -3.600431e+001 -5.900000e+001  9.409066e+000
      vertex -3.600431e+001 -5.400000e+001  9.409066e+000
    endloop
  endfacet
  facet normal  0.000000e+000  0.000000e+000  1.000000e+000
    outer loop
      vertex -3.600431e+001 -5.400000e+001  9.409066e+000
      vertex -3.600431e+001 -5.900000e+001  9.409066e+000
      vertex -3.399569e+001 -5.900000e+001  9.409066e+000
    endloop
  endfacet
  facet normal  0.000000e+000  -0.000000e+000  1.000000e+000
    outer loop
      vertex -3.600431e+001 -5.400000e+001  9.409066e+000
      vertex -3.399569e+001 -5.900000e+001  9.409066e+000
      vertex -3.399569e+001 -5.400000e+001  9.409066e+000
    endloop
  endfacet
  facet normal -5.877852e-001  0.000000e+000  8.090169e-001
    outer loop
      vertex -3.399569e+001 -5.400000e+001  9.409066e+000
      vertex -3.399569e+001 -5.900000e+001  9.409066e+000
      vertex -3.237069e+001 -5.900000e+001  1.058970e+001
    endloop
  endfacet
  facet normal -5.877852e-001  0.000000e+000  8.090169e-001
    outer loop
      vertex -3.399569e+001 -5.400000e+001  9.409066e+000
      vertex -3.237069e+001 -5.900000e+001  1.058970e+001
      vertex -3.237069e+001 -5.400000e+001  1.058970e+001
    endloop
  endfacet
  facet normal -9.510567e-001  0.000000e+000  3.090163e-001
    outer loop
      vertex -3.237069e+001 -5.400000e+001  1.058970e+001
      vertex -3.237069e+001 -5.900000e+001  1.058970e+001
      vertex -3.175000e+001 -5.900000e+001  1.250000e+001
    endloop
  endfacet
  facet normal -9.510567e-001  0.000000e+000  3.090163e-001
    outer loop
      vertex -3.237069e+001 -5.400000e+001  1.058970e+001
      vertex -3.175000e+001 -5.900000e+001  1.250000e+001
      vertex -3.175000e+001 -5.400000e+001  1.250000e+001
    endloop
  endfacet
  facet normal -5.874917e-001 -3.160239e-002 -8.086129e-001
    outer loop
      vertex -3.315467e+001 -5.900000e+001  1.517531e+001
      vertex -3.399569e+001 -5.400000e+001  1.559093e+001
      vertex -3.237069e+001 -5.400000e+001  1.441030e+001
    endloop
  endfacet
  facet normal  3.541611e-001  1.815155e-002 -9.350083e-001
    outer loop
      vertex -3.684533e+001 -5.900000e+001  1.517531e+001
      vertex -3.600431e+001 -5.400000e+001  1.559093e+001
      vertex -3.539015e+001 -5.900000e+001  1.572650e+001
    endloop
  endfacet
  facet normal  5.874917e-001 -3.160239e-002 -8.086129e-001
    outer loop
      vertex -3.684533e+001 -5.900000e+001  1.517531e+001
      vertex -3.762931e+001 -5.400000e+001  1.441030e+001
      vertex -3.600431e+001 -5.400000e+001  1.559093e+001
    endloop
  endfacet
  facet normal -7.482528e-001  1.584881e-002 -6.632243e-001
    outer loop
      vertex -3.315467e+001 -5.900000e+001  1.517531e+001
      vertex -3.237069e+001 -5.400000e+001  1.441030e+001
      vertex -3.212252e+001 -5.900000e+001  1.401083e+001
    endloop
  endfacet
  facet normal -9.508157e-001 -2.251131e-002 -3.089380e-001
    outer loop
      vertex -3.212252e+001 -5.900000e+001  1.401083e+001
      vertex -3.237069e+001 -5.400000e+001  1.441030e+001
      vertex -3.175000e+001 -5.400000e+001  1.250000e+001
    endloop
  endfacet
  facet normal -9.709222e-001  -0.000000e+000 -2.393954e-001
    outer loop
      vertex -3.212252e+001 -5.900000e+001  1.401083e+001
      vertex -3.175000e+001 -5.400000e+001  1.250000e+001
      vertex -3.175000e+001 -5.900000e+001  1.250000e+001
    endloop
  endfacet
  facet normal -3.541611e-001  1.815155e-002 -9.350083e-001
    outer loop
      vertex -3.315467e+001 -5.900000e+001  1.517531e+001
      vertex -3.460985e+001 -5.900000e+001  1.572650e+001
      vertex -3.399569e+001 -5.400000e+001  1.559093e+001
    endloop
  endfacet
  facet normal  0.000000e+000 -2.710281e-002 -9.996327e-001
    outer loop
      vertex -3.399569e+001 -5.400000e+001  1.559093e+001
      vertex -3.460985e+001 -5.900000e+001  1.572650e+001
      vertex -3.539015e+001 -5.900000e+001  1.572650e+001
    endloop
  endfacet
  facet normal  0.000000e+000 -2.710281e-002 -9.996326e-001
    outer loop
      vertex -3.399569e+001 -5.400000e+001  1.559093e+001
      vertex -3.539015e+001 -5.900000e+001  1.572650e+001
      vertex -3.600431e+001 -5.400000e+001  1.559093e+001
    endloop
  endfacet
  facet normal  7.482528e-001  1.584881e-002 -6.632243e-001
    outer loop
      vertex -3.684533e+001 -5.900000e+001  1.517531e+001
      vertex -3.787748e+001 -5.900000e+001  1.401083e+001
      vertex -3.762931e+001 -5.400000e+001  1.441030e+001
    endloop
  endfacet
  facet normal  9.705123e-001 -2.905316e-002 -2.392944e-001
    outer loop
      vertex -3.762931e+001 -5.400000e+001  1.441030e+001
      vertex -3.787748e+001 -5.900000e+001  1.401083e+001
      vertex -3.825000e+001 -5.900000e+001  1.250000e+001
    endloop
  endfacet
  facet normal  9.510567e-001  0.000000e+000 -3.090163e-001
    outer loop
      vertex -3.762931e+001 -5.400000e+001  1.441030e+001
      vertex -3.825000e+001 -5.900000e+001  1.250000e+001
      vertex -3.825000e+001 -5.400000e+001  1.250000e+001
    endloop
  endfacet
  facet normal  0.000000e+000 -1.000000e+000  0.000000e+000
    outer loop
      vertex -3.369185e+001 -5.400000e+001  1.380815e+001
      vertex -3.237069e+001 -5.400000e+001  1.441030e+001
      vertex -3.500000e+001 -5.400000e+001  1.435000e+001
    endloop
  endfacet
  facet normal  0.000000e+000 -1.000000e+000  0.000000e+000
    outer loop
      vertex -3.500000e+001 -5.400000e+001  1.435000e+001
      vertex -3.237069e+001 -5.400000e+001  1.441030e+001
      vertex -3.399569e+001 -5.400000e+001  1.559093e+001
    endloop
  endfacet
  facet normal  -0.000000e+000 -1.000000e+000  0.000000e+000
    outer loop
      vertex -3.500000e+001 -5.400000e+001  1.435000e+001
      vertex -3.399569e+001 -5.400000e+001  1.559093e+001
      vertex -3.600431e+001 -5.400000e+001  1.559093e+001
    endloop
  endfacet
  facet normal  0.000000e+000 -1.000000e+000  0.000000e+000
    outer loop
      vertex -3.630815e+001 -5.400000e+001  1.119185e+001
      vertex -3.762931e+001 -5.400000e+001  1.058970e+001
      vertex -3.500000e+001 -5.400000e+001  1.065000e+001
    endloop
  endfacet
  facet normal  0.000000e+000 -1.000000e+000  0.000000e+000
    outer loop
      vertex -3.500000e+001 -5.400000e+001  1.065000e+001
      vertex -3.762931e+001 -5.400000e+001  1.058970e+001
      vertex -3.600431e+001 -5.400000e+001  9.409066e+000
    endloop
  endfacet
  facet normal  0.000000e+000 -1.000000e+000  0.000000e+000
    outer loop
      vertex -3.500000e+001 -5.400000e+001  1.065000e+001
      vertex -3.600431e+001 -5.400000e+001  9.409066e+000
      vertex -3.399569e+001 -5.400000e+001  9.409066e+000
    endloop
  endfacet
  facet normal  0.000000e+000 -1.000000e+000  0.000000e+000
    outer loop
      vertex -3.762931e+001 -5.400000e+001  1.441030e+001
      vertex -3.500000e+001 -5.400000e+001  1.435000e+001
      vertex -3.600431e+001 -5.400000e+001  1.559093e+001
    endloop
  endfacet
  facet normal  0.000000e+000 -1.000000e+000  0.000000e+000
    outer loop
      vertex -3.500000e+001 -5.400000e+001  1.435000e+001
      vertex -3.762931e+001 -5.400000e+001  1.441030e+001
      vertex -3.630815e+001 -5.400000e+001  1.380815e+001
    endloop
  endfacet
  facet normal  -0.000000e+000 -1.000000e+000  0.000000e+000
    outer loop
      vertex -3.630815e+001 -5.400000e+001  1.380815e+001
      vertex -3.762931e+001 -5.400000e+001  1.441030e+001
      vertex -3.825000e+001 -5.400000e+001  1.250000e+001
    endloop
  endfacet
  facet normal  0.000000e+000 -9.999999e-001  0.000000e+000
    outer loop
      vertex -3.630815e+001 -5.400000e+001  1.380815e+001
      vertex -3.825000e+001 -5.400000e+001  1.250000e+001
      vertex -3.685000e+001 -5.400000e+001  1.250000e+001
    endloop
  endfacet
  facet normal  -0.000000e+000 -1.000000e+000  0.000000e+000
    outer loop
      vertex -3.685000e+001 -5.400000e+001  1.250000e+001
      vertex -3.825000e+001 -5.400000e+001  1.250000e+001
      vertex -3.762931e+001 -5.400000e+001  1.058970e+001
    endloop
  endfacet
  facet normal  0.000000e+000 -1.000000e+000  0.000000e+000
    outer loop
      vertex -3.685000e+001 -5.400000e+001  1.250000e+001
      vertex -3.762931e+001 -5.400000e+001  1.058970e+001
      vertex -3.630815e+001 -5.400000e+001  1.119185e+001
    endloop
  endfacet
  facet normal  0.000000e+000 -1.000000e+000  0.000000e+000
    outer loop
      vertex -3.237069e+001 -5.400000e+001  1.058970e+001
      vertex -3.500000e+001 -5.400000e+001  1.065000e+001
      vertex -3.399569e+001 -5.400000e+001  9.409066e+000
    endloop
  endfacet
  facet normal  0.000000e+000 -1.000000e+000  0.000000e+000
    outer loop
      vertex -3.500000e+001 -5.400000e+001  1.065000e+001
      vertex -3.237069e+001 -5.400000e+001  1.058970e+001
      vertex -3.369185e+001 -5.400000e+001  1.119185e+001
    endloop
  endfacet
  facet normal  0.000000e+000 -1.000000e+000  0.000000e+000
    outer loop
      vertex -3.369185e+001 -5.400000e+001  1.119185e+001
      vertex -3.237069e+001 -5.400000e+001  1.058970e+001
      vertex -3.175000e+001 -5.400000e+001  1.250000e+001
    endloop
  endfacet
  facet normal  -0.000000e+000 -9.999999e-001  0.000000e+000
    outer loop
      vertex -3.369185e+001 -5.400000e+001  1.119185e+001
      vertex -3.175000e+001 -5.400000e+001  1.250000e+001
      vertex -3.315000e+001 -5.400000e+001  1.250000e+001
    endloop
  endfacet
  facet normal  0.000000e+000 -1.000000e+000  0.000000e+000
    outer loop
      vertex -3.315000e+001 -5.400000e+001  1.250000e+001
      vertex -3.175000e+001 -5.400000e+001  1.250000e+001
      vertex -3.237069e+001 -5.400000e+001  1.441030e+001
    endloop
  endfacet
  facet normal  0.000000e+000 -1.000000e+000  0.000000e+000
    outer loop
      vertex -3.315000e+001 -5.400000e+001  1.250000e+001
      vertex -3.237069e+001 -5.400000e+001  1.441030e+001
      vertex -3.369185e+001 -5.400000e+001  1.380815e+001
    endloop
  endfacet
  facet normal  5.000001e-001  0.000000e+000 -8.660253e-001
    outer loop
      vertex  3.825000e+001  5.000000e+001 -5.072169e+001
      vertex  3.825000e+001  4.000000e+001 -5.072169e+001
      vertex  2.156920e+001  5.000000e+001 -6.035235e+001
    endloop
  endfacet
  facet normal  5.000001e-001  0.000000e+000 -8.660253e-001
    outer loop
      vertex  2.156920e+001  5.000000e+001 -6.035235e+001
      vertex  3.825000e+001  4.000000e+001 -5.072169e+001
      vertex  2.156920e+001  4.000000e+001 -6.035235e+001
    endloop
  endfacet
  facet normal  1.000000e+000  0.000000e+000  0.000000e+000
    outer loop
      vertex  3.950000e+001 -3.800000e+001  0.000000e+000
      vertex  3.950000e+001 -4.400000e+001  7.500000e+000
      vertex  3.950000e+001 -5.900000e+001  1.572650e+001
    endloop
  endfacet
  facet normal  9.999999e-001  -0.000000e+000  0.000000e+000
    outer loop
      vertex  3.950000e+001  4.400000e+001  7.500000e+000
      vertex  3.950000e+001 -4.400000e+001  7.500000e+000
      vertex  3.950000e+001 -3.800000e+001  0.000000e+000
    endloop
  endfacet
  facet normal  1.000000e+000  0.000000e+000  0.000000e+000
    outer loop
      vertex  3.950000e+001  4.400000e+001  7.500000e+000
      vertex  3.950000e+001 -3.800000e+001  0.000000e+000
      vertex  3.950000e+001  3.800000e+001  0.000000e+000
    endloop
  endfacet
  facet normal  1.000000e+000  -0.000000e+000  0.000000e+000
    outer loop
      vertex  3.950000e+001  4.400000e+001  7.500000e+000
      vertex  3.950000e+001  3.800000e+001  0.000000e+000
      vertex  3.950000e+001  3.941422e+001 -5.857865e-001
    endloop
  endfacet
  facet normal  1.000000e+000  -0.000000e+000  0.000000e+000
    outer loop
      vertex  3.950000e+001  4.400000e+001  7.500000e+000
      vertex  3.950000e+001  3.941422e+001 -5.857865e-001
      vertex  3.950000e+001  5.900000e+001 -7.830127e+000
    endloop
  endfacet
  facet normal  1.000000e+000  0.000000e+000  -0.000000e+000
    outer loop
      vertex  3.950000e+001  4.400000e+001  7.500000e+000
      vertex  3.950000e+001  5.900000e+001 -7.830127e+000
      vertex  3.950000e+001  5.900000e+001  1.572650e+001
    endloop
  endfacet
  facet normal  1.000000e+000  0.000000e+000  0.000000e+000
    outer loop
      vertex  3.950000e+001  4.400000e+001  7.500000e+000
      vertex  3.950000e+001  5.900000e+001  1.572650e+001
      vertex  3.950000e+001  4.400000e+001  2.150000e+001
    endloop
  endfacet
  facet normal  1.000000e+000  0.000000e+000  -0.000000e+000
    outer loop
      vertex  3.950000e+001 -5.900000e+001 -7.830127e+000
      vertex  3.950000e+001 -5.000000e+001 -1.683013e+001
      vertex  3.950000e+001 -4.000000e+001 -2.000000e+000
    endloop
  endfacet
  facet normal  1.000000e+000  0.000000e+000  -0.000000e+000
    outer loop
      vertex  3.950000e+001 -5.900000e+001 -7.830127e+000
      vertex  3.950000e+001 -4.000000e+001 -2.000000e+000
      vertex  3.950000e+001 -3.941422e+001 -5.857865e-001
    endloop
  endfacet
  facet normal  1.000000e+000  0.000000e+000  -0.000000e+000
    outer loop
      vertex  3.950000e+001 -5.900000e+001 -7.830127e+000
      vertex  3.950000e+001 -3.941422e+001 -5.857865e-001
      vertex  3.950000e+001 -3.800000e+001  0.000000e+000
    endloop
  endfacet
  facet normal  9.999999e-001  0.000000e+000  0.000000e+000
    outer loop
      vertex  3.950000e+001 -5.900000e+001 -7.830127e+000
      vertex  3.950000e+001 -3.800000e+001  0.000000e+000
      vertex  3.950000e+001 -5.900000e+001  1.572650e+001
    endloop
  endfacet
  facet normal  9.999999e-001  0.000000e+000  0.000000e+000
    outer loop
      vertex  3.950000e+001  5.900000e+001  1.572650e+001
      vertex  3.950000e+001  5.866506e+001  1.697650e+001
      vertex  3.950000e+001  5.775000e+001  1.789156e+001
    endloop
  endfacet
  facet normal  1.000000e+000  0.000000e+000  0.000000e+000
    outer loop
      vertex  3.950000e+001  5.900000e+001  1.572650e+001
      vertex  3.950000e+001  5.775000e+001  1.789156e+001
      vertex  3.950000e+001  5.208013e+001  2.116506e+001
    endloop
  endfacet
  facet normal  1.000000e+000  0.000000e+000  0.000000e+000
    outer loop
      vertex  3.950000e+001  5.900000e+001  1.572650e+001
      vertex  3.950000e+001  5.208013e+001  2.116506e+001
      vertex  3.950000e+001  5.083013e+001  2.150000e+001
    endloop
  endfacet
  facet normal  9.999999e-001  0.000000e+000  0.000000e+000
    outer loop
      vertex  3.950000e+001  5.900000e+001  1.572650e+001
      vertex  3.950000e+001  5.083013e+001  2.150000e+001
      vertex  3.950000e+001  4.400000e+001  2.150000e+001
    endloop
  endfacet
  facet normal  1.000000e+000  0.000000e+000  0.000000e+000
    outer loop
      vertex  3.950000e+001  4.000000e+001 -4.855663e+001
      vertex  3.950000e+001  5.000000e+001 -4.855663e+001
      vertex  3.950000e+001  4.000000e+001 -2.000000e+000
    endloop
  endfacet
  facet normal  1.000000e+000  0.000000e+000  0.000000e+000
    outer loop
      vertex  3.950000e+001  4.000000e+001 -2.000000e+000
      vertex  3.950000e+001  5.000000e+001 -4.855663e+001
      vertex  3.950000e+001  5.000000e+001 -1.683013e+001
    endloop
  endfacet
  facet normal  1.000000e+000  0.000000e+000  0.000000e+000
    outer loop
      vertex  3.950000e+001  4.000000e+001 -2.000000e+000
      vertex  3.950000e+001  5.000000e+001 -1.683013e+001
      vertex  3.950000e+001  3.941422e+001 -5.857865e-001
    endloop
  endfacet
  facet normal  1.000000e+000  0.000000e+000  0.000000e+000
    outer loop
      vertex  3.950000e+001  3.941422e+001 -5.857865e-001
      vertex  3.950000e+001  5.000000e+001 -1.683013e+001
      vertex  3.950000e+001  5.900000e+001 -7.830127e+000
    endloop
  endfacet
  facet normal  1.000000e+000  0.000000e+000  0.000000e+000
    outer loop
      vertex  3.950000e+001 -5.000000e+001 -1.683013e+001
      vertex  3.950000e+001 -5.000000e+001 -4.855663e+001
      vertex  3.950000e+001 -4.000000e+001 -2.000000e+000
    endloop
  endfacet
  facet normal  1.000000e+000  0.000000e+000  0.000000e+000
    outer loop
      vertex  3.950000e+001 -4.000000e+001 -2.000000e+000
      vertex  3.950000e+001 -5.000000e+001 -4.855663e+001
      vertex  3.950000e+001 -4.000000e+001 -4.855663e+001
    endloop
  endfacet
  facet normal  1.000000e+000  -0.000000e+000  0.000000e+000
    outer loop
      vertex  3.950000e+001 -4.400000e+001  2.150000e+001
      vertex  3.950000e+001 -5.150000e+001  2.150000e+001
      vertex  3.950000e+001 -4.400000e+001  7.500000e+000
    endloop
  endfacet
  facet normal  1.000000e+000  0.000000e+000  0.000000e+000
    outer loop
      vertex  3.950000e+001 -4.400000e+001  7.500000e+000
      vertex  3.950000e+001 -5.150000e+001  2.150000e+001
      vertex  3.950000e+001 -5.775000e+001  1.789156e+001
    endloop
  endfacet
  facet normal  9.999999e-001  0.000000e+000  0.000000e+000
    outer loop
      vertex  3.950000e+001 -4.400000e+001  7.500000e+000
      vertex  3.950000e+001 -5.775000e+001  1.789156e+001
      vertex  3.950000e+001 -5.900000e+001  1.572650e+001
    endloop
  endfacet
  facet normal  9.999999e-001  0.000000e+000  0.000000e+000
    outer loop
      vertex  3.950000e+001 -5.900000e+001  1.572650e+001
      vertex  3.950000e+001 -5.775000e+001  1.789156e+001
      vertex  3.950000e+001 -5.866506e+001  1.697650e+001
    endloop
  endfacet
  facet normal  9.659255e-001  0.000000e+000 -2.588201e-001
    outer loop
      vertex  3.950000e+001  5.000000e+001 -4.855663e+001
      vertex  3.950000e+001  4.000000e+001 -4.855663e+001
      vertex  3.916506e+001  5.000000e+001 -4.980663e+001
    endloop
  endfacet
  facet normal  9.659255e-001  0.000000e+000 -2.588201e-001
    outer loop
      vertex  3.916506e+001  5.000000e+001 -4.980663e+001
      vertex  3.950000e+001  4.000000e+001 -4.855663e+001
      vertex  3.916506e+001  4.000000e+001 -4.980663e+001
    endloop
  endfacet
  facet normal  7.071068e-001  0.000000e+000 -7.071068e-001
    outer loop
      vertex  3.916506e+001  5.000000e+001 -4.980663e+001
      vertex  3.916506e+001  4.000000e+001 -4.980663e+001
      vertex  3.825000e+001  5.000000e+001 -5.072169e+001
    endloop
  endfacet
  facet normal  7.071068e-001  0.000000e+000 -7.071068e-001
    outer loop
      vertex  3.825000e+001  5.000000e+001 -5.072169e+001
      vertex  3.916506e+001  4.000000e+001 -4.980663e+001
      vertex  3.825000e+001  4.000000e+001 -5.072169e+001
    endloop
  endfacet
  facet normal  9.848078e-001  0.000000e+000 -1.736482e-001
    outer loop
      vertex  2.035718e+001  5.000000e+001 -6.208329e+001
      vertex  2.035718e+001  4.000000e+001 -6.208329e+001
      vertex  7.500000e+000  5.000000e+001 -1.350000e+002
    endloop
  endfacet
  facet normal  9.848078e-001  0.000000e+000 -1.736482e-001
    outer loop
      vertex  7.500000e+000  5.000000e+001 -1.350000e+002
      vertex  2.035718e+001  4.000000e+001 -6.208329e+001
      vertex  7.500000e+000  4.000000e+001 -1.350000e+002
    endloop
  endfacet
  facet normal  9.238797e-001  0.000000e+000 -3.826830e-001
    outer loop
      vertex  2.035718e+001  5.000000e+001 -6.208329e+001
      vertex  2.077132e+001  5.000000e+001 -6.108347e+001
      vertex  2.035718e+001  4.000000e+001 -6.208329e+001
    endloop
  endfacet
  facet normal  9.238797e-001  0.000000e+000 -3.826830e-001
    outer loop
      vertex  2.035718e+001  4.000000e+001 -6.208329e+001
      vertex  2.077132e+001  5.000000e+001 -6.108347e+001
      vertex  2.077132e+001  4.000000e+001 -6.108347e+001
    endloop
  endfacet
  facet normal  6.755895e-001  0.000000e+000 -7.372780e-001
    outer loop
      vertex  2.077132e+001  5.000000e+001 -6.108347e+001
      vertex  2.156920e+001  5.000000e+001 -6.035235e+001
      vertex  2.077132e+001  4.000000e+001 -6.108347e+001
    endloop
  endfacet
  facet normal  6.755895e-001  0.000000e+000 -7.372780e-001
    outer loop
      vertex  2.077132e+001  4.000000e+001 -6.108347e+001
      vertex  2.156920e+001  5.000000e+001 -6.035235e+001
      vertex  2.156920e+001  4.000000e+001 -6.035235e+001
    endloop
  endfacet
  facet normal -5.000001e-001  0.000000e+000 -8.660253e-001
    outer loop
      vertex -3.825000e+001  5.000000e+001 -5.072169e+001
      vertex -2.156920e+001  5.000000e+001 -6.035235e+001
      vertex -3.825000e+001  4.000000e+001 -5.072169e+001
    endloop
  endfacet
  facet normal -5.000001e-001  0.000000e+000 -8.660253e-001
    outer loop
      vertex -3.825000e+001  4.000000e+001 -5.072169e+001
      vertex -2.156920e+001  5.000000e+001 -6.035235e+001
      vertex -2.156920e+001  4.000000e+001 -6.035235e+001
    endloop
  endfacet
  facet normal -9.848078e-001  0.000000e+000 -1.736482e-001
    outer loop
      vertex -2.035718e+001  5.000000e+001 -6.208329e+001
      vertex -7.500000e+000  5.000000e+001 -1.350000e+002
      vertex -2.035718e+001  4.000000e+001 -6.208329e+001
    endloop
  endfacet
  facet normal -9.848078e-001  0.000000e+000 -1.736482e-001
    outer loop
      vertex -2.035718e+001  4.000000e+001 -6.208329e+001
      vertex -7.500000e+000  5.000000e+001 -1.350000e+002
      vertex -7.500000e+000  4.000000e+001 -1.350000e+002
    endloop
  endfacet
  facet normal -6.755895e-001  0.000000e+000 -7.372780e-001
    outer loop
      vertex -2.156920e+001  5.000000e+001 -6.035235e+001
      vertex -2.077132e+001  5.000000e+001 -6.108347e+001
      vertex -2.156920e+001  4.000000e+001 -6.035235e+001
    endloop
  endfacet
  facet normal -6.755895e-001  0.000000e+000 -7.372780e-001
    outer loop
      vertex -2.156920e+001  4.000000e+001 -6.035235e+001
      vertex -2.077132e+001  5.000000e+001 -6.108347e+001
      vertex -2.077132e+001  4.000000e+001 -6.108347e+001
    endloop
  endfacet
  facet normal -9.238797e-001  0.000000e+000 -3.826830e-001
    outer loop
      vertex -2.077132e+001  5.000000e+001 -6.108347e+001
      vertex -2.035718e+001  5.000000e+001 -6.208329e+001
      vertex -2.077132e+001  4.000000e+001 -6.108347e+001
    endloop
  endfacet
  facet normal -9.238797e-001  0.000000e+000 -3.826830e-001
    outer loop
      vertex -2.077132e+001  4.000000e+001 -6.108347e+001
      vertex -2.035718e+001  5.000000e+001 -6.208329e+001
      vertex -2.035718e+001  4.000000e+001 -6.208329e+001
    endloop
  endfacet
  facet normal -1.000000e+000  -0.000000e+000  -0.000000e+000
    outer loop
      vertex -3.950000e+001 -5.900000e+001  1.572650e+001
      vertex -3.950000e+001 -4.400000e+001  7.500000e+000
      vertex -3.950000e+001 -3.800000e+001  0.000000e+000
    endloop
  endfacet
  facet normal -1.000000e+000  0.000000e+000  0.000000e+000
    outer loop
      vertex -3.950000e+001  4.900000e+001  7.500000e+000
      vertex -3.950000e+001  4.900000e+001  2.150000e+001
      vertex -3.950000e+001  5.900000e+001  1.572650e+001
    endloop
  endfacet
  facet normal -1.000000e+000  0.000000e+000  -0.000000e+000
    outer loop
      vertex -3.950000e+001  4.900000e+001  7.500000e+000
      vertex -3.950000e+001  5.900000e+001  1.572650e+001
      vertex -3.950000e+001  5.900000e+001 -7.830127e+000
    endloop
  endfacet
  facet normal -1.000000e+000  0.000000e+000  0.000000e+000
    outer loop
      vertex -3.950000e+001  4.900000e+001  7.500000e+000
      vertex -3.950000e+001  5.900000e+001 -7.830127e+000
      vertex -3.950000e+001  3.941422e+001 -5.857865e-001
    endloop
  endfacet
  facet normal -1.000000e+000  0.000000e+000  0.000000e+000
    outer loop
      vertex -3.950000e+001  4.900000e+001  7.500000e+000
      vertex -3.950000e+001  3.941422e+001 -5.857865e-001
      vertex -3.950000e+001  3.800000e+001  0.000000e+000
    endloop
  endfacet
  facet normal -1.000000e+000  0.000000e+000  0.000000e+000
    outer loop
      vertex -3.950000e+001  4.900000e+001  7.500000e+000
      vertex -3.950000e+001  3.800000e+001  0.000000e+000
      vertex -3.950000e+001 -3.800000e+001  0.000000e+000
    endloop
  endfacet
  facet normal -9.999999e-001  0.000000e+000  0.000000e+000
    outer loop
      vertex -3.950000e+001  4.900000e+001  7.500000e+000
      vertex -3.950000e+001 -3.800000e+001  0.000000e+000
      vertex -3.950000e+001 -4.400000e+001  7.500000e+000
    endloop
  endfacet
  facet normal -1.000000e+000  0.000000e+000  0.000000e+000
    outer loop
      vertex -3.950000e+001 -5.900000e+001 -7.830127e+000
      vertex -3.950000e+001 -5.900000e+001  1.572650e+001
      vertex -3.950000e+001 -3.800000e+001  0.000000e+000
    endloop
  endfacet
  facet normal -1.000000e+000  0.000000e+000  0.000000e+000
    outer loop
      vertex -3.950000e+001 -5.900000e+001 -7.830127e+000
      vertex -3.950000e+001 -3.800000e+001  0.000000e+000
      vertex -3.950000e+001 -3.941422e+001 -5.857865e-001
    endloop
  endfacet
  facet normal -1.000000e+000  0.000000e+000  0.000000e+000
    outer loop
      vertex -3.950000e+001 -5.900000e+001 -7.830127e+000
      vertex -3.950000e+001 -3.941422e+001 -5.857865e-001
      vertex -3.950000e+001 -4.000000e+001 -2.000000e+000
    endloop
  endfacet
  facet normal -1.000000e+000  0.000000e+000  0.000000e+000
    outer loop
      vertex -3.950000e+001 -5.900000e+001 -7.830127e+000
      vertex -3.950000e+001 -4.000000e+001 -2.000000e+000
      vertex -3.950000e+001 -5.000000e+001 -1.683013e+001
    endloop
  endfacet
  facet normal -1.000000e+000  0.000000e+000  0.000000e+000
    outer loop
      vertex -3.950000e+001  4.000000e+001 -4.855663e+001
      vertex -3.950000e+001  4.000000e+001 -2.000000e+000
      vertex -3.950000e+001  5.000000e+001 -4.855663e+001
    endloop
  endfacet
  facet normal -1.000000e+000  0.000000e+000  0.000000e+000
    outer loop
      vertex -3.950000e+001  5.000000e+001 -4.855663e+001
      vertex -3.950000e+001  4.000000e+001 -2.000000e+000
      vertex -3.950000e+001  5.000000e+001 -1.683013e+001
    endloop
  endfacet
  facet normal -1.000000e+000  0.000000e+000  0.000000e+000
    outer loop
      vertex -3.950000e+001  4.000000e+001 -2.000000e+000
      vertex -3.950000e+001  3.941422e+001 -5.857865e-001
      vertex -3.950000e+001  5.000000e+001 -1.683013e+001
    endloop
  endfacet
  facet normal -1.000000e+000  0.000000e+000  0.000000e+000
    outer loop
      vertex -3.950000e+001  5.000000e+001 -1.683013e+001
      vertex -3.950000e+001  3.941422e+001 -5.857865e-001
      vertex -3.950000e+001  5.900000e+001 -7.830127e+000
    endloop
  endfacet
  facet normal -1.000000e+000  0.000000e+000  0.000000e+000
    outer loop
      vertex -3.950000e+001 -5.000000e+001 -1.683013e+001
      vertex -3.950000e+001 -4.000000e+001 -2.000000e+000
      vertex -3.950000e+001 -5.000000e+001 -4.855663e+001
    endloop
  endfacet
  facet normal -1.000000e+000  0.000000e+000  0.000000e+000
    outer loop
      vertex -3.950000e+001 -5.000000e+001 -4.855663e+001
      vertex -3.950000e+001 -4.000000e+001 -2.000000e+000
      vertex -3.950000e+001 -4.000000e+001 -4.855663e+001
    endloop
  endfacet
  facet normal -1.000000e+000  0.000000e+000  0.000000e+000
    outer loop
      vertex -3.950000e+001  5.083013e+001  2.150000e+001
      vertex -3.950000e+001  5.208013e+001  2.116506e+001
      vertex -3.950000e+001  4.900000e+001  2.150000e+001
    endloop
  endfacet
  facet normal -1.000000e+000  0.000000e+000  0.000000e+000
    outer loop
      vertex -3.950000e+001  4.900000e+001  2.150000e+001
      vertex -3.950000e+001  5.208013e+001  2.116506e+001
      vertex -3.950000e+001  5.900000e+001  1.572650e+001
    endloop
  endfacet
  facet normal -1.000000e+000  -0.000000e+000  -0.000000e+000
    outer loop
      vertex -3.950000e+001  5.208013e+001  2.116506e+001
      vertex -3.950000e+001  5.775000e+001  1.789156e+001
      vertex -3.950000e+001  5.900000e+001  1.572650e+001
    endloop
  endfacet
  facet normal -9.999999e-001  0.000000e+000  0.000000e+000
    outer loop
      vertex -3.950000e+001  5.900000e+001  1.572650e+001
      vertex -3.950000e+001  5.775000e+001  1.789156e+001
      vertex -3.950000e+001  5.866506e+001  1.697650e+001
    endloop
  endfacet
  facet normal -1.000000e+000  0.000000e+000  0.000000e+000
    outer loop
      vertex -3.950000e+001 -4.400000e+001  2.150000e+001
      vertex -3.950000e+001 -4.400000e+001  7.500000e+000
      vertex -3.950000e+001 -5.150000e+001  2.150000e+001
    endloop
  endfacet
  facet normal -1.000000e+000  0.000000e+000  -0.000000e+000
    outer loop
      vertex -3.950000e+001 -5.150000e+001  2.150000e+001
      vertex -3.950000e+001 -4.400000e+001  7.500000e+000
      vertex -3.950000e+001 -5.775000e+001  1.789156e+001
    endloop
  endfacet
  facet normal -1.000000e+000  0.000000e+000  0.000000e+000
    outer loop
      vertex -3.950000e+001 -4.400000e+001  7.500000e+000
      vertex -3.950000e+001 -5.900000e+001  1.572650e+001
      vertex -3.950000e+001 -5.775000e+001  1.789156e+001
    endloop
  endfacet
  facet normal -9.999999e-001  0.000000e+000  0.000000e+000
    outer loop
      vertex -3.950000e+001 -5.775000e+001  1.789156e+001
      vertex -3.950000e+001 -5.900000e+001  1.572650e+001
      vertex -3.950000e+001 -5.866506e+001  1.697650e+001
    endloop
  endfacet
  facet normal -7.071068e-001  0.000000e+000 -7.071068e-001
    outer loop
      vertex -3.825000e+001  5.000000e+001 -5.072169e+001
      vertex -3.825000e+001  4.000000e+001 -5.072169e+001
      vertex -3.916506e+001  5.000000e+001 -4.980663e+001
    endloop
  endfacet
  facet normal -7.071068e-001  -0.000000e+000 -7.071068e-001
    outer loop
      vertex -3.916506e+001  5.000000e+001 -4.980663e+001
      vertex -3.825000e+001  4.000000e+001 -5.072169e+001
      vertex -3.916506e+001  4.000000e+001 -4.980663e+001
    endloop
  endfacet
  facet normal -9.659255e-001  0.000000e+000 -2.588201e-001
    outer loop
      vertex -3.916506e+001  5.000000e+001 -4.980663e+001
      vertex -3.916506e+001  4.000000e+001 -4.980663e+001
      vertex -3.950000e+001  5.000000e+001 -4.855663e+001
    endloop
  endfacet
  facet normal -9.659255e-001  -0.000000e+000 -2.588201e-001
    outer loop
      vertex -3.950000e+001  5.000000e+001 -4.855663e+001
      vertex -3.916506e+001  4.000000e+001 -4.980663e+001
      vertex -3.950000e+001  4.000000e+001 -4.855663e+001
    endloop
  endfacet
  facet normal -5.000001e-001  0.000000e+000 -8.660253e-001
    outer loop
      vertex -3.825000e+001 -4.000000e+001 -5.072169e+001
      vertex -2.156920e+001 -4.000000e+001 -6.035235e+001
      vertex -3.825000e+001 -5.000000e+001 -5.072169e+001
    endloop
  endfacet
  facet normal -5.000001e-001  0.000000e+000 -8.660253e-001
    outer loop
      vertex -3.825000e+001 -5.000000e+001 -5.072169e+001
      vertex -2.156920e+001 -4.000000e+001 -6.035235e+001
      vertex -2.156920e+001 -5.000000e+001 -6.035235e+001
    endloop
  endfacet
  facet normal -9.848078e-001  0.000000e+000 -1.736482e-001
    outer loop
      vertex -2.035718e+001 -4.000000e+001 -6.208329e+001
      vertex -7.500000e+000 -4.000000e+001 -1.350000e+002
      vertex -2.035718e+001 -5.000000e+001 -6.208329e+001
    endloop
  endfacet
  facet normal -9.848078e-001  0.000000e+000 -1.736482e-001
    outer loop
      vertex -2.035718e+001 -5.000000e+001 -6.208329e+001
      vertex -7.500000e+000 -4.000000e+001 -1.350000e+002
      vertex -7.500000e+000 -5.000000e+001 -1.350000e+002
    endloop
  endfacet
  facet normal  0.000000e+000  1.000000e+000  0.000000e+000
    outer loop
      vertex -7.500000e+000 -4.000000e+001 -1.500000e+002
      vertex -7.500000e+000 -4.000000e+001 -1.350000e+002
      vertex  7.500000e+000 -4.000000e+001 -1.500000e+002
    endloop
  endfacet
  facet normal  0.000000e+000  9.999999e-001  0.000000e+000
    outer loop
      vertex -2.000000e+001 -4.000000e+001 -4.361317e+001
      vertex  2.000000e+001 -4.000000e+001 -4.361317e+001
      vertex  2.035718e+001 -4.000000e+001 -6.208329e+001
    endloop
  endfacet
  facet normal  0.000000e+000  9.999999e-001  0.000000e+000
    outer loop
      vertex -2.000000e+001 -4.000000e+001 -4.361317e+001
      vertex  2.035718e+001 -4.000000e+001 -6.208329e+001
      vertex  7.500000e+000 -4.000000e+001 -1.350000e+002
    endloop
  endfacet
  facet normal  0.000000e+000  1.000000e+000  0.000000e+000
    outer loop
      vertex -2.000000e+001 -4.000000e+001 -4.361317e+001
      vertex  7.500000e+000 -4.000000e+001 -1.350000e+002
      vertex  7.500000e+000 -4.000000e+001 -1.500000e+002
    endloop
  endfacet
  facet normal  0.000000e+000  1.000000e+000  0.000000e+000
    outer loop
      vertex -2.000000e+001 -4.000000e+001 -4.361317e+001
      vertex  7.500000e+000 -4.000000e+001 -1.500000e+002
      vertex -7.500000e+000 -4.000000e+001 -1.350000e+002
    endloop
  endfacet
  facet normal  0.000000e+000  1.000000e+000  0.000000e+000
    outer loop
      vertex -2.000000e+001 -4.000000e+001 -4.361317e+001
      vertex -7.500000e+000 -4.000000e+001 -1.350000e+002
      vertex -2.035718e+001 -4.000000e+001 -6.208329e+001
    endloop
  endfacet
  facet normal  0.000000e+000  1.000000e+000  -0.000000e+000
    outer loop
      vertex -2.000000e+001 -4.000000e+001 -4.361317e+001
      vertex -2.035718e+001 -4.000000e+001 -6.208329e+001
      vertex -2.077132e+001 -4.000000e+001 -6.108347e+001
    endloop
  endfacet
  facet normal  0.000000e+000  9.999999e-001  -0.000000e+000
    outer loop
      vertex -2.000000e+001 -4.000000e+001 -4.361317e+001
      vertex -2.077132e+001 -4.000000e+001 -6.108347e+001
      vertex -2.156920e+001 -4.000000e+001 -6.035235e+001
    endloop
  endfacet
  facet normal  0.000000e+000  1.000000e+000  -0.000000e+000
    outer loop
      vertex -2.000000e+001 -4.000000e+001 -4.361317e+001
      vertex -2.156920e+001 -4.000000e+001 -6.035235e+001
      vertex -3.950000e+001 -4.000000e+001 -4.855663e+001
    endloop
  endfacet
  facet normal  0.000000e+000  1.000000e+000  0.000000e+000
    outer loop
      vertex  2.000000e+001 -4.000000e+001 -4.361317e+001
      vertex  3.950000e+001 -4.000000e+001 -4.855663e+001
      vertex  3.916506e+001 -4.000000e+001 -4.980663e+001
    endloop
  endfacet
  facet normal  0.000000e+000  1.000000e+000  0.000000e+000
    outer loop
      vertex  2.000000e+001 -4.000000e+001 -4.361317e+001
      vertex  3.916506e+001 -4.000000e+001 -4.980663e+001
      vertex  3.825000e+001 -4.000000e+001 -5.072169e+001
    endloop
  endfacet
  facet normal  0.000000e+000  1.000000e+000  0.000000e+000
    outer loop
      vertex  2.000000e+001 -4.000000e+001 -4.361317e+001
      vertex  3.825000e+001 -4.000000e+001 -5.072169e+001
      vertex  2.156920e+001 -4.000000e+001 -6.035235e+001
    endloop
  endfacet
  facet normal  0.000000e+000  9.999999e-001  0.000000e+000
    outer loop
      vertex  2.000000e+001 -4.000000e+001 -4.361317e+001
      vertex  2.156920e+001 -4.000000e+001 -6.035235e+001
      vertex  2.077132e+001 -4.000000e+001 -6.108347e+001
    endloop
  endfacet
  facet normal  0.000000e+000  1.000000e+000  0.000000e+000
    outer loop
      vertex  2.000000e+001 -4.000000e+001 -4.361317e+001
      vertex  2.077132e+001 -4.000000e+001 -6.108347e+001
      vertex  2.035718e+001 -4.000000e+001 -6.208329e+001
    endloop
  endfacet
  facet normal  0.000000e+000  9.999999e-001  0.000000e+000
    outer loop
      vertex -3.950000e+001 -4.000000e+001 -2.000000e+000
      vertex  3.950000e+001 -4.000000e+001 -2.000000e+000
      vertex  2.000000e+001 -4.000000e+001 -2.761317e+001
    endloop
  endfacet
  facet normal  0.000000e+000  1.000000e+000  0.000000e+000
    outer loop
      vertex -3.950000e+001 -4.000000e+001 -2.000000e+000
      vertex  2.000000e+001 -4.000000e+001 -2.761317e+001
      vertex -2.000000e+001 -4.000000e+001 -2.761317e+001
    endloop
  endfacet
  facet normal  0.000000e+000  1.000000e+000  0.000000e+000
    outer loop
      vertex -3.950000e+001 -4.000000e+001 -2.000000e+000
      vertex -2.000000e+001 -4.000000e+001 -2.761317e+001
      vertex -2.306147e+001 -4.000000e+001 -2.822214e+001
    endloop
  endfacet
  facet normal  0.000000e+000  1.000000e+000  0.000000e+000
    outer loop
      vertex -3.950000e+001 -4.000000e+001 -2.000000e+000
      vertex -2.306147e+001 -4.000000e+001 -2.822214e+001
      vertex -2.565685e+001 -4.000000e+001 -2.995632e+001
    endloop
  endfacet
  facet normal  0.000000e+000  1.000000e+000  0.000000e+000
    outer loop
      vertex -3.950000e+001 -4.000000e+001 -2.000000e+000
      vertex -2.565685e+001 -4.000000e+001 -2.995632e+001
      vertex -2.739104e+001 -4.000000e+001 -3.255171e+001
    endloop
  endfacet
  facet normal  0.000000e+000  1.000000e+000  0.000000e+000
    outer loop
      vertex -3.950000e+001 -4.000000e+001 -2.000000e+000
      vertex -2.739104e+001 -4.000000e+001 -3.255171e+001
      vertex -2.800000e+001 -4.000000e+001 -3.561317e+001
    endloop
  endfacet
  facet normal  0.000000e+000  1.000000e+000  0.000000e+000
    outer loop
      vertex -3.950000e+001 -4.000000e+001 -2.000000e+000
      vertex -2.800000e+001 -4.000000e+001 -3.561317e+001
      vertex -2.739104e+001 -4.000000e+001 -3.867464e+001
    endloop
  endfacet
  facet normal  0.000000e+000  1.000000e+000  0.000000e+000
    outer loop
      vertex -3.950000e+001 -4.000000e+001 -4.855663e+001
      vertex -3.950000e+001 -4.000000e+001 -2.000000e+000
      vertex -2.739104e+001 -4.000000e+001 -3.867464e+001
    endloop
  endfacet
  facet normal  0.000000e+000  9.999999e-001  0.000000e+000
    outer loop
      vertex -3.950000e+001 -4.000000e+001 -4.855663e+001
      vertex -2.739104e+001 -4.000000e+001 -3.867464e+001
      vertex -2.565685e+001 -4.000000e+001 -4.127003e+001
    endloop
  endfacet
  facet normal  0.000000e+000  1.000000e+000  0.000000e+000
    outer loop
      vertex -3.950000e+001 -4.000000e+001 -4.855663e+001
      vertex -2.565685e+001 -4.000000e+001 -4.127003e+001
      vertex -2.306147e+001 -4.000000e+001 -4.300421e+001
    endloop
  endfacet
  facet normal  0.000000e+000  1.000000e+000  0.000000e+000
    outer loop
      vertex -3.950000e+001 -4.000000e+001 -4.855663e+001
      vertex -2.306147e+001 -4.000000e+001 -4.300421e+001
      vertex -2.000000e+001 -4.000000e+001 -4.361317e+001
    endloop
  endfacet
  facet normal  0.000000e+000  9.999999e-001  0.000000e+000
    outer loop
      vertex  3.950000e+001 -4.000000e+001 -2.000000e+000
      vertex  2.739104e+001 -4.000000e+001 -3.867464e+001
      vertex  2.800000e+001 -4.000000e+001 -3.561317e+001
    endloop
  endfacet
  facet normal  0.000000e+000  1.000000e+000  -0.000000e+000
    outer loop
      vertex  3.950000e+001 -4.000000e+001 -2.000000e+000
      vertex  2.800000e+001 -4.000000e+001 -3.561317e+001
      vertex  2.739104e+001 -4.000000e+001 -3.255171e+001
    endloop
  endfacet
  facet normal  0.000000e+000  1.000000e+000  -0.000000e+000
    outer loop
      vertex  3.950000e+001 -4.000000e+001 -2.000000e+000
      vertex  2.739104e+001 -4.000000e+001 -3.255171e+001
      vertex  2.565685e+001 -4.000000e+001 -2.995632e+001
    endloop
  endfacet
  facet normal  0.000000e+000  1.000000e+000  -0.000000e+000
    outer loop
      vertex  3.950000e+001 -4.000000e+001 -2.000000e+000
      vertex  2.565685e+001 -4.000000e+001 -2.995632e+001
      vertex  2.306147e+001 -4.000000e+001 -2.822214e+001
    endloop
  endfacet
  facet normal  0.000000e+000  1.000000e+000  -0.000000e+000
    outer loop
      vertex  3.950000e+001 -4.000000e+001 -2.000000e+000
      vertex  2.306147e+001 -4.000000e+001 -2.822214e+001
      vertex  2.000000e+001 -4.000000e+001 -2.761317e+001
    endloop
  endfacet
  facet normal  -0.000000e+000  1.000000e+000  0.000000e+000
    outer loop
      vertex  3.950000e+001 -4.000000e+001 -4.855663e+001
      vertex  2.000000e+001 -4.000000e+001 -4.361317e+001
      vertex  2.306147e+001 -4.000000e+001 -4.300421e+001
    endloop
  endfacet
  facet normal  -0.000000e+000  1.000000e+000  0.000000e+000
    outer loop
      vertex  3.950000e+001 -4.000000e+001 -4.855663e+001
      vertex  2.306147e+001 -4.000000e+001 -4.300421e+001
      vertex  2.565685e+001 -4.000000e+001 -4.127003e+001
    endloop
  endfacet
  facet normal  -0.000000e+000  1.000000e+000  0.000000e+000
    outer loop
      vertex  3.950000e+001 -4.000000e+001 -4.855663e+001
      vertex  2.565685e+001 -4.000000e+001 -4.127003e+001
      vertex  2.739104e+001 -4.000000e+001 -3.867464e+001
    endloop
  endfacet
  facet normal  -0.000000e+000  1.000000e+000  0.000000e+000
    outer loop
      vertex  3.950000e+001 -4.000000e+001 -4.855663e+001
      vertex  2.739104e+001 -4.000000e+001 -3.867464e+001
      vertex  3.950000e+001 -4.000000e+001 -2.000000e+000
    endloop
  endfacet
  facet normal  0.000000e+000  1.000000e+000  0.000000e+000
    outer loop
      vertex -3.950000e+001 -4.000000e+001 -4.855663e+001
      vertex -2.156920e+001 -4.000000e+001 -6.035235e+001
      vertex -3.916506e+001 -4.000000e+001 -4.980663e+001
    endloop
  endfacet
  facet normal  0.000000e+000  1.000000e+000  0.000000e+000
    outer loop
      vertex -3.916506e+001 -4.000000e+001 -4.980663e+001
      vertex -2.156920e+001 -4.000000e+001 -6.035235e+001
      vertex -3.825000e+001 -4.000000e+001 -5.072169e+001
    endloop
  endfacet
  facet normal  0.000000e+000 -1.000000e+000  0.000000e+000
    outer loop
      vertex  7.500000e+000 -5.000000e+001 -1.500000e+002
      vertex -7.500000e+000 -5.000000e+001 -1.350000e+002
      vertex -7.500000e+000 -5.000000e+001 -1.500000e+002
    endloop
  endfacet
  facet normal  0.000000e+000 -1.000000e+000  0.000000e+000
    outer loop
      vertex -2.000000e+001 -5.000000e+001 -4.361317e+001
      vertex -3.950000e+001 -5.000000e+001 -4.855663e+001
      vertex -2.156920e+001 -5.000000e+001 -6.035235e+001
    endloop
  endfacet
  facet normal  0.000000e+000 -9.999999e-001  0.000000e+000
    outer loop
      vertex -2.000000e+001 -5.000000e+001 -4.361317e+001
      vertex -2.156920e+001 -5.000000e+001 -6.035235e+001
      vertex -2.077132e+001 -5.000000e+001 -6.108347e+001
    endloop
  endfacet
  facet normal  0.000000e+000 -1.000000e+000  0.000000e+000
    outer loop
      vertex -2.000000e+001 -5.000000e+001 -4.361317e+001
      vertex -2.077132e+001 -5.000000e+001 -6.108347e+001
      vertex -2.035718e+001 -5.000000e+001 -6.208329e+001
    endloop
  endfacet
  facet normal  0.000000e+000 -1.000000e+000  0.000000e+000
    outer loop
      vertex -2.000000e+001 -5.000000e+001 -4.361317e+001
      vertex -2.035718e+001 -5.000000e+001 -6.208329e+001
      vertex -7.500000e+000 -5.000000e+001 -1.350000e+002
    endloop
  endfacet
  facet normal  0.000000e+000 -1.000000e+000  0.000000e+000
    outer loop
      vertex -2.000000e+001 -5.000000e+001 -4.361317e+001
      vertex -7.500000e+000 -5.000000e+001 -1.350000e+002
      vertex  7.500000e+000 -5.000000e+001 -1.500000e+002
    endloop
  endfacet
  facet normal  0.000000e+000 -1.000000e+000  0.000000e+000
    outer loop
      vertex -2.000000e+001 -5.000000e+001 -4.361317e+001
      vertex  7.500000e+000 -5.000000e+001 -1.500000e+002
      vertex  7.500000e+000 -5.000000e+001 -1.350000e+002
    endloop
  endfacet
  facet normal  0.000000e+000 -9.999999e-001  0.000000e+000
    outer loop
      vertex -2.000000e+001 -5.000000e+001 -4.361317e+001
      vertex  7.500000e+000 -5.000000e+001 -1.350000e+002
      vertex  2.035718e+001 -5.000000e+001 -6.208329e+001
    endloop
  endfacet
  facet normal  0.000000e+000 -9.999999e-001  0.000000e+000
    outer loop
      vertex -2.000000e+001 -5.000000e+001 -4.361317e+001
      vertex  2.035718e+001 -5.000000e+001 -6.208329e+001
      vertex  2.000000e+001 -5.000000e+001 -4.361317e+001
    endloop
  endfacet
  facet normal  0.000000e+000 -1.000000e+000  0.000000e+000
    outer loop
      vertex  2.000000e+001 -5.000000e+001 -4.361317e+001
      vertex  2.035718e+001 -5.000000e+001 -6.208329e+001
      vertex  2.077132e+001 -5.000000e+001 -6.108347e+001
    endloop
  endfacet
  facet normal  0.000000e+000 -9.999999e-001  0.000000e+000
    outer loop
      vertex  2.000000e+001 -5.000000e+001 -4.361317e+001
      vertex  2.077132e+001 -5.000000e+001 -6.108347e+001
      vertex  2.156920e+001 -5.000000e+001 -6.035235e+001
    endloop
  endfacet
  facet normal  0.000000e+000 -1.000000e+000  0.000000e+000
    outer loop
      vertex  2.000000e+001 -5.000000e+001 -4.361317e+001
      vertex  2.156920e+001 -5.000000e+001 -6.035235e+001
      vertex  3.825000e+001 -5.000000e+001 -5.072169e+001
    endloop
  endfacet
  facet normal  0.000000e+000 -1.000000e+000  0.000000e+000
    outer loop
      vertex  2.000000e+001 -5.000000e+001 -4.361317e+001
      vertex  3.825000e+001 -5.000000e+001 -5.072169e+001
      vertex  3.916506e+001 -5.000000e+001 -4.980663e+001
    endloop
  endfacet
  facet normal  0.000000e+000 -1.000000e+000  0.000000e+000
    outer loop
      vertex  2.000000e+001 -5.000000e+001 -4.361317e+001
      vertex  3.916506e+001 -5.000000e+001 -4.980663e+001
      vertex  3.950000e+001 -5.000000e+001 -4.855663e+001
    endloop
  endfacet
  facet normal  0.000000e+000 -9.999999e-001  0.000000e+000
    outer loop
      vertex -3.950000e+001 -5.000000e+001 -1.683013e+001
      vertex -2.739104e+001 -5.000000e+001 -3.867464e+001
      vertex -2.800000e+001 -5.000000e+001 -3.561317e+001
    endloop
  endfacet
  facet normal  0.000000e+000 -1.000000e+000  0.000000e+000
    outer loop
      vertex -3.950000e+001 -5.000000e+001 -1.683013e+001
      vertex -2.800000e+001 -5.000000e+001 -3.561317e+001
      vertex -2.739104e+001 -5.000000e+001 -3.255171e+001
    endloop
  endfacet
  facet normal  0.000000e+000 -1.000000e+000  0.000000e+000
    outer loop
      vertex -3.950000e+001 -5.000000e+001 -1.683013e+001
      vertex -2.739104e+001 -5.000000e+001 -3.255171e+001
      vertex -2.565685e+001 -5.000000e+001 -2.995632e+001
    endloop
  endfacet
  facet normal  0.000000e+000 -1.000000e+000  0.000000e+000
    outer loop
      vertex -3.950000e+001 -5.000000e+001 -1.683013e+001
      vertex -2.565685e+001 -5.000000e+001 -2.995632e+001
      vertex -2.306147e+001 -5.000000e+001 -2.822214e+001
    endloop
  endfacet
  facet normal  0.000000e+000 -1.000000e+000  0.000000e+000
    outer loop
      vertex -3.950000e+001 -5.000000e+001 -1.683013e+001
      vertex -2.306147e+001 -5.000000e+001 -2.822214e+001
      vertex -2.000000e+001 -5.000000e+001 -2.761317e+001
    endloop
  endfacet
  facet normal  0.000000e+000 -1.000000e+000  0.000000e+000
    outer loop
      vertex -3.950000e+001 -5.000000e+001 -1.683013e+001
      vertex -2.000000e+001 -5.000000e+001 -2.761317e+001
      vertex  2.000000e+001 -5.000000e+001 -2.761317e+001
    endloop
  endfacet
  facet normal  0.000000e+000 -9.999999e-001  0.000000e+000
    outer loop
      vertex -3.950000e+001 -5.000000e+001 -1.683013e+001
      vertex  2.000000e+001 -5.000000e+001 -2.761317e+001
      vertex  3.950000e+001 -5.000000e+001 -1.683013e+001
    endloop
  endfacet
  facet normal  -0.000000e+000 -1.000000e+000  0.000000e+000
    outer loop
      vertex -3.950000e+001 -5.000000e+001 -4.855663e+001
      vertex -2.000000e+001 -5.000000e+001 -4.361317e+001
      vertex -2.306147e+001 -5.000000e+001 -4.300421e+001
    endloop
  endfacet
  facet normal  -0.000000e+000 -1.000000e+000  0.000000e+000
    outer loop
      vertex -3.950000e+001 -5.000000e+001 -4.855663e+001
      vertex -2.306147e+001 -5.000000e+001 -4.300421e+001
      vertex -2.565685e+001 -5.000000e+001 -4.127003e+001
    endloop
  endfacet
  facet normal  -0.000000e+000 -1.000000e+000  0.000000e+000
    outer loop
      vertex -3.950000e+001 -5.000000e+001 -4.855663e+001
      vertex -2.565685e+001 -5.000000e+001 -4.127003e+001
      vertex -2.739104e+001 -5.000000e+001 -3.867464e+001
    endloop
  endfacet
  facet normal  -0.000000e+000 -1.000000e+000  0.000000e+000
    outer loop
      vertex -3.950000e+001 -5.000000e+001 -4.855663e+001
      vertex -2.739104e+001 -5.000000e+001 -3.867464e+001
      vertex -3.950000e+001 -5.000000e+001 -1.683013e+001
    endloop
  endfacet
  facet normal  0.000000e+000 -1.000000e+000  0.000000e+000
    outer loop
      vertex  3.950000e+001 -5.000000e+001 -1.683013e+001
      vertex  2.000000e+001 -5.000000e+001 -2.761317e+001
      vertex  2.306147e+001 -5.000000e+001 -2.822214e+001
    endloop
  endfacet
  facet normal  0.000000e+000 -1.000000e+000  0.000000e+000
    outer loop
      vertex  3.950000e+001 -5.000000e+001 -1.683013e+001
      vertex  2.306147e+001 -5.000000e+001 -2.822214e+001
      vertex  2.565685e+001 -5.000000e+001 -2.995632e+001
    endloop
  endfacet
  facet normal  0.000000e+000 -1.000000e+000  0.000000e+000
    outer loop
      vertex  3.950000e+001 -5.000000e+001 -1.683013e+001
      vertex  2.565685e+001 -5.000000e+001 -2.995632e+001
      vertex  2.739104e+001 -5.000000e+001 -3.255171e+001
    endloop
  endfacet
  facet normal  0.000000e+000 -1.000000e+000  0.000000e+000
    outer loop
      vertex  3.950000e+001 -5.000000e+001 -1.683013e+001
      vertex  2.739104e+001 -5.000000e+001 -3.255171e+001
      vertex  2.800000e+001 -5.000000e+001 -3.561317e+001
    endloop
  endfacet
  facet normal  0.000000e+000 -1.000000e+000  -0.000000e+000
    outer loop
      vertex  3.950000e+001 -5.000000e+001 -1.683013e+001
      vertex  2.800000e+001 -5.000000e+001 -3.561317e+001
      vertex  2.739104e+001 -5.000000e+001 -3.867464e+001
    endloop
  endfacet
  facet normal  0.000000e+000 -1.000000e+000  -0.000000e+000
    outer loop
      vertex  3.950000e+001 -5.000000e+001 -4.855663e+001
      vertex  3.950000e+001 -5.000000e+001 -1.683013e+001
      vertex  2.739104e+001 -5.000000e+001 -3.867464e+001
    endloop
  endfacet
  facet normal  0.000000e+000 -9.999999e-001  -0.000000e+000
    outer loop
      vertex  3.950000e+001 -5.000000e+001 -4.855663e+001
      vertex  2.739104e+001 -5.000000e+001 -3.867464e+001
      vertex  2.565685e+001 -5.000000e+001 -4.127003e+001
    endloop
  endfacet
  facet normal  0.000000e+000 -1.000000e+000  -0.000000e+000
    outer loop
      vertex  3.950000e+001 -5.000000e+001 -4.855663e+001
      vertex  2.565685e+001 -5.000000e+001 -4.127003e+001
      vertex  2.306147e+001 -5.000000e+001 -4.300421e+001
    endloop
  endfacet
  facet normal  0.000000e+000 -1.000000e+000  -0.000000e+000
    outer loop
      vertex  3.950000e+001 -5.000000e+001 -4.855663e+001
      vertex  2.306147e+001 -5.000000e+001 -4.300421e+001
      vertex  2.000000e+001 -5.000000e+001 -4.361317e+001
    endloop
  endfacet
  facet normal  0.000000e+000 -1.000000e+000  0.000000e+000
    outer loop
      vertex -3.950000e+001 -5.000000e+001 -4.855663e+001
      vertex -3.916506e+001 -5.000000e+001 -4.980663e+001
      vertex -2.156920e+001 -5.000000e+001 -6.035235e+001
    endloop
  endfacet
  facet normal  0.000000e+000 -1.000000e+000  0.000000e+000
    outer loop
      vertex -2.156920e+001 -5.000000e+001 -6.035235e+001
      vertex -3.916506e+001 -5.000000e+001 -4.980663e+001
      vertex -3.825000e+001 -5.000000e+001 -5.072169e+001
    endloop
  endfacet
  facet normal -6.755895e-001  0.000000e+000 -7.372780e-001
    outer loop
      vertex -2.156920e+001 -4.000000e+001 -6.035235e+001
      vertex -2.077132e+001 -4.000000e+001 -6.108347e+001
      vertex -2.156920e+001 -5.000000e+001 -6.035235e+001
    endloop
  endfacet
  facet normal -6.755895e-001  0.000000e+000 -7.372780e-001
    outer loop
      vertex -2.156920e+001 -5.000000e+001 -6.035235e+001
      vertex -2.077132e+001 -4.000000e+001 -6.108347e+001
      vertex -2.077132e+001 -5.000000e+001 -6.108347e+001
    endloop
  endfacet
  facet normal -9.238797e-001  0.000000e+000 -3.826830e-001
    outer loop
      vertex -2.077132e+001 -4.000000e+001 -6.108347e+001
      vertex -2.035718e+001 -4.000000e+001 -6.208329e+001
      vertex -2.077132e+001 -5.000000e+001 -6.108347e+001
    endloop
  endfacet
  facet normal -9.238797e-001  0.000000e+000 -3.826830e-001
    outer loop
      vertex -2.077132e+001 -5.000000e+001 -6.108347e+001
      vertex -2.035718e+001 -4.000000e+001 -6.208329e+001
      vertex -2.035718e+001 -5.000000e+001 -6.208329e+001
    endloop
  endfacet
  facet normal  5.000001e-001  0.000000e+000 -8.660253e-001
    outer loop
      vertex  3.825000e+001 -4.000000e+001 -5.072169e+001
      vertex  3.825000e+001 -5.000000e+001 -5.072169e+001
      vertex  2.156920e+001 -4.000000e+001 -6.035235e+001
    endloop
  endfacet
  facet normal  5.000001e-001  0.000000e+000 -8.660253e-001
    outer loop
      vertex  2.156920e+001 -4.000000e+001 -6.035235e+001
      vertex  3.825000e+001 -5.000000e+001 -5.072169e+001
      vertex  2.156920e+001 -5.000000e+001 -6.035235e+001
    endloop
  endfacet
  facet normal  9.848078e-001  0.000000e+000 -1.736482e-001
    outer loop
      vertex  2.035718e+001 -4.000000e+001 -6.208329e+001
      vertex  2.035718e+001 -5.000000e+001 -6.208329e+001
      vertex  7.500000e+000 -4.000000e+001 -1.350000e+002
    endloop
  endfacet
  facet normal  9.848078e-001  0.000000e+000 -1.736482e-001
    outer loop
      vertex  7.500000e+000 -4.000000e+001 -1.350000e+002
      vertex  2.035718e+001 -5.000000e+001 -6.208329e+001
      vertex  7.500000e+000 -5.000000e+001 -1.350000e+002
    endloop
  endfacet
  facet normal  9.238797e-001  0.000000e+000 -3.826830e-001
    outer loop
      vertex  2.035718e+001 -4.000000e+001 -6.208329e+001
      vertex  2.077132e+001 -4.000000e+001 -6.108347e+001
      vertex  2.035718e+001 -5.000000e+001 -6.208329e+001
    endloop
  endfacet
  facet normal  9.238797e-001  0.000000e+000 -3.826830e-001
    outer loop
      vertex  2.035718e+001 -5.000000e+001 -6.208329e+001
      vertex  2.077132e+001 -4.000000e+001 -6.108347e+001
      vertex  2.077132e+001 -5.000000e+001 -6.108347e+001
    endloop
  endfacet
  facet normal  6.755895e-001  0.000000e+000 -7.372780e-001
    outer loop
      vertex  2.077132e+001 -4.000000e+001 -6.108347e+001
      vertex  2.156920e+001 -4.000000e+001 -6.035235e+001
      vertex  2.077132e+001 -5.000000e+001 -6.108347e+001
    endloop
  endfacet
  facet normal  6.755895e-001  0.000000e+000 -7.372780e-001
    outer loop
      vertex  2.077132e+001 -5.000000e+001 -6.108347e+001
      vertex  2.156920e+001 -4.000000e+001 -6.035235e+001
      vertex  2.156920e+001 -5.000000e+001 -6.035235e+001
    endloop
  endfacet
  facet normal  9.659255e-001  0.000000e+000 -2.588201e-001
    outer loop
      vertex  3.950000e+001 -4.000000e+001 -4.855663e+001
      vertex  3.950000e+001 -5.000000e+001 -4.855663e+001
      vertex  3.916506e+001 -4.000000e+001 -4.980663e+001
    endloop
  endfacet
  facet normal  9.659255e-001  0.000000e+000 -2.588201e-001
    outer loop
      vertex  3.916506e+001 -4.000000e+001 -4.980663e+001
      vertex  3.950000e+001 -5.000000e+001 -4.855663e+001
      vertex  3.916506e+001 -5.000000e+001 -4.980663e+001
    endloop
  endfacet
  facet normal  7.071068e-001  0.000000e+000 -7.071068e-001
    outer loop
      vertex  3.916506e+001 -4.000000e+001 -4.980663e+001
      vertex  3.916506e+001 -5.000000e+001 -4.980663e+001
      vertex  3.825000e+001 -4.000000e+001 -5.072169e+001
    endloop
  endfacet
  facet normal  7.071068e-001  0.000000e+000 -7.071068e-001
    outer loop
      vertex  3.825000e+001 -4.000000e+001 -5.072169e+001
      vertex  3.916506e+001 -5.000000e+001 -4.980663e+001
      vertex  3.825000e+001 -5.000000e+001 -5.072169e+001
    endloop
  endfacet
  facet normal -7.071068e-001  0.000000e+000 -7.071068e-001
    outer loop
      vertex -3.825000e+001 -4.000000e+001 -5.072169e+001
      vertex -3.825000e+001 -5.000000e+001 -5.072169e+001
      vertex -3.916506e+001 -4.000000e+001 -4.980663e+001
    endloop
  endfacet
  facet normal -7.071068e-001  -0.000000e+000 -7.071068e-001
    outer loop
      vertex -3.916506e+001 -4.000000e+001 -4.980663e+001
      vertex -3.825000e+001 -5.000000e+001 -5.072169e+001
      vertex -3.916506e+001 -5.000000e+001 -4.980663e+001
    endloop
  endfacet
  facet normal -9.659255e-001  0.000000e+000 -2.588201e-001
    outer loop
      vertex -3.916506e+001 -4.000000e+001 -4.980663e+001
      vertex -3.916506e+001 -5.000000e+001 -4.980663e+001
      vertex -3.950000e+001 -4.000000e+001 -4.855663e+001
    endloop
  endfacet
  facet normal -9.659255e-001  -0.000000e+000 -2.588201e-001
    outer loop
      vertex -3.950000e+001 -4.000000e+001 -4.855663e+001
      vertex -3.916506e+001 -5.000000e+001 -4.980663e+001
      vertex -3.950000e+001 -5.000000e+001 -4.855663e+001
    endloop
  endfacet
  facet normal  1.000000e+000  -0.000000e+000  0.000000e+000
    outer loop
      vertex -3.050000e+001 -5.150000e+001  2.150000e+001
      vertex -3.050000e+001 -5.775000e+001  1.789156e+001
      vertex -3.050000e+001 -5.866506e+001  1.697650e+001
    endloop
  endfacet
  facet normal  1.000000e+000  -0.000000e+000  0.000000e+000
    outer loop
      vertex -3.050000e+001 -5.150000e+001  2.150000e+001
      vertex -3.050000e+001 -5.866506e+001  1.697650e+001
      vertex -3.050000e+001 -5.900000e+001  1.572650e+001
    endloop
  endfacet
  facet normal  1.000000e+000  -0.000000e+000  0.000000e+000
    outer loop
      vertex -3.050000e+001 -5.150000e+001  2.150000e+001
      vertex -3.050000e+001 -5.900000e+001  1.572650e+001
      vertex -3.050000e+001 -5.900000e+001  1.000000e+001
    endloop
  endfacet
  facet normal  1.000000e+000  0.000000e+000  0.000000e+000
    outer loop
      vertex -3.050000e+001 -5.150000e+001  2.150000e+001
      vertex -3.050000e+001 -5.900000e+001  1.000000e+001
      vertex -3.050000e+001 -4.400000e+001  1.000000e+001
    endloop
  endfacet
  facet normal  1.000000e+000  0.000000e+000  -0.000000e+000
    outer loop
      vertex -3.050000e+001 -5.150000e+001  2.150000e+001
      vertex -3.050000e+001 -4.400000e+001  1.000000e+001
      vertex -3.050000e+001 -4.400000e+001  2.150000e+001
    endloop
  endfacet
  facet normal  0.000000e+000 -4.999999e-001  8.660254e-001
    outer loop
      vertex -3.950000e+001 -5.775000e+001  1.789156e+001
      vertex -3.050000e+001 -5.775000e+001  1.789156e+001
      vertex -3.950000e+001 -5.150000e+001  2.150000e+001
    endloop
  endfacet
  facet normal  0.000000e+000 -4.999999e-001  8.660254e-001
    outer loop
      vertex -3.950000e+001 -5.150000e+001  2.150000e+001
      vertex -3.050000e+001 -5.775000e+001  1.789156e+001
      vertex -3.050000e+001 -5.150000e+001  2.150000e+001
    endloop
  endfacet
  facet normal -1.000000e+000  0.000000e+000  0.000000e+000
    outer loop
      vertex  3.050000e+001 -5.775000e+001  1.789156e+001
      vertex  3.050000e+001 -5.150000e+001  2.150000e+001
      vertex  3.050000e+001 -5.866506e+001  1.697650e+001
    endloop
  endfacet
  facet normal -1.000000e+000  0.000000e+000  0.000000e+000
    outer loop
      vertex  3.050000e+001 -5.900000e+001  1.572650e+001
      vertex  3.050000e+001 -5.866506e+001  1.697650e+001
      vertex  3.050000e+001 -5.900000e+001  1.000000e+001
    endloop
  endfacet
  facet normal -1.000000e+000  0.000000e+000  0.000000e+000
    outer loop
      vertex  3.050000e+001 -5.900000e+001  1.000000e+001
      vertex  3.050000e+001 -5.866506e+001  1.697650e+001
      vertex  3.050000e+001 -5.150000e+001  2.150000e+001
    endloop
  endfacet
  facet normal -1.000000e+000  0.000000e+000  -0.000000e+000
    outer loop
      vertex  3.050000e+001 -5.900000e+001  1.000000e+001
      vertex  3.050000e+001 -5.150000e+001  2.150000e+001
      vertex  3.050000e+001 -4.400000e+001  1.000000e+001
    endloop
  endfacet
  facet normal -1.000000e+000  0.000000e+000  0.000000e+000
    outer loop
      vertex  3.050000e+001 -4.400000e+001  1.000000e+001
      vertex  3.050000e+001 -5.150000e+001  2.150000e+001
      vertex  3.050000e+001 -4.400000e+001  2.150000e+001
    endloop
  endfacet
  facet normal  0.000000e+000 -4.999999e-001  8.660254e-001
    outer loop
      vertex  3.050000e+001 -5.775000e+001  1.789156e+001
      vertex  3.950000e+001 -5.775000e+001  1.789156e+001
      vertex  3.050000e+001 -5.150000e+001  2.150000e+001
    endloop
  endfacet
  facet normal  0.000000e+000 -4.999999e-001  8.660254e-001
    outer loop
      vertex  3.050000e+001 -5.150000e+001  2.150000e+001
      vertex  3.950000e+001 -5.775000e+001  1.789156e+001
      vertex  3.950000e+001 -5.150000e+001  2.150000e+001
    endloop
  endfacet
  facet normal  -0.000000e+000  -0.000000e+000  1.000000e+000
    outer loop
      vertex  1.565770e+001  4.728565e+001  7.500000e+000
      vertex  1.665585e+001  4.542672e+001  7.500000e+000
      vertex  2.335644e+001  3.937560e+001  7.500000e+000
    endloop
  endfacet
  facet normal  -0.000000e+000  0.000000e+000  1.000000e+000
    outer loop
      vertex  3.950000e+001  4.400000e+001  7.500000e+000
      vertex  3.233493e+001  2.075226e+001  7.500000e+000
      vertex  3.293353e+001  1.895414e+001  7.500000e+000
    endloop
  endfacet
  facet normal  -0.000000e+000  0.000000e+000  1.000000e+000
    outer loop
      vertex  3.950000e+001  4.400000e+001  7.500000e+000
      vertex  3.077802e+001  2.183282e+001  7.500000e+000
      vertex  3.233493e+001  2.075226e+001  7.500000e+000
    endloop
  endfacet
  facet normal  0.000000e+000  0.000000e+000  1.000000e+000
    outer loop
      vertex  1.926965e+001  3.734095e+001  7.500000e+000
      vertex  1.618322e+001  4.337038e+001  7.500000e+000
      vertex  2.500701e+000  2.272425e+001  7.500000e+000
    endloop
  endfacet
  facet normal  0.000000e+000  0.000000e+000  1.000000e+000
    outer loop
      vertex  1.368251e+001 -4.802764e+001  7.500000e+000
      vertex  2.800000e+001 -5.900000e+001  7.500000e+000
      vertex  1.565770e+001 -4.728565e+001  7.500000e+000
    endloop
  endfacet
  facet normal  0.000000e+000  0.000000e+000  1.000000e+000
    outer loop
      vertex -6.931773e+000  6.327571e+000  7.500000e+000
      vertex -9.247759e+000 -6.797372e+000  7.500000e+000
      vertex -6.931773e+000 -6.327571e+000  7.500000e+000
    endloop
  endfacet
  facet normal  0.000000e+000  0.000000e+000  1.000000e+000
    outer loop
      vertex -3.233493e+001 -2.075226e+001  7.500000e+000
      vertex -2.716190e+001 -3.685366e+001  7.500000e+000
      vertex -2.763170e+001 -3.453768e+001  7.500000e+000
    endloop
  endfacet
  facet normal  0.000000e+000  0.000000e+000  1.000000e+000
    outer loop
      vertex  2.716190e+001 -3.685366e+001  7.500000e+000
      vertex  3.233493e+001 -2.075226e+001  7.500000e+000
      vertex  2.763170e+001 -3.453768e+001  7.500000e+000
    endloop
  endfacet
  facet normal  0.000000e+000  -0.000000e+000  1.000000e+000
    outer loop
      vertex  1.618322e+001 -4.337038e+001  7.500000e+000
      vertex  1.665585e+001 -4.542672e+001  7.500000e+000
      vertex  2.335644e+001 -3.937560e+001  7.500000e+000
    endloop
  endfacet
  facet normal  0.000000e+000  0.000000e+000  1.000000e+000
    outer loop
      vertex  1.618322e+001 -4.337038e+001  7.500000e+000
      vertex  2.335644e+001 -3.937560e+001  7.500000e+000
      vertex  2.104045e+001 -3.890580e+001  7.500000e+000
    endloop
  endfacet
  facet normal  0.000000e+000  0.000000e+000  9.999999e-001
    outer loop
      vertex  1.618322e+001 -4.337038e+001  7.500000e+000
      vertex  2.104045e+001 -3.890580e+001  7.500000e+000
      vertex  1.926965e+001 -3.734095e+001  7.500000e+000
    endloop
  endfacet
  facet normal  0.000000e+000  0.000000e+000  1.000000e+000
    outer loop
      vertex  1.618322e+001 -4.337038e+001  7.500000e+000
      vertex  1.926965e+001 -3.734095e+001  7.500000e+000
      vertex  2.500701e+000 -2.272425e+001  7.500000e+000
    endloop
  endfacet
  facet normal  0.000000e+000  0.000000e+000  1.000000e+000
    outer loop
      vertex -1.618322e+001 -4.337038e+001  7.500000e+000
      vertex -2.500701e+000 -2.272425e+001  7.500000e+000
      vertex -3.407649e+000 -1.340610e+001  7.500000e+000
    endloop
  endfacet
  facet normal  0.000000e+000  0.000000e+000  9.999999e-001
    outer loop
      vertex -1.618322e+001 -4.337038e+001  7.500000e+000
      vertex -3.407649e+000 -1.340610e+001  7.500000e+000
      vertex -1.926965e+001 -3.734095e+001  7.500000e+000
    endloop
  endfacet
  facet normal  0.000000e+000  0.000000e+000  9.999999e-001
    outer loop
      vertex -1.618322e+001 -4.337038e+001  7.500000e+000
      vertex -1.926965e+001 -3.734095e+001  7.500000e+000
      vertex -2.104045e+001 -3.890580e+001  7.500000e+000
    endloop
  endfacet
  facet normal  0.000000e+000  0.000000e+000  1.000000e+000
    outer loop
      vertex -1.618322e+001 -4.337038e+001  7.500000e+000
      vertex -2.104045e+001 -3.890580e+001  7.500000e+000
      vertex -2.335644e+001 -3.937560e+001  7.500000e+000
    endloop
  endfacet
  facet normal  0.000000e+000  0.000000e+000  1.000000e+000
    outer loop
      vertex -1.618322e+001 -4.337038e+001  7.500000e+000
      vertex -2.335644e+001 -3.937560e+001  7.500000e+000
      vertex -1.665585e+001 -4.542672e+001  7.500000e+000
    endloop
  endfacet
  facet normal  0.000000e+000  0.000000e+000  1.000000e+000
    outer loop
      vertex -1.618322e+001  4.337038e+001  7.500000e+000
      vertex -1.665585e+001  4.542672e+001  7.500000e+000
      vertex -2.335644e+001  3.937560e+001  7.500000e+000
    endloop
  endfacet
  facet normal  -0.000000e+000  0.000000e+000  1.000000e+000
    outer loop
      vertex -1.618322e+001  4.337038e+001  7.500000e+000
      vertex -2.335644e+001  3.937560e+001  7.500000e+000
      vertex -2.104045e+001  3.890580e+001  7.500000e+000
    endloop
  endfacet
  facet normal  -0.000000e+000  0.000000e+000  9.999999e-001
    outer loop
      vertex -1.618322e+001  4.337038e+001  7.500000e+000
      vertex -2.104045e+001  3.890580e+001  7.500000e+000
      vertex -1.926965e+001  3.734095e+001  7.500000e+000
    endloop
  endfacet
  facet normal  -0.000000e+000  0.000000e+000  1.000000e+000
    outer loop
      vertex -1.618322e+001  4.337038e+001  7.500000e+000
      vertex -1.926965e+001  3.734095e+001  7.500000e+000
      vertex -3.407649e+000  1.340610e+001  7.500000e+000
    endloop
  endfacet
  facet normal  0.000000e+000  -0.000000e+000  1.000000e+000
    outer loop
      vertex -1.618322e+001  4.337038e+001  7.500000e+000
      vertex -3.407649e+000  1.340610e+001  7.500000e+000
      vertex -2.500701e+000  2.272425e+001  7.500000e+000
    endloop
  endfacet
  facet normal  -0.000000e+000  0.000000e+000  1.000000e+000
    outer loop
      vertex  1.593453e+001 -2.701160e+000  7.500000e+000
      vertex  6.931773e+000 -6.327571e+000  7.500000e+000
      vertex  9.247759e+000 -6.797372e+000  7.500000e+000
    endloop
  endfacet
  facet normal  -0.000000e+000  0.000000e+000  1.000000e+000
    outer loop
      vertex  1.593453e+001 -2.701160e+000  7.500000e+000
      vertex  9.247759e+000 -6.797372e+000  7.500000e+000
      vertex  1.101856e+001 -8.362226e+000  7.500000e+000
    endloop
  endfacet
  facet normal  -0.000000e+000  0.000000e+000  1.000000e+000
    outer loop
      vertex  1.593453e+001 -2.701160e+000  7.500000e+000
      vertex  1.101856e+001 -8.362226e+000  7.500000e+000
      vertex  2.688056e+001 -3.229708e+001  7.500000e+000
    endloop
  endfacet
  facet normal  0.000000e+000  -0.000000e+000  1.000000e+000
    outer loop
      vertex  1.593453e+001 -2.701160e+000  7.500000e+000
      vertex  2.688056e+001 -3.229708e+001  7.500000e+000
      vertex  2.740898e+001 -2.057483e+001  7.500000e+000
    endloop
  endfacet
  facet normal  0.000000e+000  0.000000e+000  1.000000e+000
    outer loop
      vertex  1.593453e+001  2.701160e+000  7.500000e+000
      vertex  2.740898e+001  2.057483e+001  7.500000e+000
      vertex  2.688056e+001  3.229708e+001  7.500000e+000
    endloop
  endfacet
  facet normal  0.000000e+000  0.000000e+000  9.999999e-001
    outer loop
      vertex  1.593453e+001  2.701160e+000  7.500000e+000
      vertex  2.688056e+001  3.229708e+001  7.500000e+000
      vertex  1.101856e+001  8.362226e+000  7.500000e+000
    endloop
  endfacet
  facet normal  0.000000e+000  0.000000e+000  1.000000e+000
    outer loop
      vertex  1.593453e+001  2.701160e+000  7.500000e+000
      vertex  1.101856e+001  8.362226e+000  7.500000e+000
      vertex  9.247759e+000  6.797372e+000  7.500000e+000
    endloop
  endfacet
  facet normal  0.000000e+000  0.000000e+000  1.000000e+000
    outer loop
      vertex  1.593453e+001  2.701160e+000  7.500000e+000
      vertex  9.247759e+000  6.797372e+000  7.500000e+000
      vertex  6.931773e+000  6.327571e+000  7.500000e+000
    endloop
  endfacet
  facet normal  0.000000e+000  0.000000e+000  1.000000e+000
    outer loop
      vertex  3.407649e+000 -1.340610e+001  7.500000e+000
      vertex  2.656515e+000 -1.116549e+001  7.500000e+000
      vertex  9.679030e-001 -2.154194e+001  7.500000e+000
    endloop
  endfacet
  facet normal  -0.000000e+000  0.000000e+000  9.999999e-001
    outer loop
      vertex  3.407649e+000 -1.340610e+001  7.500000e+000
      vertex  9.679030e-001 -2.154194e+001  7.500000e+000
      vertex  2.500701e+000 -2.272425e+001  7.500000e+000
    endloop
  endfacet
  facet normal  -0.000000e+000  0.000000e+000  1.000000e+000
    outer loop
      vertex  3.407649e+000 -1.340610e+001  7.500000e+000
      vertex  2.500701e+000 -2.272425e+001  7.500000e+000
      vertex  1.926965e+001 -3.734095e+001  7.500000e+000
    endloop
  endfacet
  facet normal  0.000000e+000  -0.000000e+000  1.000000e+000
    outer loop
      vertex  2.688056e+001 -3.229708e+001  7.500000e+000
      vertex  2.763170e+001 -3.453768e+001  7.500000e+000
      vertex  3.233493e+001 -2.075226e+001  7.500000e+000
    endloop
  endfacet
  facet normal  0.000000e+000  0.000000e+000  1.000000e+000
    outer loop
      vertex  2.688056e+001 -3.229708e+001  7.500000e+000
      vertex  3.233493e+001 -2.075226e+001  7.500000e+000
      vertex  3.077802e+001 -2.183282e+001  7.500000e+000
    endloop
  endfacet
  facet normal  0.000000e+000  0.000000e+000  1.000000e+000
    outer loop
      vertex  2.688056e+001 -3.229708e+001  7.500000e+000
      vertex  3.077802e+001 -2.183282e+001  7.500000e+000
      vertex  2.888411e+001 -2.176460e+001  7.500000e+000
    endloop
  endfacet
  facet normal  0.000000e+000  0.000000e+000  1.000000e+000
    outer loop
      vertex  2.688056e+001 -3.229708e+001  7.500000e+000
      vertex  2.888411e+001 -2.176460e+001  7.500000e+000
      vertex  2.740898e+001 -2.057483e+001  7.500000e+000
    endloop
  endfacet
  facet normal  0.000000e+000  -0.000000e+000  1.000000e+000
    outer loop
      vertex -1.101856e+001 -8.362226e+000  7.500000e+000
      vertex -9.247759e+000 -6.797372e+000  7.500000e+000
      vertex -6.931773e+000  6.327571e+000  7.500000e+000
    endloop
  endfacet
  facet normal  0.000000e+000  0.000000e+000  1.000000e+000
    outer loop
      vertex -1.101856e+001 -8.362226e+000  7.500000e+000
      vertex -6.931773e+000  6.327571e+000  7.500000e+000
      vertex -9.247759e+000  6.797372e+000  7.500000e+000
    endloop
  endfacet
  facet normal  0.000000e+000  0.000000e+000  9.999999e-001
    outer loop
      vertex -1.101856e+001 -8.362226e+000  7.500000e+000
      vertex -9.247759e+000  6.797372e+000  7.500000e+000
      vertex -1.101856e+001  8.362226e+000  7.500000e+000
    endloop
  endfacet
  facet normal  0.000000e+000  0.000000e+000  1.000000e+000
    outer loop
      vertex -2.688056e+001  3.229708e+001  7.500000e+000
      vertex -3.950000e+001  4.900000e+001  7.500000e+000
      vertex -2.740898e+001  2.057483e+001  7.500000e+000
    endloop
  endfacet
  facet normal  -0.000000e+000  0.000000e+000  1.000000e+000
    outer loop
      vertex -2.688056e+001  3.229708e+001  7.500000e+000
      vertex -2.740898e+001  2.057483e+001  7.500000e+000
      vertex -1.593453e+001  2.701160e+000  7.500000e+000
    endloop
  endfacet
  facet normal  -0.000000e+000  -0.000000e+000  1.000000e+000
    outer loop
      vertex -2.688056e+001  3.229708e+001  7.500000e+000
      vertex -1.593453e+001  2.701160e+000  7.500000e+000
      vertex -1.523232e+001  9.454609e-001  7.500000e+000
    endloop
  endfacet
  facet normal  0.000000e+000  -0.000000e+000  1.000000e+000
    outer loop
      vertex -2.688056e+001  3.229708e+001  7.500000e+000
      vertex -1.523232e+001  9.454609e-001  7.500000e+000
      vertex -1.101856e+001  8.362226e+000  7.500000e+000
    endloop
  endfacet
  facet normal  0.000000e+000  0.000000e+000  1.000000e+000
    outer loop
      vertex -2.800000e+001 -5.900000e+001  7.500000e+000
      vertex  2.800000e+001 -5.900000e+001  7.500000e+000
      vertex  1.368251e+001 -4.802764e+001  7.500000e+000
    endloop
  endfacet
  facet normal  0.000000e+000  0.000000e+000  1.000000e+000
    outer loop
      vertex -2.800000e+001 -5.900000e+001  7.500000e+000
      vertex  1.368251e+001 -4.802764e+001  7.500000e+000
      vertex -1.368251e+001 -4.802764e+001  7.500000e+000
    endloop
  endfacet
  facet normal  0.000000e+000  0.000000e+000  1.000000e+000
    outer loop
      vertex -2.800000e+001 -5.900000e+001  7.500000e+000
      vertex -1.368251e+001 -4.802764e+001  7.500000e+000
      vertex -1.565770e+001 -4.728565e+001  7.500000e+000
    endloop
  endfacet
  facet normal  0.000000e+000  0.000000e+000  1.000000e+000
    outer loop
      vertex -2.800000e+001 -5.900000e+001  7.500000e+000
      vertex -1.565770e+001 -4.728565e+001  7.500000e+000
      vertex -1.665585e+001 -4.542672e+001  7.500000e+000
    endloop
  endfacet
  facet normal  0.000000e+000  0.000000e+000  1.000000e+000
    outer loop
      vertex -2.800000e+001 -5.900000e+001  7.500000e+000
      vertex -1.665585e+001 -4.542672e+001  7.500000e+000
      vertex -2.335644e+001 -3.937560e+001  7.500000e+000
    endloop
  endfacet
  facet normal  0.000000e+000  0.000000e+000  1.000000e+000
    outer loop
      vertex -2.800000e+001 -5.900000e+001  7.500000e+000
      vertex -2.335644e+001 -3.937560e+001  7.500000e+000
      vertex -2.559704e+001 -3.862447e+001  7.500000e+000
    endloop
  endfacet
  facet normal  0.000000e+000  0.000000e+000  1.000000e+000
    outer loop
      vertex -2.800000e+001 -5.900000e+001  7.500000e+000
      vertex -2.559704e+001 -3.862447e+001  7.500000e+000
      vertex -2.800000e+001 -4.400000e+001  7.500000e+000
    endloop
  endfacet
  facet normal  0.000000e+000  -0.000000e+000  1.000000e+000
    outer loop
      vertex -3.950000e+001 -4.400000e+001  7.500000e+000
      vertex -2.800000e+001 -4.400000e+001  7.500000e+000
      vertex -2.559704e+001 -3.862447e+001  7.500000e+000
    endloop
  endfacet
  facet normal  0.000000e+000  0.000000e+000  1.000000e+000
    outer loop
      vertex -3.950000e+001 -4.400000e+001  7.500000e+000
      vertex -2.559704e+001 -3.862447e+001  7.500000e+000
      vertex -2.716190e+001 -3.685366e+001  7.500000e+000
    endloop
  endfacet
  facet normal  0.000000e+000  0.000000e+000  1.000000e+000
    outer loop
      vertex -3.950000e+001 -4.400000e+001  7.500000e+000
      vertex -2.716190e+001 -3.685366e+001  7.500000e+000
      vertex -3.233493e+001 -2.075226e+001  7.500000e+000
    endloop
  endfacet
  facet normal  0.000000e+000  0.000000e+000  1.000000e+000
    outer loop
      vertex -3.950000e+001 -4.400000e+001  7.500000e+000
      vertex -3.233493e+001 -2.075226e+001  7.500000e+000
      vertex -3.293353e+001 -1.895414e+001  7.500000e+000
    endloop
  endfacet
  facet normal  0.000000e+000  -0.000000e+000  1.000000e+000
    outer loop
      vertex -3.950000e+001 -4.400000e+001  7.500000e+000
      vertex -3.293353e+001 -1.895414e+001  7.500000e+000
      vertex -3.293353e+001  1.895414e+001  7.500000e+000
    endloop
  endfacet
  facet normal  0.000000e+000  0.000000e+000  1.000000e+000
    outer loop
      vertex -3.950000e+001 -4.400000e+001  7.500000e+000
      vertex -3.293353e+001  1.895414e+001  7.500000e+000
      vertex -3.950000e+001  4.900000e+001  7.500000e+000
    endloop
  endfacet
  facet normal  0.000000e+000  -0.000000e+000  1.000000e+000
    outer loop
      vertex -3.950000e+001  4.900000e+001  7.500000e+000
      vertex -3.293353e+001  1.895414e+001  7.500000e+000
      vertex -3.233493e+001  2.075226e+001  7.500000e+000
    endloop
  endfacet
  facet normal  0.000000e+000  -0.000000e+000  1.000000e+000
    outer loop
      vertex -3.950000e+001  4.900000e+001  7.500000e+000
      vertex -3.233493e+001  2.075226e+001  7.500000e+000
      vertex -3.077802e+001  2.183282e+001  7.500000e+000
    endloop
  endfacet
  facet normal  -0.000000e+000  -0.000000e+000  1.000000e+000
    outer loop
      vertex -3.950000e+001  4.900000e+001  7.500000e+000
      vertex -3.077802e+001  2.183282e+001  7.500000e+000
      vertex -2.888411e+001  2.176460e+001  7.500000e+000
    endloop
  endfacet
  facet normal  -0.000000e+000  -0.000000e+000  9.999999e-001
    outer loop
      vertex -3.950000e+001  4.900000e+001  7.500000e+000
      vertex -2.888411e+001  2.176460e+001  7.500000e+000
      vertex -2.740898e+001  2.057483e+001  7.500000e+000
    endloop
  endfacet
  facet normal  -0.000000e+000  0.000000e+000  1.000000e+000
    outer loop
      vertex -2.800000e+001  5.900000e+001  7.500000e+000
      vertex -2.800000e+001  4.900000e+001  7.500000e+000
      vertex -2.559704e+001  3.862447e+001  7.500000e+000
    endloop
  endfacet
  facet normal  0.000000e+000  -0.000000e+000  1.000000e+000
    outer loop
      vertex -2.800000e+001  5.900000e+001  7.500000e+000
      vertex -2.559704e+001  3.862447e+001  7.500000e+000
      vertex -2.335644e+001  3.937560e+001  7.500000e+000
    endloop
  endfacet
  facet normal  0.000000e+000  -0.000000e+000  1.000000e+000
    outer loop
      vertex -2.800000e+001  5.900000e+001  7.500000e+000
      vertex -2.335644e+001  3.937560e+001  7.500000e+000
      vertex -1.665585e+001  4.542672e+001  7.500000e+000
    endloop
  endfacet
  facet normal  0.000000e+000  -0.000000e+000  1.000000e+000
    outer loop
      vertex -2.800000e+001  5.900000e+001  7.500000e+000
      vertex -1.665585e+001  4.542672e+001  7.500000e+000
      vertex -1.565770e+001  4.728565e+001  7.500000e+000
    endloop
  endfacet
  facet normal  0.000000e+000  -0.000000e+000  1.000000e+000
    outer loop
      vertex -2.800000e+001  5.900000e+001  7.500000e+000
      vertex -1.565770e+001  4.728565e+001  7.500000e+000
      vertex -1.368251e+001  4.802764e+001  7.500000e+000
    endloop
  endfacet
  facet normal  0.000000e+000  -0.000000e+000  1.000000e+000
    outer loop
      vertex -2.800000e+001  5.900000e+001  7.500000e+000
      vertex -1.368251e+001  4.802764e+001  7.500000e+000
      vertex  1.368251e+001  4.802764e+001  7.500000e+000
    endloop
  endfacet
  facet normal  0.000000e+000  -0.000000e+000  1.000000e+000
    outer loop
      vertex -2.800000e+001  5.900000e+001  7.500000e+000
      vertex  1.368251e+001  4.802764e+001  7.500000e+000
      vertex  2.800000e+001  5.900000e+001  7.500000e+000
    endloop
  endfacet
  facet normal  0.000000e+000  0.000000e+000  1.000000e+000
    outer loop
      vertex  2.800000e+001  4.400000e+001  7.500000e+000
      vertex  2.800000e+001  5.900000e+001  7.500000e+000
      vertex  1.368251e+001  4.802764e+001  7.500000e+000
    endloop
  endfacet
  facet normal  0.000000e+000  0.000000e+000  1.000000e+000
    outer loop
      vertex  2.800000e+001  4.400000e+001  7.500000e+000
      vertex  1.368251e+001  4.802764e+001  7.500000e+000
      vertex  1.565770e+001  4.728565e+001  7.500000e+000
    endloop
  endfacet
  facet normal  0.000000e+000  0.000000e+000  1.000000e+000
    outer loop
      vertex  2.800000e+001  4.400000e+001  7.500000e+000
      vertex  1.565770e+001  4.728565e+001  7.500000e+000
      vertex  2.335644e+001  3.937560e+001  7.500000e+000
    endloop
  endfacet
  facet normal  -0.000000e+000  0.000000e+000  1.000000e+000
    outer loop
      vertex  2.800000e+001  4.400000e+001  7.500000e+000
      vertex  2.335644e+001  3.937560e+001  7.500000e+000
      vertex  2.559704e+001  3.862447e+001  7.500000e+000
    endloop
  endfacet
  facet normal  0.000000e+000  0.000000e+000  9.999999e-001
    outer loop
      vertex  2.800000e+001  4.400000e+001  7.500000e+000
      vertex  2.559704e+001  3.862447e+001  7.500000e+000
      vertex  3.950000e+001  4.400000e+001  7.500000e+000
    endloop
  endfacet
  facet normal  0.000000e+000  0.000000e+000  1.000000e+000
    outer loop
      vertex  3.950000e+001 -4.400000e+001  7.500000e+000
      vertex  3.950000e+001  4.400000e+001  7.500000e+000
      vertex  3.293353e+001  1.895414e+001  7.500000e+000
    endloop
  endfacet
  facet normal  0.000000e+000  0.000000e+000  1.000000e+000
    outer loop
      vertex  3.950000e+001 -4.400000e+001  7.500000e+000
      vertex  3.293353e+001  1.895414e+001  7.500000e+000
      vertex  3.293353e+001 -1.895414e+001  7.500000e+000
    endloop
  endfacet
  facet normal  0.000000e+000  0.000000e+000  1.000000e+000
    outer loop
      vertex  3.950000e+001 -4.400000e+001  7.500000e+000
      vertex  3.293353e+001 -1.895414e+001  7.500000e+000
      vertex  3.233493e+001 -2.075226e+001  7.500000e+000
    endloop
  endfacet
  facet normal  0.000000e+000  0.000000e+000  1.000000e+000
    outer loop
      vertex  3.950000e+001 -4.400000e+001  7.500000e+000
      vertex  3.233493e+001 -2.075226e+001  7.500000e+000
      vertex  2.716190e+001 -3.685366e+001  7.500000e+000
    endloop
  endfacet
  facet normal  0.000000e+000  0.000000e+000  1.000000e+000
    outer loop
      vertex  3.950000e+001 -4.400000e+001  7.500000e+000
      vertex  2.716190e+001 -3.685366e+001  7.500000e+000
      vertex  2.559704e+001 -3.862447e+001  7.500000e+000
    endloop
  endfacet
  facet normal  0.000000e+000  0.000000e+000  9.999999e-001
    outer loop
      vertex  3.950000e+001 -4.400000e+001  7.500000e+000
      vertex  2.559704e+001 -3.862447e+001  7.500000e+000
      vertex  2.800000e+001 -4.400000e+001  7.500000e+000
    endloop
  endfacet
  facet normal  0.000000e+000  -0.000000e+000  1.000000e+000
    outer loop
      vertex  2.688056e+001  3.229708e+001  7.500000e+000
      vertex  2.740898e+001  2.057483e+001  7.500000e+000
      vertex  2.888411e+001  2.176460e+001  7.500000e+000
    endloop
  endfacet
  facet normal  0.000000e+000  -0.000000e+000  1.000000e+000
    outer loop
      vertex  2.688056e+001  3.229708e+001  7.500000e+000
      vertex  2.888411e+001  2.176460e+001  7.500000e+000
      vertex  3.077802e+001  2.183282e+001  7.500000e+000
    endloop
  endfacet
  facet normal  0.000000e+000  -0.000000e+000  1.000000e+000
    outer loop
      vertex  2.688056e+001  3.229708e+001  7.500000e+000
      vertex  3.077802e+001  2.183282e+001  7.500000e+000
      vertex  3.950000e+001  4.400000e+001  7.500000e+000
    endloop
  endfacet
  facet normal  0.000000e+000  0.000000e+000  1.000000e+000
    outer loop
      vertex -2.688056e+001 -3.229708e+001  7.500000e+000
      vertex -1.593453e+001 -2.701160e+000  7.500000e+000
      vertex -2.740898e+001 -2.057483e+001  7.500000e+000
    endloop
  endfacet
  facet normal  0.000000e+000  0.000000e+000  1.000000e+000
    outer loop
      vertex -2.688056e+001 -3.229708e+001  7.500000e+000
      vertex -2.740898e+001 -2.057483e+001  7.500000e+000
      vertex -2.888411e+001 -2.176460e+001  7.500000e+000
    endloop
  endfacet
  facet normal  0.000000e+000  0.000000e+000  1.000000e+000
    outer loop
      vertex -2.688056e+001 -3.229708e+001  7.500000e+000
      vertex -2.888411e+001 -2.176460e+001  7.500000e+000
      vertex -3.077802e+001 -2.183282e+001  7.500000e+000
    endloop
  endfacet
  facet normal  0.000000e+000  0.000000e+000  1.000000e+000
    outer loop
      vertex -2.688056e+001 -3.229708e+001  7.500000e+000
      vertex -3.077802e+001 -2.183282e+001  7.500000e+000
      vertex -3.233493e+001 -2.075226e+001  7.500000e+000
    endloop
  endfacet
  facet normal  0.000000e+000  0.000000e+000  1.000000e+000
    outer loop
      vertex -2.688056e+001 -3.229708e+001  7.500000e+000
      vertex -3.233493e+001 -2.075226e+001  7.500000e+000
      vertex -2.763170e+001 -3.453768e+001  7.500000e+000
    endloop
  endfacet
  facet normal  0.000000e+000  0.000000e+000  1.000000e+000
    outer loop
      vertex -3.950000e+001  4.900000e+001  7.500000e+000
      vertex -2.688056e+001  3.229708e+001  7.500000e+000
      vertex -2.763170e+001  3.453768e+001  7.500000e+000
    endloop
  endfacet
  facet normal  0.000000e+000  -0.000000e+000  1.000000e+000
    outer loop
      vertex -3.950000e+001  4.900000e+001  7.500000e+000
      vertex -2.763170e+001  3.453768e+001  7.500000e+000
      vertex -2.716190e+001  3.685366e+001  7.500000e+000
    endloop
  endfacet
  facet normal  0.000000e+000  -0.000000e+000  1.000000e+000
    outer loop
      vertex -3.950000e+001  4.900000e+001  7.500000e+000
      vertex -2.716190e+001  3.685366e+001  7.500000e+000
      vertex -2.559704e+001  3.862447e+001  7.500000e+000
    endloop
  endfacet
  facet normal  0.000000e+000  0.000000e+000  9.999999e-001
    outer loop
      vertex -3.950000e+001  4.900000e+001  7.500000e+000
      vertex -2.559704e+001  3.862447e+001  7.500000e+000
      vertex -2.800000e+001  4.900000e+001  7.500000e+000
    endloop
  endfacet
  facet normal  0.000000e+000  0.000000e+000  1.000000e+000
    outer loop
      vertex  3.407649e+000  1.340610e+001  7.500000e+000
      vertex  1.926965e+001  3.734095e+001  7.500000e+000
      vertex  2.500701e+000  2.272425e+001  7.500000e+000
    endloop
  endfacet
  facet normal  0.000000e+000  0.000000e+000  9.999999e-001
    outer loop
      vertex  3.407649e+000  1.340610e+001  7.500000e+000
      vertex  2.500701e+000  2.272425e+001  7.500000e+000
      vertex  9.679030e-001  2.154194e+001  7.500000e+000
    endloop
  endfacet
  facet normal  0.000000e+000  0.000000e+000  1.000000e+000
    outer loop
      vertex  3.407649e+000  1.340610e+001  7.500000e+000
      vertex  9.679030e-001  2.154194e+001  7.500000e+000
      vertex  2.656515e+000  1.116549e+001  7.500000e+000
    endloop
  endfacet
  facet normal  0.000000e+000  0.000000e+000  1.000000e+000
    outer loop
      vertex  4.691169e+000  7.078705e+000  7.500000e+000
      vertex  3.126317e+000  8.849507e+000  7.500000e+000
      vertex  4.691169e+000 -7.078705e+000  7.500000e+000
    endloop
  endfacet
  facet normal  0.000000e+000  0.000000e+000  1.000000e+000
    outer loop
      vertex  4.691169e+000  7.078705e+000  7.500000e+000
      vertex  4.691169e+000 -7.078705e+000  7.500000e+000
      vertex  6.931773e+000 -6.327571e+000  7.500000e+000
    endloop
  endfacet
  facet normal  0.000000e+000  -0.000000e+000  1.000000e+000
    outer loop
      vertex  4.691169e+000  7.078705e+000  7.500000e+000
      vertex  6.931773e+000 -6.327571e+000  7.500000e+000
      vertex  1.593453e+001 -2.701160e+000  7.500000e+000
    endloop
  endfacet
  facet normal  0.000000e+000  0.000000e+000  9.999999e-001
    outer loop
      vertex  4.691169e+000  7.078705e+000  7.500000e+000
      vertex  1.593453e+001 -2.701160e+000  7.500000e+000
      vertex  1.523232e+001 -9.454609e-001  7.500000e+000
    endloop
  endfacet
  facet normal  0.000000e+000  -0.000000e+000  1.000000e+000
    outer loop
      vertex  4.691169e+000  7.078705e+000  7.500000e+000
      vertex  1.523232e+001 -9.454609e-001  7.500000e+000
      vertex  1.523232e+001  9.454609e-001  7.500000e+000
    endloop
  endfacet
  facet normal  0.000000e+000  -0.000000e+000  1.000000e+000
    outer loop
      vertex  4.691169e+000  7.078705e+000  7.500000e+000
      vertex  1.523232e+001  9.454609e-001  7.500000e+000
      vertex  1.593453e+001  2.701160e+000  7.500000e+000
    endloop
  endfacet
  facet normal  0.000000e+000  0.000000e+000  1.000000e+000
    outer loop
      vertex  4.691169e+000  7.078705e+000  7.500000e+000
      vertex  1.593453e+001  2.701160e+000  7.500000e+000
      vertex  6.931773e+000  6.327571e+000  7.500000e+000
    endloop
  endfacet
  facet normal  -0.000000e+000  0.000000e+000  1.000000e+000
    outer loop
      vertex  3.950000e+001  4.400000e+001  7.500000e+000
      vertex  2.559704e+001  3.862447e+001  7.500000e+000
      vertex  2.716190e+001  3.685366e+001  7.500000e+000
    endloop
  endfacet
  facet normal  -0.000000e+000  0.000000e+000  1.000000e+000
    outer loop
      vertex  3.950000e+001  4.400000e+001  7.500000e+000
      vertex  2.716190e+001  3.685366e+001  7.500000e+000
      vertex  2.763170e+001  3.453768e+001  7.500000e+000
    endloop
  endfacet
  facet normal  -0.000000e+000  0.000000e+000  1.000000e+000
    outer loop
      vertex  3.950000e+001  4.400000e+001  7.500000e+000
      vertex  2.763170e+001  3.453768e+001  7.500000e+000
      vertex  2.688056e+001  3.229708e+001  7.500000e+000
    endloop
  endfacet
  facet normal  0.000000e+000  0.000000e+000  1.000000e+000
    outer loop
      vertex -2.500701e+000  2.272425e+001  7.500000e+000
      vertex -3.407649e+000  1.340610e+001  7.500000e+000
      vertex -9.679030e-001  2.154194e+001  7.500000e+000
    endloop
  endfacet
  facet normal  0.000000e+000  0.000000e+000  1.000000e+000
    outer loop
      vertex -9.679030e-001  2.154194e+001  7.500000e+000
      vertex -3.407649e+000  1.340610e+001  7.500000e+000
      vertex -2.656515e+000  1.116549e+001  7.500000e+000
    endloop
  endfacet
  facet normal  -0.000000e+000  0.000000e+000  1.000000e+000
    outer loop
      vertex -9.679030e-001  2.154194e+001  7.500000e+000
      vertex -2.656515e+000  1.116549e+001  7.500000e+000
      vertex -2.656515e+000 -1.116549e+001  7.500000e+000
    endloop
  endfacet
  facet normal  0.000000e+000  0.000000e+000  1.000000e+000
    outer loop
      vertex -3.407649e+000 -1.340610e+001  7.500000e+000
      vertex -2.500701e+000 -2.272425e+001  7.500000e+000
      vertex -2.656515e+000 -1.116549e+001  7.500000e+000
    endloop
  endfacet
  facet normal  0.000000e+000  0.000000e+000  1.000000e+000
    outer loop
      vertex -2.656515e+000 -1.116549e+001  7.500000e+000
      vertex -2.500701e+000 -2.272425e+001  7.500000e+000
      vertex -9.679030e-001 -2.154194e+001  7.500000e+000
    endloop
  endfacet
  facet normal  0.000000e+000  -0.000000e+000  9.999999e-001
    outer loop
      vertex -2.656515e+000 -1.116549e+001  7.500000e+000
      vertex -9.679030e-001 -2.154194e+001  7.500000e+000
      vertex -9.679030e-001  2.154194e+001  7.500000e+000
    endloop
  endfacet
  facet normal  0.000000e+000  0.000000e+000  1.000000e+000
    outer loop
      vertex  2.335644e+001  3.937560e+001  7.500000e+000
      vertex  1.665585e+001  4.542672e+001  7.500000e+000
      vertex  2.104045e+001  3.890580e+001  7.500000e+000
    endloop
  endfacet
  facet normal  0.000000e+000  0.000000e+000  1.000000e+000
    outer loop
      vertex  2.104045e+001  3.890580e+001  7.500000e+000
      vertex  1.665585e+001  4.542672e+001  7.500000e+000
      vertex  1.618322e+001  4.337038e+001  7.500000e+000
    endloop
  endfacet
  facet normal  0.000000e+000  0.000000e+000  9.999999e-001
    outer loop
      vertex  2.104045e+001  3.890580e+001  7.500000e+000
      vertex  1.618322e+001  4.337038e+001  7.500000e+000
      vertex  1.926965e+001  3.734095e+001  7.500000e+000
    endloop
  endfacet
  facet normal  0.000000e+000  0.000000e+000  1.000000e+000
    outer loop
      vertex -9.679030e-001  2.154194e+001  7.500000e+000
      vertex -9.679030e-001 -2.154194e+001  7.500000e+000
      vertex  9.679030e-001  2.154194e+001  7.500000e+000
    endloop
  endfacet
  facet normal  0.000000e+000  0.000000e+000  1.000000e+000
    outer loop
      vertex  9.679030e-001  2.154194e+001  7.500000e+000
      vertex -9.679030e-001 -2.154194e+001  7.500000e+000
      vertex  9.679030e-001 -2.154194e+001  7.500000e+000
    endloop
  endfacet
  facet normal  0.000000e+000  0.000000e+000  9.999999e-001
    outer loop
      vertex  9.679030e-001  2.154194e+001  7.500000e+000
      vertex  9.679030e-001 -2.154194e+001  7.500000e+000
      vertex  2.656515e+000  1.116549e+001  7.500000e+000
    endloop
  endfacet
  facet normal  0.000000e+000  0.000000e+000  1.000000e+000
    outer loop
      vertex  2.656515e+000  1.116549e+001  7.500000e+000
      vertex  9.679030e-001 -2.154194e+001  7.500000e+000
      vertex  2.656515e+000 -1.116549e+001  7.500000e+000
    endloop
  endfacet
  facet normal  0.000000e+000  0.000000e+000  1.000000e+000
    outer loop
      vertex  2.656515e+000  1.116549e+001  7.500000e+000
      vertex  2.656515e+000 -1.116549e+001  7.500000e+000
      vertex  3.126317e+000  8.849507e+000  7.500000e+000
    endloop
  endfacet
  facet normal  0.000000e+000  0.000000e+000  1.000000e+000
    outer loop
      vertex  3.126317e+000  8.849507e+000  7.500000e+000
      vertex  2.656515e+000 -1.116549e+001  7.500000e+000
      vertex  3.126317e+000 -8.849507e+000  7.500000e+000
    endloop
  endfacet
  facet normal  0.000000e+000  0.000000e+000  1.000000e+000
    outer loop
      vertex  3.126317e+000  8.849507e+000  7.500000e+000
      vertex  3.126317e+000 -8.849507e+000  7.500000e+000
      vertex  4.691169e+000 -7.078705e+000  7.500000e+000
    endloop
  endfacet
  facet normal  0.000000e+000  0.000000e+000  1.000000e+000
    outer loop
      vertex -2.656515e+000 -1.116549e+001  7.500000e+000
      vertex -2.656515e+000  1.116549e+001  7.500000e+000
      vertex -3.126317e+000 -8.849507e+000  7.500000e+000
    endloop
  endfacet
  facet normal  0.000000e+000  0.000000e+000  1.000000e+000
    outer loop
      vertex -3.126317e+000 -8.849507e+000  7.500000e+000
      vertex -2.656515e+000  1.116549e+001  7.500000e+000
      vertex -3.126317e+000  8.849507e+000  7.500000e+000
    endloop
  endfacet
  facet normal  0.000000e+000  0.000000e+000  1.000000e+000
    outer loop
      vertex -3.126317e+000 -8.849507e+000  7.500000e+000
      vertex -3.126317e+000  8.849507e+000  7.500000e+000
      vertex -4.691169e+000 -7.078705e+000  7.500000e+000
    endloop
  endfacet
  facet normal  0.000000e+000  0.000000e+000  1.000000e+000
    outer loop
      vertex  2.800000e+001 -5.900000e+001  7.500000e+000
      vertex  2.800000e+001 -4.400000e+001  7.500000e+000
      vertex  1.565770e+001 -4.728565e+001  7.500000e+000
    endloop
  endfacet
  facet normal  0.000000e+000  0.000000e+000  1.000000e+000
    outer loop
      vertex  1.565770e+001 -4.728565e+001  7.500000e+000
      vertex  2.800000e+001 -4.400000e+001  7.500000e+000
      vertex  2.559704e+001 -3.862447e+001  7.500000e+000
    endloop
  endfacet
  facet normal  0.000000e+000  0.000000e+000  1.000000e+000
    outer loop
      vertex  1.565770e+001 -4.728565e+001  7.500000e+000
      vertex  2.559704e+001 -3.862447e+001  7.500000e+000
      vertex  1.665585e+001 -4.542672e+001  7.500000e+000
    endloop
  endfacet
  facet normal  0.000000e+000  0.000000e+000  1.000000e+000
    outer loop
      vertex  1.665585e+001 -4.542672e+001  7.500000e+000
      vertex  2.559704e+001 -3.862447e+001  7.500000e+000
      vertex  2.335644e+001 -3.937560e+001  7.500000e+000
    endloop
  endfacet
  facet normal  -0.000000e+000  0.000000e+000  1.000000e+000
    outer loop
      vertex -1.101856e+001  8.362226e+000  7.500000e+000
      vertex -1.523232e+001  9.454609e-001  7.500000e+000
      vertex -1.101856e+001 -8.362226e+000  7.500000e+000
    endloop
  endfacet
  facet normal  0.000000e+000  0.000000e+000  1.000000e+000
    outer loop
      vertex -1.101856e+001 -8.362226e+000  7.500000e+000
      vertex -1.523232e+001  9.454609e-001  7.500000e+000
      vertex -1.523232e+001 -9.454609e-001  7.500000e+000
    endloop
  endfacet
  facet normal  0.000000e+000  0.000000e+000  1.000000e+000
    outer loop
      vertex -1.101856e+001 -8.362226e+000  7.500000e+000
      vertex -1.523232e+001 -9.454609e-001  7.500000e+000
      vertex -2.688056e+001 -3.229708e+001  7.500000e+000
    endloop
  endfacet
  facet normal  0.000000e+000  0.000000e+000  1.000000e+000
    outer loop
      vertex -2.688056e+001 -3.229708e+001  7.500000e+000
      vertex -1.523232e+001 -9.454609e-001  7.500000e+000
      vertex -1.593453e+001 -2.701160e+000  7.500000e+000
    endloop
  endfacet
  facet normal  0.000000e+000  0.000000e+000  1.000000e+000
    outer loop
      vertex -4.691169e+000 -7.078705e+000  7.500000e+000
      vertex -3.126317e+000  8.849507e+000  7.500000e+000
      vertex -6.931773e+000 -6.327571e+000  7.500000e+000
    endloop
  endfacet
  facet normal  0.000000e+000  0.000000e+000  1.000000e+000
    outer loop
      vertex -6.931773e+000 -6.327571e+000  7.500000e+000
      vertex -3.126317e+000  8.849507e+000  7.500000e+000
      vertex -4.691169e+000  7.078705e+000  7.500000e+000
    endloop
  endfacet
  facet normal  0.000000e+000  0.000000e+000  1.000000e+000
    outer loop
      vertex -6.931773e+000 -6.327571e+000  7.500000e+000
      vertex -4.691169e+000  7.078705e+000  7.500000e+000
      vertex -6.931773e+000  6.327571e+000  7.500000e+000
    endloop
  endfacet
  facet normal -5.701732e-001  8.215244e-001  0.000000e+000
    outer loop
      vertex  3.077802e+001 -2.183282e+001  0.000000e+000
      vertex  3.233493e+001 -2.075226e+001  7.500000e+000
      vertex  3.233493e+001 -2.075226e+001  0.000000e+000
    endloop
  endfacet
  facet normal -9.488066e-001  3.158573e-001  0.000000e+000
    outer loop
      vertex  3.233493e+001 -2.075226e+001  0.000000e+000
      vertex  3.233493e+001 -2.075226e+001  7.500000e+000
      vertex  3.293353e+001 -1.895414e+001  7.500000e+000
    endloop
  endfacet
  facet normal -9.488066e-001  3.158573e-001  0.000000e+000
    outer loop
      vertex  3.233493e+001 -2.075226e+001  0.000000e+000
      vertex  3.293353e+001 -1.895414e+001  7.500000e+000
      vertex  3.293353e+001 -1.895414e+001  0.000000e+000
    endloop
  endfacet
  facet normal -5.701732e-001  8.215244e-001  0.000000e+000
    outer loop
      vertex  3.233493e+001 -2.075226e+001  7.500000e+000
      vertex  3.077802e+001 -2.183282e+001  0.000000e+000
      vertex  3.077802e+001 -2.183282e+001  7.500000e+000
    endloop
  endfacet
  facet normal  3.599634e-002  9.993519e-001  0.000000e+000
    outer loop
      vertex  3.077802e+001 -2.183282e+001  7.500000e+000
      vertex  3.077802e+001 -2.183282e+001  0.000000e+000
      vertex  2.888411e+001 -2.176460e+001  0.000000e+000
    endloop
  endfacet
  facet normal  3.599634e-002  9.993519e-001  -0.000000e+000
    outer loop
      vertex  3.077802e+001 -2.183282e+001  7.500000e+000
      vertex  2.888411e+001 -2.176460e+001  0.000000e+000
      vertex  2.888411e+001 -2.176460e+001  7.500000e+000
    endloop
  endfacet
  facet normal  6.278000e-001  7.783747e-001  0.000000e+000
    outer loop
      vertex  2.888411e+001 -2.176460e+001  7.500000e+000
      vertex  2.888411e+001 -2.176460e+001  0.000000e+000
      vertex  2.740898e+001 -2.057483e+001  0.000000e+000
    endloop
  endfacet
  facet normal  6.278000e-001  7.783747e-001  -0.000000e+000
    outer loop
      vertex  2.888411e+001 -2.176460e+001  7.500000e+000
      vertex  2.740898e+001 -2.057483e+001  0.000000e+000
      vertex  2.740898e+001 -2.057483e+001  7.500000e+000
    endloop
  endfacet
  facet normal -9.238795e-001  0.000000e+000  3.826834e-001
    outer loop
      vertex  3.050000e+001 -4.400000e+001  1.000000e+001
      vertex  2.976777e+001 -4.400000e+001  8.232233e+000
      vertex  3.050000e+001 -5.900000e+001  1.000000e+001
    endloop
  endfacet
  facet normal -9.238795e-001  0.000000e+000  3.826834e-001
    outer loop
      vertex  3.050000e+001 -5.900000e+001  1.000000e+001
      vertex  2.976777e+001 -4.400000e+001  8.232233e+000
      vertex  2.976777e+001 -5.900000e+001  8.232233e+000
    endloop
  endfacet
  facet normal -3.826834e-001  0.000000e+000  9.238795e-001
    outer loop
      vertex  2.976777e+001 -4.400000e+001  8.232233e+000
      vertex  2.800000e+001 -4.400000e+001  7.500000e+000
      vertex  2.976777e+001 -5.900000e+001  8.232233e+000
    endloop
  endfacet
  facet normal -3.826834e-001  0.000000e+000  9.238795e-001
    outer loop
      vertex  2.976777e+001 -5.900000e+001  8.232233e+000
      vertex  2.800000e+001 -4.400000e+001  7.500000e+000
      vertex  2.800000e+001 -5.900000e+001  7.500000e+000
    endloop
  endfacet
  facet normal -3.599634e-002  9.993519e-001  0.000000e+000
    outer loop
      vertex -3.077802e+001 -2.183282e+001  0.000000e+000
      vertex -2.888411e+001 -2.176460e+001  7.500000e+000
      vertex -2.888411e+001 -2.176460e+001  0.000000e+000
    endloop
  endfacet
  facet normal -6.278000e-001  7.783747e-001  0.000000e+000
    outer loop
      vertex -2.888411e+001 -2.176460e+001  0.000000e+000
      vertex -2.888411e+001 -2.176460e+001  7.500000e+000
      vertex -2.740898e+001 -2.057483e+001  7.500000e+000
    endloop
  endfacet
  facet normal -6.278000e-001  7.783747e-001  0.000000e+000
    outer loop
      vertex -2.888411e+001 -2.176460e+001  0.000000e+000
      vertex -2.740898e+001 -2.057483e+001  7.500000e+000
      vertex -2.740898e+001 -2.057483e+001  0.000000e+000
    endloop
  endfacet
  facet normal -3.599634e-002  9.993519e-001  0.000000e+000
    outer loop
      vertex -2.888411e+001 -2.176460e+001  7.500000e+000
      vertex -3.077802e+001 -2.183282e+001  0.000000e+000
      vertex -3.077802e+001 -2.183282e+001  7.500000e+000
    endloop
  endfacet
  facet normal  5.701732e-001  8.215244e-001  0.000000e+000
    outer loop
      vertex -3.077802e+001 -2.183282e+001  7.500000e+000
      vertex -3.077802e+001 -2.183282e+001  0.000000e+000
      vertex -3.233493e+001 -2.075226e+001  0.000000e+000
    endloop
  endfacet
  facet normal  5.701732e-001  8.215244e-001  -0.000000e+000
    outer loop
      vertex -3.077802e+001 -2.183282e+001  7.500000e+000
      vertex -3.233493e+001 -2.075226e+001  0.000000e+000
      vertex -3.233493e+001 -2.075226e+001  7.500000e+000
    endloop
  endfacet
  facet normal  9.488066e-001  3.158573e-001  0.000000e+000
    outer loop
      vertex -3.233493e+001 -2.075226e+001  7.500000e+000
      vertex -3.233493e+001 -2.075226e+001  0.000000e+000
      vertex -3.293353e+001 -1.895414e+001  0.000000e+000
    endloop
  endfacet
  facet normal  9.488066e-001  3.158573e-001  -0.000000e+000
    outer loop
      vertex -3.233493e+001 -2.075226e+001  7.500000e+000
      vertex -3.293353e+001 -1.895414e+001  0.000000e+000
      vertex -3.293353e+001 -1.895414e+001  7.500000e+000
    endloop
  endfacet
  facet normal  3.826834e-001  0.000000e+000  9.238795e-001
    outer loop
      vertex -2.800000e+001 -4.400000e+001  7.500000e+000
      vertex -2.976777e+001 -4.400000e+001  8.232233e+000
      vertex -2.800000e+001 -5.900000e+001  7.500000e+000
    endloop
  endfacet
  facet normal  3.826834e-001  0.000000e+000  9.238795e-001
    outer loop
      vertex -2.800000e+001 -5.900000e+001  7.500000e+000
      vertex -2.976777e+001 -4.400000e+001  8.232233e+000
      vertex -2.976777e+001 -5.900000e+001  8.232233e+000
    endloop
  endfacet
  facet normal  9.238795e-001  0.000000e+000  3.826834e-001
    outer loop
      vertex -2.976777e+001 -4.400000e+001  8.232233e+000
      vertex -3.050000e+001 -4.400000e+001  1.000000e+001
      vertex -2.976777e+001 -5.900000e+001  8.232233e+000
    endloop
  endfacet
  facet normal  9.238795e-001  0.000000e+000  3.826834e-001
    outer loop
      vertex -2.976777e+001 -5.900000e+001  8.232233e+000
      vertex -3.050000e+001 -4.400000e+001  1.000000e+001
      vertex -3.050000e+001 -5.900000e+001  1.000000e+001
    endloop
  endfacet
  facet normal -1.000000e+000  0.000000e+000  0.000000e+000
    outer loop
      vertex  3.050000e+001  5.900000e+001  1.000000e+001
      vertex  3.050000e+001  4.400000e+001  1.000000e+001
      vertex  3.050000e+001  4.400000e+001  2.150000e+001
    endloop
  endfacet
  facet normal -1.000000e+000  0.000000e+000  0.000000e+000
    outer loop
      vertex  3.050000e+001  5.900000e+001  1.000000e+001
      vertex  3.050000e+001  4.400000e+001  2.150000e+001
      vertex  3.050000e+001  5.083013e+001  2.150000e+001
    endloop
  endfacet
  facet normal -1.000000e+000  0.000000e+000  0.000000e+000
    outer loop
      vertex  3.050000e+001  5.900000e+001  1.000000e+001
      vertex  3.050000e+001  5.083013e+001  2.150000e+001
      vertex  3.050000e+001  5.208013e+001  2.116506e+001
    endloop
  endfacet
  facet normal -1.000000e+000  0.000000e+000  0.000000e+000
    outer loop
      vertex  3.050000e+001  5.900000e+001  1.000000e+001
      vertex  3.050000e+001  5.208013e+001  2.116506e+001
      vertex  3.050000e+001  5.775000e+001  1.789156e+001
    endloop
  endfacet
  facet normal -9.999999e-001  0.000000e+000  0.000000e+000
    outer loop
      vertex  3.050000e+001  5.900000e+001  1.000000e+001
      vertex  3.050000e+001  5.775000e+001  1.789156e+001
      vertex  3.050000e+001  5.866506e+001  1.697650e+001
    endloop
  endfacet
  facet normal -1.000000e+000  0.000000e+000  0.000000e+000
    outer loop
      vertex  3.050000e+001  5.900000e+001  1.000000e+001
      vertex  3.050000e+001  5.866506e+001  1.697650e+001
      vertex  3.050000e+001  5.900000e+001  1.572650e+001
    endloop
  endfacet
  facet normal  0.000000e+000 -9.999999e-001  0.000000e+000
    outer loop
      vertex  3.050000e+001  4.400000e+001  2.150000e+001
      vertex  3.050000e+001  4.400000e+001  1.000000e+001
      vertex  3.315000e+001  4.400000e+001  1.250000e+001
    endloop
  endfacet
  facet normal  0.000000e+000 -1.000000e+000  0.000000e+000
    outer loop
      vertex  3.050000e+001  4.400000e+001  2.150000e+001
      vertex  3.315000e+001  4.400000e+001  1.250000e+001
      vertex  3.369185e+001  4.400000e+001  1.380815e+001
    endloop
  endfacet
  facet normal  0.000000e+000 -1.000000e+000  0.000000e+000
    outer loop
      vertex  3.050000e+001  4.400000e+001  2.150000e+001
      vertex  3.369185e+001  4.400000e+001  1.380815e+001
      vertex  3.500000e+001  4.400000e+001  1.435000e+001
    endloop
  endfacet
  facet normal  0.000000e+000 -1.000000e+000  0.000000e+000
    outer loop
      vertex  3.050000e+001  4.400000e+001  2.150000e+001
      vertex  3.500000e+001  4.400000e+001  1.435000e+001
      vertex  3.630815e+001  4.400000e+001  1.380815e+001
    endloop
  endfacet
  facet normal  0.000000e+000 -1.000000e+000  0.000000e+000
    outer loop
      vertex  3.050000e+001  4.400000e+001  2.150000e+001
      vertex  3.630815e+001  4.400000e+001  1.380815e+001
      vertex  3.950000e+001  4.400000e+001  2.150000e+001
    endloop
  endfacet
  facet normal  0.000000e+000 -1.000000e+000  0.000000e+000
    outer loop
      vertex  2.976777e+001  4.400000e+001  8.232233e+000
      vertex  3.630815e+001  4.400000e+001  1.119185e+001
      vertex  3.500000e+001  4.400000e+001  1.065000e+001
    endloop
  endfacet
  facet normal  -0.000000e+000 -1.000000e+000  0.000000e+000
    outer loop
      vertex  2.976777e+001  4.400000e+001  8.232233e+000
      vertex  3.500000e+001  4.400000e+001  1.065000e+001
      vertex  3.369185e+001  4.400000e+001  1.119185e+001
    endloop
  endfacet
  facet normal  -0.000000e+000 -1.000000e+000  0.000000e+000
    outer loop
      vertex  2.976777e+001  4.400000e+001  8.232233e+000
      vertex  3.369185e+001  4.400000e+001  1.119185e+001
      vertex  3.315000e+001  4.400000e+001  1.250000e+001
    endloop
  endfacet
  facet normal  0.000000e+000 -1.000000e+000  0.000000e+000
    outer loop
      vertex  2.976777e+001  4.400000e+001  8.232233e+000
      vertex  3.315000e+001  4.400000e+001  1.250000e+001
      vertex  3.050000e+001  4.400000e+001  1.000000e+001
    endloop
  endfacet
  facet normal  0.000000e+000 -1.000000e+000  -0.000000e+000
    outer loop
      vertex  3.950000e+001  4.400000e+001  7.500000e+000
      vertex  3.950000e+001  4.400000e+001  2.150000e+001
      vertex  3.630815e+001  4.400000e+001  1.380815e+001
    endloop
  endfacet
  facet normal  0.000000e+000 -1.000000e+000  0.000000e+000
    outer loop
      vertex  3.950000e+001  4.400000e+001  7.500000e+000
      vertex  3.630815e+001  4.400000e+001  1.380815e+001
      vertex  3.685000e+001  4.400000e+001  1.250000e+001
    endloop
  endfacet
  facet normal  0.000000e+000 -1.000000e+000  -0.000000e+000
    outer loop
      vertex  3.950000e+001  4.400000e+001  7.500000e+000
      vertex  3.685000e+001  4.400000e+001  1.250000e+001
      vertex  3.630815e+001  4.400000e+001  1.119185e+001
    endloop
  endfacet
  facet normal  0.000000e+000 -1.000000e+000  -0.000000e+000
    outer loop
      vertex  3.950000e+001  4.400000e+001  7.500000e+000
      vertex  3.630815e+001  4.400000e+001  1.119185e+001
      vertex  2.976777e+001  4.400000e+001  8.232233e+000
    endloop
  endfacet
  facet normal  0.000000e+000 -1.000000e+000  -0.000000e+000
    outer loop
      vertex  3.950000e+001  4.400000e+001  7.500000e+000
      vertex  2.976777e+001  4.400000e+001  8.232233e+000
      vertex  2.800000e+001  4.400000e+001  7.500000e+000
    endloop
  endfacet
  facet normal  0.000000e+000  1.000000e+000  0.000000e+000
    outer loop
      vertex -3.950000e+001  5.900000e+001 -7.830127e+000
      vertex -3.950000e+001  5.900000e+001  1.572650e+001
      vertex -3.825000e+001  5.900000e+001  1.250000e+001
    endloop
  endfacet
  facet normal  0.000000e+000  9.999999e-001  0.000000e+000
    outer loop
      vertex -3.950000e+001  5.900000e+001 -7.830127e+000
      vertex -3.825000e+001  5.900000e+001  1.250000e+001
      vertex -3.762931e+001  5.900000e+001  1.058970e+001
    endloop
  endfacet
  facet normal  0.000000e+000  1.000000e+000  0.000000e+000
    outer loop
      vertex -3.950000e+001  5.900000e+001 -7.830127e+000
      vertex -3.762931e+001  5.900000e+001  1.058970e+001
      vertex -3.600431e+001  5.900000e+001  9.409066e+000
    endloop
  endfacet
  facet normal  -0.000000e+000  1.000000e+000  0.000000e+000
    outer loop
      vertex -3.950000e+001  5.900000e+001 -7.830127e+000
      vertex -3.600431e+001  5.900000e+001  9.409066e+000
      vertex -3.399569e+001  5.900000e+001  9.409066e+000
    endloop
  endfacet
  facet normal  -0.000000e+000  9.999999e-001  0.000000e+000
    outer loop
      vertex -3.950000e+001  5.900000e+001 -7.830127e+000
      vertex -3.399569e+001  5.900000e+001  9.409066e+000
      vertex -3.237069e+001  5.900000e+001  1.058970e+001
    endloop
  endfacet
  facet normal  0.000000e+000  1.000000e+000  -0.000000e+000
    outer loop
      vertex -3.050000e+001  5.900000e+001  1.572650e+001
      vertex -3.175000e+001  5.900000e+001  1.250000e+001
      vertex -3.212252e+001  5.900000e+001  1.401083e+001
    endloop
  endfacet
  facet normal  0.000000e+000  9.999999e-001  -0.000000e+000
    outer loop
      vertex -3.050000e+001  5.900000e+001  1.572650e+001
      vertex -3.212252e+001  5.900000e+001  1.401083e+001
      vertex -3.315467e+001  5.900000e+001  1.517531e+001
    endloop
  endfacet
  facet normal  0.000000e+000  1.000000e+000  -0.000000e+000
    outer loop
      vertex -3.050000e+001  5.900000e+001  1.572650e+001
      vertex -3.315467e+001  5.900000e+001  1.517531e+001
      vertex -3.460985e+001  5.900000e+001  1.572650e+001
    endloop
  endfacet
  facet normal  0.000000e+000  1.000000e+000  -0.000000e+000
    outer loop
      vertex  3.950000e+001  5.900000e+001  1.572650e+001
      vertex  3.950000e+001  5.900000e+001 -7.830127e+000
      vertex  3.825000e+001  5.900000e+001  1.250000e+001
    endloop
  endfacet
  facet normal  0.000000e+000  1.000000e+000  -0.000000e+000
    outer loop
      vertex  3.950000e+001  5.900000e+001  1.572650e+001
      vertex  3.825000e+001  5.900000e+001  1.250000e+001
      vertex  3.787748e+001  5.900000e+001  1.401083e+001
    endloop
  endfacet
  facet normal  0.000000e+000  9.999999e-001  -0.000000e+000
    outer loop
      vertex  3.950000e+001  5.900000e+001  1.572650e+001
      vertex  3.787748e+001  5.900000e+001  1.401083e+001
      vertex  3.684533e+001  5.900000e+001  1.517531e+001
    endloop
  endfacet
  facet normal  0.000000e+000  1.000000e+000  -0.000000e+000
    outer loop
      vertex  3.950000e+001  5.900000e+001  1.572650e+001
      vertex  3.684533e+001  5.900000e+001  1.517531e+001
      vertex  3.539015e+001  5.900000e+001  1.572650e+001
    endloop
  endfacet
  facet normal  -0.000000e+000  1.000000e+000  0.000000e+000
    outer loop
      vertex  2.976777e+001  5.900000e+001  8.232233e+000
      vertex  3.050000e+001  5.900000e+001  1.000000e+001
      vertex  3.175000e+001  5.900000e+001  1.250000e+001
    endloop
  endfacet
  facet normal  0.000000e+000  1.000000e+000  0.000000e+000
    outer loop
      vertex  2.976777e+001  5.900000e+001  8.232233e+000
      vertex  3.175000e+001  5.900000e+001  1.250000e+001
      vertex  3.237069e+001  5.900000e+001  1.058970e+001
    endloop
  endfacet
  facet normal  0.000000e+000  1.000000e+000  0.000000e+000
    outer loop
      vertex  2.976777e+001  5.900000e+001  8.232233e+000
      vertex  3.237069e+001  5.900000e+001  1.058970e+001
      vertex  3.399569e+001  5.900000e+001  9.409066e+000
    endloop
  endfacet
  facet normal  -0.000000e+000  1.000000e+000  0.000000e+000
    outer loop
      vertex  2.976777e+001  5.900000e+001  8.232233e+000
      vertex  3.399569e+001  5.900000e+001  9.409066e+000
      vertex  3.600431e+001  5.900000e+001  9.409066e+000
    endloop
  endfacet
  facet normal  0.000000e+000  1.000000e+000  0.000000e+000
    outer loop
      vertex  2.976777e+001  5.900000e+001  8.232233e+000
      vertex  3.600431e+001  5.900000e+001  9.409066e+000
      vertex  2.800000e+001  5.900000e+001  7.500000e+000
    endloop
  endfacet
  facet normal  0.000000e+000  1.000000e+000  0.000000e+000
    outer loop
      vertex  3.950000e+001  5.900000e+001 -7.830127e+000
      vertex -3.950000e+001  5.900000e+001 -7.830127e+000
      vertex -2.800000e+001  5.900000e+001  7.500000e+000
    endloop
  endfacet
  facet normal  -0.000000e+000  9.999999e-001  0.000000e+000
    outer loop
      vertex  3.950000e+001  5.900000e+001 -7.830127e+000
      vertex -2.800000e+001  5.900000e+001  7.500000e+000
      vertex  2.800000e+001  5.900000e+001  7.500000e+000
    endloop
  endfacet
  facet normal  -0.000000e+000  1.000000e+000  0.000000e+000
    outer loop
      vertex  3.950000e+001  5.900000e+001 -7.830127e+000
      vertex  2.800000e+001  5.900000e+001  7.500000e+000
      vertex  3.600431e+001  5.900000e+001  9.409066e+000
    endloop
  endfacet
  facet normal  -0.000000e+000  1.000000e+000  0.000000e+000
    outer loop
      vertex  3.950000e+001  5.900000e+001 -7.830127e+000
      vertex  3.600431e+001  5.900000e+001  9.409066e+000
      vertex  3.762931e+001  5.900000e+001  1.058970e+001
    endloop
  endfacet
  facet normal  -0.000000e+000  1.000000e+000  0.000000e+000
    outer loop
      vertex  3.950000e+001  5.900000e+001 -7.830127e+000
      vertex  3.762931e+001  5.900000e+001  1.058970e+001
      vertex  3.825000e+001  5.900000e+001  1.250000e+001
    endloop
  endfacet
  facet normal  0.000000e+000  1.000000e+000  0.000000e+000
    outer loop
      vertex  3.050000e+001  5.900000e+001  1.572650e+001
      vertex  3.460985e+001  5.900000e+001  1.572650e+001
      vertex  3.315467e+001  5.900000e+001  1.517531e+001
    endloop
  endfacet
  facet normal  0.000000e+000  9.999999e-001  0.000000e+000
    outer loop
      vertex  3.050000e+001  5.900000e+001  1.572650e+001
      vertex  3.315467e+001  5.900000e+001  1.517531e+001
      vertex  3.212252e+001  5.900000e+001  1.401083e+001
    endloop
  endfacet
  facet normal  0.000000e+000  1.000000e+000  0.000000e+000
    outer loop
      vertex  3.050000e+001  5.900000e+001  1.572650e+001
      vertex  3.212252e+001  5.900000e+001  1.401083e+001
      vertex  3.175000e+001  5.900000e+001  1.250000e+001
    endloop
  endfacet
  facet normal  0.000000e+000  9.999999e-001  0.000000e+000
    outer loop
      vertex  3.050000e+001  5.900000e+001  1.572650e+001
      vertex  3.175000e+001  5.900000e+001  1.250000e+001
      vertex  3.050000e+001  5.900000e+001  1.000000e+001
    endloop
  endfacet
  facet normal  0.000000e+000  1.000000e+000  0.000000e+000
    outer loop
      vertex -3.950000e+001  5.900000e+001  1.572650e+001
      vertex -3.539015e+001  5.900000e+001  1.572650e+001
      vertex -3.684533e+001  5.900000e+001  1.517531e+001
    endloop
  endfacet
  facet normal  0.000000e+000  9.999999e-001  0.000000e+000
    outer loop
      vertex -3.950000e+001  5.900000e+001  1.572650e+001
      vertex -3.684533e+001  5.900000e+001  1.517531e+001
      vertex -3.787748e+001  5.900000e+001  1.401083e+001
    endloop
  endfacet
  facet normal  0.000000e+000  1.000000e+000  0.000000e+000
    outer loop
      vertex -3.950000e+001  5.900000e+001  1.572650e+001
      vertex -3.787748e+001  5.900000e+001  1.401083e+001
      vertex -3.825000e+001  5.900000e+001  1.250000e+001
    endloop
  endfacet
  facet normal  0.000000e+000  1.000000e+000  0.000000e+000
    outer loop
      vertex -2.800000e+001  5.900000e+001  7.500000e+000
      vertex -3.950000e+001  5.900000e+001 -7.830127e+000
      vertex -2.976777e+001  5.900000e+001  8.232233e+000
    endloop
  endfacet
  facet normal  0.000000e+000  1.000000e+000  0.000000e+000
    outer loop
      vertex -2.976777e+001  5.900000e+001  8.232233e+000
      vertex -3.950000e+001  5.900000e+001 -7.830127e+000
      vertex -3.237069e+001  5.900000e+001  1.058970e+001
    endloop
  endfacet
  facet normal  0.000000e+000  9.999999e-001  0.000000e+000
    outer loop
      vertex -2.976777e+001  5.900000e+001  8.232233e+000
      vertex -3.237069e+001  5.900000e+001  1.058970e+001
      vertex -3.050000e+001  5.900000e+001  1.000000e+001
    endloop
  endfacet
  facet normal  0.000000e+000  1.000000e+000  0.000000e+000
    outer loop
      vertex -3.050000e+001  5.900000e+001  1.000000e+001
      vertex -3.237069e+001  5.900000e+001  1.058970e+001
      vertex -3.175000e+001  5.900000e+001  1.250000e+001
    endloop
  endfacet
  facet normal  -0.000000e+000  9.999999e-001  0.000000e+000
    outer loop
      vertex -3.050000e+001  5.900000e+001  1.000000e+001
      vertex -3.175000e+001  5.900000e+001  1.250000e+001
      vertex -3.050000e+001  5.900000e+001  1.572650e+001
    endloop
  endfacet
  facet normal  3.599634e-002 -9.993519e-001  0.000000e+000
    outer loop
      vertex  3.077802e+001  2.183282e+001  0.000000e+000
      vertex  2.888411e+001  2.176460e+001  7.500000e+000
      vertex  2.888411e+001  2.176460e+001  0.000000e+000
    endloop
  endfacet
  facet normal  6.278000e-001 -7.783747e-001  0.000000e+000
    outer loop
      vertex  2.888411e+001  2.176460e+001  0.000000e+000
      vertex  2.888411e+001  2.176460e+001  7.500000e+000
      vertex  2.740898e+001  2.057483e+001  7.500000e+000
    endloop
  endfacet
  facet normal  6.278000e-001 -7.783747e-001  0.000000e+000
    outer loop
      vertex  2.888411e+001  2.176460e+001  0.000000e+000
      vertex  2.740898e+001  2.057483e+001  7.500000e+000
      vertex  2.740898e+001  2.057483e+001  0.000000e+000
    endloop
  endfacet
  facet normal  3.599634e-002 -9.993519e-001  0.000000e+000
    outer loop
      vertex  2.888411e+001  2.176460e+001  7.500000e+000
      vertex  3.077802e+001  2.183282e+001  0.000000e+000
      vertex  3.077802e+001  2.183282e+001  7.500000e+000
    endloop
  endfacet
  facet normal -5.701732e-001 -8.215244e-001  -0.000000e+000
    outer loop
      vertex  3.077802e+001  2.183282e+001  7.500000e+000
      vertex  3.077802e+001  2.183282e+001  0.000000e+000
      vertex  3.233493e+001  2.075226e+001  0.000000e+000
    endloop
  endfacet
  facet normal -5.701732e-001 -8.215244e-001  0.000000e+000
    outer loop
      vertex  3.077802e+001  2.183282e+001  7.500000e+000
      vertex  3.233493e+001  2.075226e+001  0.000000e+000
      vertex  3.233493e+001  2.075226e+001  7.500000e+000
    endloop
  endfacet
  facet normal -9.488066e-001 -3.158573e-001  -0.000000e+000
    outer loop
      vertex  3.233493e+001  2.075226e+001  7.500000e+000
      vertex  3.233493e+001  2.075226e+001  0.000000e+000
      vertex  3.293353e+001  1.895414e+001  0.000000e+000
    endloop
  endfacet
  facet normal -9.488066e-001 -3.158573e-001  0.000000e+000
    outer loop
      vertex  3.233493e+001  2.075226e+001  7.500000e+000
      vertex  3.293353e+001  1.895414e+001  0.000000e+000
      vertex  3.293353e+001  1.895414e+001  7.500000e+000
    endloop
  endfacet
  facet normal -9.238795e-001  0.000000e+000  3.826834e-001
    outer loop
      vertex  3.050000e+001  5.900000e+001  1.000000e+001
      vertex  2.976777e+001  5.900000e+001  8.232233e+000
      vertex  3.050000e+001  4.400000e+001  1.000000e+001
    endloop
  endfacet
  facet normal -9.238795e-001  0.000000e+000  3.826834e-001
    outer loop
      vertex  3.050000e+001  4.400000e+001  1.000000e+001
      vertex  2.976777e+001  5.900000e+001  8.232233e+000
      vertex  2.976777e+001  4.400000e+001  8.232233e+000
    endloop
  endfacet
  facet normal -3.826834e-001  0.000000e+000  9.238795e-001
    outer loop
      vertex  2.976777e+001  5.900000e+001  8.232233e+000
      vertex  2.800000e+001  5.900000e+001  7.500000e+000
      vertex  2.976777e+001  4.400000e+001  8.232233e+000
    endloop
  endfacet
  facet normal -3.826834e-001  0.000000e+000  9.238795e-001
    outer loop
      vertex  2.976777e+001  4.400000e+001  8.232233e+000
      vertex  2.800000e+001  5.900000e+001  7.500000e+000
      vertex  2.800000e+001  4.400000e+001  7.500000e+000
    endloop
  endfacet
  facet normal  1.000000e+000  0.000000e+000  0.000000e+000
    outer loop
      vertex -3.050000e+001  5.900000e+001  1.000000e+001
      vertex -3.050000e+001  5.900000e+001  1.572650e+001
      vertex -3.050000e+001  5.866506e+001  1.697650e+001
    endloop
  endfacet
  facet normal  1.000000e+000  0.000000e+000  0.000000e+000
    outer loop
      vertex -3.050000e+001  5.900000e+001  1.000000e+001
      vertex -3.050000e+001  5.866506e+001  1.697650e+001
      vertex -3.050000e+001  5.775000e+001  1.789156e+001
    endloop
  endfacet
  facet normal  1.000000e+000  0.000000e+000  0.000000e+000
    outer loop
      vertex -3.050000e+001  5.900000e+001  1.000000e+001
      vertex -3.050000e+001  5.775000e+001  1.789156e+001
      vertex -3.050000e+001  5.208013e+001  2.116506e+001
    endloop
  endfacet
  facet normal  1.000000e+000  0.000000e+000  0.000000e+000
    outer loop
      vertex -3.050000e+001  5.900000e+001  1.000000e+001
      vertex -3.050000e+001  5.208013e+001  2.116506e+001
      vertex -3.050000e+001  5.083013e+001  2.150000e+001
    endloop
  endfacet
  facet normal  1.000000e+000  0.000000e+000  0.000000e+000
    outer loop
      vertex -3.050000e+001  5.900000e+001  1.000000e+001
      vertex -3.050000e+001  5.083013e+001  2.150000e+001
      vertex -3.050000e+001  4.900000e+001  2.150000e+001
    endloop
  endfacet
  facet normal  9.999999e-001  0.000000e+000  0.000000e+000
    outer loop
      vertex -3.050000e+001  5.900000e+001  1.000000e+001
      vertex -3.050000e+001  4.900000e+001  2.150000e+001
      vertex -3.050000e+001  4.900000e+001  1.000000e+001
    endloop
  endfacet
  facet normal  0.000000e+000 -1.000000e+000  0.000000e+000
    outer loop
      vertex -3.950000e+001  4.900000e+001  2.150000e+001
      vertex -3.630815e+001  4.900000e+001  1.380815e+001
      vertex -3.500000e+001  4.900000e+001  1.435000e+001
    endloop
  endfacet
  facet normal  0.000000e+000 -1.000000e+000  0.000000e+000
    outer loop
      vertex -3.950000e+001  4.900000e+001  2.150000e+001
      vertex -3.685000e+001  4.900000e+001  1.250000e+001
      vertex -3.630815e+001  4.900000e+001  1.380815e+001
    endloop
  endfacet
  facet normal  0.000000e+000 -1.000000e+000  0.000000e+000
    outer loop
      vertex -3.950000e+001  4.900000e+001  7.500000e+000
      vertex -2.800000e+001  4.900000e+001  7.500000e+000
      vertex -2.976777e+001  4.900000e+001  8.232233e+000
    endloop
  endfacet
  facet normal  -0.000000e+000 -9.999999e-001  0.000000e+000
    outer loop
      vertex -3.950000e+001  4.900000e+001  7.500000e+000
      vertex -2.976777e+001  4.900000e+001  8.232233e+000
      vertex -3.500000e+001  4.900000e+001  1.065000e+001
    endloop
  endfacet
  facet normal  -0.000000e+000 -1.000000e+000  0.000000e+000
    outer loop
      vertex -3.950000e+001  4.900000e+001  7.500000e+000
      vertex -3.500000e+001  4.900000e+001  1.065000e+001
      vertex -3.630815e+001  4.900000e+001  1.119185e+001
    endloop
  endfacet
  facet normal  -0.000000e+000 -1.000000e+000  0.000000e+000
    outer loop
      vertex -3.950000e+001  4.900000e+001  7.500000e+000
      vertex -3.630815e+001  4.900000e+001  1.119185e+001
      vertex -3.685000e+001  4.900000e+001  1.250000e+001
    endloop
  endfacet
  facet normal  -0.000000e+000 -1.000000e+000  0.000000e+000
    outer loop
      vertex -3.950000e+001  4.900000e+001  7.500000e+000
      vertex -3.685000e+001  4.900000e+001  1.250000e+001
      vertex -3.950000e+001  4.900000e+001  2.150000e+001
    endloop
  endfacet
  facet normal  0.000000e+000 -1.000000e+000  0.000000e+000
    outer loop
      vertex -3.050000e+001  4.900000e+001  2.150000e+001
      vertex -3.950000e+001  4.900000e+001  2.150000e+001
      vertex -3.500000e+001  4.900000e+001  1.435000e+001
    endloop
  endfacet
  facet normal  0.000000e+000 -1.000000e+000  0.000000e+000
    outer loop
      vertex -3.050000e+001  4.900000e+001  2.150000e+001
      vertex -3.500000e+001  4.900000e+001  1.435000e+001
      vertex -3.369185e+001  4.900000e+001  1.380815e+001
    endloop
  endfacet
  facet normal  0.000000e+000 -1.000000e+000  0.000000e+000
    outer loop
      vertex -3.050000e+001  4.900000e+001  2.150000e+001
      vertex -3.369185e+001  4.900000e+001  1.380815e+001
      vertex -3.315000e+001  4.900000e+001  1.250000e+001
    endloop
  endfacet
  facet normal  0.000000e+000 -9.999999e-001  -0.000000e+000
    outer loop
      vertex -3.050000e+001  4.900000e+001  1.000000e+001
      vertex -3.050000e+001  4.900000e+001  2.150000e+001
      vertex -3.315000e+001  4.900000e+001  1.250000e+001
    endloop
  endfacet
  facet normal  0.000000e+000 -9.999999e-001  -0.000000e+000
    outer loop
      vertex -3.050000e+001  4.900000e+001  1.000000e+001
      vertex -3.315000e+001  4.900000e+001  1.250000e+001
      vertex -3.369185e+001  4.900000e+001  1.119185e+001
    endloop
  endfacet
  facet normal  0.000000e+000 -1.000000e+000  -0.000000e+000
    outer loop
      vertex -3.050000e+001  4.900000e+001  1.000000e+001
      vertex -3.369185e+001  4.900000e+001  1.119185e+001
      vertex -3.500000e+001  4.900000e+001  1.065000e+001
    endloop
  endfacet
  facet normal  0.000000e+000 -1.000000e+000  0.000000e+000
    outer loop
      vertex -3.050000e+001  4.900000e+001  1.000000e+001
      vertex -3.500000e+001  4.900000e+001  1.065000e+001
      vertex -2.976777e+001  4.900000e+001  8.232233e+000
    endloop
  endfacet
  facet normal  5.701732e-001 -8.215244e-001  0.000000e+000
    outer loop
      vertex -3.077802e+001  2.183282e+001  0.000000e+000
      vertex -3.233493e+001  2.075226e+001  7.500000e+000
      vertex -3.233493e+001  2.075226e+001  0.000000e+000
    endloop
  endfacet
  facet normal  9.488066e-001 -3.158573e-001  0.000000e+000
    outer loop
      vertex -3.233493e+001  2.075226e+001  0.000000e+000
      vertex -3.233493e+001  2.075226e+001  7.500000e+000
      vertex -3.293353e+001  1.895414e+001  7.500000e+000
    endloop
  endfacet
  facet normal  9.488066e-001 -3.158573e-001  0.000000e+000
    outer loop
      vertex -3.233493e+001  2.075226e+001  0.000000e+000
      vertex -3.293353e+001  1.895414e+001  7.500000e+000
      vertex -3.293353e+001  1.895414e+001  0.000000e+000
    endloop
  endfacet
  facet normal  5.701732e-001 -8.215244e-001  0.000000e+000
    outer loop
      vertex -3.233493e+001  2.075226e+001  7.500000e+000
      vertex -3.077802e+001  2.183282e+001  0.000000e+000
      vertex -3.077802e+001  2.183282e+001  7.500000e+000
    endloop
  endfacet
  facet normal -3.599634e-002 -9.993519e-001  -0.000000e+000
    outer loop
      vertex -3.077802e+001  2.183282e+001  7.500000e+000
      vertex -3.077802e+001  2.183282e+001  0.000000e+000
      vertex -2.888411e+001  2.176460e+001  0.000000e+000
    endloop
  endfacet
  facet normal -3.599634e-002 -9.993519e-001  0.000000e+000
    outer loop
      vertex -3.077802e+001  2.183282e+001  7.500000e+000
      vertex -2.888411e+001  2.176460e+001  0.000000e+000
      vertex -2.888411e+001  2.176460e+001  7.500000e+000
    endloop
  endfacet
  facet normal -6.278000e-001 -7.783747e-001  -0.000000e+000
    outer loop
      vertex -2.888411e+001  2.176460e+001  7.500000e+000
      vertex -2.888411e+001  2.176460e+001  0.000000e+000
      vertex -2.740898e+001  2.057483e+001  0.000000e+000
    endloop
  endfacet
  facet normal -6.278000e-001 -7.783747e-001  0.000000e+000
    outer loop
      vertex -2.888411e+001  2.176460e+001  7.500000e+000
      vertex -2.740898e+001  2.057483e+001  0.000000e+000
      vertex -2.740898e+001  2.057483e+001  7.500000e+000
    endloop
  endfacet
  facet normal  9.238796e-001  0.000000e+000  3.826835e-001
    outer loop
      vertex -3.050000e+001  4.900000e+001  1.000000e+001
      vertex -2.976777e+001  4.900000e+001  8.232233e+000
      vertex -3.050000e+001  5.900000e+001  1.000000e+001
    endloop
  endfacet
  facet normal  9.238796e-001  0.000000e+000  3.826835e-001
    outer loop
      vertex -3.050000e+001  5.900000e+001  1.000000e+001
      vertex -2.976777e+001  4.900000e+001  8.232233e+000
      vertex -2.976777e+001  5.900000e+001  8.232233e+000
    endloop
  endfacet
  facet normal  3.826835e-001  0.000000e+000  9.238796e-001
    outer loop
      vertex -2.976777e+001  4.900000e+001  8.232233e+000
      vertex -2.800000e+001  4.900000e+001  7.500000e+000
      vertex -2.976777e+001  5.900000e+001  8.232233e+000
    endloop
  endfacet
  facet normal  3.826835e-001  0.000000e+000  9.238796e-001
    outer loop
      vertex -2.976777e+001  5.900000e+001  8.232233e+000
      vertex -2.800000e+001  4.900000e+001  7.500000e+000
      vertex -2.800000e+001  5.900000e+001  7.500000e+000
    endloop
  endfacet
  facet normal  0.000000e+000  5.000000e-001  8.660254e-001
    outer loop
      vertex  3.050000e+001  5.775000e+001  1.789156e+001
      vertex  3.050000e+001  5.208013e+001  2.116506e+001
      vertex  3.950000e+001  5.775000e+001  1.789156e+001
    endloop
  endfacet
  facet normal  0.000000e+000  5.000000e-001  8.660254e-001
    outer loop
      vertex  3.950000e+001  5.775000e+001  1.789156e+001
      vertex  3.050000e+001  5.208013e+001  2.116506e+001
      vertex  3.950000e+001  5.208013e+001  2.116506e+001
    endloop
  endfacet
  facet normal  -0.000000e+000  0.000000e+000  9.999999e-001
    outer loop
      vertex  3.950000e+001  5.083013e+001  2.150000e+001
      vertex  3.050000e+001  5.083013e+001  2.150000e+001
      vertex  3.950000e+001  4.400000e+001  2.150000e+001
    endloop
  endfacet
  facet normal  0.000000e+000  0.000000e+000  9.999999e-001
    outer loop
      vertex  3.950000e+001  4.400000e+001  2.150000e+001
      vertex  3.050000e+001  5.083013e+001  2.150000e+001
      vertex  3.050000e+001  4.400000e+001  2.150000e+001
    endloop
  endfacet
  facet normal  -0.000000e+000  2.588188e-001  9.659259e-001
    outer loop
      vertex  3.950000e+001  5.208013e+001  2.116506e+001
      vertex  3.050000e+001  5.208013e+001  2.116506e+001
      vertex  3.950000e+001  5.083013e+001  2.150000e+001
    endloop
  endfacet
  facet normal  0.000000e+000  2.588188e-001  9.659259e-001
    outer loop
      vertex  3.950000e+001  5.083013e+001  2.150000e+001
      vertex  3.050000e+001  5.208013e+001  2.116506e+001
      vertex  3.050000e+001  5.083013e+001  2.150000e+001
    endloop
  endfacet
  facet normal  5.874917e-001  3.160239e-002 -8.086129e-001
    outer loop
      vertex  3.315467e+001  5.900000e+001  1.517531e+001
      vertex  3.399569e+001  5.400000e+001  1.559093e+001
      vertex  3.237069e+001  5.400000e+001  1.441030e+001
    endloop
  endfacet
  facet normal -3.541611e-001 -1.815155e-002 -9.350083e-001
    outer loop
      vertex  3.684533e+001  5.900000e+001  1.517531e+001
      vertex  3.600431e+001  5.400000e+001  1.559093e+001
      vertex  3.539015e+001  5.900000e+001  1.572650e+001
    endloop
  endfacet
  facet normal -5.874917e-001  3.160239e-002 -8.086129e-001
    outer loop
      vertex  3.684533e+001  5.900000e+001  1.517531e+001
      vertex  3.762931e+001  5.400000e+001  1.441030e+001
      vertex  3.600431e+001  5.400000e+001  1.559093e+001
    endloop
  endfacet
  facet normal  7.482528e-001 -1.584881e-002 -6.632243e-001
    outer loop
      vertex  3.315467e+001  5.900000e+001  1.517531e+001
      vertex  3.237069e+001  5.400000e+001  1.441030e+001
      vertex  3.212252e+001  5.900000e+001  1.401083e+001
    endloop
  endfacet
  facet normal  9.508157e-001  2.251131e-002 -3.089380e-001
    outer loop
      vertex  3.212252e+001  5.900000e+001  1.401083e+001
      vertex  3.237069e+001  5.400000e+001  1.441030e+001
      vertex  3.175000e+001  5.400000e+001  1.250000e+001
    endloop
  endfacet
  facet normal  9.709222e-001  0.000000e+000 -2.393954e-001
    outer loop
      vertex  3.212252e+001  5.900000e+001  1.401083e+001
      vertex  3.175000e+001  5.400000e+001  1.250000e+001
      vertex  3.175000e+001  5.900000e+001  1.250000e+001
    endloop
  endfacet
  facet normal  3.541611e-001 -1.815155e-002 -9.350083e-001
    outer loop
      vertex  3.315467e+001  5.900000e+001  1.517531e+001
      vertex  3.460985e+001  5.900000e+001  1.572650e+001
      vertex  3.399569e+001  5.400000e+001  1.559093e+001
    endloop
  endfacet
  facet normal  0.000000e+000  2.710281e-002 -9.996327e-001
    outer loop
      vertex  3.399569e+001  5.400000e+001  1.559093e+001
      vertex  3.460985e+001  5.900000e+001  1.572650e+001
      vertex  3.539015e+001  5.900000e+001  1.572650e+001
    endloop
  endfacet
  facet normal  0.000000e+000  2.710281e-002 -9.996326e-001
    outer loop
      vertex  3.399569e+001  5.400000e+001  1.559093e+001
      vertex  3.539015e+001  5.900000e+001  1.572650e+001
      vertex  3.600431e+001  5.400000e+001  1.559093e+001
    endloop
  endfacet
  facet normal -7.482528e-001 -1.584881e-002 -6.632243e-001
    outer loop
      vertex  3.684533e+001  5.900000e+001  1.517531e+001
      vertex  3.787748e+001  5.900000e+001  1.401083e+001
      vertex  3.762931e+001  5.400000e+001  1.441030e+001
    endloop
  endfacet
  facet normal -9.705123e-001  2.905316e-002 -2.392944e-001
    outer loop
      vertex  3.762931e+001  5.400000e+001  1.441030e+001
      vertex  3.787748e+001  5.900000e+001  1.401083e+001
      vertex  3.825000e+001  5.900000e+001  1.250000e+001
    endloop
  endfacet
  facet normal -9.510567e-001  -0.000000e+000 -3.090163e-001
    outer loop
      vertex  3.762931e+001  5.400000e+001  1.441030e+001
      vertex  3.825000e+001  5.900000e+001  1.250000e+001
      vertex  3.825000e+001  5.400000e+001  1.250000e+001
    endloop
  endfacet
  facet normal  -0.000000e+000  7.071075e-001  7.071060e-001
    outer loop
      vertex  3.050000e+001  5.866506e+001  1.697650e+001
      vertex  3.050000e+001  5.775000e+001  1.789156e+001
      vertex  3.950000e+001  5.775000e+001  1.789156e+001
    endloop
  endfacet
  facet normal  0.000000e+000  7.071075e-001  7.071060e-001
    outer loop
      vertex  3.050000e+001  5.866506e+001  1.697650e+001
      vertex  3.950000e+001  5.775000e+001  1.789156e+001
      vertex  3.950000e+001  5.866506e+001  1.697650e+001
    endloop
  endfacet
  facet normal  0.000000e+000  9.659255e-001  2.588201e-001
    outer loop
      vertex  3.050000e+001  5.866506e+001  1.697650e+001
      vertex  3.950000e+001  5.866506e+001  1.697650e+001
      vertex  3.950000e+001  5.900000e+001  1.572650e+001
    endloop
  endfacet
  facet normal  0.000000e+000  9.659255e-001  2.588201e-001
    outer loop
      vertex  3.050000e+001  5.866506e+001  1.697650e+001
      vertex  3.950000e+001  5.900000e+001  1.572650e+001
      vertex  3.539015e+001  5.900000e+001  1.572650e+001
    endloop
  endfacet
  facet normal  0.000000e+000  9.659256e-001  2.588202e-001
    outer loop
      vertex  3.050000e+001  5.866506e+001  1.697650e+001
      vertex  3.539015e+001  5.900000e+001  1.572650e+001
      vertex  3.460985e+001  5.900000e+001  1.572650e+001
    endloop
  endfacet
  facet normal  0.000000e+000  9.659255e-001  2.588201e-001
    outer loop
      vertex  3.050000e+001  5.866506e+001  1.697650e+001
      vertex  3.460985e+001  5.900000e+001  1.572650e+001
      vertex  3.050000e+001  5.900000e+001  1.572650e+001
    endloop
  endfacet
  facet normal  0.000000e+000  5.000000e-001  8.660254e-001
    outer loop
      vertex -3.950000e+001  5.775000e+001  1.789156e+001
      vertex -3.950000e+001  5.208013e+001  2.116506e+001
      vertex -3.050000e+001  5.775000e+001  1.789156e+001
    endloop
  endfacet
  facet normal  0.000000e+000  5.000000e-001  8.660254e-001
    outer loop
      vertex -3.050000e+001  5.775000e+001  1.789156e+001
      vertex -3.950000e+001  5.208013e+001  2.116506e+001
      vertex -3.050000e+001  5.208013e+001  2.116506e+001
    endloop
  endfacet
  facet normal  5.874917e-001  3.160239e-002 -8.086129e-001
    outer loop
      vertex -3.684533e+001  5.900000e+001  1.517531e+001
      vertex -3.600431e+001  5.400000e+001  1.559093e+001
      vertex -3.762931e+001  5.400000e+001  1.441030e+001
    endloop
  endfacet
  facet normal -3.541611e-001 -1.815155e-002 -9.350083e-001
    outer loop
      vertex -3.315467e+001  5.900000e+001  1.517531e+001
      vertex -3.399569e+001  5.400000e+001  1.559093e+001
      vertex -3.460985e+001  5.900000e+001  1.572650e+001
    endloop
  endfacet
  facet normal -5.874917e-001  3.160239e-002 -8.086129e-001
    outer loop
      vertex -3.315467e+001  5.900000e+001  1.517531e+001
      vertex -3.237069e+001  5.400000e+001  1.441030e+001
      vertex -3.399569e+001  5.400000e+001  1.559093e+001
    endloop
  endfacet
  facet normal  7.482528e-001 -1.584881e-002 -6.632243e-001
    outer loop
      vertex -3.684533e+001  5.900000e+001  1.517531e+001
      vertex -3.762931e+001  5.400000e+001  1.441030e+001
      vertex -3.787748e+001  5.900000e+001  1.401083e+001
    endloop
  endfacet
  facet normal  9.508157e-001  2.251131e-002 -3.089380e-001
    outer loop
      vertex -3.787748e+001  5.900000e+001  1.401083e+001
      vertex -3.762931e+001  5.400000e+001  1.441030e+001
      vertex -3.825000e+001  5.400000e+001  1.250000e+001
    endloop
  endfacet
  facet normal  9.709222e-001  0.000000e+000 -2.393954e-001
    outer loop
      vertex -3.787748e+001  5.900000e+001  1.401083e+001
      vertex -3.825000e+001  5.400000e+001  1.250000e+001
      vertex -3.825000e+001  5.900000e+001  1.250000e+001
    endloop
  endfacet
  facet normal  3.541611e-001 -1.815155e-002 -9.350083e-001
    outer loop
      vertex -3.684533e+001  5.900000e+001  1.517531e+001
      vertex -3.539015e+001  5.900000e+001  1.572650e+001
      vertex -3.600431e+001  5.400000e+001  1.559093e+001
    endloop
  endfacet
  facet normal  0.000000e+000  2.710281e-002 -9.996327e-001
    outer loop
      vertex -3.600431e+001  5.400000e+001  1.559093e+001
      vertex -3.539015e+001  5.900000e+001  1.572650e+001
      vertex -3.460985e+001  5.900000e+001  1.572650e+001
    endloop
  endfacet
  facet normal  0.000000e+000  2.710281e-002 -9.996326e-001
    outer loop
      vertex -3.600431e+001  5.400000e+001  1.559093e+001
      vertex -3.460985e+001  5.900000e+001  1.572650e+001
      vertex -3.399569e+001  5.400000e+001  1.559093e+001
    endloop
  endfacet
  facet normal -7.482528e-001 -1.584881e-002 -6.632243e-001
    outer loop
      vertex -3.315467e+001  5.900000e+001  1.517531e+001
      vertex -3.212252e+001  5.900000e+001  1.401083e+001
      vertex -3.237069e+001  5.400000e+001  1.441030e+001
    endloop
  endfacet
  facet normal -9.705123e-001  2.905316e-002 -2.392944e-001
    outer loop
      vertex -3.237069e+001  5.400000e+001  1.441030e+001
      vertex -3.212252e+001  5.900000e+001  1.401083e+001
      vertex -3.175000e+001  5.900000e+001  1.250000e+001
    endloop
  endfacet
  facet normal -9.510567e-001  -0.000000e+000 -3.090163e-001
    outer loop
      vertex -3.237069e+001  5.400000e+001  1.441030e+001
      vertex -3.175000e+001  5.900000e+001  1.250000e+001
      vertex -3.175000e+001  5.400000e+001  1.250000e+001
    endloop
  endfacet
  facet normal  -0.000000e+000  7.071075e-001  7.071060e-001
    outer loop
      vertex -3.950000e+001  5.866506e+001  1.697650e+001
      vertex -3.950000e+001  5.775000e+001  1.789156e+001
      vertex -3.050000e+001  5.775000e+001  1.789156e+001
    endloop
  endfacet
  facet normal  0.000000e+000  7.071075e-001  7.071060e-001
    outer loop
      vertex -3.950000e+001  5.866506e+001  1.697650e+001
      vertex -3.050000e+001  5.775000e+001  1.789156e+001
      vertex -3.050000e+001  5.866506e+001  1.697650e+001
    endloop
  endfacet
  facet normal  0.000000e+000  9.659255e-001  2.588201e-001
    outer loop
      vertex -3.950000e+001  5.866506e+001  1.697650e+001
      vertex -3.050000e+001  5.866506e+001  1.697650e+001
      vertex -3.050000e+001  5.900000e+001  1.572650e+001
    endloop
  endfacet
  facet normal  0.000000e+000  9.659255e-001  2.588201e-001
    outer loop
      vertex -3.950000e+001  5.866506e+001  1.697650e+001
      vertex -3.050000e+001  5.900000e+001  1.572650e+001
      vertex -3.460985e+001  5.900000e+001  1.572650e+001
    endloop
  endfacet
  facet normal  0.000000e+000  9.659256e-001  2.588202e-001
    outer loop
      vertex -3.950000e+001  5.866506e+001  1.697650e+001
      vertex -3.460985e+001  5.900000e+001  1.572650e+001
      vertex -3.539015e+001  5.900000e+001  1.572650e+001
    endloop
  endfacet
  facet normal  0.000000e+000  9.659255e-001  2.588201e-001
    outer loop
      vertex -3.950000e+001  5.866506e+001  1.697650e+001
      vertex -3.539015e+001  5.900000e+001  1.572650e+001
      vertex -3.950000e+001  5.900000e+001  1.572650e+001
    endloop
  endfacet
  facet normal  -0.000000e+000  0.000000e+000  1.000000e+000
    outer loop
      vertex -3.050000e+001  5.083013e+001  2.150000e+001
      vertex -3.950000e+001  5.083013e+001  2.150000e+001
      vertex -3.050000e+001  4.900000e+001  2.150000e+001
    endloop
  endfacet
  facet normal  0.000000e+000  0.000000e+000  1.000000e+000
    outer loop
      vertex -3.050000e+001  4.900000e+001  2.150000e+001
      vertex -3.950000e+001  5.083013e+001  2.150000e+001
      vertex -3.950000e+001  4.900000e+001  2.150000e+001
    endloop
  endfacet
  facet normal  -0.000000e+000  2.588188e-001  9.659259e-001
    outer loop
      vertex -3.050000e+001  5.208013e+001  2.116506e+001
      vertex -3.950000e+001  5.208013e+001  2.116506e+001
      vertex -3.050000e+001  5.083013e+001  2.150000e+001
    endloop
  endfacet
  facet normal  0.000000e+000  2.588188e-001  9.659259e-001
    outer loop
      vertex -3.050000e+001  5.083013e+001  2.150000e+001
      vertex -3.950000e+001  5.208013e+001  2.116506e+001
      vertex -3.950000e+001  5.083013e+001  2.150000e+001
    endloop
  endfacet
  facet normal -3.826838e-001  0.000000e+000  9.238794e-001
    outer loop
      vertex -3.500000e+001  5.400000e+001  1.065000e+001
      vertex -3.369185e+001  4.900000e+001  1.119185e+001
      vertex -3.369185e+001  5.400000e+001  1.119185e+001
    endloop
  endfacet
  facet normal -9.238799e-001  0.000000e+000  3.826826e-001
    outer loop
      vertex -3.369185e+001  5.400000e+001  1.119185e+001
      vertex -3.369185e+001  4.900000e+001  1.119185e+001
      vertex -3.315000e+001  4.900000e+001  1.250000e+001
    endloop
  endfacet
  facet normal -9.238799e-001  0.000000e+000  3.826826e-001
    outer loop
      vertex -3.369185e+001  5.400000e+001  1.119185e+001
      vertex -3.315000e+001  4.900000e+001  1.250000e+001
      vertex -3.315000e+001  5.400000e+001  1.250000e+001
    endloop
  endfacet
  facet normal -3.826838e-001  0.000000e+000  9.238794e-001
    outer loop
      vertex -3.369185e+001  4.900000e+001  1.119185e+001
      vertex -3.500000e+001  5.400000e+001  1.065000e+001
      vertex -3.500000e+001  4.900000e+001  1.065000e+001
    endloop
  endfacet
  facet normal  3.826838e-001  -0.000000e+000  9.238794e-001
    outer loop
      vertex -3.500000e+001  4.900000e+001  1.065000e+001
      vertex -3.500000e+001  5.400000e+001  1.065000e+001
      vertex -3.630815e+001  5.400000e+001  1.119185e+001
    endloop
  endfacet
  facet normal  3.826838e-001  0.000000e+000  9.238794e-001
    outer loop
      vertex -3.500000e+001  4.900000e+001  1.065000e+001
      vertex -3.630815e+001  5.400000e+001  1.119185e+001
      vertex -3.630815e+001  4.900000e+001  1.119185e+001
    endloop
  endfacet
  facet normal  9.238799e-001  -0.000000e+000  3.826826e-001
    outer loop
      vertex -3.630815e+001  4.900000e+001  1.119185e+001
      vertex -3.630815e+001  5.400000e+001  1.119185e+001
      vertex -3.685000e+001  5.400000e+001  1.250000e+001
    endloop
  endfacet
  facet normal  9.238799e-001  0.000000e+000  3.826826e-001
    outer loop
      vertex -3.630815e+001  4.900000e+001  1.119185e+001
      vertex -3.685000e+001  5.400000e+001  1.250000e+001
      vertex -3.685000e+001  4.900000e+001  1.250000e+001
    endloop
  endfacet
  facet normal  3.826838e-001  0.000000e+000 -9.238794e-001
    outer loop
      vertex -3.500000e+001  5.400000e+001  1.435000e+001
      vertex -3.630815e+001  4.900000e+001  1.380815e+001
      vertex -3.630815e+001  5.400000e+001  1.380815e+001
    endloop
  endfacet
  facet normal  9.238799e-001  0.000000e+000 -3.826826e-001
    outer loop
      vertex -3.630815e+001  5.400000e+001  1.380815e+001
      vertex -3.630815e+001  4.900000e+001  1.380815e+001
      vertex -3.685000e+001  4.900000e+001  1.250000e+001
    endloop
  endfacet
  facet normal  9.238799e-001  0.000000e+000 -3.826826e-001
    outer loop
      vertex -3.630815e+001  5.400000e+001  1.380815e+001
      vertex -3.685000e+001  4.900000e+001  1.250000e+001
      vertex -3.685000e+001  5.400000e+001  1.250000e+001
    endloop
  endfacet
  facet normal  3.826838e-001  0.000000e+000 -9.238794e-001
    outer loop
      vertex -3.630815e+001  4.900000e+001  1.380815e+001
      vertex -3.500000e+001  5.400000e+001  1.435000e+001
      vertex -3.500000e+001  4.900000e+001  1.435000e+001
    endloop
  endfacet
  facet normal -3.826838e-001  0.000000e+000 -9.238794e-001
    outer loop
      vertex -3.500000e+001  4.900000e+001  1.435000e+001
      vertex -3.500000e+001  5.400000e+001  1.435000e+001
      vertex -3.369185e+001  5.400000e+001  1.380815e+001
    endloop
  endfacet
  facet normal -3.826838e-001  -0.000000e+000 -9.238794e-001
    outer loop
      vertex -3.500000e+001  4.900000e+001  1.435000e+001
      vertex -3.369185e+001  5.400000e+001  1.380815e+001
      vertex -3.369185e+001  4.900000e+001  1.380815e+001
    endloop
  endfacet
  facet normal -9.238799e-001  0.000000e+000 -3.826826e-001
    outer loop
      vertex -3.369185e+001  4.900000e+001  1.380815e+001
      vertex -3.369185e+001  5.400000e+001  1.380815e+001
      vertex -3.315000e+001  5.400000e+001  1.250000e+001
    endloop
  endfacet
  facet normal -9.238799e-001  -0.000000e+000 -3.826826e-001
    outer loop
      vertex -3.369185e+001  4.900000e+001  1.380815e+001
      vertex -3.315000e+001  5.400000e+001  1.250000e+001
      vertex -3.315000e+001  4.900000e+001  1.250000e+001
    endloop
  endfacet
  facet normal -5.877852e-001  0.000000e+000  8.090169e-001
    outer loop
      vertex -3.399569e+001  5.900000e+001  9.409066e+000
      vertex -3.237069e+001  5.400000e+001  1.058970e+001
      vertex -3.237069e+001  5.900000e+001  1.058970e+001
    endloop
  endfacet
  facet normal -9.510567e-001  0.000000e+000  3.090163e-001
    outer loop
      vertex -3.237069e+001  5.900000e+001  1.058970e+001
      vertex -3.237069e+001  5.400000e+001  1.058970e+001
      vertex -3.175000e+001  5.400000e+001  1.250000e+001
    endloop
  endfacet
  facet normal -9.510567e-001  0.000000e+000  3.090163e-001
    outer loop
      vertex -3.237069e+001  5.900000e+001  1.058970e+001
      vertex -3.175000e+001  5.400000e+001  1.250000e+001
      vertex -3.175000e+001  5.900000e+001  1.250000e+001
    endloop
  endfacet
  facet normal -5.877852e-001  0.000000e+000  8.090169e-001
    outer loop
      vertex -3.237069e+001  5.400000e+001  1.058970e+001
      vertex -3.399569e+001  5.900000e+001  9.409066e+000
      vertex -3.399569e+001  5.400000e+001  9.409066e+000
    endloop
  endfacet
  facet normal  0.000000e+000  -0.000000e+000  1.000000e+000
    outer loop
      vertex -3.399569e+001  5.400000e+001  9.409066e+000
      vertex -3.399569e+001  5.900000e+001  9.409066e+000
      vertex -3.600431e+001  5.900000e+001  9.409066e+000
    endloop
  endfacet
  facet normal  0.000000e+000  0.000000e+000  1.000000e+000
    outer loop
      vertex -3.399569e+001  5.400000e+001  9.409066e+000
      vertex -3.600431e+001  5.900000e+001  9.409066e+000
      vertex -3.600431e+001  5.400000e+001  9.409066e+000
    endloop
  endfacet
  facet normal  5.877852e-001  -0.000000e+000  8.090169e-001
    outer loop
      vertex -3.600431e+001  5.400000e+001  9.409066e+000
      vertex -3.600431e+001  5.900000e+001  9.409066e+000
      vertex -3.762931e+001  5.900000e+001  1.058970e+001
    endloop
  endfacet
  facet normal  5.877852e-001  0.000000e+000  8.090169e-001
    outer loop
      vertex -3.600431e+001  5.400000e+001  9.409066e+000
      vertex -3.762931e+001  5.900000e+001  1.058970e+001
      vertex -3.762931e+001  5.400000e+001  1.058970e+001
    endloop
  endfacet
  facet normal  9.510567e-001  -0.000000e+000  3.090163e-001
    outer loop
      vertex -3.762931e+001  5.400000e+001  1.058970e+001
      vertex -3.762931e+001  5.900000e+001  1.058970e+001
      vertex -3.825000e+001  5.900000e+001  1.250000e+001
    endloop
  endfacet
  facet normal  9.510567e-001  0.000000e+000  3.090163e-001
    outer loop
      vertex -3.762931e+001  5.400000e+001  1.058970e+001
      vertex -3.825000e+001  5.900000e+001  1.250000e+001
      vertex -3.825000e+001  5.400000e+001  1.250000e+001
    endloop
  endfacet
  facet normal  0.000000e+000  1.000000e+000  0.000000e+000
    outer loop
      vertex -3.369185e+001  5.400000e+001  1.119185e+001
      vertex -3.237069e+001  5.400000e+001  1.058970e+001
      vertex -3.500000e+001  5.400000e+001  1.065000e+001
    endloop
  endfacet
  facet normal  0.000000e+000  1.000000e+000  0.000000e+000
    outer loop
      vertex -3.500000e+001  5.400000e+001  1.065000e+001
      vertex -3.237069e+001  5.400000e+001  1.058970e+001
      vertex -3.399569e+001  5.400000e+001  9.409066e+000
    endloop
  endfacet
  facet normal  0.000000e+000  1.000000e+000  0.000000e+000
    outer loop
      vertex -3.500000e+001  5.400000e+001  1.065000e+001
      vertex -3.399569e+001  5.400000e+001  9.409066e+000
      vertex -3.600431e+001  5.400000e+001  9.409066e+000
    endloop
  endfacet
  facet normal  0.000000e+000  1.000000e+000  0.000000e+000
    outer loop
      vertex -3.630815e+001  5.400000e+001  1.380815e+001
      vertex -3.762931e+001  5.400000e+001  1.441030e+001
      vertex -3.500000e+001  5.400000e+001  1.435000e+001
    endloop
  endfacet
  facet normal  0.000000e+000  1.000000e+000  0.000000e+000
    outer loop
      vertex -3.500000e+001  5.400000e+001  1.435000e+001
      vertex -3.762931e+001  5.400000e+001  1.441030e+001
      vertex -3.600431e+001  5.400000e+001  1.559093e+001
    endloop
  endfacet
  facet normal  -0.000000e+000  1.000000e+000  0.000000e+000
    outer loop
      vertex -3.500000e+001  5.400000e+001  1.435000e+001
      vertex -3.600431e+001  5.400000e+001  1.559093e+001
      vertex -3.399569e+001  5.400000e+001  1.559093e+001
    endloop
  endfacet
  facet normal  0.000000e+000  1.000000e+000  0.000000e+000
    outer loop
      vertex -3.762931e+001  5.400000e+001  1.058970e+001
      vertex -3.500000e+001  5.400000e+001  1.065000e+001
      vertex -3.600431e+001  5.400000e+001  9.409066e+000
    endloop
  endfacet
  facet normal  0.000000e+000  1.000000e+000  0.000000e+000
    outer loop
      vertex -3.500000e+001  5.400000e+001  1.065000e+001
      vertex -3.762931e+001  5.400000e+001  1.058970e+001
      vertex -3.630815e+001  5.400000e+001  1.119185e+001
    endloop
  endfacet
  facet normal  0.000000e+000  1.000000e+000  0.000000e+000
    outer loop
      vertex -3.630815e+001  5.400000e+001  1.119185e+001
      vertex -3.762931e+001  5.400000e+001  1.058970e+001
      vertex -3.825000e+001  5.400000e+001  1.250000e+001
    endloop
  endfacet
  facet normal  -0.000000e+000  9.999999e-001  0.000000e+000
    outer loop
      vertex -3.630815e+001  5.400000e+001  1.119185e+001
      vertex -3.825000e+001  5.400000e+001  1.250000e+001
      vertex -3.685000e+001  5.400000e+001  1.250000e+001
    endloop
  endfacet
  facet normal  0.000000e+000  1.000000e+000  0.000000e+000
    outer loop
      vertex -3.685000e+001  5.400000e+001  1.250000e+001
      vertex -3.825000e+001  5.400000e+001  1.250000e+001
      vertex -3.762931e+001  5.400000e+001  1.441030e+001
    endloop
  endfacet
  facet normal  0.000000e+000  1.000000e+000  0.000000e+000
    outer loop
      vertex -3.685000e+001  5.400000e+001  1.250000e+001
      vertex -3.762931e+001  5.400000e+001  1.441030e+001
      vertex -3.630815e+001  5.400000e+001  1.380815e+001
    endloop
  endfacet
  facet normal  0.000000e+000  1.000000e+000  0.000000e+000
    outer loop
      vertex -3.237069e+001  5.400000e+001  1.441030e+001
      vertex -3.500000e+001  5.400000e+001  1.435000e+001
      vertex -3.399569e+001  5.400000e+001  1.559093e+001
    endloop
  endfacet
  facet normal  0.000000e+000  1.000000e+000  0.000000e+000
    outer loop
      vertex -3.500000e+001  5.400000e+001  1.435000e+001
      vertex -3.237069e+001  5.400000e+001  1.441030e+001
      vertex -3.369185e+001  5.400000e+001  1.380815e+001
    endloop
  endfacet
  facet normal  -0.000000e+000  1.000000e+000  0.000000e+000
    outer loop
      vertex -3.369185e+001  5.400000e+001  1.380815e+001
      vertex -3.237069e+001  5.400000e+001  1.441030e+001
      vertex -3.175000e+001  5.400000e+001  1.250000e+001
    endloop
  endfacet
  facet normal  0.000000e+000  9.999999e-001  0.000000e+000
    outer loop
      vertex -3.369185e+001  5.400000e+001  1.380815e+001
      vertex -3.175000e+001  5.400000e+001  1.250000e+001
      vertex -3.315000e+001  5.400000e+001  1.250000e+001
    endloop
  endfacet
  facet normal  -0.000000e+000  1.000000e+000  0.000000e+000
    outer loop
      vertex -3.315000e+001  5.400000e+001  1.250000e+001
      vertex -3.175000e+001  5.400000e+001  1.250000e+001
      vertex -3.237069e+001  5.400000e+001  1.058970e+001
    endloop
  endfacet
  facet normal  0.000000e+000  1.000000e+000  0.000000e+000
    outer loop
      vertex -3.315000e+001  5.400000e+001  1.250000e+001
      vertex -3.237069e+001  5.400000e+001  1.058970e+001
      vertex -3.369185e+001  5.400000e+001  1.119185e+001
    endloop
  endfacet
  facet normal  3.826838e-001  0.000000e+000 -9.238794e-001
    outer loop
      vertex  3.500000e+001  5.400000e+001  1.435000e+001
      vertex  3.369185e+001  4.400000e+001  1.380815e+001
      vertex  3.369185e+001  5.400000e+001  1.380815e+001
    endloop
  endfacet
  facet normal  9.238799e-001  0.000000e+000 -3.826826e-001
    outer loop
      vertex  3.369185e+001  5.400000e+001  1.380815e+001
      vertex  3.369185e+001  4.400000e+001  1.380815e+001
      vertex  3.315000e+001  4.400000e+001  1.250000e+001
    endloop
  endfacet
  facet normal  9.238799e-001  0.000000e+000 -3.826826e-001
    outer loop
      vertex  3.369185e+001  5.400000e+001  1.380815e+001
      vertex  3.315000e+001  4.400000e+001  1.250000e+001
      vertex  3.315000e+001  5.400000e+001  1.250000e+001
    endloop
  endfacet
  facet normal  3.826838e-001  0.000000e+000 -9.238794e-001
    outer loop
      vertex  3.369185e+001  4.400000e+001  1.380815e+001
      vertex  3.500000e+001  5.400000e+001  1.435000e+001
      vertex  3.500000e+001  4.400000e+001  1.435000e+001
    endloop
  endfacet
  facet normal -3.826838e-001  0.000000e+000 -9.238794e-001
    outer loop
      vertex  3.500000e+001  4.400000e+001  1.435000e+001
      vertex  3.500000e+001  5.400000e+001  1.435000e+001
      vertex  3.630815e+001  5.400000e+001  1.380815e+001
    endloop
  endfacet
  facet normal -3.826838e-001  -0.000000e+000 -9.238794e-001
    outer loop
      vertex  3.500000e+001  4.400000e+001  1.435000e+001
      vertex  3.630815e+001  5.400000e+001  1.380815e+001
      vertex  3.630815e+001  4.400000e+001  1.380815e+001
    endloop
  endfacet
  facet normal -9.238799e-001  0.000000e+000 -3.826826e-001
    outer loop
      vertex  3.630815e+001  4.400000e+001  1.380815e+001
      vertex  3.630815e+001  5.400000e+001  1.380815e+001
      vertex  3.685000e+001  5.400000e+001  1.250000e+001
    endloop
  endfacet
  facet normal -9.238799e-001  -0.000000e+000 -3.826826e-001
    outer loop
      vertex  3.630815e+001  4.400000e+001  1.380815e+001
      vertex  3.685000e+001  5.400000e+001  1.250000e+001
      vertex  3.685000e+001  4.400000e+001  1.250000e+001
    endloop
  endfacet
  facet normal -3.826838e-001  0.000000e+000  9.238794e-001
    outer loop
      vertex  3.500000e+001  5.400000e+001  1.065000e+001
      vertex  3.630815e+001  4.400000e+001  1.119185e+001
      vertex  3.630815e+001  5.400000e+001  1.119185e+001
    endloop
  endfacet
  facet normal -9.238799e-001  0.000000e+000  3.826826e-001
    outer loop
      vertex  3.630815e+001  5.400000e+001  1.119185e+001
      vertex  3.630815e+001  4.400000e+001  1.119185e+001
      vertex  3.685000e+001  4.400000e+001  1.250000e+001
    endloop
  endfacet
  facet normal -9.238799e-001  0.000000e+000  3.826826e-001
    outer loop
      vertex  3.630815e+001  5.400000e+001  1.119185e+001
      vertex  3.685000e+001  4.400000e+001  1.250000e+001
      vertex  3.685000e+001  5.400000e+001  1.250000e+001
    endloop
  endfacet
  facet normal -3.826838e-001  0.000000e+000  9.238794e-001
    outer loop
      vertex  3.630815e+001  4.400000e+001  1.119185e+001
      vertex  3.500000e+001  5.400000e+001  1.065000e+001
      vertex  3.500000e+001  4.400000e+001  1.065000e+001
    endloop
  endfacet
  facet normal  3.826838e-001  -0.000000e+000  9.238794e-001
    outer loop
      vertex  3.500000e+001  4.400000e+001  1.065000e+001
      vertex  3.500000e+001  5.400000e+001  1.065000e+001
      vertex  3.369185e+001  5.400000e+001  1.119185e+001
    endloop
  endfacet
  facet normal  3.826838e-001  0.000000e+000  9.238794e-001
    outer loop
      vertex  3.500000e+001  4.400000e+001  1.065000e+001
      vertex  3.369185e+001  5.400000e+001  1.119185e+001
      vertex  3.369185e+001  4.400000e+001  1.119185e+001
    endloop
  endfacet
  facet normal  9.238799e-001  -0.000000e+000  3.826826e-001
    outer loop
      vertex  3.369185e+001  4.400000e+001  1.119185e+001
      vertex  3.369185e+001  5.400000e+001  1.119185e+001
      vertex  3.315000e+001  5.400000e+001  1.250000e+001
    endloop
  endfacet
  facet normal  9.238799e-001  0.000000e+000  3.826826e-001
    outer loop
      vertex  3.369185e+001  4.400000e+001  1.119185e+001
      vertex  3.315000e+001  5.400000e+001  1.250000e+001
      vertex  3.315000e+001  4.400000e+001  1.250000e+001
    endloop
  endfacet
  facet normal -5.877852e-001  0.000000e+000  8.090169e-001
    outer loop
      vertex  3.600431e+001  5.900000e+001  9.409066e+000
      vertex  3.762931e+001  5.400000e+001  1.058970e+001
      vertex  3.762931e+001  5.900000e+001  1.058970e+001
    endloop
  endfacet
  facet normal -9.510567e-001  0.000000e+000  3.090163e-001
    outer loop
      vertex  3.762931e+001  5.900000e+001  1.058970e+001
      vertex  3.762931e+001  5.400000e+001  1.058970e+001
      vertex  3.825000e+001  5.400000e+001  1.250000e+001
    endloop
  endfacet
  facet normal -9.510567e-001  0.000000e+000  3.090163e-001
    outer loop
      vertex  3.762931e+001  5.900000e+001  1.058970e+001
      vertex  3.825000e+001  5.400000e+001  1.250000e+001
      vertex  3.825000e+001  5.900000e+001  1.250000e+001
    endloop
  endfacet
  facet normal -5.877852e-001  0.000000e+000  8.090169e-001
    outer loop
      vertex  3.762931e+001  5.400000e+001  1.058970e+001
      vertex  3.600431e+001  5.900000e+001  9.409066e+000
      vertex  3.600431e+001  5.400000e+001  9.409066e+000
    endloop
  endfacet
  facet normal  0.000000e+000  -0.000000e+000  1.000000e+000
    outer loop
      vertex  3.600431e+001  5.400000e+001  9.409066e+000
      vertex  3.600431e+001  5.900000e+001  9.409066e+000
      vertex  3.399569e+001  5.900000e+001  9.409066e+000
    endloop
  endfacet
  facet normal  0.000000e+000  0.000000e+000  1.000000e+000
    outer loop
      vertex  3.600431e+001  5.400000e+001  9.409066e+000
      vertex  3.399569e+001  5.900000e+001  9.409066e+000
      vertex  3.399569e+001  5.400000e+001  9.409066e+000
    endloop
  endfacet
  facet normal  5.877852e-001  -0.000000e+000  8.090169e-001
    outer loop
      vertex  3.399569e+001  5.400000e+001  9.409066e+000
      vertex  3.399569e+001  5.900000e+001  9.409066e+000
      vertex  3.237069e+001  5.900000e+001  1.058970e+001
    endloop
  endfacet
  facet normal  5.877852e-001  0.000000e+000  8.090169e-001
    outer loop
      vertex  3.399569e+001  5.400000e+001  9.409066e+000
      vertex  3.237069e+001  5.900000e+001  1.058970e+001
      vertex  3.237069e+001  5.400000e+001  1.058970e+001
    endloop
  endfacet
  facet normal  9.510567e-001  -0.000000e+000  3.090163e-001
    outer loop
      vertex  3.237069e+001  5.400000e+001  1.058970e+001
      vertex  3.237069e+001  5.900000e+001  1.058970e+001
      vertex  3.175000e+001  5.900000e+001  1.250000e+001
    endloop
  endfacet
  facet normal  9.510567e-001  0.000000e+000  3.090163e-001
    outer loop
      vertex  3.237069e+001  5.400000e+001  1.058970e+001
      vertex  3.175000e+001  5.900000e+001  1.250000e+001
      vertex  3.175000e+001  5.400000e+001  1.250000e+001
    endloop
  endfacet
  facet normal  0.000000e+000  1.000000e+000  0.000000e+000
    outer loop
      vertex  3.630815e+001  5.400000e+001  1.119185e+001
      vertex  3.762931e+001  5.400000e+001  1.058970e+001
      vertex  3.500000e+001  5.400000e+001  1.065000e+001
    endloop
  endfacet
  facet normal  0.000000e+000  1.000000e+000  0.000000e+000
    outer loop
      vertex  3.500000e+001  5.400000e+001  1.065000e+001
      vertex  3.762931e+001  5.400000e+001  1.058970e+001
      vertex  3.600431e+001  5.400000e+001  9.409066e+000
    endloop
  endfacet
  facet normal  0.000000e+000  1.000000e+000  0.000000e+000
    outer loop
      vertex  3.500000e+001  5.400000e+001  1.065000e+001
      vertex  3.600431e+001  5.400000e+001  9.409066e+000
      vertex  3.399569e+001  5.400000e+001  9.409066e+000
    endloop
  endfacet
  facet normal  0.000000e+000  1.000000e+000  0.000000e+000
    outer loop
      vertex  3.369185e+001  5.400000e+001  1.380815e+001
      vertex  3.237069e+001  5.400000e+001  1.441030e+001
      vertex  3.500000e+001  5.400000e+001  1.435000e+001
    endloop
  endfacet
  facet normal  0.000000e+000  1.000000e+000  0.000000e+000
    outer loop
      vertex  3.500000e+001  5.400000e+001  1.435000e+001
      vertex  3.237069e+001  5.400000e+001  1.441030e+001
      vertex  3.399569e+001  5.400000e+001  1.559093e+001
    endloop
  endfacet
  facet normal  -0.000000e+000  1.000000e+000  0.000000e+000
    outer loop
      vertex  3.500000e+001  5.400000e+001  1.435000e+001
      vertex  3.399569e+001  5.400000e+001  1.559093e+001
      vertex  3.600431e+001  5.400000e+001  1.559093e+001
    endloop
  endfacet
  facet normal  0.000000e+000  1.000000e+000  0.000000e+000
    outer loop
      vertex  3.237069e+001  5.400000e+001  1.058970e+001
      vertex  3.500000e+001  5.400000e+001  1.065000e+001
      vertex  3.399569e+001  5.400000e+001  9.409066e+000
    endloop
  endfacet
  facet normal  0.000000e+000  1.000000e+000  0.000000e+000
    outer loop
      vertex  3.500000e+001  5.400000e+001  1.065000e+001
      vertex  3.237069e+001  5.400000e+001  1.058970e+001
      vertex  3.369185e+001  5.400000e+001  1.119185e+001
    endloop
  endfacet
  facet normal  0.000000e+000  1.000000e+000  0.000000e+000
    outer loop
      vertex  3.369185e+001  5.400000e+001  1.119185e+001
      vertex  3.237069e+001  5.400000e+001  1.058970e+001
      vertex  3.175000e+001  5.400000e+001  1.250000e+001
    endloop
  endfacet
  facet normal  -0.000000e+000  9.999999e-001  0.000000e+000
    outer loop
      vertex  3.369185e+001  5.400000e+001  1.119185e+001
      vertex  3.175000e+001  5.400000e+001  1.250000e+001
      vertex  3.315000e+001  5.400000e+001  1.250000e+001
    endloop
  endfacet
  facet normal  0.000000e+000  1.000000e+000  0.000000e+000
    outer loop
      vertex  3.315000e+001  5.400000e+001  1.250000e+001
      vertex  3.175000e+001  5.400000e+001  1.250000e+001
      vertex  3.237069e+001  5.400000e+001  1.441030e+001
    endloop
  endfacet
  facet normal  0.000000e+000  1.000000e+000  0.000000e+000
    outer loop
      vertex  3.315000e+001  5.400000e+001  1.250000e+001
      vertex  3.237069e+001  5.400000e+001  1.441030e+001
      vertex  3.369185e+001  5.400000e+001  1.380815e+001
    endloop
  endfacet
  facet normal  0.000000e+000  1.000000e+000  0.000000e+000
    outer loop
      vertex  3.762931e+001  5.400000e+001  1.441030e+001
      vertex  3.500000e+001  5.400000e+001  1.435000e+001
      vertex  3.600431e+001  5.400000e+001  1.559093e+001
    endloop
  endfacet
  facet normal  0.000000e+000  1.000000e+000  0.000000e+000
    outer loop
      vertex  3.500000e+001  5.400000e+001  1.435000e+001
      vertex  3.762931e+001  5.400000e+001  1.441030e+001
      vertex  3.630815e+001  5.400000e+001  1.380815e+001
    endloop
  endfacet
  facet normal  -0.000000e+000  1.000000e+000  0.000000e+000
    outer loop
      vertex  3.630815e+001  5.400000e+001  1.380815e+001
      vertex  3.762931e+001  5.400000e+001  1.441030e+001
      vertex  3.825000e+001  5.400000e+001  1.250000e+001
    endloop
  endfacet
  facet normal  0.000000e+000  9.999999e-001  0.000000e+000
    outer loop
      vertex  3.630815e+001  5.400000e+001  1.380815e+001
      vertex  3.825000e+001  5.400000e+001  1.250000e+001
      vertex  3.685000e+001  5.400000e+001  1.250000e+001
    endloop
  endfacet
  facet normal  -0.000000e+000  1.000000e+000  0.000000e+000
    outer loop
      vertex  3.685000e+001  5.400000e+001  1.250000e+001
      vertex  3.825000e+001  5.400000e+001  1.250000e+001
      vertex  3.762931e+001  5.400000e+001  1.058970e+001
    endloop
  endfacet
  facet normal  0.000000e+000  1.000000e+000  0.000000e+000
    outer loop
      vertex  3.685000e+001  5.400000e+001  1.250000e+001
      vertex  3.762931e+001  5.400000e+001  1.058970e+001
      vertex  3.630815e+001  5.400000e+001  1.119185e+001
    endloop
  endfacet
  facet normal  -0.000000e+000  0.000000e+000  1.000000e+000
    outer loop
      vertex -3.050000e+001 -4.400000e+001  2.150000e+001
      vertex -3.950000e+001 -4.400000e+001  2.150000e+001
      vertex -3.050000e+001 -5.150000e+001  2.150000e+001
    endloop
  endfacet
  facet normal  0.000000e+000  0.000000e+000  1.000000e+000
    outer loop
      vertex -3.050000e+001 -5.150000e+001  2.150000e+001
      vertex -3.950000e+001 -4.400000e+001  2.150000e+001
      vertex -3.950000e+001 -5.150000e+001  2.150000e+001
    endloop
  endfacet
  facet normal  -0.000000e+000  0.000000e+000 -1.000000e+000
    outer loop
      vertex -7.500000e+000 -4.000000e+001 -1.500000e+002
      vertex  7.500000e+000 -4.000000e+001 -1.500000e+002
      vertex  1.738422e+000 -4.476158e+001 -1.500000e+002
    endloop
  endfacet
  facet normal  0.000000e+000  0.000000e+000 -1.000000e+000
    outer loop
      vertex -7.500000e+000 -4.000000e+001 -1.500000e+002
      vertex  1.738422e+000 -4.476158e+001 -1.500000e+002
      vertex  1.692450e-015 -4.404150e+001 -1.500000e+002
    endloop
  endfacet
  facet normal  -0.000000e+000  0.000000e+000 -1.000000e+000
    outer loop
      vertex -7.500000e+000 -4.000000e+001 -1.500000e+002
      vertex  1.692450e-015 -4.404150e+001 -1.500000e+002
      vertex -1.738422e+000 -4.476158e+001 -1.500000e+002
    endloop
  endfacet
  facet normal  -0.000000e+000  0.000000e+000 -1.000000e+000
    outer loop
      vertex -7.500000e+000 -4.000000e+001 -1.500000e+002
      vertex -1.738422e+000 -4.476158e+001 -1.500000e+002
      vertex -7.500000e+000 -5.000000e+001 -1.500000e+002
    endloop
  endfacet
  facet normal  0.000000e+000  0.000000e+000 -1.000000e+000
    outer loop
      vertex -7.500000e+000 -5.000000e+001 -1.500000e+002
      vertex -1.738422e+000 -4.476158e+001 -1.500000e+002
      vertex -2.458500e+000 -4.650000e+001 -1.500000e+002
    endloop
  endfacet
  facet normal  0.000000e+000  -0.000000e+000 -1.000000e+000
    outer loop
      vertex -7.500000e+000 -5.000000e+001 -1.500000e+002
      vertex -2.458500e+000 -4.650000e+001 -1.500000e+002
      vertex -1.738422e+000 -4.823842e+001 -1.500000e+002
    endloop
  endfacet
  facet normal  0.000000e+000  -0.000000e+000 -1.000000e+000
    outer loop
      vertex -7.500000e+000 -5.000000e+001 -1.500000e+002
      vertex -1.738422e+000 -4.823842e+001 -1.500000e+002
      vertex -6.796916e-016 -4.895850e+001 -1.500000e+002
    endloop
  endfacet
  facet normal  0.000000e+000  -0.000000e+000 -9.999999e-001
    outer loop
      vertex -7.500000e+000 -5.000000e+001 -1.500000e+002
      vertex -6.796916e-016 -4.895850e+001 -1.500000e+002
      vertex  7.500000e+000 -5.000000e+001 -1.500000e+002
    endloop
  endfacet
  facet normal  0.000000e+000  0.000000e+000 -1.000000e+000
    outer loop
      vertex  7.500000e+000 -5.000000e+001 -1.500000e+002
      vertex -6.796916e-016 -4.895850e+001 -1.500000e+002
      vertex  1.738422e+000 -4.823842e+001 -1.500000e+002
    endloop
  endfacet
  facet normal  0.000000e+000  0.000000e+000 -1.000000e+000
    outer loop
      vertex  7.500000e+000 -5.000000e+001 -1.500000e+002
      vertex  1.738422e+000 -4.823842e+001 -1.500000e+002
      vertex  2.458500e+000 -4.650000e+001 -1.500000e+002
    endloop
  endfacet
  facet normal  0.000000e+000  0.000000e+000 -1.000000e+000
    outer loop
      vertex  7.500000e+000 -5.000000e+001 -1.500000e+002
      vertex  2.458500e+000 -4.650000e+001 -1.500000e+002
      vertex  1.738422e+000 -4.476158e+001 -1.500000e+002
    endloop
  endfacet
  facet normal  0.000000e+000  0.000000e+000 -1.000000e+000
    outer loop
      vertex  7.500000e+000 -5.000000e+001 -1.500000e+002
      vertex  1.738422e+000 -4.476158e+001 -1.500000e+002
      vertex  7.500000e+000 -4.000000e+001 -1.500000e+002
    endloop
  endfacet
  facet normal -3.826832e-001  9.238796e-001  0.000000e+000
    outer loop
      vertex -6.796916e-016 -4.895850e+001 -1.500000e+002
      vertex  1.738422e+000 -4.823842e+001 -1.300000e+002
      vertex  1.738422e+000 -4.823842e+001 -1.500000e+002
    endloop
  endfacet
  facet normal -9.238796e-001  3.826833e-001  0.000000e+000
    outer loop
      vertex  1.738422e+000 -4.823842e+001 -1.500000e+002
      vertex  1.738422e+000 -4.823842e+001 -1.300000e+002
      vertex  2.458500e+000 -4.650000e+001 -1.300000e+002
    endloop
  endfacet
  facet normal -9.238796e-001  3.826833e-001  0.000000e+000
    outer loop
      vertex  1.738422e+000 -4.823842e+001 -1.500000e+002
      vertex  2.458500e+000 -4.650000e+001 -1.300000e+002
      vertex  2.458500e+000 -4.650000e+001 -1.500000e+002
    endloop
  endfacet
  facet normal -3.826832e-001  9.238796e-001 -4.466155e-017
    outer loop
      vertex  1.738422e+000 -4.823842e+001 -1.300000e+002
      vertex -6.796916e-016 -4.895850e+001 -1.500000e+002
      vertex -3.013818e-015 -4.895850e+001 -1.300000e+002
    endloop
  endfacet
  facet normal  3.826832e-001  9.238796e-001  4.466155e-017
    outer loop
      vertex -3.013818e-015 -4.895850e+001 -1.300000e+002
      vertex -6.796916e-016 -4.895850e+001 -1.500000e+002
      vertex -1.738422e+000 -4.823842e+001 -1.500000e+002
    endloop
  endfacet
  facet normal  3.826832e-001  9.238796e-001  -0.000000e+000
    outer loop
      vertex -3.013818e-015 -4.895850e+001 -1.300000e+002
      vertex -1.738422e+000 -4.823842e+001 -1.500000e+002
      vertex -1.738422e+000 -4.823842e+001 -1.300000e+002
    endloop
  endfacet
  facet normal  9.238796e-001  3.826833e-001  0.000000e+000
    outer loop
      vertex -1.738422e+000 -4.823842e+001 -1.300000e+002
      vertex -1.738422e+000 -4.823842e+001 -1.500000e+002
      vertex -2.458500e+000 -4.650000e+001 -1.500000e+002
    endloop
  endfacet
  facet normal  9.238796e-001  3.826833e-001  -0.000000e+000
    outer loop
      vertex -1.738422e+000 -4.823842e+001 -1.300000e+002
      vertex -2.458500e+000 -4.650000e+001 -1.500000e+002
      vertex -2.458500e+000 -4.650000e+001 -1.300000e+002
    endloop
  endfacet
  facet normal  3.826832e-001 -9.238796e-001  0.000000e+000
    outer loop
      vertex  1.692450e-015 -4.404150e+001 -1.500000e+002
      vertex -1.738422e+000 -4.476158e+001 -1.300000e+002
      vertex -1.738422e+000 -4.476158e+001 -1.500000e+002
    endloop
  endfacet
  facet normal  9.238796e-001 -3.826833e-001  0.000000e+000
    outer loop
      vertex -1.738422e+000 -4.476158e+001 -1.500000e+002
      vertex -1.738422e+000 -4.476158e+001 -1.300000e+002
      vertex -2.458500e+000 -4.650000e+001 -1.300000e+002
    endloop
  endfacet
  facet normal  9.238796e-001 -3.826833e-001  0.000000e+000
    outer loop
      vertex -1.738422e+000 -4.476158e+001 -1.500000e+002
      vertex -2.458500e+000 -4.650000e+001 -1.300000e+002
      vertex -2.458500e+000 -4.650000e+001 -1.500000e+002
    endloop
  endfacet
  facet normal  3.826832e-001 -9.238796e-001  3.890064e-017
    outer loop
      vertex -1.738422e+000 -4.476158e+001 -1.300000e+002
      vertex  1.692450e-015 -4.404150e+001 -1.500000e+002
      vertex -3.405968e-016 -4.404150e+001 -1.300000e+002
    endloop
  endfacet
  facet normal -3.826832e-001 -9.238796e-001 -3.890064e-017
    outer loop
      vertex -3.405968e-016 -4.404150e+001 -1.300000e+002
      vertex  1.692450e-015 -4.404150e+001 -1.500000e+002
      vertex  1.738422e+000 -4.476158e+001 -1.500000e+002
    endloop
  endfacet
  facet normal -3.826832e-001 -9.238796e-001  0.000000e+000
    outer loop
      vertex -3.405968e-016 -4.404150e+001 -1.300000e+002
      vertex  1.738422e+000 -4.476158e+001 -1.500000e+002
      vertex  1.738422e+000 -4.476158e+001 -1.300000e+002
    endloop
  endfacet
  facet normal -9.238796e-001 -3.826833e-001  -0.000000e+000
    outer loop
      vertex  1.738422e+000 -4.476158e+001 -1.300000e+002
      vertex  1.738422e+000 -4.476158e+001 -1.500000e+002
      vertex  2.458500e+000 -4.650000e+001 -1.500000e+002
    endloop
  endfacet
  facet normal -9.238796e-001 -3.826833e-001  0.000000e+000
    outer loop
      vertex  1.738422e+000 -4.476158e+001 -1.300000e+002
      vertex  2.458500e+000 -4.650000e+001 -1.500000e+002
      vertex  2.458500e+000 -4.650000e+001 -1.300000e+002
    endloop
  endfacet
  facet normal -4.896105e-001  2.028032e-001 -8.480286e-001
    outer loop
      vertex  1.110223e-016 -4.650000e+001 -1.285806e+002
      vertex  2.458500e+000 -4.650000e+001 -1.300000e+002
      vertex  1.738422e+000 -4.823842e+001 -1.300000e+002
    endloop
  endfacet
  facet normal -2.028031e-001  4.896104e-001 -8.480285e-001
    outer loop
      vertex  1.110223e-016 -4.650000e+001 -1.285806e+002
      vertex  1.738422e+000 -4.823842e+001 -1.300000e+002
      vertex -3.013818e-015 -4.895850e+001 -1.300000e+002
    endloop
  endfacet
  facet normal  2.028031e-001  4.896104e-001 -8.480285e-001
    outer loop
      vertex  1.110223e-016 -4.650000e+001 -1.285806e+002
      vertex -3.013818e-015 -4.895850e+001 -1.300000e+002
      vertex -1.738422e+000 -4.823842e+001 -1.300000e+002
    endloop
  endfacet
  facet normal  4.896105e-001  2.028032e-001 -8.480286e-001
    outer loop
      vertex  1.110223e-016 -4.650000e+001 -1.285806e+002
      vertex -1.738422e+000 -4.823842e+001 -1.300000e+002
      vertex -2.458500e+000 -4.650000e+001 -1.300000e+002
    endloop
  endfacet
  facet normal  4.896105e-001 -2.028032e-001 -8.480286e-001
    outer loop
      vertex  1.110223e-016 -4.650000e+001 -1.285806e+002
      vertex -2.458500e+000 -4.650000e+001 -1.300000e+002
      vertex -1.738422e+000 -4.476158e+001 -1.300000e+002
    endloop
  endfacet
  facet normal  2.028031e-001 -4.896104e-001 -8.480285e-001
    outer loop
      vertex  1.110223e-016 -4.650000e+001 -1.285806e+002
      vertex -1.738422e+000 -4.476158e+001 -1.300000e+002
      vertex -3.405968e-016 -4.404150e+001 -1.300000e+002
    endloop
  endfacet
  facet normal -2.028031e-001 -4.896104e-001 -8.480285e-001
    outer loop
      vertex  1.110223e-016 -4.650000e+001 -1.285806e+002
      vertex -3.405968e-016 -4.404150e+001 -1.300000e+002
      vertex  1.738422e+000 -4.476158e+001 -1.300000e+002
    endloop
  endfacet
  facet normal -4.896105e-001 -2.028032e-001 -8.480286e-001
    outer loop
      vertex  1.110223e-016 -4.650000e+001 -1.285806e+002
      vertex  1.738422e+000 -4.476158e+001 -1.300000e+002
      vertex  2.458500e+000 -4.650000e+001 -1.300000e+002
    endloop
  endfacet
  facet normal  0.000000e+000  0.000000e+000 -1.000000e+000
    outer loop
      vertex  7.500000e+000  5.000000e+001 -1.500000e+002
      vertex  1.738422e+000  4.823842e+001 -1.500000e+002
      vertex  1.692450e-015  4.895850e+001 -1.500000e+002
    endloop
  endfacet
  facet normal  -0.000000e+000  0.000000e+000 -9.999999e-001
    outer loop
      vertex -7.500000e+000  5.000000e+001 -1.500000e+002
      vertex  7.500000e+000  5.000000e+001 -1.500000e+002
      vertex  1.692450e-015  4.895850e+001 -1.500000e+002
    endloop
  endfacet
  facet normal  -0.000000e+000  0.000000e+000 -1.000000e+000
    outer loop
      vertex -7.500000e+000  5.000000e+001 -1.500000e+002
      vertex  1.692450e-015  4.895850e+001 -1.500000e+002
      vertex -1.738422e+000  4.823842e+001 -1.500000e+002
    endloop
  endfacet
  facet normal  -0.000000e+000  0.000000e+000 -1.000000e+000
    outer loop
      vertex -7.500000e+000  5.000000e+001 -1.500000e+002
      vertex -1.738422e+000  4.823842e+001 -1.500000e+002
      vertex -7.500000e+000  4.000000e+001 -1.500000e+002
    endloop
  endfacet
  facet normal  0.000000e+000  0.000000e+000 -1.000000e+000
    outer loop
      vertex -7.500000e+000  4.000000e+001 -1.500000e+002
      vertex -1.738422e+000  4.823842e+001 -1.500000e+002
      vertex -2.458500e+000  4.650000e+001 -1.500000e+002
    endloop
  endfacet
  facet normal  0.000000e+000  -0.000000e+000 -1.000000e+000
    outer loop
      vertex -7.500000e+000  4.000000e+001 -1.500000e+002
      vertex -2.458500e+000  4.650000e+001 -1.500000e+002
      vertex -1.738422e+000  4.476158e+001 -1.500000e+002
    endloop
  endfacet
  facet normal  0.000000e+000  -0.000000e+000 -1.000000e+000
    outer loop
      vertex -7.500000e+000  4.000000e+001 -1.500000e+002
      vertex -1.738422e+000  4.476158e+001 -1.500000e+002
      vertex -6.796916e-016  4.404150e+001 -1.500000e+002
    endloop
  endfacet
  facet normal  0.000000e+000  -0.000000e+000 -1.000000e+000
    outer loop
      vertex -7.500000e+000  4.000000e+001 -1.500000e+002
      vertex -6.796916e-016  4.404150e+001 -1.500000e+002
      vertex  7.500000e+000  4.000000e+001 -1.500000e+002
    endloop
  endfacet
  facet normal  0.000000e+000  0.000000e+000 -1.000000e+000
    outer loop
      vertex  7.500000e+000  4.000000e+001 -1.500000e+002
      vertex -6.796916e-016  4.404150e+001 -1.500000e+002
      vertex  1.738422e+000  4.476158e+001 -1.500000e+002
    endloop
  endfacet
  facet normal  0.000000e+000  0.000000e+000 -1.000000e+000
    outer loop
      vertex  7.500000e+000  4.000000e+001 -1.500000e+002
      vertex  1.738422e+000  4.476158e+001 -1.500000e+002
      vertex  2.458500e+000  4.650000e+001 -1.500000e+002
    endloop
  endfacet
  facet normal  0.000000e+000  0.000000e+000 -1.000000e+000
    outer loop
      vertex  7.500000e+000  4.000000e+001 -1.500000e+002
      vertex  2.458500e+000  4.650000e+001 -1.500000e+002
      vertex  1.738422e+000  4.823842e+001 -1.500000e+002
    endloop
  endfacet
  facet normal  0.000000e+000  0.000000e+000 -1.000000e+000
    outer loop
      vertex  7.500000e+000  4.000000e+001 -1.500000e+002
      vertex  1.738422e+000  4.823842e+001 -1.500000e+002
      vertex  7.500000e+000  5.000000e+001 -1.500000e+002
    endloop
  endfacet
  facet normal  3.826832e-001 -9.238796e-001  0.000000e+000
    outer loop
      vertex  1.692450e-015  4.895850e+001 -1.500000e+002
      vertex -1.738422e+000  4.823842e+001 -1.300000e+002
      vertex -1.738422e+000  4.823842e+001 -1.500000e+002
    endloop
  endfacet
  facet normal  9.238796e-001 -3.826833e-001  0.000000e+000
    outer loop
      vertex -1.738422e+000  4.823842e+001 -1.500000e+002
      vertex -1.738422e+000  4.823842e+001 -1.300000e+002
      vertex -2.458500e+000  4.650000e+001 -1.300000e+002
    endloop
  endfacet
  facet normal  9.238796e-001 -3.826833e-001  0.000000e+000
    outer loop
      vertex -1.738422e+000  4.823842e+001 -1.500000e+002
      vertex -2.458500e+000  4.650000e+001 -1.300000e+002
      vertex -2.458500e+000  4.650000e+001 -1.500000e+002
    endloop
  endfacet
  facet normal  3.826832e-001 -9.238796e-001  3.890064e-017
    outer loop
      vertex -1.738422e+000  4.823842e+001 -1.300000e+002
      vertex  1.692450e-015  4.895850e+001 -1.500000e+002
      vertex -3.405968e-016  4.895850e+001 -1.300000e+002
    endloop
  endfacet
  facet normal -3.826832e-001 -9.238796e-001 -3.890064e-017
    outer loop
      vertex -3.405968e-016  4.895850e+001 -1.300000e+002
      vertex  1.692450e-015  4.895850e+001 -1.500000e+002
      vertex  1.738422e+000  4.823842e+001 -1.500000e+002
    endloop
  endfacet
  facet normal -3.826832e-001 -9.238796e-001  0.000000e+000
    outer loop
      vertex -3.405968e-016  4.895850e+001 -1.300000e+002
      vertex  1.738422e+000  4.823842e+001 -1.500000e+002
      vertex  1.738422e+000  4.823842e+001 -1.300000e+002
    endloop
  endfacet
  facet normal -9.238796e-001 -3.826833e-001  -0.000000e+000
    outer loop
      vertex  1.738422e+000  4.823842e+001 -1.300000e+002
      vertex  1.738422e+000  4.823842e+001 -1.500000e+002
      vertex  2.458500e+000  4.650000e+001 -1.500000e+002
    endloop
  endfacet
  facet normal -9.238796e-001 -3.826833e-001  0.000000e+000
    outer loop
      vertex  1.738422e+000  4.823842e+001 -1.300000e+002
      vertex  2.458500e+000  4.650000e+001 -1.500000e+002
      vertex  2.458500e+000  4.650000e+001 -1.300000e+002
    endloop
  endfacet
  facet normal -3.826832e-001  9.238796e-001  0.000000e+000
    outer loop
      vertex -6.796916e-016  4.404150e+001 -1.500000e+002
      vertex  1.738422e+000  4.476158e+001 -1.300000e+002
      vertex  1.738422e+000  4.476158e+001 -1.500000e+002
    endloop
  endfacet
  facet normal -9.238796e-001  3.826833e-001  0.000000e+000
    outer loop
      vertex  1.738422e+000  4.476158e+001 -1.500000e+002
      vertex  1.738422e+000  4.476158e+001 -1.300000e+002
      vertex  2.458500e+000  4.650000e+001 -1.300000e+002
    endloop
  endfacet
  facet normal -9.238796e-001  3.826833e-001  0.000000e+000
    outer loop
      vertex  1.738422e+000  4.476158e+001 -1.500000e+002
      vertex  2.458500e+000  4.650000e+001 -1.300000e+002
      vertex  2.458500e+000  4.650000e+001 -1.500000e+002
    endloop
  endfacet
  facet normal -3.826832e-001  9.238796e-001 -4.466155e-017
    outer loop
      vertex  1.738422e+000  4.476158e+001 -1.300000e+002
      vertex -6.796916e-016  4.404150e+001 -1.500000e+002
      vertex -3.013818e-015  4.404150e+001 -1.300000e+002
    endloop
  endfacet
  facet normal  3.826832e-001  9.238796e-001  4.466155e-017
    outer loop
      vertex -3.013818e-015  4.404150e+001 -1.300000e+002
      vertex -6.796916e-016  4.404150e+001 -1.500000e+002
      vertex -1.738422e+000  4.476158e+001 -1.500000e+002
    endloop
  endfacet
  facet normal  3.826832e-001  9.238796e-001  -0.000000e+000
    outer loop
      vertex -3.013818e-015  4.404150e+001 -1.300000e+002
      vertex -1.738422e+000  4.476158e+001 -1.500000e+002
      vertex -1.738422e+000  4.476158e+001 -1.300000e+002
    endloop
  endfacet
  facet normal  9.238796e-001  3.826833e-001  0.000000e+000
    outer loop
      vertex -1.738422e+000  4.476158e+001 -1.300000e+002
      vertex -1.738422e+000  4.476158e+001 -1.500000e+002
      vertex -2.458500e+000  4.650000e+001 -1.500000e+002
    endloop
  endfacet
  facet normal  9.238796e-001  3.826833e-001  -0.000000e+000
    outer loop
      vertex -1.738422e+000  4.476158e+001 -1.300000e+002
      vertex -2.458500e+000  4.650000e+001 -1.500000e+002
      vertex -2.458500e+000  4.650000e+001 -1.300000e+002
    endloop
  endfacet
  facet normal -4.896105e-001  2.028032e-001 -8.480286e-001
    outer loop
      vertex  1.110223e-016  4.650000e+001 -1.285806e+002
      vertex  2.458500e+000  4.650000e+001 -1.300000e+002
      vertex  1.738422e+000  4.476158e+001 -1.300000e+002
    endloop
  endfacet
  facet normal -2.028031e-001  4.896104e-001 -8.480285e-001
    outer loop
      vertex  1.110223e-016  4.650000e+001 -1.285806e+002
      vertex  1.738422e+000  4.476158e+001 -1.300000e+002
      vertex -3.013818e-015  4.404150e+001 -1.300000e+002
    endloop
  endfacet
  facet normal  2.028031e-001  4.896104e-001 -8.480285e-001
    outer loop
      vertex  1.110223e-016  4.650000e+001 -1.285806e+002
      vertex -3.013818e-015  4.404150e+001 -1.300000e+002
      vertex -1.738422e+000  4.476158e+001 -1.300000e+002
    endloop
  endfacet
  facet normal  4.896105e-001  2.028032e-001 -8.480286e-001
    outer loop
      vertex  1.110223e-016  4.650000e+001 -1.285806e+002
      vertex -1.738422e+000  4.476158e+001 -1.300000e+002
      vertex -2.458500e+000  4.650000e+001 -1.300000e+002
    endloop
  endfacet
  facet normal  4.896105e-001 -2.028032e-001 -8.480286e-001
    outer loop
      vertex  1.110223e-016  4.650000e+001 -1.285806e+002
      vertex -2.458500e+000  4.650000e+001 -1.300000e+002
      vertex -1.738422e+000  4.823842e+001 -1.300000e+002
    endloop
  endfacet
  facet normal  2.028031e-001 -4.896104e-001 -8.480285e-001
    outer loop
      vertex  1.110223e-016  4.650000e+001 -1.285806e+002
      vertex -1.738422e+000  4.823842e+001 -1.300000e+002
      vertex -3.405968e-016  4.895850e+001 -1.300000e+002
    endloop
  endfacet
  facet normal -2.028031e-001 -4.896104e-001 -8.480285e-001
    outer loop
      vertex  1.110223e-016  4.650000e+001 -1.285806e+002
      vertex -3.405968e-016  4.895850e+001 -1.300000e+002
      vertex  1.738422e+000  4.823842e+001 -1.300000e+002
    endloop
  endfacet
  facet normal -4.896105e-001 -2.028032e-001 -8.480286e-001
    outer loop
      vertex  1.110223e-016  4.650000e+001 -1.285806e+002
      vertex  1.738422e+000  4.823842e+001 -1.300000e+002
      vertex  2.458500e+000  4.650000e+001 -1.300000e+002
    endloop
  endfacet
  facet normal -9.807853e-001  0.000000e+000  1.950902e-001
    outer loop
      vertex  2.800000e+001  4.000000e+001 -3.561317e+001
      vertex  2.739104e+001  5.000000e+001 -3.867464e+001
      vertex  2.739104e+001  4.000000e+001 -3.867464e+001
    endloop
  endfacet
  facet normal -8.314695e-001  0.000000e+000  5.555703e-001
    outer loop
      vertex  2.739104e+001  4.000000e+001 -3.867464e+001
      vertex  2.739104e+001  5.000000e+001 -3.867464e+001
      vertex  2.565685e+001  5.000000e+001 -4.127003e+001
    endloop
  endfacet
  facet normal -8.314695e-001  0.000000e+000  5.555703e-001
    outer loop
      vertex  2.739104e+001  4.000000e+001 -3.867464e+001
      vertex  2.565685e+001  5.000000e+001 -4.127003e+001
      vertex  2.565685e+001  4.000000e+001 -4.127003e+001
    endloop
  endfacet
  facet normal -5.555708e-001  0.000000e+000  8.314693e-001
    outer loop
      vertex  2.565685e+001  4.000000e+001 -4.127003e+001
      vertex  2.565685e+001  5.000000e+001 -4.127003e+001
      vertex  2.306147e+001  5.000000e+001 -4.300421e+001
    endloop
  endfacet
  facet normal -5.555708e-001  0.000000e+000  8.314693e-001
    outer loop
      vertex  2.565685e+001  4.000000e+001 -4.127003e+001
      vertex  2.306147e+001  5.000000e+001 -4.300421e+001
      vertex  2.306147e+001  4.000000e+001 -4.300421e+001
    endloop
  endfacet
  facet normal -1.950901e-001  0.000000e+000  9.807854e-001
    outer loop
      vertex  2.306147e+001  4.000000e+001 -4.300421e+001
      vertex  2.306147e+001  5.000000e+001 -4.300421e+001
      vertex  2.000000e+001  5.000000e+001 -4.361317e+001
    endloop
  endfacet
  facet normal -1.950901e-001  0.000000e+000  9.807854e-001
    outer loop
      vertex  2.306147e+001  4.000000e+001 -4.300421e+001
      vertex  2.000000e+001  5.000000e+001 -4.361317e+001
      vertex  2.000000e+001  4.000000e+001 -4.361317e+001
    endloop
  endfacet
  facet normal -9.807853e-001  0.000000e+000  1.950902e-001
    outer loop
      vertex  2.739104e+001  5.000000e+001 -3.867464e+001
      vertex  2.800000e+001  4.000000e+001 -3.561317e+001
      vertex  2.800000e+001  5.000000e+001 -3.561317e+001
    endloop
  endfacet
  facet normal -9.807853e-001  -0.000000e+000 -1.950902e-001
    outer loop
      vertex  2.800000e+001  5.000000e+001 -3.561317e+001
      vertex  2.800000e+001  4.000000e+001 -3.561317e+001
      vertex  2.739104e+001  4.000000e+001 -3.255171e+001
    endloop
  endfacet
  facet normal -9.807853e-001  0.000000e+000 -1.950902e-001
    outer loop
      vertex  2.800000e+001  5.000000e+001 -3.561317e+001
      vertex  2.739104e+001  4.000000e+001 -3.255171e+001
      vertex  2.739104e+001  5.000000e+001 -3.255171e+001
    endloop
  endfacet
  facet normal -8.314697e-001  -0.000000e+000 -5.555701e-001
    outer loop
      vertex  2.739104e+001  5.000000e+001 -3.255171e+001
      vertex  2.739104e+001  4.000000e+001 -3.255171e+001
      vertex  2.565685e+001  4.000000e+001 -2.995632e+001
    endloop
  endfacet
  facet normal -8.314697e-001  0.000000e+000 -5.555701e-001
    outer loop
      vertex  2.739104e+001  5.000000e+001 -3.255171e+001
      vertex  2.565685e+001  4.000000e+001 -2.995632e+001
      vertex  2.565685e+001  5.000000e+001 -2.995632e+001
    endloop
  endfacet
  facet normal -5.555703e-001  -0.000000e+000 -8.314695e-001
    outer loop
      vertex  2.565685e+001  5.000000e+001 -2.995632e+001
      vertex  2.565685e+001  4.000000e+001 -2.995632e+001
      vertex  2.306147e+001  4.000000e+001 -2.822214e+001
    endloop
  endfacet
  facet normal -5.555703e-001  0.000000e+000 -8.314695e-001
    outer loop
      vertex  2.565685e+001  5.000000e+001 -2.995632e+001
      vertex  2.306147e+001  4.000000e+001 -2.822214e+001
      vertex  2.306147e+001  5.000000e+001 -2.822214e+001
    endloop
  endfacet
  facet normal -1.950901e-001  -0.000000e+000 -9.807854e-001
    outer loop
      vertex  2.306147e+001  5.000000e+001 -2.822214e+001
      vertex  2.306147e+001  4.000000e+001 -2.822214e+001
      vertex  2.000000e+001  4.000000e+001 -2.761317e+001
    endloop
  endfacet
  facet normal -1.950901e-001  0.000000e+000 -9.807854e-001
    outer loop
      vertex  2.306147e+001  5.000000e+001 -2.822214e+001
      vertex  2.000000e+001  4.000000e+001 -2.761317e+001
      vertex  2.000000e+001  5.000000e+001 -2.761317e+001
    endloop
  endfacet
  facet normal -9.807853e-001  0.000000e+000  1.950902e-001
    outer loop
      vertex  2.800000e+001 -5.000000e+001 -3.561317e+001
      vertex  2.739104e+001 -4.000000e+001 -3.867464e+001
      vertex  2.739104e+001 -5.000000e+001 -3.867464e+001
    endloop
  endfacet
  facet normal -8.314695e-001  0.000000e+000  5.555703e-001
    outer loop
      vertex  2.739104e+001 -5.000000e+001 -3.867464e+001
      vertex  2.739104e+001 -4.000000e+001 -3.867464e+001
      vertex  2.565685e+001 -4.000000e+001 -4.127003e+001
    endloop
  endfacet
  facet normal -8.314695e-001  0.000000e+000  5.555703e-001
    outer loop
      vertex  2.739104e+001 -5.000000e+001 -3.867464e+001
      vertex  2.565685e+001 -4.000000e+001 -4.127003e+001
      vertex  2.565685e+001 -5.000000e+001 -4.127003e+001
    endloop
  endfacet
  facet normal -5.555708e-001  0.000000e+000  8.314693e-001
    outer loop
      vertex  2.565685e+001 -5.000000e+001 -4.127003e+001
      vertex  2.565685e+001 -4.000000e+001 -4.127003e+001
      vertex  2.306147e+001 -4.000000e+001 -4.300421e+001
    endloop
  endfacet
  facet normal -5.555708e-001  0.000000e+000  8.314693e-001
    outer loop
      vertex  2.565685e+001 -5.000000e+001 -4.127003e+001
      vertex  2.306147e+001 -4.000000e+001 -4.300421e+001
      vertex  2.306147e+001 -5.000000e+001 -4.300421e+001
    endloop
  endfacet
  facet normal -1.950901e-001  0.000000e+000  9.807854e-001
    outer loop
      vertex  2.306147e+001 -5.000000e+001 -4.300421e+001
      vertex  2.306147e+001 -4.000000e+001 -4.300421e+001
      vertex  2.000000e+001 -4.000000e+001 -4.361317e+001
    endloop
  endfacet
  facet normal -1.950901e-001  0.000000e+000  9.807854e-001
    outer loop
      vertex  2.306147e+001 -5.000000e+001 -4.300421e+001
      vertex  2.000000e+001 -4.000000e+001 -4.361317e+001
      vertex  2.000000e+001 -5.000000e+001 -4.361317e+001
    endloop
  endfacet
  facet normal -9.807853e-001  0.000000e+000  1.950902e-001
    outer loop
      vertex  2.739104e+001 -4.000000e+001 -3.867464e+001
      vertex  2.800000e+001 -5.000000e+001 -3.561317e+001
      vertex  2.800000e+001 -4.000000e+001 -3.561317e+001
    endloop
  endfacet
  facet normal -9.807853e-001  -0.000000e+000 -1.950902e-001
    outer loop
      vertex  2.800000e+001 -4.000000e+001 -3.561317e+001
      vertex  2.800000e+001 -5.000000e+001 -3.561317e+001
      vertex  2.739104e+001 -5.000000e+001 -3.255171e+001
    endloop
  endfacet
  facet normal -9.807853e-001  0.000000e+000 -1.950902e-001
    outer loop
      vertex  2.800000e+001 -4.000000e+001 -3.561317e+001
      vertex  2.739104e+001 -5.000000e+001 -3.255171e+001
      vertex  2.739104e+001 -4.000000e+001 -3.255171e+001
    endloop
  endfacet
  facet normal -8.314697e-001  -0.000000e+000 -5.555701e-001
    outer loop
      vertex  2.739104e+001 -4.000000e+001 -3.255171e+001
      vertex  2.739104e+001 -5.000000e+001 -3.255171e+001
      vertex  2.565685e+001 -5.000000e+001 -2.995632e+001
    endloop
  endfacet
  facet normal -8.314697e-001  0.000000e+000 -5.555701e-001
    outer loop
      vertex  2.739104e+001 -4.000000e+001 -3.255171e+001
      vertex  2.565685e+001 -5.000000e+001 -2.995632e+001
      vertex  2.565685e+001 -4.000000e+001 -2.995632e+001
    endloop
  endfacet
  facet normal -5.555703e-001  -0.000000e+000 -8.314695e-001
    outer loop
      vertex  2.565685e+001 -4.000000e+001 -2.995632e+001
      vertex  2.565685e+001 -5.000000e+001 -2.995632e+001
      vertex  2.306147e+001 -5.000000e+001 -2.822214e+001
    endloop
  endfacet
  facet normal -5.555703e-001  0.000000e+000 -8.314695e-001
    outer loop
      vertex  2.565685e+001 -4.000000e+001 -2.995632e+001
      vertex  2.306147e+001 -5.000000e+001 -2.822214e+001
      vertex  2.306147e+001 -4.000000e+001 -2.822214e+001
    endloop
  endfacet
  facet normal -1.950901e-001  -0.000000e+000 -9.807854e-001
    outer loop
      vertex  2.306147e+001 -4.000000e+001 -2.822214e+001
      vertex  2.306147e+001 -5.000000e+001 -2.822214e+001
      vertex  2.000000e+001 -5.000000e+001 -2.761317e+001
    endloop
  endfacet
  facet normal -1.950901e-001  0.000000e+000 -9.807854e-001
    outer loop
      vertex  2.306147e+001 -4.000000e+001 -2.822214e+001
      vertex  2.000000e+001 -5.000000e+001 -2.761317e+001
      vertex  2.000000e+001 -4.000000e+001 -2.761317e+001
    endloop
  endfacet
  facet normal  0.000000e+000  0.000000e+000  1.000000e+000
    outer loop
      vertex -2.000000e+001  5.000000e+001 -4.361317e+001
      vertex -2.000000e+001  4.000000e+001 -4.361317e+001
      vertex  2.000000e+001  5.000000e+001 -4.361317e+001
    endloop
  endfacet
  facet normal  0.000000e+000  0.000000e+000  1.000000e+000
    outer loop
      vertex  2.000000e+001  5.000000e+001 -4.361317e+001
      vertex -2.000000e+001  4.000000e+001 -4.361317e+001
      vertex  2.000000e+001  4.000000e+001 -4.361317e+001
    endloop
  endfacet
  facet normal  0.000000e+000  0.000000e+000  1.000000e+000
    outer loop
      vertex -2.000000e+001 -4.000000e+001 -4.361317e+001
      vertex -2.000000e+001 -5.000000e+001 -4.361317e+001
      vertex  2.000000e+001 -4.000000e+001 -4.361317e+001
    endloop
  endfacet
  facet normal  0.000000e+000  0.000000e+000  1.000000e+000
    outer loop
      vertex  2.000000e+001 -4.000000e+001 -4.361317e+001
      vertex -2.000000e+001 -5.000000e+001 -4.361317e+001
      vertex  2.000000e+001 -5.000000e+001 -4.361317e+001
    endloop
  endfacet
  facet normal  9.807853e-001  0.000000e+000 -1.950902e-001
    outer loop
      vertex -2.800000e+001  4.000000e+001 -3.561317e+001
      vertex -2.739104e+001  5.000000e+001 -3.255171e+001
      vertex -2.739104e+001  4.000000e+001 -3.255171e+001
    endloop
  endfacet
  facet normal  8.314697e-001  0.000000e+000 -5.555701e-001
    outer loop
      vertex -2.739104e+001  4.000000e+001 -3.255171e+001
      vertex -2.739104e+001  5.000000e+001 -3.255171e+001
      vertex -2.565685e+001  5.000000e+001 -2.995632e+001
    endloop
  endfacet
  facet normal  8.314697e-001  0.000000e+000 -5.555701e-001
    outer loop
      vertex -2.739104e+001  4.000000e+001 -3.255171e+001
      vertex -2.565685e+001  5.000000e+001 -2.995632e+001
      vertex -2.565685e+001  4.000000e+001 -2.995632e+001
    endloop
  endfacet
  facet normal  5.555703e-001  0.000000e+000 -8.314695e-001
    outer loop
      vertex -2.565685e+001  4.000000e+001 -2.995632e+001
      vertex -2.565685e+001  5.000000e+001 -2.995632e+001
      vertex -2.306147e+001  5.000000e+001 -2.822214e+001
    endloop
  endfacet
  facet normal  5.555703e-001  0.000000e+000 -8.314695e-001
    outer loop
      vertex -2.565685e+001  4.000000e+001 -2.995632e+001
      vertex -2.306147e+001  5.000000e+001 -2.822214e+001
      vertex -2.306147e+001  4.000000e+001 -2.822214e+001
    endloop
  endfacet
  facet normal  1.950901e-001  0.000000e+000 -9.807854e-001
    outer loop
      vertex -2.306147e+001  4.000000e+001 -2.822214e+001
      vertex -2.306147e+001  5.000000e+001 -2.822214e+001
      vertex -2.000000e+001  5.000000e+001 -2.761317e+001
    endloop
  endfacet
  facet normal  1.950901e-001  0.000000e+000 -9.807854e-001
    outer loop
      vertex -2.306147e+001  4.000000e+001 -2.822214e+001
      vertex -2.000000e+001  5.000000e+001 -2.761317e+001
      vertex -2.000000e+001  4.000000e+001 -2.761317e+001
    endloop
  endfacet
  facet normal  9.807853e-001  0.000000e+000 -1.950902e-001
    outer loop
      vertex -2.739104e+001  5.000000e+001 -3.255171e+001
      vertex -2.800000e+001  4.000000e+001 -3.561317e+001
      vertex -2.800000e+001  5.000000e+001 -3.561317e+001
    endloop
  endfacet
  facet normal  9.807853e-001  0.000000e+000  1.950902e-001
    outer loop
      vertex -2.800000e+001  5.000000e+001 -3.561317e+001
      vertex -2.800000e+001  4.000000e+001 -3.561317e+001
      vertex -2.739104e+001  4.000000e+001 -3.867464e+001
    endloop
  endfacet
  facet normal  9.807853e-001  -0.000000e+000  1.950902e-001
    outer loop
      vertex -2.800000e+001  5.000000e+001 -3.561317e+001
      vertex -2.739104e+001  4.000000e+001 -3.867464e+001
      vertex -2.739104e+001  5.000000e+001 -3.867464e+001
    endloop
  endfacet
  facet normal  8.314695e-001  0.000000e+000  5.555703e-001
    outer loop
      vertex -2.739104e+001  5.000000e+001 -3.867464e+001
      vertex -2.739104e+001  4.000000e+001 -3.867464e+001
      vertex -2.565685e+001  4.000000e+001 -4.127003e+001
    endloop
  endfacet
  facet normal  8.314695e-001  -0.000000e+000  5.555703e-001
    outer loop
      vertex -2.739104e+001  5.000000e+001 -3.867464e+001
      vertex -2.565685e+001  4.000000e+001 -4.127003e+001
      vertex -2.565685e+001  5.000000e+001 -4.127003e+001
    endloop
  endfacet
  facet normal  5.555708e-001  0.000000e+000  8.314693e-001
    outer loop
      vertex -2.565685e+001  5.000000e+001 -4.127003e+001
      vertex -2.565685e+001  4.000000e+001 -4.127003e+001
      vertex -2.306147e+001  4.000000e+001 -4.300421e+001
    endloop
  endfacet
  facet normal  5.555708e-001  -0.000000e+000  8.314693e-001
    outer loop
      vertex -2.565685e+001  5.000000e+001 -4.127003e+001
      vertex -2.306147e+001  4.000000e+001 -4.300421e+001
      vertex -2.306147e+001  5.000000e+001 -4.300421e+001
    endloop
  endfacet
  facet normal  1.950901e-001  0.000000e+000  9.807854e-001
    outer loop
      vertex -2.306147e+001  5.000000e+001 -4.300421e+001
      vertex -2.306147e+001  4.000000e+001 -4.300421e+001
      vertex -2.000000e+001  4.000000e+001 -4.361317e+001
    endloop
  endfacet
  facet normal  1.950901e-001  -0.000000e+000  9.807854e-001
    outer loop
      vertex -2.306147e+001  5.000000e+001 -4.300421e+001
      vertex -2.000000e+001  4.000000e+001 -4.361317e+001
      vertex -2.000000e+001  5.000000e+001 -4.361317e+001
    endloop
  endfacet
  facet normal  9.807853e-001  0.000000e+000 -1.950902e-001
    outer loop
      vertex -2.800000e+001 -5.000000e+001 -3.561317e+001
      vertex -2.739104e+001 -4.000000e+001 -3.255171e+001
      vertex -2.739104e+001 -5.000000e+001 -3.255171e+001
    endloop
  endfacet
  facet normal  8.314697e-001  0.000000e+000 -5.555701e-001
    outer loop
      vertex -2.739104e+001 -5.000000e+001 -3.255171e+001
      vertex -2.739104e+001 -4.000000e+001 -3.255171e+001
      vertex -2.565685e+001 -4.000000e+001 -2.995632e+001
    endloop
  endfacet
  facet normal  8.314697e-001  0.000000e+000 -5.555701e-001
    outer loop
      vertex -2.739104e+001 -5.000000e+001 -3.255171e+001
      vertex -2.565685e+001 -4.000000e+001 -2.995632e+001
      vertex -2.565685e+001 -5.000000e+001 -2.995632e+001
    endloop
  endfacet
  facet normal  5.555703e-001  0.000000e+000 -8.314695e-001
    outer loop
      vertex -2.565685e+001 -5.000000e+001 -2.995632e+001
      vertex -2.565685e+001 -4.000000e+001 -2.995632e+001
      vertex -2.306147e+001 -4.000000e+001 -2.822214e+001
    endloop
  endfacet
  facet normal  5.555703e-001  0.000000e+000 -8.314695e-001
    outer loop
      vertex -2.565685e+001 -5.000000e+001 -2.995632e+001
      vertex -2.306147e+001 -4.000000e+001 -2.822214e+001
      vertex -2.306147e+001 -5.000000e+001 -2.822214e+001
    endloop
  endfacet
  facet normal  1.950901e-001  0.000000e+000 -9.807854e-001
    outer loop
      vertex -2.306147e+001 -5.000000e+001 -2.822214e+001
      vertex -2.306147e+001 -4.000000e+001 -2.822214e+001
      vertex -2.000000e+001 -4.000000e+001 -2.761317e+001
    endloop
  endfacet
  facet normal  1.950901e-001  0.000000e+000 -9.807854e-001
    outer loop
      vertex -2.306147e+001 -5.000000e+001 -2.822214e+001
      vertex -2.000000e+001 -4.000000e+001 -2.761317e+001
      vertex -2.000000e+001 -5.000000e+001 -2.761317e+001
    endloop
  endfacet
  facet normal  9.807853e-001  0.000000e+000 -1.950902e-001
    outer loop
      vertex -2.739104e+001 -4.000000e+001 -3.255171e+001
      vertex -2.800000e+001 -5.000000e+001 -3.561317e+001
      vertex -2.800000e+001 -4.000000e+001 -3.561317e+001
    endloop
  endfacet
  facet normal  9.807853e-001  0.000000e+000  1.950902e-001
    outer loop
      vertex -2.800000e+001 -4.000000e+001 -3.561317e+001
      vertex -2.800000e+001 -5.000000e+001 -3.561317e+001
      vertex -2.739104e+001 -5.000000e+001 -3.867464e+001
    endloop
  endfacet
  facet normal  9.807853e-001  -0.000000e+000  1.950902e-001
    outer loop
      vertex -2.800000e+001 -4.000000e+001 -3.561317e+001
      vertex -2.739104e+001 -5.000000e+001 -3.867464e+001
      vertex -2.739104e+001 -4.000000e+001 -3.867464e+001
    endloop
  endfacet
  facet normal  8.314695e-001  0.000000e+000  5.555703e-001
    outer loop
      vertex -2.739104e+001 -4.000000e+001 -3.867464e+001
      vertex -2.739104e+001 -5.000000e+001 -3.867464e+001
      vertex -2.565685e+001 -5.000000e+001 -4.127003e+001
    endloop
  endfacet
  facet normal  8.314695e-001  -0.000000e+000  5.555703e-001
    outer loop
      vertex -2.739104e+001 -4.000000e+001 -3.867464e+001
      vertex -2.565685e+001 -5.000000e+001 -4.127003e+001
      vertex -2.565685e+001 -4.000000e+001 -4.127003e+001
    endloop
  endfacet
  facet normal  5.555708e-001  0.000000e+000  8.314693e-001
    outer loop
      vertex -2.565685e+001 -4.000000e+001 -4.127003e+001
      vertex -2.565685e+001 -5.000000e+001 -4.127003e+001
      vertex -2.306147e+001 -5.000000e+001 -4.300421e+001
    endloop
  endfacet
  facet normal  5.555708e-001  -0.000000e+000  8.314693e-001
    outer loop
      vertex -2.565685e+001 -4.000000e+001 -4.127003e+001
      vertex -2.306147e+001 -5.000000e+001 -4.300421e+001
      vertex -2.306147e+001 -4.000000e+001 -4.300421e+001
    endloop
  endfacet
  facet normal  1.950901e-001  0.000000e+000  9.807854e-001
    outer loop
      vertex -2.306147e+001 -4.000000e+001 -4.300421e+001
      vertex -2.306147e+001 -5.000000e+001 -4.300421e+001
      vertex -2.000000e+001 -5.000000e+001 -4.361317e+001
    endloop
  endfacet
  facet normal  1.950901e-001  -0.000000e+000  9.807854e-001
    outer loop
      vertex -2.306147e+001 -4.000000e+001 -4.300421e+001
      vertex -2.000000e+001 -5.000000e+001 -4.361317e+001
      vertex -2.000000e+001 -4.000000e+001 -4.361317e+001
    endloop
  endfacet
  facet normal  0.000000e+000  0.000000e+000 -1.000000e+000
    outer loop
      vertex  2.000000e+001  5.000000e+001 -2.761317e+001
      vertex  2.000000e+001  4.000000e+001 -2.761317e+001
      vertex -2.000000e+001  5.000000e+001 -2.761317e+001
    endloop
  endfacet
  facet normal  0.000000e+000  0.000000e+000 -1.000000e+000
    outer loop
      vertex -2.000000e+001  5.000000e+001 -2.761317e+001
      vertex  2.000000e+001  4.000000e+001 -2.761317e+001
      vertex -2.000000e+001  4.000000e+001 -2.761317e+001
    endloop
  endfacet
  facet normal  0.000000e+000  0.000000e+000 -1.000000e+000
    outer loop
      vertex  2.000000e+001 -4.000000e+001 -2.761317e+001
      vertex  2.000000e+001 -5.000000e+001 -2.761317e+001
      vertex -2.000000e+001 -4.000000e+001 -2.761317e+001
    endloop
  endfacet
  facet normal  0.000000e+000  0.000000e+000 -1.000000e+000
    outer loop
      vertex -2.000000e+001 -4.000000e+001 -2.761317e+001
      vertex  2.000000e+001 -5.000000e+001 -2.761317e+001
      vertex -2.000000e+001 -5.000000e+001 -2.761317e+001
    endloop
  endfacet
  facet normal  0.000000e+000  0.000000e+000 -1.000000e+000
    outer loop
      vertex -2.634970e+001  3.800000e+001  0.000000e+000
      vertex -2.741027e+001  3.625009e+001  0.000000e+000
      vertex -3.950000e+001  3.800000e+001  0.000000e+000
    endloop
  endfacet
  facet normal  0.000000e+000  0.000000e+000 -1.000000e+000
    outer loop
      vertex  1.980051e+001 -3.800000e+001  0.000000e+000
      vertex  1.262418e+001 -3.800000e+001  0.000000e+000
      vertex  1.926965e+001 -3.734095e+001  0.000000e+000
    endloop
  endfacet
  facet normal  0.000000e+000  0.000000e+000 -1.000000e+000
    outer loop
      vertex  2.741027e+001  3.625009e+001  0.000000e+000
      vertex  3.233493e+001  2.075226e+001  0.000000e+000
      vertex  2.759993e+001  3.421268e+001  0.000000e+000
    endloop
  endfacet
  facet normal  -0.000000e+000  0.000000e+000 -1.000000e+000
    outer loop
      vertex  1.593453e+001 -2.701160e+000  0.000000e+000
      vertex  2.740898e+001 -2.057483e+001  0.000000e+000
      vertex  2.688056e+001 -3.229708e+001  0.000000e+000
    endloop
  endfacet
  facet normal  0.000000e+000  0.000000e+000 -9.999999e-001
    outer loop
      vertex  1.593453e+001 -2.701160e+000  0.000000e+000
      vertex  2.688056e+001 -3.229708e+001  0.000000e+000
      vertex  1.101856e+001 -8.362226e+000  0.000000e+000
    endloop
  endfacet
  facet normal  0.000000e+000  0.000000e+000 -1.000000e+000
    outer loop
      vertex  1.593453e+001 -2.701160e+000  0.000000e+000
      vertex  1.101856e+001 -8.362226e+000  0.000000e+000
      vertex  9.247759e+000 -6.797372e+000  0.000000e+000
    endloop
  endfacet
  facet normal  0.000000e+000  0.000000e+000 -1.000000e+000
    outer loop
      vertex  1.593453e+001 -2.701160e+000  0.000000e+000
      vertex  9.247759e+000 -6.797372e+000  0.000000e+000
      vertex  6.931773e+000 -6.327571e+000  0.000000e+000
    endloop
  endfacet
  facet normal  0.000000e+000  0.000000e+000 -1.000000e+000
    outer loop
      vertex  1.593453e+001 -2.701160e+000  0.000000e+000
      vertex  6.931773e+000 -6.327571e+000  0.000000e+000
      vertex -6.931773e+000 -6.327571e+000  0.000000e+000
    endloop
  endfacet
  facet normal  0.000000e+000  0.000000e+000 -9.999999e-001
    outer loop
      vertex  1.593453e+001 -2.701160e+000  0.000000e+000
      vertex -6.931773e+000 -6.327571e+000  0.000000e+000
      vertex -1.593453e+001 -2.701160e+000  0.000000e+000
    endloop
  endfacet
  facet normal  0.000000e+000  0.000000e+000 -1.000000e+000
    outer loop
      vertex  1.593453e+001 -2.701160e+000  0.000000e+000
      vertex -1.593453e+001 -2.701160e+000  0.000000e+000
      vertex -1.523232e+001 -9.454609e-001  0.000000e+000
    endloop
  endfacet
  facet normal  0.000000e+000  0.000000e+000 -1.000000e+000
    outer loop
      vertex  1.593453e+001 -2.701160e+000  0.000000e+000
      vertex -1.523232e+001 -9.454609e-001  0.000000e+000
      vertex  1.523232e+001 -9.454609e-001  0.000000e+000
    endloop
  endfacet
  facet normal  0.000000e+000  0.000000e+000 -1.000000e+000
    outer loop
      vertex  1.593453e+001  2.701160e+000  0.000000e+000
      vertex  1.523232e+001  9.454609e-001  0.000000e+000
      vertex -1.523232e+001  9.454609e-001  0.000000e+000
    endloop
  endfacet
  facet normal  0.000000e+000  0.000000e+000 -1.000000e+000
    outer loop
      vertex  1.593453e+001  2.701160e+000  0.000000e+000
      vertex -1.523232e+001  9.454609e-001  0.000000e+000
      vertex -1.593453e+001  2.701160e+000  0.000000e+000
    endloop
  endfacet
  facet normal  0.000000e+000  0.000000e+000 -9.999999e-001
    outer loop
      vertex  1.593453e+001  2.701160e+000  0.000000e+000
      vertex -1.593453e+001  2.701160e+000  0.000000e+000
      vertex -6.931773e+000  6.327571e+000  0.000000e+000
    endloop
  endfacet
  facet normal  0.000000e+000  0.000000e+000 -1.000000e+000
    outer loop
      vertex  1.593453e+001  2.701160e+000  0.000000e+000
      vertex -6.931773e+000  6.327571e+000  0.000000e+000
      vertex  6.931773e+000  6.327571e+000  0.000000e+000
    endloop
  endfacet
  facet normal  0.000000e+000  0.000000e+000 -1.000000e+000
    outer loop
      vertex  1.593453e+001  2.701160e+000  0.000000e+000
      vertex  6.931773e+000  6.327571e+000  0.000000e+000
      vertex  9.247759e+000  6.797372e+000  0.000000e+000
    endloop
  endfacet
  facet normal  0.000000e+000  0.000000e+000 -1.000000e+000
    outer loop
      vertex  1.593453e+001  2.701160e+000  0.000000e+000
      vertex  9.247759e+000  6.797372e+000  0.000000e+000
      vertex  1.101856e+001  8.362226e+000  0.000000e+000
    endloop
  endfacet
  facet normal  0.000000e+000  0.000000e+000 -1.000000e+000
    outer loop
      vertex  1.593453e+001  2.701160e+000  0.000000e+000
      vertex  1.101856e+001  8.362226e+000  0.000000e+000
      vertex  2.688056e+001  3.229708e+001  0.000000e+000
    endloop
  endfacet
  facet normal  0.000000e+000  -0.000000e+000 -1.000000e+000
    outer loop
      vertex  1.593453e+001  2.701160e+000  0.000000e+000
      vertex  2.688056e+001  3.229708e+001  0.000000e+000
      vertex  2.740898e+001  2.057483e+001  0.000000e+000
    endloop
  endfacet
  facet normal  0.000000e+000  0.000000e+000 -1.000000e+000
    outer loop
      vertex -1.593453e+001  2.701160e+000  0.000000e+000
      vertex -2.740898e+001  2.057483e+001  0.000000e+000
      vertex -2.688056e+001  3.229708e+001  0.000000e+000
    endloop
  endfacet
  facet normal  0.000000e+000  0.000000e+000 -9.999999e-001
    outer loop
      vertex -1.593453e+001  2.701160e+000  0.000000e+000
      vertex -2.688056e+001  3.229708e+001  0.000000e+000
      vertex -1.101856e+001  8.362226e+000  0.000000e+000
    endloop
  endfacet
  facet normal  0.000000e+000  -0.000000e+000 -1.000000e+000
    outer loop
      vertex -1.593453e+001  2.701160e+000  0.000000e+000
      vertex -1.101856e+001  8.362226e+000  0.000000e+000
      vertex -9.247759e+000  6.797372e+000  0.000000e+000
    endloop
  endfacet
  facet normal  0.000000e+000  -0.000000e+000 -1.000000e+000
    outer loop
      vertex -1.593453e+001  2.701160e+000  0.000000e+000
      vertex -9.247759e+000  6.797372e+000  0.000000e+000
      vertex -6.931773e+000  6.327571e+000  0.000000e+000
    endloop
  endfacet
  facet normal  -0.000000e+000  0.000000e+000 -1.000000e+000
    outer loop
      vertex -1.593453e+001 -2.701160e+000  0.000000e+000
      vertex -6.931773e+000 -6.327571e+000  0.000000e+000
      vertex -9.247759e+000 -6.797372e+000  0.000000e+000
    endloop
  endfacet
  facet normal  -0.000000e+000  0.000000e+000 -1.000000e+000
    outer loop
      vertex -1.593453e+001 -2.701160e+000  0.000000e+000
      vertex -9.247759e+000 -6.797372e+000  0.000000e+000
      vertex -1.101856e+001 -8.362226e+000  0.000000e+000
    endloop
  endfacet
  facet normal  -0.000000e+000  0.000000e+000 -1.000000e+000
    outer loop
      vertex -1.593453e+001 -2.701160e+000  0.000000e+000
      vertex -1.101856e+001 -8.362226e+000  0.000000e+000
      vertex -2.688056e+001 -3.229708e+001  0.000000e+000
    endloop
  endfacet
  facet normal  0.000000e+000  0.000000e+000 -1.000000e+000
    outer loop
      vertex -1.593453e+001 -2.701160e+000  0.000000e+000
      vertex -2.688056e+001 -3.229708e+001  0.000000e+000
      vertex -2.740898e+001 -2.057483e+001  0.000000e+000
    endloop
  endfacet
  facet normal  -0.000000e+000  0.000000e+000 -1.000000e+000
    outer loop
      vertex  3.407649e+000 -1.340610e+001  0.000000e+000
      vertex  1.926965e+001 -3.734095e+001  0.000000e+000
      vertex  1.262418e+001 -3.800000e+001  0.000000e+000
    endloop
  endfacet
  facet normal  0.000000e+000  0.000000e+000 -1.000000e+000
    outer loop
      vertex  3.407649e+000 -1.340610e+001  0.000000e+000
      vertex  1.262418e+001 -3.800000e+001  0.000000e+000
      vertex  2.500701e+000 -2.272425e+001  0.000000e+000
    endloop
  endfacet
  facet normal  0.000000e+000  0.000000e+000 -9.999999e-001
    outer loop
      vertex  3.407649e+000 -1.340610e+001  0.000000e+000
      vertex  2.500701e+000 -2.272425e+001  0.000000e+000
      vertex  9.679030e-001 -2.154194e+001  0.000000e+000
    endloop
  endfacet
  facet normal  0.000000e+000  0.000000e+000 -1.000000e+000
    outer loop
      vertex  3.407649e+000 -1.340610e+001  0.000000e+000
      vertex  9.679030e-001 -2.154194e+001  0.000000e+000
      vertex -3.407649e+000 -1.340610e+001  0.000000e+000
    endloop
  endfacet
  facet normal  0.000000e+000  0.000000e+000 -1.000000e+000
    outer loop
      vertex  3.407649e+000 -1.340610e+001  0.000000e+000
      vertex -3.407649e+000 -1.340610e+001  0.000000e+000
      vertex -2.656515e+000 -1.116549e+001  0.000000e+000
    endloop
  endfacet
  facet normal  0.000000e+000  0.000000e+000 -1.000000e+000
    outer loop
      vertex  3.407649e+000 -1.340610e+001  0.000000e+000
      vertex -2.656515e+000 -1.116549e+001  0.000000e+000
      vertex  2.656515e+000 -1.116549e+001  0.000000e+000
    endloop
  endfacet
  facet normal  0.000000e+000  -0.000000e+000 -1.000000e+000
    outer loop
      vertex  2.688056e+001  3.229708e+001  0.000000e+000
      vertex  2.759993e+001  3.421268e+001  0.000000e+000
      vertex  3.233493e+001  2.075226e+001  0.000000e+000
    endloop
  endfacet
  facet normal  0.000000e+000  0.000000e+000 -1.000000e+000
    outer loop
      vertex  2.688056e+001  3.229708e+001  0.000000e+000
      vertex  3.233493e+001  2.075226e+001  0.000000e+000
      vertex  3.077802e+001  2.183282e+001  0.000000e+000
    endloop
  endfacet
  facet normal  -0.000000e+000  0.000000e+000 -1.000000e+000
    outer loop
      vertex  2.688056e+001  3.229708e+001  0.000000e+000
      vertex  3.077802e+001  2.183282e+001  0.000000e+000
      vertex  2.888411e+001  2.176460e+001  0.000000e+000
    endloop
  endfacet
  facet normal  -0.000000e+000  0.000000e+000 -1.000000e+000
    outer loop
      vertex  2.688056e+001  3.229708e+001  0.000000e+000
      vertex  2.888411e+001  2.176460e+001  0.000000e+000
      vertex  2.740898e+001  2.057483e+001  0.000000e+000
    endloop
  endfacet
  facet normal  0.000000e+000  -0.000000e+000 -1.000000e+000
    outer loop
      vertex  2.500701e+000  2.272425e+001  0.000000e+000
      vertex  1.262418e+001  3.800000e+001  0.000000e+000
      vertex  1.980051e+001  3.800000e+001  0.000000e+000
    endloop
  endfacet
  facet normal  0.000000e+000  0.000000e+000 -9.999999e-001
    outer loop
      vertex  2.500701e+000  2.272425e+001  0.000000e+000
      vertex  1.980051e+001  3.800000e+001  0.000000e+000
      vertex  1.926965e+001  3.734095e+001  0.000000e+000
    endloop
  endfacet
  facet normal  0.000000e+000  0.000000e+000 -1.000000e+000
    outer loop
      vertex  2.500701e+000  2.272425e+001  0.000000e+000
      vertex  1.926965e+001  3.734095e+001  0.000000e+000
      vertex  3.407649e+000  1.340610e+001  0.000000e+000
    endloop
  endfacet
  facet normal  0.000000e+000  0.000000e+000 -1.000000e+000
    outer loop
      vertex  2.500701e+000  2.272425e+001  0.000000e+000
      vertex  3.407649e+000  1.340610e+001  0.000000e+000
      vertex  9.679030e-001  2.154194e+001  0.000000e+000
    endloop
  endfacet
  facet normal  0.000000e+000  0.000000e+000 -1.000000e+000
    outer loop
      vertex -3.407649e+000  1.340610e+001  0.000000e+000
      vertex -1.926965e+001  3.734095e+001  0.000000e+000
      vertex -2.500701e+000  2.272425e+001  0.000000e+000
    endloop
  endfacet
  facet normal  0.000000e+000  -0.000000e+000 -9.999999e-001
    outer loop
      vertex -3.407649e+000  1.340610e+001  0.000000e+000
      vertex -2.500701e+000  2.272425e+001  0.000000e+000
      vertex -9.679030e-001  2.154194e+001  0.000000e+000
    endloop
  endfacet
  facet normal  0.000000e+000  -0.000000e+000 -1.000000e+000
    outer loop
      vertex -3.407649e+000  1.340610e+001  0.000000e+000
      vertex -9.679030e-001  2.154194e+001  0.000000e+000
      vertex  9.679030e-001  2.154194e+001  0.000000e+000
    endloop
  endfacet
  facet normal  0.000000e+000  -0.000000e+000 -1.000000e+000
    outer loop
      vertex -3.407649e+000  1.340610e+001  0.000000e+000
      vertex  9.679030e-001  2.154194e+001  0.000000e+000
      vertex  3.407649e+000  1.340610e+001  0.000000e+000
    endloop
  endfacet
  facet normal  -0.000000e+000  0.000000e+000 -1.000000e+000
    outer loop
      vertex -3.407649e+000  1.340610e+001  0.000000e+000
      vertex  3.407649e+000  1.340610e+001  0.000000e+000
      vertex  2.656515e+000  1.116549e+001  0.000000e+000
    endloop
  endfacet
  facet normal  0.000000e+000  0.000000e+000 -1.000000e+000
    outer loop
      vertex -3.407649e+000  1.340610e+001  0.000000e+000
      vertex  2.656515e+000  1.116549e+001  0.000000e+000
      vertex -2.656515e+000  1.116549e+001  0.000000e+000
    endloop
  endfacet
  facet normal  0.000000e+000  -0.000000e+000 -1.000000e+000
    outer loop
      vertex  2.688056e+001 -3.229708e+001  0.000000e+000
      vertex  2.740898e+001 -2.057483e+001  0.000000e+000
      vertex  2.888411e+001 -2.176460e+001  0.000000e+000
    endloop
  endfacet
  facet normal  0.000000e+000  -0.000000e+000 -1.000000e+000
    outer loop
      vertex  2.688056e+001 -3.229708e+001  0.000000e+000
      vertex  2.888411e+001 -2.176460e+001  0.000000e+000
      vertex  3.077802e+001 -2.183282e+001  0.000000e+000
    endloop
  endfacet
  facet normal  0.000000e+000  -0.000000e+000 -1.000000e+000
    outer loop
      vertex  2.688056e+001 -3.229708e+001  0.000000e+000
      vertex  3.077802e+001 -2.183282e+001  0.000000e+000
      vertex  3.950000e+001 -3.800000e+001  0.000000e+000
    endloop
  endfacet
  facet normal  0.000000e+000  0.000000e+000 -1.000000e+000
    outer loop
      vertex  3.950000e+001 -3.800000e+001  0.000000e+000
      vertex  3.077802e+001 -2.183282e+001  0.000000e+000
      vertex  3.233493e+001 -2.075226e+001  0.000000e+000
    endloop
  endfacet
  facet normal  0.000000e+000  0.000000e+000 -1.000000e+000
    outer loop
      vertex  3.950000e+001 -3.800000e+001  0.000000e+000
      vertex  3.233493e+001 -2.075226e+001  0.000000e+000
      vertex  3.293353e+001 -1.895414e+001  0.000000e+000
    endloop
  endfacet
  facet normal  0.000000e+000  0.000000e+000 -1.000000e+000
    outer loop
      vertex  3.950000e+001 -3.800000e+001  0.000000e+000
      vertex  3.293353e+001 -1.895414e+001  0.000000e+000
      vertex  3.293353e+001  1.895414e+001  0.000000e+000
    endloop
  endfacet
  facet normal  0.000000e+000  0.000000e+000 -9.999999e-001
    outer loop
      vertex  3.950000e+001 -3.800000e+001  0.000000e+000
      vertex  3.293353e+001  1.895414e+001  0.000000e+000
      vertex  3.950000e+001  3.800000e+001  0.000000e+000
    endloop
  endfacet
  facet normal  0.000000e+000  0.000000e+000 -1.000000e+000
    outer loop
      vertex -2.688056e+001  3.229708e+001  0.000000e+000
      vertex -2.740898e+001  2.057483e+001  0.000000e+000
      vertex -2.888411e+001  2.176460e+001  0.000000e+000
    endloop
  endfacet
  facet normal  0.000000e+000  0.000000e+000 -1.000000e+000
    outer loop
      vertex -2.688056e+001  3.229708e+001  0.000000e+000
      vertex -2.888411e+001  2.176460e+001  0.000000e+000
      vertex -3.077802e+001  2.183282e+001  0.000000e+000
    endloop
  endfacet
  facet normal  -0.000000e+000  0.000000e+000 -1.000000e+000
    outer loop
      vertex -2.688056e+001  3.229708e+001  0.000000e+000
      vertex -3.077802e+001  2.183282e+001  0.000000e+000
      vertex -3.233493e+001  2.075226e+001  0.000000e+000
    endloop
  endfacet
  facet normal  0.000000e+000  0.000000e+000 -9.999999e-001
    outer loop
      vertex -2.688056e+001  3.229708e+001  0.000000e+000
      vertex -3.233493e+001  2.075226e+001  0.000000e+000
      vertex -2.759993e+001  3.421268e+001  0.000000e+000
    endloop
  endfacet
  facet normal  0.000000e+000  0.000000e+000 -9.999999e-001
    outer loop
      vertex -3.950000e+001 -3.800000e+001  0.000000e+000
      vertex -3.950000e+001  3.800000e+001  0.000000e+000
      vertex -3.293353e+001  1.895414e+001  0.000000e+000
    endloop
  endfacet
  facet normal  0.000000e+000  -0.000000e+000 -1.000000e+000
    outer loop
      vertex -3.950000e+001 -3.800000e+001  0.000000e+000
      vertex -3.293353e+001  1.895414e+001  0.000000e+000
      vertex -3.293353e+001 -1.895414e+001  0.000000e+000
    endloop
  endfacet
  facet normal  0.000000e+000  -0.000000e+000 -1.000000e+000
    outer loop
      vertex -3.950000e+001 -3.800000e+001  0.000000e+000
      vertex -3.293353e+001 -1.895414e+001  0.000000e+000
      vertex -3.233493e+001 -2.075226e+001  0.000000e+000
    endloop
  endfacet
  facet normal  0.000000e+000  -0.000000e+000 -1.000000e+000
    outer loop
      vertex -3.950000e+001 -3.800000e+001  0.000000e+000
      vertex -3.233493e+001 -2.075226e+001  0.000000e+000
      vertex -3.077802e+001 -2.183282e+001  0.000000e+000
    endloop
  endfacet
  facet normal  0.000000e+000  -0.000000e+000 -1.000000e+000
    outer loop
      vertex -3.950000e+001 -3.800000e+001  0.000000e+000
      vertex -3.077802e+001 -2.183282e+001  0.000000e+000
      vertex -2.888411e+001 -2.176460e+001  0.000000e+000
    endloop
  endfacet
  facet normal  0.000000e+000  -0.000000e+000 -1.000000e+000
    outer loop
      vertex -3.950000e+001 -3.800000e+001  0.000000e+000
      vertex -2.888411e+001 -2.176460e+001  0.000000e+000
      vertex -2.740898e+001 -2.057483e+001  0.000000e+000
    endloop
  endfacet
  facet normal  0.000000e+000  -0.000000e+000 -1.000000e+000
    outer loop
      vertex -3.950000e+001 -3.800000e+001  0.000000e+000
      vertex -2.740898e+001 -2.057483e+001  0.000000e+000
      vertex -2.688056e+001 -3.229708e+001  0.000000e+000
    endloop
  endfacet
  facet normal  0.000000e+000  0.000000e+000 -1.000000e+000
    outer loop
      vertex -3.950000e+001 -3.800000e+001  0.000000e+000
      vertex -2.688056e+001 -3.229708e+001  0.000000e+000
      vertex -2.759993e+001 -3.421268e+001  0.000000e+000
    endloop
  endfacet
  facet normal  0.000000e+000  -0.000000e+000 -1.000000e+000
    outer loop
      vertex -3.950000e+001 -3.800000e+001  0.000000e+000
      vertex -2.759993e+001 -3.421268e+001  0.000000e+000
      vertex -2.741027e+001 -3.625009e+001  0.000000e+000
    endloop
  endfacet
  facet normal  0.000000e+000  -0.000000e+000 -1.000000e+000
    outer loop
      vertex -3.950000e+001 -3.800000e+001  0.000000e+000
      vertex -2.741027e+001 -3.625009e+001  0.000000e+000
      vertex -2.634970e+001 -3.800000e+001  0.000000e+000
    endloop
  endfacet
  facet normal  0.000000e+000  0.000000e+000 -1.000000e+000
    outer loop
      vertex -3.407649e+000 -1.340610e+001  0.000000e+000
      vertex  9.679030e-001 -2.154194e+001  0.000000e+000
      vertex -9.679030e-001 -2.154194e+001  0.000000e+000
    endloop
  endfacet
  facet normal  -0.000000e+000  0.000000e+000 -9.999999e-001
    outer loop
      vertex -3.407649e+000 -1.340610e+001  0.000000e+000
      vertex -9.679030e-001 -2.154194e+001  0.000000e+000
      vertex -2.500701e+000 -2.272425e+001  0.000000e+000
    endloop
  endfacet
  facet normal  -0.000000e+000  0.000000e+000 -1.000000e+000
    outer loop
      vertex -3.407649e+000 -1.340610e+001  0.000000e+000
      vertex -2.500701e+000 -2.272425e+001  0.000000e+000
      vertex -1.926965e+001 -3.734095e+001  0.000000e+000
    endloop
  endfacet
  facet normal  0.000000e+000  0.000000e+000 -1.000000e+000
    outer loop
      vertex  3.950000e+001 -3.800000e+001  0.000000e+000
      vertex  2.634970e+001 -3.800000e+001  0.000000e+000
      vertex  2.741027e+001 -3.625009e+001  0.000000e+000
    endloop
  endfacet
  facet normal  0.000000e+000  0.000000e+000 -1.000000e+000
    outer loop
      vertex  3.950000e+001 -3.800000e+001  0.000000e+000
      vertex  2.741027e+001 -3.625009e+001  0.000000e+000
      vertex  2.759993e+001 -3.421268e+001  0.000000e+000
    endloop
  endfacet
  facet normal  0.000000e+000  0.000000e+000 -1.000000e+000
    outer loop
      vertex  3.950000e+001 -3.800000e+001  0.000000e+000
      vertex  2.759993e+001 -3.421268e+001  0.000000e+000
      vertex  2.688056e+001 -3.229708e+001  0.000000e+000
    endloop
  endfacet
  facet normal  0.000000e+000  0.000000e+000 -9.999999e-001
    outer loop
      vertex -3.293353e+001  1.895414e+001  0.000000e+000
      vertex -3.950000e+001  3.800000e+001  0.000000e+000
      vertex -3.233493e+001  2.075226e+001  0.000000e+000
    endloop
  endfacet
  facet normal  0.000000e+000  0.000000e+000 -1.000000e+000
    outer loop
      vertex -3.233493e+001  2.075226e+001  0.000000e+000
      vertex -3.950000e+001  3.800000e+001  0.000000e+000
      vertex -2.741027e+001  3.625009e+001  0.000000e+000
    endloop
  endfacet
  facet normal  0.000000e+000  0.000000e+000 -9.999999e-001
    outer loop
      vertex -3.233493e+001  2.075226e+001  0.000000e+000
      vertex -2.741027e+001  3.625009e+001  0.000000e+000
      vertex -2.759993e+001  3.421268e+001  0.000000e+000
    endloop
  endfacet
  facet normal  0.000000e+000  0.000000e+000 -1.000000e+000
    outer loop
      vertex -2.500701e+000  2.272425e+001  0.000000e+000
      vertex -1.926965e+001  3.734095e+001  0.000000e+000
      vertex -1.262418e+001  3.800000e+001  0.000000e+000
    endloop
  endfacet
  facet normal  -0.000000e+000  0.000000e+000 -1.000000e+000
    outer loop
      vertex -1.262418e+001  3.800000e+001  0.000000e+000
      vertex -1.926965e+001  3.734095e+001  0.000000e+000
      vertex -1.980051e+001  3.800000e+001  0.000000e+000
    endloop
  endfacet
  facet normal  -0.000000e+000  0.000000e+000 -9.999999e-001
    outer loop
      vertex -2.656515e+000  1.116549e+001  0.000000e+000
      vertex  2.656515e+000  1.116549e+001  0.000000e+000
      vertex -3.126317e+000  8.849507e+000  0.000000e+000
    endloop
  endfacet
  facet normal  0.000000e+000  0.000000e+000 -1.000000e+000
    outer loop
      vertex -3.126317e+000  8.849507e+000  0.000000e+000
      vertex  2.656515e+000  1.116549e+001  0.000000e+000
      vertex  3.126317e+000  8.849507e+000  0.000000e+000
    endloop
  endfacet
  facet normal  -0.000000e+000  0.000000e+000 -1.000000e+000
    outer loop
      vertex -3.126317e+000  8.849507e+000  0.000000e+000
      vertex  3.126317e+000  8.849507e+000  0.000000e+000
      vertex -4.691169e+000  7.078705e+000  0.000000e+000
    endloop
  endfacet
  facet normal  0.000000e+000  0.000000e+000 -1.000000e+000
    outer loop
      vertex -4.691169e+000  7.078705e+000  0.000000e+000
      vertex  3.126317e+000  8.849507e+000  0.000000e+000
      vertex  4.691169e+000  7.078705e+000  0.000000e+000
    endloop
  endfacet
  facet normal  -0.000000e+000  0.000000e+000 -1.000000e+000
    outer loop
      vertex -4.691169e+000  7.078705e+000  0.000000e+000
      vertex  4.691169e+000  7.078705e+000  0.000000e+000
      vertex -6.931773e+000  6.327571e+000  0.000000e+000
    endloop
  endfacet
  facet normal  0.000000e+000  0.000000e+000 -1.000000e+000
    outer loop
      vertex -6.931773e+000  6.327571e+000  0.000000e+000
      vertex  4.691169e+000  7.078705e+000  0.000000e+000
      vertex  6.931773e+000  6.327571e+000  0.000000e+000
    endloop
  endfacet
  facet normal  0.000000e+000  0.000000e+000 -1.000000e+000
    outer loop
      vertex  1.523232e+001 -9.454609e-001  0.000000e+000
      vertex -1.523232e+001 -9.454609e-001  0.000000e+000
      vertex  1.523232e+001  9.454609e-001  0.000000e+000
    endloop
  endfacet
  facet normal  -0.000000e+000  0.000000e+000 -1.000000e+000
    outer loop
      vertex  1.523232e+001  9.454609e-001  0.000000e+000
      vertex -1.523232e+001 -9.454609e-001  0.000000e+000
      vertex -1.523232e+001  9.454609e-001  0.000000e+000
    endloop
  endfacet
  facet normal  -0.000000e+000  0.000000e+000 -1.000000e+000
    outer loop
      vertex -6.931773e+000 -6.327571e+000  0.000000e+000
      vertex  6.931773e+000 -6.327571e+000  0.000000e+000
      vertex -4.691169e+000 -7.078705e+000  0.000000e+000
    endloop
  endfacet
  facet normal  0.000000e+000  0.000000e+000 -1.000000e+000
    outer loop
      vertex -4.691169e+000 -7.078705e+000  0.000000e+000
      vertex  6.931773e+000 -6.327571e+000  0.000000e+000
      vertex  4.691169e+000 -7.078705e+000  0.000000e+000
    endloop
  endfacet
  facet normal  -0.000000e+000  0.000000e+000 -1.000000e+000
    outer loop
      vertex -4.691169e+000 -7.078705e+000  0.000000e+000
      vertex  4.691169e+000 -7.078705e+000  0.000000e+000
      vertex -3.126317e+000 -8.849507e+000  0.000000e+000
    endloop
  endfacet
  facet normal  0.000000e+000  0.000000e+000 -1.000000e+000
    outer loop
      vertex -3.126317e+000 -8.849507e+000  0.000000e+000
      vertex  4.691169e+000 -7.078705e+000  0.000000e+000
      vertex  3.126317e+000 -8.849507e+000  0.000000e+000
    endloop
  endfacet
  facet normal  -0.000000e+000  0.000000e+000 -1.000000e+000
    outer loop
      vertex -3.126317e+000 -8.849507e+000  0.000000e+000
      vertex  3.126317e+000 -8.849507e+000  0.000000e+000
      vertex -2.656515e+000 -1.116549e+001  0.000000e+000
    endloop
  endfacet
  facet normal  0.000000e+000  0.000000e+000 -9.999999e-001
    outer loop
      vertex -2.656515e+000 -1.116549e+001  0.000000e+000
      vertex  3.126317e+000 -8.849507e+000  0.000000e+000
      vertex  2.656515e+000 -1.116549e+001  0.000000e+000
    endloop
  endfacet
  facet normal  0.000000e+000  -0.000000e+000 -1.000000e+000
    outer loop
      vertex -1.980051e+001 -3.800000e+001  0.000000e+000
      vertex -1.926965e+001 -3.734095e+001  0.000000e+000
      vertex -1.262418e+001 -3.800000e+001  0.000000e+000
    endloop
  endfacet
  facet normal  0.000000e+000  0.000000e+000 -1.000000e+000
    outer loop
      vertex -1.262418e+001 -3.800000e+001  0.000000e+000
      vertex -1.926965e+001 -3.734095e+001  0.000000e+000
      vertex -2.500701e+000 -2.272425e+001  0.000000e+000
    endloop
  endfacet
  facet normal  0.000000e+000  0.000000e+000 -1.000000e+000
    outer loop
      vertex  3.293353e+001  1.895414e+001  0.000000e+000
      vertex  3.233493e+001  2.075226e+001  0.000000e+000
      vertex  3.950000e+001  3.800000e+001  0.000000e+000
    endloop
  endfacet
  facet normal  0.000000e+000  0.000000e+000 -1.000000e+000
    outer loop
      vertex  3.950000e+001  3.800000e+001  0.000000e+000
      vertex  3.233493e+001  2.075226e+001  0.000000e+000
      vertex  2.741027e+001  3.625009e+001  0.000000e+000
    endloop
  endfacet
  facet normal  0.000000e+000  0.000000e+000 -1.000000e+000
    outer loop
      vertex  3.950000e+001  3.800000e+001  0.000000e+000
      vertex  2.741027e+001  3.625009e+001  0.000000e+000
      vertex  2.634970e+001  3.800000e+001  0.000000e+000
    endloop
  endfacet
  facet normal  0.000000e+000  0.000000e+000  1.000000e+000
    outer loop
      vertex -1.665585e+001 -4.542672e+001  0.000000e+000
      vertex  1.618322e+001 -4.337038e+001  0.000000e+000
      vertex -1.618322e+001 -4.337038e+001  0.000000e+000
    endloop
  endfacet
  facet normal  0.000000e+000  0.000000e+000  1.000000e+000
    outer loop
      vertex -1.618322e+001 -4.337038e+001  0.000000e+000
      vertex  1.618322e+001 -4.337038e+001  0.000000e+000
      vertex  1.262418e+001 -3.800000e+001  0.000000e+000
    endloop
  endfacet
  facet normal  0.000000e+000  0.000000e+000  1.000000e+000
    outer loop
      vertex -1.618322e+001 -4.337038e+001  0.000000e+000
      vertex  1.262418e+001 -3.800000e+001  0.000000e+000
      vertex -1.262418e+001 -3.800000e+001  0.000000e+000
    endloop
  endfacet
  facet normal  0.000000e+000  0.000000e+000  1.000000e+000
    outer loop
      vertex  1.618322e+001 -4.337038e+001  0.000000e+000
      vertex -1.665585e+001 -4.542672e+001  0.000000e+000
      vertex  1.665585e+001 -4.542672e+001  0.000000e+000
    endloop
  endfacet
  facet normal  0.000000e+000  0.000000e+000  1.000000e+000
    outer loop
      vertex  1.665585e+001 -4.542672e+001  0.000000e+000
      vertex -1.665585e+001 -4.542672e+001  0.000000e+000
      vertex -1.565770e+001 -4.728565e+001  0.000000e+000
    endloop
  endfacet
  facet normal  0.000000e+000  0.000000e+000  1.000000e+000
    outer loop
      vertex  1.665585e+001 -4.542672e+001  0.000000e+000
      vertex -1.565770e+001 -4.728565e+001  0.000000e+000
      vertex  1.565770e+001 -4.728565e+001  0.000000e+000
    endloop
  endfacet
  facet normal  0.000000e+000  0.000000e+000  1.000000e+000
    outer loop
      vertex  1.565770e+001 -4.728565e+001  0.000000e+000
      vertex -1.565770e+001 -4.728565e+001  0.000000e+000
      vertex -1.368251e+001 -4.802764e+001  0.000000e+000
    endloop
  endfacet
  facet normal  0.000000e+000  0.000000e+000  1.000000e+000
    outer loop
      vertex  1.565770e+001 -4.728565e+001  0.000000e+000
      vertex -1.368251e+001 -4.802764e+001  0.000000e+000
      vertex  1.368251e+001 -4.802764e+001  0.000000e+000
    endloop
  endfacet
  facet normal  0.000000e+000  0.000000e+000  1.000000e+000
    outer loop
      vertex -1.665585e+001  4.542672e+001  0.000000e+000
      vertex  1.565770e+001  4.728565e+001  0.000000e+000
      vertex -1.565770e+001  4.728565e+001  0.000000e+000
    endloop
  endfacet
  facet normal  0.000000e+000  0.000000e+000  1.000000e+000
    outer loop
      vertex -1.565770e+001  4.728565e+001  0.000000e+000
      vertex  1.565770e+001  4.728565e+001  0.000000e+000
      vertex  1.368251e+001  4.802764e+001  0.000000e+000
    endloop
  endfacet
  facet normal  0.000000e+000  0.000000e+000  1.000000e+000
    outer loop
      vertex -1.565770e+001  4.728565e+001  0.000000e+000
      vertex  1.368251e+001  4.802764e+001  0.000000e+000
      vertex -1.368251e+001  4.802764e+001  0.000000e+000
    endloop
  endfacet
  facet normal  0.000000e+000  0.000000e+000  1.000000e+000
    outer loop
      vertex  1.565770e+001  4.728565e+001  0.000000e+000
      vertex -1.665585e+001  4.542672e+001  0.000000e+000
      vertex  1.665585e+001  4.542672e+001  0.000000e+000
    endloop
  endfacet
  facet normal  0.000000e+000  0.000000e+000  1.000000e+000
    outer loop
      vertex  1.665585e+001  4.542672e+001  0.000000e+000
      vertex -1.665585e+001  4.542672e+001  0.000000e+000
      vertex -1.618322e+001  4.337038e+001  0.000000e+000
    endloop
  endfacet
  facet normal  0.000000e+000  0.000000e+000  1.000000e+000
    outer loop
      vertex  1.665585e+001  4.542672e+001  0.000000e+000
      vertex -1.618322e+001  4.337038e+001  0.000000e+000
      vertex  1.618322e+001  4.337038e+001  0.000000e+000
    endloop
  endfacet
  facet normal  0.000000e+000  0.000000e+000  1.000000e+000
    outer loop
      vertex  1.618322e+001  4.337038e+001  0.000000e+000
      vertex -1.618322e+001  4.337038e+001  0.000000e+000
      vertex -1.262418e+001  3.800000e+001  0.000000e+000
    endloop
  endfacet
  facet normal  0.000000e+000  0.000000e+000  1.000000e+000
    outer loop
      vertex  1.618322e+001  4.337038e+001  0.000000e+000
      vertex -1.262418e+001  3.800000e+001  0.000000e+000
      vertex  1.262418e+001  3.800000e+001  0.000000e+000
    endloop
  endfacet
  facet normal  -0.000000e+000  0.000000e+000  1.000000e+000
    outer loop
      vertex  2.634970e+001 -3.800000e+001  0.000000e+000
      vertex  2.307511e+001 -3.800000e+001  0.000000e+000
      vertex  2.427798e+001 -3.922296e+001  0.000000e+000
    endloop
  endfacet
  facet normal  0.000000e+000  0.000000e+000  1.000000e+000
    outer loop
      vertex  2.427798e+001 -3.922296e+001  0.000000e+000
      vertex  2.307511e+001 -3.800000e+001  0.000000e+000
      vertex  1.980051e+001 -3.800000e+001  0.000000e+000
    endloop
  endfacet
  facet normal  0.000000e+000  0.000000e+000  1.000000e+000
    outer loop
      vertex  2.427798e+001 -3.922296e+001  0.000000e+000
      vertex  1.980051e+001 -3.800000e+001  0.000000e+000
      vertex  2.187223e+001 -3.922296e+001  0.000000e+000
    endloop
  endfacet
  facet normal  -0.000000e+000  0.000000e+000  1.000000e+000
    outer loop
      vertex -1.980051e+001 -3.800000e+001  0.000000e+000
      vertex -2.307511e+001 -3.800000e+001  0.000000e+000
      vertex -2.187223e+001 -3.922296e+001  0.000000e+000
    endloop
  endfacet
  facet normal  0.000000e+000  0.000000e+000  1.000000e+000
    outer loop
      vertex -2.187223e+001 -3.922296e+001  0.000000e+000
      vertex -2.307511e+001 -3.800000e+001  0.000000e+000
      vertex -2.634970e+001 -3.800000e+001  0.000000e+000
    endloop
  endfacet
  facet normal  0.000000e+000  0.000000e+000  1.000000e+000
    outer loop
      vertex -2.187223e+001 -3.922296e+001  0.000000e+000
      vertex -2.634970e+001 -3.800000e+001  0.000000e+000
      vertex -2.427798e+001 -3.922296e+001  0.000000e+000
    endloop
  endfacet
  facet normal  0.000000e+000  0.000000e+000  1.000000e+000
    outer loop
      vertex  1.980051e+001  3.800000e+001  0.000000e+000
      vertex  2.307511e+001  3.800000e+001  0.000000e+000
      vertex  2.187223e+001  3.922296e+001  0.000000e+000
    endloop
  endfacet
  facet normal  0.000000e+000  0.000000e+000  1.000000e+000
    outer loop
      vertex  2.187223e+001  3.922296e+001  0.000000e+000
      vertex  2.307511e+001  3.800000e+001  0.000000e+000
      vertex  2.634970e+001  3.800000e+001  0.000000e+000
    endloop
  endfacet
  facet normal  0.000000e+000  0.000000e+000  1.000000e+000
    outer loop
      vertex  2.187223e+001  3.922296e+001  0.000000e+000
      vertex  2.634970e+001  3.800000e+001  0.000000e+000
      vertex  2.427798e+001  3.922296e+001  0.000000e+000
    endloop
  endfacet
  facet normal  0.000000e+000  0.000000e+000  1.000000e+000
    outer loop
      vertex -2.634970e+001  3.800000e+001  0.000000e+000
      vertex -2.307511e+001  3.800000e+001  0.000000e+000
      vertex -2.427798e+001  3.922296e+001  0.000000e+000
    endloop
  endfacet
  facet normal  0.000000e+000  0.000000e+000  1.000000e+000
    outer loop
      vertex -2.427798e+001  3.922296e+001  0.000000e+000
      vertex -2.307511e+001  3.800000e+001  0.000000e+000
      vertex -1.980051e+001  3.800000e+001  0.000000e+000
    endloop
  endfacet
  facet normal  0.000000e+000  0.000000e+000  1.000000e+000
    outer loop
      vertex -2.427798e+001  3.922296e+001  0.000000e+000
      vertex -1.980051e+001  3.800000e+001  0.000000e+000
      vertex -2.187223e+001  3.922296e+001  0.000000e+000
    endloop
  endfacet
  facet normal  8.335670e-001 -5.524182e-001  0.000000e+000
    outer loop
      vertex -1.618322e+001 -4.337038e+001  0.000000e+000
      vertex -1.262418e+001 -3.800000e+001  0.000000e+000
      vertex -1.618322e+001 -4.337038e+001  7.500000e+000
    endloop
  endfacet
  facet normal  8.335671e-001 -5.524181e-001  1.665284e-007
    outer loop
      vertex -1.618322e+001 -4.337038e+001  7.500000e+000
      vertex -1.262418e+001 -3.800000e+001  0.000000e+000
      vertex -2.500701e+000 -2.272425e+001  0.000000e+000
    endloop
  endfacet
  facet normal  8.335671e-001 -5.524181e-001  0.000000e+000
    outer loop
      vertex -1.618322e+001 -4.337038e+001  7.500000e+000
      vertex -2.500701e+000 -2.272425e+001  0.000000e+000
      vertex -2.500701e+000 -2.272425e+001  7.500000e+000
    endloop
  endfacet
  facet normal  6.107624e-001 -7.918140e-001  0.000000e+000
    outer loop
      vertex -9.679030e-001 -2.154194e+001  0.000000e+000
      vertex -2.500701e+000 -2.272425e+001  7.500000e+000
      vertex -2.500701e+000 -2.272425e+001  0.000000e+000
    endloop
  endfacet
  facet normal  6.107624e-001 -7.918140e-001  0.000000e+000
    outer loop
      vertex -2.500701e+000 -2.272425e+001  7.500000e+000
      vertex -9.679030e-001 -2.154194e+001  0.000000e+000
      vertex -9.679030e-001 -2.154194e+001  7.500000e+000
    endloop
  endfacet
  facet normal  0.000000e+000 -1.000000e+000  0.000000e+000
    outer loop
      vertex -9.679030e-001 -2.154194e+001  7.500000e+000
      vertex -9.679030e-001 -2.154194e+001  0.000000e+000
      vertex  9.679030e-001 -2.154194e+001  0.000000e+000
    endloop
  endfacet
  facet normal  0.000000e+000 -1.000000e+000  0.000000e+000
    outer loop
      vertex -9.679030e-001 -2.154194e+001  7.500000e+000
      vertex  9.679030e-001 -2.154194e+001  0.000000e+000
      vertex  9.679030e-001 -2.154194e+001  7.500000e+000
    endloop
  endfacet
  facet normal -6.107624e-001 -7.918140e-001  -0.000000e+000
    outer loop
      vertex  9.679030e-001 -2.154194e+001  7.500000e+000
      vertex  9.679030e-001 -2.154194e+001  0.000000e+000
      vertex  2.500701e+000 -2.272425e+001  0.000000e+000
    endloop
  endfacet
  facet normal -6.107624e-001 -7.918140e-001  0.000000e+000
    outer loop
      vertex  9.679030e-001 -2.154194e+001  7.500000e+000
      vertex  2.500701e+000 -2.272425e+001  0.000000e+000
      vertex  2.500701e+000 -2.272425e+001  7.500000e+000
    endloop
  endfacet
  facet normal -8.335671e-001 -5.524181e-001  0.000000e+000
    outer loop
      vertex  2.500701e+000 -2.272425e+001  7.500000e+000
      vertex  2.500701e+000 -2.272425e+001  0.000000e+000
      vertex  1.618322e+001 -4.337038e+001  7.500000e+000
    endloop
  endfacet
  facet normal -8.335671e-001 -5.524181e-001  1.665284e-007
    outer loop
      vertex  1.618322e+001 -4.337038e+001  7.500000e+000
      vertex  2.500701e+000 -2.272425e+001  0.000000e+000
      vertex  1.262418e+001 -3.800000e+001  0.000000e+000
    endloop
  endfacet
  facet normal -8.335670e-001 -5.524182e-001  0.000000e+000
    outer loop
      vertex  1.618322e+001 -4.337038e+001  7.500000e+000
      vertex  1.262418e+001 -3.800000e+001  0.000000e+000
      vertex  1.618322e+001 -4.337038e+001  0.000000e+000
    endloop
  endfacet
  facet normal -9.745887e-001 -2.240020e-001  -0.000000e+000
    outer loop
      vertex  1.665585e+001 -4.542672e+001  0.000000e+000
      vertex  1.618322e+001 -4.337038e+001  7.500000e+000
      vertex  1.618322e+001 -4.337038e+001  0.000000e+000
    endloop
  endfacet
  facet normal -9.745887e-001 -2.240020e-001  0.000000e+000
    outer loop
      vertex  1.618322e+001 -4.337038e+001  7.500000e+000
      vertex  1.665585e+001 -4.542672e+001  0.000000e+000
      vertex  1.665585e+001 -4.542672e+001  7.500000e+000
    endloop
  endfacet
  facet normal -8.810272e-001  4.730657e-001  0.000000e+000
    outer loop
      vertex  1.665585e+001 -4.542672e+001  7.500000e+000
      vertex  1.665585e+001 -4.542672e+001  0.000000e+000
      vertex  1.565770e+001 -4.728565e+001  0.000000e+000
    endloop
  endfacet
  facet normal -8.810272e-001  4.730657e-001  0.000000e+000
    outer loop
      vertex  1.665585e+001 -4.542672e+001  7.500000e+000
      vertex  1.565770e+001 -4.728565e+001  0.000000e+000
      vertex  1.565770e+001 -4.728565e+001  7.500000e+000
    endloop
  endfacet
  facet normal -3.516591e-001  9.361281e-001  0.000000e+000
    outer loop
      vertex  1.565770e+001 -4.728565e+001  7.500000e+000
      vertex  1.565770e+001 -4.728565e+001  0.000000e+000
      vertex  1.368251e+001 -4.802764e+001  0.000000e+000
    endloop
  endfacet
  facet normal -3.516591e-001  9.361281e-001  0.000000e+000
    outer loop
      vertex  1.565770e+001 -4.728565e+001  7.500000e+000
      vertex  1.368251e+001 -4.802764e+001  0.000000e+000
      vertex  1.368251e+001 -4.802764e+001  7.500000e+000
    endloop
  endfacet
  facet normal  0.000000e+000  1.000000e+000  0.000000e+000
    outer loop
      vertex  1.368251e+001 -4.802764e+001  0.000000e+000
      vertex -1.368251e+001 -4.802764e+001  0.000000e+000
      vertex  1.368251e+001 -4.802764e+001  7.500000e+000
    endloop
  endfacet
  facet normal  0.000000e+000  1.000000e+000  0.000000e+000
    outer loop
      vertex  1.368251e+001 -4.802764e+001  7.500000e+000
      vertex -1.368251e+001 -4.802764e+001  0.000000e+000
      vertex -1.368251e+001 -4.802764e+001  7.500000e+000
    endloop
  endfacet
  facet normal  3.516591e-001  9.361281e-001  0.000000e+000
    outer loop
      vertex -1.565770e+001 -4.728565e+001  0.000000e+000
      vertex -1.368251e+001 -4.802764e+001  7.500000e+000
      vertex -1.368251e+001 -4.802764e+001  0.000000e+000
    endloop
  endfacet
  facet normal  3.516591e-001  9.361281e-001  -0.000000e+000
    outer loop
      vertex -1.368251e+001 -4.802764e+001  7.500000e+000
      vertex -1.565770e+001 -4.728565e+001  0.000000e+000
      vertex -1.565770e+001 -4.728565e+001  7.500000e+000
    endloop
  endfacet
  facet normal  8.810272e-001  4.730657e-001  0.000000e+000
    outer loop
      vertex -1.565770e+001 -4.728565e+001  7.500000e+000
      vertex -1.565770e+001 -4.728565e+001  0.000000e+000
      vertex -1.665585e+001 -4.542672e+001  0.000000e+000
    endloop
  endfacet
  facet normal  8.810272e-001  4.730657e-001  -0.000000e+000
    outer loop
      vertex -1.565770e+001 -4.728565e+001  7.500000e+000
      vertex -1.665585e+001 -4.542672e+001  0.000000e+000
      vertex -1.665585e+001 -4.542672e+001  7.500000e+000
    endloop
  endfacet
  facet normal  9.745887e-001 -2.240020e-001  0.000000e+000
    outer loop
      vertex -1.665585e+001 -4.542672e+001  7.500000e+000
      vertex -1.665585e+001 -4.542672e+001  0.000000e+000
      vertex -1.618322e+001 -4.337038e+001  0.000000e+000
    endloop
  endfacet
  facet normal  9.745887e-001 -2.240020e-001  0.000000e+000
    outer loop
      vertex -1.665585e+001 -4.542672e+001  7.500000e+000
      vertex -1.618322e+001 -4.337038e+001  0.000000e+000
      vertex -1.618322e+001 -4.337038e+001  7.500000e+000
    endloop
  endfacet
  facet normal  9.745887e-001  2.240020e-001  0.000000e+000
    outer loop
      vertex -1.665585e+001  4.542672e+001  0.000000e+000
      vertex -1.618322e+001  4.337038e+001  7.500000e+000
      vertex -1.618322e+001  4.337038e+001  0.000000e+000
    endloop
  endfacet
  facet normal  9.745887e-001  2.240020e-001  -0.000000e+000
    outer loop
      vertex -1.618322e+001  4.337038e+001  7.500000e+000
      vertex -1.665585e+001  4.542672e+001  0.000000e+000
      vertex -1.665585e+001  4.542672e+001  7.500000e+000
    endloop
  endfacet
  facet normal  8.810272e-001 -4.730657e-001  0.000000e+000
    outer loop
      vertex -1.665585e+001  4.542672e+001  7.500000e+000
      vertex -1.665585e+001  4.542672e+001  0.000000e+000
      vertex -1.565770e+001  4.728565e+001  0.000000e+000
    endloop
  endfacet
  facet normal  8.810272e-001 -4.730657e-001  0.000000e+000
    outer loop
      vertex -1.665585e+001  4.542672e+001  7.500000e+000
      vertex -1.565770e+001  4.728565e+001  0.000000e+000
      vertex -1.565770e+001  4.728565e+001  7.500000e+000
    endloop
  endfacet
  facet normal  3.516591e-001 -9.361281e-001  0.000000e+000
    outer loop
      vertex -1.565770e+001  4.728565e+001  7.500000e+000
      vertex -1.565770e+001  4.728565e+001  0.000000e+000
      vertex -1.368251e+001  4.802764e+001  0.000000e+000
    endloop
  endfacet
  facet normal  3.516591e-001 -9.361281e-001  0.000000e+000
    outer loop
      vertex -1.565770e+001  4.728565e+001  7.500000e+000
      vertex -1.368251e+001  4.802764e+001  0.000000e+000
      vertex -1.368251e+001  4.802764e+001  7.500000e+000
    endloop
  endfacet
  facet normal  0.000000e+000 -1.000000e+000  -0.000000e+000
    outer loop
      vertex  1.368251e+001  4.802764e+001  0.000000e+000
      vertex  1.368251e+001  4.802764e+001  7.500000e+000
      vertex -1.368251e+001  4.802764e+001  0.000000e+000
    endloop
  endfacet
  facet normal  0.000000e+000 -1.000000e+000  0.000000e+000
    outer loop
      vertex -1.368251e+001  4.802764e+001  0.000000e+000
      vertex  1.368251e+001  4.802764e+001  7.500000e+000
      vertex -1.368251e+001  4.802764e+001  7.500000e+000
    endloop
  endfacet
  facet normal -3.516591e-001 -9.361281e-001  -0.000000e+000
    outer loop
      vertex  1.565770e+001  4.728565e+001  0.000000e+000
      vertex  1.368251e+001  4.802764e+001  7.500000e+000
      vertex  1.368251e+001  4.802764e+001  0.000000e+000
    endloop
  endfacet
  facet normal -3.516591e-001 -9.361281e-001  0.000000e+000
    outer loop
      vertex  1.368251e+001  4.802764e+001  7.500000e+000
      vertex  1.565770e+001  4.728565e+001  0.000000e+000
      vertex  1.565770e+001  4.728565e+001  7.500000e+000
    endloop
  endfacet
  facet normal -8.810272e-001 -4.730657e-001  -0.000000e+000
    outer loop
      vertex  1.565770e+001  4.728565e+001  7.500000e+000
      vertex  1.565770e+001  4.728565e+001  0.000000e+000
      vertex  1.665585e+001  4.542672e+001  0.000000e+000
    endloop
  endfacet
  facet normal -8.810272e-001 -4.730657e-001  0.000000e+000
    outer loop
      vertex  1.565770e+001  4.728565e+001  7.500000e+000
      vertex  1.665585e+001  4.542672e+001  0.000000e+000
      vertex  1.665585e+001  4.542672e+001  7.500000e+000
    endloop
  endfacet
  facet normal -9.745887e-001  2.240020e-001  0.000000e+000
    outer loop
      vertex  1.665585e+001  4.542672e+001  7.500000e+000
      vertex  1.665585e+001  4.542672e+001  0.000000e+000
      vertex  1.618322e+001  4.337038e+001  0.000000e+000
    endloop
  endfacet
  facet normal -9.745887e-001  2.240020e-001  0.000000e+000
    outer loop
      vertex  1.665585e+001  4.542672e+001  7.500000e+000
      vertex  1.618322e+001  4.337038e+001  0.000000e+000
      vertex  1.618322e+001  4.337038e+001  7.500000e+000
    endloop
  endfacet
  facet normal -8.335670e-001  5.524182e-001  0.000000e+000
    outer loop
      vertex  1.618322e+001  4.337038e+001  0.000000e+000
      vertex  1.262418e+001  3.800000e+001  0.000000e+000
      vertex  1.618322e+001  4.337038e+001  7.500000e+000
    endloop
  endfacet
  facet normal -8.335671e-001  5.524181e-001  1.665284e-007
    outer loop
      vertex  1.618322e+001  4.337038e+001  7.500000e+000
      vertex  1.262418e+001  3.800000e+001  0.000000e+000
      vertex  2.500701e+000  2.272425e+001  0.000000e+000
    endloop
  endfacet
  facet normal -8.335671e-001  5.524181e-001  0.000000e+000
    outer loop
      vertex  1.618322e+001  4.337038e+001  7.500000e+000
      vertex  2.500701e+000  2.272425e+001  0.000000e+000
      vertex  2.500701e+000  2.272425e+001  7.500000e+000
    endloop
  endfacet
  facet normal -6.107624e-001  7.918140e-001  0.000000e+000
    outer loop
      vertex  9.679030e-001  2.154194e+001  0.000000e+000
      vertex  2.500701e+000  2.272425e+001  7.500000e+000
      vertex  2.500701e+000  2.272425e+001  0.000000e+000
    endloop
  endfacet
  facet normal -6.107624e-001  7.918140e-001  0.000000e+000
    outer loop
      vertex  2.500701e+000  2.272425e+001  7.500000e+000
      vertex  9.679030e-001  2.154194e+001  0.000000e+000
      vertex  9.679030e-001  2.154194e+001  7.500000e+000
    endloop
  endfacet
  facet normal  0.000000e+000  1.000000e+000  0.000000e+000
    outer loop
      vertex  9.679030e-001  2.154194e+001  7.500000e+000
      vertex  9.679030e-001  2.154194e+001  0.000000e+000
      vertex -9.679030e-001  2.154194e+001  0.000000e+000
    endloop
  endfacet
  facet normal  0.000000e+000  1.000000e+000  0.000000e+000
    outer loop
      vertex  9.679030e-001  2.154194e+001  7.500000e+000
      vertex -9.679030e-001  2.154194e+001  0.000000e+000
      vertex -9.679030e-001  2.154194e+001  7.500000e+000
    endloop
  endfacet
  facet normal  6.107624e-001  7.918140e-001  0.000000e+000
    outer loop
      vertex -9.679030e-001  2.154194e+001  7.500000e+000
      vertex -9.679030e-001  2.154194e+001  0.000000e+000
      vertex -2.500701e+000  2.272425e+001  0.000000e+000
    endloop
  endfacet
  facet normal  6.107624e-001  7.918140e-001  -0.000000e+000
    outer loop
      vertex -9.679030e-001  2.154194e+001  7.500000e+000
      vertex -2.500701e+000  2.272425e+001  0.000000e+000
      vertex -2.500701e+000  2.272425e+001  7.500000e+000
    endloop
  endfacet
  facet normal  8.335671e-001  5.524181e-001  -0.000000e+000
    outer loop
      vertex -2.500701e+000  2.272425e+001  7.500000e+000
      vertex -2.500701e+000  2.272425e+001  0.000000e+000
      vertex -1.618322e+001  4.337038e+001  7.500000e+000
    endloop
  endfacet
  facet normal  8.335671e-001  5.524181e-001  1.665284e-007
    outer loop
      vertex -1.618322e+001  4.337038e+001  7.500000e+000
      vertex -2.500701e+000  2.272425e+001  0.000000e+000
      vertex -1.262418e+001  3.800000e+001  0.000000e+000
    endloop
  endfacet
  facet normal  8.335670e-001  5.524182e-001  0.000000e+000
    outer loop
      vertex -1.618322e+001  4.337038e+001  7.500000e+000
      vertex -1.262418e+001  3.800000e+001  0.000000e+000
      vertex -1.618322e+001  4.337038e+001  0.000000e+000
    endloop
  endfacet
  facet normal -1.000000e+000  0.000000e+000  0.000000e+000
    outer loop
      vertex  3.293353e+001  1.895414e+001  0.000000e+000
      vertex  3.293353e+001 -1.895414e+001  0.000000e+000
      vertex  3.293353e+001  1.895414e+001  7.500000e+000
    endloop
  endfacet
  facet normal -1.000000e+000  -0.000000e+000  0.000000e+000
    outer loop
      vertex  3.293353e+001  1.895414e+001  7.500000e+000
      vertex  3.293353e+001 -1.895414e+001  0.000000e+000
      vertex  3.293353e+001 -1.895414e+001  7.500000e+000
    endloop
  endfacet
  facet normal  8.415161e-001  5.402319e-001  0.000000e+000
    outer loop
      vertex  2.740898e+001 -2.057483e+001  0.000000e+000
      vertex  1.593453e+001 -2.701160e+000  0.000000e+000
      vertex  2.740898e+001 -2.057483e+001  7.500000e+000
    endloop
  endfacet
  facet normal  8.415161e-001  5.402319e-001  0.000000e+000
    outer loop
      vertex  2.740898e+001 -2.057483e+001  7.500000e+000
      vertex  1.593453e+001 -2.701160e+000  0.000000e+000
      vertex  1.593453e+001 -2.701160e+000  7.500000e+000
    endloop
  endfacet
  facet normal  9.284884e-001  3.713613e-001  0.000000e+000
    outer loop
      vertex  1.523232e+001 -9.454609e-001  0.000000e+000
      vertex  1.593453e+001 -2.701160e+000  7.500000e+000
      vertex  1.593453e+001 -2.701160e+000  0.000000e+000
    endloop
  endfacet
  facet normal  9.284884e-001  3.713613e-001  -0.000000e+000
    outer loop
      vertex  1.593453e+001 -2.701160e+000  7.500000e+000
      vertex  1.523232e+001 -9.454609e-001  0.000000e+000
      vertex  1.523232e+001 -9.454609e-001  7.500000e+000
    endloop
  endfacet
  facet normal  1.000000e+000  0.000000e+000  0.000000e+000
    outer loop
      vertex  1.523232e+001 -9.454609e-001  7.500000e+000
      vertex  1.523232e+001 -9.454609e-001  0.000000e+000
      vertex  1.523232e+001  9.454609e-001  0.000000e+000
    endloop
  endfacet
  facet normal  1.000000e+000  0.000000e+000  -0.000000e+000
    outer loop
      vertex  1.523232e+001 -9.454609e-001  7.500000e+000
      vertex  1.523232e+001  9.454609e-001  0.000000e+000
      vertex  1.523232e+001  9.454609e-001  7.500000e+000
    endloop
  endfacet
  facet normal  9.284884e-001 -3.713613e-001  0.000000e+000
    outer loop
      vertex  1.523232e+001  9.454609e-001  7.500000e+000
      vertex  1.523232e+001  9.454609e-001  0.000000e+000
      vertex  1.593453e+001  2.701160e+000  0.000000e+000
    endloop
  endfacet
  facet normal  9.284884e-001 -3.713613e-001  0.000000e+000
    outer loop
      vertex  1.523232e+001  9.454609e-001  7.500000e+000
      vertex  1.593453e+001  2.701160e+000  0.000000e+000
      vertex  1.593453e+001  2.701160e+000  7.500000e+000
    endloop
  endfacet
  facet normal  8.415161e-001 -5.402319e-001  0.000000e+000
    outer loop
      vertex  2.740898e+001  2.057483e+001  0.000000e+000
      vertex  2.740898e+001  2.057483e+001  7.500000e+000
      vertex  1.593453e+001  2.701160e+000  0.000000e+000
    endloop
  endfacet
  facet normal  8.415161e-001 -5.402319e-001  0.000000e+000
    outer loop
      vertex  1.593453e+001  2.701160e+000  0.000000e+000
      vertex  2.740898e+001  2.057483e+001  7.500000e+000
      vertex  1.593453e+001  2.701160e+000  7.500000e+000
    endloop
  endfacet
  facet normal -8.415161e-001 -5.402319e-001  0.000000e+000
    outer loop
      vertex -2.740898e+001  2.057483e+001  0.000000e+000
      vertex -1.593453e+001  2.701160e+000  0.000000e+000
      vertex -2.740898e+001  2.057483e+001  7.500000e+000
    endloop
  endfacet
  facet normal -8.415161e-001 -5.402319e-001  0.000000e+000
    outer loop
      vertex -2.740898e+001  2.057483e+001  7.500000e+000
      vertex -1.593453e+001  2.701160e+000  0.000000e+000
      vertex -1.593453e+001  2.701160e+000  7.500000e+000
    endloop
  endfacet
  facet normal -9.284884e-001 -3.713613e-001  -0.000000e+000
    outer loop
      vertex -1.523232e+001  9.454609e-001  0.000000e+000
      vertex -1.593453e+001  2.701160e+000  7.500000e+000
      vertex -1.593453e+001  2.701160e+000  0.000000e+000
    endloop
  endfacet
  facet normal -9.284884e-001 -3.713613e-001  0.000000e+000
    outer loop
      vertex -1.593453e+001  2.701160e+000  7.500000e+000
      vertex -1.523232e+001  9.454609e-001  0.000000e+000
      vertex -1.523232e+001  9.454609e-001  7.500000e+000
    endloop
  endfacet
  facet normal -1.000000e+000  0.000000e+000  -0.000000e+000
    outer loop
      vertex -1.523232e+001  9.454609e-001  7.500000e+000
      vertex -1.523232e+001  9.454609e-001  0.000000e+000
      vertex -1.523232e+001 -9.454609e-001  0.000000e+000
    endloop
  endfacet
  facet normal -1.000000e+000  0.000000e+000  0.000000e+000
    outer loop
      vertex -1.523232e+001  9.454609e-001  7.500000e+000
      vertex -1.523232e+001 -9.454609e-001  0.000000e+000
      vertex -1.523232e+001 -9.454609e-001  7.500000e+000
    endloop
  endfacet
  facet normal -9.284884e-001  3.713613e-001  0.000000e+000
    outer loop
      vertex -1.523232e+001 -9.454609e-001  7.500000e+000
      vertex -1.523232e+001 -9.454609e-001  0.000000e+000
      vertex -1.593453e+001 -2.701160e+000  0.000000e+000
    endloop
  endfacet
  facet normal -9.284884e-001  3.713613e-001  0.000000e+000
    outer loop
      vertex -1.523232e+001 -9.454609e-001  7.500000e+000
      vertex -1.593453e+001 -2.701160e+000  0.000000e+000
      vertex -1.593453e+001 -2.701160e+000  7.500000e+000
    endloop
  endfacet
  facet normal -8.415161e-001  5.402319e-001  0.000000e+000
    outer loop
      vertex -2.740898e+001 -2.057483e+001  0.000000e+000
      vertex -2.740898e+001 -2.057483e+001  7.500000e+000
      vertex -1.593453e+001 -2.701160e+000  0.000000e+000
    endloop
  endfacet
  facet normal -8.415161e-001  5.402319e-001  0.000000e+000
    outer loop
      vertex -1.593453e+001 -2.701160e+000  0.000000e+000
      vertex -2.740898e+001 -2.057483e+001  7.500000e+000
      vertex -1.593453e+001 -2.701160e+000  7.500000e+000
    endloop
  endfacet
  facet normal  1.000000e+000  0.000000e+000  0.000000e+000
    outer loop
      vertex -3.293353e+001  1.895414e+001  0.000000e+000
      vertex -3.293353e+001  1.895414e+001  7.500000e+000
      vertex -3.293353e+001 -1.895414e+001  0.000000e+000
    endloop
  endfacet
  facet normal  1.000000e+000  0.000000e+000  0.000000e+000
    outer loop
      vertex -3.293353e+001 -1.895414e+001  0.000000e+000
      vertex -3.293353e+001  1.895414e+001  7.500000e+000
      vertex -3.293353e+001 -1.895414e+001  7.500000e+000
    endloop
  endfacet
  facet normal -8.335671e-001 -5.524181e-001  0.000000e+000
    outer loop
      vertex  1.101856e+001 -8.362226e+000  0.000000e+000
      vertex  2.688056e+001 -3.229708e+001  0.000000e+000
      vertex  1.101856e+001 -8.362226e+000  7.500000e+000
    endloop
  endfacet
  facet normal -8.335671e-001 -5.524181e-001  0.000000e+000
    outer loop
      vertex  1.101856e+001 -8.362226e+000  7.500000e+000
      vertex  2.688056e+001 -3.229708e+001  0.000000e+000
      vertex  2.688056e+001 -3.229708e+001  7.500000e+000
    endloop
  endfacet
  facet normal -9.799070e-001  1.987754e-001 -1.645491e-002
    outer loop
      vertex  2.741027e+001 -3.625009e+001  0.000000e+000
      vertex  2.716190e+001 -3.685366e+001  7.500000e+000
      vertex  2.763170e+001 -3.453768e+001  7.500000e+000
    endloop
  endfacet
  facet normal -3.177910e-001  9.479550e-001 -1.975440e-002
    outer loop
      vertex  2.427798e+001 -3.922296e+001  0.000000e+000
      vertex  2.335644e+001 -3.937560e+001  7.500000e+000
      vertex  2.559704e+001 -3.862447e+001  7.500000e+000
    endloop
  endfacet
  facet normal  0.000000e+000  9.997929e-001  2.034847e-002
    outer loop
      vertex  2.335644e+001 -3.937560e+001  7.500000e+000
      vertex  2.427798e+001 -3.922296e+001  0.000000e+000
      vertex  2.187223e+001 -3.922296e+001  0.000000e+000
    endloop
  endfacet
  facet normal  1.987657e-001  9.798552e-001 -1.939197e-002
    outer loop
      vertex  2.187223e+001 -3.922296e+001  0.000000e+000
      vertex  2.104045e+001 -3.890580e+001  7.500000e+000
      vertex  2.335644e+001 -3.937560e+001  7.500000e+000
    endloop
  endfacet
  facet normal -5.082386e-001  8.609679e-001  2.068198e-002
    outer loop
      vertex  2.634970e+001 -3.800000e+001  0.000000e+000
      vertex  2.427798e+001 -3.922296e+001  0.000000e+000
      vertex  2.559704e+001 -3.862447e+001  7.500000e+000
    endloop
  endfacet
  facet normal -7.491872e-001  6.620544e-001 -2.006026e-002
    outer loop
      vertex  2.634970e+001 -3.800000e+001  0.000000e+000
      vertex  2.559704e+001 -3.862447e+001  7.500000e+000
      vertex  2.716190e+001 -3.685366e+001  7.500000e+000
    endloop
  endfacet
  facet normal -8.551171e-001  5.182620e-001  1.338906e-002
    outer loop
      vertex  2.634970e+001 -3.800000e+001  0.000000e+000
      vertex  2.716190e+001 -3.685366e+001  7.500000e+000
      vertex  2.741027e+001 -3.625009e+001  0.000000e+000
    endloop
  endfacet
  facet normal -9.956617e-001  9.268259e-002  8.233465e-003
    outer loop
      vertex  2.741027e+001 -3.625009e+001  0.000000e+000
      vertex  2.763170e+001 -3.453768e+001  7.500000e+000
      vertex  2.759993e+001 -3.421268e+001  0.000000e+000
    endloop
  endfacet
  facet normal -9.480951e-001 -3.178369e-001 -9.757226e-003
    outer loop
      vertex  2.759993e+001 -3.421268e+001  0.000000e+000
      vertex  2.763170e+001 -3.453768e+001  7.500000e+000
      vertex  2.688056e+001 -3.229708e+001  7.500000e+000
    endloop
  endfacet
  facet normal -9.361658e-001 -3.515588e-001  -0.000000e+000
    outer loop
      vertex  2.759993e+001 -3.421268e+001  0.000000e+000
      vertex  2.688056e+001 -3.229708e+001  7.500000e+000
      vertex  2.688056e+001 -3.229708e+001  0.000000e+000
    endloop
  endfacet
  facet normal  5.082461e-001  8.609806e-001  1.995748e-002
    outer loop
      vertex  2.187223e+001 -3.922296e+001  0.000000e+000
      vertex  1.980051e+001 -3.800000e+001  0.000000e+000
      vertex  2.104045e+001 -3.890580e+001  7.500000e+000
    endloop
  endfacet
  facet normal  7.776879e-001  6.264194e-001 -5.291683e-002
    outer loop
      vertex  2.104045e+001 -3.890580e+001  7.500000e+000
      vertex  1.980051e+001 -3.800000e+001  0.000000e+000
      vertex  1.926965e+001 -3.734095e+001  0.000000e+000
    endloop
  endfacet
  facet normal  6.621881e-001  7.493376e-001  -0.000000e+000
    outer loop
      vertex  2.104045e+001 -3.890580e+001  7.500000e+000
      vertex  1.926965e+001 -3.734095e+001  0.000000e+000
      vertex  1.926965e+001 -3.734095e+001  7.500000e+000
    endloop
  endfacet
  facet normal  8.335672e-001  5.524182e-001  0.000000e+000
    outer loop
      vertex  1.926965e+001 -3.734095e+001  0.000000e+000
      vertex  3.407649e+000 -1.340610e+001  0.000000e+000
      vertex  1.926965e+001 -3.734095e+001  7.500000e+000
    endloop
  endfacet
  facet normal  8.335672e-001  5.524182e-001  0.000000e+000
    outer loop
      vertex  1.926965e+001 -3.734095e+001  7.500000e+000
      vertex  3.407649e+000 -1.340610e+001  0.000000e+000
      vertex  3.407649e+000 -1.340610e+001  7.500000e+000
    endloop
  endfacet
  facet normal  7.493380e-001 -6.621877e-001  0.000000e+000
    outer loop
      vertex  4.691169e+000 -7.078705e+000  0.000000e+000
      vertex  3.126317e+000 -8.849507e+000  7.500000e+000
      vertex  3.126317e+000 -8.849507e+000  0.000000e+000
    endloop
  endfacet
  facet normal  9.800395e-001 -1.988025e-001  0.000000e+000
    outer loop
      vertex  3.126317e+000 -8.849507e+000  0.000000e+000
      vertex  3.126317e+000 -8.849507e+000  7.500000e+000
      vertex  2.656515e+000 -1.116549e+001  7.500000e+000
    endloop
  endfacet
  facet normal  9.800395e-001 -1.988025e-001  0.000000e+000
    outer loop
      vertex  3.126317e+000 -8.849507e+000  0.000000e+000
      vertex  2.656515e+000 -1.116549e+001  7.500000e+000
      vertex  2.656515e+000 -1.116549e+001  0.000000e+000
    endloop
  endfacet
  facet normal  9.481404e-001  3.178519e-001  -0.000000e+000
    outer loop
      vertex  2.656515e+000 -1.116549e+001  0.000000e+000
      vertex  2.656515e+000 -1.116549e+001  7.500000e+000
      vertex  3.407649e+000 -1.340610e+001  7.500000e+000
    endloop
  endfacet
  facet normal  9.481404e-001  3.178519e-001  0.000000e+000
    outer loop
      vertex  2.656515e+000 -1.116549e+001  0.000000e+000
      vertex  3.407649e+000 -1.340610e+001  7.500000e+000
      vertex  3.407649e+000 -1.340610e+001  0.000000e+000
    endloop
  endfacet
  facet normal  7.493380e-001 -6.621877e-001  0.000000e+000
    outer loop
      vertex  3.126317e+000 -8.849507e+000  7.500000e+000
      vertex  4.691169e+000 -7.078705e+000  0.000000e+000
      vertex  4.691169e+000 -7.078705e+000  7.500000e+000
    endloop
  endfacet
  facet normal  3.178519e-001 -9.481404e-001  0.000000e+000
    outer loop
      vertex  4.691169e+000 -7.078705e+000  7.500000e+000
      vertex  4.691169e+000 -7.078705e+000  0.000000e+000
      vertex  6.931773e+000 -6.327571e+000  0.000000e+000
    endloop
  endfacet
  facet normal  3.178519e-001 -9.481404e-001  0.000000e+000
    outer loop
      vertex  4.691169e+000 -7.078705e+000  7.500000e+000
      vertex  6.931773e+000 -6.327571e+000  0.000000e+000
      vertex  6.931773e+000 -6.327571e+000  7.500000e+000
    endloop
  endfacet
  facet normal -1.988024e-001 -9.800396e-001  -0.000000e+000
    outer loop
      vertex  6.931773e+000 -6.327571e+000  7.500000e+000
      vertex  6.931773e+000 -6.327571e+000  0.000000e+000
      vertex  9.247759e+000 -6.797372e+000  0.000000e+000
    endloop
  endfacet
  facet normal -1.988024e-001 -9.800396e-001  0.000000e+000
    outer loop
      vertex  6.931773e+000 -6.327571e+000  7.500000e+000
      vertex  9.247759e+000 -6.797372e+000  0.000000e+000
      vertex  9.247759e+000 -6.797372e+000  7.500000e+000
    endloop
  endfacet
  facet normal -6.621878e-001 -7.493379e-001  -0.000000e+000
    outer loop
      vertex  9.247759e+000 -6.797372e+000  7.500000e+000
      vertex  9.247759e+000 -6.797372e+000  0.000000e+000
      vertex  1.101856e+001 -8.362226e+000  0.000000e+000
    endloop
  endfacet
  facet normal -6.621878e-001 -7.493379e-001  0.000000e+000
    outer loop
      vertex  9.247759e+000 -6.797372e+000  7.500000e+000
      vertex  1.101856e+001 -8.362226e+000  0.000000e+000
      vertex  1.101856e+001 -8.362226e+000  7.500000e+000
    endloop
  endfacet
  facet normal -3.178519e-001 -9.481404e-001  -0.000000e+000
    outer loop
      vertex -4.691169e+000 -7.078705e+000  0.000000e+000
      vertex -6.931773e+000 -6.327571e+000  7.500000e+000
      vertex -6.931773e+000 -6.327571e+000  0.000000e+000
    endloop
  endfacet
  facet normal  1.988024e-001 -9.800396e-001  0.000000e+000
    outer loop
      vertex -6.931773e+000 -6.327571e+000  0.000000e+000
      vertex -6.931773e+000 -6.327571e+000  7.500000e+000
      vertex -9.247759e+000 -6.797372e+000  7.500000e+000
    endloop
  endfacet
  facet normal  1.988024e-001 -9.800396e-001  0.000000e+000
    outer loop
      vertex -6.931773e+000 -6.327571e+000  0.000000e+000
      vertex -9.247759e+000 -6.797372e+000  7.500000e+000
      vertex -9.247759e+000 -6.797372e+000  0.000000e+000
    endloop
  endfacet
  facet normal  6.621878e-001 -7.493379e-001  0.000000e+000
    outer loop
      vertex -9.247759e+000 -6.797372e+000  0.000000e+000
      vertex -9.247759e+000 -6.797372e+000  7.500000e+000
      vertex -1.101856e+001 -8.362226e+000  7.500000e+000
    endloop
  endfacet
  facet normal  6.621878e-001 -7.493379e-001  0.000000e+000
    outer loop
      vertex -9.247759e+000 -6.797372e+000  0.000000e+000
      vertex -1.101856e+001 -8.362226e+000  7.500000e+000
      vertex -1.101856e+001 -8.362226e+000  0.000000e+000
    endloop
  endfacet
  facet normal -3.178519e-001 -9.481404e-001  0.000000e+000
    outer loop
      vertex -6.931773e+000 -6.327571e+000  7.500000e+000
      vertex -4.691169e+000 -7.078705e+000  0.000000e+000
      vertex -4.691169e+000 -7.078705e+000  7.500000e+000
    endloop
  endfacet
  facet normal -7.493380e-001 -6.621877e-001  -0.000000e+000
    outer loop
      vertex -4.691169e+000 -7.078705e+000  7.500000e+000
      vertex -4.691169e+000 -7.078705e+000  0.000000e+000
      vertex -3.126317e+000 -8.849507e+000  0.000000e+000
    endloop
  endfacet
  facet normal -7.493380e-001 -6.621877e-001  0.000000e+000
    outer loop
      vertex -4.691169e+000 -7.078705e+000  7.500000e+000
      vertex -3.126317e+000 -8.849507e+000  0.000000e+000
      vertex -3.126317e+000 -8.849507e+000  7.500000e+000
    endloop
  endfacet
  facet normal -9.800395e-001 -1.988025e-001  -0.000000e+000
    outer loop
      vertex -3.126317e+000 -8.849507e+000  7.500000e+000
      vertex -3.126317e+000 -8.849507e+000  0.000000e+000
      vertex -2.656515e+000 -1.116549e+001  0.000000e+000
    endloop
  endfacet
  facet normal -9.800395e-001 -1.988025e-001  0.000000e+000
    outer loop
      vertex -3.126317e+000 -8.849507e+000  7.500000e+000
      vertex -2.656515e+000 -1.116549e+001  0.000000e+000
      vertex -2.656515e+000 -1.116549e+001  7.500000e+000
    endloop
  endfacet
  facet normal -9.481404e-001  3.178519e-001  0.000000e+000
    outer loop
      vertex -2.656515e+000 -1.116549e+001  7.500000e+000
      vertex -2.656515e+000 -1.116549e+001  0.000000e+000
      vertex -3.407649e+000 -1.340610e+001  0.000000e+000
    endloop
  endfacet
  facet normal -9.481404e-001  3.178519e-001  0.000000e+000
    outer loop
      vertex -2.656515e+000 -1.116549e+001  7.500000e+000
      vertex -3.407649e+000 -1.340610e+001  0.000000e+000
      vertex -3.407649e+000 -1.340610e+001  7.500000e+000
    endloop
  endfacet
  facet normal -8.335672e-001  5.524182e-001  0.000000e+000
    outer loop
      vertex -1.926965e+001 -3.734095e+001  0.000000e+000
      vertex -1.926965e+001 -3.734095e+001  7.500000e+000
      vertex -3.407649e+000 -1.340610e+001  0.000000e+000
    endloop
  endfacet
  facet normal -8.335672e-001  5.524182e-001  0.000000e+000
    outer loop
      vertex -3.407649e+000 -1.340610e+001  0.000000e+000
      vertex -1.926965e+001 -3.734095e+001  7.500000e+000
      vertex -3.407649e+000 -1.340610e+001  7.500000e+000
    endloop
  endfacet
  facet normal -1.987657e-001  9.798552e-001 -1.939197e-002
    outer loop
      vertex -2.335644e+001 -3.937560e+001  7.500000e+000
      vertex -2.104045e+001 -3.890580e+001  7.500000e+000
      vertex -2.187223e+001 -3.922296e+001  0.000000e+000
    endloop
  endfacet
  facet normal  0.000000e+000  9.997929e-001  2.034847e-002
    outer loop
      vertex -2.427798e+001 -3.922296e+001  0.000000e+000
      vertex -2.335644e+001 -3.937560e+001  7.500000e+000
      vertex -2.187223e+001 -3.922296e+001  0.000000e+000
    endloop
  endfacet
  facet normal  3.177910e-001  9.479550e-001 -1.975440e-002
    outer loop
      vertex -2.559704e+001 -3.862447e+001  7.500000e+000
      vertex -2.335644e+001 -3.937560e+001  7.500000e+000
      vertex -2.427798e+001 -3.922296e+001  0.000000e+000
    endloop
  endfacet
  facet normal  9.799070e-001  1.987754e-001 -1.645491e-002
    outer loop
      vertex -2.763170e+001 -3.453768e+001  7.500000e+000
      vertex -2.716190e+001 -3.685366e+001  7.500000e+000
      vertex -2.741027e+001 -3.625009e+001  0.000000e+000
    endloop
  endfacet
  facet normal  8.551171e-001  5.182620e-001  1.338905e-002
    outer loop
      vertex -2.634970e+001 -3.800000e+001  0.000000e+000
      vertex -2.741027e+001 -3.625009e+001  0.000000e+000
      vertex -2.716190e+001 -3.685366e+001  7.500000e+000
    endloop
  endfacet
  facet normal  7.491872e-001  6.620544e-001 -2.006027e-002
    outer loop
      vertex -2.634970e+001 -3.800000e+001  0.000000e+000
      vertex -2.716190e+001 -3.685366e+001  7.500000e+000
      vertex -2.559704e+001 -3.862447e+001  7.500000e+000
    endloop
  endfacet
  facet normal  5.082386e-001  8.609679e-001  2.068198e-002
    outer loop
      vertex -2.634970e+001 -3.800000e+001  0.000000e+000
      vertex -2.559704e+001 -3.862447e+001  7.500000e+000
      vertex -2.427798e+001 -3.922296e+001  0.000000e+000
    endloop
  endfacet
  facet normal -5.082461e-001  8.609806e-001  1.995747e-002
    outer loop
      vertex -2.187223e+001 -3.922296e+001  0.000000e+000
      vertex -2.104045e+001 -3.890580e+001  7.500000e+000
      vertex -1.980051e+001 -3.800000e+001  0.000000e+000
    endloop
  endfacet
  facet normal -6.620688e-001  7.492027e-001 -1.897312e-002
    outer loop
      vertex -1.980051e+001 -3.800000e+001  0.000000e+000
      vertex -2.104045e+001 -3.890580e+001  7.500000e+000
      vertex -1.926965e+001 -3.734095e+001  7.500000e+000
    endloop
  endfacet
  facet normal -7.787790e-001  6.272983e-001  0.000000e+000
    outer loop
      vertex -1.980051e+001 -3.800000e+001  0.000000e+000
      vertex -1.926965e+001 -3.734095e+001  7.500000e+000
      vertex -1.926965e+001 -3.734095e+001  0.000000e+000
    endloop
  endfacet
  facet normal  9.956617e-001  9.268259e-002  8.233465e-003
    outer loop
      vertex -2.741027e+001 -3.625009e+001  0.000000e+000
      vertex -2.759993e+001 -3.421268e+001  0.000000e+000
      vertex -2.763170e+001 -3.453768e+001  7.500000e+000
    endloop
  endfacet
  facet normal  9.361064e-001 -3.515365e-001 -1.126832e-002
    outer loop
      vertex -2.763170e+001 -3.453768e+001  7.500000e+000
      vertex -2.759993e+001 -3.421268e+001  0.000000e+000
      vertex -2.688056e+001 -3.229708e+001  0.000000e+000
    endloop
  endfacet
  facet normal  9.481403e-001 -3.178521e-001  0.000000e+000
    outer loop
      vertex -2.763170e+001 -3.453768e+001  7.500000e+000
      vertex -2.688056e+001 -3.229708e+001  0.000000e+000
      vertex -2.688056e+001 -3.229708e+001  7.500000e+000
    endloop
  endfacet
  facet normal  8.335671e-001 -5.524181e-001  0.000000e+000
    outer loop
      vertex -1.101856e+001 -8.362226e+000  0.000000e+000
      vertex -1.101856e+001 -8.362226e+000  7.500000e+000
      vertex -2.688056e+001 -3.229708e+001  0.000000e+000
    endloop
  endfacet
  facet normal  8.335671e-001 -5.524181e-001  0.000000e+000
    outer loop
      vertex -2.688056e+001 -3.229708e+001  0.000000e+000
      vertex -1.101856e+001 -8.362226e+000  7.500000e+000
      vertex -2.688056e+001 -3.229708e+001  7.500000e+000
    endloop
  endfacet
  facet normal  3.178519e-001  9.481404e-001  0.000000e+000
    outer loop
      vertex  4.691169e+000  7.078705e+000  0.000000e+000
      vertex  6.931773e+000  6.327571e+000  7.500000e+000
      vertex  6.931773e+000  6.327571e+000  0.000000e+000
    endloop
  endfacet
  facet normal -1.988024e-001  9.800396e-001  0.000000e+000
    outer loop
      vertex  6.931773e+000  6.327571e+000  0.000000e+000
      vertex  6.931773e+000  6.327571e+000  7.500000e+000
      vertex  9.247759e+000  6.797372e+000  7.500000e+000
    endloop
  endfacet
  facet normal -1.988024e-001  9.800396e-001  0.000000e+000
    outer loop
      vertex  6.931773e+000  6.327571e+000  0.000000e+000
      vertex  9.247759e+000  6.797372e+000  7.500000e+000
      vertex  9.247759e+000  6.797372e+000  0.000000e+000
    endloop
  endfacet
  facet normal -6.621878e-001  7.493379e-001  0.000000e+000
    outer loop
      vertex  9.247759e+000  6.797372e+000  0.000000e+000
      vertex  9.247759e+000  6.797372e+000  7.500000e+000
      vertex  1.101856e+001  8.362226e+000  7.500000e+000
    endloop
  endfacet
  facet normal -6.621878e-001  7.493379e-001  0.000000e+000
    outer loop
      vertex  9.247759e+000  6.797372e+000  0.000000e+000
      vertex  1.101856e+001  8.362226e+000  7.500000e+000
      vertex  1.101856e+001  8.362226e+000  0.000000e+000
    endloop
  endfacet
  facet normal  3.178519e-001  9.481404e-001  -0.000000e+000
    outer loop
      vertex  6.931773e+000  6.327571e+000  7.500000e+000
      vertex  4.691169e+000  7.078705e+000  0.000000e+000
      vertex  4.691169e+000  7.078705e+000  7.500000e+000
    endloop
  endfacet
  facet normal  7.493380e-001  6.621877e-001  0.000000e+000
    outer loop
      vertex  4.691169e+000  7.078705e+000  7.500000e+000
      vertex  4.691169e+000  7.078705e+000  0.000000e+000
      vertex  3.126317e+000  8.849507e+000  0.000000e+000
    endloop
  endfacet
  facet normal  7.493380e-001  6.621877e-001  -0.000000e+000
    outer loop
      vertex  4.691169e+000  7.078705e+000  7.500000e+000
      vertex  3.126317e+000  8.849507e+000  0.000000e+000
      vertex  3.126317e+000  8.849507e+000  7.500000e+000
    endloop
  endfacet
  facet normal  9.800395e-001  1.988025e-001  0.000000e+000
    outer loop
      vertex  3.126317e+000  8.849507e+000  7.500000e+000
      vertex  3.126317e+000  8.849507e+000  0.000000e+000
      vertex  2.656515e+000  1.116549e+001  0.000000e+000
    endloop
  endfacet
  facet normal  9.800395e-001  1.988025e-001  -0.000000e+000
    outer loop
      vertex  3.126317e+000  8.849507e+000  7.500000e+000
      vertex  2.656515e+000  1.116549e+001  0.000000e+000
      vertex  2.656515e+000  1.116549e+001  7.500000e+000
    endloop
  endfacet
  facet normal  9.481404e-001 -3.178519e-001  0.000000e+000
    outer loop
      vertex  2.656515e+000  1.116549e+001  7.500000e+000
      vertex  2.656515e+000  1.116549e+001  0.000000e+000
      vertex  3.407649e+000  1.340610e+001  0.000000e+000
    endloop
  endfacet
  facet normal  9.481404e-001 -3.178519e-001  0.000000e+000
    outer loop
      vertex  2.656515e+000  1.116549e+001  7.500000e+000
      vertex  3.407649e+000  1.340610e+001  0.000000e+000
      vertex  3.407649e+000  1.340610e+001  7.500000e+000
    endloop
  endfacet
  facet normal  8.335672e-001 -5.524182e-001  0.000000e+000
    outer loop
      vertex  1.926965e+001  3.734095e+001  0.000000e+000
      vertex  1.926965e+001  3.734095e+001  7.500000e+000
      vertex  3.407649e+000  1.340610e+001  0.000000e+000
    endloop
  endfacet
  facet normal  8.335672e-001 -5.524182e-001  0.000000e+000
    outer loop
      vertex  3.407649e+000  1.340610e+001  0.000000e+000
      vertex  1.926965e+001  3.734095e+001  7.500000e+000
      vertex  3.407649e+000  1.340610e+001  7.500000e+000
    endloop
  endfacet
  facet normal  1.987657e-001 -9.798552e-001 -1.939197e-002
    outer loop
      vertex  2.335644e+001  3.937560e+001  7.500000e+000
      vertex  2.104045e+001  3.890580e+001  7.500000e+000
      vertex  2.187223e+001  3.922296e+001  0.000000e+000
    endloop
  endfacet
  facet normal  0.000000e+000 -9.997929e-001  2.034847e-002
    outer loop
      vertex  2.427798e+001  3.922296e+001  0.000000e+000
      vertex  2.335644e+001  3.937560e+001  7.500000e+000
      vertex  2.187223e+001  3.922296e+001  0.000000e+000
    endloop
  endfacet
  facet normal -3.177910e-001 -9.479550e-001 -1.975440e-002
    outer loop
      vertex  2.559704e+001  3.862447e+001  7.500000e+000
      vertex  2.335644e+001  3.937560e+001  7.500000e+000
      vertex  2.427798e+001  3.922296e+001  0.000000e+000
    endloop
  endfacet
  facet normal -9.799070e-001 -1.987754e-001 -1.645491e-002
    outer loop
      vertex  2.763170e+001  3.453768e+001  7.500000e+000
      vertex  2.716190e+001  3.685366e+001  7.500000e+000
      vertex  2.741027e+001  3.625009e+001  0.000000e+000
    endloop
  endfacet
  facet normal -8.551171e-001 -5.182620e-001  1.338905e-002
    outer loop
      vertex  2.634970e+001  3.800000e+001  0.000000e+000
      vertex  2.741027e+001  3.625009e+001  0.000000e+000
      vertex  2.716190e+001  3.685366e+001  7.500000e+000
    endloop
  endfacet
  facet normal -7.491872e-001 -6.620544e-001 -2.006027e-002
    outer loop
      vertex  2.634970e+001  3.800000e+001  0.000000e+000
      vertex  2.716190e+001  3.685366e+001  7.500000e+000
      vertex  2.559704e+001  3.862447e+001  7.500000e+000
    endloop
  endfacet
  facet normal -5.082386e-001 -8.609679e-001  2.068198e-002
    outer loop
      vertex  2.634970e+001  3.800000e+001  0.000000e+000
      vertex  2.559704e+001  3.862447e+001  7.500000e+000
      vertex  2.427798e+001  3.922296e+001  0.000000e+000
    endloop
  endfacet
  facet normal  5.082461e-001 -8.609806e-001  1.995747e-002
    outer loop
      vertex  2.187223e+001  3.922296e+001  0.000000e+000
      vertex  2.104045e+001  3.890580e+001  7.500000e+000
      vertex  1.980051e+001  3.800000e+001  0.000000e+000
    endloop
  endfacet
  facet normal  6.620688e-001 -7.492027e-001 -1.897312e-002
    outer loop
      vertex  1.980051e+001  3.800000e+001  0.000000e+000
      vertex  2.104045e+001  3.890580e+001  7.500000e+000
      vertex  1.926965e+001  3.734095e+001  7.500000e+000
    endloop
  endfacet
  facet normal  7.787790e-001 -6.272983e-001  0.000000e+000
    outer loop
      vertex  1.980051e+001  3.800000e+001  0.000000e+000
      vertex  1.926965e+001  3.734095e+001  7.500000e+000
      vertex  1.926965e+001  3.734095e+001  0.000000e+000
    endloop
  endfacet
  facet normal -9.956617e-001 -9.268259e-002  8.233465e-003
    outer loop
      vertex  2.741027e+001  3.625009e+001  0.000000e+000
      vertex  2.759993e+001  3.421268e+001  0.000000e+000
      vertex  2.763170e+001  3.453768e+001  7.500000e+000
    endloop
  endfacet
  facet normal -9.361064e-001  3.515365e-001 -1.126832e-002
    outer loop
      vertex  2.763170e+001  3.453768e+001  7.500000e+000
      vertex  2.759993e+001  3.421268e+001  0.000000e+000
      vertex  2.688056e+001  3.229708e+001  0.000000e+000
    endloop
  endfacet
  facet normal -9.481403e-001  3.178521e-001  0.000000e+000
    outer loop
      vertex  2.763170e+001  3.453768e+001  7.500000e+000
      vertex  2.688056e+001  3.229708e+001  0.000000e+000
      vertex  2.688056e+001  3.229708e+001  7.500000e+000
    endloop
  endfacet
  facet normal -8.335671e-001  5.524181e-001  0.000000e+000
    outer loop
      vertex  1.101856e+001  8.362226e+000  0.000000e+000
      vertex  1.101856e+001  8.362226e+000  7.500000e+000
      vertex  2.688056e+001  3.229708e+001  0.000000e+000
    endloop
  endfacet
  facet normal -8.335671e-001  5.524181e-001  0.000000e+000
    outer loop
      vertex  2.688056e+001  3.229708e+001  0.000000e+000
      vertex  1.101856e+001  8.362226e+000  7.500000e+000
      vertex  2.688056e+001  3.229708e+001  7.500000e+000
    endloop
  endfacet
  facet normal  8.335671e-001  5.524181e-001  0.000000e+000
    outer loop
      vertex -1.101856e+001  8.362226e+000  0.000000e+000
      vertex -2.688056e+001  3.229708e+001  0.000000e+000
      vertex -1.101856e+001  8.362226e+000  7.500000e+000
    endloop
  endfacet
  facet normal  8.335671e-001  5.524181e-001  0.000000e+000
    outer loop
      vertex -1.101856e+001  8.362226e+000  7.500000e+000
      vertex -2.688056e+001  3.229708e+001  0.000000e+000
      vertex -2.688056e+001  3.229708e+001  7.500000e+000
    endloop
  endfacet
  facet normal  9.799070e-001 -1.987754e-001 -1.645491e-002
    outer loop
      vertex -2.741027e+001  3.625009e+001  0.000000e+000
      vertex -2.716190e+001  3.685366e+001  7.500000e+000
      vertex -2.763170e+001  3.453768e+001  7.500000e+000
    endloop
  endfacet
  facet normal  3.177910e-001 -9.479550e-001 -1.975440e-002
    outer loop
      vertex -2.427798e+001  3.922296e+001  0.000000e+000
      vertex -2.335644e+001  3.937560e+001  7.500000e+000
      vertex -2.559704e+001  3.862447e+001  7.500000e+000
    endloop
  endfacet
  facet normal  0.000000e+000 -9.997929e-001  2.034847e-002
    outer loop
      vertex -2.335644e+001  3.937560e+001  7.500000e+000
      vertex -2.427798e+001  3.922296e+001  0.000000e+000
      vertex -2.187223e+001  3.922296e+001  0.000000e+000
    endloop
  endfacet
  facet normal -1.987657e-001 -9.798552e-001 -1.939197e-002
    outer loop
      vertex -2.187223e+001  3.922296e+001  0.000000e+000
      vertex -2.104045e+001  3.890580e+001  7.500000e+000
      vertex -2.335644e+001  3.937560e+001  7.500000e+000
    endloop
  endfacet
  facet normal  5.082386e-001 -8.609679e-001  2.068198e-002
    outer loop
      vertex -2.634970e+001  3.800000e+001  0.000000e+000
      vertex -2.427798e+001  3.922296e+001  0.000000e+000
      vertex -2.559704e+001  3.862447e+001  7.500000e+000
    endloop
  endfacet
  facet normal  7.491872e-001 -6.620544e-001 -2.006026e-002
    outer loop
      vertex -2.634970e+001  3.800000e+001  0.000000e+000
      vertex -2.559704e+001  3.862447e+001  7.500000e+000
      vertex -2.716190e+001  3.685366e+001  7.500000e+000
    endloop
  endfacet
  facet normal  8.551171e-001 -5.182620e-001  1.338906e-002
    outer loop
      vertex -2.634970e+001  3.800000e+001  0.000000e+000
      vertex -2.716190e+001  3.685366e+001  7.500000e+000
      vertex -2.741027e+001  3.625009e+001  0.000000e+000
    endloop
  endfacet
  facet normal  9.956617e-001 -9.268259e-002  8.233465e-003
    outer loop
      vertex -2.741027e+001  3.625009e+001  0.000000e+000
      vertex -2.763170e+001  3.453768e+001  7.500000e+000
      vertex -2.759993e+001  3.421268e+001  0.000000e+000
    endloop
  endfacet
  facet normal  9.480951e-001  3.178369e-001 -9.757226e-003
    outer loop
      vertex -2.759993e+001  3.421268e+001  0.000000e+000
      vertex -2.763170e+001  3.453768e+001  7.500000e+000
      vertex -2.688056e+001  3.229708e+001  7.500000e+000
    endloop
  endfacet
  facet normal  9.361658e-001  3.515588e-001  0.000000e+000
    outer loop
      vertex -2.759993e+001  3.421268e+001  0.000000e+000
      vertex -2.688056e+001  3.229708e+001  7.500000e+000
      vertex -2.688056e+001  3.229708e+001  0.000000e+000
    endloop
  endfacet
  facet normal -5.082461e-001 -8.609806e-001  1.995748e-002
    outer loop
      vertex -2.187223e+001  3.922296e+001  0.000000e+000
      vertex -1.980051e+001  3.800000e+001  0.000000e+000
      vertex -2.104045e+001  3.890580e+001  7.500000e+000
    endloop
  endfacet
  facet normal -7.776879e-001 -6.264194e-001 -5.291683e-002
    outer loop
      vertex -2.104045e+001  3.890580e+001  7.500000e+000
      vertex -1.980051e+001  3.800000e+001  0.000000e+000
      vertex -1.926965e+001  3.734095e+001  0.000000e+000
    endloop
  endfacet
  facet normal -6.621881e-001 -7.493376e-001  0.000000e+000
    outer loop
      vertex -2.104045e+001  3.890580e+001  7.500000e+000
      vertex -1.926965e+001  3.734095e+001  0.000000e+000
      vertex -1.926965e+001  3.734095e+001  7.500000e+000
    endloop
  endfacet
  facet normal -8.335672e-001 -5.524182e-001  0.000000e+000
    outer loop
      vertex -1.926965e+001  3.734095e+001  0.000000e+000
      vertex -3.407649e+000  1.340610e+001  0.000000e+000
      vertex -1.926965e+001  3.734095e+001  7.500000e+000
    endloop
  endfacet
  facet normal -8.335672e-001 -5.524182e-001  0.000000e+000
    outer loop
      vertex -1.926965e+001  3.734095e+001  7.500000e+000
      vertex -3.407649e+000  1.340610e+001  0.000000e+000
      vertex -3.407649e+000  1.340610e+001  7.500000e+000
    endloop
  endfacet
  facet normal -7.493380e-001  6.621877e-001  0.000000e+000
    outer loop
      vertex -4.691169e+000  7.078705e+000  0.000000e+000
      vertex -3.126317e+000  8.849507e+000  7.500000e+000
      vertex -3.126317e+000  8.849507e+000  0.000000e+000
    endloop
  endfacet
  facet normal -9.800395e-001  1.988025e-001  0.000000e+000
    outer loop
      vertex -3.126317e+000  8.849507e+000  0.000000e+000
      vertex -3.126317e+000  8.849507e+000  7.500000e+000
      vertex -2.656515e+000  1.116549e+001  7.500000e+000
    endloop
  endfacet
  facet normal -9.800395e-001  1.988025e-001  0.000000e+000
    outer loop
      vertex -3.126317e+000  8.849507e+000  0.000000e+000
      vertex -2.656515e+000  1.116549e+001  7.500000e+000
      vertex -2.656515e+000  1.116549e+001  0.000000e+000
    endloop
  endfacet
  facet normal -9.481404e-001 -3.178519e-001  0.000000e+000
    outer loop
      vertex -2.656515e+000  1.116549e+001  0.000000e+000
      vertex -2.656515e+000  1.116549e+001  7.500000e+000
      vertex -3.407649e+000  1.340610e+001  7.500000e+000
    endloop
  endfacet
  facet normal -9.481404e-001 -3.178519e-001  -0.000000e+000
    outer loop
      vertex -2.656515e+000  1.116549e+001  0.000000e+000
      vertex -3.407649e+000  1.340610e+001  7.500000e+000
      vertex -3.407649e+000  1.340610e+001  0.000000e+000
    endloop
  endfacet
  facet normal -7.493380e-001  6.621877e-001  0.000000e+000
    outer loop
      vertex -3.126317e+000  8.849507e+000  7.500000e+000
      vertex -4.691169e+000  7.078705e+000  0.000000e+000
      vertex -4.691169e+000  7.078705e+000  7.500000e+000
    endloop
  endfacet
  facet normal -3.178519e-001  9.481404e-001  0.000000e+000
    outer loop
      vertex -4.691169e+000  7.078705e+000  7.500000e+000
      vertex -4.691169e+000  7.078705e+000  0.000000e+000
      vertex -6.931773e+000  6.327571e+000  0.000000e+000
    endloop
  endfacet
  facet normal -3.178519e-001  9.481404e-001  0.000000e+000
    outer loop
      vertex -4.691169e+000  7.078705e+000  7.500000e+000
      vertex -6.931773e+000  6.327571e+000  0.000000e+000
      vertex -6.931773e+000  6.327571e+000  7.500000e+000
    endloop
  endfacet
  facet normal  1.988024e-001  9.800396e-001  0.000000e+000
    outer loop
      vertex -6.931773e+000  6.327571e+000  7.500000e+000
      vertex -6.931773e+000  6.327571e+000  0.000000e+000
      vertex -9.247759e+000  6.797372e+000  0.000000e+000
    endloop
  endfacet
  facet normal  1.988024e-001  9.800396e-001  -0.000000e+000
    outer loop
      vertex -6.931773e+000  6.327571e+000  7.500000e+000
      vertex -9.247759e+000  6.797372e+000  0.000000e+000
      vertex -9.247759e+000  6.797372e+000  7.500000e+000
    endloop
  endfacet
  facet normal  6.621878e-001  7.493379e-001  0.000000e+000
    outer loop
      vertex -9.247759e+000  6.797372e+000  7.500000e+000
      vertex -9.247759e+000  6.797372e+000  0.000000e+000
      vertex -1.101856e+001  8.362226e+000  0.000000e+000
    endloop
  endfacet
  facet normal  6.621878e-001  7.493379e-001  -0.000000e+000
    outer loop
      vertex -9.247759e+000  6.797372e+000  7.500000e+000
      vertex -1.101856e+001  8.362226e+000  0.000000e+000
      vertex -1.101856e+001  8.362226e+000  7.500000e+000
    endloop
  endfacet
  facet normal  0.000000e+000  3.826831e-001 -9.238797e-001
    outer loop
      vertex -3.950000e+001 -3.941422e+001 -5.857865e-001
      vertex -3.950000e+001 -3.800000e+001  0.000000e+000
      vertex -2.634970e+001 -3.800000e+001  0.000000e+000
    endloop
  endfacet
  facet normal  0.000000e+000  3.826831e-001 -9.238797e-001
    outer loop
      vertex -3.950000e+001 -3.941422e+001 -5.857865e-001
      vertex -2.634970e+001 -3.800000e+001  0.000000e+000
      vertex -2.307511e+001 -3.800000e+001  0.000000e+000
    endloop
  endfacet
  facet normal  0.000000e+000  3.826831e-001 -9.238797e-001
    outer loop
      vertex -3.950000e+001 -3.941422e+001 -5.857865e-001
      vertex -2.307511e+001 -3.800000e+001  0.000000e+000
      vertex -1.980051e+001 -3.800000e+001  0.000000e+000
    endloop
  endfacet
  facet normal  0.000000e+000  3.826830e-001 -9.238796e-001
    outer loop
      vertex -3.950000e+001 -3.941422e+001 -5.857865e-001
      vertex -1.980051e+001 -3.800000e+001  0.000000e+000
      vertex -1.262418e+001 -3.800000e+001  0.000000e+000
    endloop
  endfacet
  facet normal  0.000000e+000  3.826831e-001 -9.238797e-001
    outer loop
      vertex -3.950000e+001 -3.941422e+001 -5.857865e-001
      vertex -1.262418e+001 -3.800000e+001  0.000000e+000
      vertex  1.262418e+001 -3.800000e+001  0.000000e+000
    endloop
  endfacet
  facet normal  0.000000e+000  3.826830e-001 -9.238796e-001
    outer loop
      vertex -3.950000e+001 -3.941422e+001 -5.857865e-001
      vertex  1.262418e+001 -3.800000e+001  0.000000e+000
      vertex  1.980051e+001 -3.800000e+001  0.000000e+000
    endloop
  endfacet
  facet normal  0.000000e+000  3.826831e-001 -9.238797e-001
    outer loop
      vertex -3.950000e+001 -3.941422e+001 -5.857865e-001
      vertex  1.980051e+001 -3.800000e+001  0.000000e+000
      vertex  2.307511e+001 -3.800000e+001  0.000000e+000
    endloop
  endfacet
  facet normal  0.000000e+000  3.826831e-001 -9.238797e-001
    outer loop
      vertex -3.950000e+001 -3.941422e+001 -5.857865e-001
      vertex  2.307511e+001 -3.800000e+001  0.000000e+000
      vertex  2.634970e+001 -3.800000e+001  0.000000e+000
    endloop
  endfacet
  facet normal  0.000000e+000  3.826831e-001 -9.238797e-001
    outer loop
      vertex -3.950000e+001 -3.941422e+001 -5.857865e-001
      vertex  2.634970e+001 -3.800000e+001  0.000000e+000
      vertex  3.950000e+001 -3.800000e+001  0.000000e+000
    endloop
  endfacet
  facet normal  0.000000e+000  3.826831e-001 -9.238796e-001
    outer loop
      vertex -3.950000e+001 -3.941422e+001 -5.857865e-001
      vertex  3.950000e+001 -3.800000e+001  0.000000e+000
      vertex  3.950000e+001 -3.941422e+001 -5.857865e-001
    endloop
  endfacet
  facet normal  0.000000e+000  9.238799e-001 -3.826826e-001
    outer loop
      vertex -3.950000e+001 -3.941422e+001 -5.857865e-001
      vertex  3.950000e+001 -3.941422e+001 -5.857865e-001
      vertex  3.950000e+001 -4.000000e+001 -2.000000e+000
    endloop
  endfacet
  facet normal  0.000000e+000  9.238799e-001 -3.826826e-001
    outer loop
      vertex -3.950000e+001 -3.941422e+001 -5.857865e-001
      vertex  3.950000e+001 -4.000000e+001 -2.000000e+000
      vertex -3.950000e+001 -4.000000e+001 -2.000000e+000
    endloop
  endfacet
  facet normal  -0.000000e+000 -3.826831e-001 -9.238797e-001
    outer loop
      vertex  3.950000e+001  3.941422e+001 -5.857865e-001
      vertex  3.950000e+001  3.800000e+001  0.000000e+000
      vertex  2.634970e+001  3.800000e+001  0.000000e+000
    endloop
  endfacet
  facet normal  -0.000000e+000 -3.826831e-001 -9.238797e-001
    outer loop
      vertex  3.950000e+001  3.941422e+001 -5.857865e-001
      vertex  2.634970e+001  3.800000e+001  0.000000e+000
      vertex  2.307511e+001  3.800000e+001  0.000000e+000
    endloop
  endfacet
  facet normal  -0.000000e+000 -3.826831e-001 -9.238797e-001
    outer loop
      vertex  3.950000e+001  3.941422e+001 -5.857865e-001
      vertex  2.307511e+001  3.800000e+001  0.000000e+000
      vertex  1.980051e+001  3.800000e+001  0.000000e+000
    endloop
  endfacet
  facet normal  -0.000000e+000 -3.826830e-001 -9.238796e-001
    outer loop
      vertex  3.950000e+001  3.941422e+001 -5.857865e-001
      vertex  1.980051e+001  3.800000e+001  0.000000e+000
      vertex  1.262418e+001  3.800000e+001  0.000000e+000
    endloop
  endfacet
  facet normal  -0.000000e+000 -3.826831e-001 -9.238797e-001
    outer loop
      vertex  3.950000e+001  3.941422e+001 -5.857865e-001
      vertex  1.262418e+001  3.800000e+001  0.000000e+000
      vertex -1.262418e+001  3.800000e+001  0.000000e+000
    endloop
  endfacet
  facet normal  -0.000000e+000 -3.826830e-001 -9.238796e-001
    outer loop
      vertex  3.950000e+001  3.941422e+001 -5.857865e-001
      vertex -1.262418e+001  3.800000e+001  0.000000e+000
      vertex -1.980051e+001  3.800000e+001  0.000000e+000
    endloop
  endfacet
  facet normal  -0.000000e+000 -3.826831e-001 -9.238797e-001
    outer loop
      vertex  3.950000e+001  3.941422e+001 -5.857865e-001
      vertex -1.980051e+001  3.800000e+001  0.000000e+000
      vertex -2.307511e+001  3.800000e+001  0.000000e+000
    endloop
  endfacet
  facet normal  -0.000000e+000 -3.826831e-001 -9.238797e-001
    outer loop
      vertex  3.950000e+001  3.941422e+001 -5.857865e-001
      vertex -2.307511e+001  3.800000e+001  0.000000e+000
      vertex -2.634970e+001  3.800000e+001  0.000000e+000
    endloop
  endfacet
  facet normal  -0.000000e+000 -3.826831e-001 -9.238797e-001
    outer loop
      vertex  3.950000e+001  3.941422e+001 -5.857865e-001
      vertex -2.634970e+001  3.800000e+001  0.000000e+000
      vertex -3.950000e+001  3.800000e+001  0.000000e+000
    endloop
  endfacet
  facet normal  0.000000e+000 -3.826831e-001 -9.238796e-001
    outer loop
      vertex  3.950000e+001  3.941422e+001 -5.857865e-001
      vertex -3.950000e+001  3.800000e+001  0.000000e+000
      vertex -3.950000e+001  3.941422e+001 -5.857865e-001
    endloop
  endfacet
  facet normal  0.000000e+000 -9.238799e-001 -3.826826e-001
    outer loop
      vertex  3.950000e+001  3.941422e+001 -5.857865e-001
      vertex -3.950000e+001  3.941422e+001 -5.857865e-001
      vertex -3.950000e+001  4.000000e+001 -2.000000e+000
    endloop
  endfacet
  facet normal  0.000000e+000 -9.238799e-001 -3.826826e-001
    outer loop
      vertex  3.950000e+001  3.941422e+001 -5.857865e-001
      vertex -3.950000e+001  4.000000e+001 -2.000000e+000
      vertex  3.950000e+001  4.000000e+001 -2.000000e+000
    endloop
  endfacet
  facet normal  -0.000000e+000  0.000000e+000  1.000000e+000
    outer loop
      vertex  3.950000e+001 -4.400000e+001  2.150000e+001
      vertex  3.050000e+001 -4.400000e+001  2.150000e+001
      vertex  3.950000e+001 -5.150000e+001  2.150000e+001
    endloop
  endfacet
  facet normal  0.000000e+000  0.000000e+000  1.000000e+000
    outer loop
      vertex  3.950000e+001 -5.150000e+001  2.150000e+001
      vertex  3.050000e+001 -4.400000e+001  2.150000e+001
      vertex  3.050000e+001 -5.150000e+001  2.150000e+001
    endloop
  endfacet
  facet normal -1.000000e+000  0.000000e+000  0.000000e+000
    outer loop
      vertex -7.500000e+000  5.000000e+001 -1.350000e+002
      vertex -7.500000e+000  5.000000e+001 -1.500000e+002
      vertex -7.500000e+000  4.000000e+001 -1.350000e+002
    endloop
  endfacet
  facet normal -1.000000e+000  0.000000e+000  0.000000e+000
    outer loop
      vertex -7.500000e+000  4.000000e+001 -1.350000e+002
      vertex -7.500000e+000  5.000000e+001 -1.500000e+002
      vertex -7.500000e+000  4.000000e+001 -1.500000e+002
    endloop
  endfacet
  facet normal -1.000000e+000  0.000000e+000  0.000000e+000
    outer loop
      vertex -7.500000e+000 -4.000000e+001 -1.350000e+002
      vertex -7.500000e+000 -4.000000e+001 -1.500000e+002
      vertex -7.500000e+000 -5.000000e+001 -1.350000e+002
    endloop
  endfacet
  facet normal -1.000000e+000  0.000000e+000  0.000000e+000
    outer loop
      vertex -7.500000e+000 -5.000000e+001 -1.350000e+002
      vertex -7.500000e+000 -4.000000e+001 -1.500000e+002
      vertex -7.500000e+000 -5.000000e+001 -1.500000e+002
    endloop
  endfacet
  facet normal  1.000000e+000  -0.000000e+000  0.000000e+000
    outer loop
      vertex  7.500000e+000  5.000000e+001 -1.350000e+002
      vertex  7.500000e+000  4.000000e+001 -1.350000e+002
      vertex  7.500000e+000  5.000000e+001 -1.500000e+002
    endloop
  endfacet
  facet normal  1.000000e+000  0.000000e+000  0.000000e+000
    outer loop
      vertex  7.500000e+000  5.000000e+001 -1.500000e+002
      vertex  7.500000e+000  4.000000e+001 -1.350000e+002
      vertex  7.500000e+000  4.000000e+001 -1.500000e+002
    endloop
  endfacet
  facet normal  1.000000e+000  -0.000000e+000  0.000000e+000
    outer loop
      vertex  7.500000e+000 -4.000000e+001 -1.350000e+002
      vertex  7.500000e+000 -5.000000e+001 -1.350000e+002
      vertex  7.500000e+000 -4.000000e+001 -1.500000e+002
    endloop
  endfacet
  facet normal  1.000000e+000  0.000000e+000  0.000000e+000
    outer loop
      vertex  7.500000e+000 -4.000000e+001 -1.500000e+002
      vertex  7.500000e+000 -5.000000e+001 -1.350000e+002
      vertex  7.500000e+000 -5.000000e+001 -1.500000e+002
    endloop
  endfacet
  facet normal  -0.000000e+000 -7.071068e-001 -7.071068e-001
    outer loop
      vertex -3.950000e+001 -5.000000e+001 -1.683013e+001
      vertex  3.950000e+001 -5.000000e+001 -1.683013e+001
      vertex -3.950000e+001 -5.900000e+001 -7.830127e+000
    endloop
  endfacet
  facet normal  0.000000e+000 -7.071068e-001 -7.071068e-001
    outer loop
      vertex -3.950000e+001 -5.900000e+001 -7.830127e+000
      vertex  3.950000e+001 -5.000000e+001 -1.683013e+001
      vertex  3.950000e+001 -5.900000e+001 -7.830127e+000
    endloop
  endfacet
  facet normal  0.000000e+000  7.071068e-001 -7.071068e-001
    outer loop
      vertex -3.950000e+001  5.000000e+001 -1.683013e+001
      vertex -3.950000e+001  5.900000e+001 -7.830127e+000
      vertex  3.950000e+001  5.000000e+001 -1.683013e+001
    endloop
  endfacet
  facet normal  0.000000e+000  7.071068e-001 -7.071068e-001
    outer loop
      vertex  3.950000e+001  5.000000e+001 -1.683013e+001
      vertex -3.950000e+001  5.900000e+001 -7.830127e+000
      vertex  3.950000e+001  5.900000e+001 -7.830127e+000
    endloop
  endfacet
endsolid CATIA STL
