ISO-10303-21;
HEADER;
FILE_DESCRIPTION(('CATIA V5 STEP Exchange','CAx-IF Rec.Pracs.--- Model Styling and Organization---1.4--- 2014-01-23','CAx-IF Rec.Pracs.---3D Tessellated Data Validation Properties---0.5---2014-09-14'),'2;1');

FILE_NAME('D:\\GrabCAD\\I+D\\SERIE_LEXA\\10-EKOT-1074-170619A-UBF-PI\\V1.4\\FAB\\IMPRESION\\1074.000.016.000.TAPA_MOTOR.stp','2025-10-01T18:33:36+00:00',('none'),('none'),'CATIA Version 5-6 Release 2018 SP6','CATIA V5 STEP AP242','none');

FILE_SCHEMA(('AP242_MANAGED_MODEL_BASED_3D_ENGINEERING_MIM_LF  {1 0 10303 442 1 1 4}'));

ENDSEC;
DATA;
#5=PRODUCT('1074.000.016.000.TAPA_MOTOR','','',(#2)) ;
#2=PRODUCT_CONTEXT(' ',#1,'mechanical') ;
#1=APPLICATION_CONTEXT('managed model based 3d engineering') ;
#10=PRODUCT_DEFINITION('',' ',#6,#3) ;
#3=PRODUCT_DEFINITION_CONTEXT('part definition',#1,' ') ;
#11=PRODUCT_DEFINITION_SHAPE(' ',' ',#10) ;
#3504=MECHANICAL_DESIGN_GEOMETRIC_PRESENTATION_REPRESENTATION(' ',(#29),#16) ;
#19=SHAPE_REPRESENTATION(' ',(#18),#16) ;
#7=PRODUCT_CATEGORY('part','specification') ;
#17=CARTESIAN_POINT(' ',(0.,0.,0.)) ;
#31=CARTESIAN_POINT('Axis2P3D Location',(-9.,18.,59.5)) ;
#36=CARTESIAN_POINT('Line Origine',(-4.15500000007,16.25,59.5)) ;
#40=CARTESIAN_POINT('Vertex',(4.,16.25,59.5)) ;
#42=CARTESIAN_POINT('Vertex',(-9.,16.25,59.5)) ;
#45=CARTESIAN_POINT('Axis2P3D Location',(4.,18.,59.5)) ;
#49=CARTESIAN_POINT('Vertex',(4.,19.75,59.5)) ;
#52=CARTESIAN_POINT('Line Origine',(-4.15500000007,19.75,59.5)) ;
#56=CARTESIAN_POINT('Vertex',(-9.,19.75,59.5)) ;
#59=CARTESIAN_POINT('Axis2P3D Location',(-9.,18.,59.5)) ;
#71=CARTESIAN_POINT('Axis2P3D Location',(4.,18.,59.5)) ;
#76=CARTESIAN_POINT('Axis2P3D Location',(-9.,18.,59.5)) ;
#88=CARTESIAN_POINT('Axis2P3D Location',(4.,0.,0.)) ;
#93=CARTESIAN_POINT('Axis2P3D Location',(4.,18.,59.5)) ;
#97=CARTESIAN_POINT('Vertex',(4.,20.7298801167,60.7440878378)) ;
#99=CARTESIAN_POINT('Vertex',(4.,15.2701198833,60.7440878378)) ;
#102=CARTESIAN_POINT('Axis2P3D Location',(4.,10.7203196887,62.8175675676)) ;
#106=CARTESIAN_POINT('Vertex',(4.,12.3028588868,58.0746180964)) ;
#109=CARTESIAN_POINT('Axis2P3D Location',(4.,18.,41.)) ;
#113=CARTESIAN_POINT('Vertex',(4.,0.,41.)) ;
#116=CARTESIAN_POINT('Line Origine',(4.,0.,35.4057565653)) ;
#120=CARTESIAN_POINT('Vertex',(4.,0.,29.8115131306)) ;
#123=CARTESIAN_POINT('Axis2P3D Location',(4.,-15.,29.8115131306)) ;
#127=CARTESIAN_POINT('Vertex',(4.,-1.8,22.6869078783)) ;
#130=CARTESIAN_POINT('Axis2P3D Location',(4.,18.,12.)) ;
#134=CARTESIAN_POINT('Vertex',(4.,-3.72183794466,17.8661534506)) ;
#137=CARTESIAN_POINT('Axis2P3D Location',(4.,-8.54891304348,19.1697431063)) ;
#141=CARTESIAN_POINT('Vertex',(4.,-6.3308423913,14.6886536648)) ;
#144=CARTESIAN_POINT('Axis2P3D Location',(4.,-5.,12.)) ;
#148=CARTESIAN_POINT('Vertex',(4.,-6.3308423913,9.31134633515)) ;
#151=CARTESIAN_POINT('Axis2P3D Location',(4.,-8.54891304348,4.83025689374)) ;
#155=CARTESIAN_POINT('Vertex',(4.,-3.72183794466,6.13384654942)) ;
#158=CARTESIAN_POINT('Axis2P3D Location',(4.,18.,12.)) ;
#162=CARTESIAN_POINT('Vertex',(4.,12.1338465494,-9.72183794466)) ;
#165=CARTESIAN_POINT('Axis2P3D Location',(4.,10.8302568937,-14.5489130435)) ;
#169=CARTESIAN_POINT('Vertex',(4.,15.3113463352,-12.3308423913)) ;
#172=CARTESIAN_POINT('Axis2P3D Location',(4.,18.,-11.)) ;
#176=CARTESIAN_POINT('Vertex',(4.,20.6886536648,-12.3308423913)) ;
#179=CARTESIAN_POINT('Axis2P3D Location',(4.,25.1697431063,-14.5489130435)) ;
#183=CARTESIAN_POINT('Vertex',(4.,23.8661534506,-9.72183794466)) ;
#186=CARTESIAN_POINT('Axis2P3D Location',(4.,18.,12.)) ;
#190=CARTESIAN_POINT('Vertex',(4.,39.7218379447,6.13384654942)) ;
#193=CARTESIAN_POINT('Axis2P3D Location',(4.,44.5489130435,4.83025689374)) ;
#197=CARTESIAN_POINT('Vertex',(4.,42.3308423913,9.31134633515)) ;
#200=CARTESIAN_POINT('Axis2P3D Location',(4.,41.,12.)) ;
#204=CARTESIAN_POINT('Vertex',(4.,42.3308423913,14.6886536648)) ;
#207=CARTESIAN_POINT('Axis2P3D Location',(4.,44.5489130435,19.1697431063)) ;
#211=CARTESIAN_POINT('Vertex',(4.,39.7218379447,17.8661534506)) ;
#214=CARTESIAN_POINT('Axis2P3D Location',(4.,18.,12.)) ;
#218=CARTESIAN_POINT('Vertex',(4.,34.7082156005,27.0693573668)) ;
#221=CARTESIAN_POINT('Axis2P3D Location',(4.,38.4211524006,30.4181034483)) ;
#225=CARTESIAN_POINT('Vertex',(4.,33.9817714439,32.7185157421)) ;
#228=CARTESIAN_POINT('Axis2P3D Location',(4.,18.,41.)) ;
#232=CARTESIAN_POINT('Vertex',(4.,23.6971411132,58.0746180964)) ;
#235=CARTESIAN_POINT('Axis2P3D Location',(4.,25.2796803113,62.8175675676)) ;
#267=CARTESIAN_POINT('Axis2P3D Location',(4.,41.,12.)) ;
#271=CARTESIAN_POINT('Vertex',(4.,42.75,12.)) ;
#273=CARTESIAN_POINT('Vertex',(4.,39.25,12.)) ;
#276=CARTESIAN_POINT('Axis2P3D Location',(4.,41.,12.)) ;
#285=CARTESIAN_POINT('Axis2P3D Location',(4.,-2.32959446824,14.9780756028)) ;
#289=CARTESIAN_POINT('Vertex',(4.,-2.99719585118,14.2335567021)) ;
#291=CARTESIAN_POINT('Vertex',(4.,-3.15883694494,15.5369646033)) ;
#294=CARTESIAN_POINT('Axis2P3D Location',(4.,-8.54891304348,19.1697431063)) ;
#298=CARTESIAN_POINT('Vertex',(4.,-2.27371541502,17.4750765539)) ;
#301=CARTESIAN_POINT('Axis2P3D Location',(4.,18.,12.)) ;
#305=CARTESIAN_POINT('Vertex',(4.,-0.48,21.9744473531)) ;
#308=CARTESIAN_POINT('Axis2P3D Location',(4.,-15.,29.8115131306)) ;
#312=CARTESIAN_POINT('Vertex',(4.,1.5,29.8115131306)) ;
#315=CARTESIAN_POINT('Line Origine',(4.,1.5,35.4057565653)) ;
#319=CARTESIAN_POINT('Vertex',(4.,1.5,41.)) ;
#322=CARTESIAN_POINT('Axis2P3D Location',(4.,18.,41.)) ;
#326=CARTESIAN_POINT('Vertex',(4.,12.7776206462,56.651733255)) ;
#329=CARTESIAN_POINT('Axis2P3D Location',(4.,10.7203196887,62.8175675676)) ;
#333=CARTESIAN_POINT('Vertex',(4.,14.5237898152,57.5465510625)) ;
#336=CARTESIAN_POINT('Axis2P3D Location',(4.,15.1089390655,56.7356254463)) ;
#340=CARTESIAN_POINT('Vertex',(4.,15.8317042991,57.4267190848)) ;
#343=CARTESIAN_POINT('Axis2P3D Location',(4.,18.,59.5)) ;
#347=CARTESIAN_POINT('Vertex',(4.,20.1682957009,57.4267190848)) ;
#350=CARTESIAN_POINT('Axis2P3D Location',(4.,20.8910609345,56.7356254463)) ;
#354=CARTESIAN_POINT('Vertex',(4.,21.4762101848,57.5465510625)) ;
#357=CARTESIAN_POINT('Axis2P3D Location',(4.,25.2796803113,62.8175675676)) ;
#361=CARTESIAN_POINT('Vertex',(4.,23.2223793538,56.651733255)) ;
#364=CARTESIAN_POINT('Axis2P3D Location',(4.,18.,41.)) ;
#368=CARTESIAN_POINT('Vertex',(4.,32.649957157,33.4086394303)) ;
#371=CARTESIAN_POINT('Axis2P3D Location',(4.,38.4211524006,30.4181034483)) ;
#375=CARTESIAN_POINT('Vertex',(4.,33.5943345605,26.0647335423)) ;
#378=CARTESIAN_POINT('Axis2P3D Location',(4.,18.,12.)) ;
#382=CARTESIAN_POINT('Vertex',(4.,38.273715415,17.4750765539)) ;
#385=CARTESIAN_POINT('Axis2P3D Location',(4.,44.5489130435,19.1697431063)) ;
#389=CARTESIAN_POINT('Vertex',(4.,39.1588369449,15.5369646033)) ;
#392=CARTESIAN_POINT('Axis2P3D Location',(4.,38.3295944682,14.9780756028)) ;
#396=CARTESIAN_POINT('Vertex',(4.,38.9971958512,14.2335567021)) ;
#399=CARTESIAN_POINT('Axis2P3D Location',(4.,41.,12.)) ;
#403=CARTESIAN_POINT('Vertex',(4.,38.,12.)) ;
#406=CARTESIAN_POINT('Axis2P3D Location',(4.,41.,12.)) ;
#410=CARTESIAN_POINT('Vertex',(4.,38.9971958512,9.76644329791)) ;
#413=CARTESIAN_POINT('Axis2P3D Location',(4.,38.3295944682,9.02192439721)) ;
#417=CARTESIAN_POINT('Vertex',(4.,39.1588369449,8.46303539675)) ;
#420=CARTESIAN_POINT('Axis2P3D Location',(4.,44.5489130435,4.83025689374)) ;
#424=CARTESIAN_POINT('Vertex',(4.,38.273715415,6.52492344613)) ;
#427=CARTESIAN_POINT('Axis2P3D Location',(4.,18.,12.)) ;
#431=CARTESIAN_POINT('Vertex',(4.,23.4750765539,-8.27371541502)) ;
#434=CARTESIAN_POINT('Axis2P3D Location',(4.,25.1697431063,-14.5489130435)) ;
#438=CARTESIAN_POINT('Vertex',(4.,21.5369646033,-9.15883694494)) ;
#441=CARTESIAN_POINT('Axis2P3D Location',(4.,20.9780756028,-8.32959446824)) ;
#445=CARTESIAN_POINT('Vertex',(4.,20.2335567021,-8.99719585118)) ;
#448=CARTESIAN_POINT('Axis2P3D Location',(4.,18.,-11.)) ;
#452=CARTESIAN_POINT('Vertex',(4.,15.7664432979,-8.99719585118)) ;
#455=CARTESIAN_POINT('Axis2P3D Location',(4.,15.0219243972,-8.32959446824)) ;
#459=CARTESIAN_POINT('Vertex',(4.,14.4630353967,-9.15883694494)) ;
#462=CARTESIAN_POINT('Axis2P3D Location',(4.,10.8302568937,-14.5489130435)) ;
#466=CARTESIAN_POINT('Vertex',(4.,12.5249234461,-8.27371541502)) ;
#469=CARTESIAN_POINT('Axis2P3D Location',(4.,18.,12.)) ;
#473=CARTESIAN_POINT('Vertex',(4.,-2.27371541502,6.52492344613)) ;
#476=CARTESIAN_POINT('Axis2P3D Location',(4.,-8.54891304348,4.83025689374)) ;
#480=CARTESIAN_POINT('Vertex',(4.,-3.15883694494,8.46303539675)) ;
#483=CARTESIAN_POINT('Axis2P3D Location',(4.,-2.32959446824,9.02192439721)) ;
#487=CARTESIAN_POINT('Vertex',(4.,-2.99719585118,9.76644329791)) ;
#490=CARTESIAN_POINT('Axis2P3D Location',(4.,-5.,12.)) ;
#527=CARTESIAN_POINT('Axis2P3D Location',(4.,18.,-11.)) ;
#531=CARTESIAN_POINT('Vertex',(4.,18.,-9.25)) ;
#533=CARTESIAN_POINT('Vertex',(4.,18.,-12.75)) ;
#536=CARTESIAN_POINT('Axis2P3D Location',(4.,18.,-11.)) ;
#545=CARTESIAN_POINT('Axis2P3D Location',(4.,-5.,12.)) ;
#549=CARTESIAN_POINT('Vertex',(4.,-3.25,12.)) ;
#551=CARTESIAN_POINT('Vertex',(4.,-6.75,12.)) ;
#554=CARTESIAN_POINT('Axis2P3D Location',(4.,-5.,12.)) ;
#564=CARTESIAN_POINT('Axis2P3D Location',(-2.5,18.,59.5)) ;
#569=CARTESIAN_POINT('Line Origine',(-2.5,15.2701198833,60.7440878378)) ;
#573=CARTESIAN_POINT('Vertex',(-8.5,15.2701198833,60.7440878378)) ;
#576=CARTESIAN_POINT('Line Origine',(-2.5,20.7298801167,60.7440878378)) ;
#580=CARTESIAN_POINT('Vertex',(-8.5,20.7298801167,60.7440878378)) ;
#583=CARTESIAN_POINT('Axis2P3D Location',(-8.5,18.,59.5)) ;
#595=CARTESIAN_POINT('Axis2P3D Location',(-2.5,10.7203196887,62.8175675676)) ;
#600=CARTESIAN_POINT('Axis2P3D Location',(-8.5,10.7203196887,62.8175675676)) ;
#604=CARTESIAN_POINT('Vertex',(-8.5,12.3028588868,58.0746180964)) ;
#607=CARTESIAN_POINT('Line Origine',(-2.5,12.3028588868,58.0746180964)) ;
#619=CARTESIAN_POINT('Axis2P3D Location',(-2.5,18.,41.)) ;
#624=CARTESIAN_POINT('Line Origine',(-2.5,0.,41.)) ;
#628=CARTESIAN_POINT('Vertex',(-8.5,0.,41.)) ;
#631=CARTESIAN_POINT('Axis2P3D Location',(-8.5,18.,41.)) ;
#643=CARTESIAN_POINT('Axis2P3D Location',(4.,0.,29.8115131306)) ;
#648=CARTESIAN_POINT('Line Origine',(-2.25,0.,29.8115131306)) ;
#652=CARTESIAN_POINT('Vertex',(-8.5,0.,29.8115131306)) ;
#655=CARTESIAN_POINT('Line Origine',(-8.5,0.,35.4057565653)) ;
#667=CARTESIAN_POINT('Axis2P3D Location',(-2.5,-15.,29.8115131306)) ;
#672=CARTESIAN_POINT('Axis2P3D Location',(-8.5,-15.,29.8115131306)) ;
#676=CARTESIAN_POINT('Vertex',(-8.5,-1.8,22.6869078783)) ;
#679=CARTESIAN_POINT('Line Origine',(-2.5,-1.8,22.6869078783)) ;
#691=CARTESIAN_POINT('Axis2P3D Location',(-2.5,18.,12.)) ;
#696=CARTESIAN_POINT('Line Origine',(-2.5,-3.72183794466,17.8661534506)) ;
#700=CARTESIAN_POINT('Vertex',(-8.5,-3.72183794466,17.8661534506)) ;
#703=CARTESIAN_POINT('Axis2P3D Location',(-8.5,18.,12.)) ;
#715=CARTESIAN_POINT('Axis2P3D Location',(-2.5,-8.54891304348,19.1697431063)) ;
#720=CARTESIAN_POINT('Axis2P3D Location',(-8.5,-8.54891304348,19.1697431063)) ;
#724=CARTESIAN_POINT('Vertex',(-8.5,-6.3308423913,14.6886536648)) ;
#727=CARTESIAN_POINT('Line Origine',(-2.5,-6.3308423913,14.6886536648)) ;
#739=CARTESIAN_POINT('Axis2P3D Location',(-2.5,-5.,12.)) ;
#744=CARTESIAN_POINT('Line Origine',(-2.5,-6.3308423913,9.31134633515)) ;
#748=CARTESIAN_POINT('Vertex',(-8.5,-6.3308423913,9.31134633515)) ;
#751=CARTESIAN_POINT('Axis2P3D Location',(-8.5,-5.,12.)) ;
#763=CARTESIAN_POINT('Axis2P3D Location',(-2.5,-8.54891304348,4.83025689374)) ;
#768=CARTESIAN_POINT('Axis2P3D Location',(-8.5,-8.54891304348,4.83025689374)) ;
#772=CARTESIAN_POINT('Vertex',(-8.5,-3.72183794466,6.13384654942)) ;
#775=CARTESIAN_POINT('Line Origine',(-2.5,-3.72183794466,6.13384654942)) ;
#787=CARTESIAN_POINT('Line Origine',(-2.5,12.1338465494,-9.72183794466)) ;
#791=CARTESIAN_POINT('Vertex',(-8.5,12.1338465494,-9.72183794466)) ;
#794=CARTESIAN_POINT('Axis2P3D Location',(-8.5,18.,12.)) ;
#806=CARTESIAN_POINT('Axis2P3D Location',(-2.5,10.8302568937,-14.5489130435)) ;
#811=CARTESIAN_POINT('Axis2P3D Location',(-8.5,10.8302568937,-14.5489130435)) ;
#815=CARTESIAN_POINT('Vertex',(-8.5,15.3113463352,-12.3308423913)) ;
#818=CARTESIAN_POINT('Line Origine',(-2.5,15.3113463352,-12.3308423913)) ;
#830=CARTESIAN_POINT('Axis2P3D Location',(-2.5,18.,-11.)) ;
#835=CARTESIAN_POINT('Line Origine',(-2.5,20.6886536648,-12.3308423913)) ;
#839=CARTESIAN_POINT('Vertex',(-8.5,20.6886536648,-12.3308423913)) ;
#842=CARTESIAN_POINT('Axis2P3D Location',(-8.5,18.,-11.)) ;
#854=CARTESIAN_POINT('Axis2P3D Location',(-2.5,25.1697431063,-14.5489130435)) ;
#859=CARTESIAN_POINT('Axis2P3D Location',(-8.5,25.1697431063,-14.5489130435)) ;
#863=CARTESIAN_POINT('Vertex',(-8.5,23.8661534506,-9.72183794466)) ;
#866=CARTESIAN_POINT('Line Origine',(-2.5,23.8661534506,-9.72183794466)) ;
#878=CARTESIAN_POINT('Axis2P3D Location',(-2.5,18.,12.)) ;
#883=CARTESIAN_POINT('Line Origine',(-2.5,39.7218379447,6.13384654942)) ;
#887=CARTESIAN_POINT('Vertex',(-8.5,39.7218379447,6.13384654942)) ;
#890=CARTESIAN_POINT('Axis2P3D Location',(-8.5,18.,12.)) ;
#902=CARTESIAN_POINT('Axis2P3D Location',(-2.5,44.5489130435,4.83025689374)) ;
#907=CARTESIAN_POINT('Axis2P3D Location',(-8.5,44.5489130435,4.83025689374)) ;
#911=CARTESIAN_POINT('Vertex',(-8.5,42.3308423913,9.31134633515)) ;
#914=CARTESIAN_POINT('Line Origine',(-2.5,42.3308423913,9.31134633515)) ;
#926=CARTESIAN_POINT('Axis2P3D Location',(-2.5,41.,12.)) ;
#931=CARTESIAN_POINT('Line Origine',(-2.5,42.3308423913,14.6886536648)) ;
#935=CARTESIAN_POINT('Vertex',(-8.5,42.3308423913,14.6886536648)) ;
#938=CARTESIAN_POINT('Axis2P3D Location',(-8.5,41.,12.)) ;
#950=CARTESIAN_POINT('Axis2P3D Location',(-2.5,44.5489130435,19.1697431063)) ;
#955=CARTESIAN_POINT('Axis2P3D Location',(-8.5,44.5489130435,19.1697431063)) ;
#959=CARTESIAN_POINT('Vertex',(-8.5,39.7218379447,17.8661534506)) ;
#962=CARTESIAN_POINT('Line Origine',(-2.5,39.7218379447,17.8661534506)) ;
#974=CARTESIAN_POINT('Line Origine',(-2.5,34.7082156005,27.0693573668)) ;
#978=CARTESIAN_POINT('Vertex',(-8.5,34.7082156005,27.0693573668)) ;
#981=CARTESIAN_POINT('Axis2P3D Location',(-8.5,18.,12.)) ;
#993=CARTESIAN_POINT('Axis2P3D Location',(-2.5,38.4211524006,30.4181034483)) ;
#998=CARTESIAN_POINT('Axis2P3D Location',(-8.5,38.4211524006,30.4181034483)) ;
#1002=CARTESIAN_POINT('Vertex',(-8.5,33.9817714439,32.7185157421)) ;
#1005=CARTESIAN_POINT('Line Origine',(-2.5,33.9817714439,32.7185157421)) ;
#1017=CARTESIAN_POINT('Axis2P3D Location',(-2.5,18.,41.)) ;
#1022=CARTESIAN_POINT('Line Origine',(-2.5,23.6971411132,58.0746180964)) ;
#1026=CARTESIAN_POINT('Vertex',(-8.5,23.6971411132,58.0746180964)) ;
#1029=CARTESIAN_POINT('Axis2P3D Location',(-8.5,18.,41.)) ;
#1041=CARTESIAN_POINT('Axis2P3D Location',(-2.5,25.2796803113,62.8175675676)) ;
#1046=CARTESIAN_POINT('Axis2P3D Location',(-8.5,25.2796803113,62.8175675676)) ;
#1058=CARTESIAN_POINT('Axis2P3D Location',(-1.75,-2.32959446824,14.9780756028)) ;
#1063=CARTESIAN_POINT('Line Origine',(-1.75,-2.99719585118,14.2335567021)) ;
#1067=CARTESIAN_POINT('Vertex',(-7.5,-2.99719585118,14.2335567021)) ;
#1070=CARTESIAN_POINT('Axis2P3D Location',(-7.5,-2.32959446824,14.9780756028)) ;
#1074=CARTESIAN_POINT('Vertex',(-7.5,-3.15883694494,15.5369646033)) ;
#1077=CARTESIAN_POINT('Line Origine',(-1.75,-3.15883694494,15.5369646033)) ;
#1089=CARTESIAN_POINT('Axis2P3D Location',(-2.5,-8.54891304348,19.1697431063)) ;
#1094=CARTESIAN_POINT('Axis2P3D Location',(-7.5,-8.54891304348,19.1697431063)) ;
#1098=CARTESIAN_POINT('Vertex',(-7.5,-2.27371541502,17.4750765539)) ;
#1101=CARTESIAN_POINT('Line Origine',(-1.75,-2.27371541502,17.4750765539)) ;
#1113=CARTESIAN_POINT('Axis2P3D Location',(-2.5,-15.,29.8115131306)) ;
#1118=CARTESIAN_POINT('Line Origine',(-1.75,-0.48,21.9744473531)) ;
#1122=CARTESIAN_POINT('Vertex',(-7.5,-0.48,21.9744473531)) ;
#1125=CARTESIAN_POINT('Axis2P3D Location',(-7.5,-15.,29.8115131306)) ;
#1129=CARTESIAN_POINT('Vertex',(-7.5,1.5,29.8115131306)) ;
#1132=CARTESIAN_POINT('Line Origine',(-1.75,1.5,29.8115131306)) ;
#1144=CARTESIAN_POINT('Axis2P3D Location',(4.,1.5,29.8115131306)) ;
#1149=CARTESIAN_POINT('Line Origine',(-7.5,1.5,35.4057565653)) ;
#1153=CARTESIAN_POINT('Vertex',(-7.5,1.5,41.)) ;
#1156=CARTESIAN_POINT('Line Origine',(-1.75,1.5,41.)) ;
#1168=CARTESIAN_POINT('Axis2P3D Location',(-2.5,10.7203196887,62.8175675676)) ;
#1173=CARTESIAN_POINT('Line Origine',(-1.75,12.7776206462,56.651733255)) ;
#1177=CARTESIAN_POINT('Vertex',(-7.5,12.7776206462,56.651733255)) ;
#1180=CARTESIAN_POINT('Axis2P3D Location',(-7.5,10.7203196887,62.8175675676)) ;
#1184=CARTESIAN_POINT('Vertex',(-7.5,14.5237898152,57.5465510625)) ;
#1187=CARTESIAN_POINT('Line Origine',(-1.75,14.5237898152,57.5465510625)) ;
#1199=CARTESIAN_POINT('Axis2P3D Location',(-1.75,15.1089390655,56.7356254463)) ;
#1204=CARTESIAN_POINT('Axis2P3D Location',(-7.5,15.1089390655,56.7356254463)) ;
#1208=CARTESIAN_POINT('Vertex',(-7.5,15.8317042991,57.4267190848)) ;
#1211=CARTESIAN_POINT('Line Origine',(-1.75,15.8317042991,57.4267190848)) ;
#1223=CARTESIAN_POINT('Axis2P3D Location',(-5.66000000012,18.,59.5)) ;
#1228=CARTESIAN_POINT('Axis2P3D Location',(-7.5,18.,59.5)) ;
#1232=CARTESIAN_POINT('Vertex',(-7.5,20.1682957009,57.4267190848)) ;
#1235=CARTESIAN_POINT('Line Origine',(-5.66000000012,20.1682957009,57.4267190848)) ;
#1247=CARTESIAN_POINT('Axis2P3D Location',(-1.75,20.8910609345,56.7356254463)) ;
#1252=CARTESIAN_POINT('Line Origine',(-1.75,21.4762101848,57.5465510625)) ;
#1256=CARTESIAN_POINT('Vertex',(-7.5,21.4762101848,57.5465510625)) ;
#1259=CARTESIAN_POINT('Axis2P3D Location',(-7.5,20.8910609345,56.7356254463)) ;
#1271=CARTESIAN_POINT('Axis2P3D Location',(-2.5,25.2796803113,62.8175675676)) ;
#1276=CARTESIAN_POINT('Axis2P3D Location',(-7.5,25.2796803113,62.8175675676)) ;
#1280=CARTESIAN_POINT('Vertex',(-7.5,23.2223793538,56.651733255)) ;
#1283=CARTESIAN_POINT('Line Origine',(-1.75,23.2223793538,56.651733255)) ;
#1295=CARTESIAN_POINT('Axis2P3D Location',(-2.5,38.4211524006,30.4181034483)) ;
#1300=CARTESIAN_POINT('Line Origine',(-1.75,32.649957157,33.4086394303)) ;
#1304=CARTESIAN_POINT('Vertex',(-7.5,32.649957157,33.4086394303)) ;
#1307=CARTESIAN_POINT('Axis2P3D Location',(-7.5,38.4211524006,30.4181034483)) ;
#1311=CARTESIAN_POINT('Vertex',(-7.5,33.5943345605,26.0647335423)) ;
#1314=CARTESIAN_POINT('Line Origine',(-1.75,33.5943345605,26.0647335423)) ;
#1326=CARTESIAN_POINT('Axis2P3D Location',(-2.5,44.5489130435,19.1697431063)) ;
#1331=CARTESIAN_POINT('Line Origine',(-1.75,38.273715415,17.4750765539)) ;
#1335=CARTESIAN_POINT('Vertex',(-7.5,38.273715415,17.4750765539)) ;
#1338=CARTESIAN_POINT('Axis2P3D Location',(-7.5,44.5489130435,19.1697431063)) ;
#1342=CARTESIAN_POINT('Vertex',(-7.5,39.1588369449,15.5369646033)) ;
#1345=CARTESIAN_POINT('Line Origine',(-1.75,39.1588369449,15.5369646033)) ;
#1357=CARTESIAN_POINT('Axis2P3D Location',(-1.75,38.3295944682,14.9780756028)) ;
#1362=CARTESIAN_POINT('Line Origine',(-1.75,38.9971958512,14.2335567021)) ;
#1366=CARTESIAN_POINT('Vertex',(-7.5,38.9971958512,14.2335567021)) ;
#1369=CARTESIAN_POINT('Axis2P3D Location',(-7.5,38.3295944682,14.9780756028)) ;
#1381=CARTESIAN_POINT('Axis2P3D Location',(-5.66000000012,41.,12.)) ;
#1386=CARTESIAN_POINT('Axis2P3D Location',(-7.5,41.,12.)) ;
#1390=CARTESIAN_POINT('Vertex',(-7.5,38.,12.)) ;
#1393=CARTESIAN_POINT('Line Origine',(-5.66000000012,38.,12.)) ;
#1405=CARTESIAN_POINT('Axis2P3D Location',(-7.5,41.,12.)) ;
#1409=CARTESIAN_POINT('Vertex',(-7.5,38.9971958512,9.76644329791)) ;
#1412=CARTESIAN_POINT('Line Origine',(-5.66000000012,38.9971958512,9.76644329791)) ;
#1424=CARTESIAN_POINT('Axis2P3D Location',(-1.75,38.3295944682,9.02192439721)) ;
#1429=CARTESIAN_POINT('Axis2P3D Location',(-7.5,38.3295944682,9.02192439721)) ;
#1433=CARTESIAN_POINT('Vertex',(-7.5,39.1588369449,8.46303539675)) ;
#1436=CARTESIAN_POINT('Line Origine',(-1.75,39.1588369449,8.46303539675)) ;
#1448=CARTESIAN_POINT('Axis2P3D Location',(-2.5,44.5489130435,4.83025689374)) ;
#1453=CARTESIAN_POINT('Axis2P3D Location',(-7.5,44.5489130435,4.83025689374)) ;
#1457=CARTESIAN_POINT('Vertex',(-7.5,38.273715415,6.52492344613)) ;
#1460=CARTESIAN_POINT('Line Origine',(-1.75,38.273715415,6.52492344613)) ;
#1472=CARTESIAN_POINT('Axis2P3D Location',(-2.5,25.1697431063,-14.5489130435)) ;
#1477=CARTESIAN_POINT('Line Origine',(-1.75,23.4750765539,-8.27371541502)) ;
#1481=CARTESIAN_POINT('Vertex',(-7.5,23.4750765539,-8.27371541502)) ;
#1484=CARTESIAN_POINT('Axis2P3D Location',(-7.5,25.1697431063,-14.5489130435)) ;
#1488=CARTESIAN_POINT('Vertex',(-7.5,21.5369646033,-9.15883694494)) ;
#1491=CARTESIAN_POINT('Line Origine',(-1.75,21.5369646033,-9.15883694494)) ;
#1503=CARTESIAN_POINT('Axis2P3D Location',(-1.75,20.9780756028,-8.32959446824)) ;
#1508=CARTESIAN_POINT('Line Origine',(-1.75,20.2335567021,-8.99719585118)) ;
#1512=CARTESIAN_POINT('Vertex',(-7.5,20.2335567021,-8.99719585118)) ;
#1515=CARTESIAN_POINT('Axis2P3D Location',(-7.5,20.9780756028,-8.32959446824)) ;
#1527=CARTESIAN_POINT('Axis2P3D Location',(-5.66000000012,18.,-11.)) ;
#1532=CARTESIAN_POINT('Axis2P3D Location',(-7.5,18.,-11.)) ;
#1536=CARTESIAN_POINT('Vertex',(-7.5,15.7664432979,-8.99719585118)) ;
#1539=CARTESIAN_POINT('Line Origine',(-5.66000000012,15.7664432979,-8.99719585118)) ;
#1551=CARTESIAN_POINT('Axis2P3D Location',(-1.75,15.0219243972,-8.32959446824)) ;
#1556=CARTESIAN_POINT('Axis2P3D Location',(-7.5,15.0219243972,-8.32959446824)) ;
#1560=CARTESIAN_POINT('Vertex',(-7.5,14.4630353967,-9.15883694494)) ;
#1563=CARTESIAN_POINT('Line Origine',(-1.75,14.4630353967,-9.15883694494)) ;
#1575=CARTESIAN_POINT('Axis2P3D Location',(-2.5,10.8302568937,-14.5489130435)) ;
#1580=CARTESIAN_POINT('Axis2P3D Location',(-7.5,10.8302568937,-14.5489130435)) ;
#1584=CARTESIAN_POINT('Vertex',(-7.5,12.5249234461,-8.27371541502)) ;
#1587=CARTESIAN_POINT('Line Origine',(-1.75,12.5249234461,-8.27371541502)) ;
#1599=CARTESIAN_POINT('Axis2P3D Location',(-2.5,-8.54891304348,4.83025689374)) ;
#1604=CARTESIAN_POINT('Line Origine',(-1.75,-2.27371541502,6.52492344613)) ;
#1608=CARTESIAN_POINT('Vertex',(-7.5,-2.27371541502,6.52492344613)) ;
#1611=CARTESIAN_POINT('Axis2P3D Location',(-7.5,-8.54891304348,4.83025689374)) ;
#1615=CARTESIAN_POINT('Vertex',(-7.5,-3.15883694494,8.46303539675)) ;
#1618=CARTESIAN_POINT('Line Origine',(-1.75,-3.15883694494,8.46303539675)) ;
#1630=CARTESIAN_POINT('Axis2P3D Location',(-1.75,-2.32959446824,9.02192439721)) ;
#1635=CARTESIAN_POINT('Line Origine',(-1.75,-2.99719585118,9.76644329791)) ;
#1639=CARTESIAN_POINT('Vertex',(-7.5,-2.99719585118,9.76644329791)) ;
#1642=CARTESIAN_POINT('Axis2P3D Location',(-7.5,-2.32959446824,9.02192439721)) ;
#1654=CARTESIAN_POINT('Axis2P3D Location',(-5.66000000012,-5.,12.)) ;
#1659=CARTESIAN_POINT('Axis2P3D Location',(-7.5,-5.,12.)) ;
#1671=CARTESIAN_POINT('Axis2P3D Location',(-8.5,18.,59.5)) ;
#1676=CARTESIAN_POINT('Axis2P3D Location',(-8.5,20.2749000973,60.5367398649)) ;
#1680=CARTESIAN_POINT('Vertex',(-9.,20.2749000973,60.5367398649)) ;
#1683=CARTESIAN_POINT('Axis2P3D Location',(-9.,18.,59.5)) ;
#1687=CARTESIAN_POINT('Vertex',(-9.,15.7250999027,60.5367398649)) ;
#1690=CARTESIAN_POINT('Axis2P3D Location',(-8.5,15.7250999027,60.5367398649)) ;
#1702=CARTESIAN_POINT('Axis2P3D Location',(-8.5,10.7203196887,62.8175675676)) ;
#1707=CARTESIAN_POINT('Axis2P3D Location',(-9.,10.7203196887,62.8175675676)) ;
#1711=CARTESIAN_POINT('Vertex',(-9.,12.4611128066,57.6003231492)) ;
#1714=CARTESIAN_POINT('Axis2P3D Location',(-8.5,12.4611128066,57.6003231492)) ;
#1726=CARTESIAN_POINT('Axis2P3D Location',(-8.5,18.,41.)) ;
#1731=CARTESIAN_POINT('Axis2P3D Location',(-9.,18.,41.)) ;
#1735=CARTESIAN_POINT('Vertex',(-9.,0.5,41.)) ;
#1738=CARTESIAN_POINT('Axis2P3D Location',(-8.5,0.5,41.)) ;
#1750=CARTESIAN_POINT('Axis2P3D Location',(-8.5,0.5,24.25)) ;
#1755=CARTESIAN_POINT('Line Origine',(-9.,0.5,24.25)) ;
#1759=CARTESIAN_POINT('Vertex',(-9.,0.5,29.8115131306)) ;
#1762=CARTESIAN_POINT('Axis2P3D Location',(-8.5,0.5,29.8115131306)) ;
#1774=CARTESIAN_POINT('Axis2P3D Location',(-8.5,-15.,29.8115131306)) ;
#1779=CARTESIAN_POINT('Axis2P3D Location',(-9.,-15.,29.8115131306)) ;
#1783=CARTESIAN_POINT('Vertex',(-9.,-1.36,22.4494210366)) ;
#1786=CARTESIAN_POINT('Axis2P3D Location',(-8.5,-1.36,22.4494210366)) ;
#1798=CARTESIAN_POINT('Axis2P3D Location',(-8.5,18.,12.)) ;
#1803=CARTESIAN_POINT('Axis2P3D Location',(-9.,18.,12.)) ;
#1807=CARTESIAN_POINT('Vertex',(-9.,-3.23913043478,17.735794485)) ;
#1810=CARTESIAN_POINT('Axis2P3D Location',(-8.5,-3.23913043478,17.735794485)) ;
#1822=CARTESIAN_POINT('Axis2P3D Location',(-8.5,-8.54891304348,19.1697431063)) ;
#1827=CARTESIAN_POINT('Axis2P3D Location',(-9.,-8.54891304348,19.1697431063)) ;
#1831=CARTESIAN_POINT('Vertex',(-9.,-6.10903532609,14.2405447207)) ;
#1834=CARTESIAN_POINT('Axis2P3D Location',(-8.5,-6.10903532609,14.2405447207)) ;
#1846=CARTESIAN_POINT('Axis2P3D Location',(-8.5,-5.,12.)) ;
#1851=CARTESIAN_POINT('Axis2P3D Location',(-9.,-5.,12.)) ;
#1855=CARTESIAN_POINT('Vertex',(-9.,-6.10903532609,9.75945527929)) ;
#1858=CARTESIAN_POINT('Axis2P3D Location',(-8.5,-6.10903532609,9.75945527929)) ;
#1870=CARTESIAN_POINT('Axis2P3D Location',(-8.5,-8.54891304348,4.83025689374)) ;
#1875=CARTESIAN_POINT('Axis2P3D Location',(-9.,-8.54891304348,4.83025689374)) ;
#1879=CARTESIAN_POINT('Vertex',(-9.,-3.23913043478,6.26420551499)) ;
#1882=CARTESIAN_POINT('Axis2P3D Location',(-8.5,-3.23913043478,6.26420551499)) ;
#1894=CARTESIAN_POINT('Axis2P3D Location',(-8.5,18.,12.)) ;
#1899=CARTESIAN_POINT('Axis2P3D Location',(-9.,18.,12.)) ;
#1903=CARTESIAN_POINT('Vertex',(-9.,12.264205515,-9.23913043478)) ;
#1906=CARTESIAN_POINT('Axis2P3D Location',(-8.5,12.264205515,-9.23913043478)) ;
#1918=CARTESIAN_POINT('Axis2P3D Location',(-8.5,10.8302568937,-14.5489130435)) ;
#1923=CARTESIAN_POINT('Axis2P3D Location',(-9.,10.8302568937,-14.5489130435)) ;
#1927=CARTESIAN_POINT('Vertex',(-9.,15.7594552793,-12.1090353261)) ;
#1930=CARTESIAN_POINT('Axis2P3D Location',(-8.5,15.7594552793,-12.1090353261)) ;
#1942=CARTESIAN_POINT('Axis2P3D Location',(-8.5,18.,-11.)) ;
#1947=CARTESIAN_POINT('Axis2P3D Location',(-9.,18.,-11.)) ;
#1951=CARTESIAN_POINT('Vertex',(-9.,20.2405447207,-12.1090353261)) ;
#1954=CARTESIAN_POINT('Axis2P3D Location',(-8.5,20.2405447207,-12.1090353261)) ;
#1966=CARTESIAN_POINT('Axis2P3D Location',(-8.5,25.1697431063,-14.5489130435)) ;
#1971=CARTESIAN_POINT('Axis2P3D Location',(-9.,25.1697431063,-14.5489130435)) ;
#1975=CARTESIAN_POINT('Vertex',(-9.,23.735794485,-9.23913043478)) ;
#1978=CARTESIAN_POINT('Axis2P3D Location',(-8.5,23.735794485,-9.23913043478)) ;
#1990=CARTESIAN_POINT('Axis2P3D Location',(-8.5,18.,12.)) ;
#1995=CARTESIAN_POINT('Axis2P3D Location',(-9.,18.,12.)) ;
#1999=CARTESIAN_POINT('Vertex',(-9.,39.2391304348,6.26420551499)) ;
#2002=CARTESIAN_POINT('Axis2P3D Location',(-8.5,39.2391304348,6.26420551499)) ;
#2014=CARTESIAN_POINT('Axis2P3D Location',(-8.5,44.5489130435,4.83025689374)) ;
#2019=CARTESIAN_POINT('Axis2P3D Location',(-9.,44.5489130435,4.83025689374)) ;
#2023=CARTESIAN_POINT('Vertex',(-9.,42.1090353261,9.75945527929)) ;
#2026=CARTESIAN_POINT('Axis2P3D Location',(-8.5,42.1090353261,9.75945527929)) ;
#2038=CARTESIAN_POINT('Axis2P3D Location',(-8.5,41.,12.)) ;
#2043=CARTESIAN_POINT('Axis2P3D Location',(-9.,41.,12.)) ;
#2047=CARTESIAN_POINT('Vertex',(-9.,42.1090353261,14.2405447207)) ;
#2050=CARTESIAN_POINT('Axis2P3D Location',(-8.5,42.1090353261,14.2405447207)) ;
#2062=CARTESIAN_POINT('Axis2P3D Location',(-8.5,44.5489130435,19.1697431063)) ;
#2067=CARTESIAN_POINT('Axis2P3D Location',(-9.,44.5489130435,19.1697431063)) ;
#2071=CARTESIAN_POINT('Vertex',(-9.,39.2391304348,17.735794485)) ;
#2074=CARTESIAN_POINT('Axis2P3D Location',(-8.5,39.2391304348,17.735794485)) ;
#2086=CARTESIAN_POINT('Axis2P3D Location',(-8.5,18.,12.)) ;
#2091=CARTESIAN_POINT('Axis2P3D Location',(-9.,18.,12.)) ;
#2095=CARTESIAN_POINT('Vertex',(-9.,34.3369219205,26.7344827586)) ;
#2098=CARTESIAN_POINT('Axis2P3D Location',(-8.5,34.3369219205,26.7344827586)) ;
#2110=CARTESIAN_POINT('Axis2P3D Location',(-8.5,38.4211524006,30.4181034483)) ;
#2115=CARTESIAN_POINT('Axis2P3D Location',(-9.,38.4211524006,30.4181034483)) ;
#2119=CARTESIAN_POINT('Vertex',(-9.,33.5378333483,32.9485569715)) ;
#2122=CARTESIAN_POINT('Axis2P3D Location',(-8.5,33.5378333483,32.9485569715)) ;
#2134=CARTESIAN_POINT('Axis2P3D Location',(-8.5,18.,41.)) ;
#2139=CARTESIAN_POINT('Axis2P3D Location',(-9.,18.,41.)) ;
#2143=CARTESIAN_POINT('Vertex',(-9.,23.5388871934,57.6003231492)) ;
#2146=CARTESIAN_POINT('Axis2P3D Location',(-8.5,23.5388871934,57.6003231492)) ;
#2158=CARTESIAN_POINT('Axis2P3D Location',(-8.5,25.2796803113,62.8175675676)) ;
#2163=CARTESIAN_POINT('Axis2P3D Location',(-9.,25.2796803113,62.8175675676)) ;
#2175=CARTESIAN_POINT('Axis2P3D Location',(-11.,18.,41.)) ;
#2180=CARTESIAN_POINT('Axis2P3D Location',(-9.,18.,41.)) ;
#2184=CARTESIAN_POINT('Vertex',(-9.,33.0784271246,40.9999237969)) ;
#2186=CARTESIAN_POINT('Vertex',(-9.,2.9215728753,41.0000378478)) ;
#2189=CARTESIAN_POINT('Axis2P3D Location',(-9.,18.,41.)) ;
#2193=CARTESIAN_POINT('Vertex',(-9.,27.373192434,29.1888938642)) ;
#2196=CARTESIAN_POINT('Axis2P3D Location',(-11.,27.373192434,29.1888938642)) ;
#2200=CARTESIAN_POINT('Vertex',(-9.58578643763,26.4940751618,30.2966631641)) ;
#2203=CARTESIAN_POINT('Axis2P3D Location',(-9.58578643763,18.,41.)) ;
#2207=CARTESIAN_POINT('Vertex',(-9.58578643763,31.6642135624,41.)) ;
#2210=CARTESIAN_POINT('Axis2P3D Location',(-9.58578643763,18.,41.)) ;
#2214=CARTESIAN_POINT('Vertex',(-9.58578643763,4.33578643763,41.)) ;
#2217=CARTESIAN_POINT('Axis2P3D Location',(-9.58578643763,18.,41.)) ;
#2221=CARTESIAN_POINT('Vertex',(-9.58578643763,9.50593997483,30.2966511518)) ;
#2224=CARTESIAN_POINT('Axis2P3D Location',(-11.,8.626807566,29.1888938642)) ;
#2228=CARTESIAN_POINT('Vertex',(-9.,8.626807566,29.1888938642)) ;
#2231=CARTESIAN_POINT('Axis2P3D Location',(-9.,18.,41.)) ;
#2247=CARTESIAN_POINT('Axis2P3D Location',(-11.,18.,12.)) ;
#2252=CARTESIAN_POINT('Axis2P3D Location',(-11.,27.373192434,29.1888938642)) ;
#2256=CARTESIAN_POINT('Vertex',(-9.58578643763,26.6961302521,27.9472873235)) ;
#2259=CARTESIAN_POINT('Axis2P3D Location',(-9.,18.,12.)) ;
#2263=CARTESIAN_POINT('Vertex',(-9.,37.5784271247,11.9999941711)) ;
#2266=CARTESIAN_POINT('Axis2P3D Location',(-9.,18.,12.)) ;
#2270=CARTESIAN_POINT('Vertex',(-9.,-1.57842712475,12.0000003483)) ;
#2273=CARTESIAN_POINT('Axis2P3D Location',(-11.,-1.57842712475,12.0000003483)) ;
#2277=CARTESIAN_POINT('Vertex',(-9.58578643763,-0.164213562373,12.)) ;
#2280=CARTESIAN_POINT('Axis2P3D Location',(-9.58578643763,18.,12.)) ;
#2284=CARTESIAN_POINT('Vertex',(-9.58578643763,36.1642135624,12.)) ;
#2287=CARTESIAN_POINT('Axis2P3D Location',(-9.58578643763,18.,12.)) ;
#2301=CARTESIAN_POINT('Axis2P3D Location',(-11.,18.,12.)) ;
#2306=CARTESIAN_POINT('Axis2P3D Location',(-11.,8.626807566,29.1888938642)) ;
#2310=CARTESIAN_POINT('Vertex',(-9.58578643763,9.30386378601,27.9472840724)) ;
#2313=CARTESIAN_POINT('Axis2P3D Location',(-9.58578643763,18.,12.)) ;
#2318=CARTESIAN_POINT('Axis2P3D Location',(-9.,18.,12.)) ;
#2330=CARTESIAN_POINT('Axis2P3D Location',(-11.,8.626807566,29.1888938642)) ;
#2335=CARTESIAN_POINT('Axis2P3D Location',(-11.,8.626807566,29.1888938642)) ;
#2346=CARTESIAN_POINT('Axis2P3D Location',(-23.25,18.,41.)) ;
#2352=CARTESIAN_POINT('Control Point',(-9.58578643763,26.4940751618,30.2966631641)) ;
#2353=CARTESIAN_POINT('Control Point',(-9.98351434317,25.820603445,30.2699537046)) ;
#2354=CARTESIAN_POINT('Control Point',(-10.3323920213,25.1891848079,30.2488326573)) ;
#2355=CARTESIAN_POINT('Control Point',(-10.6395013769,24.5921108791,30.232002186)) ;
#2356=CARTESIAN_POINT('Control Point',(-11.5441111032,22.6887328507,30.1868994758)) ;
#2357=CARTESIAN_POINT('Control Point',(-12.0758021823,21.0523163139,30.1715653524)) ;
#2358=CARTESIAN_POINT('Control Point',(-12.3113657844,19.9765726376,30.1664611846)) ;
#2359=CARTESIAN_POINT('Control Point',(-12.5175386311,18.0706788832,30.1619560363)) ;
#2360=CARTESIAN_POINT('Control Point',(-12.3117583046,16.156877357,30.1664516682)) ;
#2361=CARTESIAN_POINT('Control Point',(-12.1336465579,15.2684146514,30.1704530517)) ;
#2362=CARTESIAN_POINT('Control Point',(-11.6805004717,13.7096321897,30.1832050806)) ;
#2363=CARTESIAN_POINT('Control Point',(-10.908177728,11.9430889365,30.2178049795)) ;
#2364=CARTESIAN_POINT('Control Point',(-10.5400163788,11.1908926132,30.2364981325)) ;
#2365=CARTESIAN_POINT('Control Point',(-10.104473394,10.3842217983,30.2618269581)) ;
#2366=CARTESIAN_POINT('Control Point',(-9.58579252029,9.50593679085,30.2966614438)) ;
#2368=CARTESIAN_POINT('Line Origine',(-11.5,6.25,41.)) ;
#2372=CARTESIAN_POINT('Vertex',(-14.,8.75,41.)) ;
#2375=CARTESIAN_POINT('Axis2P3D Location',(-14.,18.,41.)) ;
#2379=CARTESIAN_POINT('Vertex',(-14.,27.25,41.)) ;
#2382=CARTESIAN_POINT('Line Origine',(-11.5,29.75,41.)) ;
#2396=CARTESIAN_POINT('Axis2P3D Location',(-23.25,18.,41.)) ;
#2401=CARTESIAN_POINT('Axis2P3D Location',(-14.,18.,41.)) ;
#2413=CARTESIAN_POINT('Axis2P3D Location',(-27.75,18.,12.)) ;
#2419=CARTESIAN_POINT('Control Point',(-9.58578643763,26.6961302521,27.9472873235)) ;
#2420=CARTESIAN_POINT('Control Point',(-9.98351434317,26.0166224244,27.8648077135)) ;
#2421=CARTESIAN_POINT('Control Point',(-10.3323920213,25.3778991994,27.7914033076)) ;
#2422=CARTESIAN_POINT('Control Point',(-10.6395013769,24.7723113382,27.7260100572)) ;
#2423=CARTESIAN_POINT('Control Point',(-11.5441111032,22.8366304424,27.5314814912)) ;
#2424=CARTESIAN_POINT('Control Point',(-12.0758021823,21.1565342026,27.4124266394)) ;
#2425=CARTESIAN_POINT('Control Point',(-12.3113657844,20.046079136,27.3590799719)) ;
#2426=CARTESIAN_POINT('Control Point',(-12.5175386311,18.0729738867,27.312384598)) ;
#2427=CARTESIAN_POINT('Control Point',(-12.3117583046,16.0924179071,27.3589914386)) ;
#2428=CARTESIAN_POINT('Control Point',(-12.1336465579,15.1750587874,27.3992817296)) ;
#2429=CARTESIAN_POINT('Control Point',(-11.6804996565,13.5721221124,27.5008305508)) ;
#2430=CARTESIAN_POINT('Control Point',(-10.9081749494,11.7709873518,27.668573852)) ;
#2431=CARTESIAN_POINT('Control Point',(-10.5400114325,11.0067418845,27.747621229)) ;
#2432=CARTESIAN_POINT('Control Point',(-10.104465592,10.1900344149,27.839733209)) ;
#2433=CARTESIAN_POINT('Control Point',(-9.58578090609,9.30386807211,27.9472927102)) ;
#2435=CARTESIAN_POINT('Line Origine',(-11.5,34.25,12.)) ;
#2439=CARTESIAN_POINT('Vertex',(-14.,31.75,12.)) ;
#2442=CARTESIAN_POINT('Axis2P3D Location',(-14.,18.,12.)) ;
#2446=CARTESIAN_POINT('Vertex',(-14.,4.25,12.)) ;
#2449=CARTESIAN_POINT('Line Origine',(-11.5,1.75,12.)) ;
#2463=CARTESIAN_POINT('Axis2P3D Location',(-27.75,18.,12.)) ;
#2468=CARTESIAN_POINT('Axis2P3D Location',(-14.,18.,12.)) ;
#2481=CARTESIAN_POINT('Control Point',(-9.58578643763,26.6961377974,27.9472822583)) ;
#2482=CARTESIAN_POINT('Control Point',(-9.45564559118,26.6070801927,28.1440775469)) ;
#2483=CARTESIAN_POINT('Control Point',(-9.35360732771,26.531476631,28.3655468846)) ;
#2484=CARTESIAN_POINT('Control Point',(-9.28400290878,26.4722874306,28.605182961)) ;
#2485=CARTESIAN_POINT('Control Point',(-9.21441984272,26.3907844106,29.104400949)) ;
#2486=CARTESIAN_POINT('Control Point',(-9.28400290878,26.3858493683,29.6102042174)) ;
#2487=CARTESIAN_POINT('Control Point',(-9.35360732771,26.4032516419,29.856427595)) ;
#2488=CARTESIAN_POINT('Control Point',(-9.45564559118,26.4399291842,30.0875537445)) ;
#2489=CARTESIAN_POINT('Control Point',(-9.58578643763,26.4940762697,30.2966654488)) ;
#2490=CARTESIAN_POINT('Control Point',(-9.98351434317,26.0166328859,27.8648004654)) ;
#2491=CARTESIAN_POINT('Control Point',(-9.84519970512,25.9275340748,28.0649054678)) ;
#2492=CARTESIAN_POINT('Control Point',(-9.73650626032,25.8518596347,28.2914306938)) ;
#2493=CARTESIAN_POINT('Control Point',(-9.66227252032,25.7927319085,28.5374088482)) ;
#2494=CARTESIAN_POINT('Control Point',(-9.58806381527,25.7118376137,29.0505368803)) ;
#2495=CARTESIAN_POINT('Control Point',(-9.66227252032,25.7085571663,29.5699871347)) ;
#2496=CARTESIAN_POINT('Control Point',(-9.73650626032,25.7270695946,29.8222896656)) ;
#2497=CARTESIAN_POINT('Control Point',(-9.84519970512,25.7650691355,30.0580738381)) ;
#2498=CARTESIAN_POINT('Control Point',(-9.98351434317,25.8206056482,30.269958068)) ;
#2499=CARTESIAN_POINT('Control Point',(-10.3323920213,25.3779103188,27.7913953394)) ;
#2500=CARTESIAN_POINT('Control Point',(-10.1858402271,25.2895516765,27.9944996346)) ;
#2501=CARTESIAN_POINT('Control Point',(-10.0704058879,25.2144602926,28.2257767642)) ;
#2502=CARTESIAN_POINT('Control Point',(-9.9914704962,25.1558924765,28.477800354)) ;
#2503=CARTESIAN_POINT('Control Point',(-9.91256432986,25.0762556537,29.0042295564)) ;
#2504=CARTESIAN_POINT('Control Point',(-9.9914704962,25.0745510577,29.5366326532)) ;
#2505=CARTESIAN_POINT('Control Point',(-10.0704058879,25.0939445688,29.7946323878)) ;
#2506=CARTESIAN_POINT('Control Point',(-10.1858402271,25.1328502559,30.034646921)) ;
#2507=CARTESIAN_POINT('Control Point',(-10.3323920213,25.1891882622,30.2488390745)) ;
#2508=CARTESIAN_POINT('Control Point',(-10.6395013769,24.7723113382,27.7260100572)) ;
#2509=CARTESIAN_POINT('Control Point',(-10.4847572679,24.6855562763,27.9318127391)) ;
#2510=CARTESIAN_POINT('Control Point',(-10.3625846364,24.6117756096,28.167519384)) ;
#2511=CARTESIAN_POINT('Control Point',(-10.2789365685,24.5543201423,28.4252529483)) ;
#2512=CARTESIAN_POINT('Control Point',(-10.1953224139,24.4766426364,28.9642776834)) ;
#2513=CARTESIAN_POINT('Control Point',(-10.2789365685,24.4763723787,29.5088493254)) ;
#2514=CARTESIAN_POINT('Control Point',(-10.3625846364,24.4963558673,29.7721320898)) ;
#2515=CARTESIAN_POINT('Control Point',(-10.4847572679,24.5356637275,30.0159415124)) ;
#2516=CARTESIAN_POINT('Control Point',(-10.6395013769,24.5921108791,30.232002186)) ;
#2517=CARTESIAN_POINT('Control Point',(-11.5441111032,22.8366304424,27.5314814912)) ;
#2518=CARTESIAN_POINT('Control Point',(-11.3625416587,22.7583684075,27.7453647773)) ;
#2519=CARTESIAN_POINT('Control Point',(-11.2181996556,22.6916354892,27.9947701243)) ;
#2520=CARTESIAN_POINT('Control Point',(-11.1190064011,22.6399190763,28.2703664621)) ;
#2521=CARTESIAN_POINT('Control Point',(-11.0198641722,22.5712990005,28.8488707926)) ;
#2522=CARTESIAN_POINT('Control Point',(-11.1190064011,22.5751231234,29.4312858648)) ;
#2523=CARTESIAN_POINT('Control Point',(-11.2181996556,22.5958895939,29.7107951391)) ;
#2524=CARTESIAN_POINT('Control Point',(-11.3625416587,22.6345628109,29.9658855854)) ;
#2525=CARTESIAN_POINT('Control Point',(-11.5441111032,22.6887328507,30.1868994758)) ;
#2526=CARTESIAN_POINT('Control Point',(-12.0758021823,21.1565342026,27.4124266394)) ;
#2527=CARTESIAN_POINT('Control Point',(-11.8711964195,21.0971760939,27.6313519969)) ;
#2528=CARTESIAN_POINT('Control Point',(-11.7075280858,21.0464058722,27.8904677635)) ;
#2529=CARTESIAN_POINT('Control Point',(-11.5946724122,21.0071758876,28.1792582105)) ;
#2530=CARTESIAN_POINT('Control Point',(-11.4818874971,20.9558582382,28.7871014339)) ;
#2531=CARTESIAN_POINT('Control Point',(-11.5946724122,20.9610421945,29.3968103795)) ;
#2532=CARTESIAN_POINT('Control Point',(-11.7075280858,20.9783513854,29.6874679142)) ;
#2533=CARTESIAN_POINT('Control Point',(-11.8711964195,21.0094871357,29.9492833722)) ;
#2534=CARTESIAN_POINT('Control Point',(-12.0758021823,21.0523163139,30.1715653524)) ;
#2535=CARTESIAN_POINT('Control Point',(-12.3118353579,20.0467042687,27.3590045412)) ;
#2536=CARTESIAN_POINT('Control Point',(-12.0949732109,20.0059982557,27.5801649693)) ;
#2537=CARTESIAN_POINT('Control Point',(-11.9209109216,19.9711345955,27.8439070832)) ;
#2538=CARTESIAN_POINT('Control Point',(-11.8006630552,19.9442210698,28.1391168566)) ;
#2539=CARTESIAN_POINT('Control Point',(-11.6804988156,19.9092005734,28.7612419915)) ;
#2540=CARTESIAN_POINT('Control Point',(-11.8006630552,19.9133291769,29.3839237717)) ;
#2541=CARTESIAN_POINT('Control Point',(-11.9209109216,19.9255931245,29.6796906173)) ;
#2542=CARTESIAN_POINT('Control Point',(-12.0949732109,19.9473955512,29.9442378534)) ;
#2543=CARTESIAN_POINT('Control Point',(-12.3118353579,19.9771887624,30.1663986907)) ;
#2544=CARTESIAN_POINT('Control Point',(-12.5795657547,17.4722846333,27.298293521)) ;
#2545=CARTESIAN_POINT('Control Point',(-12.3488958375,17.4829924343,27.5220248295)) ;
#2546=CARTESIAN_POINT('Control Point',(-12.1631297666,17.4921649685,27.7910308542)) ;
#2547=CARTESIAN_POINT('Control Point',(-12.0345597545,17.499243521,28.0935222597)) ;
#2548=CARTESIAN_POINT('Control Point',(-11.9060878731,17.5084420767,28.7318391645)) ;
#2549=CARTESIAN_POINT('Control Point',(-12.0345597546,17.5073181056,29.3692577208)) ;
#2550=CARTESIAN_POINT('Control Point',(-12.1631297666,17.5040665549,29.6708500947)) ;
#2551=CARTESIAN_POINT('Control Point',(-12.3488958375,17.4983016139,29.9385566172)) ;
#2552=CARTESIAN_POINT('Control Point',(-12.5795657547,17.4904344043,30.1606729077)) ;
#2553=CARTESIAN_POINT('Control Point',(-12.1494709257,14.888746001,27.395806757)) ;
#2554=CARTESIAN_POINT('Control Point',(-11.9409704483,14.9499812526,27.6154118745)) ;
#2555=CARTESIAN_POINT('Control Point',(-11.7739949855,15.0024229559,27.8759664032)) ;
#2556=CARTESIAN_POINT('Control Point',(-11.6587859391,15.0429131516,28.1667655631)) ;
#2557=CARTESIAN_POINT('Control Point',(-11.5436517685,15.0956368531,28.7790818921)) ;
#2558=CARTESIAN_POINT('Control Point',(-11.6587859391,15.0895407233,29.3928356513)) ;
#2559=CARTESIAN_POINT('Control Point',(-11.7739949855,15.0711687449,29.6850733272)) ;
#2560=CARTESIAN_POINT('Control Point',(-11.9409704482,15.0384606801,29.947707355)) ;
#2561=CARTESIAN_POINT('Control Point',(-12.1494709257,14.9937327291,30.1698972773)) ;
#2562=CARTESIAN_POINT('Control Point',(-11.6553411538,13.2875349511,27.5071233269)) ;
#2563=CARTESIAN_POINT('Control Point',(-11.4715695602,13.3687907625,27.7221208649)) ;
#2564=CARTESIAN_POINT('Control Point',(-11.325521383,13.4381144069,27.9731940982)) ;
#2565=CARTESIAN_POINT('Control Point',(-11.2251771198,13.4917657035,28.2508591078)) ;
#2566=CARTESIAN_POINT('Control Point',(-11.1248829743,13.5626002477,28.833936298)) ;
#2567=CARTESIAN_POINT('Control Point',(-11.2251771199,13.5575186537,29.4210213733)) ;
#2568=CARTESIAN_POINT('Control Point',(-11.3255213831,13.5352117792,29.7026968918)) ;
#2569=CARTESIAN_POINT('Control Point',(-11.4715695602,13.4941748059,29.9595791042)) ;
#2570=CARTESIAN_POINT('Control Point',(-11.6553411539,13.4370181611,30.1818207385)) ;
#2571=CARTESIAN_POINT('Control Point',(-10.877070406,11.5099735105,27.6794865392)) ;
#2572=CARTESIAN_POINT('Control Point',(-10.7203897981,11.5991667477,27.8870278275)) ;
#2573=CARTESIAN_POINT('Control Point',(-10.5967425932,11.6750020443,28.1249128917)) ;
#2574=CARTESIAN_POINT('Control Point',(-10.5121070668,11.7339929336,28.3851408944)) ;
#2575=CARTESIAN_POINT('Control Point',(-10.4275048489,11.8135213422,28.9295231845)) ;
#2576=CARTESIAN_POINT('Control Point',(-10.5121070668,11.8130844189,29.4796367915)) ;
#2577=CARTESIAN_POINT('Control Point',(-10.5967425932,11.7920773532,29.7455985651)) ;
#2578=CARTESIAN_POINT('Control Point',(-10.720389798,11.751106793,29.9918488463)) ;
#2579=CARTESIAN_POINT('Control Point',(-10.877070406,11.6924474041,30.2099626515)) ;
#2580=CARTESIAN_POINT('Control Point',(-9.58578090609,9.30385058878,27.9472812822)) ;
#2581=CARTESIAN_POINT('Control Point',(-9.45563940031,9.39290885593,28.1440767002)) ;
#2582=CARTESIAN_POINT('Control Point',(-9.3536006,9.46851299475,28.3655463133)) ;
#2583=CARTESIAN_POINT('Control Point',(-9.28399580765,9.52770265207,28.6051827784)) ;
#2584=CARTESIAN_POINT('Control Point',(-9.21441236846,9.60920629598,29.1044016709)) ;
#2585=CARTESIAN_POINT('Control Point',(-9.28399580764,9.61414134973,29.6102058903)) ;
#2586=CARTESIAN_POINT('Control Point',(-9.35360059999,9.59673892018,29.8564297033)) ;
#2587=CARTESIAN_POINT('Control Point',(-9.45563940029,9.56006106817,30.0875561955)) ;
#2588=CARTESIAN_POINT('Control Point',(-9.58578090608,9.50591354188,30.2966681127)) ;
#2590=CARTESIAN_POINT('Control Point',(-9.58578302272,26.6961354606,27.9472874223)) ;
#2591=CARTESIAN_POINT('Control Point',(-9.26043323247,26.4734927345,28.4392756814)) ;
#2592=CARTESIAN_POINT('Control Point',(-9.12209292264,26.3399866528,29.1000355817)) ;
#2593=CARTESIAN_POINT('Control Point',(-9.26043517523,26.3587089111,29.7738875599)) ;
#2594=CARTESIAN_POINT('Control Point',(-9.58578643763,26.4940762697,30.2966654488)) ;
#2603=CARTESIAN_POINT('Axis2P3D Location',(-11.,8.626807566,29.1888938642)) ;
#2609=CARTESIAN_POINT('Control Point',(-7.5,8.626807566,29.1888938642)) ;
#2610=CARTESIAN_POINT('Control Point',(-7.5,8.82053462517,28.8336302886)) ;
#2611=CARTESIAN_POINT('Control Point',(-7.56209684654,9.03632564374,28.437905039)) ;
#2612=CARTESIAN_POINT('Control Point',(-7.69146844494,9.27919833545,27.9925164535)) ;
#2613=CARTESIAN_POINT('Control Point',(-8.00608015452,9.56316208313,27.4717736271)) ;
#2614=CARTESIAN_POINT('Control Point',(-8.52512626585,9.81165595102,27.0160767286)) ;
#2615=CARTESIAN_POINT('Vertex',(-7.5,8.626807566,29.1888938642)) ;
#2617=CARTESIAN_POINT('Vertex',(-8.52512626585,9.81165595102,27.0160767286)) ;
#2620=CARTESIAN_POINT('Axis2P3D Location',(-11.,8.626807566,29.1888938642)) ;
#2624=CARTESIAN_POINT('Vertex',(-8.52512626585,10.165261648,31.1274910471)) ;
#2627=CARTESIAN_POINT('Axis2P3D Location',(-11.,8.626807566,29.1888938642)) ;
#2639=CARTESIAN_POINT('Control Point',(-8.52512626586,26.1883450048,27.0160735874)) ;
#2640=CARTESIAN_POINT('Control Point',(-8.29737978861,26.0324941991,27.3604653395)) ;
#2641=CARTESIAN_POINT('Control Point',(-8.11881283158,25.9001879688,27.7480366775)) ;
#2642=CARTESIAN_POINT('Control Point',(-7.99700510236,25.7966068706,28.1673998082)) ;
#2643=CARTESIAN_POINT('Control Point',(-7.87523474404,25.6539765905,29.0410312819)) ;
#2644=CARTESIAN_POINT('Control Point',(-7.9970051154,25.6453402702,29.9261869973)) ;
#2645=CARTESIAN_POINT('Control Point',(-8.11881285093,25.6757942506,30.3570779062)) ;
#2646=CARTESIAN_POINT('Control Point',(-8.29737981384,25.7399799508,30.7615486665)) ;
#2647=CARTESIAN_POINT('Control Point',(-8.52512629636,25.8347373513,31.1274941481)) ;
#2648=CARTESIAN_POINT('Control Point',(-8.92285417141,25.5373995156,26.918017752)) ;
#2649=CARTESIAN_POINT('Control Point',(-8.68080355934,25.3814765991,27.2682015027)) ;
#2650=CARTESIAN_POINT('Control Point',(-8.49059003546,25.2490463317,27.6646206448)) ;
#2651=CARTESIAN_POINT('Control Point',(-8.36068099481,25.1455728136,28.0950824117)) ;
#2652=CARTESIAN_POINT('Control Point',(-8.23081576906,25.0040078029,28.9930564618)) ;
#2653=CARTESIAN_POINT('Control Point',(-8.36068100922,24.9982670241,29.9020944021)) ;
#2654=CARTESIAN_POINT('Control Point',(-8.49059005683,25.0306637751,30.3436238292)) ;
#2655=CARTESIAN_POINT('Control Point',(-8.68080358716,25.0971629729,30.7562461296)) ;
#2656=CARTESIAN_POINT('Control Point',(-8.92285420499,25.1943518711,31.1270435311)) ;
#2657=CARTESIAN_POINT('Control Point',(-9.27173184952,24.9277842314,26.8301609173)) ;
#2658=CARTESIAN_POINT('Control Point',(-9.01526621355,24.7731566097,27.1855934308)) ;
#2659=CARTESIAN_POINT('Control Point',(-8.81325612377,24.6417466901,27.5903284048)) ;
#2660=CARTESIAN_POINT('Control Point',(-8.67511919184,24.539253014,28.031369684)) ;
#2661=CARTESIAN_POINT('Control Point',(-8.53703340745,24.3998885781,28.9526207829)) ;
#2662=CARTESIAN_POINT('Control Point',(-8.67511920364,24.3969055381,29.8843261982)) ;
#2663=CARTESIAN_POINT('Control Point',(-8.81325614125,24.4308441838,30.3358257321)) ;
#2664=CARTESIAN_POINT('Control Point',(-9.01526623627,24.4989291369,30.7558511641)) ;
#2665=CARTESIAN_POINT('Control Point',(-9.27173187685,24.5975206485,31.1306874321)) ;
#2666=CARTESIAN_POINT('Control Point',(-9.57884120512,24.3517656079,26.7514778303)) ;
#2667=CARTESIAN_POINT('Control Point',(-9.30803901609,24.1999442504,27.111632522)) ;
#2668=CARTESIAN_POINT('Control Point',(-9.09423691251,24.0708280845,27.5241191492)) ;
#2669=CARTESIAN_POINT('Control Point',(-8.9478527953,23.9702810174,27.9751528853)) ;
#2670=CARTESIAN_POINT('Control Point',(-8.80152802756,23.8343453832,28.9184461692)) ;
#2671=CARTESIAN_POINT('Control Point',(-8.94785280013,23.8338724333,29.871446541)) ;
#2672=CARTESIAN_POINT('Control Point',(-9.09423691964,23.8688435386,30.3321913779)) ;
#2673=CARTESIAN_POINT('Control Point',(-9.30803902532,23.9376322943,30.7588578671)) ;
#2674=CARTESIAN_POINT('Control Point',(-9.57884121615,24.0364148096,31.1369640458)) ;
#2675=CARTESIAN_POINT('Control Point',(-10.4834509313,22.5164911467,26.5163306612)) ;
#2676=CARTESIAN_POINT('Control Point',(-10.1657043996,22.3795325839,26.8906264154)) ;
#2677=CARTESIAN_POINT('Control Point',(-9.91310589052,22.2627499751,27.327085776)) ;
#2678=CARTESIAN_POINT('Control Point',(-9.73951769148,22.172246251,27.8093793703)) ;
#2679=CARTESIAN_POINT('Control Point',(-9.56601878436,22.0521611154,28.8217619546)) ;
#2680=CARTESIAN_POINT('Control Point',(-9.73951768015,22.0588533282,29.8409883352)) ;
#2681=CARTESIAN_POINT('Control Point',(-9.91310587378,22.0951946508,30.3301295669)) ;
#2682=CARTESIAN_POINT('Control Point',(-10.1657043779,22.16287278,30.7765378489)) ;
#2683=CARTESIAN_POINT('Control Point',(-10.4834509054,22.2576703495,31.1633121575)) ;
#2684=CARTESIAN_POINT('Control Point',(-11.0151420107,20.940695617,26.3698625928)) ;
#2685=CARTESIAN_POINT('Control Point',(-10.6570819347,20.8368189308,26.7529819604)) ;
#2686=CARTESIAN_POINT('Control Point',(-10.3706623597,20.7479710468,27.206434544)) ;
#2687=CARTESIAN_POINT('Control Point',(-10.1731649394,20.6793185776,27.7118178186)) ;
#2688=CARTESIAN_POINT('Control Point',(-9.9757913534,20.5895126983,28.7755434457)) ;
#2689=CARTESIAN_POINT('Control Point',(-10.173164966,20.5985846269,29.8425340906)) ;
#2690=CARTESIAN_POINT('Control Point',(-10.370662399,20.6288757128,30.3511847725)) ;
#2691=CARTESIAN_POINT('Control Point',(-10.6570819856,20.683363277,30.8093618216)) ;
#2692=CARTESIAN_POINT('Control Point',(-11.0151420715,20.7583143393,31.198355286)) ;
#2693=CARTESIAN_POINT('Control Point',(-11.2507056126,19.9043908927,26.3039205963)) ;
#2694=CARTESIAN_POINT('Control Point',(-10.8711807683,19.8330744248,26.6909555097)) ;
#2695=CARTESIAN_POINT('Control Point',(-10.5665544046,19.7719871148,27.1525060815)) ;
#2696=CARTESIAN_POINT('Control Point',(-10.3561065756,19.7248309353,27.6691233011)) ;
#2697=CARTESIAN_POINT('Control Point',(-10.1458052377,19.6634860661,28.7578385211)) ;
#2698=CARTESIAN_POINT('Control Point',(-10.3561065751,19.670768038,29.8475216496)) ;
#2699=CARTESIAN_POINT('Control Point',(-10.5665544039,19.6922887261,30.3651074787)) ;
#2700=CARTESIAN_POINT('Control Point',(-10.8711807673,19.7305247081,30.8280591963)) ;
#2701=CARTESIAN_POINT('Control Point',(-11.2507056114,19.7827545206,31.2168377198)) ;
#2702=CARTESIAN_POINT('Control Point',(-11.4568784593,18.068087346,26.2461979475)) ;
#2703=CARTESIAN_POINT('Control Point',(-11.0588526531,18.065917394,26.6366754344)) ;
#2704=CARTESIAN_POINT('Control Point',(-10.7385512527,18.0640664436,27.1052868798)) ;
#2705=CARTESIAN_POINT('Control Point',(-10.5169606033,18.0626335588,27.6316760138)) ;
#2706=CARTESIAN_POINT('Control Point',(-10.2955356459,18.0607395553,28.7421278639)) ;
#2707=CARTESIAN_POINT('Control Point',(-10.5169606037,18.0608684279,29.8516063545)) ;
#2708=CARTESIAN_POINT('Control Point',(-10.7385512533,18.0614595179,30.3770214245)) ;
#2709=CARTESIAN_POINT('Control Point',(-11.0588526539,18.0625500486,30.8442238469)) ;
#2710=CARTESIAN_POINT('Control Point',(-11.4568784603,18.0640710898,31.2329479637)) ;
#2711=CARTESIAN_POINT('Control Point',(-11.2510981328,16.224205112,26.3038113446)) ;
#2712=CARTESIAN_POINT('Control Point',(-10.8715439191,16.2899991115,26.6908529589)) ;
#2713=CARTESIAN_POINT('Control Point',(-10.5668930977,16.3463416101,27.152416192)) ;
#2714=CARTESIAN_POINT('Control Point',(-10.356428037,16.3898425786,27.669050483)) ;
#2715=CARTESIAN_POINT('Control Point',(-10.1461094912,16.4464882407,28.757803734)) ;
#2716=CARTESIAN_POINT('Control Point',(-10.3564280366,16.4399427039,29.8475228894)) ;
#2717=CARTESIAN_POINT('Control Point',(-10.5668930972,16.4202071096,30.3651237838)) ;
#2718=CARTESIAN_POINT('Control Point',(-10.8715439184,16.3850676294,30.8280852376)) ;
#2719=CARTESIAN_POINT('Control Point',(-11.251098132,16.3370091493,31.2168667472)) ;
#2720=CARTESIAN_POINT('Control Point',(-11.072986386,15.3683116022,26.3535908004)) ;
#2721=CARTESIAN_POINT('Control Point',(-10.7093343236,15.4615777536,26.7376679811)) ;
#2722=CARTESIAN_POINT('Control Point',(-10.4181571216,15.5413654689,27.1931564441)) ;
#2723=CARTESIAN_POINT('Control Point',(-10.2172700106,15.6030142306,27.7013851686)) ;
#2724=CARTESIAN_POINT('Control Point',(-10.0165129219,15.6836189282,28.7714426173)) ;
#2725=CARTESIAN_POINT('Control Point',(-10.2172699953,15.6753537203,29.8441374851)) ;
#2726=CARTESIAN_POINT('Control Point',(-10.4181570989,15.6480726712,30.355005521)) ;
#2727=CARTESIAN_POINT('Control Point',(-10.7093342942,15.5990578342,30.8143120654)) ;
#2728=CARTESIAN_POINT('Control Point',(-11.072986351,15.5316843783,31.2031406464)) ;
#2729=CARTESIAN_POINT('Control Point',(-10.6198394848,13.8670243142,26.478564367)) ;
#2730=CARTESIAN_POINT('Control Point',(-10.2916226528,13.9965507935,26.855141659)) ;
#2731=CARTESIAN_POINT('Control Point',(-10.0302448604,14.1070795021,27.2960115783)) ;
#2732=CARTESIAN_POINT('Control Point',(-9.85045241311,14.1926770474,27.784304176)) ;
#2733=CARTESIAN_POINT('Control Point',(-9.67075808947,14.3058695447,28.8100334004)) ;
#2734=CARTESIAN_POINT('Control Point',(-9.85045242343,14.2983506178,29.8416837787)) ;
#2735=CARTESIAN_POINT('Control Point',(-10.0302448757,14.2631683811,30.3359010356)) ;
#2736=CARTESIAN_POINT('Control Point',(-10.2916226725,14.1982223915,30.7853715824)) ;
#2737=CARTESIAN_POINT('Control Point',(-10.6198395083,14.1076620331,31.1727198126)) ;
#2738=CARTESIAN_POINT('Control Point',(-9.84751477755,12.1644283448,26.6822324915)) ;
#2739=CARTESIAN_POINT('Control Point',(-9.5636604564,12.3132617098,27.0465491994)) ;
#2740=CARTESIAN_POINT('Control Point',(-9.33910572934,12.4399238393,27.4659492744)) ;
#2741=CARTESIAN_POINT('Control Point',(-9.18519492667,12.538420805,27.9259330014)) ;
#2742=CARTESIAN_POINT('Control Point',(-9.03135120782,12.670882285,28.8889847793)) ;
#2743=CARTESIAN_POINT('Control Point',(-9.18519491975,12.66914263,29.8610237255)) ;
#2744=CARTESIAN_POINT('Control Point',(-9.33910571911,12.6333789404,30.329998671)) ;
#2745=CARTESIAN_POINT('Control Point',(-9.56366044318,12.5642035979,30.7625106242)) ;
#2746=CARTESIAN_POINT('Control Point',(-9.84751476177,12.4655950021,31.143387197)) ;
#2747=CARTESIAN_POINT('Control Point',(-9.47935126068,11.4390803862,26.7776725165)) ;
#2748=CARTESIAN_POINT('Control Point',(-9.21410648146,11.5927963676,27.1362470505)) ;
#2749=CARTESIAN_POINT('Control Point',(-9.00490652937,11.7234821453,27.5459909358)) ;
#2750=CARTESIAN_POINT('Control Point',(-8.86175278682,11.8253010233,27.9934194435)) ;
#2751=CARTESIAN_POINT('Control Point',(-8.71865472592,11.963224638,28.9287311128)) ;
#2752=CARTESIAN_POINT('Control Point',(-8.86175276847,11.9645434581,29.8741128808)) ;
#2753=CARTESIAN_POINT('Control Point',(-9.00490650221,11.9297036467,30.3316155226)) ;
#2754=CARTESIAN_POINT('Control Point',(-9.2141064462,11.8607204681,30.7560752054)) ;
#2755=CARTESIAN_POINT('Control Point',(-9.47935121831,11.7613694025,31.1332932253)) ;
#2756=CARTESIAN_POINT('Control Point',(-9.04380542018,10.6605544417,26.8881918541)) ;
#2757=CARTESIAN_POINT('Control Point',(-8.79740239948,10.8165012891,27.2401375354)) ;
#2758=CARTESIAN_POINT('Control Point',(-8.60364509473,10.948971026,27.6392484294)) ;
#2759=CARTESIAN_POINT('Control Point',(-8.47127100759,11.0524132084,28.0730868501)) ;
#2760=CARTESIAN_POINT('Control Point',(-8.33894268708,11.1936561219,28.9784670497)) ;
#2761=CARTESIAN_POINT('Control Point',(-8.47127098729,11.1985162977,29.8947712524)) ;
#2762=CARTESIAN_POINT('Control Point',(-8.60364506464,11.1655282078,30.3395375171)) ;
#2763=CARTESIAN_POINT('Control Point',(-8.7974023603,11.098324455,30.7546399868)) ;
#2764=CARTESIAN_POINT('Control Point',(-9.0438053729,11.0003947193,31.1269136245)) ;
#2765=CARTESIAN_POINT('Control Point',(-8.5251207343,9.81164438577,27.0160711603)) ;
#2766=CARTESIAN_POINT('Control Point',(-8.2973730942,9.9674963566,27.3604631454)) ;
#2767=CARTESIAN_POINT('Control Point',(-8.11880518869,10.0998036028,27.7480349719)) ;
#2768=CARTESIAN_POINT('Control Point',(-7.99699679727,10.2033855064,28.1673987895)) ;
#2769=CARTESIAN_POINT('Control Point',(-7.87522576974,10.3460168891,29.0410318578)) ;
#2770=CARTESIAN_POINT('Control Point',(-7.99699678119,10.3546532379,29.926189247)) ;
#2771=CARTESIAN_POINT('Control Point',(-8.11880516484,10.3241989882,30.3570809219)) ;
#2772=CARTESIAN_POINT('Control Point',(-8.29737306311,10.2600127487,30.7615522849)) ;
#2773=CARTESIAN_POINT('Control Point',(-8.52512069671,10.1652545787,31.127498141)) ;
#2775=CARTESIAN_POINT('Control Point',(-8.52512626586,26.1883450048,27.0160735874)) ;
#2776=CARTESIAN_POINT('Control Point',(-7.95576007273,25.7987179906,27.8770529677)) ;
#2777=CARTESIAN_POINT('Control Point',(-7.71366136434,25.5650803431,29.0333856996)) ;
#2778=CARTESIAN_POINT('Control Point',(-7.95576009006,25.5978438501,30.2126304442)) ;
#2779=CARTESIAN_POINT('Control Point',(-8.52512629636,25.8347373513,31.1274941481)) ;
#2780=CARTESIAN_POINT('Vertex',(-8.52512626586,26.1883450048,27.0160735874)) ;
#2782=CARTESIAN_POINT('Vertex',(-8.52512626585,25.834738352,31.1274910471)) ;
#2786=CARTESIAN_POINT('Control Point',(-8.52512629636,25.8347373513,31.1274941481)) ;
#2787=CARTESIAN_POINT('Control Point',(-8.92285420499,25.1943518711,31.1270435311)) ;
#2788=CARTESIAN_POINT('Control Point',(-9.27173187685,24.5975206485,31.1306874321)) ;
#2789=CARTESIAN_POINT('Control Point',(-9.57884121615,24.0364148096,31.1369640458)) ;
#2790=CARTESIAN_POINT('Control Point',(-10.4834509054,22.2576703495,31.1633121575)) ;
#2791=CARTESIAN_POINT('Control Point',(-11.0151420715,20.7583143393,31.198355286)) ;
#2792=CARTESIAN_POINT('Control Point',(-11.2507056114,19.7827545206,31.2168377198)) ;
#2793=CARTESIAN_POINT('Control Point',(-11.4568784603,18.0640710898,31.2329479637)) ;
#2794=CARTESIAN_POINT('Control Point',(-11.251098132,16.3370091493,31.2168667472)) ;
#2795=CARTESIAN_POINT('Control Point',(-11.072986351,15.5316843783,31.2031406464)) ;
#2796=CARTESIAN_POINT('Control Point',(-10.6198398336,14.1076630553,31.1727198344)) ;
#2797=CARTESIAN_POINT('Control Point',(-9.84751587052,12.4655973595,31.1433872391)) ;
#2798=CARTESIAN_POINT('Control Point',(-9.47935319202,11.7613731779,31.1332932794)) ;
#2799=CARTESIAN_POINT('Control Point',(-9.04380848616,11.0004001587,31.1269136701)) ;
#2800=CARTESIAN_POINT('Control Point',(-8.52512533113,10.1652620406,31.1274981358)) ;
#2803=CARTESIAN_POINT('Control Point',(-8.52512873229,26.1883409681,27.0160729793)) ;
#2804=CARTESIAN_POINT('Control Point',(-8.92285590221,25.5373964913,26.9180173161)) ;
#2805=CARTESIAN_POINT('Control Point',(-9.27173299221,24.9277820882,26.8301606246)) ;
#2806=CARTESIAN_POINT('Control Point',(-9.57884187541,24.3517642481,26.751477656)) ;
#2807=CARTESIAN_POINT('Control Point',(-10.4834511283,22.5164905629,26.5163306069)) ;
#2808=CARTESIAN_POINT('Control Point',(-11.0151420107,20.940695617,26.3698625928)) ;
#2809=CARTESIAN_POINT('Control Point',(-11.2507056126,19.9043908927,26.3039205963)) ;
#2810=CARTESIAN_POINT('Control Point',(-11.4568784593,18.068087346,26.2461979475)) ;
#2811=CARTESIAN_POINT('Control Point',(-11.2510981328,16.224205112,26.3038113446)) ;
#2812=CARTESIAN_POINT('Control Point',(-11.072986386,15.3683116022,26.3535908004)) ;
#2813=CARTESIAN_POINT('Control Point',(-10.6198398946,13.8670256718,26.478564254)) ;
#2814=CARTESIAN_POINT('Control Point',(-9.84751617436,12.1644314241,26.6822321232)) ;
#2815=CARTESIAN_POINT('Control Point',(-9.4793537472,11.4390852851,26.7776718719)) ;
#2816=CARTESIAN_POINT('Control Point',(-9.04380934231,10.6605614524,26.8881908588)) ;
#2817=CARTESIAN_POINT('Control Point',(-8.52512657282,9.81165394143,27.0160697209)) ;
#2826=CARTESIAN_POINT('Axis2P3D Location',(-12.5,0.,0.)) ;
#2832=CARTESIAN_POINT('Control Point',(-12.5,9.37132034356,41.)) ;
#2833=CARTESIAN_POINT('Control Point',(-12.5,9.37132034356,42.3553898309)) ;
#2834=CARTESIAN_POINT('Control Point',(-12.5,9.63745051454,43.7107796619)) ;
#2835=CARTESIAN_POINT('Control Point',(-12.5,10.1699738696,44.996404768)) ;
#2836=CARTESIAN_POINT('Control Point',(-12.5,11.7104196537,47.2895803463)) ;
#2837=CARTESIAN_POINT('Control Point',(-12.5,14.003595232,48.8300261304)) ;
#2838=CARTESIAN_POINT('Control Point',(-12.5,15.2892203381,49.3625494855)) ;
#2839=CARTESIAN_POINT('Control Point',(-12.5,18.,49.8948098274)) ;
#2840=CARTESIAN_POINT('Control Point',(-12.5,20.7107796619,49.3625494855)) ;
#2841=CARTESIAN_POINT('Control Point',(-12.5,21.996404768,48.8300261304)) ;
#2842=CARTESIAN_POINT('Control Point',(-12.5,24.2895803463,47.2895803463)) ;
#2843=CARTESIAN_POINT('Control Point',(-12.5,25.8300261304,44.996404768)) ;
#2844=CARTESIAN_POINT('Control Point',(-12.5,26.3625494855,43.7107796619)) ;
#2845=CARTESIAN_POINT('Control Point',(-12.5,26.6286796564,42.3553898309)) ;
#2846=CARTESIAN_POINT('Control Point',(-12.5,26.6286796564,41.)) ;
#2847=CARTESIAN_POINT('Vertex',(-12.5,9.37132034356,41.)) ;
#2849=CARTESIAN_POINT('Vertex',(-12.5,26.6286796564,41.)) ;
#2853=CARTESIAN_POINT('Control Point',(-12.5,26.6286796564,41.)) ;
#2854=CARTESIAN_POINT('Control Point',(-12.5,26.6286796564,39.6446101691)) ;
#2855=CARTESIAN_POINT('Control Point',(-12.5,26.3625494855,38.2892203381)) ;
#2856=CARTESIAN_POINT('Control Point',(-12.5,25.8300261304,37.003595232)) ;
#2857=CARTESIAN_POINT('Control Point',(-12.5,24.2895803463,34.7104196537)) ;
#2858=CARTESIAN_POINT('Control Point',(-12.5,21.996404768,33.1699738696)) ;
#2859=CARTESIAN_POINT('Control Point',(-12.5,20.7107796619,32.6374505145)) ;
#2860=CARTESIAN_POINT('Control Point',(-12.5,18.,32.1051901726)) ;
#2861=CARTESIAN_POINT('Control Point',(-12.5,15.2892203381,32.6374505145)) ;
#2862=CARTESIAN_POINT('Control Point',(-12.5,14.003595232,33.1699738696)) ;
#2863=CARTESIAN_POINT('Control Point',(-12.5,11.7104196537,34.7104196537)) ;
#2864=CARTESIAN_POINT('Control Point',(-12.5,10.1699738696,37.003595232)) ;
#2865=CARTESIAN_POINT('Control Point',(-12.5,9.63745051454,38.2892203381)) ;
#2866=CARTESIAN_POINT('Control Point',(-12.5,9.37132034356,39.6446101691)) ;
#2867=CARTESIAN_POINT('Control Point',(-12.5,9.37132034356,41.)) ;
#2875=CARTESIAN_POINT('Control Point',(-12.5,31.1286796564,12.)) ;
#2876=CARTESIAN_POINT('Control Point',(-12.5,31.1286796564,9.937751822)) ;
#2877=CARTESIAN_POINT('Control Point',(-12.5,30.7237581736,7.875503644)) ;
#2878=CARTESIAN_POINT('Control Point',(-12.5,29.913515029,5.9194036556)) ;
#2879=CARTESIAN_POINT('Control Point',(-12.5,27.5697011395,2.43029886052)) ;
#2880=CARTESIAN_POINT('Control Point',(-12.5,24.0805963444,0.0864849709818)) ;
#2881=CARTESIAN_POINT('Control Point',(-12.5,22.124496356,-0.723758173573)) ;
#2882=CARTESIAN_POINT('Control Point',(-12.5,18.,-1.53360113931)) ;
#2883=CARTESIAN_POINT('Control Point',(-12.5,13.875503644,-0.723758173573)) ;
#2884=CARTESIAN_POINT('Control Point',(-12.5,11.9194036556,0.0864849709818)) ;
#2885=CARTESIAN_POINT('Control Point',(-12.5,8.43029886052,2.43029886052)) ;
#2886=CARTESIAN_POINT('Control Point',(-12.5,6.08648497098,5.9194036556)) ;
#2887=CARTESIAN_POINT('Control Point',(-12.5,5.27624182643,7.875503644)) ;
#2888=CARTESIAN_POINT('Control Point',(-12.5,4.87132034356,9.937751822)) ;
#2889=CARTESIAN_POINT('Control Point',(-12.5,4.87132034356,12.)) ;
#2890=CARTESIAN_POINT('Vertex',(-12.5,31.1286796564,12.)) ;
#2892=CARTESIAN_POINT('Vertex',(-12.5,4.87132034356,12.)) ;
#2896=CARTESIAN_POINT('Control Point',(-12.5,4.87132034356,12.)) ;
#2897=CARTESIAN_POINT('Control Point',(-12.5,4.87132034356,14.062248178)) ;
#2898=CARTESIAN_POINT('Control Point',(-12.5,5.27624182643,16.124496356)) ;
#2899=CARTESIAN_POINT('Control Point',(-12.5,6.08648497098,18.0805963444)) ;
#2900=CARTESIAN_POINT('Control Point',(-12.5,8.43029886052,21.5697011395)) ;
#2901=CARTESIAN_POINT('Control Point',(-12.5,11.9194036556,23.913515029)) ;
#2902=CARTESIAN_POINT('Control Point',(-12.5,13.875503644,24.7237581736)) ;
#2903=CARTESIAN_POINT('Control Point',(-12.5,18.,25.5336011393)) ;
#2904=CARTESIAN_POINT('Control Point',(-12.5,22.124496356,24.7237581736)) ;
#2905=CARTESIAN_POINT('Control Point',(-12.5,24.0805963444,23.913515029)) ;
#2906=CARTESIAN_POINT('Control Point',(-12.5,27.5697011395,21.5697011395)) ;
#2907=CARTESIAN_POINT('Control Point',(-12.5,29.913515029,18.0805963444)) ;
#2908=CARTESIAN_POINT('Control Point',(-12.5,30.7237581736,16.124496356)) ;
#2909=CARTESIAN_POINT('Control Point',(-12.5,31.1286796564,14.062248178)) ;
#2910=CARTESIAN_POINT('Control Point',(-12.5,31.1286796564,12.)) ;
#2917=CARTESIAN_POINT('Axis2P3D Location',(-12.5,18.,12.)) ;
#2922=CARTESIAN_POINT('Line Origine',(-10.5125631329,2.88388347648,12.)) ;
#2926=CARTESIAN_POINT('Vertex',(-8.52512626585,0.896446609407,12.)) ;
#2929=CARTESIAN_POINT('Axis2P3D Location',(-8.52512626585,18.,12.)) ;
#2933=CARTESIAN_POINT('Vertex',(-8.52512626585,35.1035533906,12.)) ;
#2936=CARTESIAN_POINT('Line Origine',(-10.5125631329,33.1161165235,12.)) ;
#2948=CARTESIAN_POINT('Axis2P3D Location',(-12.5,18.,12.)) ;
#2953=CARTESIAN_POINT('Axis2P3D Location',(-8.52512626585,18.,12.)) ;
#2958=CARTESIAN_POINT('Axis2P3D Location',(-8.52512626585,18.,12.)) ;
#2972=CARTESIAN_POINT('Axis2P3D Location',(-11.,27.373192434,29.1888938642)) ;
#2978=CARTESIAN_POINT('Control Point',(-7.5,27.373192434,29.1888938642)) ;
#2979=CARTESIAN_POINT('Control Point',(-7.5,27.1794653748,28.8336302886)) ;
#2980=CARTESIAN_POINT('Control Point',(-7.56209684654,26.9636743563,28.437905039)) ;
#2981=CARTESIAN_POINT('Control Point',(-7.69146844494,26.7208016645,27.9925164535)) ;
#2982=CARTESIAN_POINT('Control Point',(-8.00608015452,26.4368379169,27.4717736271)) ;
#2983=CARTESIAN_POINT('Control Point',(-8.52512626585,26.188344049,27.0160767286)) ;
#2984=CARTESIAN_POINT('Vertex',(-7.5,27.373192434,29.1888938642)) ;
#2987=CARTESIAN_POINT('Axis2P3D Location',(-11.,27.373192434,29.1888938642)) ;
#2998=CARTESIAN_POINT('Axis2P3D Location',(-12.5,18.,41.)) ;
#3003=CARTESIAN_POINT('Line Origine',(-10.5125626126,28.6161170438,41.)) ;
#3007=CARTESIAN_POINT('Vertex',(-8.52512626585,30.6035533906,41.)) ;
#3010=CARTESIAN_POINT('Line Origine',(-10.5125626126,7.38388295618,41.)) ;
#3014=CARTESIAN_POINT('Vertex',(-8.52512626585,5.39644660941,41.)) ;
#3017=CARTESIAN_POINT('Axis2P3D Location',(-8.52512626585,18.,41.)) ;
#3022=CARTESIAN_POINT('Axis2P3D Location',(-8.52512626585,18.,41.)) ;
#3036=CARTESIAN_POINT('Axis2P3D Location',(-12.5,18.,41.)) ;
#3041=CARTESIAN_POINT('Axis2P3D Location',(-8.52512626585,18.,41.)) ;
#3053=CARTESIAN_POINT('Axis2P3D Location',(-11.,18.,12.)) ;
#3058=CARTESIAN_POINT('Axis2P3D Location',(-7.5,18.,12.)) ;
#3062=CARTESIAN_POINT('Vertex',(-7.5,-1.57842712475,12.0000003483)) ;
#3065=CARTESIAN_POINT('Axis2P3D Location',(-11.,-1.57842712475,12.)) ;
#3077=CARTESIAN_POINT('Axis2P3D Location',(-11.,18.,12.)) ;
#3082=CARTESIAN_POINT('Axis2P3D Location',(-7.5,18.,12.)) ;
#3086=CARTESIAN_POINT('Vertex',(-7.5,37.5784271247,11.9999941711)) ;
#3089=CARTESIAN_POINT('Axis2P3D Location',(-7.5,18.,12.)) ;
#3103=CARTESIAN_POINT('Axis2P3D Location',(-11.,18.,41.)) ;
#3108=CARTESIAN_POINT('Axis2P3D Location',(-7.5,18.,41.)) ;
#3112=CARTESIAN_POINT('Vertex',(-7.5,33.0784271247,41.)) ;
#3115=CARTESIAN_POINT('Axis2P3D Location',(-7.5,18.,41.)) ;
#3119=CARTESIAN_POINT('Vertex',(-7.5,2.92157287549,40.9999163572)) ;
#3122=CARTESIAN_POINT('Axis2P3D Location',(-7.5,18.,41.)) ;
#3138=CARTESIAN_POINT('Axis2P3D Location',(-14.,0.,0.)) ;
#3153=CARTESIAN_POINT('Axis2P3D Location',(-11.,27.373192434,29.1888938642)) ;
#3164=CARTESIAN_POINT('Axis2P3D Location',(-7.5,0.,0.)) ;
#3170=CARTESIAN_POINT('Control Point',(-7.5,-2.27371541502,6.52492344613)) ;
#3171=CARTESIAN_POINT('Control Point',(-7.5,-1.13132451909,2.29475283775)) ;
#3172=CARTESIAN_POINT('Control Point',(-7.5,1.11373035291,-1.63802144554)) ;
#3173=CARTESIAN_POINT('Control Point',(-7.5,4.36197855446,-4.88626964709)) ;
#3174=CARTESIAN_POINT('Control Point',(-7.5,8.29475283775,-7.13132451909)) ;
#3175=CARTESIAN_POINT('Control Point',(-7.5,12.5249234461,-8.27371541502)) ;
#3178=CARTESIAN_POINT('Control Point',(-7.5,23.4750765539,-8.27371541502)) ;
#3179=CARTESIAN_POINT('Control Point',(-7.5,27.7052471622,-7.13132451909)) ;
#3180=CARTESIAN_POINT('Control Point',(-7.5,31.6380214455,-4.88626964709)) ;
#3181=CARTESIAN_POINT('Control Point',(-7.5,34.8862696471,-1.63802144554)) ;
#3182=CARTESIAN_POINT('Control Point',(-7.5,37.1313245191,2.29475283775)) ;
#3183=CARTESIAN_POINT('Control Point',(-7.5,38.273715415,6.52492344613)) ;
#3186=CARTESIAN_POINT('Control Point',(-7.5,38.273715415,17.4750765539)) ;
#3187=CARTESIAN_POINT('Control Point',(-7.5,37.6302498689,19.8577715233)) ;
#3188=CARTESIAN_POINT('Control Point',(-7.5,36.6132627477,22.1399328821)) ;
#3189=CARTESIAN_POINT('Control Point',(-7.5,35.2473107995,24.2319889394)) ;
#3190=CARTESIAN_POINT('Control Point',(-7.5,33.5943345605,26.0647335423)) ;
#3193=CARTESIAN_POINT('Control Point',(-7.5,32.649957157,33.4086394303)) ;
#3194=CARTESIAN_POINT('Control Point',(-7.5,33.9608626047,35.9384505848)) ;
#3195=CARTESIAN_POINT('Control Point',(-7.5,34.7256961077,38.7512270057)) ;
#3196=CARTESIAN_POINT('Control Point',(-7.5,34.8620852387,41.6899070008)) ;
#3197=CARTESIAN_POINT('Control Point',(-7.5,33.8600545545,47.4329602334)) ;
#3198=CARTESIAN_POINT('Control Point',(-7.5,30.5782886111,52.2513352933)) ;
#3199=CARTESIAN_POINT('Control Point',(-7.5,28.4333204563,54.2646792092)) ;
#3200=CARTESIAN_POINT('Control Point',(-7.5,25.9251810719,55.7499126285)) ;
#3201=CARTESIAN_POINT('Control Point',(-7.5,23.2223793538,56.651733255)) ;
#3204=CARTESIAN_POINT('Control Point',(-7.5,12.7776206462,56.651733255)) ;
#3205=CARTESIAN_POINT('Control Point',(-7.5,8.86859859306,55.3474434533)) ;
#3206=CARTESIAN_POINT('Control Point',(-7.5,5.36527702483,52.8240541755)) ;
#3207=CARTESIAN_POINT('Control Point',(-7.5,2.78483282707,49.2427646881)) ;
#3208=CARTESIAN_POINT('Control Point',(-7.5,1.5,45.1208767634)) ;
#3209=CARTESIAN_POINT('Control Point',(-7.5,1.5,41.)) ;
#3212=CARTESIAN_POINT('Control Point',(-7.5,-0.48,21.9744473531)) ;
#3213=CARTESIAN_POINT('Control Point',(-7.5,-1.24859217146,20.5504503309)) ;
#3214=CARTESIAN_POINT('Control Point',(-7.5,-1.85182728142,19.037290319)) ;
#3215=CARTESIAN_POINT('Control Point',(-7.5,-2.27371541502,17.4750765539)) ;
#3258=CARTESIAN_POINT('Axis2P3D Location',(-9.,-5.,12.)) ;
#3263=CARTESIAN_POINT('Line Origine',(-4.15500000007,-6.75,12.)) ;
#3267=CARTESIAN_POINT('Vertex',(-9.,-6.75,12.)) ;
#3270=CARTESIAN_POINT('Line Origine',(-4.15500000007,-3.25,12.)) ;
#3274=CARTESIAN_POINT('Vertex',(-9.,-3.25,12.)) ;
#3277=CARTESIAN_POINT('Axis2P3D Location',(-9.,-5.,12.)) ;
#3289=CARTESIAN_POINT('Axis2P3D Location',(-9.,-5.,12.)) ;
#3301=CARTESIAN_POINT('Axis2P3D Location',(-9.,18.,-11.)) ;
#3306=CARTESIAN_POINT('Line Origine',(-4.15500000007,18.,-12.75)) ;
#3310=CARTESIAN_POINT('Vertex',(-9.,18.,-12.75)) ;
#3313=CARTESIAN_POINT('Line Origine',(-4.15500000007,18.,-9.25)) ;
#3317=CARTESIAN_POINT('Vertex',(-9.,18.,-9.25)) ;
#3320=CARTESIAN_POINT('Axis2P3D Location',(-9.,18.,-11.)) ;
#3332=CARTESIAN_POINT('Axis2P3D Location',(-9.,18.,-11.)) ;
#3344=CARTESIAN_POINT('Axis2P3D Location',(-2.5,18.,12.)) ;
#3356=CARTESIAN_POINT('Axis2P3D Location',(-2.5,18.,12.)) ;
#3375=CARTESIAN_POINT('Axis2P3D Location',(-2.5,18.,41.)) ;
#3387=CARTESIAN_POINT('Axis2P3D Location',(-2.5,18.,41.)) ;
#3406=CARTESIAN_POINT('Axis2P3D Location',(-9.,41.,12.)) ;
#3411=CARTESIAN_POINT('Line Origine',(-4.15500000007,39.25,12.)) ;
#3415=CARTESIAN_POINT('Vertex',(-9.,39.25,12.)) ;
#3418=CARTESIAN_POINT('Line Origine',(-4.15500000007,42.75,12.)) ;
#3422=CARTESIAN_POINT('Vertex',(-9.,42.75,12.)) ;
#3425=CARTESIAN_POINT('Axis2P3D Location',(-9.,41.,12.)) ;
#3437=CARTESIAN_POINT('Axis2P3D Location',(-9.,41.,12.)) ;
#3449=CARTESIAN_POINT('Axis2P3D Location',(-9.,0.,0.)) ;
#8=PRODUCT_RELATED_PRODUCT_CATEGORY('part',$,(#5)) ;
#29=STYLED_ITEM(' ',(#28),#21) ;
#28=PRESENTATION_STYLE_ASSIGNMENT((#27)) ;
#27=SURFACE_STYLE_USAGE(.BOTH.,#26) ;
#26=SURFACE_SIDE_STYLE(' ',(#25)) ;
#25=SURFACE_STYLE_FILL_AREA(#24) ;
#24=FILL_AREA_STYLE(' ',(#23)) ;
#23=FILL_AREA_STYLE_COLOUR(' ',#22) ;
#38=VECTOR('Line Direction',#37,1.) ;
#54=VECTOR('Line Direction',#53,1.) ;
#118=VECTOR('Line Direction',#117,1.) ;
#317=VECTOR('Line Direction',#316,1.) ;
#571=VECTOR('Line Direction',#570,1.) ;
#578=VECTOR('Line Direction',#577,1.) ;
#609=VECTOR('Line Direction',#608,1.) ;
#626=VECTOR('Line Direction',#625,1.) ;
#650=VECTOR('Line Direction',#649,1.) ;
#657=VECTOR('Line Direction',#656,1.) ;
#681=VECTOR('Line Direction',#680,1.) ;
#698=VECTOR('Line Direction',#697,1.) ;
#729=VECTOR('Line Direction',#728,1.) ;
#746=VECTOR('Line Direction',#745,1.) ;
#777=VECTOR('Line Direction',#776,1.) ;
#789=VECTOR('Line Direction',#788,1.) ;
#820=VECTOR('Line Direction',#819,1.) ;
#837=VECTOR('Line Direction',#836,1.) ;
#868=VECTOR('Line Direction',#867,1.) ;
#885=VECTOR('Line Direction',#884,1.) ;
#916=VECTOR('Line Direction',#915,1.) ;
#933=VECTOR('Line Direction',#932,1.) ;
#964=VECTOR('Line Direction',#963,1.) ;
#976=VECTOR('Line Direction',#975,1.) ;
#1007=VECTOR('Line Direction',#1006,1.) ;
#1024=VECTOR('Line Direction',#1023,1.) ;
#1065=VECTOR('Line Direction',#1064,1.) ;
#1079=VECTOR('Line Direction',#1078,1.) ;
#1103=VECTOR('Line Direction',#1102,1.) ;
#1120=VECTOR('Line Direction',#1119,1.) ;
#1134=VECTOR('Line Direction',#1133,1.) ;
#1151=VECTOR('Line Direction',#1150,1.) ;
#1158=VECTOR('Line Direction',#1157,1.) ;
#1175=VECTOR('Line Direction',#1174,1.) ;
#1189=VECTOR('Line Direction',#1188,1.) ;
#1213=VECTOR('Line Direction',#1212,1.) ;
#1237=VECTOR('Line Direction',#1236,1.) ;
#1254=VECTOR('Line Direction',#1253,1.) ;
#1285=VECTOR('Line Direction',#1284,1.) ;
#1302=VECTOR('Line Direction',#1301,1.) ;
#1316=VECTOR('Line Direction',#1315,1.) ;
#1333=VECTOR('Line Direction',#1332,1.) ;
#1347=VECTOR('Line Direction',#1346,1.) ;
#1364=VECTOR('Line Direction',#1363,1.) ;
#1395=VECTOR('Line Direction',#1394,1.) ;
#1414=VECTOR('Line Direction',#1413,1.) ;
#1438=VECTOR('Line Direction',#1437,1.) ;
#1462=VECTOR('Line Direction',#1461,1.) ;
#1479=VECTOR('Line Direction',#1478,1.) ;
#1493=VECTOR('Line Direction',#1492,1.) ;
#1510=VECTOR('Line Direction',#1509,1.) ;
#1541=VECTOR('Line Direction',#1540,1.) ;
#1565=VECTOR('Line Direction',#1564,1.) ;
#1589=VECTOR('Line Direction',#1588,1.) ;
#1606=VECTOR('Line Direction',#1605,1.) ;
#1620=VECTOR('Line Direction',#1619,1.) ;
#1637=VECTOR('Line Direction',#1636,1.) ;
#1757=VECTOR('Line Direction',#1756,1.) ;
#2370=VECTOR('Line Direction',#2369,1.) ;
#2384=VECTOR('Line Direction',#2383,1.) ;
#2437=VECTOR('Line Direction',#2436,1.) ;
#2451=VECTOR('Line Direction',#2450,1.) ;
#2924=VECTOR('Line Direction',#2923,1.) ;
#2938=VECTOR('Line Direction',#2937,1.) ;
#3005=VECTOR('Line Direction',#3004,1.) ;
#3012=VECTOR('Line Direction',#3011,1.) ;
#3265=VECTOR('Line Direction',#3264,1.) ;
#3272=VECTOR('Line Direction',#3271,1.) ;
#3308=VECTOR('Line Direction',#3307,1.) ;
#3315=VECTOR('Line Direction',#3314,1.) ;
#3413=VECTOR('Line Direction',#3412,1.) ;
#3420=VECTOR('Line Direction',#3419,1.) ;
#32=DIRECTION('Axis2P3D Direction',(1.,0.,-0.)) ;
#33=DIRECTION('Axis2P3D XDirection',(0.,1.,0.)) ;
#37=DIRECTION('Vector Direction',(1.,0.,0.)) ;
#46=DIRECTION('Axis2P3D Direction',(1.,0.,-0.)) ;
#53=DIRECTION('Vector Direction',(1.,0.,0.)) ;
#60=DIRECTION('Axis2P3D Direction',(1.,0.,-0.)) ;
#72=DIRECTION('Axis2P3D Direction',(1.,0.,-0.)) ;
#77=DIRECTION('Axis2P3D Direction',(1.,0.,-0.)) ;
#89=DIRECTION('Axis2P3D Direction',(1.,0.,0.)) ;
#90=DIRECTION('Axis2P3D XDirection',(0.,1.,0.)) ;
#94=DIRECTION('Axis2P3D Direction',(1.,0.,0.)) ;
#103=DIRECTION('Axis2P3D Direction',(1.,0.,0.)) ;
#110=DIRECTION('Axis2P3D Direction',(1.,0.,0.)) ;
#117=DIRECTION('Vector Direction',(0.,0.,1.)) ;
#124=DIRECTION('Axis2P3D Direction',(1.,0.,0.)) ;
#131=DIRECTION('Axis2P3D Direction',(1.,0.,0.)) ;
#138=DIRECTION('Axis2P3D Direction',(1.,0.,0.)) ;
#145=DIRECTION('Axis2P3D Direction',(1.,0.,0.)) ;
#152=DIRECTION('Axis2P3D Direction',(1.,0.,0.)) ;
#159=DIRECTION('Axis2P3D Direction',(1.,0.,0.)) ;
#166=DIRECTION('Axis2P3D Direction',(1.,0.,0.)) ;
#173=DIRECTION('Axis2P3D Direction',(1.,0.,0.)) ;
#180=DIRECTION('Axis2P3D Direction',(1.,0.,0.)) ;
#187=DIRECTION('Axis2P3D Direction',(1.,0.,0.)) ;
#194=DIRECTION('Axis2P3D Direction',(1.,0.,0.)) ;
#201=DIRECTION('Axis2P3D Direction',(1.,0.,0.)) ;
#208=DIRECTION('Axis2P3D Direction',(1.,0.,0.)) ;
#215=DIRECTION('Axis2P3D Direction',(1.,0.,0.)) ;
#222=DIRECTION('Axis2P3D Direction',(1.,0.,0.)) ;
#229=DIRECTION('Axis2P3D Direction',(1.,0.,0.)) ;
#236=DIRECTION('Axis2P3D Direction',(1.,0.,0.)) ;
#268=DIRECTION('Axis2P3D Direction',(1.,0.,0.)) ;
#277=DIRECTION('Axis2P3D Direction',(1.,0.,0.)) ;
#286=DIRECTION('Axis2P3D Direction',(1.,0.,0.)) ;
#295=DIRECTION('Axis2P3D Direction',(1.,0.,0.)) ;
#302=DIRECTION('Axis2P3D Direction',(1.,0.,0.)) ;
#309=DIRECTION('Axis2P3D Direction',(1.,0.,0.)) ;
#316=DIRECTION('Vector Direction',(0.,0.,1.)) ;
#323=DIRECTION('Axis2P3D Direction',(1.,0.,0.)) ;
#330=DIRECTION('Axis2P3D Direction',(1.,0.,0.)) ;
#337=DIRECTION('Axis2P3D Direction',(1.,0.,0.)) ;
#344=DIRECTION('Axis2P3D Direction',(1.,0.,0.)) ;
#351=DIRECTION('Axis2P3D Direction',(1.,0.,0.)) ;
#358=DIRECTION('Axis2P3D Direction',(1.,0.,0.)) ;
#365=DIRECTION('Axis2P3D Direction',(1.,0.,0.)) ;
#372=DIRECTION('Axis2P3D Direction',(1.,0.,0.)) ;
#379=DIRECTION('Axis2P3D Direction',(1.,0.,0.)) ;
#386=DIRECTION('Axis2P3D Direction',(1.,0.,0.)) ;
#393=DIRECTION('Axis2P3D Direction',(1.,0.,0.)) ;
#400=DIRECTION('Axis2P3D Direction',(1.,0.,0.)) ;
#407=DIRECTION('Axis2P3D Direction',(1.,0.,0.)) ;
#414=DIRECTION('Axis2P3D Direction',(1.,0.,0.)) ;
#421=DIRECTION('Axis2P3D Direction',(1.,0.,0.)) ;
#428=DIRECTION('Axis2P3D Direction',(1.,0.,0.)) ;
#435=DIRECTION('Axis2P3D Direction',(1.,0.,0.)) ;
#442=DIRECTION('Axis2P3D Direction',(1.,0.,0.)) ;
#449=DIRECTION('Axis2P3D Direction',(1.,0.,0.)) ;
#456=DIRECTION('Axis2P3D Direction',(1.,0.,0.)) ;
#463=DIRECTION('Axis2P3D Direction',(1.,0.,0.)) ;
#470=DIRECTION('Axis2P3D Direction',(1.,0.,0.)) ;
#477=DIRECTION('Axis2P3D Direction',(1.,0.,0.)) ;
#484=DIRECTION('Axis2P3D Direction',(1.,0.,0.)) ;
#491=DIRECTION('Axis2P3D Direction',(1.,0.,0.)) ;
#528=DIRECTION('Axis2P3D Direction',(1.,0.,0.)) ;
#537=DIRECTION('Axis2P3D Direction',(1.,0.,0.)) ;
#546=DIRECTION('Axis2P3D Direction',(1.,0.,0.)) ;
#555=DIRECTION('Axis2P3D Direction',(1.,0.,0.)) ;
#565=DIRECTION('Axis2P3D Direction',(1.,0.,0.)) ;
#566=DIRECTION('Axis2P3D XDirection',(0.,0.909960038912,0.414695945946)) ;
#570=DIRECTION('Vector Direction',(1.,0.,0.)) ;
#577=DIRECTION('Vector Direction',(1.,0.,0.)) ;
#584=DIRECTION('Axis2P3D Direction',(1.,0.,0.)) ;
#596=DIRECTION('Axis2P3D Direction',(1.,0.,0.)) ;
#597=DIRECTION('Axis2P3D XDirection',(0.,0.316507839621,-0.948589894242)) ;
#601=DIRECTION('Axis2P3D Direction',(1.,0.,0.)) ;
#608=DIRECTION('Vector Direction',(1.,0.,0.)) ;
#620=DIRECTION('Axis2P3D Direction',(1.,0.,0.)) ;
#621=DIRECTION('Axis2P3D XDirection',(0.,-0.316507839621,0.948589894242)) ;
#625=DIRECTION('Vector Direction',(1.,0.,0.)) ;
#632=DIRECTION('Axis2P3D Direction',(1.,0.,0.)) ;
#644=DIRECTION('Axis2P3D Direction',(0.,-1.,0.)) ;
#645=DIRECTION('Axis2P3D XDirection',(0.,0.,1.)) ;
#649=DIRECTION('Vector Direction',(-1.,0.,0.)) ;
#656=DIRECTION('Vector Direction',(0.,0.,1.)) ;
#668=DIRECTION('Axis2P3D Direction',(1.,0.,0.)) ;
#669=DIRECTION('Axis2P3D XDirection',(0.,0.88,-0.474973683482)) ;
#673=DIRECTION('Axis2P3D Direction',(1.,0.,0.)) ;
#680=DIRECTION('Vector Direction',(1.,0.,0.)) ;
#692=DIRECTION('Axis2P3D Direction',(1.,0.,0.)) ;
#693=DIRECTION('Axis2P3D XDirection',(0.,0.965415019763,0.260717931137)) ;
#697=DIRECTION('Vector Direction',(1.,0.,0.)) ;
#704=DIRECTION('Axis2P3D Direction',(1.,0.,0.)) ;
#716=DIRECTION('Axis2P3D Direction',(1.,0.,0.)) ;
#717=DIRECTION('Axis2P3D XDirection',(0.,0.443614130435,-0.896217888283)) ;
#721=DIRECTION('Axis2P3D Direction',(1.,0.,0.)) ;
#728=DIRECTION('Vector Direction',(1.,0.,0.)) ;
#740=DIRECTION('Axis2P3D Direction',(1.,0.,0.)) ;
#741=DIRECTION('Axis2P3D XDirection',(0.,-0.443614130435,0.896217888283)) ;
#745=DIRECTION('Vector Direction',(1.,0.,0.)) ;
#752=DIRECTION('Axis2P3D Direction',(1.,0.,0.)) ;
#764=DIRECTION('Axis2P3D Direction',(1.,0.,0.)) ;
#765=DIRECTION('Axis2P3D XDirection',(0.,0.965415019763,0.260717931137)) ;
#769=DIRECTION('Axis2P3D Direction',(1.,0.,0.)) ;
#776=DIRECTION('Vector Direction',(1.,0.,0.)) ;
#788=DIRECTION('Vector Direction',(1.,0.,0.)) ;
#795=DIRECTION('Axis2P3D Direction',(1.,0.,0.)) ;
#807=DIRECTION('Axis2P3D Direction',(1.,0.,0.)) ;
#808=DIRECTION('Axis2P3D XDirection',(0.,0.896217888283,0.443614130435)) ;
#812=DIRECTION('Axis2P3D Direction',(1.,0.,0.)) ;
#819=DIRECTION('Vector Direction',(1.,0.,0.)) ;
#831=DIRECTION('Axis2P3D Direction',(1.,0.,0.)) ;
#832=DIRECTION('Axis2P3D XDirection',(-0.,-0.896217888283,-0.443614130435)) ;
#836=DIRECTION('Vector Direction',(1.,0.,0.)) ;
#843=DIRECTION('Axis2P3D Direction',(1.,0.,0.)) ;
#855=DIRECTION('Axis2P3D Direction',(1.,0.,0.)) ;
#856=DIRECTION('Axis2P3D XDirection',(0.,-0.260717931137,0.965415019763)) ;
#860=DIRECTION('Axis2P3D Direction',(1.,0.,0.)) ;
#867=DIRECTION('Vector Direction',(1.,0.,0.)) ;
#879=DIRECTION('Axis2P3D Direction',(1.,0.,0.)) ;
#880=DIRECTION('Axis2P3D XDirection',(0.,0.260717931137,-0.965415019763)) ;
#884=DIRECTION('Vector Direction',(1.,0.,0.)) ;
#891=DIRECTION('Axis2P3D Direction',(1.,0.,0.)) ;
#903=DIRECTION('Axis2P3D Direction',(1.,0.,0.)) ;
#904=DIRECTION('Axis2P3D XDirection',(0.,-0.443614130435,0.896217888283)) ;
#908=DIRECTION('Axis2P3D Direction',(1.,0.,0.)) ;
#915=DIRECTION('Vector Direction',(1.,0.,0.)) ;
#927=DIRECTION('Axis2P3D Direction',(1.,0.,0.)) ;
#928=DIRECTION('Axis2P3D XDirection',(0.,0.443614130435,-0.896217888283)) ;
#932=DIRECTION('Vector Direction',(1.,0.,0.)) ;
#939=DIRECTION('Axis2P3D Direction',(1.,0.,0.)) ;
#951=DIRECTION('Axis2P3D Direction',(1.,0.,0.)) ;
#952=DIRECTION('Axis2P3D XDirection',(-0.,-0.965415019763,-0.260717931137)) ;
#956=DIRECTION('Axis2P3D Direction',(1.,0.,0.)) ;
#963=DIRECTION('Vector Direction',(1.,0.,0.)) ;
#975=DIRECTION('Vector Direction',(1.,0.,0.)) ;
#982=DIRECTION('Axis2P3D Direction',(1.,0.,0.)) ;
#994=DIRECTION('Axis2P3D Direction',(1.,0.,0.)) ;
#995=DIRECTION('Axis2P3D XDirection',(0.,-0.887876191331,0.460082458771)) ;
#999=DIRECTION('Axis2P3D Direction',(1.,0.,0.)) ;
#1006=DIRECTION('Vector Direction',(1.,0.,0.)) ;
#1018=DIRECTION('Axis2P3D Direction',(1.,0.,0.)) ;
#1019=DIRECTION('Axis2P3D XDirection',(0.,0.887876191331,-0.460082458771)) ;
#1023=DIRECTION('Vector Direction',(1.,0.,0.)) ;
#1030=DIRECTION('Axis2P3D Direction',(1.,0.,0.)) ;
#1042=DIRECTION('Axis2P3D Direction',(1.,0.,0.)) ;
#1043=DIRECTION('Axis2P3D XDirection',(-0.,-0.909960038912,-0.414695945946)) ;
#1047=DIRECTION('Axis2P3D Direction',(1.,0.,0.)) ;
#1059=DIRECTION('Axis2P3D Direction',(-1.,-0.,0.)) ;
#1060=DIRECTION('Axis2P3D XDirection',(0.,-0.66760138294,-0.744518900698)) ;
#1064=DIRECTION('Vector Direction',(-1.,0.,0.)) ;
#1071=DIRECTION('Axis2P3D Direction',(-1.,-0.,0.)) ;
#1078=DIRECTION('Vector Direction',(-1.,0.,0.)) ;
#1090=DIRECTION('Axis2P3D Direction',(1.,0.,0.)) ;
#1091=DIRECTION('Axis2P3D XDirection',(0.,-0.772855636849,0.634581881706)) ;
#1095=DIRECTION('Axis2P3D Direction',(1.,0.,0.)) ;
#1102=DIRECTION('Vector Direction',(1.,0.,0.)) ;
#1114=DIRECTION('Axis2P3D Direction',(1.,0.,0.)) ;
#1115=DIRECTION('Axis2P3D XDirection',(0.,-0.969535971483,0.244948974278)) ;
#1119=DIRECTION('Vector Direction',(1.,0.,0.)) ;
#1126=DIRECTION('Axis2P3D Direction',(1.,0.,0.)) ;
#1133=DIRECTION('Vector Direction',(1.,0.,0.)) ;
#1145=DIRECTION('Axis2P3D Direction',(0.,-1.,0.)) ;
#1146=DIRECTION('Axis2P3D XDirection',(0.,0.,1.)) ;
#1150=DIRECTION('Vector Direction',(0.,0.,1.)) ;
#1157=DIRECTION('Vector Direction',(-1.,0.,0.)) ;
#1169=DIRECTION('Axis2P3D Direction',(1.,0.,0.)) ;
#1170=DIRECTION('Axis2P3D XDirection',(0.,-0.668817277943,0.743426828091)) ;
#1174=DIRECTION('Vector Direction',(1.,0.,0.)) ;
#1181=DIRECTION('Axis2P3D Direction',(1.,0.,0.)) ;
#1188=DIRECTION('Vector Direction',(1.,0.,0.)) ;
#1200=DIRECTION('Axis2P3D Direction',(-1.,0.,0.)) ;
#1201=DIRECTION('Axis2P3D XDirection',(0.,-0.585149250236,0.810925616162)) ;
#1205=DIRECTION('Axis2P3D Direction',(-1.,0.,0.)) ;
#1212=DIRECTION('Vector Direction',(-1.,0.,0.)) ;
#1224=DIRECTION('Axis2P3D Direction',(1.,0.,0.)) ;
#1225=DIRECTION('Axis2P3D XDirection',(0.,1.,0.)) ;
#1229=DIRECTION('Axis2P3D Direction',(1.,0.,0.)) ;
#1236=DIRECTION('Vector Direction',(1.,0.,0.)) ;
#1248=DIRECTION('Axis2P3D Direction',(1.,0.,-0.)) ;
#1249=DIRECTION('Axis2P3D XDirection',(0.,0.585149250236,0.810925616162)) ;
#1253=DIRECTION('Vector Direction',(1.,0.,0.)) ;
#1260=DIRECTION('Axis2P3D Direction',(1.,0.,-0.)) ;
#1272=DIRECTION('Axis2P3D Direction',(1.,0.,0.)) ;
#1273=DIRECTION('Axis2P3D XDirection',(0.,0.668817277943,0.743426828091)) ;
#1277=DIRECTION('Axis2P3D Direction',(1.,0.,0.)) ;
#1284=DIRECTION('Vector Direction',(1.,0.,0.)) ;
#1296=DIRECTION('Axis2P3D Direction',(1.,0.,0.)) ;
#1297=DIRECTION('Axis2P3D XDirection',(0.,0.991833026054,0.127543123802)) ;
#1301=DIRECTION('Vector Direction',(1.,0.,0.)) ;
#1308=DIRECTION('Axis2P3D Direction',(1.,0.,0.)) ;
#1315=DIRECTION('Vector Direction',(1.,0.,0.)) ;
#1327=DIRECTION('Axis2P3D Direction',(1.,0.,0.)) ;
#1328=DIRECTION('Axis2P3D XDirection',(0.,0.772855636849,0.634581881706)) ;
#1332=DIRECTION('Vector Direction',(1.,0.,0.)) ;
#1339=DIRECTION('Axis2P3D Direction',(1.,0.,0.)) ;
#1346=DIRECTION('Vector Direction',(1.,0.,0.)) ;
#1358=DIRECTION('Axis2P3D Direction',(1.,0.,0.)) ;
#1359=DIRECTION('Axis2P3D XDirection',(0.,0.66760138294,-0.744518900698)) ;
#1363=DIRECTION('Vector Direction',(1.,0.,0.)) ;
#1370=DIRECTION('Axis2P3D Direction',(1.,0.,0.)) ;
#1382=DIRECTION('Axis2P3D Direction',(1.,0.,0.)) ;
#1383=DIRECTION('Axis2P3D XDirection',(0.,1.,0.)) ;
#1387=DIRECTION('Axis2P3D Direction',(1.,0.,0.)) ;
#1394=DIRECTION('Vector Direction',(1.,0.,0.)) ;
#1406=DIRECTION('Axis2P3D Direction',(1.,0.,0.)) ;
#1413=DIRECTION('Vector Direction',(1.,0.,0.)) ;
#1425=DIRECTION('Axis2P3D Direction',(-1.,0.,0.)) ;
#1426=DIRECTION('Axis2P3D XDirection',(0.,0.66760138294,0.744518900698)) ;
#1430=DIRECTION('Axis2P3D Direction',(-1.,0.,0.)) ;
#1437=DIRECTION('Vector Direction',(-1.,0.,0.)) ;
#1449=DIRECTION('Axis2P3D Direction',(1.,0.,0.)) ;
#1450=DIRECTION('Axis2P3D XDirection',(0.,0.772855636849,-0.634581881706)) ;
#1454=DIRECTION('Axis2P3D Direction',(1.,0.,0.)) ;
#1461=DIRECTION('Vector Direction',(1.,0.,0.)) ;
#1473=DIRECTION('Axis2P3D Direction',(1.,0.,0.)) ;
#1474=DIRECTION('Axis2P3D XDirection',(0.,0.634581881706,-0.772855636849)) ;
#1478=DIRECTION('Vector Direction',(1.,0.,0.)) ;
#1485=DIRECTION('Axis2P3D Direction',(1.,0.,0.)) ;
#1492=DIRECTION('Vector Direction',(1.,0.,0.)) ;
#1504=DIRECTION('Axis2P3D Direction',(1.,0.,0.)) ;
#1505=DIRECTION('Axis2P3D XDirection',(0.,-0.744518900698,-0.66760138294)) ;
#1509=DIRECTION('Vector Direction',(1.,0.,0.)) ;
#1516=DIRECTION('Axis2P3D Direction',(1.,0.,0.)) ;
#1528=DIRECTION('Axis2P3D Direction',(1.,-0.,0.)) ;
#1529=DIRECTION('Axis2P3D XDirection',(0.,6.12323399574E-017,-1.)) ;
#1533=DIRECTION('Axis2P3D Direction',(1.,-0.,0.)) ;
#1540=DIRECTION('Vector Direction',(1.,0.,0.)) ;
#1552=DIRECTION('Axis2P3D Direction',(-1.,0.,0.)) ;
#1553=DIRECTION('Axis2P3D XDirection',(0.,0.744518900698,-0.66760138294)) ;
#1557=DIRECTION('Axis2P3D Direction',(-1.,0.,0.)) ;
#1564=DIRECTION('Vector Direction',(-1.,0.,0.)) ;
#1576=DIRECTION('Axis2P3D Direction',(1.,0.,0.)) ;
#1577=DIRECTION('Axis2P3D XDirection',(-0.,-0.634581881706,-0.772855636849)) ;
#1581=DIRECTION('Axis2P3D Direction',(1.,0.,0.)) ;
#1588=DIRECTION('Vector Direction',(1.,0.,0.)) ;
#1600=DIRECTION('Axis2P3D Direction',(1.,0.,0.)) ;
#1601=DIRECTION('Axis2P3D XDirection',(-0.,-0.772855636849,-0.634581881706)) ;
#1605=DIRECTION('Vector Direction',(1.,0.,0.)) ;
#1612=DIRECTION('Axis2P3D Direction',(1.,0.,0.)) ;
#1619=DIRECTION('Vector Direction',(1.,0.,0.)) ;
#1631=DIRECTION('Axis2P3D Direction',(1.,0.,0.)) ;
#1632=DIRECTION('Axis2P3D XDirection',(0.,-0.66760138294,0.744518900698)) ;
#1636=DIRECTION('Vector Direction',(1.,0.,0.)) ;
#1643=DIRECTION('Axis2P3D Direction',(1.,0.,0.)) ;
#1655=DIRECTION('Axis2P3D Direction',(1.,0.,0.)) ;
#1656=DIRECTION('Axis2P3D XDirection',(0.,-1.,-1.22464679915E-016)) ;
#1660=DIRECTION('Axis2P3D Direction',(1.,0.,0.)) ;
#1672=DIRECTION('Axis2P3D Direction',(1.,-0.,0.)) ;
#1673=DIRECTION('Axis2P3D XDirection',(0.,0.909960038912,0.414695945946)) ;
#1677=DIRECTION('Axis2P3D Direction',(0.,0.414695945946,-0.909960038912)) ;
#1684=DIRECTION('Axis2P3D Direction',(1.,-0.,0.)) ;
#1691=DIRECTION('Axis2P3D Direction',(0.,0.414695945946,0.909960038912)) ;
#1703=DIRECTION('Axis2P3D Direction',(1.,0.,-0.)) ;
#1704=DIRECTION('Axis2P3D XDirection',(0.,0.316507839621,-0.948589894242)) ;
#1708=DIRECTION('Axis2P3D Direction',(1.,0.,-0.)) ;
#1715=DIRECTION('Axis2P3D Direction',(0.,-0.948589894242,-0.316507839621)) ;
#1727=DIRECTION('Axis2P3D Direction',(1.,-0.,0.)) ;
#1728=DIRECTION('Axis2P3D XDirection',(0.,-0.316507839621,0.948589894242)) ;
#1732=DIRECTION('Axis2P3D Direction',(1.,-0.,0.)) ;
#1739=DIRECTION('Axis2P3D Direction',(0.,0.,1.)) ;
#1751=DIRECTION('Axis2P3D Direction',(0.,0.,1.)) ;
#1752=DIRECTION('Axis2P3D XDirection',(-1.,0.,0.)) ;
#1756=DIRECTION('Vector Direction',(0.,0.,1.)) ;
#1763=DIRECTION('Axis2P3D Direction',(0.,0.,1.)) ;
#1775=DIRECTION('Axis2P3D Direction',(1.,0.,-0.)) ;
#1776=DIRECTION('Axis2P3D XDirection',(0.,0.88,-0.474973683482)) ;
#1780=DIRECTION('Axis2P3D Direction',(1.,0.,-0.)) ;
#1787=DIRECTION('Axis2P3D Direction',(0.,-0.474973683482,-0.88)) ;
#1799=DIRECTION('Axis2P3D Direction',(1.,-0.,0.)) ;
#1800=DIRECTION('Axis2P3D XDirection',(0.,-0.88,0.474973683482)) ;
#1804=DIRECTION('Axis2P3D Direction',(1.,-0.,0.)) ;
#1811=DIRECTION('Axis2P3D Direction',(0.,0.260717931137,0.965415019763)) ;
#1823=DIRECTION('Axis2P3D Direction',(1.,0.,-0.)) ;
#1824=DIRECTION('Axis2P3D XDirection',(0.,0.443614130435,-0.896217888283)) ;
#1828=DIRECTION('Axis2P3D Direction',(1.,0.,-0.)) ;
#1835=DIRECTION('Axis2P3D Direction',(0.,-0.896217888283,-0.443614130435)) ;
#1847=DIRECTION('Axis2P3D Direction',(1.,0.,-0.)) ;
#1848=DIRECTION('Axis2P3D XDirection',(0.,-0.443614130435,0.896217888283)) ;
#1852=DIRECTION('Axis2P3D Direction',(1.,0.,-0.)) ;
#1859=DIRECTION('Axis2P3D Direction',(0.,-0.896217888283,0.443614130435)) ;
#1871=DIRECTION('Axis2P3D Direction',(1.,0.,0.)) ;
#1872=DIRECTION('Axis2P3D XDirection',(0.,0.965415019763,0.260717931137)) ;
#1876=DIRECTION('Axis2P3D Direction',(1.,0.,0.)) ;
#1883=DIRECTION('Axis2P3D Direction',(0.,0.260717931137,-0.965415019763)) ;
#1895=DIRECTION('Axis2P3D Direction',(1.,0.,-0.)) ;
#1896=DIRECTION('Axis2P3D XDirection',(0.,-0.965415019763,-0.260717931137)) ;
#1900=DIRECTION('Axis2P3D Direction',(1.,0.,-0.)) ;
#1907=DIRECTION('Axis2P3D Direction',(0.,-0.965415019763,0.260717931137)) ;
#1919=DIRECTION('Axis2P3D Direction',(1.,0.,0.)) ;
#1920=DIRECTION('Axis2P3D XDirection',(0.,0.896217888283,0.443614130435)) ;
#1924=DIRECTION('Axis2P3D Direction',(1.,0.,0.)) ;
#1931=DIRECTION('Axis2P3D Direction',(0.,0.443614130435,-0.896217888283)) ;
#1943=DIRECTION('Axis2P3D Direction',(1.,0.,-0.)) ;
#1944=DIRECTION('Axis2P3D XDirection',(0.,-0.896217888283,-0.443614130435)) ;
#1948=DIRECTION('Axis2P3D Direction',(1.,0.,-0.)) ;
#1955=DIRECTION('Axis2P3D Direction',(0.,-0.443614130435,-0.896217888283)) ;
#1967=DIRECTION('Axis2P3D Direction',(1.,-0.,0.)) ;
#1968=DIRECTION('Axis2P3D XDirection',(0.,-0.260717931137,0.965415019763)) ;
#1972=DIRECTION('Axis2P3D Direction',(1.,-0.,0.)) ;
#1979=DIRECTION('Axis2P3D Direction',(0.,0.965415019763,0.260717931137)) ;
#1991=DIRECTION('Axis2P3D Direction',(1.,0.,-0.)) ;
#1992=DIRECTION('Axis2P3D XDirection',(0.,0.260717931137,-0.965415019763)) ;
#1996=DIRECTION('Axis2P3D Direction',(1.,0.,-0.)) ;
#2003=DIRECTION('Axis2P3D Direction',(0.,-0.260717931137,-0.965415019763)) ;
#2015=DIRECTION('Axis2P3D Direction',(1.,-0.,0.)) ;
#2016=DIRECTION('Axis2P3D XDirection',(0.,-0.443614130435,0.896217888283)) ;
#2020=DIRECTION('Axis2P3D Direction',(1.,-0.,0.)) ;
#2027=DIRECTION('Axis2P3D Direction',(0.,0.896217888283,0.443614130435)) ;
#2039=DIRECTION('Axis2P3D Direction',(1.,0.,0.)) ;
#2040=DIRECTION('Axis2P3D XDirection',(0.,0.443614130435,-0.896217888283)) ;
#2044=DIRECTION('Axis2P3D Direction',(1.,0.,0.)) ;
#2051=DIRECTION('Axis2P3D Direction',(0.,0.896217888283,-0.443614130435)) ;
#2063=DIRECTION('Axis2P3D Direction',(1.,0.,0.)) ;
#2064=DIRECTION('Axis2P3D XDirection',(0.,-0.965415019763,-0.260717931137)) ;
#2068=DIRECTION('Axis2P3D Direction',(1.,0.,0.)) ;
#2075=DIRECTION('Axis2P3D Direction',(0.,-0.260717931137,0.965415019763)) ;
#2087=DIRECTION('Axis2P3D Direction',(1.,0.,0.)) ;
#2088=DIRECTION('Axis2P3D XDirection',(0.,0.965415019763,0.260717931137)) ;
#2092=DIRECTION('Axis2P3D Direction',(1.,0.,0.)) ;
#2099=DIRECTION('Axis2P3D Direction',(0.,0.669749216301,-0.742587360022)) ;
#2111=DIRECTION('Axis2P3D Direction',(1.,-0.,0.)) ;
#2112=DIRECTION('Axis2P3D XDirection',(0.,-0.887876191331,0.460082458771)) ;
#2116=DIRECTION('Axis2P3D Direction',(1.,-0.,0.)) ;
#2123=DIRECTION('Axis2P3D Direction',(0.,0.460082458771,0.887876191331)) ;
#2135=DIRECTION('Axis2P3D Direction',(1.,0.,-0.)) ;
#2136=DIRECTION('Axis2P3D XDirection',(0.,0.887876191331,-0.460082458771)) ;
#2140=DIRECTION('Axis2P3D Direction',(1.,0.,-0.)) ;
#2147=DIRECTION('Axis2P3D Direction',(-0.,0.948589894242,-0.316507839621)) ;
#2159=DIRECTION('Axis2P3D Direction',(1.,0.,0.)) ;
#2160=DIRECTION('Axis2P3D XDirection',(0.,-0.909960038912,-0.414695945946)) ;
#2164=DIRECTION('Axis2P3D Direction',(1.,0.,0.)) ;
#2176=DIRECTION('Axis2P3D Direction',(1.,-0.,0.)) ;
#2177=DIRECTION('Axis2P3D XDirection',(0.,0.691836403988,-0.722054284744)) ;
#2181=DIRECTION('Axis2P3D Direction',(1.,-0.,0.)) ;
#2190=DIRECTION('Axis2P3D Direction',(1.,-0.,0.)) ;
#2197=DIRECTION('Axis2P3D Direction',(0.,-0.783311550873,-0.62162932224)) ;
#2204=DIRECTION('Axis2P3D Direction',(1.,-0.,0.)) ;
#2211=DIRECTION('Axis2P3D Direction',(1.,-0.,0.)) ;
#2218=DIRECTION('Axis2P3D Direction',(1.,-0.,0.)) ;
#2225=DIRECTION('Axis2P3D Direction',(-0.,-0.783311550873,0.62162932224)) ;
#2232=DIRECTION('Axis2P3D Direction',(1.,-0.,0.)) ;
#2248=DIRECTION('Axis2P3D Direction',(1.,0.,-0.)) ;
#2249=DIRECTION('Axis2P3D XDirection',(0.,-0.999055035385,0.0434630449053)) ;
#2253=DIRECTION('Axis2P3D Direction',(-0.,0.877950703326,-0.478751044416)) ;
#2260=DIRECTION('Axis2P3D Direction',(1.,0.,-0.)) ;
#2267=DIRECTION('Axis2P3D Direction',(1.,0.,-0.)) ;
#2274=DIRECTION('Axis2P3D Direction',(0.,1.77924519562E-008,1.)) ;
#2281=DIRECTION('Axis2P3D Direction',(1.,0.,-0.)) ;
#2288=DIRECTION('Axis2P3D Direction',(1.,0.,-0.)) ;
#2302=DIRECTION('Axis2P3D Direction',(1.,-0.,0.)) ;
#2303=DIRECTION('Axis2P3D XDirection',(0.,0.539623519809,0.841906441874)) ;
#2307=DIRECTION('Axis2P3D Direction',(0.,0.877950703326,0.478751044416)) ;
#2314=DIRECTION('Axis2P3D Direction',(1.,-0.,0.)) ;
#2319=DIRECTION('Axis2P3D Direction',(1.,-0.,0.)) ;
#2331=DIRECTION('Axis2P3D Direction',(0.707106781187,0.43955830914,0.553884909404)) ;
#2332=DIRECTION('Axis2P3D XDirection',(0.405977960398,-0.893709986384,0.190956424108)) ;
#2336=DIRECTION('Axis2P3D Direction',(0.48341096719,-0.872173738231,0.0750120466329)) ;
#2347=DIRECTION('Axis2P3D Direction',(1.,7.1054273576E-016,-0.)) ;
#2348=DIRECTION('Axis2P3D XDirection',(-3.9512670479E-016,0.5,0.866025403784)) ;
#2369=DIRECTION('Vector Direction',(0.707106781187,-0.707106781187,-2.00971834712E-015)) ;
#2376=DIRECTION('Axis2P3D Direction',(-1.,-5.3290705182E-016,3.07674029821E-016)) ;
#2383=DIRECTION('Vector Direction',(0.707106781187,0.707106781187,2.00971834712E-015)) ;
#2397=DIRECTION('Axis2P3D Direction',(1.,-0.,-1.42108547152E-015)) ;
#2398=DIRECTION('Axis2P3D XDirection',(0.,-1.,0.)) ;
#2402=DIRECTION('Axis2P3D Direction',(-1.,0.,1.42108547152E-015)) ;
#2414=DIRECTION('Axis2P3D Direction',(1.,-2.13162820728E-015,-3.5527136788E-016)) ;
#2415=DIRECTION('Axis2P3D XDirection',(-2.10734242554E-015,-1.,0.)) ;
#2436=DIRECTION('Vector Direction',(0.707106781187,0.707106781187,-2.51214793389E-016)) ;
#2443=DIRECTION('Axis2P3D Direction',(-1.,0.,3.5527136788E-016)) ;
#2450=DIRECTION('Vector Direction',(0.707106781187,-0.707106781187,-2.51214793389E-016)) ;
#2464=DIRECTION('Axis2P3D Direction',(1.,-0.,3.5527136788E-016)) ;
#2465=DIRECTION('Axis2P3D XDirection',(-2.63417803193E-016,0.5,0.866025403784)) ;
#2469=DIRECTION('Axis2P3D Direction',(-1.,1.53837014911E-016,-8.881784197E-017)) ;
#2604=DIRECTION('Axis2P3D Direction',(0.707106781187,0.43955830914,0.553884909404)) ;
#2605=DIRECTION('Axis2P3D XDirection',(-0.702417585755,0.346582735979,0.621683152694)) ;
#2621=DIRECTION('Axis2P3D Direction',(0.48341096719,-0.872173738231,0.0750120466329)) ;
#2628=DIRECTION('Axis2P3D Direction',(-1.16573417586E-015,-0.783311550873,0.62162932224)) ;
#2827=DIRECTION('Axis2P3D Direction',(-1.,0.,0.)) ;
#2828=DIRECTION('Axis2P3D XDirection',(0.,-1.,0.)) ;
#2918=DIRECTION('Axis2P3D Direction',(1.,-0.,3.5527136788E-016)) ;
#2919=DIRECTION('Axis2P3D XDirection',(-2.63417842706E-016,-0.5,0.866025403784)) ;
#2923=DIRECTION('Vector Direction',(0.707106781187,-0.707106781187,-9.48010465959E-016)) ;
#2930=DIRECTION('Axis2P3D Direction',(-1.,1.53837014911E-016,-8.881784197E-017)) ;
#2937=DIRECTION('Vector Direction',(0.707106781187,0.707106781187,3.16003488653E-016)) ;
#2949=DIRECTION('Axis2P3D Direction',(1.,-2.13162820728E-015,-3.5527136788E-016)) ;
#2950=DIRECTION('Axis2P3D XDirection',(-1.31708921353E-015,-0.5,-0.866025403784)) ;
#2954=DIRECTION('Axis2P3D Direction',(-1.,0.,3.5527136788E-016)) ;
#2959=DIRECTION('Axis2P3D Direction',(-1.,0.,3.5527136788E-016)) ;
#2973=DIRECTION('Axis2P3D Direction',(0.707106781187,-0.43955830914,0.553884909404)) ;
#2974=DIRECTION('Axis2P3D XDirection',(-0.702417585755,-0.346582735979,0.621683152694)) ;
#2988=DIRECTION('Axis2P3D Direction',(-3.05311331772E-015,-0.783311550873,-0.62162932224)) ;
#2999=DIRECTION('Axis2P3D Direction',(1.,7.1054273576E-016,-0.)) ;
#3000=DIRECTION('Axis2P3D XDirection',(3.95126764059E-016,-0.5,0.866025403784)) ;
#3004=DIRECTION('Vector Direction',(0.707106781187,0.707106781187,1.2640136237E-015)) ;
#3011=DIRECTION('Vector Direction',(0.707106781187,-0.707106781187,-1.2640136237E-015)) ;
#3018=DIRECTION('Axis2P3D Direction',(-1.,-5.3290705182E-016,3.07674029821E-016)) ;
#3023=DIRECTION('Axis2P3D Direction',(-1.,-5.3290705182E-016,3.07674029821E-016)) ;
#3037=DIRECTION('Axis2P3D Direction',(1.,-0.,-1.42108547152E-015)) ;
#3038=DIRECTION('Axis2P3D XDirection',(-1.18538029218E-015,-0.5,-0.866025403784)) ;
#3042=DIRECTION('Axis2P3D Direction',(-1.,0.,1.42108547152E-015)) ;
#3054=DIRECTION('Axis2P3D Direction',(1.,-0.,0.)) ;
#3055=DIRECTION('Axis2P3D XDirection',(0.,0.854195705435,-0.519951629304)) ;
#3059=DIRECTION('Axis2P3D Direction',(1.,-0.,0.)) ;
#3066=DIRECTION('Axis2P3D Direction',(0.,4.85722573274E-017,1.)) ;
#3078=DIRECTION('Axis2P3D Direction',(1.,0.,-0.)) ;
#3079=DIRECTION('Axis2P3D XDirection',(0.,-0.503277479218,0.864124863033)) ;
#3083=DIRECTION('Axis2P3D Direction',(1.,0.,-0.)) ;
#3090=DIRECTION('Axis2P3D Direction',(1.,0.,-0.)) ;
#3104=DIRECTION('Axis2P3D Direction',(1.,-0.,0.)) ;
#3105=DIRECTION('Axis2P3D XDirection',(0.,0.119925903179,-0.992782845212)) ;
#3109=DIRECTION('Axis2P3D Direction',(1.,-0.,0.)) ;
#3116=DIRECTION('Axis2P3D Direction',(1.,-0.,0.)) ;
#3123=DIRECTION('Axis2P3D Direction',(1.,-0.,0.)) ;
#3139=DIRECTION('Axis2P3D Direction',(-1.,0.,0.)) ;
#3140=DIRECTION('Axis2P3D XDirection',(0.,-1.,0.)) ;
#3154=DIRECTION('Axis2P3D Direction',(0.707106781187,-0.43955830914,0.553884909404)) ;
#3155=DIRECTION('Axis2P3D XDirection',(0.26299909653,-0.563627278606,-0.7830426336)) ;
#3165=DIRECTION('Axis2P3D Direction',(1.,0.,0.)) ;
#3166=DIRECTION('Axis2P3D XDirection',(0.,1.,0.)) ;
#3259=DIRECTION('Axis2P3D Direction',(1.,0.,0.)) ;
#3260=DIRECTION('Axis2P3D XDirection',(0.,-1.,-1.22464679915E-016)) ;
#3264=DIRECTION('Vector Direction',(1.,0.,0.)) ;
#3271=DIRECTION('Vector Direction',(1.,0.,0.)) ;
#3278=DIRECTION('Axis2P3D Direction',(1.,0.,0.)) ;
#3290=DIRECTION('Axis2P3D Direction',(1.,0.,0.)) ;
#3302=DIRECTION('Axis2P3D Direction',(1.,-0.,0.)) ;
#3303=DIRECTION('Axis2P3D XDirection',(0.,6.12323399574E-017,-1.)) ;
#3307=DIRECTION('Vector Direction',(1.,0.,0.)) ;
#3314=DIRECTION('Vector Direction',(1.,0.,0.)) ;
#3321=DIRECTION('Axis2P3D Direction',(1.,-0.,0.)) ;
#3333=DIRECTION('Axis2P3D Direction',(1.,-0.,0.)) ;
#3345=DIRECTION('Axis2P3D Direction',(1.,0.,0.)) ;
#3346=DIRECTION('Axis2P3D XDirection',(0.,0.928905555288,-0.370316714928)) ;
#3357=DIRECTION('Axis2P3D Direction',(1.,0.,0.)) ;
#3358=DIRECTION('Axis2P3D XDirection',(0.,-0.707106781187,0.707106781187)) ;
#3376=DIRECTION('Axis2P3D Direction',(1.,0.,0.)) ;
#3377=DIRECTION('Axis2P3D XDirection',(-0.,-0.926673984225,-0.375866102437)) ;
#3388=DIRECTION('Axis2P3D Direction',(1.,0.,0.)) ;
#3389=DIRECTION('Axis2P3D XDirection',(0.,0.811328490693,-0.58459052352)) ;
#3407=DIRECTION('Axis2P3D Direction',(1.,0.,-0.)) ;
#3408=DIRECTION('Axis2P3D XDirection',(0.,1.,0.)) ;
#3412=DIRECTION('Vector Direction',(1.,0.,0.)) ;
#3419=DIRECTION('Vector Direction',(1.,0.,0.)) ;
#3426=DIRECTION('Axis2P3D Direction',(1.,0.,-0.)) ;
#3438=DIRECTION('Axis2P3D Direction',(1.,0.,-0.)) ;
#3450=DIRECTION('Axis2P3D Direction',(1.,0.,0.)) ;
#3451=DIRECTION('Axis2P3D XDirection',(0.,1.,0.)) ;
#15=UNCERTAINTY_MEASURE_WITH_UNIT(LENGTH_MEASURE(0.005),#12,'distance_accuracy_value','CONFUSED CURVE UNCERTAINTY') ;
#18=AXIS2_PLACEMENT_3D(' ',#17,$,$) ;
#34=AXIS2_PLACEMENT_3D('Cylinder Axis2P3D',#31,#32,#33) ;
#47=AXIS2_PLACEMENT_3D('Circle Axis2P3D',#45,#46,$) ;
#61=AXIS2_PLACEMENT_3D('Circle Axis2P3D',#59,#60,$) ;
#73=AXIS2_PLACEMENT_3D('Circle Axis2P3D',#71,#72,$) ;
#78=AXIS2_PLACEMENT_3D('Circle Axis2P3D',#76,#77,$) ;
#91=AXIS2_PLACEMENT_3D('Plane Axis2P3D',#88,#89,#90) ;
#95=AXIS2_PLACEMENT_3D('Circle Axis2P3D',#93,#94,$) ;
#104=AXIS2_PLACEMENT_3D('Circle Axis2P3D',#102,#103,$) ;
#111=AXIS2_PLACEMENT_3D('Circle Axis2P3D',#109,#110,$) ;
#125=AXIS2_PLACEMENT_3D('Circle Axis2P3D',#123,#124,$) ;
#132=AXIS2_PLACEMENT_3D('Circle Axis2P3D',#130,#131,$) ;
#139=AXIS2_PLACEMENT_3D('Circle Axis2P3D',#137,#138,$) ;
#146=AXIS2_PLACEMENT_3D('Circle Axis2P3D',#144,#145,$) ;
#153=AXIS2_PLACEMENT_3D('Circle Axis2P3D',#151,#152,$) ;
#160=AXIS2_PLACEMENT_3D('Circle Axis2P3D',#158,#159,$) ;
#167=AXIS2_PLACEMENT_3D('Circle Axis2P3D',#165,#166,$) ;
#174=AXIS2_PLACEMENT_3D('Circle Axis2P3D',#172,#173,$) ;
#181=AXIS2_PLACEMENT_3D('Circle Axis2P3D',#179,#180,$) ;
#188=AXIS2_PLACEMENT_3D('Circle Axis2P3D',#186,#187,$) ;
#195=AXIS2_PLACEMENT_3D('Circle Axis2P3D',#193,#194,$) ;
#202=AXIS2_PLACEMENT_3D('Circle Axis2P3D',#200,#201,$) ;
#209=AXIS2_PLACEMENT_3D('Circle Axis2P3D',#207,#208,$) ;
#216=AXIS2_PLACEMENT_3D('Circle Axis2P3D',#214,#215,$) ;
#223=AXIS2_PLACEMENT_3D('Circle Axis2P3D',#221,#222,$) ;
#230=AXIS2_PLACEMENT_3D('Circle Axis2P3D',#228,#229,$) ;
#237=AXIS2_PLACEMENT_3D('Circle Axis2P3D',#235,#236,$) ;
#269=AXIS2_PLACEMENT_3D('Circle Axis2P3D',#267,#268,$) ;
#278=AXIS2_PLACEMENT_3D('Circle Axis2P3D',#276,#277,$) ;
#287=AXIS2_PLACEMENT_3D('Circle Axis2P3D',#285,#286,$) ;
#296=AXIS2_PLACEMENT_3D('Circle Axis2P3D',#294,#295,$) ;
#303=AXIS2_PLACEMENT_3D('Circle Axis2P3D',#301,#302,$) ;
#310=AXIS2_PLACEMENT_3D('Circle Axis2P3D',#308,#309,$) ;
#324=AXIS2_PLACEMENT_3D('Circle Axis2P3D',#322,#323,$) ;
#331=AXIS2_PLACEMENT_3D('Circle Axis2P3D',#329,#330,$) ;
#338=AXIS2_PLACEMENT_3D('Circle Axis2P3D',#336,#337,$) ;
#345=AXIS2_PLACEMENT_3D('Circle Axis2P3D',#343,#344,$) ;
#352=AXIS2_PLACEMENT_3D('Circle Axis2P3D',#350,#351,$) ;
#359=AXIS2_PLACEMENT_3D('Circle Axis2P3D',#357,#358,$) ;
#366=AXIS2_PLACEMENT_3D('Circle Axis2P3D',#364,#365,$) ;
#373=AXIS2_PLACEMENT_3D('Circle Axis2P3D',#371,#372,$) ;
#380=AXIS2_PLACEMENT_3D('Circle Axis2P3D',#378,#379,$) ;
#387=AXIS2_PLACEMENT_3D('Circle Axis2P3D',#385,#386,$) ;
#394=AXIS2_PLACEMENT_3D('Circle Axis2P3D',#392,#393,$) ;
#401=AXIS2_PLACEMENT_3D('Circle Axis2P3D',#399,#400,$) ;
#408=AXIS2_PLACEMENT_3D('Circle Axis2P3D',#406,#407,$) ;
#415=AXIS2_PLACEMENT_3D('Circle Axis2P3D',#413,#414,$) ;
#422=AXIS2_PLACEMENT_3D('Circle Axis2P3D',#420,#421,$) ;
#429=AXIS2_PLACEMENT_3D('Circle Axis2P3D',#427,#428,$) ;
#436=AXIS2_PLACEMENT_3D('Circle Axis2P3D',#434,#435,$) ;
#443=AXIS2_PLACEMENT_3D('Circle Axis2P3D',#441,#442,$) ;
#450=AXIS2_PLACEMENT_3D('Circle Axis2P3D',#448,#449,$) ;
#457=AXIS2_PLACEMENT_3D('Circle Axis2P3D',#455,#456,$) ;
#464=AXIS2_PLACEMENT_3D('Circle Axis2P3D',#462,#463,$) ;
#471=AXIS2_PLACEMENT_3D('Circle Axis2P3D',#469,#470,$) ;
#478=AXIS2_PLACEMENT_3D('Circle Axis2P3D',#476,#477,$) ;
#485=AXIS2_PLACEMENT_3D('Circle Axis2P3D',#483,#484,$) ;
#492=AXIS2_PLACEMENT_3D('Circle Axis2P3D',#490,#491,$) ;
#529=AXIS2_PLACEMENT_3D('Circle Axis2P3D',#527,#528,$) ;
#538=AXIS2_PLACEMENT_3D('Circle Axis2P3D',#536,#537,$) ;
#547=AXIS2_PLACEMENT_3D('Circle Axis2P3D',#545,#546,$) ;
#556=AXIS2_PLACEMENT_3D('Circle Axis2P3D',#554,#555,$) ;
#567=AXIS2_PLACEMENT_3D('Cylinder Axis2P3D',#564,#565,#566) ;
#585=AXIS2_PLACEMENT_3D('Circle Axis2P3D',#583,#584,$) ;
#598=AXIS2_PLACEMENT_3D('Cylinder Axis2P3D',#595,#596,#597) ;
#602=AXIS2_PLACEMENT_3D('Circle Axis2P3D',#600,#601,$) ;
#622=AXIS2_PLACEMENT_3D('Cylinder Axis2P3D',#619,#620,#621) ;
#633=AXIS2_PLACEMENT_3D('Circle Axis2P3D',#631,#632,$) ;
#646=AXIS2_PLACEMENT_3D('Plane Axis2P3D',#643,#644,#645) ;
#670=AXIS2_PLACEMENT_3D('Cylinder Axis2P3D',#667,#668,#669) ;
#674=AXIS2_PLACEMENT_3D('Circle Axis2P3D',#672,#673,$) ;
#694=AXIS2_PLACEMENT_3D('Cylinder Axis2P3D',#691,#692,#693) ;
#705=AXIS2_PLACEMENT_3D('Circle Axis2P3D',#703,#704,$) ;
#718=AXIS2_PLACEMENT_3D('Cylinder Axis2P3D',#715,#716,#717) ;
#722=AXIS2_PLACEMENT_3D('Circle Axis2P3D',#720,#721,$) ;
#742=AXIS2_PLACEMENT_3D('Cylinder Axis2P3D',#739,#740,#741) ;
#753=AXIS2_PLACEMENT_3D('Circle Axis2P3D',#751,#752,$) ;
#766=AXIS2_PLACEMENT_3D('Cylinder Axis2P3D',#763,#764,#765) ;
#770=AXIS2_PLACEMENT_3D('Circle Axis2P3D',#768,#769,$) ;
#796=AXIS2_PLACEMENT_3D('Circle Axis2P3D',#794,#795,$) ;
#809=AXIS2_PLACEMENT_3D('Cylinder Axis2P3D',#806,#807,#808) ;
#813=AXIS2_PLACEMENT_3D('Circle Axis2P3D',#811,#812,$) ;
#833=AXIS2_PLACEMENT_3D('Cylinder Axis2P3D',#830,#831,#832) ;
#844=AXIS2_PLACEMENT_3D('Circle Axis2P3D',#842,#843,$) ;
#857=AXIS2_PLACEMENT_3D('Cylinder Axis2P3D',#854,#855,#856) ;
#861=AXIS2_PLACEMENT_3D('Circle Axis2P3D',#859,#860,$) ;
#881=AXIS2_PLACEMENT_3D('Cylinder Axis2P3D',#878,#879,#880) ;
#892=AXIS2_PLACEMENT_3D('Circle Axis2P3D',#890,#891,$) ;
#905=AXIS2_PLACEMENT_3D('Cylinder Axis2P3D',#902,#903,#904) ;
#909=AXIS2_PLACEMENT_3D('Circle Axis2P3D',#907,#908,$) ;
#929=AXIS2_PLACEMENT_3D('Cylinder Axis2P3D',#926,#927,#928) ;
#940=AXIS2_PLACEMENT_3D('Circle Axis2P3D',#938,#939,$) ;
#953=AXIS2_PLACEMENT_3D('Cylinder Axis2P3D',#950,#951,#952) ;
#957=AXIS2_PLACEMENT_3D('Circle Axis2P3D',#955,#956,$) ;
#983=AXIS2_PLACEMENT_3D('Circle Axis2P3D',#981,#982,$) ;
#996=AXIS2_PLACEMENT_3D('Cylinder Axis2P3D',#993,#994,#995) ;
#1000=AXIS2_PLACEMENT_3D('Circle Axis2P3D',#998,#999,$) ;
#1020=AXIS2_PLACEMENT_3D('Cylinder Axis2P3D',#1017,#1018,#1019) ;
#1031=AXIS2_PLACEMENT_3D('Circle Axis2P3D',#1029,#1030,$) ;
#1044=AXIS2_PLACEMENT_3D('Cylinder Axis2P3D',#1041,#1042,#1043) ;
#1048=AXIS2_PLACEMENT_3D('Circle Axis2P3D',#1046,#1047,$) ;
#1061=AXIS2_PLACEMENT_3D('Cylinder Axis2P3D',#1058,#1059,#1060) ;
#1072=AXIS2_PLACEMENT_3D('Circle Axis2P3D',#1070,#1071,$) ;
#1092=AXIS2_PLACEMENT_3D('Cylinder Axis2P3D',#1089,#1090,#1091) ;
#1096=AXIS2_PLACEMENT_3D('Circle Axis2P3D',#1094,#1095,$) ;
#1116=AXIS2_PLACEMENT_3D('Cylinder Axis2P3D',#1113,#1114,#1115) ;
#1127=AXIS2_PLACEMENT_3D('Circle Axis2P3D',#1125,#1126,$) ;
#1147=AXIS2_PLACEMENT_3D('Plane Axis2P3D',#1144,#1145,#1146) ;
#1171=AXIS2_PLACEMENT_3D('Cylinder Axis2P3D',#1168,#1169,#1170) ;
#1182=AXIS2_PLACEMENT_3D('Circle Axis2P3D',#1180,#1181,$) ;
#1202=AXIS2_PLACEMENT_3D('Cylinder Axis2P3D',#1199,#1200,#1201) ;
#1206=AXIS2_PLACEMENT_3D('Circle Axis2P3D',#1204,#1205,$) ;
#1226=AXIS2_PLACEMENT_3D('Cylinder Axis2P3D',#1223,#1224,#1225) ;
#1230=AXIS2_PLACEMENT_3D('Circle Axis2P3D',#1228,#1229,$) ;
#1250=AXIS2_PLACEMENT_3D('Cylinder Axis2P3D',#1247,#1248,#1249) ;
#1261=AXIS2_PLACEMENT_3D('Circle Axis2P3D',#1259,#1260,$) ;
#1274=AXIS2_PLACEMENT_3D('Cylinder Axis2P3D',#1271,#1272,#1273) ;
#1278=AXIS2_PLACEMENT_3D('Circle Axis2P3D',#1276,#1277,$) ;
#1298=AXIS2_PLACEMENT_3D('Cylinder Axis2P3D',#1295,#1296,#1297) ;
#1309=AXIS2_PLACEMENT_3D('Circle Axis2P3D',#1307,#1308,$) ;
#1329=AXIS2_PLACEMENT_3D('Cylinder Axis2P3D',#1326,#1327,#1328) ;
#1340=AXIS2_PLACEMENT_3D('Circle Axis2P3D',#1338,#1339,$) ;
#1360=AXIS2_PLACEMENT_3D('Cylinder Axis2P3D',#1357,#1358,#1359) ;
#1371=AXIS2_PLACEMENT_3D('Circle Axis2P3D',#1369,#1370,$) ;
#1384=AXIS2_PLACEMENT_3D('Cylinder Axis2P3D',#1381,#1382,#1383) ;
#1388=AXIS2_PLACEMENT_3D('Circle Axis2P3D',#1386,#1387,$) ;
#1407=AXIS2_PLACEMENT_3D('Circle Axis2P3D',#1405,#1406,$) ;
#1427=AXIS2_PLACEMENT_3D('Cylinder Axis2P3D',#1424,#1425,#1426) ;
#1431=AXIS2_PLACEMENT_3D('Circle Axis2P3D',#1429,#1430,$) ;
#1451=AXIS2_PLACEMENT_3D('Cylinder Axis2P3D',#1448,#1449,#1450) ;
#1455=AXIS2_PLACEMENT_3D('Circle Axis2P3D',#1453,#1454,$) ;
#1475=AXIS2_PLACEMENT_3D('Cylinder Axis2P3D',#1472,#1473,#1474) ;
#1486=AXIS2_PLACEMENT_3D('Circle Axis2P3D',#1484,#1485,$) ;
#1506=AXIS2_PLACEMENT_3D('Cylinder Axis2P3D',#1503,#1504,#1505) ;
#1517=AXIS2_PLACEMENT_3D('Circle Axis2P3D',#1515,#1516,$) ;
#1530=AXIS2_PLACEMENT_3D('Cylinder Axis2P3D',#1527,#1528,#1529) ;
#1534=AXIS2_PLACEMENT_3D('Circle Axis2P3D',#1532,#1533,$) ;
#1554=AXIS2_PLACEMENT_3D('Cylinder Axis2P3D',#1551,#1552,#1553) ;
#1558=AXIS2_PLACEMENT_3D('Circle Axis2P3D',#1556,#1557,$) ;
#1578=AXIS2_PLACEMENT_3D('Cylinder Axis2P3D',#1575,#1576,#1577) ;
#1582=AXIS2_PLACEMENT_3D('Circle Axis2P3D',#1580,#1581,$) ;
#1602=AXIS2_PLACEMENT_3D('Cylinder Axis2P3D',#1599,#1600,#1601) ;
#1613=AXIS2_PLACEMENT_3D('Circle Axis2P3D',#1611,#1612,$) ;
#1633=AXIS2_PLACEMENT_3D('Cylinder Axis2P3D',#1630,#1631,#1632) ;
#1644=AXIS2_PLACEMENT_3D('Circle Axis2P3D',#1642,#1643,$) ;
#1657=AXIS2_PLACEMENT_3D('Cylinder Axis2P3D',#1654,#1655,#1656) ;
#1661=AXIS2_PLACEMENT_3D('Circle Axis2P3D',#1659,#1660,$) ;
#1674=AXIS2_PLACEMENT_3D('Torus Axis2P3D',#1671,#1672,#1673) ;
#1678=AXIS2_PLACEMENT_3D('Circle Axis2P3D',#1676,#1677,$) ;
#1685=AXIS2_PLACEMENT_3D('Circle Axis2P3D',#1683,#1684,$) ;
#1692=AXIS2_PLACEMENT_3D('Circle Axis2P3D',#1690,#1691,$) ;
#1705=AXIS2_PLACEMENT_3D('Torus Axis2P3D',#1702,#1703,#1704) ;
#1709=AXIS2_PLACEMENT_3D('Circle Axis2P3D',#1707,#1708,$) ;
#1716=AXIS2_PLACEMENT_3D('Circle Axis2P3D',#1714,#1715,$) ;
#1729=AXIS2_PLACEMENT_3D('Torus Axis2P3D',#1726,#1727,#1728) ;
#1733=AXIS2_PLACEMENT_3D('Circle Axis2P3D',#1731,#1732,$) ;
#1740=AXIS2_PLACEMENT_3D('Circle Axis2P3D',#1738,#1739,$) ;
#1753=AXIS2_PLACEMENT_3D('Cylinder Axis2P3D',#1750,#1751,#1752) ;
#1764=AXIS2_PLACEMENT_3D('Circle Axis2P3D',#1762,#1763,$) ;
#1777=AXIS2_PLACEMENT_3D('Torus Axis2P3D',#1774,#1775,#1776) ;
#1781=AXIS2_PLACEMENT_3D('Circle Axis2P3D',#1779,#1780,$) ;
#1788=AXIS2_PLACEMENT_3D('Circle Axis2P3D',#1786,#1787,$) ;
#1801=AXIS2_PLACEMENT_3D('Torus Axis2P3D',#1798,#1799,#1800) ;
#1805=AXIS2_PLACEMENT_3D('Circle Axis2P3D',#1803,#1804,$) ;
#1812=AXIS2_PLACEMENT_3D('Circle Axis2P3D',#1810,#1811,$) ;
#1825=AXIS2_PLACEMENT_3D('Torus Axis2P3D',#1822,#1823,#1824) ;
#1829=AXIS2_PLACEMENT_3D('Circle Axis2P3D',#1827,#1828,$) ;
#1836=AXIS2_PLACEMENT_3D('Circle Axis2P3D',#1834,#1835,$) ;
#1849=AXIS2_PLACEMENT_3D('Torus Axis2P3D',#1846,#1847,#1848) ;
#1853=AXIS2_PLACEMENT_3D('Circle Axis2P3D',#1851,#1852,$) ;
#1860=AXIS2_PLACEMENT_3D('Circle Axis2P3D',#1858,#1859,$) ;
#1873=AXIS2_PLACEMENT_3D('Torus Axis2P3D',#1870,#1871,#1872) ;
#1877=AXIS2_PLACEMENT_3D('Circle Axis2P3D',#1875,#1876,$) ;
#1884=AXIS2_PLACEMENT_3D('Circle Axis2P3D',#1882,#1883,$) ;
#1897=AXIS2_PLACEMENT_3D('Torus Axis2P3D',#1894,#1895,#1896) ;
#1901=AXIS2_PLACEMENT_3D('Circle Axis2P3D',#1899,#1900,$) ;
#1908=AXIS2_PLACEMENT_3D('Circle Axis2P3D',#1906,#1907,$) ;
#1921=AXIS2_PLACEMENT_3D('Torus Axis2P3D',#1918,#1919,#1920) ;
#1925=AXIS2_PLACEMENT_3D('Circle Axis2P3D',#1923,#1924,$) ;
#1932=AXIS2_PLACEMENT_3D('Circle Axis2P3D',#1930,#1931,$) ;
#1945=AXIS2_PLACEMENT_3D('Torus Axis2P3D',#1942,#1943,#1944) ;
#1949=AXIS2_PLACEMENT_3D('Circle Axis2P3D',#1947,#1948,$) ;
#1956=AXIS2_PLACEMENT_3D('Circle Axis2P3D',#1954,#1955,$) ;
#1969=AXIS2_PLACEMENT_3D('Torus Axis2P3D',#1966,#1967,#1968) ;
#1973=AXIS2_PLACEMENT_3D('Circle Axis2P3D',#1971,#1972,$) ;
#1980=AXIS2_PLACEMENT_3D('Circle Axis2P3D',#1978,#1979,$) ;
#1993=AXIS2_PLACEMENT_3D('Torus Axis2P3D',#1990,#1991,#1992) ;
#1997=AXIS2_PLACEMENT_3D('Circle Axis2P3D',#1995,#1996,$) ;
#2004=AXIS2_PLACEMENT_3D('Circle Axis2P3D',#2002,#2003,$) ;
#2017=AXIS2_PLACEMENT_3D('Torus Axis2P3D',#2014,#2015,#2016) ;
#2021=AXIS2_PLACEMENT_3D('Circle Axis2P3D',#2019,#2020,$) ;
#2028=AXIS2_PLACEMENT_3D('Circle Axis2P3D',#2026,#2027,$) ;
#2041=AXIS2_PLACEMENT_3D('Torus Axis2P3D',#2038,#2039,#2040) ;
#2045=AXIS2_PLACEMENT_3D('Circle Axis2P3D',#2043,#2044,$) ;
#2052=AXIS2_PLACEMENT_3D('Circle Axis2P3D',#2050,#2051,$) ;
#2065=AXIS2_PLACEMENT_3D('Torus Axis2P3D',#2062,#2063,#2064) ;
#2069=AXIS2_PLACEMENT_3D('Circle Axis2P3D',#2067,#2068,$) ;
#2076=AXIS2_PLACEMENT_3D('Circle Axis2P3D',#2074,#2075,$) ;
#2089=AXIS2_PLACEMENT_3D('Torus Axis2P3D',#2086,#2087,#2088) ;
#2093=AXIS2_PLACEMENT_3D('Circle Axis2P3D',#2091,#2092,$) ;
#2100=AXIS2_PLACEMENT_3D('Circle Axis2P3D',#2098,#2099,$) ;
#2113=AXIS2_PLACEMENT_3D('Torus Axis2P3D',#2110,#2111,#2112) ;
#2117=AXIS2_PLACEMENT_3D('Circle Axis2P3D',#2115,#2116,$) ;
#2124=AXIS2_PLACEMENT_3D('Circle Axis2P3D',#2122,#2123,$) ;
#2137=AXIS2_PLACEMENT_3D('Torus Axis2P3D',#2134,#2135,#2136) ;
#2141=AXIS2_PLACEMENT_3D('Circle Axis2P3D',#2139,#2140,$) ;
#2148=AXIS2_PLACEMENT_3D('Circle Axis2P3D',#2146,#2147,$) ;
#2161=AXIS2_PLACEMENT_3D('Torus Axis2P3D',#2158,#2159,#2160) ;
#2165=AXIS2_PLACEMENT_3D('Circle Axis2P3D',#2163,#2164,$) ;
#2178=AXIS2_PLACEMENT_3D('Torus Axis2P3D',#2175,#2176,#2177) ;
#2182=AXIS2_PLACEMENT_3D('Circle Axis2P3D',#2180,#2181,$) ;
#2191=AXIS2_PLACEMENT_3D('Circle Axis2P3D',#2189,#2190,$) ;
#2198=AXIS2_PLACEMENT_3D('Circle Axis2P3D',#2196,#2197,$) ;
#2205=AXIS2_PLACEMENT_3D('Circle Axis2P3D',#2203,#2204,$) ;
#2212=AXIS2_PLACEMENT_3D('Circle Axis2P3D',#2210,#2211,$) ;
#2219=AXIS2_PLACEMENT_3D('Circle Axis2P3D',#2217,#2218,$) ;
#2226=AXIS2_PLACEMENT_3D('Circle Axis2P3D',#2224,#2225,$) ;
#2233=AXIS2_PLACEMENT_3D('Circle Axis2P3D',#2231,#2232,$) ;
#2250=AXIS2_PLACEMENT_3D('Torus Axis2P3D',#2247,#2248,#2249) ;
#2254=AXIS2_PLACEMENT_3D('Circle Axis2P3D',#2252,#2253,$) ;
#2261=AXIS2_PLACEMENT_3D('Circle Axis2P3D',#2259,#2260,$) ;
#2268=AXIS2_PLACEMENT_3D('Circle Axis2P3D',#2266,#2267,$) ;
#2275=AXIS2_PLACEMENT_3D('Circle Axis2P3D',#2273,#2274,$) ;
#2282=AXIS2_PLACEMENT_3D('Circle Axis2P3D',#2280,#2281,$) ;
#2289=AXIS2_PLACEMENT_3D('Circle Axis2P3D',#2287,#2288,$) ;
#2304=AXIS2_PLACEMENT_3D('Torus Axis2P3D',#2301,#2302,#2303) ;
#2308=AXIS2_PLACEMENT_3D('Circle Axis2P3D',#2306,#2307,$) ;
#2315=AXIS2_PLACEMENT_3D('Circle Axis2P3D',#2313,#2314,$) ;
#2320=AXIS2_PLACEMENT_3D('Circle Axis2P3D',#2318,#2319,$) ;
#2333=AXIS2_PLACEMENT_3D('Sphere Axis2P3D',#2330,#2331,#2332) ;
#2337=AXIS2_PLACEMENT_3D('Circle Axis2P3D',#2335,#2336,$) ;
#2349=AXIS2_PLACEMENT_3D('Cone Axis2P3D',#2346,#2347,#2348) ;
#2377=AXIS2_PLACEMENT_3D('Circle Axis2P3D',#2375,#2376,$) ;
#2399=AXIS2_PLACEMENT_3D('Cone Axis2P3D',#2396,#2397,#2398) ;
#2403=AXIS2_PLACEMENT_3D('Circle Axis2P3D',#2401,#2402,$) ;
#2416=AXIS2_PLACEMENT_3D('Cone Axis2P3D',#2413,#2414,#2415) ;
#2444=AXIS2_PLACEMENT_3D('Circle Axis2P3D',#2442,#2443,$) ;
#2466=AXIS2_PLACEMENT_3D('Cone Axis2P3D',#2463,#2464,#2465) ;
#2470=AXIS2_PLACEMENT_3D('Circle Axis2P3D',#2468,#2469,$) ;
#2606=AXIS2_PLACEMENT_3D('Sphere Axis2P3D',#2603,#2604,#2605) ;
#2622=AXIS2_PLACEMENT_3D('Circle Axis2P3D',#2620,#2621,$) ;
#2629=AXIS2_PLACEMENT_3D('Circle Axis2P3D',#2627,#2628,$) ;
#2829=AXIS2_PLACEMENT_3D('Plane Axis2P3D',#2826,#2827,#2828) ;
#2920=AXIS2_PLACEMENT_3D('Cone Axis2P3D',#2917,#2918,#2919) ;
#2931=AXIS2_PLACEMENT_3D('Circle Axis2P3D',#2929,#2930,$) ;
#2951=AXIS2_PLACEMENT_3D('Cone Axis2P3D',#2948,#2949,#2950) ;
#2955=AXIS2_PLACEMENT_3D('Circle Axis2P3D',#2953,#2954,$) ;
#2960=AXIS2_PLACEMENT_3D('Circle Axis2P3D',#2958,#2959,$) ;
#2975=AXIS2_PLACEMENT_3D('Sphere Axis2P3D',#2972,#2973,#2974) ;
#2989=AXIS2_PLACEMENT_3D('Circle Axis2P3D',#2987,#2988,$) ;
#3001=AXIS2_PLACEMENT_3D('Cone Axis2P3D',#2998,#2999,#3000) ;
#3019=AXIS2_PLACEMENT_3D('Circle Axis2P3D',#3017,#3018,$) ;
#3024=AXIS2_PLACEMENT_3D('Circle Axis2P3D',#3022,#3023,$) ;
#3039=AXIS2_PLACEMENT_3D('Cone Axis2P3D',#3036,#3037,#3038) ;
#3043=AXIS2_PLACEMENT_3D('Circle Axis2P3D',#3041,#3042,$) ;
#3056=AXIS2_PLACEMENT_3D('Torus Axis2P3D',#3053,#3054,#3055) ;
#3060=AXIS2_PLACEMENT_3D('Circle Axis2P3D',#3058,#3059,$) ;
#3067=AXIS2_PLACEMENT_3D('Circle Axis2P3D',#3065,#3066,$) ;
#3080=AXIS2_PLACEMENT_3D('Torus Axis2P3D',#3077,#3078,#3079) ;
#3084=AXIS2_PLACEMENT_3D('Circle Axis2P3D',#3082,#3083,$) ;
#3091=AXIS2_PLACEMENT_3D('Circle Axis2P3D',#3089,#3090,$) ;
#3106=AXIS2_PLACEMENT_3D('Torus Axis2P3D',#3103,#3104,#3105) ;
#3110=AXIS2_PLACEMENT_3D('Circle Axis2P3D',#3108,#3109,$) ;
#3117=AXIS2_PLACEMENT_3D('Circle Axis2P3D',#3115,#3116,$) ;
#3124=AXIS2_PLACEMENT_3D('Circle Axis2P3D',#3122,#3123,$) ;
#3141=AXIS2_PLACEMENT_3D('Plane Axis2P3D',#3138,#3139,#3140) ;
#3156=AXIS2_PLACEMENT_3D('Sphere Axis2P3D',#3153,#3154,#3155) ;
#3167=AXIS2_PLACEMENT_3D('Plane Axis2P3D',#3164,#3165,#3166) ;
#3261=AXIS2_PLACEMENT_3D('Cylinder Axis2P3D',#3258,#3259,#3260) ;
#3279=AXIS2_PLACEMENT_3D('Circle Axis2P3D',#3277,#3278,$) ;
#3291=AXIS2_PLACEMENT_3D('Circle Axis2P3D',#3289,#3290,$) ;
#3304=AXIS2_PLACEMENT_3D('Cylinder Axis2P3D',#3301,#3302,#3303) ;
#3322=AXIS2_PLACEMENT_3D('Circle Axis2P3D',#3320,#3321,$) ;
#3334=AXIS2_PLACEMENT_3D('Circle Axis2P3D',#3332,#3333,$) ;
#3347=AXIS2_PLACEMENT_3D('Cylinder Axis2P3D',#3344,#3345,#3346) ;
#3359=AXIS2_PLACEMENT_3D('Cylinder Axis2P3D',#3356,#3357,#3358) ;
#3378=AXIS2_PLACEMENT_3D('Cylinder Axis2P3D',#3375,#3376,#3377) ;
#3390=AXIS2_PLACEMENT_3D('Cylinder Axis2P3D',#3387,#3388,#3389) ;
#3409=AXIS2_PLACEMENT_3D('Cylinder Axis2P3D',#3406,#3407,#3408) ;
#3427=AXIS2_PLACEMENT_3D('Circle Axis2P3D',#3425,#3426,$) ;
#3439=AXIS2_PLACEMENT_3D('Circle Axis2P3D',#3437,#3438,$) ;
#3452=AXIS2_PLACEMENT_3D('Plane Axis2P3D',#3449,#3450,#3451) ;
#39=LINE('Line',#36,#38) ;
#55=LINE('Line',#52,#54) ;
#119=LINE('Line',#116,#118) ;
#318=LINE('Line',#315,#317) ;
#572=LINE('Line',#569,#571) ;
#579=LINE('Line',#576,#578) ;
#610=LINE('Line',#607,#609) ;
#627=LINE('Line',#624,#626) ;
#651=LINE('Line',#648,#650) ;
#658=LINE('Line',#655,#657) ;
#682=LINE('Line',#679,#681) ;
#699=LINE('Line',#696,#698) ;
#730=LINE('Line',#727,#729) ;
#747=LINE('Line',#744,#746) ;
#778=LINE('Line',#775,#777) ;
#790=LINE('Line',#787,#789) ;
#821=LINE('Line',#818,#820) ;
#838=LINE('Line',#835,#837) ;
#869=LINE('Line',#866,#868) ;
#886=LINE('Line',#883,#885) ;
#917=LINE('Line',#914,#916) ;
#934=LINE('Line',#931,#933) ;
#965=LINE('Line',#962,#964) ;
#977=LINE('Line',#974,#976) ;
#1008=LINE('Line',#1005,#1007) ;
#1025=LINE('Line',#1022,#1024) ;
#1066=LINE('Line',#1063,#1065) ;
#1080=LINE('Line',#1077,#1079) ;
#1104=LINE('Line',#1101,#1103) ;
#1121=LINE('Line',#1118,#1120) ;
#1135=LINE('Line',#1132,#1134) ;
#1152=LINE('Line',#1149,#1151) ;
#1159=LINE('Line',#1156,#1158) ;
#1176=LINE('Line',#1173,#1175) ;
#1190=LINE('Line',#1187,#1189) ;
#1214=LINE('Line',#1211,#1213) ;
#1238=LINE('Line',#1235,#1237) ;
#1255=LINE('Line',#1252,#1254) ;
#1286=LINE('Line',#1283,#1285) ;
#1303=LINE('Line',#1300,#1302) ;
#1317=LINE('Line',#1314,#1316) ;
#1334=LINE('Line',#1331,#1333) ;
#1348=LINE('Line',#1345,#1347) ;
#1365=LINE('Line',#1362,#1364) ;
#1396=LINE('Line',#1393,#1395) ;
#1415=LINE('Line',#1412,#1414) ;
#1439=LINE('Line',#1436,#1438) ;
#1463=LINE('Line',#1460,#1462) ;
#1480=LINE('Line',#1477,#1479) ;
#1494=LINE('Line',#1491,#1493) ;
#1511=LINE('Line',#1508,#1510) ;
#1542=LINE('Line',#1539,#1541) ;
#1566=LINE('Line',#1563,#1565) ;
#1590=LINE('Line',#1587,#1589) ;
#1607=LINE('Line',#1604,#1606) ;
#1621=LINE('Line',#1618,#1620) ;
#1638=LINE('Line',#1635,#1637) ;
#1758=LINE('Line',#1755,#1757) ;
#2371=LINE('Line',#2368,#2370) ;
#2385=LINE('Line',#2382,#2384) ;
#2438=LINE('Line',#2435,#2437) ;
#2452=LINE('Line',#2449,#2451) ;
#2925=LINE('Line',#2922,#2924) ;
#2939=LINE('Line',#2936,#2938) ;
#3006=LINE('Line',#3003,#3005) ;
#3013=LINE('Line',#3010,#3012) ;
#3266=LINE('Line',#3263,#3265) ;
#3273=LINE('Line',#3270,#3272) ;
#3309=LINE('Line',#3306,#3308) ;
#3316=LINE('Line',#3313,#3315) ;
#3414=LINE('Line',#3411,#3413) ;
#3421=LINE('Line',#3418,#3420) ;
#48=CIRCLE('generated circle',#47,1.75) ;
#62=CIRCLE('generated circle',#61,1.75) ;
#74=CIRCLE('generated circle',#73,1.75) ;
#79=CIRCLE('generated circle',#78,1.75) ;
#96=CIRCLE('generated circle',#95,3.) ;
#105=CIRCLE('generated circle',#104,5.) ;
#112=CIRCLE('generated circle',#111,18.) ;
#126=CIRCLE('generated circle',#125,15.) ;
#133=CIRCLE('generated circle',#132,22.5) ;
#140=CIRCLE('generated circle',#139,5.) ;
#147=CIRCLE('generated circle',#146,3.) ;
#154=CIRCLE('generated circle',#153,5.) ;
#161=CIRCLE('generated circle',#160,22.5) ;
#168=CIRCLE('generated circle',#167,5.) ;
#175=CIRCLE('generated circle',#174,3.) ;
#182=CIRCLE('generated circle',#181,5.) ;
#189=CIRCLE('generated circle',#188,22.5) ;
#196=CIRCLE('generated circle',#195,5.) ;
#203=CIRCLE('generated circle',#202,3.) ;
#210=CIRCLE('generated circle',#209,5.) ;
#217=CIRCLE('generated circle',#216,22.5) ;
#224=CIRCLE('generated circle',#223,5.) ;
#231=CIRCLE('generated circle',#230,18.) ;
#238=CIRCLE('generated circle',#237,5.) ;
#270=CIRCLE('generated circle',#269,1.75) ;
#279=CIRCLE('generated circle',#278,1.75) ;
#288=CIRCLE('generated circle',#287,1.) ;
#297=CIRCLE('generated circle',#296,6.5) ;
#304=CIRCLE('generated circle',#303,21.) ;
#311=CIRCLE('generated circle',#310,16.5) ;
#325=CIRCLE('generated circle',#324,16.5) ;
#332=CIRCLE('generated circle',#331,6.5) ;
#339=CIRCLE('generated circle',#338,1.) ;
#346=CIRCLE('generated circle',#345,3.) ;
#353=CIRCLE('generated circle',#352,1.) ;
#360=CIRCLE('generated circle',#359,6.5) ;
#367=CIRCLE('generated circle',#366,16.5) ;
#374=CIRCLE('generated circle',#373,6.5) ;
#381=CIRCLE('generated circle',#380,21.) ;
#388=CIRCLE('generated circle',#387,6.5) ;
#395=CIRCLE('generated circle',#394,1.) ;
#402=CIRCLE('generated circle',#401,3.) ;
#409=CIRCLE('generated circle',#408,3.) ;
#416=CIRCLE('generated circle',#415,1.) ;
#423=CIRCLE('generated circle',#422,6.5) ;
#430=CIRCLE('generated circle',#429,21.) ;
#437=CIRCLE('generated circle',#436,6.5) ;
#444=CIRCLE('generated circle',#443,1.) ;
#451=CIRCLE('generated circle',#450,3.) ;
#458=CIRCLE('generated circle',#457,1.) ;
#465=CIRCLE('generated circle',#464,6.5) ;
#472=CIRCLE('generated circle',#471,21.) ;
#479=CIRCLE('generated circle',#478,6.5) ;
#486=CIRCLE('generated circle',#485,1.) ;
#493=CIRCLE('generated circle',#492,3.) ;
#530=CIRCLE('generated circle',#529,1.75) ;
#539=CIRCLE('generated circle',#538,1.75) ;
#548=CIRCLE('generated circle',#547,1.75) ;
#557=CIRCLE('generated circle',#556,1.75) ;
#586=CIRCLE('generated circle',#585,3.) ;
#603=CIRCLE('generated circle',#602,5.) ;
#634=CIRCLE('generated circle',#633,18.) ;
#675=CIRCLE('generated circle',#674,15.) ;
#706=CIRCLE('generated circle',#705,22.5) ;
#723=CIRCLE('generated circle',#722,5.) ;
#754=CIRCLE('generated circle',#753,3.) ;
#771=CIRCLE('generated circle',#770,5.) ;
#797=CIRCLE('generated circle',#796,22.5) ;
#814=CIRCLE('generated circle',#813,5.) ;
#845=CIRCLE('generated circle',#844,3.) ;
#862=CIRCLE('generated circle',#861,5.) ;
#893=CIRCLE('generated circle',#892,22.5) ;
#910=CIRCLE('generated circle',#909,5.) ;
#941=CIRCLE('generated circle',#940,3.) ;
#958=CIRCLE('generated circle',#957,5.) ;
#984=CIRCLE('generated circle',#983,22.5) ;
#1001=CIRCLE('generated circle',#1000,5.) ;
#1032=CIRCLE('generated circle',#1031,18.) ;
#1049=CIRCLE('generated circle',#1048,5.) ;
#1073=CIRCLE('generated circle',#1072,1.) ;
#1097=CIRCLE('generated circle',#1096,6.5) ;
#1128=CIRCLE('generated circle',#1127,16.5) ;
#1183=CIRCLE('generated circle',#1182,6.5) ;
#1207=CIRCLE('generated circle',#1206,1.) ;
#1231=CIRCLE('generated circle',#1230,3.) ;
#1262=CIRCLE('generated circle',#1261,1.) ;
#1279=CIRCLE('generated circle',#1278,6.5) ;
#1310=CIRCLE('generated circle',#1309,6.5) ;
#1341=CIRCLE('generated circle',#1340,6.5) ;
#1372=CIRCLE('generated circle',#1371,1.) ;
#1389=CIRCLE('generated circle',#1388,3.) ;
#1408=CIRCLE('generated circle',#1407,3.) ;
#1432=CIRCLE('generated circle',#1431,1.) ;
#1456=CIRCLE('generated circle',#1455,6.5) ;
#1487=CIRCLE('generated circle',#1486,6.5) ;
#1518=CIRCLE('generated circle',#1517,1.) ;
#1535=CIRCLE('generated circle',#1534,3.) ;
#1559=CIRCLE('generated circle',#1558,1.) ;
#1583=CIRCLE('generated circle',#1582,6.5) ;
#1614=CIRCLE('generated circle',#1613,6.5) ;
#1645=CIRCLE('generated circle',#1644,1.) ;
#1662=CIRCLE('generated circle',#1661,3.) ;
#1679=CIRCLE('generated circle',#1678,0.5) ;
#1686=CIRCLE('generated circle',#1685,2.5) ;
#1693=CIRCLE('generated circle',#1692,0.5) ;
#1710=CIRCLE('generated circle',#1709,5.5) ;
#1717=CIRCLE('generated circle',#1716,0.5) ;
#1734=CIRCLE('generated circle',#1733,17.5) ;
#1741=CIRCLE('generated circle',#1740,0.5) ;
#1765=CIRCLE('generated circle',#1764,0.5) ;
#1782=CIRCLE('generated circle',#1781,15.5) ;
#1789=CIRCLE('generated circle',#1788,0.5) ;
#1806=CIRCLE('generated circle',#1805,22.) ;
#1813=CIRCLE('generated circle',#1812,0.5) ;
#1830=CIRCLE('generated circle',#1829,5.5) ;
#1837=CIRCLE('generated circle',#1836,0.5) ;
#1854=CIRCLE('generated circle',#1853,2.5) ;
#1861=CIRCLE('generated circle',#1860,0.5) ;
#1878=CIRCLE('generated circle',#1877,5.5) ;
#1885=CIRCLE('generated circle',#1884,0.5) ;
#1902=CIRCLE('generated circle',#1901,22.) ;
#1909=CIRCLE('generated circle',#1908,0.5) ;
#1926=CIRCLE('generated circle',#1925,5.5) ;
#1933=CIRCLE('generated circle',#1932,0.5) ;
#1950=CIRCLE('generated circle',#1949,2.5) ;
#1957=CIRCLE('generated circle',#1956,0.5) ;
#1974=CIRCLE('generated circle',#1973,5.5) ;
#1981=CIRCLE('generated circle',#1980,0.5) ;
#1998=CIRCLE('generated circle',#1997,22.) ;
#2005=CIRCLE('generated circle',#2004,0.5) ;
#2022=CIRCLE('generated circle',#2021,5.5) ;
#2029=CIRCLE('generated circle',#2028,0.5) ;
#2046=CIRCLE('generated circle',#2045,2.5) ;
#2053=CIRCLE('generated circle',#2052,0.5) ;
#2070=CIRCLE('generated circle',#2069,5.5) ;
#2077=CIRCLE('generated circle',#2076,0.5) ;
#2094=CIRCLE('generated circle',#2093,22.) ;
#2101=CIRCLE('generated circle',#2100,0.5) ;
#2118=CIRCLE('generated circle',#2117,5.5) ;
#2125=CIRCLE('generated circle',#2124,0.5) ;
#2142=CIRCLE('generated circle',#2141,17.5) ;
#2149=CIRCLE('generated circle',#2148,0.5) ;
#2166=CIRCLE('generated circle',#2165,5.5) ;
#2183=CIRCLE('generated circle',#2182,15.0784271247) ;
#2192=CIRCLE('generated circle',#2191,15.0784271247) ;
#2199=CIRCLE('generated circle',#2198,2.) ;
#2206=CIRCLE('generated circle',#2205,13.6642135624) ;
#2213=CIRCLE('generated circle',#2212,13.6642135624) ;
#2220=CIRCLE('generated circle',#2219,13.6642135624) ;
#2227=CIRCLE('generated circle',#2226,2.) ;
#2234=CIRCLE('generated circle',#2233,15.0784271247) ;
#2255=CIRCLE('generated circle',#2254,2.) ;
#2262=CIRCLE('generated circle',#2261,19.5784271247) ;
#2269=CIRCLE('generated circle',#2268,19.5784271247) ;
#2276=CIRCLE('generated circle',#2275,2.) ;
#2283=CIRCLE('generated circle',#2282,18.1642135624) ;
#2290=CIRCLE('generated circle',#2289,18.1642135624) ;
#2309=CIRCLE('generated circle',#2308,2.) ;
#2316=CIRCLE('generated circle',#2315,18.1642135624) ;
#2321=CIRCLE('generated circle',#2320,19.5784271247) ;
#2338=CIRCLE('generated circle',#2337,2.) ;
#2378=CIRCLE('generated circle',#2377,9.25) ;
#2404=CIRCLE('generated circle',#2403,9.25) ;
#2445=CIRCLE('generated circle',#2444,13.75) ;
#2471=CIRCLE('generated circle',#2470,13.75) ;
#2623=CIRCLE('generated circle',#2622,3.5) ;
#2630=CIRCLE('generated circle',#2629,3.5) ;
#2932=CIRCLE('generated circle',#2931,17.1035533906) ;
#2956=CIRCLE('generated circle',#2955,17.1035533906) ;
#2961=CIRCLE('generated circle',#2960,17.1035533906) ;
#2990=CIRCLE('generated circle',#2989,3.5) ;
#3020=CIRCLE('generated circle',#3019,12.6035533906) ;
#3025=CIRCLE('generated circle',#3024,12.6035533906) ;
#3044=CIRCLE('generated circle',#3043,12.6035533906) ;
#3061=CIRCLE('generated circle',#3060,19.5784271247) ;
#3068=CIRCLE('generated circle',#3067,3.5) ;
#3085=CIRCLE('generated circle',#3084,19.5784271247) ;
#3092=CIRCLE('generated circle',#3091,19.5784271247) ;
#3111=CIRCLE('generated circle',#3110,15.0784271247) ;
#3118=CIRCLE('generated circle',#3117,15.0784271247) ;
#3125=CIRCLE('generated circle',#3124,15.0784271247) ;
#3280=CIRCLE('generated circle',#3279,1.75) ;
#3292=CIRCLE('generated circle',#3291,1.75) ;
#3323=CIRCLE('generated circle',#3322,1.75) ;
#3335=CIRCLE('generated circle',#3334,1.75) ;
#3428=CIRCLE('generated circle',#3427,1.75) ;
#3440=CIRCLE('generated circle',#3439,1.75) ;
#92=PLANE('',#91) ;
#647=PLANE('',#646) ;
#1148=PLANE('',#1147) ;
#2830=PLANE('',#2829) ;
#3142=PLANE('',#3141) ;
#3168=PLANE('',#3167) ;
#3453=PLANE('',#3452) ;
#35=CYLINDRICAL_SURFACE('generated cylinder',#34,1.75) ;
#568=CYLINDRICAL_SURFACE('generated cylinder',#567,3.) ;
#599=CYLINDRICAL_SURFACE('generated cylinder',#598,5.) ;
#623=CYLINDRICAL_SURFACE('generated cylinder',#622,18.) ;
#671=CYLINDRICAL_SURFACE('generated cylinder',#670,15.) ;
#695=CYLINDRICAL_SURFACE('generated cylinder',#694,22.5) ;
#719=CYLINDRICAL_SURFACE('generated cylinder',#718,5.) ;
#743=CYLINDRICAL_SURFACE('generated cylinder',#742,3.) ;
#767=CYLINDRICAL_SURFACE('generated cylinder',#766,5.) ;
#810=CYLINDRICAL_SURFACE('generated cylinder',#809,5.) ;
#834=CYLINDRICAL_SURFACE('generated cylinder',#833,3.) ;
#858=CYLINDRICAL_SURFACE('generated cylinder',#857,5.) ;
#882=CYLINDRICAL_SURFACE('generated cylinder',#881,22.5) ;
#906=CYLINDRICAL_SURFACE('generated cylinder',#905,5.) ;
#930=CYLINDRICAL_SURFACE('generated cylinder',#929,3.) ;
#954=CYLINDRICAL_SURFACE('generated cylinder',#953,5.) ;
#997=CYLINDRICAL_SURFACE('generated cylinder',#996,5.) ;
#1021=CYLINDRICAL_SURFACE('generated cylinder',#1020,18.) ;
#1045=CYLINDRICAL_SURFACE('generated cylinder',#1044,5.) ;
#1062=CYLINDRICAL_SURFACE('generated cylinder',#1061,1.) ;
#1093=CYLINDRICAL_SURFACE('generated cylinder',#1092,6.5) ;
#1117=CYLINDRICAL_SURFACE('generated cylinder',#1116,16.5) ;
#1172=CYLINDRICAL_SURFACE('generated cylinder',#1171,6.5) ;
#1203=CYLINDRICAL_SURFACE('generated cylinder',#1202,1.) ;
#1227=CYLINDRICAL_SURFACE('generated cylinder',#1226,3.) ;
#1251=CYLINDRICAL_SURFACE('generated cylinder',#1250,1.) ;
#1275=CYLINDRICAL_SURFACE('generated cylinder',#1274,6.5) ;
#1299=CYLINDRICAL_SURFACE('generated cylinder',#1298,6.5) ;
#1330=CYLINDRICAL_SURFACE('generated cylinder',#1329,6.5) ;
#1361=CYLINDRICAL_SURFACE('generated cylinder',#1360,1.) ;
#1385=CYLINDRICAL_SURFACE('generated cylinder',#1384,3.) ;
#1428=CYLINDRICAL_SURFACE('generated cylinder',#1427,1.) ;
#1452=CYLINDRICAL_SURFACE('generated cylinder',#1451,6.5) ;
#1476=CYLINDRICAL_SURFACE('generated cylinder',#1475,6.5) ;
#1507=CYLINDRICAL_SURFACE('generated cylinder',#1506,1.) ;
#1531=CYLINDRICAL_SURFACE('generated cylinder',#1530,3.) ;
#1555=CYLINDRICAL_SURFACE('generated cylinder',#1554,1.) ;
#1579=CYLINDRICAL_SURFACE('generated cylinder',#1578,6.5) ;
#1603=CYLINDRICAL_SURFACE('generated cylinder',#1602,6.5) ;
#1634=CYLINDRICAL_SURFACE('generated cylinder',#1633,1.) ;
#1658=CYLINDRICAL_SURFACE('generated cylinder',#1657,3.) ;
#1754=CYLINDRICAL_SURFACE('generated cylinder',#1753,0.5) ;
#3262=CYLINDRICAL_SURFACE('generated cylinder',#3261,1.75) ;
#3305=CYLINDRICAL_SURFACE('generated cylinder',#3304,1.75) ;
#3348=CYLINDRICAL_SURFACE('generated cylinder',#3347,21.) ;
#3360=CYLINDRICAL_SURFACE('generated cylinder',#3359,21.) ;
#3379=CYLINDRICAL_SURFACE('generated cylinder',#3378,16.5) ;
#3391=CYLINDRICAL_SURFACE('generated cylinder',#3390,16.5) ;
#3410=CYLINDRICAL_SURFACE('generated cylinder',#3409,1.75) ;
#2350=CONICAL_SURFACE('Cone',#2349,0.,0.785398163397) ;
#2400=CONICAL_SURFACE('Cone',#2399,0.,0.785398163397) ;
#2417=CONICAL_SURFACE('Cone',#2416,0.,0.785398163397) ;
#2467=CONICAL_SURFACE('Cone',#2466,0.,0.785398163397) ;
#2921=CONICAL_SURFACE('Cone',#2920,13.1286796564,0.785398163397) ;
#2952=CONICAL_SURFACE('Cone',#2951,13.1286796564,0.785398163397) ;
#3002=CONICAL_SURFACE('Cone',#3001,8.62867965644,0.785398163397) ;
#3040=CONICAL_SURFACE('Cone',#3039,8.62867965644,0.785398163397) ;
#2334=SPHERICAL_SURFACE('',#2333,2.) ;
#2607=SPHERICAL_SURFACE('',#2606,3.5) ;
#2976=SPHERICAL_SURFACE('',#2975,3.5) ;
#3157=SPHERICAL_SURFACE('',#3156,2.) ;
#1675=TOROIDAL_SURFACE('homeo Torus',#1674,2.5,0.5) ;
#1706=TOROIDAL_SURFACE('homeo Torus',#1705,5.5,0.5) ;
#1730=TOROIDAL_SURFACE('homeo Torus',#1729,17.5,0.5) ;
#1778=TOROIDAL_SURFACE('homeo Torus',#1777,15.5,0.5) ;
#1802=TOROIDAL_SURFACE('homeo Torus',#1801,22.,0.5) ;
#1826=TOROIDAL_SURFACE('homeo Torus',#1825,5.5,0.5) ;
#1850=TOROIDAL_SURFACE('homeo Torus',#1849,2.5,0.5) ;
#1874=TOROIDAL_SURFACE('homeo Torus',#1873,5.5,0.5) ;
#1898=TOROIDAL_SURFACE('homeo Torus',#1897,22.,0.5) ;
#1922=TOROIDAL_SURFACE('homeo Torus',#1921,5.5,0.5) ;
#1946=TOROIDAL_SURFACE('homeo Torus',#1945,2.5,0.5) ;
#1970=TOROIDAL_SURFACE('homeo Torus',#1969,5.5,0.5) ;
#1994=TOROIDAL_SURFACE('homeo Torus',#1993,22.,0.5) ;
#2018=TOROIDAL_SURFACE('homeo Torus',#2017,5.5,0.5) ;
#2042=TOROIDAL_SURFACE('homeo Torus',#2041,2.5,0.5) ;
#2066=TOROIDAL_SURFACE('homeo Torus',#2065,5.5,0.5) ;
#2090=TOROIDAL_SURFACE('homeo Torus',#2089,22.,0.5) ;
#2114=TOROIDAL_SURFACE('homeo Torus',#2113,5.5,0.5) ;
#2138=TOROIDAL_SURFACE('homeo Torus',#2137,17.5,0.5) ;
#2162=TOROIDAL_SURFACE('homeo Torus',#2161,5.5,0.5) ;
#2179=TOROIDAL_SURFACE('homeo Torus',#2178,15.0784271247,2.) ;
#2251=TOROIDAL_SURFACE('homeo Torus',#2250,19.5784271247,2.) ;
#2305=TOROIDAL_SURFACE('homeo Torus',#2304,19.5784271247,2.) ;
#3057=TOROIDAL_SURFACE('homeo Torus',#3056,19.5784271247,3.5) ;
#3081=TOROIDAL_SURFACE('homeo Torus',#3080,19.5784271247,3.5) ;
#3107=TOROIDAL_SURFACE('homeo Torus',#3106,15.0784271247,3.5) ;
#266=FACE_BOUND('',#263,.T.) ;
#284=FACE_BOUND('',#281,.T.) ;
#526=FACE_BOUND('',#495,.T.) ;
#544=FACE_BOUND('',#541,.T.) ;
#562=FACE_BOUND('',#559,.T.) ;
#3256=FACE_BOUND('',#3249,.T.) ;
#3480=FACE_BOUND('',#3477,.T.) ;
#3484=FACE_BOUND('',#3481,.T.) ;
#3492=FACE_BOUND('',#3485,.T.) ;
#3496=FACE_BOUND('',#3493,.T.) ;
#3500=FACE_BOUND('',#3497,.T.) ;
#44=EDGE_CURVE('',#41,#43,#39,.F.) ;
#51=EDGE_CURVE('',#41,#50,#48,.T.) ;
#58=EDGE_CURVE('',#50,#57,#55,.F.) ;
#63=EDGE_CURVE('',#43,#57,#62,.T.) ;
#75=EDGE_CURVE('',#50,#41,#74,.T.) ;
#80=EDGE_CURVE('',#57,#43,#79,.T.) ;
#101=EDGE_CURVE('',#98,#100,#96,.T.) ;
#108=EDGE_CURVE('',#100,#107,#105,.F.) ;
#115=EDGE_CURVE('',#107,#114,#112,.T.) ;
#122=EDGE_CURVE('',#114,#121,#119,.F.) ;
#129=EDGE_CURVE('',#121,#128,#126,.F.) ;
#136=EDGE_CURVE('',#128,#135,#133,.T.) ;
#143=EDGE_CURVE('',#135,#142,#140,.F.) ;
#150=EDGE_CURVE('',#142,#149,#147,.T.) ;
#157=EDGE_CURVE('',#149,#156,#154,.F.) ;
#164=EDGE_CURVE('',#156,#163,#161,.T.) ;
#171=EDGE_CURVE('',#163,#170,#168,.F.) ;
#178=EDGE_CURVE('',#170,#177,#175,.T.) ;
#185=EDGE_CURVE('',#177,#184,#182,.F.) ;
#192=EDGE_CURVE('',#184,#191,#189,.T.) ;
#199=EDGE_CURVE('',#191,#198,#196,.F.) ;
#206=EDGE_CURVE('',#198,#205,#203,.T.) ;
#213=EDGE_CURVE('',#205,#212,#210,.F.) ;
#220=EDGE_CURVE('',#212,#219,#217,.T.) ;
#227=EDGE_CURVE('',#219,#226,#224,.F.) ;
#234=EDGE_CURVE('',#226,#233,#231,.T.) ;
#239=EDGE_CURVE('',#233,#98,#238,.F.) ;
#275=EDGE_CURVE('',#272,#274,#270,.T.) ;
#280=EDGE_CURVE('',#274,#272,#279,.T.) ;
#293=EDGE_CURVE('',#290,#292,#288,.F.) ;
#300=EDGE_CURVE('',#292,#299,#297,.T.) ;
#307=EDGE_CURVE('',#306,#299,#304,.T.) ;
#314=EDGE_CURVE('',#306,#313,#311,.T.) ;
#321=EDGE_CURVE('',#313,#320,#318,.T.) ;
#328=EDGE_CURVE('',#327,#320,#325,.T.) ;
#335=EDGE_CURVE('',#327,#334,#332,.T.) ;
#342=EDGE_CURVE('',#334,#341,#339,.F.) ;
#349=EDGE_CURVE('',#341,#348,#346,.T.) ;
#356=EDGE_CURVE('',#348,#355,#353,.F.) ;
#363=EDGE_CURVE('',#355,#362,#360,.T.) ;
#370=EDGE_CURVE('',#369,#362,#367,.T.) ;
#377=EDGE_CURVE('',#369,#376,#374,.T.) ;
#384=EDGE_CURVE('',#383,#376,#381,.T.) ;
#391=EDGE_CURVE('',#383,#390,#388,.T.) ;
#398=EDGE_CURVE('',#390,#397,#395,.F.) ;
#405=EDGE_CURVE('',#397,#404,#402,.T.) ;
#412=EDGE_CURVE('',#404,#411,#409,.T.) ;
#419=EDGE_CURVE('',#411,#418,#416,.F.) ;
#426=EDGE_CURVE('',#418,#425,#423,.T.) ;
#433=EDGE_CURVE('',#432,#425,#430,.T.) ;
#440=EDGE_CURVE('',#432,#439,#437,.T.) ;
#447=EDGE_CURVE('',#439,#446,#444,.F.) ;
#454=EDGE_CURVE('',#446,#453,#451,.T.) ;
#461=EDGE_CURVE('',#453,#460,#458,.F.) ;
#468=EDGE_CURVE('',#460,#467,#465,.T.) ;
#475=EDGE_CURVE('',#474,#467,#472,.T.) ;
#482=EDGE_CURVE('',#474,#481,#479,.T.) ;
#489=EDGE_CURVE('',#481,#488,#486,.F.) ;
#494=EDGE_CURVE('',#488,#290,#493,.T.) ;
#535=EDGE_CURVE('',#532,#534,#530,.T.) ;
#540=EDGE_CURVE('',#534,#532,#539,.T.) ;
#553=EDGE_CURVE('',#550,#552,#548,.T.) ;
#558=EDGE_CURVE('',#552,#550,#557,.T.) ;
#575=EDGE_CURVE('',#100,#574,#572,.F.) ;
#582=EDGE_CURVE('',#98,#581,#579,.F.) ;
#587=EDGE_CURVE('',#581,#574,#586,.T.) ;
#606=EDGE_CURVE('',#574,#605,#603,.F.) ;
#611=EDGE_CURVE('',#107,#605,#610,.F.) ;
#630=EDGE_CURVE('',#114,#629,#627,.F.) ;
#635=EDGE_CURVE('',#605,#629,#634,.T.) ;
#654=EDGE_CURVE('',#121,#653,#651,.T.) ;
#659=EDGE_CURVE('',#629,#653,#658,.F.) ;
#678=EDGE_CURVE('',#653,#677,#675,.F.) ;
#683=EDGE_CURVE('',#128,#677,#682,.F.) ;
#702=EDGE_CURVE('',#135,#701,#699,.F.) ;
#707=EDGE_CURVE('',#677,#701,#706,.T.) ;
#726=EDGE_CURVE('',#701,#725,#723,.F.) ;
#731=EDGE_CURVE('',#142,#725,#730,.F.) ;
#750=EDGE_CURVE('',#149,#749,#747,.F.) ;
#755=EDGE_CURVE('',#725,#749,#754,.T.) ;
#774=EDGE_CURVE('',#749,#773,#771,.F.) ;
#779=EDGE_CURVE('',#156,#773,#778,.F.) ;
#793=EDGE_CURVE('',#163,#792,#790,.F.) ;
#798=EDGE_CURVE('',#773,#792,#797,.T.) ;
#817=EDGE_CURVE('',#792,#816,#814,.F.) ;
#822=EDGE_CURVE('',#170,#816,#821,.F.) ;
#841=EDGE_CURVE('',#177,#840,#838,.F.) ;
#846=EDGE_CURVE('',#816,#840,#845,.T.) ;
#865=EDGE_CURVE('',#840,#864,#862,.F.) ;
#870=EDGE_CURVE('',#184,#864,#869,.F.) ;
#889=EDGE_CURVE('',#191,#888,#886,.F.) ;
#894=EDGE_CURVE('',#864,#888,#893,.T.) ;
#913=EDGE_CURVE('',#888,#912,#910,.F.) ;
#918=EDGE_CURVE('',#912,#198,#917,.T.) ;
#937=EDGE_CURVE('',#936,#205,#934,.T.) ;
#942=EDGE_CURVE('',#912,#936,#941,.T.) ;
#961=EDGE_CURVE('',#936,#960,#958,.F.) ;
#966=EDGE_CURVE('',#212,#960,#965,.F.) ;
#980=EDGE_CURVE('',#219,#979,#977,.F.) ;
#985=EDGE_CURVE('',#960,#979,#984,.T.) ;
#1004=EDGE_CURVE('',#979,#1003,#1001,.F.) ;
#1009=EDGE_CURVE('',#226,#1003,#1008,.F.) ;
#1028=EDGE_CURVE('',#233,#1027,#1025,.F.) ;
#1033=EDGE_CURVE('',#1003,#1027,#1032,.T.) ;
#1050=EDGE_CURVE('',#1027,#581,#1049,.F.) ;
#1069=EDGE_CURVE('',#1068,#290,#1066,.F.) ;
#1076=EDGE_CURVE('',#1075,#1068,#1073,.F.) ;
#1081=EDGE_CURVE('',#1075,#292,#1080,.F.) ;
#1100=EDGE_CURVE('',#1075,#1099,#1097,.T.) ;
#1105=EDGE_CURVE('',#299,#1099,#1104,.F.) ;
#1124=EDGE_CURVE('',#306,#1123,#1121,.F.) ;
#1131=EDGE_CURVE('',#1123,#1130,#1128,.T.) ;
#1136=EDGE_CURVE('',#313,#1130,#1135,.F.) ;
#1155=EDGE_CURVE('',#1130,#1154,#1152,.T.) ;
#1160=EDGE_CURVE('',#320,#1154,#1159,.T.) ;
#1179=EDGE_CURVE('',#327,#1178,#1176,.F.) ;
#1186=EDGE_CURVE('',#1178,#1185,#1183,.T.) ;
#1191=EDGE_CURVE('',#1185,#334,#1190,.T.) ;
#1210=EDGE_CURVE('',#1209,#1185,#1207,.F.) ;
#1215=EDGE_CURVE('',#1209,#341,#1214,.F.) ;
#1234=EDGE_CURVE('',#1209,#1233,#1231,.T.) ;
#1239=EDGE_CURVE('',#348,#1233,#1238,.F.) ;
#1258=EDGE_CURVE('',#355,#1257,#1255,.F.) ;
#1263=EDGE_CURVE('',#1257,#1233,#1262,.T.) ;
#1282=EDGE_CURVE('',#1257,#1281,#1279,.T.) ;
#1287=EDGE_CURVE('',#362,#1281,#1286,.F.) ;
#1306=EDGE_CURVE('',#369,#1305,#1303,.F.) ;
#1313=EDGE_CURVE('',#1305,#1312,#1310,.T.) ;
#1318=EDGE_CURVE('',#376,#1312,#1317,.F.) ;
#1337=EDGE_CURVE('',#383,#1336,#1334,.F.) ;
#1344=EDGE_CURVE('',#1336,#1343,#1341,.T.) ;
#1349=EDGE_CURVE('',#390,#1343,#1348,.F.) ;
#1368=EDGE_CURVE('',#397,#1367,#1365,.F.) ;
#1373=EDGE_CURVE('',#1367,#1343,#1372,.T.) ;
#1392=EDGE_CURVE('',#1367,#1391,#1389,.T.) ;
#1397=EDGE_CURVE('',#404,#1391,#1396,.F.) ;
#1411=EDGE_CURVE('',#1391,#1410,#1408,.T.) ;
#1416=EDGE_CURVE('',#1410,#411,#1415,.T.) ;
#1435=EDGE_CURVE('',#1434,#1410,#1432,.F.) ;
#1440=EDGE_CURVE('',#1434,#418,#1439,.F.) ;
#1459=EDGE_CURVE('',#1434,#1458,#1456,.T.) ;
#1464=EDGE_CURVE('',#425,#1458,#1463,.F.) ;
#1483=EDGE_CURVE('',#432,#1482,#1480,.F.) ;
#1490=EDGE_CURVE('',#1482,#1489,#1487,.T.) ;
#1495=EDGE_CURVE('',#439,#1489,#1494,.F.) ;
#1514=EDGE_CURVE('',#446,#1513,#1511,.F.) ;
#1519=EDGE_CURVE('',#1513,#1489,#1518,.T.) ;
#1538=EDGE_CURVE('',#1513,#1537,#1535,.T.) ;
#1543=EDGE_CURVE('',#1537,#453,#1542,.T.) ;
#1562=EDGE_CURVE('',#1561,#1537,#1559,.F.) ;
#1567=EDGE_CURVE('',#1561,#460,#1566,.F.) ;
#1586=EDGE_CURVE('',#1561,#1585,#1583,.T.) ;
#1591=EDGE_CURVE('',#467,#1585,#1590,.F.) ;
#1610=EDGE_CURVE('',#474,#1609,#1607,.F.) ;
#1617=EDGE_CURVE('',#1609,#1616,#1614,.T.) ;
#1622=EDGE_CURVE('',#481,#1616,#1621,.F.) ;
#1641=EDGE_CURVE('',#488,#1640,#1638,.F.) ;
#1646=EDGE_CURVE('',#1640,#1616,#1645,.T.) ;
#1663=EDGE_CURVE('',#1640,#1068,#1662,.T.) ;
#1682=EDGE_CURVE('',#581,#1681,#1679,.F.) ;
#1689=EDGE_CURVE('',#1681,#1688,#1686,.T.) ;
#1694=EDGE_CURVE('',#574,#1688,#1693,.F.) ;
#1713=EDGE_CURVE('',#1688,#1712,#1710,.F.) ;
#1718=EDGE_CURVE('',#605,#1712,#1717,.T.) ;
#1737=EDGE_CURVE('',#1712,#1736,#1734,.T.) ;
#1742=EDGE_CURVE('',#629,#1736,#1741,.F.) ;
#1761=EDGE_CURVE('',#1736,#1760,#1758,.F.) ;
#1766=EDGE_CURVE('',#653,#1760,#1765,.F.) ;
#1785=EDGE_CURVE('',#1760,#1784,#1782,.F.) ;
#1790=EDGE_CURVE('',#677,#1784,#1789,.T.) ;
#1809=EDGE_CURVE('',#1784,#1808,#1806,.T.) ;
#1814=EDGE_CURVE('',#701,#1808,#1813,.F.) ;
#1833=EDGE_CURVE('',#1808,#1832,#1830,.F.) ;
#1838=EDGE_CURVE('',#725,#1832,#1837,.T.) ;
#1857=EDGE_CURVE('',#1832,#1856,#1854,.T.) ;
#1862=EDGE_CURVE('',#749,#1856,#1861,.F.) ;
#1881=EDGE_CURVE('',#1856,#1880,#1878,.F.) ;
#1886=EDGE_CURVE('',#773,#1880,#1885,.T.) ;
#1905=EDGE_CURVE('',#1880,#1904,#1902,.T.) ;
#1910=EDGE_CURVE('',#792,#1904,#1909,.F.) ;
#1929=EDGE_CURVE('',#1904,#1928,#1926,.F.) ;
#1934=EDGE_CURVE('',#816,#1928,#1933,.T.) ;
#1953=EDGE_CURVE('',#1928,#1952,#1950,.T.) ;
#1958=EDGE_CURVE('',#840,#1952,#1957,.F.) ;
#1977=EDGE_CURVE('',#1952,#1976,#1974,.F.) ;
#1982=EDGE_CURVE('',#864,#1976,#1981,.T.) ;
#2001=EDGE_CURVE('',#1976,#2000,#1998,.T.) ;
#2006=EDGE_CURVE('',#888,#2000,#2005,.F.) ;
#2025=EDGE_CURVE('',#2000,#2024,#2022,.F.) ;
#2030=EDGE_CURVE('',#912,#2024,#2029,.T.) ;
#2049=EDGE_CURVE('',#2024,#2048,#2046,.T.) ;
#2054=EDGE_CURVE('',#936,#2048,#2053,.F.) ;
#2073=EDGE_CURVE('',#2048,#2072,#2070,.F.) ;
#2078=EDGE_CURVE('',#960,#2072,#2077,.T.) ;
#2097=EDGE_CURVE('',#2072,#2096,#2094,.T.) ;
#2102=EDGE_CURVE('',#979,#2096,#2101,.F.) ;
#2121=EDGE_CURVE('',#2096,#2120,#2118,.F.) ;
#2126=EDGE_CURVE('',#1003,#2120,#2125,.T.) ;
#2145=EDGE_CURVE('',#2120,#2144,#2142,.T.) ;
#2150=EDGE_CURVE('',#1027,#2144,#2149,.F.) ;
#2167=EDGE_CURVE('',#2144,#1681,#2166,.F.) ;
#2188=EDGE_CURVE('',#2185,#2187,#2183,.T.) ;
#2195=EDGE_CURVE('',#2194,#2185,#2192,.T.) ;
#2202=EDGE_CURVE('',#2201,#2194,#2199,.F.) ;
#2209=EDGE_CURVE('',#2201,#2208,#2206,.T.) ;
#2216=EDGE_CURVE('',#2208,#2215,#2213,.T.) ;
#2223=EDGE_CURVE('',#2215,#2222,#2220,.T.) ;
#2230=EDGE_CURVE('',#2222,#2229,#2227,.F.) ;
#2235=EDGE_CURVE('',#2187,#2229,#2234,.T.) ;
#2258=EDGE_CURVE('',#2257,#2194,#2255,.F.) ;
#2265=EDGE_CURVE('',#2264,#2194,#2262,.T.) ;
#2272=EDGE_CURVE('',#2271,#2264,#2269,.T.) ;
#2279=EDGE_CURVE('',#2278,#2271,#2276,.F.) ;
#2286=EDGE_CURVE('',#2278,#2285,#2283,.T.) ;
#2291=EDGE_CURVE('',#2285,#2257,#2290,.T.) ;
#2312=EDGE_CURVE('',#2229,#2311,#2309,.T.) ;
#2317=EDGE_CURVE('',#2311,#2278,#2316,.T.) ;
#2322=EDGE_CURVE('',#2229,#2271,#2321,.T.) ;
#2339=EDGE_CURVE('',#2222,#2311,#2338,.F.) ;
#2367=EDGE_CURVE('',#2222,#2201,#2351,.F.) ;
#2374=EDGE_CURVE('',#2373,#2215,#2371,.T.) ;
#2381=EDGE_CURVE('',#2380,#2373,#2378,.T.) ;
#2386=EDGE_CURVE('',#2380,#2208,#2385,.T.) ;
#2405=EDGE_CURVE('',#2373,#2380,#2404,.T.) ;
#2434=EDGE_CURVE('',#2311,#2257,#2418,.F.) ;
#2441=EDGE_CURVE('',#2440,#2285,#2438,.T.) ;
#2448=EDGE_CURVE('',#2447,#2440,#2445,.T.) ;
#2453=EDGE_CURVE('',#2447,#2278,#2452,.T.) ;
#2472=EDGE_CURVE('',#2440,#2447,#2471,.T.) ;
#2595=EDGE_CURVE('',#2201,#2257,#2589,.F.) ;
#2619=EDGE_CURVE('',#2616,#2618,#2608,.T.) ;
#2626=EDGE_CURVE('',#2618,#2625,#2623,.T.) ;
#2631=EDGE_CURVE('',#2616,#2625,#2630,.T.) ;
#2784=EDGE_CURVE('',#2781,#2783,#2774,.T.) ;
#2801=EDGE_CURVE('',#2783,#2625,#2785,.T.) ;
#2818=EDGE_CURVE('',#2781,#2618,#2802,.T.) ;
#2851=EDGE_CURVE('',#2848,#2850,#2831,.T.) ;
#2868=EDGE_CURVE('',#2850,#2848,#2852,.T.) ;
#2894=EDGE_CURVE('',#2891,#2893,#2874,.T.) ;
#2911=EDGE_CURVE('',#2893,#2891,#2895,.T.) ;
#2928=EDGE_CURVE('',#2927,#2893,#2925,.F.) ;
#2935=EDGE_CURVE('',#2927,#2934,#2932,.F.) ;
#2940=EDGE_CURVE('',#2934,#2891,#2939,.F.) ;
#2957=EDGE_CURVE('',#2934,#2781,#2956,.F.) ;
#2962=EDGE_CURVE('',#2618,#2927,#2961,.F.) ;
#2986=EDGE_CURVE('',#2985,#2781,#2977,.T.) ;
#2991=EDGE_CURVE('',#2985,#2783,#2990,.T.) ;
#3009=EDGE_CURVE('',#3008,#2850,#3006,.F.) ;
#3016=EDGE_CURVE('',#3015,#2848,#3013,.F.) ;
#3021=EDGE_CURVE('',#3015,#2625,#3020,.F.) ;
#3026=EDGE_CURVE('',#2783,#3008,#3025,.F.) ;
#3045=EDGE_CURVE('',#3008,#3015,#3044,.F.) ;
#3064=EDGE_CURVE('',#2616,#3063,#3061,.T.) ;
#3069=EDGE_CURVE('',#3063,#2927,#3068,.T.) ;
#3088=EDGE_CURVE('',#3063,#3087,#3085,.T.) ;
#3093=EDGE_CURVE('',#3087,#2985,#3092,.T.) ;
#3114=EDGE_CURVE('',#2985,#3113,#3111,.T.) ;
#3121=EDGE_CURVE('',#3113,#3120,#3118,.T.) ;
#3126=EDGE_CURVE('',#3120,#2616,#3125,.T.) ;
#3176=EDGE_CURVE('',#1585,#1609,#3169,.F.) ;
#3184=EDGE_CURVE('',#1482,#1458,#3177,.T.) ;
#3191=EDGE_CURVE('',#1312,#1336,#3185,.F.) ;
#3202=EDGE_CURVE('',#1305,#1281,#3192,.T.) ;
#3210=EDGE_CURVE('',#1178,#1154,#3203,.T.) ;
#3216=EDGE_CURVE('',#1099,#1123,#3211,.F.) ;
#3269=EDGE_CURVE('',#552,#3268,#3266,.F.) ;
#3276=EDGE_CURVE('',#550,#3275,#3273,.F.) ;
#3281=EDGE_CURVE('',#3268,#3275,#3280,.T.) ;
#3293=EDGE_CURVE('',#3275,#3268,#3292,.T.) ;
#3312=EDGE_CURVE('',#534,#3311,#3309,.F.) ;
#3319=EDGE_CURVE('',#532,#3318,#3316,.F.) ;
#3324=EDGE_CURVE('',#3311,#3318,#3323,.T.) ;
#3336=EDGE_CURVE('',#3318,#3311,#3335,.T.) ;
#3417=EDGE_CURVE('',#274,#3416,#3414,.F.) ;
#3424=EDGE_CURVE('',#272,#3423,#3421,.F.) ;
#3429=EDGE_CURVE('',#3416,#3423,#3428,.T.) ;
#3441=EDGE_CURVE('',#3423,#3416,#3440,.T.) ;
#30=CLOSED_SHELL('Closed Shell',(#70,#87,#563,#594,#618,#642,#666,#690,#714,#738,#762,#786,#805,#829,#853,#877,#901,#925,#949,#973,#992,#1016,#1040,#1057,#1088,#1112,#1143,#1167,#1198,#1222,#1246,#1270,#1294,#1325,#1356,#1380,#1404,#1423,#1447,#1471,#1502,#1526,#1550,#1574,#1598,#1629,#1653,#1670,#1701,#1725,#1749,#1773,#1797,#1821,#1845,#1869,#1893,#1917,#1941,#1965,#1989,#2013,#2037,#2061,#2085,#2109,#2133,#2157,#2174,#2246,#2300,#2329,#2345,#2395,#2412,#2462,#2479,#2602,#2637,#2825,#2873,#2916,#2947,#2971,#2997,#3035,#3052,#3076,#3102,#3137,#3147,#3152,#3163,#3257,#3288,#3300,#3331,#3343,#3355,#3367,#3374,#3386,#3398,#3405,#3436,#3448,#3501)) ;
#3503=SHAPE_REPRESENTATION_RELATIONSHIP(' ',' ',#19,#3502) ;
#64=EDGE_LOOP('',(#65,#66,#67,#68)) ;
#81=EDGE_LOOP('',(#82,#83,#84,#85)) ;
#240=EDGE_LOOP('',(#241,#242,#243,#244,#245,#246,#247,#248,#249,#250,#251,#252,#253,#254,#255,#256,#257,#258,#259,#260,#261)) ;
#263=EDGE_LOOP('',(#264,#265)) ;
#281=EDGE_LOOP('',(#282,#283)) ;
#495=EDGE_LOOP('',(#496,#497,#498,#499,#500,#501,#502,#503,#504,#505,#506,#507,#508,#509,#510,#511,#512,#513,#514,#515,#516,#517,#518,#519,#520,#521,#522,#523,#524,#525)) ;
#541=EDGE_LOOP('',(#542,#543)) ;
#559=EDGE_LOOP('',(#560,#561)) ;
#588=EDGE_LOOP('',(#589,#590,#591,#592)) ;
#612=EDGE_LOOP('',(#613,#614,#615,#616)) ;
#636=EDGE_LOOP('',(#637,#638,#639,#640)) ;
#660=EDGE_LOOP('',(#661,#662,#663,#664)) ;
#684=EDGE_LOOP('',(#685,#686,#687,#688)) ;
#708=EDGE_LOOP('',(#709,#710,#711,#712)) ;
#732=EDGE_LOOP('',(#733,#734,#735,#736)) ;
#756=EDGE_LOOP('',(#757,#758,#759,#760)) ;
#780=EDGE_LOOP('',(#781,#782,#783,#784)) ;
#799=EDGE_LOOP('',(#800,#801,#802,#803)) ;
#823=EDGE_LOOP('',(#824,#825,#826,#827)) ;
#847=EDGE_LOOP('',(#848,#849,#850,#851)) ;
#871=EDGE_LOOP('',(#872,#873,#874,#875)) ;
#895=EDGE_LOOP('',(#896,#897,#898,#899)) ;
#919=EDGE_LOOP('',(#920,#921,#922,#923)) ;
#943=EDGE_LOOP('',(#944,#945,#946,#947)) ;
#967=EDGE_LOOP('',(#968,#969,#970,#971)) ;
#986=EDGE_LOOP('',(#987,#988,#989,#990)) ;
#1010=EDGE_LOOP('',(#1011,#1012,#1013,#1014)) ;
#1034=EDGE_LOOP('',(#1035,#1036,#1037,#1038)) ;
#1051=EDGE_LOOP('',(#1052,#1053,#1054,#1055)) ;
#1082=EDGE_LOOP('',(#1083,#1084,#1085,#1086)) ;
#1106=EDGE_LOOP('',(#1107,#1108,#1109,#1110)) ;
#1137=EDGE_LOOP('',(#1138,#1139,#1140,#1141)) ;
#1161=EDGE_LOOP('',(#1162,#1163,#1164,#1165)) ;
#1192=EDGE_LOOP('',(#1193,#1194,#1195,#1196)) ;
#1216=EDGE_LOOP('',(#1217,#1218,#1219,#1220)) ;
#1240=EDGE_LOOP('',(#1241,#1242,#1243,#1244)) ;
#1264=EDGE_LOOP('',(#1265,#1266,#1267,#1268)) ;
#1288=EDGE_LOOP('',(#1289,#1290,#1291,#1292)) ;
#1319=EDGE_LOOP('',(#1320,#1321,#1322,#1323)) ;
#1350=EDGE_LOOP('',(#1351,#1352,#1353,#1354)) ;
#1374=EDGE_LOOP('',(#1375,#1376,#1377,#1378)) ;
#1398=EDGE_LOOP('',(#1399,#1400,#1401,#1402)) ;
#1417=EDGE_LOOP('',(#1418,#1419,#1420,#1421)) ;
#1441=EDGE_LOOP('',(#1442,#1443,#1444,#1445)) ;
#1465=EDGE_LOOP('',(#1466,#1467,#1468,#1469)) ;
#1496=EDGE_LOOP('',(#1497,#1498,#1499,#1500)) ;
#1520=EDGE_LOOP('',(#1521,#1522,#1523,#1524)) ;
#1544=EDGE_LOOP('',(#1545,#1546,#1547,#1548)) ;
#1568=EDGE_LOOP('',(#1569,#1570,#1571,#1572)) ;
#1592=EDGE_LOOP('',(#1593,#1594,#1595,#1596)) ;
#1623=EDGE_LOOP('',(#1624,#1625,#1626,#1627)) ;
#1647=EDGE_LOOP('',(#1648,#1649,#1650,#1651)) ;
#1664=EDGE_LOOP('',(#1665,#1666,#1667,#1668)) ;
#1695=EDGE_LOOP('',(#1696,#1697,#1698,#1699)) ;
#1719=EDGE_LOOP('',(#1720,#1721,#1722,#1723)) ;
#1743=EDGE_LOOP('',(#1744,#1745,#1746,#1747)) ;
#1767=EDGE_LOOP('',(#1768,#1769,#1770,#1771)) ;
#1791=EDGE_LOOP('',(#1792,#1793,#1794,#1795)) ;
#1815=EDGE_LOOP('',(#1816,#1817,#1818,#1819)) ;
#1839=EDGE_LOOP('',(#1840,#1841,#1842,#1843)) ;
#1863=EDGE_LOOP('',(#1864,#1865,#1866,#1867)) ;
#1887=EDGE_LOOP('',(#1888,#1889,#1890,#1891)) ;
#1911=EDGE_LOOP('',(#1912,#1913,#1914,#1915)) ;
#1935=EDGE_LOOP('',(#1936,#1937,#1938,#1939)) ;
#1959=EDGE_LOOP('',(#1960,#1961,#1962,#1963)) ;
#1983=EDGE_LOOP('',(#1984,#1985,#1986,#1987)) ;
#2007=EDGE_LOOP('',(#2008,#2009,#2010,#2011)) ;
#2031=EDGE_LOOP('',(#2032,#2033,#2034,#2035)) ;
#2055=EDGE_LOOP('',(#2056,#2057,#2058,#2059)) ;
#2079=EDGE_LOOP('',(#2080,#2081,#2082,#2083)) ;
#2103=EDGE_LOOP('',(#2104,#2105,#2106,#2107)) ;
#2127=EDGE_LOOP('',(#2128,#2129,#2130,#2131)) ;
#2151=EDGE_LOOP('',(#2152,#2153,#2154,#2155)) ;
#2168=EDGE_LOOP('',(#2169,#2170,#2171,#2172)) ;
#2236=EDGE_LOOP('',(#2237,#2238,#2239,#2240,#2241,#2242,#2243,#2244)) ;
#2292=EDGE_LOOP('',(#2293,#2294,#2295,#2296,#2297,#2298)) ;
#2323=EDGE_LOOP('',(#2324,#2325,#2326,#2327)) ;
#2340=EDGE_LOOP('',(#2341,#2342,#2343)) ;
#2387=EDGE_LOOP('',(#2388,#2389,#2390,#2391,#2392,#2393)) ;
#2406=EDGE_LOOP('',(#2407,#2408,#2409,#2410)) ;
#2454=EDGE_LOOP('',(#2455,#2456,#2457,#2458,#2459,#2460)) ;
#2473=EDGE_LOOP('',(#2474,#2475,#2476,#2477)) ;
#2596=EDGE_LOOP('',(#2597,#2598,#2599,#2600)) ;
#2632=EDGE_LOOP('',(#2633,#2634,#2635)) ;
#2819=EDGE_LOOP('',(#2820,#2821,#2822,#2823)) ;
#2869=EDGE_LOOP('',(#2870,#2871)) ;
#2912=EDGE_LOOP('',(#2913,#2914)) ;
#2941=EDGE_LOOP('',(#2942,#2943,#2944,#2945)) ;
#2963=EDGE_LOOP('',(#2964,#2965,#2966,#2967,#2968,#2969)) ;
#2992=EDGE_LOOP('',(#2993,#2994,#2995)) ;
#3027=EDGE_LOOP('',(#3028,#3029,#3030,#3031,#3032,#3033)) ;
#3046=EDGE_LOOP('',(#3047,#3048,#3049,#3050)) ;
#3070=EDGE_LOOP('',(#3071,#3072,#3073,#3074)) ;
#3094=EDGE_LOOP('',(#3095,#3096,#3097,#3098,#3099,#3100)) ;
#3127=EDGE_LOOP('',(#3128,#3129,#3130,#3131,#3132,#3133,#3134,#3135)) ;
#3143=EDGE_LOOP('',(#3144,#3145)) ;
#3148=EDGE_LOOP('',(#3149,#3150)) ;
#3158=EDGE_LOOP('',(#3159,#3160,#3161)) ;
#3217=EDGE_LOOP('',(#3218,#3219,#3220,#3221,#3222,#3223,#3224,#3225,#3226,#3227,#3228,#3229,#3230,#3231,#3232,#3233,#3234,#3235,#3236,#3237,#3238,#3239,#3240,#3241,#3242,#3243,#3244,#3245,#3246,#3247)) ;
#3249=EDGE_LOOP('',(#3250,#3251,#3252,#3253,#3254,#3255)) ;
#3282=EDGE_LOOP('',(#3283,#3284,#3285,#3286)) ;
#3294=EDGE_LOOP('',(#3295,#3296,#3297,#3298)) ;
#3325=EDGE_LOOP('',(#3326,#3327,#3328,#3329)) ;
#3337=EDGE_LOOP('',(#3338,#3339,#3340,#3341)) ;
#3349=EDGE_LOOP('',(#3350,#3351,#3352,#3353)) ;
#3361=EDGE_LOOP('',(#3362,#3363,#3364,#3365)) ;
#3368=EDGE_LOOP('',(#3369,#3370,#3371,#3372)) ;
#3380=EDGE_LOOP('',(#3381,#3382,#3383,#3384)) ;
#3392=EDGE_LOOP('',(#3393,#3394,#3395,#3396)) ;
#3399=EDGE_LOOP('',(#3400,#3401,#3402,#3403)) ;
#3430=EDGE_LOOP('',(#3431,#3432,#3433,#3434)) ;
#3442=EDGE_LOOP('',(#3443,#3444,#3445,#3446)) ;
#3454=EDGE_LOOP('',(#3455,#3456,#3457,#3458,#3459,#3460,#3461,#3462,#3463,#3464,#3465,#3466,#3467,#3468,#3469,#3470,#3471,#3472,#3473,#3474,#3475)) ;
#3477=EDGE_LOOP('',(#3478,#3479)) ;
#3481=EDGE_LOOP('',(#3482,#3483)) ;
#3485=EDGE_LOOP('',(#3486,#3487,#3488,#3489,#3490,#3491)) ;
#3493=EDGE_LOOP('',(#3494,#3495)) ;
#3497=EDGE_LOOP('',(#3498,#3499)) ;
#65=ORIENTED_EDGE('',*,*,#44,.F.) ;
#66=ORIENTED_EDGE('',*,*,#51,.T.) ;
#67=ORIENTED_EDGE('',*,*,#58,.T.) ;
#68=ORIENTED_EDGE('',*,*,#63,.F.) ;
#82=ORIENTED_EDGE('',*,*,#58,.F.) ;
#83=ORIENTED_EDGE('',*,*,#75,.T.) ;
#84=ORIENTED_EDGE('',*,*,#44,.T.) ;
#85=ORIENTED_EDGE('',*,*,#80,.F.) ;
#241=ORIENTED_EDGE('',*,*,#101,.T.) ;
#242=ORIENTED_EDGE('',*,*,#108,.T.) ;
#243=ORIENTED_EDGE('',*,*,#115,.T.) ;
#244=ORIENTED_EDGE('',*,*,#122,.T.) ;
#245=ORIENTED_EDGE('',*,*,#129,.T.) ;
#246=ORIENTED_EDGE('',*,*,#136,.T.) ;
#247=ORIENTED_EDGE('',*,*,#143,.T.) ;
#248=ORIENTED_EDGE('',*,*,#150,.T.) ;
#249=ORIENTED_EDGE('',*,*,#157,.T.) ;
#250=ORIENTED_EDGE('',*,*,#164,.T.) ;
#251=ORIENTED_EDGE('',*,*,#171,.T.) ;
#252=ORIENTED_EDGE('',*,*,#178,.T.) ;
#253=ORIENTED_EDGE('',*,*,#185,.T.) ;
#254=ORIENTED_EDGE('',*,*,#192,.T.) ;
#255=ORIENTED_EDGE('',*,*,#199,.T.) ;
#256=ORIENTED_EDGE('',*,*,#206,.T.) ;
#257=ORIENTED_EDGE('',*,*,#213,.T.) ;
#258=ORIENTED_EDGE('',*,*,#220,.T.) ;
#259=ORIENTED_EDGE('',*,*,#227,.T.) ;
#260=ORIENTED_EDGE('',*,*,#234,.T.) ;
#261=ORIENTED_EDGE('',*,*,#239,.T.) ;
#264=ORIENTED_EDGE('',*,*,#75,.F.) ;
#265=ORIENTED_EDGE('',*,*,#51,.F.) ;
#282=ORIENTED_EDGE('',*,*,#275,.F.) ;
#283=ORIENTED_EDGE('',*,*,#280,.F.) ;
#496=ORIENTED_EDGE('',*,*,#293,.T.) ;
#497=ORIENTED_EDGE('',*,*,#300,.T.) ;
#498=ORIENTED_EDGE('',*,*,#307,.F.) ;
#499=ORIENTED_EDGE('',*,*,#314,.T.) ;
#500=ORIENTED_EDGE('',*,*,#321,.T.) ;
#501=ORIENTED_EDGE('',*,*,#328,.F.) ;
#502=ORIENTED_EDGE('',*,*,#335,.T.) ;
#503=ORIENTED_EDGE('',*,*,#342,.T.) ;
#504=ORIENTED_EDGE('',*,*,#349,.T.) ;
#505=ORIENTED_EDGE('',*,*,#356,.T.) ;
#506=ORIENTED_EDGE('',*,*,#363,.T.) ;
#507=ORIENTED_EDGE('',*,*,#370,.F.) ;
#508=ORIENTED_EDGE('',*,*,#377,.T.) ;
#509=ORIENTED_EDGE('',*,*,#384,.F.) ;
#510=ORIENTED_EDGE('',*,*,#391,.T.) ;
#511=ORIENTED_EDGE('',*,*,#398,.T.) ;
#512=ORIENTED_EDGE('',*,*,#405,.T.) ;
#513=ORIENTED_EDGE('',*,*,#412,.T.) ;
#514=ORIENTED_EDGE('',*,*,#419,.T.) ;
#515=ORIENTED_EDGE('',*,*,#426,.T.) ;
#516=ORIENTED_EDGE('',*,*,#433,.F.) ;
#517=ORIENTED_EDGE('',*,*,#440,.T.) ;
#518=ORIENTED_EDGE('',*,*,#447,.T.) ;
#519=ORIENTED_EDGE('',*,*,#454,.T.) ;
#520=ORIENTED_EDGE('',*,*,#461,.T.) ;
#521=ORIENTED_EDGE('',*,*,#468,.T.) ;
#522=ORIENTED_EDGE('',*,*,#475,.F.) ;
#523=ORIENTED_EDGE('',*,*,#482,.T.) ;
#524=ORIENTED_EDGE('',*,*,#489,.T.) ;
#525=ORIENTED_EDGE('',*,*,#494,.T.) ;
#542=ORIENTED_EDGE('',*,*,#535,.F.) ;
#543=ORIENTED_EDGE('',*,*,#540,.F.) ;
#560=ORIENTED_EDGE('',*,*,#553,.F.) ;
#561=ORIENTED_EDGE('',*,*,#558,.F.) ;
#589=ORIENTED_EDGE('',*,*,#575,.F.) ;
#590=ORIENTED_EDGE('',*,*,#101,.F.) ;
#591=ORIENTED_EDGE('',*,*,#582,.T.) ;
#592=ORIENTED_EDGE('',*,*,#587,.T.) ;
#613=ORIENTED_EDGE('',*,*,#606,.T.) ;
#614=ORIENTED_EDGE('',*,*,#611,.F.) ;
#615=ORIENTED_EDGE('',*,*,#108,.F.) ;
#616=ORIENTED_EDGE('',*,*,#575,.T.) ;
#637=ORIENTED_EDGE('',*,*,#630,.F.) ;
#638=ORIENTED_EDGE('',*,*,#115,.F.) ;
#639=ORIENTED_EDGE('',*,*,#611,.T.) ;
#640=ORIENTED_EDGE('',*,*,#635,.T.) ;
#661=ORIENTED_EDGE('',*,*,#654,.F.) ;
#662=ORIENTED_EDGE('',*,*,#122,.F.) ;
#663=ORIENTED_EDGE('',*,*,#630,.T.) ;
#664=ORIENTED_EDGE('',*,*,#659,.T.) ;
#685=ORIENTED_EDGE('',*,*,#678,.T.) ;
#686=ORIENTED_EDGE('',*,*,#683,.F.) ;
#687=ORIENTED_EDGE('',*,*,#129,.F.) ;
#688=ORIENTED_EDGE('',*,*,#654,.T.) ;
#709=ORIENTED_EDGE('',*,*,#702,.F.) ;
#710=ORIENTED_EDGE('',*,*,#136,.F.) ;
#711=ORIENTED_EDGE('',*,*,#683,.T.) ;
#712=ORIENTED_EDGE('',*,*,#707,.T.) ;
#733=ORIENTED_EDGE('',*,*,#726,.T.) ;
#734=ORIENTED_EDGE('',*,*,#731,.F.) ;
#735=ORIENTED_EDGE('',*,*,#143,.F.) ;
#736=ORIENTED_EDGE('',*,*,#702,.T.) ;
#757=ORIENTED_EDGE('',*,*,#750,.F.) ;
#758=ORIENTED_EDGE('',*,*,#150,.F.) ;
#759=ORIENTED_EDGE('',*,*,#731,.T.) ;
#760=ORIENTED_EDGE('',*,*,#755,.T.) ;
#781=ORIENTED_EDGE('',*,*,#774,.T.) ;
#782=ORIENTED_EDGE('',*,*,#779,.F.) ;
#783=ORIENTED_EDGE('',*,*,#157,.F.) ;
#784=ORIENTED_EDGE('',*,*,#750,.T.) ;
#800=ORIENTED_EDGE('',*,*,#793,.F.) ;
#801=ORIENTED_EDGE('',*,*,#164,.F.) ;
#802=ORIENTED_EDGE('',*,*,#779,.T.) ;
#803=ORIENTED_EDGE('',*,*,#798,.T.) ;
#824=ORIENTED_EDGE('',*,*,#817,.T.) ;
#825=ORIENTED_EDGE('',*,*,#822,.F.) ;
#826=ORIENTED_EDGE('',*,*,#171,.F.) ;
#827=ORIENTED_EDGE('',*,*,#793,.T.) ;
#848=ORIENTED_EDGE('',*,*,#841,.F.) ;
#849=ORIENTED_EDGE('',*,*,#178,.F.) ;
#850=ORIENTED_EDGE('',*,*,#822,.T.) ;
#851=ORIENTED_EDGE('',*,*,#846,.T.) ;
#872=ORIENTED_EDGE('',*,*,#865,.T.) ;
#873=ORIENTED_EDGE('',*,*,#870,.F.) ;
#874=ORIENTED_EDGE('',*,*,#185,.F.) ;
#875=ORIENTED_EDGE('',*,*,#841,.T.) ;
#896=ORIENTED_EDGE('',*,*,#889,.F.) ;
#897=ORIENTED_EDGE('',*,*,#192,.F.) ;
#898=ORIENTED_EDGE('',*,*,#870,.T.) ;
#899=ORIENTED_EDGE('',*,*,#894,.T.) ;
#920=ORIENTED_EDGE('',*,*,#913,.T.) ;
#921=ORIENTED_EDGE('',*,*,#918,.T.) ;
#922=ORIENTED_EDGE('',*,*,#199,.F.) ;
#923=ORIENTED_EDGE('',*,*,#889,.T.) ;
#944=ORIENTED_EDGE('',*,*,#937,.T.) ;
#945=ORIENTED_EDGE('',*,*,#206,.F.) ;
#946=ORIENTED_EDGE('',*,*,#918,.F.) ;
#947=ORIENTED_EDGE('',*,*,#942,.T.) ;
#968=ORIENTED_EDGE('',*,*,#961,.T.) ;
#969=ORIENTED_EDGE('',*,*,#966,.F.) ;
#970=ORIENTED_EDGE('',*,*,#213,.F.) ;
#971=ORIENTED_EDGE('',*,*,#937,.F.) ;
#987=ORIENTED_EDGE('',*,*,#980,.F.) ;
#988=ORIENTED_EDGE('',*,*,#220,.F.) ;
#989=ORIENTED_EDGE('',*,*,#966,.T.) ;
#990=ORIENTED_EDGE('',*,*,#985,.T.) ;
#1011=ORIENTED_EDGE('',*,*,#1004,.T.) ;
#1012=ORIENTED_EDGE('',*,*,#1009,.F.) ;
#1013=ORIENTED_EDGE('',*,*,#227,.F.) ;
#1014=ORIENTED_EDGE('',*,*,#980,.T.) ;
#1035=ORIENTED_EDGE('',*,*,#1028,.F.) ;
#1036=ORIENTED_EDGE('',*,*,#234,.F.) ;
#1037=ORIENTED_EDGE('',*,*,#1009,.T.) ;
#1038=ORIENTED_EDGE('',*,*,#1033,.T.) ;
#1052=ORIENTED_EDGE('',*,*,#1050,.T.) ;
#1053=ORIENTED_EDGE('',*,*,#582,.F.) ;
#1054=ORIENTED_EDGE('',*,*,#239,.F.) ;
#1055=ORIENTED_EDGE('',*,*,#1028,.T.) ;
#1083=ORIENTED_EDGE('',*,*,#1069,.F.) ;
#1084=ORIENTED_EDGE('',*,*,#1076,.F.) ;
#1085=ORIENTED_EDGE('',*,*,#1081,.T.) ;
#1086=ORIENTED_EDGE('',*,*,#293,.F.) ;
#1107=ORIENTED_EDGE('',*,*,#1100,.T.) ;
#1108=ORIENTED_EDGE('',*,*,#1105,.F.) ;
#1109=ORIENTED_EDGE('',*,*,#300,.F.) ;
#1110=ORIENTED_EDGE('',*,*,#1081,.F.) ;
#1138=ORIENTED_EDGE('',*,*,#1124,.T.) ;
#1139=ORIENTED_EDGE('',*,*,#1131,.T.) ;
#1140=ORIENTED_EDGE('',*,*,#1136,.F.) ;
#1141=ORIENTED_EDGE('',*,*,#314,.F.) ;
#1162=ORIENTED_EDGE('',*,*,#321,.F.) ;
#1163=ORIENTED_EDGE('',*,*,#1136,.T.) ;
#1164=ORIENTED_EDGE('',*,*,#1155,.T.) ;
#1165=ORIENTED_EDGE('',*,*,#1160,.F.) ;
#1193=ORIENTED_EDGE('',*,*,#335,.F.) ;
#1194=ORIENTED_EDGE('',*,*,#1179,.T.) ;
#1195=ORIENTED_EDGE('',*,*,#1186,.T.) ;
#1196=ORIENTED_EDGE('',*,*,#1191,.T.) ;
#1217=ORIENTED_EDGE('',*,*,#1191,.F.) ;
#1218=ORIENTED_EDGE('',*,*,#1210,.F.) ;
#1219=ORIENTED_EDGE('',*,*,#1215,.T.) ;
#1220=ORIENTED_EDGE('',*,*,#342,.F.) ;
#1241=ORIENTED_EDGE('',*,*,#1234,.T.) ;
#1242=ORIENTED_EDGE('',*,*,#1239,.F.) ;
#1243=ORIENTED_EDGE('',*,*,#349,.F.) ;
#1244=ORIENTED_EDGE('',*,*,#1215,.F.) ;
#1265=ORIENTED_EDGE('',*,*,#1258,.F.) ;
#1266=ORIENTED_EDGE('',*,*,#356,.F.) ;
#1267=ORIENTED_EDGE('',*,*,#1239,.T.) ;
#1268=ORIENTED_EDGE('',*,*,#1263,.F.) ;
#1289=ORIENTED_EDGE('',*,*,#1282,.T.) ;
#1290=ORIENTED_EDGE('',*,*,#1287,.F.) ;
#1291=ORIENTED_EDGE('',*,*,#363,.F.) ;
#1292=ORIENTED_EDGE('',*,*,#1258,.T.) ;
#1320=ORIENTED_EDGE('',*,*,#1306,.T.) ;
#1321=ORIENTED_EDGE('',*,*,#1313,.T.) ;
#1322=ORIENTED_EDGE('',*,*,#1318,.F.) ;
#1323=ORIENTED_EDGE('',*,*,#377,.F.) ;
#1351=ORIENTED_EDGE('',*,*,#391,.F.) ;
#1352=ORIENTED_EDGE('',*,*,#1337,.T.) ;
#1353=ORIENTED_EDGE('',*,*,#1344,.T.) ;
#1354=ORIENTED_EDGE('',*,*,#1349,.F.) ;
#1375=ORIENTED_EDGE('',*,*,#1368,.F.) ;
#1376=ORIENTED_EDGE('',*,*,#398,.F.) ;
#1377=ORIENTED_EDGE('',*,*,#1349,.T.) ;
#1378=ORIENTED_EDGE('',*,*,#1373,.F.) ;
#1399=ORIENTED_EDGE('',*,*,#1392,.T.) ;
#1400=ORIENTED_EDGE('',*,*,#1397,.F.) ;
#1401=ORIENTED_EDGE('',*,*,#405,.F.) ;
#1402=ORIENTED_EDGE('',*,*,#1368,.T.) ;
#1418=ORIENTED_EDGE('',*,*,#412,.F.) ;
#1419=ORIENTED_EDGE('',*,*,#1397,.T.) ;
#1420=ORIENTED_EDGE('',*,*,#1411,.T.) ;
#1421=ORIENTED_EDGE('',*,*,#1416,.T.) ;
#1442=ORIENTED_EDGE('',*,*,#1416,.F.) ;
#1443=ORIENTED_EDGE('',*,*,#1435,.F.) ;
#1444=ORIENTED_EDGE('',*,*,#1440,.T.) ;
#1445=ORIENTED_EDGE('',*,*,#419,.F.) ;
#1466=ORIENTED_EDGE('',*,*,#1459,.T.) ;
#1467=ORIENTED_EDGE('',*,*,#1464,.F.) ;
#1468=ORIENTED_EDGE('',*,*,#426,.F.) ;
#1469=ORIENTED_EDGE('',*,*,#1440,.F.) ;
#1497=ORIENTED_EDGE('',*,*,#440,.F.) ;
#1498=ORIENTED_EDGE('',*,*,#1483,.T.) ;
#1499=ORIENTED_EDGE('',*,*,#1490,.T.) ;
#1500=ORIENTED_EDGE('',*,*,#1495,.F.) ;
#1521=ORIENTED_EDGE('',*,*,#1514,.F.) ;
#1522=ORIENTED_EDGE('',*,*,#447,.F.) ;
#1523=ORIENTED_EDGE('',*,*,#1495,.T.) ;
#1524=ORIENTED_EDGE('',*,*,#1519,.F.) ;
#1545=ORIENTED_EDGE('',*,*,#454,.F.) ;
#1546=ORIENTED_EDGE('',*,*,#1514,.T.) ;
#1547=ORIENTED_EDGE('',*,*,#1538,.T.) ;
#1548=ORIENTED_EDGE('',*,*,#1543,.T.) ;
#1569=ORIENTED_EDGE('',*,*,#1543,.F.) ;
#1570=ORIENTED_EDGE('',*,*,#1562,.F.) ;
#1571=ORIENTED_EDGE('',*,*,#1567,.T.) ;
#1572=ORIENTED_EDGE('',*,*,#461,.F.) ;
#1593=ORIENTED_EDGE('',*,*,#1586,.T.) ;
#1594=ORIENTED_EDGE('',*,*,#1591,.F.) ;
#1595=ORIENTED_EDGE('',*,*,#468,.F.) ;
#1596=ORIENTED_EDGE('',*,*,#1567,.F.) ;
#1624=ORIENTED_EDGE('',*,*,#482,.F.) ;
#1625=ORIENTED_EDGE('',*,*,#1610,.T.) ;
#1626=ORIENTED_EDGE('',*,*,#1617,.T.) ;
#1627=ORIENTED_EDGE('',*,*,#1622,.F.) ;
#1648=ORIENTED_EDGE('',*,*,#1641,.F.) ;
#1649=ORIENTED_EDGE('',*,*,#489,.F.) ;
#1650=ORIENTED_EDGE('',*,*,#1622,.T.) ;
#1651=ORIENTED_EDGE('',*,*,#1646,.F.) ;
#1665=ORIENTED_EDGE('',*,*,#494,.F.) ;
#1666=ORIENTED_EDGE('',*,*,#1641,.T.) ;
#1667=ORIENTED_EDGE('',*,*,#1663,.T.) ;
#1668=ORIENTED_EDGE('',*,*,#1069,.T.) ;
#1696=ORIENTED_EDGE('',*,*,#1682,.T.) ;
#1697=ORIENTED_EDGE('',*,*,#1689,.T.) ;
#1698=ORIENTED_EDGE('',*,*,#1694,.F.) ;
#1699=ORIENTED_EDGE('',*,*,#587,.F.) ;
#1720=ORIENTED_EDGE('',*,*,#1694,.T.) ;
#1721=ORIENTED_EDGE('',*,*,#1713,.T.) ;
#1722=ORIENTED_EDGE('',*,*,#1718,.F.) ;
#1723=ORIENTED_EDGE('',*,*,#606,.F.) ;
#1744=ORIENTED_EDGE('',*,*,#1718,.T.) ;
#1745=ORIENTED_EDGE('',*,*,#1737,.T.) ;
#1746=ORIENTED_EDGE('',*,*,#1742,.F.) ;
#1747=ORIENTED_EDGE('',*,*,#635,.F.) ;
#1768=ORIENTED_EDGE('',*,*,#1742,.T.) ;
#1769=ORIENTED_EDGE('',*,*,#1761,.T.) ;
#1770=ORIENTED_EDGE('',*,*,#1766,.F.) ;
#1771=ORIENTED_EDGE('',*,*,#659,.F.) ;
#1792=ORIENTED_EDGE('',*,*,#1766,.T.) ;
#1793=ORIENTED_EDGE('',*,*,#1785,.T.) ;
#1794=ORIENTED_EDGE('',*,*,#1790,.F.) ;
#1795=ORIENTED_EDGE('',*,*,#678,.F.) ;
#1816=ORIENTED_EDGE('',*,*,#1790,.T.) ;
#1817=ORIENTED_EDGE('',*,*,#1809,.T.) ;
#1818=ORIENTED_EDGE('',*,*,#1814,.F.) ;
#1819=ORIENTED_EDGE('',*,*,#707,.F.) ;
#1840=ORIENTED_EDGE('',*,*,#1814,.T.) ;
#1841=ORIENTED_EDGE('',*,*,#1833,.T.) ;
#1842=ORIENTED_EDGE('',*,*,#1838,.F.) ;
#1843=ORIENTED_EDGE('',*,*,#726,.F.) ;
#1864=ORIENTED_EDGE('',*,*,#1838,.T.) ;
#1865=ORIENTED_EDGE('',*,*,#1857,.T.) ;
#1866=ORIENTED_EDGE('',*,*,#1862,.F.) ;
#1867=ORIENTED_EDGE('',*,*,#755,.F.) ;
#1888=ORIENTED_EDGE('',*,*,#1862,.T.) ;
#1889=ORIENTED_EDGE('',*,*,#1881,.T.) ;
#1890=ORIENTED_EDGE('',*,*,#1886,.F.) ;
#1891=ORIENTED_EDGE('',*,*,#774,.F.) ;
#1912=ORIENTED_EDGE('',*,*,#1886,.T.) ;
#1913=ORIENTED_EDGE('',*,*,#1905,.T.) ;
#1914=ORIENTED_EDGE('',*,*,#1910,.F.) ;
#1915=ORIENTED_EDGE('',*,*,#798,.F.) ;
#1936=ORIENTED_EDGE('',*,*,#1910,.T.) ;
#1937=ORIENTED_EDGE('',*,*,#1929,.T.) ;
#1938=ORIENTED_EDGE('',*,*,#1934,.F.) ;
#1939=ORIENTED_EDGE('',*,*,#817,.F.) ;
#1960=ORIENTED_EDGE('',*,*,#1934,.T.) ;
#1961=ORIENTED_EDGE('',*,*,#1953,.T.) ;
#1962=ORIENTED_EDGE('',*,*,#1958,.F.) ;
#1963=ORIENTED_EDGE('',*,*,#846,.F.) ;
#1984=ORIENTED_EDGE('',*,*,#1958,.T.) ;
#1985=ORIENTED_EDGE('',*,*,#1977,.T.) ;
#1986=ORIENTED_EDGE('',*,*,#1982,.F.) ;
#1987=ORIENTED_EDGE('',*,*,#865,.F.) ;
#2008=ORIENTED_EDGE('',*,*,#1982,.T.) ;
#2009=ORIENTED_EDGE('',*,*,#2001,.T.) ;
#2010=ORIENTED_EDGE('',*,*,#2006,.F.) ;
#2011=ORIENTED_EDGE('',*,*,#894,.F.) ;
#2032=ORIENTED_EDGE('',*,*,#2006,.T.) ;
#2033=ORIENTED_EDGE('',*,*,#2025,.T.) ;
#2034=ORIENTED_EDGE('',*,*,#2030,.F.) ;
#2035=ORIENTED_EDGE('',*,*,#913,.F.) ;
#2056=ORIENTED_EDGE('',*,*,#2030,.T.) ;
#2057=ORIENTED_EDGE('',*,*,#2049,.T.) ;
#2058=ORIENTED_EDGE('',*,*,#2054,.F.) ;
#2059=ORIENTED_EDGE('',*,*,#942,.F.) ;
#2080=ORIENTED_EDGE('',*,*,#2054,.T.) ;
#2081=ORIENTED_EDGE('',*,*,#2073,.T.) ;
#2082=ORIENTED_EDGE('',*,*,#2078,.F.) ;
#2083=ORIENTED_EDGE('',*,*,#961,.F.) ;
#2104=ORIENTED_EDGE('',*,*,#2078,.T.) ;
#2105=ORIENTED_EDGE('',*,*,#2097,.T.) ;
#2106=ORIENTED_EDGE('',*,*,#2102,.F.) ;
#2107=ORIENTED_EDGE('',*,*,#985,.F.) ;
#2128=ORIENTED_EDGE('',*,*,#2102,.T.) ;
#2129=ORIENTED_EDGE('',*,*,#2121,.T.) ;
#2130=ORIENTED_EDGE('',*,*,#2126,.F.) ;
#2131=ORIENTED_EDGE('',*,*,#1004,.F.) ;
#2152=ORIENTED_EDGE('',*,*,#2126,.T.) ;
#2153=ORIENTED_EDGE('',*,*,#2145,.T.) ;
#2154=ORIENTED_EDGE('',*,*,#2150,.F.) ;
#2155=ORIENTED_EDGE('',*,*,#1033,.F.) ;
#2169=ORIENTED_EDGE('',*,*,#2150,.T.) ;
#2170=ORIENTED_EDGE('',*,*,#2167,.T.) ;
#2171=ORIENTED_EDGE('',*,*,#1682,.F.) ;
#2172=ORIENTED_EDGE('',*,*,#1050,.F.) ;
#2237=ORIENTED_EDGE('',*,*,#2188,.F.) ;
#2238=ORIENTED_EDGE('',*,*,#2195,.F.) ;
#2239=ORIENTED_EDGE('',*,*,#2202,.F.) ;
#2240=ORIENTED_EDGE('',*,*,#2209,.T.) ;
#2241=ORIENTED_EDGE('',*,*,#2216,.T.) ;
#2242=ORIENTED_EDGE('',*,*,#2223,.T.) ;
#2243=ORIENTED_EDGE('',*,*,#2230,.T.) ;
#2244=ORIENTED_EDGE('',*,*,#2235,.F.) ;
#2293=ORIENTED_EDGE('',*,*,#2258,.T.) ;
#2294=ORIENTED_EDGE('',*,*,#2265,.F.) ;
#2295=ORIENTED_EDGE('',*,*,#2272,.F.) ;
#2296=ORIENTED_EDGE('',*,*,#2279,.F.) ;
#2297=ORIENTED_EDGE('',*,*,#2286,.T.) ;
#2298=ORIENTED_EDGE('',*,*,#2291,.T.) ;
#2324=ORIENTED_EDGE('',*,*,#2312,.T.) ;
#2325=ORIENTED_EDGE('',*,*,#2317,.T.) ;
#2326=ORIENTED_EDGE('',*,*,#2279,.T.) ;
#2327=ORIENTED_EDGE('',*,*,#2322,.F.) ;
#2341=ORIENTED_EDGE('',*,*,#2339,.T.) ;
#2342=ORIENTED_EDGE('',*,*,#2312,.F.) ;
#2343=ORIENTED_EDGE('',*,*,#2230,.F.) ;
#2388=ORIENTED_EDGE('',*,*,#2209,.F.) ;
#2389=ORIENTED_EDGE('',*,*,#2367,.F.) ;
#2390=ORIENTED_EDGE('',*,*,#2223,.F.) ;
#2391=ORIENTED_EDGE('',*,*,#2374,.F.) ;
#2392=ORIENTED_EDGE('',*,*,#2381,.F.) ;
#2393=ORIENTED_EDGE('',*,*,#2386,.T.) ;
#2407=ORIENTED_EDGE('',*,*,#2216,.F.) ;
#2408=ORIENTED_EDGE('',*,*,#2386,.F.) ;
#2409=ORIENTED_EDGE('',*,*,#2405,.F.) ;
#2410=ORIENTED_EDGE('',*,*,#2374,.T.) ;
#2455=ORIENTED_EDGE('',*,*,#2434,.T.) ;
#2456=ORIENTED_EDGE('',*,*,#2291,.F.) ;
#2457=ORIENTED_EDGE('',*,*,#2441,.F.) ;
#2458=ORIENTED_EDGE('',*,*,#2448,.F.) ;
#2459=ORIENTED_EDGE('',*,*,#2453,.T.) ;
#2460=ORIENTED_EDGE('',*,*,#2317,.F.) ;
#2474=ORIENTED_EDGE('',*,*,#2286,.F.) ;
#2475=ORIENTED_EDGE('',*,*,#2453,.F.) ;
#2476=ORIENTED_EDGE('',*,*,#2472,.F.) ;
#2477=ORIENTED_EDGE('',*,*,#2441,.T.) ;
#2597=ORIENTED_EDGE('',*,*,#2367,.T.) ;
#2598=ORIENTED_EDGE('',*,*,#2595,.T.) ;
#2599=ORIENTED_EDGE('',*,*,#2434,.F.) ;
#2600=ORIENTED_EDGE('',*,*,#2339,.F.) ;
#2633=ORIENTED_EDGE('',*,*,#2619,.T.) ;
#2634=ORIENTED_EDGE('',*,*,#2626,.T.) ;
#2635=ORIENTED_EDGE('',*,*,#2631,.F.) ;
#2820=ORIENTED_EDGE('',*,*,#2784,.T.) ;
#2821=ORIENTED_EDGE('',*,*,#2801,.T.) ;
#2822=ORIENTED_EDGE('',*,*,#2626,.F.) ;
#2823=ORIENTED_EDGE('',*,*,#2818,.F.) ;
#2870=ORIENTED_EDGE('',*,*,#2851,.F.) ;
#2871=ORIENTED_EDGE('',*,*,#2868,.F.) ;
#2913=ORIENTED_EDGE('',*,*,#2894,.F.) ;
#2914=ORIENTED_EDGE('',*,*,#2911,.F.) ;
#2942=ORIENTED_EDGE('',*,*,#2928,.F.) ;
#2943=ORIENTED_EDGE('',*,*,#2935,.T.) ;
#2944=ORIENTED_EDGE('',*,*,#2940,.T.) ;
#2945=ORIENTED_EDGE('',*,*,#2894,.T.) ;
#2964=ORIENTED_EDGE('',*,*,#2928,.T.) ;
#2965=ORIENTED_EDGE('',*,*,#2911,.T.) ;
#2966=ORIENTED_EDGE('',*,*,#2940,.F.) ;
#2967=ORIENTED_EDGE('',*,*,#2957,.T.) ;
#2968=ORIENTED_EDGE('',*,*,#2818,.T.) ;
#2969=ORIENTED_EDGE('',*,*,#2962,.T.) ;
#2993=ORIENTED_EDGE('',*,*,#2784,.F.) ;
#2994=ORIENTED_EDGE('',*,*,#2986,.F.) ;
#2995=ORIENTED_EDGE('',*,*,#2991,.T.) ;
#3028=ORIENTED_EDGE('',*,*,#3009,.T.) ;
#3029=ORIENTED_EDGE('',*,*,#2868,.T.) ;
#3030=ORIENTED_EDGE('',*,*,#3016,.F.) ;
#3031=ORIENTED_EDGE('',*,*,#3021,.T.) ;
#3032=ORIENTED_EDGE('',*,*,#2801,.F.) ;
#3033=ORIENTED_EDGE('',*,*,#3026,.T.) ;
#3047=ORIENTED_EDGE('',*,*,#3009,.F.) ;
#3048=ORIENTED_EDGE('',*,*,#3045,.T.) ;
#3049=ORIENTED_EDGE('',*,*,#3016,.T.) ;
#3050=ORIENTED_EDGE('',*,*,#2851,.T.) ;
#3071=ORIENTED_EDGE('',*,*,#2962,.F.) ;
#3072=ORIENTED_EDGE('',*,*,#2619,.F.) ;
#3073=ORIENTED_EDGE('',*,*,#3064,.T.) ;
#3074=ORIENTED_EDGE('',*,*,#3069,.T.) ;
#3095=ORIENTED_EDGE('',*,*,#3069,.F.) ;
#3096=ORIENTED_EDGE('',*,*,#3088,.T.) ;
#3097=ORIENTED_EDGE('',*,*,#3093,.T.) ;
#3098=ORIENTED_EDGE('',*,*,#2986,.T.) ;
#3099=ORIENTED_EDGE('',*,*,#2957,.F.) ;
#3100=ORIENTED_EDGE('',*,*,#2935,.F.) ;
#3128=ORIENTED_EDGE('',*,*,#3045,.F.) ;
#3129=ORIENTED_EDGE('',*,*,#3026,.F.) ;
#3130=ORIENTED_EDGE('',*,*,#2991,.F.) ;
#3131=ORIENTED_EDGE('',*,*,#3114,.T.) ;
#3132=ORIENTED_EDGE('',*,*,#3121,.T.) ;
#3133=ORIENTED_EDGE('',*,*,#3126,.T.) ;
#3134=ORIENTED_EDGE('',*,*,#2631,.T.) ;
#3135=ORIENTED_EDGE('',*,*,#3021,.F.) ;
#3144=ORIENTED_EDGE('',*,*,#2472,.T.) ;
#3145=ORIENTED_EDGE('',*,*,#2448,.T.) ;
#3149=ORIENTED_EDGE('',*,*,#2381,.T.) ;
#3150=ORIENTED_EDGE('',*,*,#2405,.T.) ;
#3159=ORIENTED_EDGE('',*,*,#2202,.T.) ;
#3160=ORIENTED_EDGE('',*,*,#2258,.F.) ;
#3161=ORIENTED_EDGE('',*,*,#2595,.F.) ;
#3218=ORIENTED_EDGE('',*,*,#1663,.F.) ;
#3219=ORIENTED_EDGE('',*,*,#1646,.T.) ;
#3220=ORIENTED_EDGE('',*,*,#1617,.F.) ;
#3221=ORIENTED_EDGE('',*,*,#3176,.F.) ;
#3222=ORIENTED_EDGE('',*,*,#1586,.F.) ;
#3223=ORIENTED_EDGE('',*,*,#1562,.T.) ;
#3224=ORIENTED_EDGE('',*,*,#1538,.F.) ;
#3225=ORIENTED_EDGE('',*,*,#1519,.T.) ;
#3226=ORIENTED_EDGE('',*,*,#1490,.F.) ;
#3227=ORIENTED_EDGE('',*,*,#3184,.T.) ;
#3228=ORIENTED_EDGE('',*,*,#1459,.F.) ;
#3229=ORIENTED_EDGE('',*,*,#1435,.T.) ;
#3230=ORIENTED_EDGE('',*,*,#1411,.F.) ;
#3231=ORIENTED_EDGE('',*,*,#1392,.F.) ;
#3232=ORIENTED_EDGE('',*,*,#1373,.T.) ;
#3233=ORIENTED_EDGE('',*,*,#1344,.F.) ;
#3234=ORIENTED_EDGE('',*,*,#3191,.F.) ;
#3235=ORIENTED_EDGE('',*,*,#1313,.F.) ;
#3236=ORIENTED_EDGE('',*,*,#3202,.T.) ;
#3237=ORIENTED_EDGE('',*,*,#1282,.F.) ;
#3238=ORIENTED_EDGE('',*,*,#1263,.T.) ;
#3239=ORIENTED_EDGE('',*,*,#1234,.F.) ;
#3240=ORIENTED_EDGE('',*,*,#1210,.T.) ;
#3241=ORIENTED_EDGE('',*,*,#1186,.F.) ;
#3242=ORIENTED_EDGE('',*,*,#3210,.T.) ;
#3243=ORIENTED_EDGE('',*,*,#1155,.F.) ;
#3244=ORIENTED_EDGE('',*,*,#1131,.F.) ;
#3245=ORIENTED_EDGE('',*,*,#3216,.F.) ;
#3246=ORIENTED_EDGE('',*,*,#1100,.F.) ;
#3247=ORIENTED_EDGE('',*,*,#1076,.T.) ;
#3250=ORIENTED_EDGE('',*,*,#3126,.F.) ;
#3251=ORIENTED_EDGE('',*,*,#3121,.F.) ;
#3252=ORIENTED_EDGE('',*,*,#3114,.F.) ;
#3253=ORIENTED_EDGE('',*,*,#3093,.F.) ;
#3254=ORIENTED_EDGE('',*,*,#3088,.F.) ;
#3255=ORIENTED_EDGE('',*,*,#3064,.F.) ;
#3283=ORIENTED_EDGE('',*,*,#3269,.F.) ;
#3284=ORIENTED_EDGE('',*,*,#558,.T.) ;
#3285=ORIENTED_EDGE('',*,*,#3276,.T.) ;
#3286=ORIENTED_EDGE('',*,*,#3281,.F.) ;
#3295=ORIENTED_EDGE('',*,*,#3276,.F.) ;
#3296=ORIENTED_EDGE('',*,*,#553,.T.) ;
#3297=ORIENTED_EDGE('',*,*,#3269,.T.) ;
#3298=ORIENTED_EDGE('',*,*,#3293,.F.) ;
#3326=ORIENTED_EDGE('',*,*,#3312,.F.) ;
#3327=ORIENTED_EDGE('',*,*,#540,.T.) ;
#3328=ORIENTED_EDGE('',*,*,#3319,.T.) ;
#3329=ORIENTED_EDGE('',*,*,#3324,.F.) ;
#3338=ORIENTED_EDGE('',*,*,#3319,.F.) ;
#3339=ORIENTED_EDGE('',*,*,#535,.T.) ;
#3340=ORIENTED_EDGE('',*,*,#3312,.T.) ;
#3341=ORIENTED_EDGE('',*,*,#3336,.F.) ;
#3350=ORIENTED_EDGE('',*,*,#1610,.F.) ;
#3351=ORIENTED_EDGE('',*,*,#475,.T.) ;
#3352=ORIENTED_EDGE('',*,*,#1591,.T.) ;
#3353=ORIENTED_EDGE('',*,*,#3176,.T.) ;
#3362=ORIENTED_EDGE('',*,*,#3184,.F.) ;
#3363=ORIENTED_EDGE('',*,*,#1483,.F.) ;
#3364=ORIENTED_EDGE('',*,*,#433,.T.) ;
#3365=ORIENTED_EDGE('',*,*,#1464,.T.) ;
#3369=ORIENTED_EDGE('',*,*,#1337,.F.) ;
#3370=ORIENTED_EDGE('',*,*,#384,.T.) ;
#3371=ORIENTED_EDGE('',*,*,#1318,.T.) ;
#3372=ORIENTED_EDGE('',*,*,#3191,.T.) ;
#3381=ORIENTED_EDGE('',*,*,#3202,.F.) ;
#3382=ORIENTED_EDGE('',*,*,#1306,.F.) ;
#3383=ORIENTED_EDGE('',*,*,#370,.T.) ;
#3384=ORIENTED_EDGE('',*,*,#1287,.T.) ;
#3393=ORIENTED_EDGE('',*,*,#3210,.F.) ;
#3394=ORIENTED_EDGE('',*,*,#1179,.F.) ;
#3395=ORIENTED_EDGE('',*,*,#328,.T.) ;
#3396=ORIENTED_EDGE('',*,*,#1160,.T.) ;
#3400=ORIENTED_EDGE('',*,*,#1124,.F.) ;
#3401=ORIENTED_EDGE('',*,*,#307,.T.) ;
#3402=ORIENTED_EDGE('',*,*,#1105,.T.) ;
#3403=ORIENTED_EDGE('',*,*,#3216,.T.) ;
#3431=ORIENTED_EDGE('',*,*,#3417,.F.) ;
#3432=ORIENTED_EDGE('',*,*,#280,.T.) ;
#3433=ORIENTED_EDGE('',*,*,#3424,.T.) ;
#3434=ORIENTED_EDGE('',*,*,#3429,.F.) ;
#3443=ORIENTED_EDGE('',*,*,#3424,.F.) ;
#3444=ORIENTED_EDGE('',*,*,#275,.T.) ;
#3445=ORIENTED_EDGE('',*,*,#3417,.T.) ;
#3446=ORIENTED_EDGE('',*,*,#3441,.F.) ;
#3455=ORIENTED_EDGE('',*,*,#1929,.F.) ;
#3456=ORIENTED_EDGE('',*,*,#1905,.F.) ;
#3457=ORIENTED_EDGE('',*,*,#1881,.F.) ;
#3458=ORIENTED_EDGE('',*,*,#1857,.F.) ;
#3459=ORIENTED_EDGE('',*,*,#1833,.F.) ;
#3460=ORIENTED_EDGE('',*,*,#1809,.F.) ;
#3461=ORIENTED_EDGE('',*,*,#1785,.F.) ;
#3462=ORIENTED_EDGE('',*,*,#1761,.F.) ;
#3463=ORIENTED_EDGE('',*,*,#1737,.F.) ;
#3464=ORIENTED_EDGE('',*,*,#1713,.F.) ;
#3465=ORIENTED_EDGE('',*,*,#1689,.F.) ;
#3466=ORIENTED_EDGE('',*,*,#2167,.F.) ;
#3467=ORIENTED_EDGE('',*,*,#2145,.F.) ;
#3468=ORIENTED_EDGE('',*,*,#2121,.F.) ;
#3469=ORIENTED_EDGE('',*,*,#2097,.F.) ;
#3470=ORIENTED_EDGE('',*,*,#2073,.F.) ;
#3471=ORIENTED_EDGE('',*,*,#2049,.F.) ;
#3472=ORIENTED_EDGE('',*,*,#2025,.F.) ;
#3473=ORIENTED_EDGE('',*,*,#2001,.F.) ;
#3474=ORIENTED_EDGE('',*,*,#1977,.F.) ;
#3475=ORIENTED_EDGE('',*,*,#1953,.F.) ;
#3478=ORIENTED_EDGE('',*,*,#63,.T.) ;
#3479=ORIENTED_EDGE('',*,*,#80,.T.) ;
#3482=ORIENTED_EDGE('',*,*,#3429,.T.) ;
#3483=ORIENTED_EDGE('',*,*,#3441,.T.) ;
#3486=ORIENTED_EDGE('',*,*,#2322,.T.) ;
#3487=ORIENTED_EDGE('',*,*,#2272,.T.) ;
#3488=ORIENTED_EDGE('',*,*,#2265,.T.) ;
#3489=ORIENTED_EDGE('',*,*,#2195,.T.) ;
#3490=ORIENTED_EDGE('',*,*,#2188,.T.) ;
#3491=ORIENTED_EDGE('',*,*,#2235,.T.) ;
#3494=ORIENTED_EDGE('',*,*,#3324,.T.) ;
#3495=ORIENTED_EDGE('',*,*,#3336,.T.) ;
#3498=ORIENTED_EDGE('',*,*,#3281,.T.) ;
#3499=ORIENTED_EDGE('',*,*,#3293,.T.) ;
#21=MANIFOLD_SOLID_BREP('Body.2',#30) ;
#41=VERTEX_POINT('',#40) ;
#43=VERTEX_POINT('',#42) ;
#50=VERTEX_POINT('',#49) ;
#57=VERTEX_POINT('',#56) ;
#98=VERTEX_POINT('',#97) ;
#100=VERTEX_POINT('',#99) ;
#107=VERTEX_POINT('',#106) ;
#114=VERTEX_POINT('',#113) ;
#121=VERTEX_POINT('',#120) ;
#128=VERTEX_POINT('',#127) ;
#135=VERTEX_POINT('',#134) ;
#142=VERTEX_POINT('',#141) ;
#149=VERTEX_POINT('',#148) ;
#156=VERTEX_POINT('',#155) ;
#163=VERTEX_POINT('',#162) ;
#170=VERTEX_POINT('',#169) ;
#177=VERTEX_POINT('',#176) ;
#184=VERTEX_POINT('',#183) ;
#191=VERTEX_POINT('',#190) ;
#198=VERTEX_POINT('',#197) ;
#205=VERTEX_POINT('',#204) ;
#212=VERTEX_POINT('',#211) ;
#219=VERTEX_POINT('',#218) ;
#226=VERTEX_POINT('',#225) ;
#233=VERTEX_POINT('',#232) ;
#272=VERTEX_POINT('',#271) ;
#274=VERTEX_POINT('',#273) ;
#290=VERTEX_POINT('',#289) ;
#292=VERTEX_POINT('',#291) ;
#299=VERTEX_POINT('',#298) ;
#306=VERTEX_POINT('',#305) ;
#313=VERTEX_POINT('',#312) ;
#320=VERTEX_POINT('',#319) ;
#327=VERTEX_POINT('',#326) ;
#334=VERTEX_POINT('',#333) ;
#341=VERTEX_POINT('',#340) ;
#348=VERTEX_POINT('',#347) ;
#355=VERTEX_POINT('',#354) ;
#362=VERTEX_POINT('',#361) ;
#369=VERTEX_POINT('',#368) ;
#376=VERTEX_POINT('',#375) ;
#383=VERTEX_POINT('',#382) ;
#390=VERTEX_POINT('',#389) ;
#397=VERTEX_POINT('',#396) ;
#404=VERTEX_POINT('',#403) ;
#411=VERTEX_POINT('',#410) ;
#418=VERTEX_POINT('',#417) ;
#425=VERTEX_POINT('',#424) ;
#432=VERTEX_POINT('',#431) ;
#439=VERTEX_POINT('',#438) ;
#446=VERTEX_POINT('',#445) ;
#453=VERTEX_POINT('',#452) ;
#460=VERTEX_POINT('',#459) ;
#467=VERTEX_POINT('',#466) ;
#474=VERTEX_POINT('',#473) ;
#481=VERTEX_POINT('',#480) ;
#488=VERTEX_POINT('',#487) ;
#532=VERTEX_POINT('',#531) ;
#534=VERTEX_POINT('',#533) ;
#550=VERTEX_POINT('',#549) ;
#552=VERTEX_POINT('',#551) ;
#574=VERTEX_POINT('',#573) ;
#581=VERTEX_POINT('',#580) ;
#605=VERTEX_POINT('',#604) ;
#629=VERTEX_POINT('',#628) ;
#653=VERTEX_POINT('',#652) ;
#677=VERTEX_POINT('',#676) ;
#701=VERTEX_POINT('',#700) ;
#725=VERTEX_POINT('',#724) ;
#749=VERTEX_POINT('',#748) ;
#773=VERTEX_POINT('',#772) ;
#792=VERTEX_POINT('',#791) ;
#816=VERTEX_POINT('',#815) ;
#840=VERTEX_POINT('',#839) ;
#864=VERTEX_POINT('',#863) ;
#888=VERTEX_POINT('',#887) ;
#912=VERTEX_POINT('',#911) ;
#936=VERTEX_POINT('',#935) ;
#960=VERTEX_POINT('',#959) ;
#979=VERTEX_POINT('',#978) ;
#1003=VERTEX_POINT('',#1002) ;
#1027=VERTEX_POINT('',#1026) ;
#1068=VERTEX_POINT('',#1067) ;
#1075=VERTEX_POINT('',#1074) ;
#1099=VERTEX_POINT('',#1098) ;
#1123=VERTEX_POINT('',#1122) ;
#1130=VERTEX_POINT('',#1129) ;
#1154=VERTEX_POINT('',#1153) ;
#1178=VERTEX_POINT('',#1177) ;
#1185=VERTEX_POINT('',#1184) ;
#1209=VERTEX_POINT('',#1208) ;
#1233=VERTEX_POINT('',#1232) ;
#1257=VERTEX_POINT('',#1256) ;
#1281=VERTEX_POINT('',#1280) ;
#1305=VERTEX_POINT('',#1304) ;
#1312=VERTEX_POINT('',#1311) ;
#1336=VERTEX_POINT('',#1335) ;
#1343=VERTEX_POINT('',#1342) ;
#1367=VERTEX_POINT('',#1366) ;
#1391=VERTEX_POINT('',#1390) ;
#1410=VERTEX_POINT('',#1409) ;
#1434=VERTEX_POINT('',#1433) ;
#1458=VERTEX_POINT('',#1457) ;
#1482=VERTEX_POINT('',#1481) ;
#1489=VERTEX_POINT('',#1488) ;
#1513=VERTEX_POINT('',#1512) ;
#1537=VERTEX_POINT('',#1536) ;
#1561=VERTEX_POINT('',#1560) ;
#1585=VERTEX_POINT('',#1584) ;
#1609=VERTEX_POINT('',#1608) ;
#1616=VERTEX_POINT('',#1615) ;
#1640=VERTEX_POINT('',#1639) ;
#1681=VERTEX_POINT('',#1680) ;
#1688=VERTEX_POINT('',#1687) ;
#1712=VERTEX_POINT('',#1711) ;
#1736=VERTEX_POINT('',#1735) ;
#1760=VERTEX_POINT('',#1759) ;
#1784=VERTEX_POINT('',#1783) ;
#1808=VERTEX_POINT('',#1807) ;
#1832=VERTEX_POINT('',#1831) ;
#1856=VERTEX_POINT('',#1855) ;
#1880=VERTEX_POINT('',#1879) ;
#1904=VERTEX_POINT('',#1903) ;
#1928=VERTEX_POINT('',#1927) ;
#1952=VERTEX_POINT('',#1951) ;
#1976=VERTEX_POINT('',#1975) ;
#2000=VERTEX_POINT('',#1999) ;
#2024=VERTEX_POINT('',#2023) ;
#2048=VERTEX_POINT('',#2047) ;
#2072=VERTEX_POINT('',#2071) ;
#2096=VERTEX_POINT('',#2095) ;
#2120=VERTEX_POINT('',#2119) ;
#2144=VERTEX_POINT('',#2143) ;
#2185=VERTEX_POINT('',#2184) ;
#2187=VERTEX_POINT('',#2186) ;
#2194=VERTEX_POINT('',#2193) ;
#2201=VERTEX_POINT('',#2200) ;
#2208=VERTEX_POINT('',#2207) ;
#2215=VERTEX_POINT('',#2214) ;
#2222=VERTEX_POINT('',#2221) ;
#2229=VERTEX_POINT('',#2228) ;
#2257=VERTEX_POINT('',#2256) ;
#2264=VERTEX_POINT('',#2263) ;
#2271=VERTEX_POINT('',#2270) ;
#2278=VERTEX_POINT('',#2277) ;
#2285=VERTEX_POINT('',#2284) ;
#2311=VERTEX_POINT('',#2310) ;
#2373=VERTEX_POINT('',#2372) ;
#2380=VERTEX_POINT('',#2379) ;
#2440=VERTEX_POINT('',#2439) ;
#2447=VERTEX_POINT('',#2446) ;
#2616=VERTEX_POINT('',#2615) ;
#2618=VERTEX_POINT('',#2617) ;
#2625=VERTEX_POINT('',#2624) ;
#2781=VERTEX_POINT('',#2780) ;
#2783=VERTEX_POINT('',#2782) ;
#2848=VERTEX_POINT('',#2847) ;
#2850=VERTEX_POINT('',#2849) ;
#2891=VERTEX_POINT('',#2890) ;
#2893=VERTEX_POINT('',#2892) ;
#2927=VERTEX_POINT('',#2926) ;
#2934=VERTEX_POINT('',#2933) ;
#2985=VERTEX_POINT('',#2984) ;
#3008=VERTEX_POINT('',#3007) ;
#3015=VERTEX_POINT('',#3014) ;
#3063=VERTEX_POINT('',#3062) ;
#3087=VERTEX_POINT('',#3086) ;
#3113=VERTEX_POINT('',#3112) ;
#3120=VERTEX_POINT('',#3119) ;
#3268=VERTEX_POINT('',#3267) ;
#3275=VERTEX_POINT('',#3274) ;
#3311=VERTEX_POINT('',#3310) ;
#3318=VERTEX_POINT('',#3317) ;
#3416=VERTEX_POINT('',#3415) ;
#3423=VERTEX_POINT('',#3422) ;
#3502=ADVANCED_BREP_SHAPE_REPRESENTATION('NONE',(#21),#16) ;
#70=ADVANCED_FACE('Body.2',(#69),#35,.F.) ;
#87=ADVANCED_FACE('Body.2',(#86),#35,.F.) ;
#563=ADVANCED_FACE('Body.2',(#262,#266,#284,#526,#544,#562),#92,.T.) ;
#594=ADVANCED_FACE('Body.2',(#593),#568,.T.) ;
#618=ADVANCED_FACE('Body.2',(#617),#599,.F.) ;
#642=ADVANCED_FACE('Body.2',(#641),#623,.T.) ;
#666=ADVANCED_FACE('Body.2',(#665),#647,.T.) ;
#690=ADVANCED_FACE('Body.2',(#689),#671,.F.) ;
#714=ADVANCED_FACE('Body.2',(#713),#695,.T.) ;
#738=ADVANCED_FACE('Body.2',(#737),#719,.F.) ;
#762=ADVANCED_FACE('Body.2',(#761),#743,.T.) ;
#786=ADVANCED_FACE('Body.2',(#785),#767,.F.) ;
#805=ADVANCED_FACE('Body.2',(#804),#695,.T.) ;
#829=ADVANCED_FACE('Body.2',(#828),#810,.F.) ;
#853=ADVANCED_FACE('Body.2',(#852),#834,.T.) ;
#877=ADVANCED_FACE('Body.2',(#876),#858,.F.) ;
#901=ADVANCED_FACE('Body.2',(#900),#882,.T.) ;
#925=ADVANCED_FACE('Body.2',(#924),#906,.F.) ;
#949=ADVANCED_FACE('Body.2',(#948),#930,.T.) ;
#973=ADVANCED_FACE('Body.2',(#972),#954,.F.) ;
#992=ADVANCED_FACE('Body.2',(#991),#695,.T.) ;
#1016=ADVANCED_FACE('Body.2',(#1015),#997,.F.) ;
#1040=ADVANCED_FACE('Body.2',(#1039),#1021,.T.) ;
#1057=ADVANCED_FACE('Body.2',(#1056),#1045,.F.) ;
#1088=ADVANCED_FACE('Body.2',(#1087),#1062,.F.) ;
#1112=ADVANCED_FACE('Body.2',(#1111),#1093,.T.) ;
#1143=ADVANCED_FACE('Body.2',(#1142),#1117,.T.) ;
#1167=ADVANCED_FACE('Body.2',(#1166),#1148,.F.) ;
#1198=ADVANCED_FACE('Body.2',(#1197),#1172,.T.) ;
#1222=ADVANCED_FACE('Body.2',(#1221),#1203,.F.) ;
#1246=ADVANCED_FACE('Body.2',(#1245),#1227,.T.) ;
#1270=ADVANCED_FACE('Body.2',(#1269),#1251,.F.) ;
#1294=ADVANCED_FACE('Body.2',(#1293),#1275,.T.) ;
#1325=ADVANCED_FACE('Body.2',(#1324),#1299,.T.) ;
#1356=ADVANCED_FACE('Body.2',(#1355),#1330,.T.) ;
#1380=ADVANCED_FACE('Body.2',(#1379),#1361,.F.) ;
#1404=ADVANCED_FACE('Body.2',(#1403),#1385,.T.) ;
#1423=ADVANCED_FACE('Body.2',(#1422),#1385,.T.) ;
#1447=ADVANCED_FACE('Body.2',(#1446),#1428,.F.) ;
#1471=ADVANCED_FACE('Body.2',(#1470),#1452,.T.) ;
#1502=ADVANCED_FACE('Body.2',(#1501),#1476,.T.) ;
#1526=ADVANCED_FACE('Body.2',(#1525),#1507,.F.) ;
#1550=ADVANCED_FACE('Body.2',(#1549),#1531,.T.) ;
#1574=ADVANCED_FACE('Body.2',(#1573),#1555,.F.) ;
#1598=ADVANCED_FACE('Body.2',(#1597),#1579,.T.) ;
#1629=ADVANCED_FACE('Body.2',(#1628),#1603,.T.) ;
#1653=ADVANCED_FACE('Body.2',(#1652),#1634,.F.) ;
#1670=ADVANCED_FACE('Body.2',(#1669),#1658,.T.) ;
#1701=ADVANCED_FACE('Body.2',(#1700),#1675,.T.) ;
#1725=ADVANCED_FACE('Body.2',(#1724),#1706,.T.) ;
#1749=ADVANCED_FACE('Body.2',(#1748),#1730,.T.) ;
#1773=ADVANCED_FACE('Body.2',(#1772),#1754,.T.) ;
#1797=ADVANCED_FACE('Body.2',(#1796),#1778,.T.) ;
#1821=ADVANCED_FACE('Body.2',(#1820),#1802,.T.) ;
#1845=ADVANCED_FACE('Body.2',(#1844),#1826,.T.) ;
#1869=ADVANCED_FACE('Body.2',(#1868),#1850,.T.) ;
#1893=ADVANCED_FACE('Body.2',(#1892),#1874,.T.) ;
#1917=ADVANCED_FACE('Body.2',(#1916),#1898,.T.) ;
#1941=ADVANCED_FACE('Body.2',(#1940),#1922,.T.) ;
#1965=ADVANCED_FACE('Body.2',(#1964),#1946,.T.) ;
#1989=ADVANCED_FACE('Body.2',(#1988),#1970,.T.) ;
#2013=ADVANCED_FACE('Body.2',(#2012),#1994,.T.) ;
#2037=ADVANCED_FACE('Body.2',(#2036),#2018,.T.) ;
#2061=ADVANCED_FACE('Body.2',(#2060),#2042,.T.) ;
#2085=ADVANCED_FACE('Body.2',(#2084),#2066,.T.) ;
#2109=ADVANCED_FACE('Body.2',(#2108),#2090,.T.) ;
#2133=ADVANCED_FACE('Body.2',(#2132),#2114,.T.) ;
#2157=ADVANCED_FACE('Body.2',(#2156),#2138,.T.) ;
#2174=ADVANCED_FACE('Body.2',(#2173),#2162,.T.) ;
#2246=ADVANCED_FACE('Body.2',(#2245),#2179,.F.) ;
#2300=ADVANCED_FACE('Body.2',(#2299),#2251,.F.) ;
#2329=ADVANCED_FACE('Body.2',(#2328),#2305,.F.) ;
#2345=ADVANCED_FACE('Body.2',(#2344),#2334,.F.) ;
#2395=ADVANCED_FACE('Body.2',(#2394),#2350,.T.) ;
#2412=ADVANCED_FACE('Body.2',(#2411),#2400,.T.) ;
#2462=ADVANCED_FACE('Body.2',(#2461),#2417,.T.) ;
#2479=ADVANCED_FACE('Body.2',(#2478),#2467,.T.) ;
#2602=ADVANCED_FACE('Body.2',(#2601),#2480,.T.) ;
#2637=ADVANCED_FACE('Body.2',(#2636),#2607,.T.) ;
#2825=ADVANCED_FACE('Body.2',(#2824),#2638,.F.) ;
#2873=ADVANCED_FACE('Body.2',(#2872),#2830,.F.) ;
#2916=ADVANCED_FACE('Body.2',(#2915),#2830,.F.) ;
#2947=ADVANCED_FACE('Body.2',(#2946),#2921,.F.) ;
#2971=ADVANCED_FACE('Body.2',(#2970),#2952,.F.) ;
#2997=ADVANCED_FACE('Body.2',(#2996),#2976,.T.) ;
#3035=ADVANCED_FACE('Body.2',(#3034),#3002,.F.) ;
#3052=ADVANCED_FACE('Body.2',(#3051),#3040,.F.) ;
#3076=ADVANCED_FACE('Body.2',(#3075),#3057,.T.) ;
#3102=ADVANCED_FACE('Body.2',(#3101),#3081,.T.) ;
#3137=ADVANCED_FACE('Body.2',(#3136),#3107,.T.) ;
#3147=ADVANCED_FACE('Body.2',(#3146),#3142,.T.) ;
#3152=ADVANCED_FACE('Body.2',(#3151),#3142,.T.) ;
#3163=ADVANCED_FACE('Body.2',(#3162),#3157,.F.) ;
#3257=ADVANCED_FACE('Body.2',(#3248,#3256),#3168,.T.) ;
#3288=ADVANCED_FACE('Body.2',(#3287),#3262,.F.) ;
#3300=ADVANCED_FACE('Body.2',(#3299),#3262,.F.) ;
#3331=ADVANCED_FACE('Body.2',(#3330),#3305,.F.) ;
#3343=ADVANCED_FACE('Body.2',(#3342),#3305,.F.) ;
#3355=ADVANCED_FACE('Body.2',(#3354),#3348,.F.) ;
#3367=ADVANCED_FACE('Body.2',(#3366),#3360,.F.) ;
#3374=ADVANCED_FACE('Body.2',(#3373),#3348,.F.) ;
#3386=ADVANCED_FACE('Body.2',(#3385),#3379,.F.) ;
#3398=ADVANCED_FACE('Body.2',(#3397),#3391,.F.) ;
#3405=ADVANCED_FACE('Body.2',(#3404),#3348,.F.) ;
#3436=ADVANCED_FACE('Body.2',(#3435),#3410,.F.) ;
#3448=ADVANCED_FACE('Body.2',(#3447),#3410,.F.) ;
#3501=ADVANCED_FACE('Body.2',(#3476,#3480,#3484,#3492,#3496,#3500),#3453,.F.) ;
#4=APPLICATION_PROTOCOL_DEFINITION('international standard','ap242_managed_model_based_3d_engineering',2014,#1) ;
#2351=B_SPLINE_CURVE_WITH_KNOTS('',5,(#2352,#2353,#2354,#2355,#2356,#2357,#2358,#2359,#2360,#2361,#2362,#2363,#2364,#2365,#2366),.UNSPECIFIED.,.F.,.U.,(6,3,3,3,6),(17.5287092165,42.9777222025,102.724454604,152.168494572,185.362374577),.UNSPECIFIED.) ;
#2418=B_SPLINE_CURVE_WITH_KNOTS('',5,(#2419,#2420,#2421,#2422,#2423,#2424,#2425,#2426,#2427,#2428,#2429,#2430,#2431,#2432,#2433),.UNSPECIFIED.,.F.,.U.,(6,3,3,3,6),(17.5287092165,42.9777222025,102.724454604,152.168494572,185.362523231),.UNSPECIFIED.) ;
#2589=B_SPLINE_CURVE_WITH_KNOTS('',4,(#2590,#2591,#2592,#2593,#2594),.UNSPECIFIED.,.F.,.U.,(5,5),(5.24802469978E-006,2.),.UNSPECIFIED.) ;
#2608=B_SPLINE_CURVE_WITH_KNOTS('',5,(#2609,#2610,#2611,#2612,#2613,#2614),.UNSPECIFIED.,.F.,.U.,(6,6),(1.91848700661,3.42398158485),.UNSPECIFIED.) ;
#2774=B_SPLINE_CURVE_WITH_KNOTS('',4,(#2775,#2776,#2777,#2778,#2779),.UNSPECIFIED.,.F.,.U.,(5,5),(0.,2.),.UNSPECIFIED.) ;
#2785=B_SPLINE_CURVE_WITH_KNOTS('',5,(#2786,#2787,#2788,#2789,#2790,#2791,#2792,#2793,#2794,#2795,#2796,#2797,#2798,#2799,#2800),.UNSPECIFIED.,.F.,.U.,(6,3,3,3,6),(17.5287092165,42.9777222025,102.724454604,152.168494572,185.362463914),.UNSPECIFIED.) ;
#2802=B_SPLINE_CURVE_WITH_KNOTS('',5,(#2803,#2804,#2805,#2806,#2807,#2808,#2809,#2810,#2811,#2812,#2813,#2814,#2815,#2816,#2817),.UNSPECIFIED.,.F.,.U.,(6,3,3,3,6),(17.5287407799,42.9777222025,102.724454604,152.168494572,185.362448502),.UNSPECIFIED.) ;
#2831=B_SPLINE_CURVE_WITH_KNOTS('',5,(#2832,#2833,#2834,#2835,#2836,#2837,#2838,#2839,#2840,#2841,#2842,#2843,#2844,#2845,#2846),.UNSPECIFIED.,.F.,.U.,(6,3,3,3,6),(0.,6.77694915471,13.5538983094,20.3308474641,27.1077966189),.UNSPECIFIED.) ;
#2852=B_SPLINE_CURVE_WITH_KNOTS('',5,(#2853,#2854,#2855,#2856,#2857,#2858,#2859,#2860,#2861,#2862,#2863,#2864,#2865,#2866,#2867),.UNSPECIFIED.,.F.,.U.,(6,3,3,3,6),(27.1077966189,33.8847457736,40.6616949283,47.438644083,54.2155932377),.UNSPECIFIED.) ;
#2874=B_SPLINE_CURVE_WITH_KNOTS('',5,(#2875,#2876,#2877,#2878,#2879,#2880,#2881,#2882,#2883,#2884,#2885,#2886,#2887,#2888,#2889),.UNSPECIFIED.,.F.,.U.,(6,3,3,3,6),(41.24496356,51.55620445,61.86744534,72.17868623,82.48992712),.UNSPECIFIED.) ;
#2895=B_SPLINE_CURVE_WITH_KNOTS('',5,(#2896,#2897,#2898,#2899,#2900,#2901,#2902,#2903,#2904,#2905,#2906,#2907,#2908,#2909,#2910),.UNSPECIFIED.,.F.,.U.,(6,3,3,3,6),(0.,10.31124089,20.62248178,30.93372267,41.24496356),.UNSPECIFIED.) ;
#2977=B_SPLINE_CURVE_WITH_KNOTS('',5,(#2978,#2979,#2980,#2981,#2982,#2983),.UNSPECIFIED.,.F.,.U.,(6,6),(10.186967432,11.6924620103),.UNSPECIFIED.) ;
#3169=B_SPLINE_CURVE_WITH_KNOTS('',5,(#3170,#3171,#3172,#3173,#3174,#3175),.UNSPECIFIED.,.F.,.U.,(6,6),(71.5125270757,93.4210872378),.UNSPECIFIED.) ;
#3177=B_SPLINE_CURVE_WITH_KNOTS('',5,(#3178,#3179,#3180,#3181,#3182,#3183),.UNSPECIFIED.,.F.,.U.,(6,6),(104.499249938,126.4078101),.UNSPECIFIED.) ;
#3185=B_SPLINE_CURVE_WITH_KNOTS('',4,(#3186,#3187,#3188,#3189,#3190),.UNSPECIFIED.,.F.,.U.,(5,5),(5.5390813503,15.4112914181),.UNSPECIFIED.) ;
#3192=B_SPLINE_CURVE_WITH_KNOTS('',5,(#3193,#3194,#3195,#3196,#3197,#3198,#3199,#3200,#3201),.UNSPECIFIED.,.F.,.U.,(6,3,6),(95.784104443,110.030522914,124.276941385),.UNSPECIFIED.) ;
#3203=B_SPLINE_CURVE_WITH_KNOTS('',5,(#3204,#3205,#3206,#3207,#3208,#3209),.UNSPECIFIED.,.F.,.U.,(6,6),(31.2318949672,51.8362787842),.UNSPECIFIED.) ;
#3211=B_SPLINE_CURVE_WITH_KNOTS('',3,(#3212,#3213,#3214,#3215),.UNSPECIFIED.,.F.,.U.,(4,4),(55.5798290722,60.4343643751),.UNSPECIFIED.) ;
#2480=B_SPLINE_SURFACE_WITH_KNOTS('',5,5,((#2481,#2482,#2483,#2484,#2485,#2486,#2487,#2488,#2489),(#2490,#2491,#2492,#2493,#2494,#2495,#2496,#2497,#2498),(#2499,#2500,#2501,#2502,#2503,#2504,#2505,#2506,#2507),(#2508,#2509,#2510,#2511,#2512,#2513,#2514,#2515,#2516),(#2517,#2518,#2519,#2520,#2521,#2522,#2523,#2524,#2525),(#2526,#2527,#2528,#2529,#2530,#2531,#2532,#2533,#2534),(#2535,#2536,#2537,#2538,#2539,#2540,#2541,#2542,#2543),(#2544,#2545,#2546,#2547,#2548,#2549,#2550,#2551,#2552),(#2553,#2554,#2555,#2556,#2557,#2558,#2559,#2560,#2561),(#2562,#2563,#2564,#2565,#2566,#2567,#2568,#2569,#2570),(#2571,#2572,#2573,#2574,#2575,#2576,#2577,#2578,#2579),(#2580,#2581,#2582,#2583,#2584,#2585,#2586,#2587,#2588)),.UNSPECIFIED.,.F.,.F.,.U.,(6,3,3,6),(6,3,6),(17.5287092165,42.9777222025,102.724454604,185.362523231),(0.,1.,2.),.UNSPECIFIED.) ;
#2638=B_SPLINE_SURFACE_WITH_KNOTS('',5,5,((#2639,#2640,#2641,#2642,#2643,#2644,#2645,#2646,#2647),(#2648,#2649,#2650,#2651,#2652,#2653,#2654,#2655,#2656),(#2657,#2658,#2659,#2660,#2661,#2662,#2663,#2664,#2665),(#2666,#2667,#2668,#2669,#2670,#2671,#2672,#2673,#2674),(#2675,#2676,#2677,#2678,#2679,#2680,#2681,#2682,#2683),(#2684,#2685,#2686,#2687,#2688,#2689,#2690,#2691,#2692),(#2693,#2694,#2695,#2696,#2697,#2698,#2699,#2700,#2701),(#2702,#2703,#2704,#2705,#2706,#2707,#2708,#2709,#2710),(#2711,#2712,#2713,#2714,#2715,#2716,#2717,#2718,#2719),(#2720,#2721,#2722,#2723,#2724,#2725,#2726,#2727,#2728),(#2729,#2730,#2731,#2732,#2733,#2734,#2735,#2736,#2737),(#2738,#2739,#2740,#2741,#2742,#2743,#2744,#2745,#2746),(#2747,#2748,#2749,#2750,#2751,#2752,#2753,#2754,#2755),(#2756,#2757,#2758,#2759,#2760,#2761,#2762,#2763,#2764),(#2765,#2766,#2767,#2768,#2769,#2770,#2771,#2772,#2773)),.UNSPECIFIED.,.F.,.F.,.U.,(6,3,3,3,6),(6,3,6),(17.5287092165,42.9777222025,102.724454604,152.168494572,185.362523231),(0.,1.,2.),.UNSPECIFIED.) ;
#22=COLOUR_RGB('Colour',0.,0.501960784314,1.) ;
#69=FACE_OUTER_BOUND('',#64,.T.) ;
#86=FACE_OUTER_BOUND('',#81,.T.) ;
#262=FACE_OUTER_BOUND('',#240,.T.) ;
#593=FACE_OUTER_BOUND('',#588,.T.) ;
#617=FACE_OUTER_BOUND('',#612,.T.) ;
#641=FACE_OUTER_BOUND('',#636,.T.) ;
#665=FACE_OUTER_BOUND('',#660,.T.) ;
#689=FACE_OUTER_BOUND('',#684,.T.) ;
#713=FACE_OUTER_BOUND('',#708,.T.) ;
#737=FACE_OUTER_BOUND('',#732,.T.) ;
#761=FACE_OUTER_BOUND('',#756,.T.) ;
#785=FACE_OUTER_BOUND('',#780,.T.) ;
#804=FACE_OUTER_BOUND('',#799,.T.) ;
#828=FACE_OUTER_BOUND('',#823,.T.) ;
#852=FACE_OUTER_BOUND('',#847,.T.) ;
#876=FACE_OUTER_BOUND('',#871,.T.) ;
#900=FACE_OUTER_BOUND('',#895,.T.) ;
#924=FACE_OUTER_BOUND('',#919,.T.) ;
#948=FACE_OUTER_BOUND('',#943,.T.) ;
#972=FACE_OUTER_BOUND('',#967,.T.) ;
#991=FACE_OUTER_BOUND('',#986,.T.) ;
#1015=FACE_OUTER_BOUND('',#1010,.T.) ;
#1039=FACE_OUTER_BOUND('',#1034,.T.) ;
#1056=FACE_OUTER_BOUND('',#1051,.T.) ;
#1087=FACE_OUTER_BOUND('',#1082,.T.) ;
#1111=FACE_OUTER_BOUND('',#1106,.T.) ;
#1142=FACE_OUTER_BOUND('',#1137,.T.) ;
#1166=FACE_OUTER_BOUND('',#1161,.T.) ;
#1197=FACE_OUTER_BOUND('',#1192,.T.) ;
#1221=FACE_OUTER_BOUND('',#1216,.T.) ;
#1245=FACE_OUTER_BOUND('',#1240,.T.) ;
#1269=FACE_OUTER_BOUND('',#1264,.T.) ;
#1293=FACE_OUTER_BOUND('',#1288,.T.) ;
#1324=FACE_OUTER_BOUND('',#1319,.T.) ;
#1355=FACE_OUTER_BOUND('',#1350,.T.) ;
#1379=FACE_OUTER_BOUND('',#1374,.T.) ;
#1403=FACE_OUTER_BOUND('',#1398,.T.) ;
#1422=FACE_OUTER_BOUND('',#1417,.T.) ;
#1446=FACE_OUTER_BOUND('',#1441,.T.) ;
#1470=FACE_OUTER_BOUND('',#1465,.T.) ;
#1501=FACE_OUTER_BOUND('',#1496,.T.) ;
#1525=FACE_OUTER_BOUND('',#1520,.T.) ;
#1549=FACE_OUTER_BOUND('',#1544,.T.) ;
#1573=FACE_OUTER_BOUND('',#1568,.T.) ;
#1597=FACE_OUTER_BOUND('',#1592,.T.) ;
#1628=FACE_OUTER_BOUND('',#1623,.T.) ;
#1652=FACE_OUTER_BOUND('',#1647,.T.) ;
#1669=FACE_OUTER_BOUND('',#1664,.T.) ;
#1700=FACE_OUTER_BOUND('',#1695,.T.) ;
#1724=FACE_OUTER_BOUND('',#1719,.T.) ;
#1748=FACE_OUTER_BOUND('',#1743,.T.) ;
#1772=FACE_OUTER_BOUND('',#1767,.T.) ;
#1796=FACE_OUTER_BOUND('',#1791,.T.) ;
#1820=FACE_OUTER_BOUND('',#1815,.T.) ;
#1844=FACE_OUTER_BOUND('',#1839,.T.) ;
#1868=FACE_OUTER_BOUND('',#1863,.T.) ;
#1892=FACE_OUTER_BOUND('',#1887,.T.) ;
#1916=FACE_OUTER_BOUND('',#1911,.T.) ;
#1940=FACE_OUTER_BOUND('',#1935,.T.) ;
#1964=FACE_OUTER_BOUND('',#1959,.T.) ;
#1988=FACE_OUTER_BOUND('',#1983,.T.) ;
#2012=FACE_OUTER_BOUND('',#2007,.T.) ;
#2036=FACE_OUTER_BOUND('',#2031,.T.) ;
#2060=FACE_OUTER_BOUND('',#2055,.T.) ;
#2084=FACE_OUTER_BOUND('',#2079,.T.) ;
#2108=FACE_OUTER_BOUND('',#2103,.T.) ;
#2132=FACE_OUTER_BOUND('',#2127,.T.) ;
#2156=FACE_OUTER_BOUND('',#2151,.T.) ;
#2173=FACE_OUTER_BOUND('',#2168,.T.) ;
#2245=FACE_OUTER_BOUND('',#2236,.T.) ;
#2299=FACE_OUTER_BOUND('',#2292,.T.) ;
#2328=FACE_OUTER_BOUND('',#2323,.T.) ;
#2344=FACE_OUTER_BOUND('',#2340,.T.) ;
#2394=FACE_OUTER_BOUND('',#2387,.T.) ;
#2411=FACE_OUTER_BOUND('',#2406,.T.) ;
#2461=FACE_OUTER_BOUND('',#2454,.T.) ;
#2478=FACE_OUTER_BOUND('',#2473,.T.) ;
#2601=FACE_OUTER_BOUND('',#2596,.T.) ;
#2636=FACE_OUTER_BOUND('',#2632,.T.) ;
#2824=FACE_OUTER_BOUND('',#2819,.T.) ;
#2872=FACE_OUTER_BOUND('',#2869,.T.) ;
#2915=FACE_OUTER_BOUND('',#2912,.T.) ;
#2946=FACE_OUTER_BOUND('',#2941,.T.) ;
#2970=FACE_OUTER_BOUND('',#2963,.T.) ;
#2996=FACE_OUTER_BOUND('',#2992,.T.) ;
#3034=FACE_OUTER_BOUND('',#3027,.T.) ;
#3051=FACE_OUTER_BOUND('',#3046,.T.) ;
#3075=FACE_OUTER_BOUND('',#3070,.T.) ;
#3101=FACE_OUTER_BOUND('',#3094,.T.) ;
#3136=FACE_OUTER_BOUND('',#3127,.T.) ;
#3146=FACE_OUTER_BOUND('',#3143,.T.) ;
#3151=FACE_OUTER_BOUND('',#3148,.T.) ;
#3162=FACE_OUTER_BOUND('',#3158,.T.) ;
#3248=FACE_OUTER_BOUND('',#3217,.T.) ;
#3287=FACE_OUTER_BOUND('',#3282,.T.) ;
#3299=FACE_OUTER_BOUND('',#3294,.T.) ;
#3330=FACE_OUTER_BOUND('',#3325,.T.) ;
#3342=FACE_OUTER_BOUND('',#3337,.T.) ;
#3354=FACE_OUTER_BOUND('',#3349,.T.) ;
#3366=FACE_OUTER_BOUND('',#3361,.T.) ;
#3373=FACE_OUTER_BOUND('',#3368,.T.) ;
#3385=FACE_OUTER_BOUND('',#3380,.T.) ;
#3397=FACE_OUTER_BOUND('',#3392,.T.) ;
#3404=FACE_OUTER_BOUND('',#3399,.T.) ;
#3435=FACE_OUTER_BOUND('',#3430,.T.) ;
#3447=FACE_OUTER_BOUND('',#3442,.T.) ;
#3476=FACE_OUTER_BOUND('',#3454,.T.) ;
#9=PRODUCT_CATEGORY_RELATIONSHIP(' ',' ',#7,#8) ;
#6=PRODUCT_DEFINITION_FORMATION_WITH_SPECIFIED_SOURCE('',' ',#5,.NOT_KNOWN.) ;
#20=SHAPE_DEFINITION_REPRESENTATION(#11,#19) ;
#12=(LENGTH_UNIT()NAMED_UNIT(*)SI_UNIT(.MILLI.,.METRE.)) ;
#13=(NAMED_UNIT(*)PLANE_ANGLE_UNIT()SI_UNIT($,.RADIAN.)) ;
#14=(NAMED_UNIT(*)SI_UNIT($,.STERADIAN.)SOLID_ANGLE_UNIT()) ;
#16=(GEOMETRIC_REPRESENTATION_CONTEXT(3)GLOBAL_UNCERTAINTY_ASSIGNED_CONTEXT((#15))GLOBAL_UNIT_ASSIGNED_CONTEXT((#12,#13,#14))REPRESENTATION_CONTEXT(' ',' ')) ;
ENDSEC;
END-ISO-10303-21;
