ISO-10303-21;
HEADER;
FILE_DESCRIPTION(('CATIA V5 STEP Exchange','CAx-IF Rec.Pracs.--- Model Styling and Organization---1.4--- 2014-01-23','CAx-IF Rec.Pracs.---3D Tessellated Data Validation Properties---0.5---2014-09-14'),'2;1');

FILE_NAME('D:\\GrabCAD\\I+D\\SERIE_LEXA\\EKOT-1360-170921A-LEXA_WAIST_SUPPORT\\FAB\\FAB_C\\PDF\\MAQUINADO\\1360.000.003.000.FLECHA.stp','2024-10-31T23:43:56+00:00',('none'),('none'),'CATIA Version 5-6 Release 2018 SP6','CATIA V5 STEP AP242','none');

FILE_SCHEMA(('AP242_MANAGED_MODEL_BASED_3D_ENGINEERING_MIM_LF  {1 0 10303 442 1 1 4}'));

ENDSEC;
DATA;
#5=PRODUCT('1360.000.003.000.FLECHA','','',(#2)) ;
#2=PRODUCT_CONTEXT(' ',#1,'mechanical') ;
#1=APPLICATION_CONTEXT('managed model based 3d engineering') ;
#10=PRODUCT_DEFINITION('',' ',#6,#3) ;
#3=PRODUCT_DEFINITION_CONTEXT('part definition',#1,' ') ;
#11=PRODUCT_DEFINITION_SHAPE(' ',' ',#10) ;
#1968=MECHANICAL_DESIGN_GEOMETRIC_PRESENTATION_REPRESENTATION(' ',(#62,#337,#392,#433,#481,#510,#565,#594,#642,#671,#719,#748,#787,#805,#837,#855,#887,#905,#937,#955,#1139,#1151,#1217,#1224,#1247,#1255,#1278,#1286,#1309,#1317,#1340,#1348,#1453,#1466,#1552,#1565,#1675,#1743,#1778,#1791,#1799,#1843,#1856,#1888,#1906,#1957,#1965,#29),#16) ;
#19=SHAPE_REPRESENTATION(' ',(#18),#16) ;
#7=PRODUCT_CATEGORY('part','specification') ;
#17=CARTESIAN_POINT(' ',(0.,0.,0.)) ;
#31=CARTESIAN_POINT('Axis2P3D Location',(-18.5,0.,0.)) ;
#36=CARTESIAN_POINT('Axis2P3D Location',(-18.5,0.,0.)) ;
#40=CARTESIAN_POINT('Vertex',(-18.5,-2.067,2.53134493384E-016)) ;
#42=CARTESIAN_POINT('Vertex',(-18.5,2.067,0.)) ;
#45=CARTESIAN_POINT('Axis2P3D Location',(-18.5,0.,0.)) ;
#63=CARTESIAN_POINT('Axis2P3D Location',(-0.5,-1.7763568394E-015,8.881784197E-016)) ;
#68=CARTESIAN_POINT('Axis2P3D Location',(-3.5527136788E-015,-1.7763568394E-015,8.881784197E-016)) ;
#72=CARTESIAN_POINT('Vertex',(-3.5527136788E-015,4.8267040904,2.63684046232)) ;
#74=CARTESIAN_POINT('Vertex',(-3.5527136788E-015,-4.8267040904,-2.63684046232)) ;
#77=CARTESIAN_POINT('Axis2P3D Location',(-0.5,-4.8267040904,-2.63684046232)) ;
#81=CARTESIAN_POINT('Vertex',(-0.5,-4.38791280945,-2.39712769302)) ;
#84=CARTESIAN_POINT('Axis2P3D Location',(-0.5,-1.7763568394E-015,8.881784197E-016)) ;
#88=CARTESIAN_POINT('Vertex',(-0.5,4.38791280945,2.39712769302)) ;
#91=CARTESIAN_POINT('Axis2P3D Location',(-0.5,4.8267040904,2.63684046232)) ;
#103=CARTESIAN_POINT('Axis2P3D Location',(-3.5527136788E-015,5.,0.)) ;
#108=CARTESIAN_POINT('Line Origine',(-3.5527136788E-015,24.8553636697,2.19717895482)) ;
#112=CARTESIAN_POINT('Vertex',(-3.5527136788E-015,24.4540364346,1.7)) ;
#114=CARTESIAN_POINT('Vertex',(-3.5527136788E-015,25.2566909047,2.69435790963)) ;
#117=CARTESIAN_POINT('Line Origine',(-3.5527136788E-015,15.2270182173,1.7)) ;
#121=CARTESIAN_POINT('Vertex',(-3.5527136788E-015,6.,1.7)) ;
#124=CARTESIAN_POINT('Line Origine',(-3.5527136788E-015,6.,0.)) ;
#128=CARTESIAN_POINT('Vertex',(-3.5527136788E-015,6.,-1.7)) ;
#131=CARTESIAN_POINT('Line Origine',(-3.5527136788E-015,15.1797127356,-1.7)) ;
#135=CARTESIAN_POINT('Vertex',(-3.5527136788E-015,24.3594254712,-1.7)) ;
#138=CARTESIAN_POINT('Line Origine',(-3.5527136788E-015,24.8126680071,-2.15324253595)) ;
#142=CARTESIAN_POINT('Vertex',(-3.5527136788E-015,25.2659105431,-2.6064850719)) ;
#145=CARTESIAN_POINT('Axis2P3D Location',(-3.5527136788E-015,0.,0.)) ;
#149=CARTESIAN_POINT('Vertex',(-3.5527136788E-015,-22.290597072,-12.1774086805)) ;
#152=CARTESIAN_POINT('Axis2P3D Location',(-3.5527136788E-015,0.,0.)) ;
#156=CARTESIAN_POINT('Vertex',(-3.5527136788E-015,22.290597072,12.1774086805)) ;
#159=CARTESIAN_POINT('Axis2P3D Location',(-3.5527136788E-015,0.,0.)) ;
#174=CARTESIAN_POINT('Axis2P3D Location',(-3.5527136788E-015,-10.5283518163,-10.6066017178)) ;
#178=CARTESIAN_POINT('Vertex',(-3.5527136788E-015,-8.90735181627,-10.6066017178)) ;
#180=CARTESIAN_POINT('Vertex',(-3.5527136788E-015,-12.1493518163,-10.6066017178)) ;
#183=CARTESIAN_POINT('Axis2P3D Location',(-3.5527136788E-015,-10.5283518163,-10.6066017178)) ;
#192=CARTESIAN_POINT('Axis2P3D Location',(-3.5527136788E-015,10.6066017178,-10.6066017178)) ;
#196=CARTESIAN_POINT('Vertex',(-3.5527136788E-015,13.6066017178,-10.6066017178)) ;
#198=CARTESIAN_POINT('Vertex',(-3.5527136788E-015,7.6066017178,-10.6066017178)) ;
#201=CARTESIAN_POINT('Axis2P3D Location',(-3.5527136788E-015,10.6066017178,-10.6066017178)) ;
#210=CARTESIAN_POINT('Axis2P3D Location',(-3.5527136788E-015,-10.6066017178,10.6066017178)) ;
#214=CARTESIAN_POINT('Vertex',(-3.5527136788E-015,-13.6066017178,10.6066017178)) ;
#216=CARTESIAN_POINT('Vertex',(-3.5527136788E-015,-7.6066017178,10.6066017178)) ;
#219=CARTESIAN_POINT('Axis2P3D Location',(-3.5527136788E-015,-10.6066017178,10.6066017178)) ;
#228=CARTESIAN_POINT('Axis2P3D Location',(-3.5527136788E-015,10.5283518163,10.6066017178)) ;
#232=CARTESIAN_POINT('Vertex',(-3.5527136788E-015,8.90735181627,10.6066017178)) ;
#234=CARTESIAN_POINT('Vertex',(-3.5527136788E-015,12.1493518163,10.6066017178)) ;
#237=CARTESIAN_POINT('Axis2P3D Location',(-3.5527136788E-015,10.5283518163,10.6066017178)) ;
#246=CARTESIAN_POINT('Axis2P3D Location',(-3.5527136788E-015,5.65685424949,-5.65685424949)) ;
#250=CARTESIAN_POINT('Vertex',(-3.5527136788E-015,5.6568551384,-3.20685424949)) ;
#252=CARTESIAN_POINT('Vertex',(-3.5527136788E-015,5.65685424949,-8.10685424949)) ;
#255=CARTESIAN_POINT('Axis2P3D Location',(-3.5527136788E-015,5.65685424949,-5.65685424949)) ;
#264=CARTESIAN_POINT('Axis2P3D Location',(-3.5527136788E-015,-5.65685424949,-5.65685424949)) ;
#268=CARTESIAN_POINT('Vertex',(-3.5527136788E-015,-3.20685424949,-5.6568551384)) ;
#270=CARTESIAN_POINT('Vertex',(-3.5527136788E-015,-8.10685424949,-5.65685424949)) ;
#273=CARTESIAN_POINT('Axis2P3D Location',(-3.5527136788E-015,-5.65685424949,-5.65685424949)) ;
#282=CARTESIAN_POINT('Axis2P3D Location',(-3.5527136788E-015,-5.65685424949,5.65685424949)) ;
#286=CARTESIAN_POINT('Vertex',(-3.5527136788E-015,-5.6568551384,3.20685424949)) ;
#288=CARTESIAN_POINT('Vertex',(-3.5527136788E-015,-5.65685424949,8.10685424949)) ;
#291=CARTESIAN_POINT('Axis2P3D Location',(-3.5527136788E-015,-5.65685424949,5.65685424949)) ;
#300=CARTESIAN_POINT('Axis2P3D Location',(-3.5527136788E-015,5.65685424949,5.65685424949)) ;
#304=CARTESIAN_POINT('Vertex',(-3.5527136788E-015,8.10685424949,5.65685424949)) ;
#306=CARTESIAN_POINT('Vertex',(-3.5527136788E-015,3.20685424949,5.65685355503)) ;
#309=CARTESIAN_POINT('Axis2P3D Location',(-3.5527136788E-015,5.65685424949,5.65685424949)) ;
#318=CARTESIAN_POINT('Axis2P3D Location',(-3.5527136788E-015,1.7763568394E-015,-5.42455589768E-016)) ;
#338=CARTESIAN_POINT('Axis2P3D Location',(14.,6.,1.7)) ;
#343=CARTESIAN_POINT('Line Origine',(13.5,6.,2.2)) ;
#347=CARTESIAN_POINT('Vertex',(14.,6.,2.7)) ;
#349=CARTESIAN_POINT('Vertex',(13.,6.,1.7)) ;
#352=CARTESIAN_POINT('Line Origine',(14.,6.,4.4408920985E-016)) ;
#356=CARTESIAN_POINT('Vertex',(14.,6.,-2.7)) ;
#359=CARTESIAN_POINT('Line Origine',(13.5,6.,-2.2)) ;
#363=CARTESIAN_POINT('Vertex',(13.,6.,-1.7)) ;
#366=CARTESIAN_POINT('Line Origine',(6.5,6.,-1.7)) ;
#371=CARTESIAN_POINT('Line Origine',(6.5,6.,1.7)) ;
#393=CARTESIAN_POINT('Axis2P3D Location',(14.,6.,1.7)) ;
#398=CARTESIAN_POINT('Line Origine',(13.,10.5370158401,1.7)) ;
#402=CARTESIAN_POINT('Vertex',(13.,15.0740316803,1.7)) ;
#405=CARTESIAN_POINT('Line Origine',(2.,24.4540364346,1.7)) ;
#409=CARTESIAN_POINT('Vertex',(4.,24.4540364346,1.7)) ;
#412=CARTESIAN_POINT('Line Origine',(4.,19.7640340575,1.7)) ;
#416=CARTESIAN_POINT('Vertex',(4.,15.0740316803,1.7)) ;
#419=CARTESIAN_POINT('Line Origine',(8.5,15.0740316803,1.7)) ;
#434=CARTESIAN_POINT('Axis2P3D Location',(-3.5527136788E-015,-10.5283518163,-10.6066017178)) ;
#439=CARTESIAN_POINT('Axis2P3D Location',(4.,-10.5283518163,-10.6066017178)) ;
#443=CARTESIAN_POINT('Vertex',(4.,-12.1493518163,-10.6066017178)) ;
#445=CARTESIAN_POINT('Vertex',(4.,-10.3331543901,-12.2158061687)) ;
#448=CARTESIAN_POINT('Line Origine',(-13.4050000002,-10.3331543901,-12.2158061687)) ;
#452=CARTESIAN_POINT('Vertex',(7.,-10.3331543901,-12.2158061687)) ;
#455=CARTESIAN_POINT('Axis2P3D Location',(7.,-10.5283518163,-10.6066017178)) ;
#459=CARTESIAN_POINT('Vertex',(7.,-8.90735181627,-10.6066017178)) ;
#462=CARTESIAN_POINT('Line Origine',(-13.4050000002,-8.90735181627,-10.6066017178)) ;
#467=CARTESIAN_POINT('Line Origine',(-13.4050000002,-12.1493518163,-10.6066017178)) ;
#482=CARTESIAN_POINT('Axis2P3D Location',(7.,-10.5283518163,-10.6066017178)) ;
#486=CARTESIAN_POINT('Vertex',(7.,-12.1389575261,-10.4233252938)) ;
#489=CARTESIAN_POINT('Line Origine',(-13.4050000002,-12.1389575261,-10.4233252938)) ;
#493=CARTESIAN_POINT('Vertex',(4.,-12.1389575261,-10.4233252938)) ;
#496=CARTESIAN_POINT('Axis2P3D Location',(4.,-10.5283518163,-10.6066017178)) ;
#511=CARTESIAN_POINT('Axis2P3D Location',(-3.5527136788E-015,10.6066017178,-10.6066017178)) ;
#516=CARTESIAN_POINT('Line Origine',(-13.4050000002,7.6066017178,-10.6066017178)) ;
#520=CARTESIAN_POINT('Vertex',(7.,7.6066017178,-10.6066017178)) ;
#523=CARTESIAN_POINT('Axis2P3D Location',(7.,10.6066017178,-10.6066017178)) ;
#527=CARTESIAN_POINT('Vertex',(7.,9.06818020793,-13.1821131734)) ;
#530=CARTESIAN_POINT('Line Origine',(-13.4050000002,9.06818020793,-13.1821131734)) ;
#534=CARTESIAN_POINT('Vertex',(4.,9.06818020793,-13.1821131734)) ;
#537=CARTESIAN_POINT('Axis2P3D Location',(4.,10.6066017178,-10.6066017178)) ;
#541=CARTESIAN_POINT('Vertex',(4.,13.6066017178,-10.6066017178)) ;
#544=CARTESIAN_POINT('Line Origine',(-13.4050000002,13.6066017178,-10.6066017178)) ;
#566=CARTESIAN_POINT('Axis2P3D Location',(4.,10.6066017178,-10.6066017178)) ;
#570=CARTESIAN_POINT('Vertex',(4.,13.1821131734,-9.06818020793)) ;
#573=CARTESIAN_POINT('Line Origine',(-13.4050000002,13.1821131734,-9.06818020793)) ;
#577=CARTESIAN_POINT('Vertex',(7.,13.1821131734,-9.06818020793)) ;
#580=CARTESIAN_POINT('Axis2P3D Location',(7.,10.6066017178,-10.6066017178)) ;
#595=CARTESIAN_POINT('Axis2P3D Location',(-3.5527136788E-015,-10.6066017178,10.6066017178)) ;
#600=CARTESIAN_POINT('Line Origine',(-13.4050000002,-7.6066017178,10.6066017178)) ;
#604=CARTESIAN_POINT('Vertex',(7.,-7.6066017178,10.6066017178)) ;
#607=CARTESIAN_POINT('Axis2P3D Location',(7.,-10.6066017178,10.6066017178)) ;
#611=CARTESIAN_POINT('Vertex',(7.,-9.06818020793,13.1821131734)) ;
#614=CARTESIAN_POINT('Line Origine',(-13.4050000002,-9.06818020793,13.1821131734)) ;
#618=CARTESIAN_POINT('Vertex',(4.,-9.06818020793,13.1821131734)) ;
#621=CARTESIAN_POINT('Axis2P3D Location',(4.,-10.6066017178,10.6066017178)) ;
#625=CARTESIAN_POINT('Vertex',(4.,-13.6066017178,10.6066017178)) ;
#628=CARTESIAN_POINT('Line Origine',(-13.4050000002,-13.6066017178,10.6066017178)) ;
#643=CARTESIAN_POINT('Axis2P3D Location',(4.,-10.6066017178,10.6066017178)) ;
#647=CARTESIAN_POINT('Vertex',(4.,-13.1821131734,9.06818020793)) ;
#650=CARTESIAN_POINT('Line Origine',(-13.4050000002,-13.1821131734,9.06818020793)) ;
#654=CARTESIAN_POINT('Vertex',(7.,-13.1821131734,9.06818020793)) ;
#657=CARTESIAN_POINT('Axis2P3D Location',(7.,-10.6066017178,10.6066017178)) ;
#672=CARTESIAN_POINT('Axis2P3D Location',(-3.5527136788E-015,10.5283518163,10.6066017178)) ;
#677=CARTESIAN_POINT('Axis2P3D Location',(4.,10.5283518163,10.6066017178)) ;
#681=CARTESIAN_POINT('Vertex',(4.,12.1493518163,10.6066017178)) ;
#683=CARTESIAN_POINT('Vertex',(4.,10.3331543901,12.2158061687)) ;
#686=CARTESIAN_POINT('Line Origine',(-13.4050000002,10.3331543901,12.2158061687)) ;
#690=CARTESIAN_POINT('Vertex',(7.,10.3331543901,12.2158061687)) ;
#693=CARTESIAN_POINT('Axis2P3D Location',(7.,10.5283518163,10.6066017178)) ;
#697=CARTESIAN_POINT('Vertex',(7.,8.90735181627,10.6066017178)) ;
#700=CARTESIAN_POINT('Line Origine',(-13.4050000002,8.90735181627,10.6066017178)) ;
#705=CARTESIAN_POINT('Line Origine',(-13.4050000002,12.1493518163,10.6066017178)) ;
#720=CARTESIAN_POINT('Axis2P3D Location',(7.,10.5283518163,10.6066017178)) ;
#724=CARTESIAN_POINT('Vertex',(7.,12.1389575261,10.4233252938)) ;
#727=CARTESIAN_POINT('Line Origine',(-13.4050000002,12.1389575261,10.4233252938)) ;
#731=CARTESIAN_POINT('Vertex',(4.,12.1389575261,10.4233252938)) ;
#734=CARTESIAN_POINT('Axis2P3D Location',(4.,10.5283518163,10.6066017178)) ;
#749=CARTESIAN_POINT('Axis2P3D Location',(4.9,5.65685424949,-5.65685424949)) ;
#754=CARTESIAN_POINT('Line Origine',(0.8,5.65685424949,-7.70685424949)) ;
#758=CARTESIAN_POINT('Vertex',(1.6,5.65685424949,-7.30685424949)) ;
#761=CARTESIAN_POINT('Axis2P3D Location',(1.6,5.65685424949,-5.65685424949)) ;
#765=CARTESIAN_POINT('Vertex',(1.6,5.65685424949,-4.00685424949)) ;
#768=CARTESIAN_POINT('Line Origine',(0.8,5.65685424949,-3.60685424949)) ;
#788=CARTESIAN_POINT('Axis2P3D Location',(4.9,5.65685424949,-5.65685424949)) ;
#793=CARTESIAN_POINT('Axis2P3D Location',(1.6,5.65685424949,-5.65685424949)) ;
#806=CARTESIAN_POINT('Axis2P3D Location',(4.9,-5.65685424949,-5.65685424949)) ;
#811=CARTESIAN_POINT('Line Origine',(0.8,-7.70685424949,-5.65685424949)) ;
#815=CARTESIAN_POINT('Vertex',(1.6,-7.30685424949,-5.65685424949)) ;
#818=CARTESIAN_POINT('Axis2P3D Location',(1.6,-5.65685424949,-5.65685424949)) ;
#822=CARTESIAN_POINT('Vertex',(1.6,-4.00685424949,-5.65685424949)) ;
#825=CARTESIAN_POINT('Line Origine',(0.8,-3.60685424949,-5.65685424949)) ;
#838=CARTESIAN_POINT('Axis2P3D Location',(4.9,-5.65685424949,-5.65685424949)) ;
#843=CARTESIAN_POINT('Axis2P3D Location',(1.6,-5.65685424949,-5.65685424949)) ;
#856=CARTESIAN_POINT('Axis2P3D Location',(4.9,-5.65685424949,5.65685424949)) ;
#861=CARTESIAN_POINT('Line Origine',(0.8,-5.65685424949,7.70685424949)) ;
#865=CARTESIAN_POINT('Vertex',(1.6,-5.65685424949,7.30685424949)) ;
#868=CARTESIAN_POINT('Axis2P3D Location',(1.6,-5.65685424949,5.65685424949)) ;
#872=CARTESIAN_POINT('Vertex',(1.6,-5.65685424949,4.00685424949)) ;
#875=CARTESIAN_POINT('Line Origine',(0.8,-5.65685424949,3.60685424949)) ;
#888=CARTESIAN_POINT('Axis2P3D Location',(4.9,-5.65685424949,5.65685424949)) ;
#893=CARTESIAN_POINT('Axis2P3D Location',(1.6,-5.65685424949,5.65685424949)) ;
#906=CARTESIAN_POINT('Axis2P3D Location',(4.9,5.65685424949,5.65685424949)) ;
#911=CARTESIAN_POINT('Line Origine',(0.8,3.60685424949,5.65685424949)) ;
#915=CARTESIAN_POINT('Vertex',(1.6,4.00685424949,5.65685424949)) ;
#918=CARTESIAN_POINT('Axis2P3D Location',(1.6,5.65685424949,5.65685424949)) ;
#922=CARTESIAN_POINT('Vertex',(1.6,7.30685424949,5.65685424949)) ;
#925=CARTESIAN_POINT('Line Origine',(0.8,7.70685424949,5.65685424949)) ;
#938=CARTESIAN_POINT('Axis2P3D Location',(4.9,5.65685424949,5.65685424949)) ;
#943=CARTESIAN_POINT('Axis2P3D Location',(1.6,5.65685424949,5.65685424949)) ;
#956=CARTESIAN_POINT('Axis2P3D Location',(14.,16.,0.)) ;
#961=CARTESIAN_POINT('Axis2P3D Location',(14.,0.,0.)) ;
#965=CARTESIAN_POINT('Vertex',(14.,15.7705421594,2.7)) ;
#967=CARTESIAN_POINT('Vertex',(14.,14.0413209902,7.67080861767)) ;
#970=CARTESIAN_POINT('Axis2P3D Location',(14.,0.,0.)) ;
#974=CARTESIAN_POINT('Vertex',(14.,-14.0413209902,-7.67080861767)) ;
#977=CARTESIAN_POINT('Axis2P3D Location',(14.,0.,0.)) ;
#981=CARTESIAN_POINT('Vertex',(14.,15.7705421594,-2.7)) ;
#984=CARTESIAN_POINT('Line Origine',(14.,10.8852710797,-2.7)) ;
#989=CARTESIAN_POINT('Line Origine',(14.,10.8852710797,2.7)) ;
#1002=CARTESIAN_POINT('Axis2P3D Location',(14.,5.65685424949,5.65685424949)) ;
#1006=CARTESIAN_POINT('Vertex',(14.,7.30685424949,5.65685424949)) ;
#1008=CARTESIAN_POINT('Vertex',(14.,4.00685424949,5.65685424949)) ;
#1011=CARTESIAN_POINT('Axis2P3D Location',(14.,5.65685424949,5.65685424949)) ;
#1020=CARTESIAN_POINT('Axis2P3D Location',(14.,5.3290705182E-015,-1.80818529923E-016)) ;
#1024=CARTESIAN_POINT('Vertex',(14.,-4.8267040904,-2.63684046232)) ;
#1026=CARTESIAN_POINT('Vertex',(14.,4.8267040904,2.63684046232)) ;
#1029=CARTESIAN_POINT('Axis2P3D Location',(14.,5.3290705182E-015,-1.80818529923E-016)) ;
#1038=CARTESIAN_POINT('Axis2P3D Location',(14.,5.65685424949,-5.65685424949)) ;
#1042=CARTESIAN_POINT('Vertex',(14.,5.65685424949,-7.30685424949)) ;
#1044=CARTESIAN_POINT('Vertex',(14.,5.65685424949,-4.00685424949)) ;
#1047=CARTESIAN_POINT('Axis2P3D Location',(14.,5.65685424949,-5.65685424949)) ;
#1056=CARTESIAN_POINT('Axis2P3D Location',(14.,-5.65685424949,-5.65685424949)) ;
#1060=CARTESIAN_POINT('Vertex',(14.,-7.30685424949,-5.65685424949)) ;
#1062=CARTESIAN_POINT('Vertex',(14.,-4.00685424949,-5.65685424949)) ;
#1065=CARTESIAN_POINT('Axis2P3D Location',(14.,-5.65685424949,-5.65685424949)) ;
#1074=CARTESIAN_POINT('Axis2P3D Location',(14.,-5.65685424949,5.65685424949)) ;
#1078=CARTESIAN_POINT('Vertex',(14.,-5.65685424949,7.30685424949)) ;
#1080=CARTESIAN_POINT('Vertex',(14.,-5.65685424949,4.00685424949)) ;
#1083=CARTESIAN_POINT('Axis2P3D Location',(14.,-5.65685424949,5.65685424949)) ;
#1093=CARTESIAN_POINT('Axis2P3D Location',(7.,15.7729649396,2.68581030872)) ;
#1098=CARTESIAN_POINT('Line Origine',(4.,15.4234983099,2.19290515436)) ;
#1102=CARTESIAN_POINT('Vertex',(4.,15.7729649396,2.68581030872)) ;
#1105=CARTESIAN_POINT('Line Origine',(7.,15.7729649396,2.68581030872)) ;
#1109=CARTESIAN_POINT('Vertex',(13.9858103087,15.7729649396,2.68581030872)) ;
#1113=CARTESIAN_POINT('Control Point',(13.,15.0740316803,1.7)) ;
#1114=CARTESIAN_POINT('Control Point',(13.9858103087,15.7729649396,2.68581030872)) ;
#1123=CARTESIAN_POINT('Axis2P3D Location',(7.,10.5283518163,10.6066017178)) ;
#1128=CARTESIAN_POINT('Axis2P3D Location',(7.,1.7763568394E-015,1.7763568394E-015)) ;
#1140=CARTESIAN_POINT('Axis2P3D Location',(7.,1.7763568394E-015,1.7763568394E-015)) ;
#1152=CARTESIAN_POINT('Axis2P3D Location',(-3.5,0.,0.)) ;
#1157=CARTESIAN_POINT('Axis2P3D Location',(4.,0.,0.)) ;
#1161=CARTESIAN_POINT('Vertex',(4.,-14.0413209902,-7.67080861767)) ;
#1164=CARTESIAN_POINT('Line Origine',(9.,-14.0413209902,-7.67080861767)) ;
#1169=CARTESIAN_POINT('Line Origine',(9.,14.0413209902,7.67080861767)) ;
#1173=CARTESIAN_POINT('Vertex',(4.,14.0413209902,7.67080861767)) ;
#1176=CARTESIAN_POINT('Axis2P3D Location',(4.,0.,0.)) ;
#1181=CARTESIAN_POINT('Axis2P3D Location',(7.,0.,0.)) ;
#1186=CARTESIAN_POINT('Axis2P3D Location',(4.,0.,0.)) ;
#1191=CARTESIAN_POINT('Axis2P3D Location',(7.,0.,0.)) ;
#1225=CARTESIAN_POINT('Axis2P3D Location',(-3.5527136788E-015,5.65685424949,-5.65685424949)) ;
#1230=CARTESIAN_POINT('Line Origine',(-9.90500000017,5.65685424949,-7.30685424949)) ;
#1235=CARTESIAN_POINT('Line Origine',(-9.90500000017,5.65685424949,-4.00685424949)) ;
#1256=CARTESIAN_POINT('Axis2P3D Location',(-3.5527136788E-015,-5.65685424949,-5.65685424949)) ;
#1261=CARTESIAN_POINT('Line Origine',(-9.90500000017,-7.30685424949,-5.65685424949)) ;
#1266=CARTESIAN_POINT('Line Origine',(-9.90500000017,-4.00685424949,-5.65685424949)) ;
#1287=CARTESIAN_POINT('Axis2P3D Location',(-3.5527136788E-015,-5.65685424949,5.65685424949)) ;
#1292=CARTESIAN_POINT('Line Origine',(-9.90500000017,-5.65685424949,7.30685424949)) ;
#1297=CARTESIAN_POINT('Line Origine',(-9.90500000017,-5.65685424949,4.00685424949)) ;
#1318=CARTESIAN_POINT('Axis2P3D Location',(-3.5527136788E-015,5.65685424949,5.65685424949)) ;
#1323=CARTESIAN_POINT('Line Origine',(-9.90500000017,4.00685424949,5.65685424949)) ;
#1328=CARTESIAN_POINT('Line Origine',(-9.90500000017,7.30685424949,5.65685424949)) ;
#1349=CARTESIAN_POINT('Axis2P3D Location',(4.,0.,0.)) ;
#1355=CARTESIAN_POINT('Control Point',(13.9858103086,15.7729649396,2.68581030856)) ;
#1356=CARTESIAN_POINT('Control Point',(13.9929054307,15.7717567869,2.69290543075)) ;
#1357=CARTESIAN_POINT('Control Point',(14.0000000002,15.7705421594,2.70000000016)) ;
#1367=CARTESIAN_POINT('Axis2P3D Location',(14.5,1.17961196366E-015,-3.10862446895E-015)) ;
#1372=CARTESIAN_POINT('Axis2P3D Location',(14.5,1.17961196366E-015,-3.10862446895E-015)) ;
#1376=CARTESIAN_POINT('Vertex',(14.5,-4.38791280945,-2.39712769302)) ;
#1378=CARTESIAN_POINT('Vertex',(14.5,4.38791280945,2.39712769302)) ;
#1381=CARTESIAN_POINT('Axis2P3D Location',(14.5,4.8267040904,2.63684046232)) ;
#1386=CARTESIAN_POINT('Axis2P3D Location',(14.5,-4.8267040904,-2.63684046232)) ;
#1398=CARTESIAN_POINT('Axis2P3D Location',(14.5,-1.7763568394E-015,8.881784197E-016)) ;
#1403=CARTESIAN_POINT('Axis2P3D Location',(14.5,-1.7763568394E-015,8.881784197E-016)) ;
#1415=CARTESIAN_POINT('Axis2P3D Location',(-3.5,0.,0.)) ;
#1420=CARTESIAN_POINT('Line Origine',(-3.5,4.38791280945,2.39712769302)) ;
#1424=CARTESIAN_POINT('Vertex',(25.5,4.38791280945,2.39712769302)) ;
#1427=CARTESIAN_POINT('Line Origine',(-3.5,-4.38791280945,-2.39712769302)) ;
#1431=CARTESIAN_POINT('Vertex',(25.5,-4.38791280945,-2.39712769302)) ;
#1434=CARTESIAN_POINT('Axis2P3D Location',(25.5,0.,0.)) ;
#1454=CARTESIAN_POINT('Axis2P3D Location',(25.5,0.,0.)) ;
#1467=CARTESIAN_POINT('Axis2P3D Location',(26.5,0.,0.)) ;
#1472=CARTESIAN_POINT('Axis2P3D Location',(26.5,3.41860033135E-016,0.)) ;
#1476=CARTESIAN_POINT('Vertex',(26.5,-3.51033024756,-1.91770215442)) ;
#1478=CARTESIAN_POINT('Vertex',(26.5,3.51033024756,1.91770215442)) ;
#1481=CARTESIAN_POINT('Axis2P3D Location',(26.5,3.41860033135E-016,0.)) ;
#1491=CARTESIAN_POINT('Axis2P3D Location',(7.,14.9332957914,-1.7)) ;
#1497=CARTESIAN_POINT('Control Point',(13.,14.9332957914,-1.7)) ;
#1498=CARTESIAN_POINT('Control Point',(13.8604960296,15.7937918209,-2.56049602957)) ;
#1499=CARTESIAN_POINT('Vertex',(13.8604960296,15.7937918209,-2.56049602957)) ;
#1501=CARTESIAN_POINT('Vertex',(13.,14.9332957914,-1.7)) ;
#1504=CARTESIAN_POINT('Line Origine',(7.,15.7937918209,-2.56049602957)) ;
#1508=CARTESIAN_POINT('Vertex',(4.,15.7937918209,-2.56049602957)) ;
#1511=CARTESIAN_POINT('Line Origine',(4.,15.3635438061,-2.13024801478)) ;
#1515=CARTESIAN_POINT('Vertex',(4.,14.9332957914,-1.7)) ;
#1518=CARTESIAN_POINT('Line Origine',(7.,14.9332957914,-1.7)) ;
#1530=CARTESIAN_POINT('Axis2P3D Location',(30.5,2.22044604925E-016,7.88258347484E-015)) ;
#1535=CARTESIAN_POINT('Line Origine',(26.,-3.94912152851,-2.15741492372)) ;
#1540=CARTESIAN_POINT('Line Origine',(26.,3.94912152851,2.15741492372)) ;
#1553=CARTESIAN_POINT('Axis2P3D Location',(30.5,9.5895513752E-015,2.22044604925E-015)) ;
#1566=CARTESIAN_POINT('Axis2P3D Location',(4.,0.,0.)) ;
#1571=CARTESIAN_POINT('Axis2P3D Location',(4.,0.,0.)) ;
#1576=CARTESIAN_POINT('Axis2P3D Location',(4.,0.,0.)) ;
#1582=CARTESIAN_POINT('Control Point',(13.8604960296,15.7937918209,-2.56049602957)) ;
#1583=CARTESIAN_POINT('Control Point',(13.9070145124,15.7862502253,-2.60701451242)) ;
#1584=CARTESIAN_POINT('Control Point',(13.9535162385,15.7785004245,-2.65351623847)) ;
#1585=CARTESIAN_POINT('Control Point',(14.,15.7705421594,-2.7)) ;
#1603=CARTESIAN_POINT('Axis2P3D Location',(4.,25.4,0.)) ;
#1608=CARTESIAN_POINT('Line Origine',(4.,19.6463606313,-1.7)) ;
#1612=CARTESIAN_POINT('Vertex',(4.,24.3594254712,-1.7)) ;
#1615=CARTESIAN_POINT('Line Origine',(4.,24.8553636697,2.19717895482)) ;
#1619=CARTESIAN_POINT('Vertex',(4.,25.2566909047,2.69435790963)) ;
#1622=CARTESIAN_POINT('Axis2P3D Location',(4.,0.,0.)) ;
#1626=CARTESIAN_POINT('Vertex',(4.,22.290597072,12.1774086805)) ;
#1629=CARTESIAN_POINT('Axis2P3D Location',(4.,0.,0.)) ;
#1633=CARTESIAN_POINT('Vertex',(4.,-22.290597072,-12.1774086805)) ;
#1636=CARTESIAN_POINT('Axis2P3D Location',(4.,0.,0.)) ;
#1640=CARTESIAN_POINT('Vertex',(4.,25.2659105431,-2.6064850719)) ;
#1643=CARTESIAN_POINT('Line Origine',(4.,24.8126680071,-2.15324253595)) ;
#1676=CARTESIAN_POINT('Axis2P3D Location',(13.,2.8362761006,-1.7)) ;
#1681=CARTESIAN_POINT('Line Origine',(13.,2.8362761006,-1.7)) ;
#1694=CARTESIAN_POINT('Axis2P3D Location',(13.,2.89512536682,1.7)) ;
#1707=CARTESIAN_POINT('Axis2P3D Location',(7.,25.2566909047,2.69435790963)) ;
#1712=CARTESIAN_POINT('Line Origine',(7.,25.2566909047,2.69435790963)) ;
#1724=CARTESIAN_POINT('Axis2P3D Location',(14.,6.,-1.7)) ;
#1729=CARTESIAN_POINT('Line Origine',(2.,24.3594254712,-1.7)) ;
#1744=CARTESIAN_POINT('Axis2P3D Location',(7.,24.3594254712,-1.7)) ;
#1749=CARTESIAN_POINT('Line Origine',(7.,25.2659105431,-2.6064850719)) ;
#1761=CARTESIAN_POINT('Axis2P3D Location',(-3.5,0.,0.)) ;
#1766=CARTESIAN_POINT('Line Origine',(2.,-22.290597072,-12.1774086805)) ;
#1779=CARTESIAN_POINT('Line Origine',(2.,22.290597072,12.1774086805)) ;
#1800=CARTESIAN_POINT('Axis2P3D Location',(-0.5,-5.27355936697E-016,0.)) ;
#1805=CARTESIAN_POINT('Axis2P3D Location',(-0.5,-5.27355936697E-016,0.)) ;
#1817=CARTESIAN_POINT('Line Origine',(-3.5,-4.38791280945,-2.39712769302)) ;
#1821=CARTESIAN_POINT('Vertex',(-32.5,-4.38791280945,-2.39712769302)) ;
#1824=CARTESIAN_POINT('Line Origine',(-3.5,4.38791280945,2.39712769302)) ;
#1828=CARTESIAN_POINT('Vertex',(-32.5,4.38791280945,2.39712769302)) ;
#1831=CARTESIAN_POINT('Axis2P3D Location',(-32.5,0.,0.)) ;
#1844=CARTESIAN_POINT('Axis2P3D Location',(-32.5,0.,0.)) ;
#1857=CARTESIAN_POINT('Axis2P3D Location',(-37.5,9.5895513752E-015,2.22044604925E-015)) ;
#1862=CARTESIAN_POINT('Line Origine',(-33.,3.94912152851,2.15741492372)) ;
#1866=CARTESIAN_POINT('Vertex',(-33.5,3.51033024756,1.91770215442)) ;
#1869=CARTESIAN_POINT('Axis2P3D Location',(-33.5,7.07767178199E-016,4.4408920985E-016)) ;
#1873=CARTESIAN_POINT('Vertex',(-33.5,-3.51033024756,-1.91770215442)) ;
#1876=CARTESIAN_POINT('Line Origine',(-33.,-3.94912152851,-2.15741492372)) ;
#1889=CARTESIAN_POINT('Axis2P3D Location',(-37.5,2.22044604925E-016,7.88258347484E-015)) ;
#1894=CARTESIAN_POINT('Axis2P3D Location',(-33.5,1.11022302463E-015,1.22124532709E-015)) ;
#1907=CARTESIAN_POINT('Axis2P3D Location',(-33.5,5.,0.)) ;
#1916=CARTESIAN_POINT('Axis2P3D Location',(-33.5,0.,0.)) ;
#1920=CARTESIAN_POINT('Vertex',(-33.5,-2.067,2.53134493384E-016)) ;
#1922=CARTESIAN_POINT('Vertex',(-33.5,2.067,0.)) ;
#1925=CARTESIAN_POINT('Axis2P3D Location',(-33.5,0.,0.)) ;
#1935=CARTESIAN_POINT('Axis2P3D Location',(-33.5,0.,0.)) ;
#1940=CARTESIAN_POINT('Line Origine',(-26.1550000002,-2.067,2.53134493384E-016)) ;
#1945=CARTESIAN_POINT('Line Origine',(-26.1550000002,2.067,-5.06268986768E-016)) ;
#8=PRODUCT_RELATED_PRODUCT_CATEGORY('part',$,(#5)) ;
#29=STYLED_ITEM(' ',(#28),#21) ;
#28=PRESENTATION_STYLE_ASSIGNMENT((#27)) ;
#61=PRESENTATION_STYLE_ASSIGNMENT((#60)) ;
#336=PRESENTATION_STYLE_ASSIGNMENT((#335)) ;
#391=PRESENTATION_STYLE_ASSIGNMENT((#390)) ;
#564=PRESENTATION_STYLE_ASSIGNMENT((#563)) ;
#786=PRESENTATION_STYLE_ASSIGNMENT((#785)) ;
#1452=PRESENTATION_STYLE_ASSIGNMENT((#1451)) ;
#27=SURFACE_STYLE_USAGE(.BOTH.,#26) ;
#60=SURFACE_STYLE_USAGE(.BOTH.,#59) ;
#335=SURFACE_STYLE_USAGE(.BOTH.,#334) ;
#390=SURFACE_STYLE_USAGE(.BOTH.,#389) ;
#563=SURFACE_STYLE_USAGE(.BOTH.,#562) ;
#785=SURFACE_STYLE_USAGE(.BOTH.,#784) ;
#1451=SURFACE_STYLE_USAGE(.BOTH.,#1450) ;
#26=SURFACE_SIDE_STYLE(' ',(#25)) ;
#59=SURFACE_SIDE_STYLE(' ',(#58)) ;
#334=SURFACE_SIDE_STYLE(' ',(#331,#332)) ;
#389=SURFACE_SIDE_STYLE(' ',(#388)) ;
#562=SURFACE_SIDE_STYLE(' ',(#561)) ;
#784=SURFACE_SIDE_STYLE(' ',(#783)) ;
#1450=SURFACE_SIDE_STYLE(' ',(#1449)) ;
#25=SURFACE_STYLE_FILL_AREA(#24) ;
#58=SURFACE_STYLE_FILL_AREA(#57) ;
#331=SURFACE_STYLE_FILL_AREA(#330) ;
#388=SURFACE_STYLE_FILL_AREA(#387) ;
#561=SURFACE_STYLE_FILL_AREA(#560) ;
#783=SURFACE_STYLE_FILL_AREA(#782) ;
#1449=SURFACE_STYLE_FILL_AREA(#1448) ;
#24=FILL_AREA_STYLE(' ',(#23)) ;
#57=FILL_AREA_STYLE(' ',(#56)) ;
#330=FILL_AREA_STYLE(' ',(#329)) ;
#387=FILL_AREA_STYLE(' ',(#386)) ;
#560=FILL_AREA_STYLE(' ',(#559)) ;
#782=FILL_AREA_STYLE(' ',(#781)) ;
#1448=FILL_AREA_STYLE(' ',(#1447)) ;
#23=FILL_AREA_STYLE_COLOUR(' ',#22) ;
#56=FILL_AREA_STYLE_COLOUR(' ',#55) ;
#329=FILL_AREA_STYLE_COLOUR(' ',#328) ;
#386=FILL_AREA_STYLE_COLOUR(' ',#385) ;
#559=FILL_AREA_STYLE_COLOUR(' ',#558) ;
#781=FILL_AREA_STYLE_COLOUR(' ',#780) ;
#1447=FILL_AREA_STYLE_COLOUR(' ',#1446) ;
#110=VECTOR('Line Direction',#109,1.) ;
#119=VECTOR('Line Direction',#118,1.) ;
#126=VECTOR('Line Direction',#125,1.) ;
#133=VECTOR('Line Direction',#132,1.) ;
#140=VECTOR('Line Direction',#139,1.) ;
#345=VECTOR('Line Direction',#344,1.) ;
#354=VECTOR('Line Direction',#353,1.) ;
#361=VECTOR('Line Direction',#360,1.) ;
#368=VECTOR('Line Direction',#367,1.) ;
#373=VECTOR('Line Direction',#372,1.) ;
#400=VECTOR('Line Direction',#399,1.) ;
#407=VECTOR('Line Direction',#406,1.) ;
#414=VECTOR('Line Direction',#413,1.) ;
#421=VECTOR('Line Direction',#420,1.) ;
#450=VECTOR('Line Direction',#449,1.) ;
#464=VECTOR('Line Direction',#463,1.) ;
#469=VECTOR('Line Direction',#468,1.) ;
#491=VECTOR('Line Direction',#490,1.) ;
#518=VECTOR('Line Direction',#517,1.) ;
#532=VECTOR('Line Direction',#531,1.) ;
#546=VECTOR('Line Direction',#545,1.) ;
#575=VECTOR('Line Direction',#574,1.) ;
#602=VECTOR('Line Direction',#601,1.) ;
#616=VECTOR('Line Direction',#615,1.) ;
#630=VECTOR('Line Direction',#629,1.) ;
#652=VECTOR('Line Direction',#651,1.) ;
#688=VECTOR('Line Direction',#687,1.) ;
#702=VECTOR('Line Direction',#701,1.) ;
#707=VECTOR('Line Direction',#706,1.) ;
#729=VECTOR('Line Direction',#728,1.) ;
#756=VECTOR('Line Direction',#755,1.) ;
#770=VECTOR('Line Direction',#769,1.) ;
#813=VECTOR('Line Direction',#812,1.) ;
#827=VECTOR('Line Direction',#826,1.) ;
#863=VECTOR('Line Direction',#862,1.) ;
#877=VECTOR('Line Direction',#876,1.) ;
#913=VECTOR('Line Direction',#912,1.) ;
#927=VECTOR('Line Direction',#926,1.) ;
#986=VECTOR('Line Direction',#985,1.) ;
#991=VECTOR('Line Direction',#990,1.) ;
#1100=VECTOR('Line Direction',#1099,1.) ;
#1107=VECTOR('Line Direction',#1106,1.) ;
#1166=VECTOR('Line Direction',#1165,1.) ;
#1171=VECTOR('Line Direction',#1170,1.) ;
#1232=VECTOR('Line Direction',#1231,1.) ;
#1237=VECTOR('Line Direction',#1236,1.) ;
#1263=VECTOR('Line Direction',#1262,1.) ;
#1268=VECTOR('Line Direction',#1267,1.) ;
#1294=VECTOR('Line Direction',#1293,1.) ;
#1299=VECTOR('Line Direction',#1298,1.) ;
#1325=VECTOR('Line Direction',#1324,1.) ;
#1330=VECTOR('Line Direction',#1329,1.) ;
#1422=VECTOR('Line Direction',#1421,1.) ;
#1429=VECTOR('Line Direction',#1428,1.) ;
#1506=VECTOR('Line Direction',#1505,1.) ;
#1513=VECTOR('Line Direction',#1512,1.) ;
#1520=VECTOR('Line Direction',#1519,1.) ;
#1537=VECTOR('Line Direction',#1536,1.) ;
#1542=VECTOR('Line Direction',#1541,1.) ;
#1610=VECTOR('Line Direction',#1609,1.) ;
#1617=VECTOR('Line Direction',#1616,1.) ;
#1645=VECTOR('Line Direction',#1644,1.) ;
#1683=VECTOR('Line Direction',#1682,1.) ;
#1714=VECTOR('Line Direction',#1713,1.) ;
#1731=VECTOR('Line Direction',#1730,1.) ;
#1751=VECTOR('Line Direction',#1750,1.) ;
#1768=VECTOR('Line Direction',#1767,1.) ;
#1781=VECTOR('Line Direction',#1780,1.) ;
#1819=VECTOR('Line Direction',#1818,1.) ;
#1826=VECTOR('Line Direction',#1825,1.) ;
#1864=VECTOR('Line Direction',#1863,1.) ;
#1878=VECTOR('Line Direction',#1877,1.) ;
#1942=VECTOR('Line Direction',#1941,1.) ;
#1947=VECTOR('Line Direction',#1946,1.) ;
#32=DIRECTION('Axis2P3D Direction',(1.,0.,0.)) ;
#33=DIRECTION('Axis2P3D XDirection',(0.,1.,0.)) ;
#37=DIRECTION('Axis2P3D Direction',(1.,0.,0.)) ;
#46=DIRECTION('Axis2P3D Direction',(1.,0.,0.)) ;
#64=DIRECTION('Axis2P3D Direction',(1.,0.,-0.)) ;
#65=DIRECTION('Axis2P3D XDirection',(0.,-0.87758256189,-0.479425538604)) ;
#69=DIRECTION('Axis2P3D Direction',(1.,0.,-0.)) ;
#78=DIRECTION('Axis2P3D Direction',(0.,-0.479425538604,0.87758256189)) ;
#85=DIRECTION('Axis2P3D Direction',(1.,0.,-0.)) ;
#92=DIRECTION('Axis2P3D Direction',(-0.,0.479425538604,-0.87758256189)) ;
#104=DIRECTION('Axis2P3D Direction',(1.,0.,0.)) ;
#105=DIRECTION('Axis2P3D XDirection',(0.,1.,0.)) ;
#109=DIRECTION('Vector Direction',(0.,0.62810939607,0.778125045586)) ;
#118=DIRECTION('Vector Direction',(0.,-1.,3.60969166358E-017)) ;
#125=DIRECTION('Vector Direction',(0.,0.,-1.)) ;
#132=DIRECTION('Vector Direction',(0.,-1.,-2.17697601427E-016)) ;
#139=DIRECTION('Vector Direction',(0.,-0.707106781187,0.707106781187)) ;
#146=DIRECTION('Axis2P3D Direction',(1.,0.,0.)) ;
#153=DIRECTION('Axis2P3D Direction',(1.,0.,0.)) ;
#160=DIRECTION('Axis2P3D Direction',(1.,0.,0.)) ;
#175=DIRECTION('Axis2P3D Direction',(1.,0.,0.)) ;
#184=DIRECTION('Axis2P3D Direction',(1.,0.,0.)) ;
#193=DIRECTION('Axis2P3D Direction',(1.,0.,0.)) ;
#202=DIRECTION('Axis2P3D Direction',(1.,0.,0.)) ;
#211=DIRECTION('Axis2P3D Direction',(1.,0.,0.)) ;
#220=DIRECTION('Axis2P3D Direction',(1.,0.,0.)) ;
#229=DIRECTION('Axis2P3D Direction',(1.,0.,0.)) ;
#238=DIRECTION('Axis2P3D Direction',(1.,0.,0.)) ;
#247=DIRECTION('Axis2P3D Direction',(1.,0.,0.)) ;
#256=DIRECTION('Axis2P3D Direction',(1.,0.,0.)) ;
#265=DIRECTION('Axis2P3D Direction',(1.,0.,0.)) ;
#274=DIRECTION('Axis2P3D Direction',(1.,0.,0.)) ;
#283=DIRECTION('Axis2P3D Direction',(1.,0.,0.)) ;
#292=DIRECTION('Axis2P3D Direction',(1.,0.,0.)) ;
#301=DIRECTION('Axis2P3D Direction',(1.,0.,0.)) ;
#310=DIRECTION('Axis2P3D Direction',(1.,0.,0.)) ;
#319=DIRECTION('Axis2P3D Direction',(1.,0.,0.)) ;
#339=DIRECTION('Axis2P3D Direction',(0.,1.,0.)) ;
#340=DIRECTION('Axis2P3D XDirection',(0.,0.,-1.)) ;
#344=DIRECTION('Vector Direction',(-0.707106781187,0.,-0.707106781187)) ;
#353=DIRECTION('Vector Direction',(0.,0.,-1.)) ;
#360=DIRECTION('Vector Direction',(-0.707106781187,0.,0.707106781187)) ;
#367=DIRECTION('Vector Direction',(-1.,0.,0.)) ;
#372=DIRECTION('Vector Direction',(-1.,0.,0.)) ;
#394=DIRECTION('Axis2P3D Direction',(0.,-0.,1.)) ;
#395=DIRECTION('Axis2P3D XDirection',(0.,1.,0.)) ;
#399=DIRECTION('Vector Direction',(0.,-1.,0.)) ;
#406=DIRECTION('Vector Direction',(1.,0.,0.)) ;
#413=DIRECTION('Vector Direction',(0.,1.,0.)) ;
#420=DIRECTION('Vector Direction',(1.,0.,0.)) ;
#435=DIRECTION('Axis2P3D Direction',(1.,0.,0.)) ;
#436=DIRECTION('Axis2P3D XDirection',(0.,-1.,-1.22464679915E-016)) ;
#440=DIRECTION('Axis2P3D Direction',(1.,0.,0.)) ;
#449=DIRECTION('Vector Direction',(1.,0.,0.)) ;
#456=DIRECTION('Axis2P3D Direction',(1.,0.,0.)) ;
#463=DIRECTION('Vector Direction',(1.,0.,0.)) ;
#468=DIRECTION('Vector Direction',(1.,0.,0.)) ;
#483=DIRECTION('Axis2P3D Direction',(1.,0.,0.)) ;
#490=DIRECTION('Vector Direction',(1.,0.,0.)) ;
#497=DIRECTION('Axis2P3D Direction',(1.,0.,0.)) ;
#512=DIRECTION('Axis2P3D Direction',(1.,0.,0.)) ;
#513=DIRECTION('Axis2P3D XDirection',(0.,-1.,-1.22464679915E-016)) ;
#517=DIRECTION('Vector Direction',(1.,0.,0.)) ;
#524=DIRECTION('Axis2P3D Direction',(1.,0.,0.)) ;
#531=DIRECTION('Vector Direction',(1.,0.,0.)) ;
#538=DIRECTION('Axis2P3D Direction',(1.,0.,0.)) ;
#545=DIRECTION('Vector Direction',(1.,0.,0.)) ;
#567=DIRECTION('Axis2P3D Direction',(1.,0.,0.)) ;
#574=DIRECTION('Vector Direction',(1.,0.,0.)) ;
#581=DIRECTION('Axis2P3D Direction',(1.,0.,0.)) ;
#596=DIRECTION('Axis2P3D Direction',(1.,0.,-0.)) ;
#597=DIRECTION('Axis2P3D XDirection',(0.,1.,0.)) ;
#601=DIRECTION('Vector Direction',(1.,0.,0.)) ;
#608=DIRECTION('Axis2P3D Direction',(1.,0.,-0.)) ;
#615=DIRECTION('Vector Direction',(1.,0.,0.)) ;
#622=DIRECTION('Axis2P3D Direction',(1.,0.,-0.)) ;
#629=DIRECTION('Vector Direction',(1.,0.,0.)) ;
#644=DIRECTION('Axis2P3D Direction',(1.,0.,-0.)) ;
#651=DIRECTION('Vector Direction',(1.,0.,0.)) ;
#658=DIRECTION('Axis2P3D Direction',(1.,0.,-0.)) ;
#673=DIRECTION('Axis2P3D Direction',(1.,0.,-0.)) ;
#674=DIRECTION('Axis2P3D XDirection',(0.,1.,0.)) ;
#678=DIRECTION('Axis2P3D Direction',(1.,0.,-0.)) ;
#687=DIRECTION('Vector Direction',(1.,0.,0.)) ;
#694=DIRECTION('Axis2P3D Direction',(1.,0.,-0.)) ;
#701=DIRECTION('Vector Direction',(1.,0.,0.)) ;
#706=DIRECTION('Vector Direction',(1.,0.,0.)) ;
#721=DIRECTION('Axis2P3D Direction',(1.,0.,-0.)) ;
#728=DIRECTION('Vector Direction',(1.,0.,0.)) ;
#735=DIRECTION('Axis2P3D Direction',(1.,0.,-0.)) ;
#750=DIRECTION('Axis2P3D Direction',(-1.,5.55111512313E-016,-5.55111512313E-016)) ;
#751=DIRECTION('Axis2P3D XDirection',(4.16500117164E-016,-3.62521880563E-016,-1.)) ;
#755=DIRECTION('Vector Direction',(-0.894427191,4.96506830649E-016,-0.4472135955)) ;
#762=DIRECTION('Axis2P3D Direction',(1.,-5.55111512313E-016,2.01240026842E-031)) ;
#769=DIRECTION('Vector Direction',(-0.894427191,0.,0.4472135955)) ;
#789=DIRECTION('Axis2P3D Direction',(-1.,-3.49720252757E-013,-5.49560397189E-014)) ;
#790=DIRECTION('Axis2P3D XDirection',(-9.07970255418E-014,0.103286772699,0.994651618701)) ;
#794=DIRECTION('Axis2P3D Direction',(1.,3.4034350872E-013,-3.5342005144E-014)) ;
#807=DIRECTION('Axis2P3D Direction',(-1.,-5.55111512313E-016,0.)) ;
#808=DIRECTION('Axis2P3D XDirection',(4.16500117164E-016,-1.,3.62521880563E-016)) ;
#812=DIRECTION('Vector Direction',(-0.894427191,-0.4472135955,0.)) ;
#819=DIRECTION('Axis2P3D Direction',(1.,7.29538975596E-047,2.01240026842E-031)) ;
#826=DIRECTION('Vector Direction',(-0.894427191,0.4472135955,4.96506830649E-016)) ;
#839=DIRECTION('Axis2P3D Direction',(-1.,-5.49560397189E-014,3.49720252757E-013)) ;
#840=DIRECTION('Axis2P3D XDirection',(-9.07970255418E-014,0.994651618701,-0.103286772699)) ;
#844=DIRECTION('Axis2P3D Direction',(1.,-3.5342005144E-014,-3.4034350872E-013)) ;
#857=DIRECTION('Axis2P3D Direction',(-1.,5.55111512313E-016,5.55111512313E-016)) ;
#858=DIRECTION('Axis2P3D XDirection',(4.16500117164E-016,-3.62521880563E-016,1.)) ;
#862=DIRECTION('Vector Direction',(-0.894427191,4.96506830649E-016,0.4472135955)) ;
#869=DIRECTION('Axis2P3D Direction',(1.,-5.55111512313E-016,-2.01240026842E-031)) ;
#876=DIRECTION('Vector Direction',(-0.894427191,4.96506830649E-016,-0.4472135955)) ;
#889=DIRECTION('Axis2P3D Direction',(-1.,3.49720252757E-013,5.49560397189E-014)) ;
#890=DIRECTION('Axis2P3D XDirection',(-9.07970255418E-014,-0.103286772699,-0.994651618701)) ;
#894=DIRECTION('Axis2P3D Direction',(1.,-3.4034350872E-013,3.5342005144E-014)) ;
#907=DIRECTION('Axis2P3D Direction',(-1.,-1.36557432029E-013,-3.71924713249E-014)) ;
#908=DIRECTION('Axis2P3D XDirection',(8.87145249559E-014,-0.809016994375,0.587785252293)) ;
#912=DIRECTION('Vector Direction',(-0.894427191,-0.4472135955,1.29091775969E-014)) ;
#919=DIRECTION('Axis2P3D Direction',(1.,6.48655035172E-014,8.92797063034E-014)) ;
#926=DIRECTION('Vector Direction',(-0.894427191,0.4472135955,1.34056844275E-014)) ;
#939=DIRECTION('Axis2P3D Direction',(-1.,-1.11022302463E-015,5.55111512313E-016)) ;
#940=DIRECTION('Axis2P3D XDirection',(-1.24950035149E-015,1.,-3.62521880563E-016)) ;
#944=DIRECTION('Axis2P3D Direction',(1.,-2.01240026842E-031,-5.55111512313E-016)) ;
#957=DIRECTION('Axis2P3D Direction',(1.,0.,0.)) ;
#958=DIRECTION('Axis2P3D XDirection',(0.,1.,0.)) ;
#962=DIRECTION('Axis2P3D Direction',(1.,0.,0.)) ;
#971=DIRECTION('Axis2P3D Direction',(1.,0.,0.)) ;
#978=DIRECTION('Axis2P3D Direction',(1.,0.,0.)) ;
#985=DIRECTION('Vector Direction',(0.,-1.,0.)) ;
#990=DIRECTION('Vector Direction',(0.,-1.,0.)) ;
#1003=DIRECTION('Axis2P3D Direction',(1.,0.,0.)) ;
#1012=DIRECTION('Axis2P3D Direction',(1.,0.,0.)) ;
#1021=DIRECTION('Axis2P3D Direction',(1.,0.,0.)) ;
#1030=DIRECTION('Axis2P3D Direction',(1.,0.,0.)) ;
#1039=DIRECTION('Axis2P3D Direction',(1.,0.,0.)) ;
#1048=DIRECTION('Axis2P3D Direction',(1.,0.,0.)) ;
#1057=DIRECTION('Axis2P3D Direction',(1.,0.,0.)) ;
#1066=DIRECTION('Axis2P3D Direction',(1.,0.,0.)) ;
#1075=DIRECTION('Axis2P3D Direction',(1.,0.,0.)) ;
#1084=DIRECTION('Axis2P3D Direction',(1.,0.,0.)) ;
#1094=DIRECTION('Axis2P3D Direction',(0.,0.815770321905,-0.57837598662)) ;
#1095=DIRECTION('Axis2P3D XDirection',(1.,0.,0.)) ;
#1099=DIRECTION('Vector Direction',(0.,-0.57837598662,-0.815770321905)) ;
#1106=DIRECTION('Vector Direction',(1.,0.,0.)) ;
#1124=DIRECTION('Axis2P3D Direction',(1.,0.,0.)) ;
#1125=DIRECTION('Axis2P3D XDirection',(0.,1.,0.)) ;
#1129=DIRECTION('Axis2P3D Direction',(1.,0.,0.)) ;
#1141=DIRECTION('Axis2P3D Direction',(1.,0.,0.)) ;
#1153=DIRECTION('Axis2P3D Direction',(1.,0.,0.)) ;
#1154=DIRECTION('Axis2P3D XDirection',(0.,0.87758256189,0.479425538604)) ;
#1158=DIRECTION('Axis2P3D Direction',(1.,0.,0.)) ;
#1165=DIRECTION('Vector Direction',(1.,0.,0.)) ;
#1170=DIRECTION('Vector Direction',(1.,0.,0.)) ;
#1177=DIRECTION('Axis2P3D Direction',(1.,0.,0.)) ;
#1182=DIRECTION('Axis2P3D Direction',(1.,0.,0.)) ;
#1187=DIRECTION('Axis2P3D Direction',(1.,0.,0.)) ;
#1192=DIRECTION('Axis2P3D Direction',(1.,0.,0.)) ;
#1226=DIRECTION('Axis2P3D Direction',(1.,-0.,0.)) ;
#1227=DIRECTION('Axis2P3D XDirection',(0.,6.12323399574E-017,-1.)) ;
#1231=DIRECTION('Vector Direction',(1.,0.,0.)) ;
#1236=DIRECTION('Vector Direction',(1.,0.,0.)) ;
#1257=DIRECTION('Axis2P3D Direction',(1.,0.,0.)) ;
#1258=DIRECTION('Axis2P3D XDirection',(0.,-1.,-1.22464679915E-016)) ;
#1262=DIRECTION('Vector Direction',(1.,0.,0.)) ;
#1267=DIRECTION('Vector Direction',(1.,0.,0.)) ;
#1288=DIRECTION('Axis2P3D Direction',(1.,0.,0.)) ;
#1289=DIRECTION('Axis2P3D XDirection',(0.,-1.83697019872E-016,1.)) ;
#1293=DIRECTION('Vector Direction',(1.,0.,0.)) ;
#1298=DIRECTION('Vector Direction',(1.,0.,0.)) ;
#1319=DIRECTION('Axis2P3D Direction',(1.,0.,0.)) ;
#1320=DIRECTION('Axis2P3D XDirection',(0.,1.,0.)) ;
#1324=DIRECTION('Vector Direction',(1.,0.,0.)) ;
#1329=DIRECTION('Vector Direction',(1.,0.,0.)) ;
#1350=DIRECTION('Axis2P3D Direction',(1.,0.,0.)) ;
#1368=DIRECTION('Axis2P3D Direction',(1.,-0.,0.)) ;
#1369=DIRECTION('Axis2P3D XDirection',(0.,0.87758256189,0.479425538604)) ;
#1373=DIRECTION('Axis2P3D Direction',(1.,-0.,0.)) ;
#1382=DIRECTION('Axis2P3D Direction',(0.,0.479425538604,-0.87758256189)) ;
#1387=DIRECTION('Axis2P3D Direction',(-0.,-0.479425538604,0.87758256189)) ;
#1399=DIRECTION('Axis2P3D Direction',(1.,0.,-0.)) ;
#1400=DIRECTION('Axis2P3D XDirection',(0.,-0.87758256189,-0.479425538604)) ;
#1404=DIRECTION('Axis2P3D Direction',(1.,0.,-0.)) ;
#1416=DIRECTION('Axis2P3D Direction',(1.,0.,0.)) ;
#1417=DIRECTION('Axis2P3D XDirection',(0.,0.87758256189,0.479425538604)) ;
#1421=DIRECTION('Vector Direction',(1.,0.,0.)) ;
#1428=DIRECTION('Vector Direction',(1.,0.,0.)) ;
#1435=DIRECTION('Axis2P3D Direction',(1.,0.,0.)) ;
#1455=DIRECTION('Axis2P3D Direction',(1.,0.,0.)) ;
#1468=DIRECTION('Axis2P3D Direction',(1.,0.,0.)) ;
#1469=DIRECTION('Axis2P3D XDirection',(0.,1.,0.)) ;
#1473=DIRECTION('Axis2P3D Direction',(1.,0.,0.)) ;
#1482=DIRECTION('Axis2P3D Direction',(1.,0.,0.)) ;
#1492=DIRECTION('Axis2P3D Direction',(-0.,-0.707106781187,-0.707106781187)) ;
#1493=DIRECTION('Axis2P3D XDirection',(-1.,0.,0.)) ;
#1505=DIRECTION('Vector Direction',(-1.,0.,0.)) ;
#1512=DIRECTION('Vector Direction',(0.,0.707106781187,-0.707106781187)) ;
#1519=DIRECTION('Vector Direction',(-1.,0.,0.)) ;
#1531=DIRECTION('Axis2P3D Direction',(-1.,2.22044604925E-016,-1.66533453694E-015)) ;
#1532=DIRECTION('Axis2P3D XDirection',(-1.05367121277E-015,-0.853985976599,0.520296023213)) ;
#1536=DIRECTION('Vector Direction',(-0.707106781187,-0.620544580564,-0.339005049421)) ;
#1541=DIRECTION('Vector Direction',(-0.707106781187,0.620544580564,0.339005049421)) ;
#1554=DIRECTION('Axis2P3D Direction',(-1.,-2.22044604925E-015,-4.4408920985E-016)) ;
#1555=DIRECTION('Axis2P3D XDirection',(-2.23905132714E-015,0.87758256189,0.479425538604)) ;
#1567=DIRECTION('Axis2P3D Direction',(1.,0.,0.)) ;
#1572=DIRECTION('Axis2P3D Direction',(1.,0.,0.)) ;
#1577=DIRECTION('Axis2P3D Direction',(1.,0.,0.)) ;
#1604=DIRECTION('Axis2P3D Direction',(1.,0.,0.)) ;
#1605=DIRECTION('Axis2P3D XDirection',(0.,1.,0.)) ;
#1609=DIRECTION('Vector Direction',(0.,1.,0.)) ;
#1616=DIRECTION('Vector Direction',(0.,0.62810939607,0.778125045586)) ;
#1623=DIRECTION('Axis2P3D Direction',(1.,0.,0.)) ;
#1630=DIRECTION('Axis2P3D Direction',(1.,0.,0.)) ;
#1637=DIRECTION('Axis2P3D Direction',(1.,0.,0.)) ;
#1644=DIRECTION('Vector Direction',(0.,-0.707106781187,0.707106781187)) ;
#1677=DIRECTION('Axis2P3D Direction',(0.707106781187,0.,0.707106781187)) ;
#1678=DIRECTION('Axis2P3D XDirection',(0.,-1.,0.)) ;
#1682=DIRECTION('Vector Direction',(0.,-1.,0.)) ;
#1695=DIRECTION('Axis2P3D Direction',(-0.707106781187,0.,0.707106781187)) ;
#1696=DIRECTION('Axis2P3D XDirection',(0.,-1.,0.)) ;
#1708=DIRECTION('Axis2P3D Direction',(0.,0.778125045586,-0.62810939607)) ;
#1709=DIRECTION('Axis2P3D XDirection',(1.,0.,0.)) ;
#1713=DIRECTION('Vector Direction',(1.,0.,0.)) ;
#1725=DIRECTION('Axis2P3D Direction',(0.,-0.,1.)) ;
#1726=DIRECTION('Axis2P3D XDirection',(0.,1.,0.)) ;
#1730=DIRECTION('Vector Direction',(-1.,0.,0.)) ;
#1745=DIRECTION('Axis2P3D Direction',(-0.,-0.707106781187,-0.707106781187)) ;
#1746=DIRECTION('Axis2P3D XDirection',(-1.,0.,0.)) ;
#1750=DIRECTION('Vector Direction',(-1.,0.,0.)) ;
#1762=DIRECTION('Axis2P3D Direction',(1.,0.,0.)) ;
#1763=DIRECTION('Axis2P3D XDirection',(0.,0.87758256189,0.479425538604)) ;
#1767=DIRECTION('Vector Direction',(1.,0.,0.)) ;
#1780=DIRECTION('Vector Direction',(1.,0.,0.)) ;
#1801=DIRECTION('Axis2P3D Direction',(1.,-0.,0.)) ;
#1802=DIRECTION('Axis2P3D XDirection',(0.,0.87758256189,0.479425538604)) ;
#1806=DIRECTION('Axis2P3D Direction',(1.,-0.,0.)) ;
#1818=DIRECTION('Vector Direction',(1.,0.,0.)) ;
#1825=DIRECTION('Vector Direction',(1.,0.,0.)) ;
#1832=DIRECTION('Axis2P3D Direction',(1.,0.,0.)) ;
#1845=DIRECTION('Axis2P3D Direction',(1.,0.,0.)) ;
#1858=DIRECTION('Axis2P3D Direction',(1.,-2.22044604925E-015,-4.4408920985E-016)) ;
#1859=DIRECTION('Axis2P3D XDirection',(2.23905132714E-015,0.87758256189,0.479425538604)) ;
#1863=DIRECTION('Vector Direction',(0.707106781187,0.620544580564,0.339005049421)) ;
#1870=DIRECTION('Axis2P3D Direction',(1.,-3.23522872015E-016,5.92204644916E-016)) ;
#1877=DIRECTION('Vector Direction',(0.707106781187,-0.620544580564,-0.339005049421)) ;
#1890=DIRECTION('Axis2P3D Direction',(1.,2.22044604925E-016,-1.66533453694E-015)) ;
#1891=DIRECTION('Axis2P3D XDirection',(1.05367121277E-015,-0.853985976599,0.520296023213)) ;
#1895=DIRECTION('Axis2P3D Direction',(1.,-6.79841373089E-016,-1.11585515366E-015)) ;
#1908=DIRECTION('Axis2P3D Direction',(1.,0.,0.)) ;
#1909=DIRECTION('Axis2P3D XDirection',(0.,1.,0.)) ;
#1917=DIRECTION('Axis2P3D Direction',(1.,0.,0.)) ;
#1926=DIRECTION('Axis2P3D Direction',(1.,0.,0.)) ;
#1936=DIRECTION('Axis2P3D Direction',(1.,0.,-0.)) ;
#1937=DIRECTION('Axis2P3D XDirection',(0.,1.,0.)) ;
#1941=DIRECTION('Vector Direction',(1.,0.,0.)) ;
#1946=DIRECTION('Vector Direction',(1.,0.,0.)) ;
#15=UNCERTAINTY_MEASURE_WITH_UNIT(LENGTH_MEASURE(0.005),#12,'distance_accuracy_value','CONFUSED CURVE UNCERTAINTY') ;
#18=AXIS2_PLACEMENT_3D(' ',#17,$,$) ;
#34=AXIS2_PLACEMENT_3D('Plane Axis2P3D',#31,#32,#33) ;
#38=AXIS2_PLACEMENT_3D('Circle Axis2P3D',#36,#37,$) ;
#47=AXIS2_PLACEMENT_3D('Circle Axis2P3D',#45,#46,$) ;
#66=AXIS2_PLACEMENT_3D('Torus Axis2P3D',#63,#64,#65) ;
#70=AXIS2_PLACEMENT_3D('Circle Axis2P3D',#68,#69,$) ;
#79=AXIS2_PLACEMENT_3D('Circle Axis2P3D',#77,#78,$) ;
#86=AXIS2_PLACEMENT_3D('Circle Axis2P3D',#84,#85,$) ;
#93=AXIS2_PLACEMENT_3D('Circle Axis2P3D',#91,#92,$) ;
#106=AXIS2_PLACEMENT_3D('Plane Axis2P3D',#103,#104,#105) ;
#147=AXIS2_PLACEMENT_3D('Circle Axis2P3D',#145,#146,$) ;
#154=AXIS2_PLACEMENT_3D('Circle Axis2P3D',#152,#153,$) ;
#161=AXIS2_PLACEMENT_3D('Circle Axis2P3D',#159,#160,$) ;
#176=AXIS2_PLACEMENT_3D('Circle Axis2P3D',#174,#175,$) ;
#185=AXIS2_PLACEMENT_3D('Circle Axis2P3D',#183,#184,$) ;
#194=AXIS2_PLACEMENT_3D('Circle Axis2P3D',#192,#193,$) ;
#203=AXIS2_PLACEMENT_3D('Circle Axis2P3D',#201,#202,$) ;
#212=AXIS2_PLACEMENT_3D('Circle Axis2P3D',#210,#211,$) ;
#221=AXIS2_PLACEMENT_3D('Circle Axis2P3D',#219,#220,$) ;
#230=AXIS2_PLACEMENT_3D('Circle Axis2P3D',#228,#229,$) ;
#239=AXIS2_PLACEMENT_3D('Circle Axis2P3D',#237,#238,$) ;
#248=AXIS2_PLACEMENT_3D('Circle Axis2P3D',#246,#247,$) ;
#257=AXIS2_PLACEMENT_3D('Circle Axis2P3D',#255,#256,$) ;
#266=AXIS2_PLACEMENT_3D('Circle Axis2P3D',#264,#265,$) ;
#275=AXIS2_PLACEMENT_3D('Circle Axis2P3D',#273,#274,$) ;
#284=AXIS2_PLACEMENT_3D('Circle Axis2P3D',#282,#283,$) ;
#293=AXIS2_PLACEMENT_3D('Circle Axis2P3D',#291,#292,$) ;
#302=AXIS2_PLACEMENT_3D('Circle Axis2P3D',#300,#301,$) ;
#311=AXIS2_PLACEMENT_3D('Circle Axis2P3D',#309,#310,$) ;
#320=AXIS2_PLACEMENT_3D('Circle Axis2P3D',#318,#319,$) ;
#341=AXIS2_PLACEMENT_3D('Plane Axis2P3D',#338,#339,#340) ;
#396=AXIS2_PLACEMENT_3D('Plane Axis2P3D',#393,#394,#395) ;
#437=AXIS2_PLACEMENT_3D('Cylinder Axis2P3D',#434,#435,#436) ;
#441=AXIS2_PLACEMENT_3D('Circle Axis2P3D',#439,#440,$) ;
#457=AXIS2_PLACEMENT_3D('Circle Axis2P3D',#455,#456,$) ;
#484=AXIS2_PLACEMENT_3D('Circle Axis2P3D',#482,#483,$) ;
#498=AXIS2_PLACEMENT_3D('Circle Axis2P3D',#496,#497,$) ;
#514=AXIS2_PLACEMENT_3D('Cylinder Axis2P3D',#511,#512,#513) ;
#525=AXIS2_PLACEMENT_3D('Circle Axis2P3D',#523,#524,$) ;
#539=AXIS2_PLACEMENT_3D('Circle Axis2P3D',#537,#538,$) ;
#568=AXIS2_PLACEMENT_3D('Circle Axis2P3D',#566,#567,$) ;
#582=AXIS2_PLACEMENT_3D('Circle Axis2P3D',#580,#581,$) ;
#598=AXIS2_PLACEMENT_3D('Cylinder Axis2P3D',#595,#596,#597) ;
#609=AXIS2_PLACEMENT_3D('Circle Axis2P3D',#607,#608,$) ;
#623=AXIS2_PLACEMENT_3D('Circle Axis2P3D',#621,#622,$) ;
#645=AXIS2_PLACEMENT_3D('Circle Axis2P3D',#643,#644,$) ;
#659=AXIS2_PLACEMENT_3D('Circle Axis2P3D',#657,#658,$) ;
#675=AXIS2_PLACEMENT_3D('Cylinder Axis2P3D',#672,#673,#674) ;
#679=AXIS2_PLACEMENT_3D('Circle Axis2P3D',#677,#678,$) ;
#695=AXIS2_PLACEMENT_3D('Circle Axis2P3D',#693,#694,$) ;
#722=AXIS2_PLACEMENT_3D('Circle Axis2P3D',#720,#721,$) ;
#736=AXIS2_PLACEMENT_3D('Circle Axis2P3D',#734,#735,$) ;
#752=AXIS2_PLACEMENT_3D('Cone Axis2P3D',#749,#750,#751) ;
#763=AXIS2_PLACEMENT_3D('Circle Axis2P3D',#761,#762,$) ;
#791=AXIS2_PLACEMENT_3D('Cone Axis2P3D',#788,#789,#790) ;
#795=AXIS2_PLACEMENT_3D('Circle Axis2P3D',#793,#794,$) ;
#809=AXIS2_PLACEMENT_3D('Cone Axis2P3D',#806,#807,#808) ;
#820=AXIS2_PLACEMENT_3D('Circle Axis2P3D',#818,#819,$) ;
#841=AXIS2_PLACEMENT_3D('Cone Axis2P3D',#838,#839,#840) ;
#845=AXIS2_PLACEMENT_3D('Circle Axis2P3D',#843,#844,$) ;
#859=AXIS2_PLACEMENT_3D('Cone Axis2P3D',#856,#857,#858) ;
#870=AXIS2_PLACEMENT_3D('Circle Axis2P3D',#868,#869,$) ;
#891=AXIS2_PLACEMENT_3D('Cone Axis2P3D',#888,#889,#890) ;
#895=AXIS2_PLACEMENT_3D('Circle Axis2P3D',#893,#894,$) ;
#909=AXIS2_PLACEMENT_3D('Cone Axis2P3D',#906,#907,#908) ;
#920=AXIS2_PLACEMENT_3D('Circle Axis2P3D',#918,#919,$) ;
#941=AXIS2_PLACEMENT_3D('Cone Axis2P3D',#938,#939,#940) ;
#945=AXIS2_PLACEMENT_3D('Circle Axis2P3D',#943,#944,$) ;
#959=AXIS2_PLACEMENT_3D('Plane Axis2P3D',#956,#957,#958) ;
#963=AXIS2_PLACEMENT_3D('Circle Axis2P3D',#961,#962,$) ;
#972=AXIS2_PLACEMENT_3D('Circle Axis2P3D',#970,#971,$) ;
#979=AXIS2_PLACEMENT_3D('Circle Axis2P3D',#977,#978,$) ;
#1004=AXIS2_PLACEMENT_3D('Circle Axis2P3D',#1002,#1003,$) ;
#1013=AXIS2_PLACEMENT_3D('Circle Axis2P3D',#1011,#1012,$) ;
#1022=AXIS2_PLACEMENT_3D('Circle Axis2P3D',#1020,#1021,$) ;
#1031=AXIS2_PLACEMENT_3D('Circle Axis2P3D',#1029,#1030,$) ;
#1040=AXIS2_PLACEMENT_3D('Circle Axis2P3D',#1038,#1039,$) ;
#1049=AXIS2_PLACEMENT_3D('Circle Axis2P3D',#1047,#1048,$) ;
#1058=AXIS2_PLACEMENT_3D('Circle Axis2P3D',#1056,#1057,$) ;
#1067=AXIS2_PLACEMENT_3D('Circle Axis2P3D',#1065,#1066,$) ;
#1076=AXIS2_PLACEMENT_3D('Circle Axis2P3D',#1074,#1075,$) ;
#1085=AXIS2_PLACEMENT_3D('Circle Axis2P3D',#1083,#1084,$) ;
#1096=AXIS2_PLACEMENT_3D('Plane Axis2P3D',#1093,#1094,#1095) ;
#1126=AXIS2_PLACEMENT_3D('Plane Axis2P3D',#1123,#1124,#1125) ;
#1130=AXIS2_PLACEMENT_3D('Circle Axis2P3D',#1128,#1129,$) ;
#1142=AXIS2_PLACEMENT_3D('Circle Axis2P3D',#1140,#1141,$) ;
#1155=AXIS2_PLACEMENT_3D('Cylinder Axis2P3D',#1152,#1153,#1154) ;
#1159=AXIS2_PLACEMENT_3D('Circle Axis2P3D',#1157,#1158,$) ;
#1178=AXIS2_PLACEMENT_3D('Circle Axis2P3D',#1176,#1177,$) ;
#1183=AXIS2_PLACEMENT_3D('Circle Axis2P3D',#1181,#1182,$) ;
#1188=AXIS2_PLACEMENT_3D('Circle Axis2P3D',#1186,#1187,$) ;
#1193=AXIS2_PLACEMENT_3D('Circle Axis2P3D',#1191,#1192,$) ;
#1228=AXIS2_PLACEMENT_3D('Cylinder Axis2P3D',#1225,#1226,#1227) ;
#1259=AXIS2_PLACEMENT_3D('Cylinder Axis2P3D',#1256,#1257,#1258) ;
#1290=AXIS2_PLACEMENT_3D('Cylinder Axis2P3D',#1287,#1288,#1289) ;
#1321=AXIS2_PLACEMENT_3D('Cylinder Axis2P3D',#1318,#1319,#1320) ;
#1351=AXIS2_PLACEMENT_3D('Circle Axis2P3D',#1349,#1350,$) ;
#1370=AXIS2_PLACEMENT_3D('Torus Axis2P3D',#1367,#1368,#1369) ;
#1374=AXIS2_PLACEMENT_3D('Circle Axis2P3D',#1372,#1373,$) ;
#1383=AXIS2_PLACEMENT_3D('Circle Axis2P3D',#1381,#1382,$) ;
#1388=AXIS2_PLACEMENT_3D('Circle Axis2P3D',#1386,#1387,$) ;
#1401=AXIS2_PLACEMENT_3D('Torus Axis2P3D',#1398,#1399,#1400) ;
#1405=AXIS2_PLACEMENT_3D('Circle Axis2P3D',#1403,#1404,$) ;
#1418=AXIS2_PLACEMENT_3D('Cylinder Axis2P3D',#1415,#1416,#1417) ;
#1436=AXIS2_PLACEMENT_3D('Circle Axis2P3D',#1434,#1435,$) ;
#1456=AXIS2_PLACEMENT_3D('Circle Axis2P3D',#1454,#1455,$) ;
#1470=AXIS2_PLACEMENT_3D('Plane Axis2P3D',#1467,#1468,#1469) ;
#1474=AXIS2_PLACEMENT_3D('Circle Axis2P3D',#1472,#1473,$) ;
#1483=AXIS2_PLACEMENT_3D('Circle Axis2P3D',#1481,#1482,$) ;
#1494=AXIS2_PLACEMENT_3D('Plane Axis2P3D',#1491,#1492,#1493) ;
#1533=AXIS2_PLACEMENT_3D('Cone Axis2P3D',#1530,#1531,#1532) ;
#1556=AXIS2_PLACEMENT_3D('Cone Axis2P3D',#1553,#1554,#1555) ;
#1568=AXIS2_PLACEMENT_3D('Circle Axis2P3D',#1566,#1567,$) ;
#1573=AXIS2_PLACEMENT_3D('Circle Axis2P3D',#1571,#1572,$) ;
#1578=AXIS2_PLACEMENT_3D('Circle Axis2P3D',#1576,#1577,$) ;
#1606=AXIS2_PLACEMENT_3D('Plane Axis2P3D',#1603,#1604,#1605) ;
#1624=AXIS2_PLACEMENT_3D('Circle Axis2P3D',#1622,#1623,$) ;
#1631=AXIS2_PLACEMENT_3D('Circle Axis2P3D',#1629,#1630,$) ;
#1638=AXIS2_PLACEMENT_3D('Circle Axis2P3D',#1636,#1637,$) ;
#1679=AXIS2_PLACEMENT_3D('Plane Axis2P3D',#1676,#1677,#1678) ;
#1697=AXIS2_PLACEMENT_3D('Plane Axis2P3D',#1694,#1695,#1696) ;
#1710=AXIS2_PLACEMENT_3D('Plane Axis2P3D',#1707,#1708,#1709) ;
#1727=AXIS2_PLACEMENT_3D('Plane Axis2P3D',#1724,#1725,#1726) ;
#1747=AXIS2_PLACEMENT_3D('Plane Axis2P3D',#1744,#1745,#1746) ;
#1764=AXIS2_PLACEMENT_3D('Cylinder Axis2P3D',#1761,#1762,#1763) ;
#1803=AXIS2_PLACEMENT_3D('Torus Axis2P3D',#1800,#1801,#1802) ;
#1807=AXIS2_PLACEMENT_3D('Circle Axis2P3D',#1805,#1806,$) ;
#1833=AXIS2_PLACEMENT_3D('Circle Axis2P3D',#1831,#1832,$) ;
#1846=AXIS2_PLACEMENT_3D('Circle Axis2P3D',#1844,#1845,$) ;
#1860=AXIS2_PLACEMENT_3D('Cone Axis2P3D',#1857,#1858,#1859) ;
#1871=AXIS2_PLACEMENT_3D('Circle Axis2P3D',#1869,#1870,$) ;
#1892=AXIS2_PLACEMENT_3D('Cone Axis2P3D',#1889,#1890,#1891) ;
#1896=AXIS2_PLACEMENT_3D('Circle Axis2P3D',#1894,#1895,$) ;
#1910=AXIS2_PLACEMENT_3D('Plane Axis2P3D',#1907,#1908,#1909) ;
#1918=AXIS2_PLACEMENT_3D('Circle Axis2P3D',#1916,#1917,$) ;
#1927=AXIS2_PLACEMENT_3D('Circle Axis2P3D',#1925,#1926,$) ;
#1938=AXIS2_PLACEMENT_3D('Cylinder Axis2P3D',#1935,#1936,#1937) ;
#111=LINE('Line',#108,#110) ;
#120=LINE('Line',#117,#119) ;
#127=LINE('Line',#124,#126) ;
#134=LINE('Line',#131,#133) ;
#141=LINE('Line',#138,#140) ;
#346=LINE('Line',#343,#345) ;
#355=LINE('Line',#352,#354) ;
#362=LINE('Line',#359,#361) ;
#369=LINE('Line',#366,#368) ;
#374=LINE('Line',#371,#373) ;
#401=LINE('Line',#398,#400) ;
#408=LINE('Line',#405,#407) ;
#415=LINE('Line',#412,#414) ;
#422=LINE('Line',#419,#421) ;
#451=LINE('Line',#448,#450) ;
#465=LINE('Line',#462,#464) ;
#470=LINE('Line',#467,#469) ;
#492=LINE('Line',#489,#491) ;
#519=LINE('Line',#516,#518) ;
#533=LINE('Line',#530,#532) ;
#547=LINE('Line',#544,#546) ;
#576=LINE('Line',#573,#575) ;
#603=LINE('Line',#600,#602) ;
#617=LINE('Line',#614,#616) ;
#631=LINE('Line',#628,#630) ;
#653=LINE('Line',#650,#652) ;
#689=LINE('Line',#686,#688) ;
#703=LINE('Line',#700,#702) ;
#708=LINE('Line',#705,#707) ;
#730=LINE('Line',#727,#729) ;
#757=LINE('Line',#754,#756) ;
#771=LINE('Line',#768,#770) ;
#814=LINE('Line',#811,#813) ;
#828=LINE('Line',#825,#827) ;
#864=LINE('Line',#861,#863) ;
#878=LINE('Line',#875,#877) ;
#914=LINE('Line',#911,#913) ;
#928=LINE('Line',#925,#927) ;
#987=LINE('Line',#984,#986) ;
#992=LINE('Line',#989,#991) ;
#1101=LINE('Line',#1098,#1100) ;
#1108=LINE('Line',#1105,#1107) ;
#1167=LINE('Line',#1164,#1166) ;
#1172=LINE('Line',#1169,#1171) ;
#1233=LINE('Line',#1230,#1232) ;
#1238=LINE('Line',#1235,#1237) ;
#1264=LINE('Line',#1261,#1263) ;
#1269=LINE('Line',#1266,#1268) ;
#1295=LINE('Line',#1292,#1294) ;
#1300=LINE('Line',#1297,#1299) ;
#1326=LINE('Line',#1323,#1325) ;
#1331=LINE('Line',#1328,#1330) ;
#1423=LINE('Line',#1420,#1422) ;
#1430=LINE('Line',#1427,#1429) ;
#1507=LINE('Line',#1504,#1506) ;
#1514=LINE('Line',#1511,#1513) ;
#1521=LINE('Line',#1518,#1520) ;
#1538=LINE('Line',#1535,#1537) ;
#1543=LINE('Line',#1540,#1542) ;
#1611=LINE('Line',#1608,#1610) ;
#1618=LINE('Line',#1615,#1617) ;
#1646=LINE('Line',#1643,#1645) ;
#1684=LINE('Line',#1681,#1683) ;
#1715=LINE('Line',#1712,#1714) ;
#1732=LINE('Line',#1729,#1731) ;
#1752=LINE('Line',#1749,#1751) ;
#1769=LINE('Line',#1766,#1768) ;
#1782=LINE('Line',#1779,#1781) ;
#1820=LINE('Line',#1817,#1819) ;
#1827=LINE('Line',#1824,#1826) ;
#1865=LINE('Line',#1862,#1864) ;
#1879=LINE('Line',#1876,#1878) ;
#1943=LINE('Line',#1940,#1942) ;
#1948=LINE('Line',#1945,#1947) ;
#39=CIRCLE('generated circle',#38,2.067) ;
#48=CIRCLE('generated circle',#47,2.067) ;
#71=CIRCLE('generated circle',#70,5.5) ;
#80=CIRCLE('generated circle',#79,0.5) ;
#87=CIRCLE('generated circle',#86,5.) ;
#94=CIRCLE('generated circle',#93,0.5) ;
#148=CIRCLE('generated circle',#147,25.4) ;
#155=CIRCLE('generated circle',#154,25.4) ;
#162=CIRCLE('generated circle',#161,25.4) ;
#177=CIRCLE('generated circle',#176,1.621) ;
#186=CIRCLE('generated circle',#185,1.621) ;
#195=CIRCLE('generated circle',#194,3.) ;
#204=CIRCLE('generated circle',#203,3.) ;
#213=CIRCLE('generated circle',#212,3.) ;
#222=CIRCLE('generated circle',#221,3.) ;
#231=CIRCLE('generated circle',#230,1.621) ;
#240=CIRCLE('generated circle',#239,1.621) ;
#249=CIRCLE('generated circle',#248,2.45) ;
#258=CIRCLE('generated circle',#257,2.45) ;
#267=CIRCLE('generated circle',#266,2.45) ;
#276=CIRCLE('generated circle',#275,2.45) ;
#285=CIRCLE('generated circle',#284,2.45) ;
#294=CIRCLE('generated circle',#293,2.45) ;
#303=CIRCLE('generated circle',#302,2.45) ;
#312=CIRCLE('generated circle',#311,2.45) ;
#321=CIRCLE('generated circle',#320,5.5) ;
#442=CIRCLE('generated circle',#441,1.621) ;
#458=CIRCLE('generated circle',#457,1.621) ;
#485=CIRCLE('generated circle',#484,1.621) ;
#499=CIRCLE('generated circle',#498,1.621) ;
#526=CIRCLE('generated circle',#525,3.) ;
#540=CIRCLE('generated circle',#539,3.) ;
#569=CIRCLE('generated circle',#568,3.) ;
#583=CIRCLE('generated circle',#582,3.) ;
#610=CIRCLE('generated circle',#609,3.) ;
#624=CIRCLE('generated circle',#623,3.) ;
#646=CIRCLE('generated circle',#645,3.) ;
#660=CIRCLE('generated circle',#659,3.) ;
#680=CIRCLE('generated circle',#679,1.621) ;
#696=CIRCLE('generated circle',#695,1.621) ;
#723=CIRCLE('generated circle',#722,1.621) ;
#737=CIRCLE('generated circle',#736,1.621) ;
#764=CIRCLE('generated circle',#763,1.65) ;
#796=CIRCLE('generated circle',#795,1.65) ;
#821=CIRCLE('generated circle',#820,1.65) ;
#846=CIRCLE('generated circle',#845,1.65) ;
#871=CIRCLE('generated circle',#870,1.65) ;
#896=CIRCLE('generated circle',#895,1.65) ;
#921=CIRCLE('generated circle',#920,1.65) ;
#946=CIRCLE('generated circle',#945,1.65) ;
#964=CIRCLE('generated circle',#963,16.) ;
#973=CIRCLE('generated circle',#972,16.) ;
#980=CIRCLE('generated circle',#979,16.) ;
#1005=CIRCLE('generated circle',#1004,1.65) ;
#1014=CIRCLE('generated circle',#1013,1.65) ;
#1023=CIRCLE('generated circle',#1022,5.5) ;
#1032=CIRCLE('generated circle',#1031,5.5) ;
#1041=CIRCLE('generated circle',#1040,1.65) ;
#1050=CIRCLE('generated circle',#1049,1.65) ;
#1059=CIRCLE('generated circle',#1058,1.65) ;
#1068=CIRCLE('generated circle',#1067,1.65) ;
#1077=CIRCLE('generated circle',#1076,1.65) ;
#1086=CIRCLE('generated circle',#1085,1.65) ;
#1131=CIRCLE('generated circle',#1130,16.) ;
#1143=CIRCLE('generated circle',#1142,16.) ;
#1160=CIRCLE('generated circle',#1159,16.) ;
#1179=CIRCLE('generated circle',#1178,16.) ;
#1184=CIRCLE('generated circle',#1183,16.) ;
#1189=CIRCLE('generated circle',#1188,16.) ;
#1194=CIRCLE('generated circle',#1193,16.) ;
#1352=CIRCLE('generated circle',#1351,16.) ;
#1375=CIRCLE('generated circle',#1374,5.) ;
#1384=CIRCLE('generated circle',#1383,0.5) ;
#1389=CIRCLE('generated circle',#1388,0.5) ;
#1406=CIRCLE('generated circle',#1405,5.) ;
#1437=CIRCLE('generated circle',#1436,5.) ;
#1457=CIRCLE('generated circle',#1456,5.) ;
#1475=CIRCLE('generated circle',#1474,4.) ;
#1484=CIRCLE('generated circle',#1483,4.) ;
#1569=CIRCLE('generated circle',#1568,16.) ;
#1574=CIRCLE('generated circle',#1573,16.) ;
#1579=CIRCLE('generated circle',#1578,16.) ;
#1625=CIRCLE('generated circle',#1624,25.4) ;
#1632=CIRCLE('generated circle',#1631,25.4) ;
#1639=CIRCLE('generated circle',#1638,25.4) ;
#1808=CIRCLE('generated circle',#1807,5.) ;
#1834=CIRCLE('generated circle',#1833,5.) ;
#1847=CIRCLE('generated circle',#1846,5.) ;
#1872=CIRCLE('generated circle',#1871,4.) ;
#1897=CIRCLE('generated circle',#1896,4.) ;
#1919=CIRCLE('generated circle',#1918,2.067) ;
#1928=CIRCLE('generated circle',#1927,2.067) ;
#35=PLANE('',#34) ;
#107=PLANE('',#106) ;
#342=PLANE('',#341) ;
#397=PLANE('',#396) ;
#960=PLANE('',#959) ;
#1097=PLANE('',#1096) ;
#1127=PLANE('',#1126) ;
#1471=PLANE('',#1470) ;
#1495=PLANE('',#1494) ;
#1607=PLANE('',#1606) ;
#1680=PLANE('',#1679) ;
#1698=PLANE('',#1697) ;
#1711=PLANE('',#1710) ;
#1728=PLANE('',#1727) ;
#1748=PLANE('',#1747) ;
#1911=PLANE('',#1910) ;
#438=CYLINDRICAL_SURFACE('generated cylinder',#437,1.621) ;
#515=CYLINDRICAL_SURFACE('generated cylinder',#514,3.) ;
#599=CYLINDRICAL_SURFACE('generated cylinder',#598,3.) ;
#676=CYLINDRICAL_SURFACE('generated cylinder',#675,1.621) ;
#1156=CYLINDRICAL_SURFACE('generated cylinder',#1155,16.) ;
#1229=CYLINDRICAL_SURFACE('generated cylinder',#1228,1.65) ;
#1260=CYLINDRICAL_SURFACE('generated cylinder',#1259,1.65) ;
#1291=CYLINDRICAL_SURFACE('generated cylinder',#1290,1.65) ;
#1322=CYLINDRICAL_SURFACE('generated cylinder',#1321,1.65) ;
#1419=CYLINDRICAL_SURFACE('generated cylinder',#1418,5.) ;
#1765=CYLINDRICAL_SURFACE('generated cylinder',#1764,25.4) ;
#1939=CYLINDRICAL_SURFACE('generated cylinder',#1938,2.067) ;
#753=CONICAL_SURFACE('Cone',#752,0.,0.463647609001) ;
#792=CONICAL_SURFACE('Cone',#791,0.,0.463647609001) ;
#810=CONICAL_SURFACE('Cone',#809,0.,0.463647609001) ;
#842=CONICAL_SURFACE('Cone',#841,0.,0.463647609001) ;
#860=CONICAL_SURFACE('Cone',#859,0.,0.463647609001) ;
#892=CONICAL_SURFACE('Cone',#891,0.,0.463647609001) ;
#910=CONICAL_SURFACE('Cone',#909,0.,0.463647609001) ;
#942=CONICAL_SURFACE('Cone',#941,0.,0.463647609001) ;
#1534=CONICAL_SURFACE('Cone',#1533,0.,0.785398163397) ;
#1557=CONICAL_SURFACE('Cone',#1556,0.,0.785398163397) ;
#1861=CONICAL_SURFACE('Cone',#1860,0.,0.785398163397) ;
#1893=CONICAL_SURFACE('Cone',#1892,0.,0.785398163397) ;
#67=TOROIDAL_SURFACE('homeo Torus',#66,5.5,0.5) ;
#1371=TOROIDAL_SURFACE('homeo Torus',#1370,5.5,0.5) ;
#1402=TOROIDAL_SURFACE('homeo Torus',#1401,5.5,0.5) ;
#1804=TOROIDAL_SURFACE('homeo Torus',#1803,5.5,0.5) ;
#191=FACE_BOUND('',#188,.T.) ;
#209=FACE_BOUND('',#206,.T.) ;
#227=FACE_BOUND('',#224,.T.) ;
#245=FACE_BOUND('',#242,.T.) ;
#263=FACE_BOUND('',#260,.T.) ;
#281=FACE_BOUND('',#278,.T.) ;
#299=FACE_BOUND('',#296,.T.) ;
#317=FACE_BOUND('',#314,.T.) ;
#326=FACE_BOUND('',#323,.T.) ;
#1019=FACE_BOUND('',#1016,.T.) ;
#1037=FACE_BOUND('',#1034,.T.) ;
#1055=FACE_BOUND('',#1052,.T.) ;
#1073=FACE_BOUND('',#1070,.T.) ;
#1091=FACE_BOUND('',#1088,.T.) ;
#1933=FACE_BOUND('',#1930,.T.) ;
#44=EDGE_CURVE('',#41,#43,#39,.T.) ;
#49=EDGE_CURVE('',#43,#41,#48,.T.) ;
#76=EDGE_CURVE('',#73,#75,#71,.F.) ;
#83=EDGE_CURVE('',#75,#82,#80,.T.) ;
#90=EDGE_CURVE('',#89,#82,#87,.F.) ;
#95=EDGE_CURVE('',#73,#89,#94,.T.) ;
#116=EDGE_CURVE('',#113,#115,#111,.T.) ;
#123=EDGE_CURVE('',#113,#122,#120,.T.) ;
#130=EDGE_CURVE('',#122,#129,#127,.T.) ;
#137=EDGE_CURVE('',#136,#129,#134,.T.) ;
#144=EDGE_CURVE('',#143,#136,#141,.T.) ;
#151=EDGE_CURVE('',#150,#143,#148,.T.) ;
#158=EDGE_CURVE('',#157,#150,#155,.T.) ;
#163=EDGE_CURVE('',#115,#157,#162,.T.) ;
#182=EDGE_CURVE('',#179,#181,#177,.T.) ;
#187=EDGE_CURVE('',#181,#179,#186,.T.) ;
#200=EDGE_CURVE('',#197,#199,#195,.T.) ;
#205=EDGE_CURVE('',#199,#197,#204,.T.) ;
#218=EDGE_CURVE('',#215,#217,#213,.T.) ;
#223=EDGE_CURVE('',#217,#215,#222,.T.) ;
#236=EDGE_CURVE('',#233,#235,#231,.T.) ;
#241=EDGE_CURVE('',#235,#233,#240,.T.) ;
#254=EDGE_CURVE('',#251,#253,#249,.T.) ;
#259=EDGE_CURVE('',#253,#251,#258,.T.) ;
#272=EDGE_CURVE('',#269,#271,#267,.T.) ;
#277=EDGE_CURVE('',#271,#269,#276,.T.) ;
#290=EDGE_CURVE('',#287,#289,#285,.T.) ;
#295=EDGE_CURVE('',#289,#287,#294,.T.) ;
#308=EDGE_CURVE('',#305,#307,#303,.T.) ;
#313=EDGE_CURVE('',#307,#305,#312,.T.) ;
#322=EDGE_CURVE('',#75,#73,#321,.F.) ;
#351=EDGE_CURVE('',#348,#350,#346,.T.) ;
#358=EDGE_CURVE('',#348,#357,#355,.T.) ;
#365=EDGE_CURVE('',#364,#357,#362,.F.) ;
#370=EDGE_CURVE('',#364,#129,#369,.T.) ;
#375=EDGE_CURVE('',#350,#122,#374,.T.) ;
#404=EDGE_CURVE('',#403,#350,#401,.T.) ;
#411=EDGE_CURVE('',#113,#410,#408,.T.) ;
#418=EDGE_CURVE('',#417,#410,#415,.T.) ;
#423=EDGE_CURVE('',#417,#403,#422,.T.) ;
#447=EDGE_CURVE('',#444,#446,#442,.T.) ;
#454=EDGE_CURVE('',#453,#446,#451,.F.) ;
#461=EDGE_CURVE('',#453,#460,#458,.T.) ;
#466=EDGE_CURVE('',#460,#179,#465,.F.) ;
#471=EDGE_CURVE('',#444,#181,#470,.F.) ;
#488=EDGE_CURVE('',#460,#487,#485,.T.) ;
#495=EDGE_CURVE('',#487,#494,#492,.F.) ;
#500=EDGE_CURVE('',#494,#444,#499,.T.) ;
#522=EDGE_CURVE('',#521,#199,#519,.F.) ;
#529=EDGE_CURVE('',#521,#528,#526,.T.) ;
#536=EDGE_CURVE('',#528,#535,#533,.F.) ;
#543=EDGE_CURVE('',#535,#542,#540,.T.) ;
#548=EDGE_CURVE('',#542,#197,#547,.F.) ;
#572=EDGE_CURVE('',#542,#571,#569,.T.) ;
#579=EDGE_CURVE('',#578,#571,#576,.F.) ;
#584=EDGE_CURVE('',#578,#521,#583,.T.) ;
#606=EDGE_CURVE('',#605,#217,#603,.F.) ;
#613=EDGE_CURVE('',#605,#612,#610,.T.) ;
#620=EDGE_CURVE('',#612,#619,#617,.F.) ;
#627=EDGE_CURVE('',#619,#626,#624,.T.) ;
#632=EDGE_CURVE('',#626,#215,#631,.F.) ;
#649=EDGE_CURVE('',#626,#648,#646,.T.) ;
#656=EDGE_CURVE('',#655,#648,#653,.F.) ;
#661=EDGE_CURVE('',#655,#605,#660,.T.) ;
#685=EDGE_CURVE('',#682,#684,#680,.T.) ;
#692=EDGE_CURVE('',#691,#684,#689,.F.) ;
#699=EDGE_CURVE('',#691,#698,#696,.T.) ;
#704=EDGE_CURVE('',#698,#233,#703,.F.) ;
#709=EDGE_CURVE('',#682,#235,#708,.F.) ;
#726=EDGE_CURVE('',#698,#725,#723,.T.) ;
#733=EDGE_CURVE('',#725,#732,#730,.F.) ;
#738=EDGE_CURVE('',#732,#682,#737,.T.) ;
#760=EDGE_CURVE('',#253,#759,#757,.F.) ;
#767=EDGE_CURVE('',#759,#766,#764,.T.) ;
#772=EDGE_CURVE('',#251,#766,#771,.F.) ;
#797=EDGE_CURVE('',#766,#759,#796,.T.) ;
#817=EDGE_CURVE('',#271,#816,#814,.F.) ;
#824=EDGE_CURVE('',#816,#823,#821,.T.) ;
#829=EDGE_CURVE('',#269,#823,#828,.F.) ;
#847=EDGE_CURVE('',#823,#816,#846,.T.) ;
#867=EDGE_CURVE('',#289,#866,#864,.F.) ;
#874=EDGE_CURVE('',#866,#873,#871,.T.) ;
#879=EDGE_CURVE('',#287,#873,#878,.F.) ;
#897=EDGE_CURVE('',#873,#866,#896,.T.) ;
#917=EDGE_CURVE('',#307,#916,#914,.F.) ;
#924=EDGE_CURVE('',#916,#923,#921,.T.) ;
#929=EDGE_CURVE('',#305,#923,#928,.F.) ;
#947=EDGE_CURVE('',#923,#916,#946,.T.) ;
#969=EDGE_CURVE('',#966,#968,#964,.T.) ;
#976=EDGE_CURVE('',#968,#975,#973,.T.) ;
#983=EDGE_CURVE('',#975,#982,#980,.T.) ;
#988=EDGE_CURVE('',#982,#357,#987,.T.) ;
#993=EDGE_CURVE('',#966,#348,#992,.T.) ;
#1010=EDGE_CURVE('',#1007,#1009,#1005,.T.) ;
#1015=EDGE_CURVE('',#1009,#1007,#1014,.T.) ;
#1028=EDGE_CURVE('',#1025,#1027,#1023,.F.) ;
#1033=EDGE_CURVE('',#1027,#1025,#1032,.F.) ;
#1046=EDGE_CURVE('',#1043,#1045,#1041,.T.) ;
#1051=EDGE_CURVE('',#1045,#1043,#1050,.T.) ;
#1064=EDGE_CURVE('',#1061,#1063,#1059,.T.) ;
#1069=EDGE_CURVE('',#1063,#1061,#1068,.T.) ;
#1082=EDGE_CURVE('',#1079,#1081,#1077,.T.) ;
#1087=EDGE_CURVE('',#1081,#1079,#1086,.T.) ;
#1104=EDGE_CURVE('',#417,#1103,#1101,.F.) ;
#1111=EDGE_CURVE('',#1103,#1110,#1108,.T.) ;
#1115=EDGE_CURVE('',#403,#1110,#1112,.T.) ;
#1132=EDGE_CURVE('',#487,#453,#1131,.T.) ;
#1144=EDGE_CURVE('',#528,#578,#1143,.T.) ;
#1163=EDGE_CURVE('',#648,#1162,#1160,.T.) ;
#1168=EDGE_CURVE('',#975,#1162,#1167,.F.) ;
#1175=EDGE_CURVE('',#968,#1174,#1172,.F.) ;
#1180=EDGE_CURVE('',#1174,#732,#1179,.T.) ;
#1185=EDGE_CURVE('',#725,#691,#1184,.T.) ;
#1190=EDGE_CURVE('',#684,#619,#1189,.T.) ;
#1195=EDGE_CURVE('',#612,#655,#1194,.T.) ;
#1234=EDGE_CURVE('',#1043,#759,#1233,.F.) ;
#1239=EDGE_CURVE('',#1045,#766,#1238,.F.) ;
#1265=EDGE_CURVE('',#1061,#816,#1264,.F.) ;
#1270=EDGE_CURVE('',#1063,#823,#1269,.F.) ;
#1296=EDGE_CURVE('',#1079,#866,#1295,.F.) ;
#1301=EDGE_CURVE('',#1081,#873,#1300,.F.) ;
#1327=EDGE_CURVE('',#1009,#916,#1326,.F.) ;
#1332=EDGE_CURVE('',#1007,#923,#1331,.F.) ;
#1353=EDGE_CURVE('',#1103,#1174,#1352,.T.) ;
#1358=EDGE_CURVE('',#1110,#966,#1354,.T.) ;
#1380=EDGE_CURVE('',#1377,#1379,#1375,.F.) ;
#1385=EDGE_CURVE('',#1379,#1027,#1384,.T.) ;
#1390=EDGE_CURVE('',#1377,#1025,#1389,.T.) ;
#1407=EDGE_CURVE('',#1379,#1377,#1406,.F.) ;
#1426=EDGE_CURVE('',#1425,#1379,#1423,.F.) ;
#1433=EDGE_CURVE('',#1432,#1377,#1430,.F.) ;
#1438=EDGE_CURVE('',#1425,#1432,#1437,.T.) ;
#1458=EDGE_CURVE('',#1432,#1425,#1457,.T.) ;
#1480=EDGE_CURVE('',#1477,#1479,#1475,.T.) ;
#1485=EDGE_CURVE('',#1479,#1477,#1484,.T.) ;
#1503=EDGE_CURVE('',#1500,#1502,#1496,.F.) ;
#1510=EDGE_CURVE('',#1509,#1500,#1507,.F.) ;
#1517=EDGE_CURVE('',#1509,#1516,#1514,.F.) ;
#1522=EDGE_CURVE('',#1516,#1502,#1521,.F.) ;
#1539=EDGE_CURVE('',#1477,#1432,#1538,.T.) ;
#1544=EDGE_CURVE('',#1479,#1425,#1543,.T.) ;
#1570=EDGE_CURVE('',#1162,#494,#1569,.T.) ;
#1575=EDGE_CURVE('',#446,#535,#1574,.T.) ;
#1580=EDGE_CURVE('',#571,#1509,#1579,.T.) ;
#1586=EDGE_CURVE('',#982,#1500,#1581,.F.) ;
#1614=EDGE_CURVE('',#1613,#1516,#1611,.F.) ;
#1621=EDGE_CURVE('',#1620,#410,#1618,.F.) ;
#1628=EDGE_CURVE('',#1620,#1627,#1625,.T.) ;
#1635=EDGE_CURVE('',#1627,#1634,#1632,.T.) ;
#1642=EDGE_CURVE('',#1634,#1641,#1639,.T.) ;
#1647=EDGE_CURVE('',#1613,#1641,#1646,.F.) ;
#1685=EDGE_CURVE('',#1502,#364,#1684,.T.) ;
#1716=EDGE_CURVE('',#115,#1620,#1715,.T.) ;
#1733=EDGE_CURVE('',#136,#1613,#1732,.F.) ;
#1753=EDGE_CURVE('',#143,#1641,#1752,.F.) ;
#1770=EDGE_CURVE('',#1634,#150,#1769,.F.) ;
#1783=EDGE_CURVE('',#1627,#157,#1782,.F.) ;
#1809=EDGE_CURVE('',#82,#89,#1808,.F.) ;
#1823=EDGE_CURVE('',#82,#1822,#1820,.F.) ;
#1830=EDGE_CURVE('',#89,#1829,#1827,.F.) ;
#1835=EDGE_CURVE('',#1829,#1822,#1834,.T.) ;
#1848=EDGE_CURVE('',#1822,#1829,#1847,.T.) ;
#1868=EDGE_CURVE('',#1829,#1867,#1865,.F.) ;
#1875=EDGE_CURVE('',#1867,#1874,#1872,.T.) ;
#1880=EDGE_CURVE('',#1822,#1874,#1879,.F.) ;
#1898=EDGE_CURVE('',#1874,#1867,#1897,.T.) ;
#1924=EDGE_CURVE('',#1921,#1923,#1919,.T.) ;
#1929=EDGE_CURVE('',#1923,#1921,#1928,.T.) ;
#1944=EDGE_CURVE('',#41,#1921,#1943,.F.) ;
#1949=EDGE_CURVE('',#43,#1923,#1948,.F.) ;
#30=CLOSED_SHELL('Closed Shell',(#54,#102,#327,#384,#432,#480,#509,#557,#593,#641,#670,#718,#747,#779,#804,#836,#854,#886,#904,#936,#954,#1092,#1122,#1138,#1150,#1210,#1216,#1223,#1246,#1254,#1277,#1285,#1308,#1316,#1339,#1347,#1366,#1397,#1414,#1445,#1465,#1490,#1529,#1551,#1564,#1602,#1674,#1693,#1706,#1723,#1742,#1760,#1777,#1790,#1798,#1816,#1842,#1855,#1887,#1905,#1934,#1956,#1964)) ;
#1967=SHAPE_REPRESENTATION_RELATIONSHIP(' ',' ',#19,#1966) ;
#50=EDGE_LOOP('',(#51,#52)) ;
#96=EDGE_LOOP('',(#97,#98,#99,#100)) ;
#164=EDGE_LOOP('',(#165,#166,#167,#168,#169,#170,#171,#172)) ;
#188=EDGE_LOOP('',(#189,#190)) ;
#206=EDGE_LOOP('',(#207,#208)) ;
#224=EDGE_LOOP('',(#225,#226)) ;
#242=EDGE_LOOP('',(#243,#244)) ;
#260=EDGE_LOOP('',(#261,#262)) ;
#278=EDGE_LOOP('',(#279,#280)) ;
#296=EDGE_LOOP('',(#297,#298)) ;
#314=EDGE_LOOP('',(#315,#316)) ;
#323=EDGE_LOOP('',(#324,#325)) ;
#376=EDGE_LOOP('',(#377,#378,#379,#380,#381,#382)) ;
#424=EDGE_LOOP('',(#425,#426,#427,#428,#429,#430)) ;
#472=EDGE_LOOP('',(#473,#474,#475,#476,#477,#478)) ;
#501=EDGE_LOOP('',(#502,#503,#504,#505,#506,#507)) ;
#549=EDGE_LOOP('',(#550,#551,#552,#553,#554,#555)) ;
#585=EDGE_LOOP('',(#586,#587,#588,#589,#590,#591)) ;
#633=EDGE_LOOP('',(#634,#635,#636,#637,#638,#639)) ;
#662=EDGE_LOOP('',(#663,#664,#665,#666,#667,#668)) ;
#710=EDGE_LOOP('',(#711,#712,#713,#714,#715,#716)) ;
#739=EDGE_LOOP('',(#740,#741,#742,#743,#744,#745)) ;
#773=EDGE_LOOP('',(#774,#775,#776,#777)) ;
#798=EDGE_LOOP('',(#799,#800,#801,#802)) ;
#830=EDGE_LOOP('',(#831,#832,#833,#834)) ;
#848=EDGE_LOOP('',(#849,#850,#851,#852)) ;
#880=EDGE_LOOP('',(#881,#882,#883,#884)) ;
#898=EDGE_LOOP('',(#899,#900,#901,#902)) ;
#930=EDGE_LOOP('',(#931,#932,#933,#934)) ;
#948=EDGE_LOOP('',(#949,#950,#951,#952)) ;
#994=EDGE_LOOP('',(#995,#996,#997,#998,#999,#1000)) ;
#1016=EDGE_LOOP('',(#1017,#1018)) ;
#1034=EDGE_LOOP('',(#1035,#1036)) ;
#1052=EDGE_LOOP('',(#1053,#1054)) ;
#1070=EDGE_LOOP('',(#1071,#1072)) ;
#1088=EDGE_LOOP('',(#1089,#1090)) ;
#1116=EDGE_LOOP('',(#1117,#1118,#1119,#1120)) ;
#1133=EDGE_LOOP('',(#1134,#1135,#1136)) ;
#1145=EDGE_LOOP('',(#1146,#1147,#1148)) ;
#1196=EDGE_LOOP('',(#1197,#1198,#1199,#1200,#1201,#1202,#1203,#1204,#1205,#1206,#1207,#1208)) ;
#1211=EDGE_LOOP('',(#1212,#1213,#1214)) ;
#1218=EDGE_LOOP('',(#1219,#1220,#1221)) ;
#1240=EDGE_LOOP('',(#1241,#1242,#1243,#1244)) ;
#1248=EDGE_LOOP('',(#1249,#1250,#1251,#1252)) ;
#1271=EDGE_LOOP('',(#1272,#1273,#1274,#1275)) ;
#1279=EDGE_LOOP('',(#1280,#1281,#1282,#1283)) ;
#1302=EDGE_LOOP('',(#1303,#1304,#1305,#1306)) ;
#1310=EDGE_LOOP('',(#1311,#1312,#1313,#1314)) ;
#1333=EDGE_LOOP('',(#1334,#1335,#1336,#1337)) ;
#1341=EDGE_LOOP('',(#1342,#1343,#1344,#1345)) ;
#1359=EDGE_LOOP('',(#1360,#1361,#1362,#1363,#1364)) ;
#1391=EDGE_LOOP('',(#1392,#1393,#1394,#1395)) ;
#1408=EDGE_LOOP('',(#1409,#1410,#1411,#1412)) ;
#1439=EDGE_LOOP('',(#1440,#1441,#1442,#1443)) ;
#1459=EDGE_LOOP('',(#1460,#1461,#1462,#1463)) ;
#1486=EDGE_LOOP('',(#1487,#1488)) ;
#1523=EDGE_LOOP('',(#1524,#1525,#1526,#1527)) ;
#1545=EDGE_LOOP('',(#1546,#1547,#1548,#1549)) ;
#1558=EDGE_LOOP('',(#1559,#1560,#1561,#1562)) ;
#1587=EDGE_LOOP('',(#1588,#1589,#1590,#1591,#1592,#1593,#1594,#1595,#1596,#1597,#1598,#1599,#1600)) ;
#1648=EDGE_LOOP('',(#1649,#1650,#1651,#1652,#1653,#1654,#1655,#1656,#1657,#1658,#1659,#1660,#1661,#1662,#1663,#1664,#1665,#1666,#1667,#1668,#1669,#1670,#1671,#1672)) ;
#1686=EDGE_LOOP('',(#1687,#1688,#1689,#1690,#1691)) ;
#1699=EDGE_LOOP('',(#1700,#1701,#1702,#1703,#1704)) ;
#1717=EDGE_LOOP('',(#1718,#1719,#1720,#1721)) ;
#1734=EDGE_LOOP('',(#1735,#1736,#1737,#1738,#1739,#1740)) ;
#1754=EDGE_LOOP('',(#1755,#1756,#1757,#1758)) ;
#1771=EDGE_LOOP('',(#1772,#1773,#1774,#1775)) ;
#1784=EDGE_LOOP('',(#1785,#1786,#1787,#1788)) ;
#1792=EDGE_LOOP('',(#1793,#1794,#1795,#1796)) ;
#1810=EDGE_LOOP('',(#1811,#1812,#1813,#1814)) ;
#1836=EDGE_LOOP('',(#1837,#1838,#1839,#1840)) ;
#1849=EDGE_LOOP('',(#1850,#1851,#1852,#1853)) ;
#1881=EDGE_LOOP('',(#1882,#1883,#1884,#1885)) ;
#1899=EDGE_LOOP('',(#1900,#1901,#1902,#1903)) ;
#1912=EDGE_LOOP('',(#1913,#1914)) ;
#1930=EDGE_LOOP('',(#1931,#1932)) ;
#1950=EDGE_LOOP('',(#1951,#1952,#1953,#1954)) ;
#1958=EDGE_LOOP('',(#1959,#1960,#1961,#1962)) ;
#51=ORIENTED_EDGE('',*,*,#44,.F.) ;
#52=ORIENTED_EDGE('',*,*,#49,.F.) ;
#97=ORIENTED_EDGE('',*,*,#76,.T.) ;
#98=ORIENTED_EDGE('',*,*,#83,.T.) ;
#99=ORIENTED_EDGE('',*,*,#90,.F.) ;
#100=ORIENTED_EDGE('',*,*,#95,.F.) ;
#165=ORIENTED_EDGE('',*,*,#116,.F.) ;
#166=ORIENTED_EDGE('',*,*,#123,.T.) ;
#167=ORIENTED_EDGE('',*,*,#130,.T.) ;
#168=ORIENTED_EDGE('',*,*,#137,.F.) ;
#169=ORIENTED_EDGE('',*,*,#144,.F.) ;
#170=ORIENTED_EDGE('',*,*,#151,.F.) ;
#171=ORIENTED_EDGE('',*,*,#158,.F.) ;
#172=ORIENTED_EDGE('',*,*,#163,.F.) ;
#189=ORIENTED_EDGE('',*,*,#182,.T.) ;
#190=ORIENTED_EDGE('',*,*,#187,.T.) ;
#207=ORIENTED_EDGE('',*,*,#200,.T.) ;
#208=ORIENTED_EDGE('',*,*,#205,.T.) ;
#225=ORIENTED_EDGE('',*,*,#218,.T.) ;
#226=ORIENTED_EDGE('',*,*,#223,.T.) ;
#243=ORIENTED_EDGE('',*,*,#236,.T.) ;
#244=ORIENTED_EDGE('',*,*,#241,.T.) ;
#261=ORIENTED_EDGE('',*,*,#254,.T.) ;
#262=ORIENTED_EDGE('',*,*,#259,.T.) ;
#279=ORIENTED_EDGE('',*,*,#272,.T.) ;
#280=ORIENTED_EDGE('',*,*,#277,.T.) ;
#297=ORIENTED_EDGE('',*,*,#290,.T.) ;
#298=ORIENTED_EDGE('',*,*,#295,.T.) ;
#315=ORIENTED_EDGE('',*,*,#308,.T.) ;
#316=ORIENTED_EDGE('',*,*,#313,.T.) ;
#324=ORIENTED_EDGE('',*,*,#76,.F.) ;
#325=ORIENTED_EDGE('',*,*,#322,.F.) ;
#377=ORIENTED_EDGE('',*,*,#351,.F.) ;
#378=ORIENTED_EDGE('',*,*,#358,.T.) ;
#379=ORIENTED_EDGE('',*,*,#365,.F.) ;
#380=ORIENTED_EDGE('',*,*,#370,.T.) ;
#381=ORIENTED_EDGE('',*,*,#130,.F.) ;
#382=ORIENTED_EDGE('',*,*,#375,.F.) ;
#425=ORIENTED_EDGE('',*,*,#404,.T.) ;
#426=ORIENTED_EDGE('',*,*,#375,.T.) ;
#427=ORIENTED_EDGE('',*,*,#123,.F.) ;
#428=ORIENTED_EDGE('',*,*,#411,.T.) ;
#429=ORIENTED_EDGE('',*,*,#418,.F.) ;
#430=ORIENTED_EDGE('',*,*,#423,.T.) ;
#473=ORIENTED_EDGE('',*,*,#447,.T.) ;
#474=ORIENTED_EDGE('',*,*,#454,.F.) ;
#475=ORIENTED_EDGE('',*,*,#461,.T.) ;
#476=ORIENTED_EDGE('',*,*,#466,.T.) ;
#477=ORIENTED_EDGE('',*,*,#187,.F.) ;
#478=ORIENTED_EDGE('',*,*,#471,.F.) ;
#502=ORIENTED_EDGE('',*,*,#466,.F.) ;
#503=ORIENTED_EDGE('',*,*,#488,.T.) ;
#504=ORIENTED_EDGE('',*,*,#495,.T.) ;
#505=ORIENTED_EDGE('',*,*,#500,.T.) ;
#506=ORIENTED_EDGE('',*,*,#471,.T.) ;
#507=ORIENTED_EDGE('',*,*,#182,.F.) ;
#550=ORIENTED_EDGE('',*,*,#522,.F.) ;
#551=ORIENTED_EDGE('',*,*,#529,.T.) ;
#552=ORIENTED_EDGE('',*,*,#536,.T.) ;
#553=ORIENTED_EDGE('',*,*,#543,.T.) ;
#554=ORIENTED_EDGE('',*,*,#548,.T.) ;
#555=ORIENTED_EDGE('',*,*,#205,.F.) ;
#586=ORIENTED_EDGE('',*,*,#572,.T.) ;
#587=ORIENTED_EDGE('',*,*,#579,.F.) ;
#588=ORIENTED_EDGE('',*,*,#584,.T.) ;
#589=ORIENTED_EDGE('',*,*,#522,.T.) ;
#590=ORIENTED_EDGE('',*,*,#200,.F.) ;
#591=ORIENTED_EDGE('',*,*,#548,.F.) ;
#634=ORIENTED_EDGE('',*,*,#606,.F.) ;
#635=ORIENTED_EDGE('',*,*,#613,.T.) ;
#636=ORIENTED_EDGE('',*,*,#620,.T.) ;
#637=ORIENTED_EDGE('',*,*,#627,.T.) ;
#638=ORIENTED_EDGE('',*,*,#632,.T.) ;
#639=ORIENTED_EDGE('',*,*,#223,.F.) ;
#663=ORIENTED_EDGE('',*,*,#649,.T.) ;
#664=ORIENTED_EDGE('',*,*,#656,.F.) ;
#665=ORIENTED_EDGE('',*,*,#661,.T.) ;
#666=ORIENTED_EDGE('',*,*,#606,.T.) ;
#667=ORIENTED_EDGE('',*,*,#218,.F.) ;
#668=ORIENTED_EDGE('',*,*,#632,.F.) ;
#711=ORIENTED_EDGE('',*,*,#685,.T.) ;
#712=ORIENTED_EDGE('',*,*,#692,.F.) ;
#713=ORIENTED_EDGE('',*,*,#699,.T.) ;
#714=ORIENTED_EDGE('',*,*,#704,.T.) ;
#715=ORIENTED_EDGE('',*,*,#241,.F.) ;
#716=ORIENTED_EDGE('',*,*,#709,.F.) ;
#740=ORIENTED_EDGE('',*,*,#704,.F.) ;
#741=ORIENTED_EDGE('',*,*,#726,.T.) ;
#742=ORIENTED_EDGE('',*,*,#733,.T.) ;
#743=ORIENTED_EDGE('',*,*,#738,.T.) ;
#744=ORIENTED_EDGE('',*,*,#709,.T.) ;
#745=ORIENTED_EDGE('',*,*,#236,.F.) ;
#774=ORIENTED_EDGE('',*,*,#760,.T.) ;
#775=ORIENTED_EDGE('',*,*,#767,.T.) ;
#776=ORIENTED_EDGE('',*,*,#772,.F.) ;
#777=ORIENTED_EDGE('',*,*,#259,.F.) ;
#799=ORIENTED_EDGE('',*,*,#772,.T.) ;
#800=ORIENTED_EDGE('',*,*,#797,.T.) ;
#801=ORIENTED_EDGE('',*,*,#760,.F.) ;
#802=ORIENTED_EDGE('',*,*,#254,.F.) ;
#831=ORIENTED_EDGE('',*,*,#817,.T.) ;
#832=ORIENTED_EDGE('',*,*,#824,.T.) ;
#833=ORIENTED_EDGE('',*,*,#829,.F.) ;
#834=ORIENTED_EDGE('',*,*,#277,.F.) ;
#849=ORIENTED_EDGE('',*,*,#829,.T.) ;
#850=ORIENTED_EDGE('',*,*,#847,.T.) ;
#851=ORIENTED_EDGE('',*,*,#817,.F.) ;
#852=ORIENTED_EDGE('',*,*,#272,.F.) ;
#881=ORIENTED_EDGE('',*,*,#867,.T.) ;
#882=ORIENTED_EDGE('',*,*,#874,.T.) ;
#883=ORIENTED_EDGE('',*,*,#879,.F.) ;
#884=ORIENTED_EDGE('',*,*,#295,.F.) ;
#899=ORIENTED_EDGE('',*,*,#879,.T.) ;
#900=ORIENTED_EDGE('',*,*,#897,.T.) ;
#901=ORIENTED_EDGE('',*,*,#867,.F.) ;
#902=ORIENTED_EDGE('',*,*,#290,.F.) ;
#931=ORIENTED_EDGE('',*,*,#917,.T.) ;
#932=ORIENTED_EDGE('',*,*,#924,.T.) ;
#933=ORIENTED_EDGE('',*,*,#929,.F.) ;
#934=ORIENTED_EDGE('',*,*,#313,.F.) ;
#949=ORIENTED_EDGE('',*,*,#929,.T.) ;
#950=ORIENTED_EDGE('',*,*,#947,.T.) ;
#951=ORIENTED_EDGE('',*,*,#917,.F.) ;
#952=ORIENTED_EDGE('',*,*,#308,.F.) ;
#995=ORIENTED_EDGE('',*,*,#969,.T.) ;
#996=ORIENTED_EDGE('',*,*,#976,.T.) ;
#997=ORIENTED_EDGE('',*,*,#983,.T.) ;
#998=ORIENTED_EDGE('',*,*,#988,.T.) ;
#999=ORIENTED_EDGE('',*,*,#358,.F.) ;
#1000=ORIENTED_EDGE('',*,*,#993,.F.) ;
#1017=ORIENTED_EDGE('',*,*,#1010,.F.) ;
#1018=ORIENTED_EDGE('',*,*,#1015,.F.) ;
#1035=ORIENTED_EDGE('',*,*,#1028,.T.) ;
#1036=ORIENTED_EDGE('',*,*,#1033,.T.) ;
#1053=ORIENTED_EDGE('',*,*,#1046,.F.) ;
#1054=ORIENTED_EDGE('',*,*,#1051,.F.) ;
#1071=ORIENTED_EDGE('',*,*,#1064,.F.) ;
#1072=ORIENTED_EDGE('',*,*,#1069,.F.) ;
#1089=ORIENTED_EDGE('',*,*,#1082,.F.) ;
#1090=ORIENTED_EDGE('',*,*,#1087,.F.) ;
#1117=ORIENTED_EDGE('',*,*,#423,.F.) ;
#1118=ORIENTED_EDGE('',*,*,#1104,.T.) ;
#1119=ORIENTED_EDGE('',*,*,#1111,.T.) ;
#1120=ORIENTED_EDGE('',*,*,#1115,.F.) ;
#1134=ORIENTED_EDGE('',*,*,#1132,.F.) ;
#1135=ORIENTED_EDGE('',*,*,#488,.F.) ;
#1136=ORIENTED_EDGE('',*,*,#461,.F.) ;
#1146=ORIENTED_EDGE('',*,*,#1144,.F.) ;
#1147=ORIENTED_EDGE('',*,*,#529,.F.) ;
#1148=ORIENTED_EDGE('',*,*,#584,.F.) ;
#1197=ORIENTED_EDGE('',*,*,#1163,.T.) ;
#1198=ORIENTED_EDGE('',*,*,#1168,.F.) ;
#1199=ORIENTED_EDGE('',*,*,#976,.F.) ;
#1200=ORIENTED_EDGE('',*,*,#1175,.T.) ;
#1201=ORIENTED_EDGE('',*,*,#1180,.T.) ;
#1202=ORIENTED_EDGE('',*,*,#733,.F.) ;
#1203=ORIENTED_EDGE('',*,*,#1185,.T.) ;
#1204=ORIENTED_EDGE('',*,*,#692,.T.) ;
#1205=ORIENTED_EDGE('',*,*,#1190,.T.) ;
#1206=ORIENTED_EDGE('',*,*,#620,.F.) ;
#1207=ORIENTED_EDGE('',*,*,#1195,.T.) ;
#1208=ORIENTED_EDGE('',*,*,#656,.T.) ;
#1212=ORIENTED_EDGE('',*,*,#1195,.F.) ;
#1213=ORIENTED_EDGE('',*,*,#613,.F.) ;
#1214=ORIENTED_EDGE('',*,*,#661,.F.) ;
#1219=ORIENTED_EDGE('',*,*,#1185,.F.) ;
#1220=ORIENTED_EDGE('',*,*,#726,.F.) ;
#1221=ORIENTED_EDGE('',*,*,#699,.F.) ;
#1241=ORIENTED_EDGE('',*,*,#767,.F.) ;
#1242=ORIENTED_EDGE('',*,*,#1234,.F.) ;
#1243=ORIENTED_EDGE('',*,*,#1046,.T.) ;
#1244=ORIENTED_EDGE('',*,*,#1239,.T.) ;
#1249=ORIENTED_EDGE('',*,*,#797,.F.) ;
#1250=ORIENTED_EDGE('',*,*,#1239,.F.) ;
#1251=ORIENTED_EDGE('',*,*,#1051,.T.) ;
#1252=ORIENTED_EDGE('',*,*,#1234,.T.) ;
#1272=ORIENTED_EDGE('',*,*,#824,.F.) ;
#1273=ORIENTED_EDGE('',*,*,#1265,.F.) ;
#1274=ORIENTED_EDGE('',*,*,#1064,.T.) ;
#1275=ORIENTED_EDGE('',*,*,#1270,.T.) ;
#1280=ORIENTED_EDGE('',*,*,#847,.F.) ;
#1281=ORIENTED_EDGE('',*,*,#1270,.F.) ;
#1282=ORIENTED_EDGE('',*,*,#1069,.T.) ;
#1283=ORIENTED_EDGE('',*,*,#1265,.T.) ;
#1303=ORIENTED_EDGE('',*,*,#874,.F.) ;
#1304=ORIENTED_EDGE('',*,*,#1296,.F.) ;
#1305=ORIENTED_EDGE('',*,*,#1082,.T.) ;
#1306=ORIENTED_EDGE('',*,*,#1301,.T.) ;
#1311=ORIENTED_EDGE('',*,*,#897,.F.) ;
#1312=ORIENTED_EDGE('',*,*,#1301,.F.) ;
#1313=ORIENTED_EDGE('',*,*,#1087,.T.) ;
#1314=ORIENTED_EDGE('',*,*,#1296,.T.) ;
#1334=ORIENTED_EDGE('',*,*,#924,.F.) ;
#1335=ORIENTED_EDGE('',*,*,#1327,.F.) ;
#1336=ORIENTED_EDGE('',*,*,#1015,.T.) ;
#1337=ORIENTED_EDGE('',*,*,#1332,.T.) ;
#1342=ORIENTED_EDGE('',*,*,#947,.F.) ;
#1343=ORIENTED_EDGE('',*,*,#1332,.F.) ;
#1344=ORIENTED_EDGE('',*,*,#1010,.T.) ;
#1345=ORIENTED_EDGE('',*,*,#1327,.T.) ;
#1360=ORIENTED_EDGE('',*,*,#1111,.F.) ;
#1361=ORIENTED_EDGE('',*,*,#1353,.T.) ;
#1362=ORIENTED_EDGE('',*,*,#1175,.F.) ;
#1363=ORIENTED_EDGE('',*,*,#969,.F.) ;
#1364=ORIENTED_EDGE('',*,*,#1358,.F.) ;
#1392=ORIENTED_EDGE('',*,*,#1380,.T.) ;
#1393=ORIENTED_EDGE('',*,*,#1385,.T.) ;
#1394=ORIENTED_EDGE('',*,*,#1028,.F.) ;
#1395=ORIENTED_EDGE('',*,*,#1390,.F.) ;
#1409=ORIENTED_EDGE('',*,*,#1407,.T.) ;
#1410=ORIENTED_EDGE('',*,*,#1390,.T.) ;
#1411=ORIENTED_EDGE('',*,*,#1033,.F.) ;
#1412=ORIENTED_EDGE('',*,*,#1385,.F.) ;
#1440=ORIENTED_EDGE('',*,*,#1426,.T.) ;
#1441=ORIENTED_EDGE('',*,*,#1380,.F.) ;
#1442=ORIENTED_EDGE('',*,*,#1433,.F.) ;
#1443=ORIENTED_EDGE('',*,*,#1438,.F.) ;
#1460=ORIENTED_EDGE('',*,*,#1433,.T.) ;
#1461=ORIENTED_EDGE('',*,*,#1407,.F.) ;
#1462=ORIENTED_EDGE('',*,*,#1426,.F.) ;
#1463=ORIENTED_EDGE('',*,*,#1458,.F.) ;
#1487=ORIENTED_EDGE('',*,*,#1480,.T.) ;
#1488=ORIENTED_EDGE('',*,*,#1485,.T.) ;
#1524=ORIENTED_EDGE('',*,*,#1503,.F.) ;
#1525=ORIENTED_EDGE('',*,*,#1510,.F.) ;
#1526=ORIENTED_EDGE('',*,*,#1517,.T.) ;
#1527=ORIENTED_EDGE('',*,*,#1522,.T.) ;
#1546=ORIENTED_EDGE('',*,*,#1539,.T.) ;
#1547=ORIENTED_EDGE('',*,*,#1458,.T.) ;
#1548=ORIENTED_EDGE('',*,*,#1544,.F.) ;
#1549=ORIENTED_EDGE('',*,*,#1480,.F.) ;
#1559=ORIENTED_EDGE('',*,*,#1544,.T.) ;
#1560=ORIENTED_EDGE('',*,*,#1438,.T.) ;
#1561=ORIENTED_EDGE('',*,*,#1539,.F.) ;
#1562=ORIENTED_EDGE('',*,*,#1485,.F.) ;
#1588=ORIENTED_EDGE('',*,*,#983,.F.) ;
#1589=ORIENTED_EDGE('',*,*,#1168,.T.) ;
#1590=ORIENTED_EDGE('',*,*,#1570,.T.) ;
#1591=ORIENTED_EDGE('',*,*,#495,.F.) ;
#1592=ORIENTED_EDGE('',*,*,#1132,.T.) ;
#1593=ORIENTED_EDGE('',*,*,#454,.T.) ;
#1594=ORIENTED_EDGE('',*,*,#1575,.T.) ;
#1595=ORIENTED_EDGE('',*,*,#536,.F.) ;
#1596=ORIENTED_EDGE('',*,*,#1144,.T.) ;
#1597=ORIENTED_EDGE('',*,*,#579,.T.) ;
#1598=ORIENTED_EDGE('',*,*,#1580,.T.) ;
#1599=ORIENTED_EDGE('',*,*,#1510,.T.) ;
#1600=ORIENTED_EDGE('',*,*,#1586,.F.) ;
#1649=ORIENTED_EDGE('',*,*,#1614,.T.) ;
#1650=ORIENTED_EDGE('',*,*,#1517,.F.) ;
#1651=ORIENTED_EDGE('',*,*,#1580,.F.) ;
#1652=ORIENTED_EDGE('',*,*,#572,.F.) ;
#1653=ORIENTED_EDGE('',*,*,#543,.F.) ;
#1654=ORIENTED_EDGE('',*,*,#1575,.F.) ;
#1655=ORIENTED_EDGE('',*,*,#447,.F.) ;
#1656=ORIENTED_EDGE('',*,*,#500,.F.) ;
#1657=ORIENTED_EDGE('',*,*,#1570,.F.) ;
#1658=ORIENTED_EDGE('',*,*,#1163,.F.) ;
#1659=ORIENTED_EDGE('',*,*,#649,.F.) ;
#1660=ORIENTED_EDGE('',*,*,#627,.F.) ;
#1661=ORIENTED_EDGE('',*,*,#1190,.F.) ;
#1662=ORIENTED_EDGE('',*,*,#685,.F.) ;
#1663=ORIENTED_EDGE('',*,*,#738,.F.) ;
#1664=ORIENTED_EDGE('',*,*,#1180,.F.) ;
#1665=ORIENTED_EDGE('',*,*,#1353,.F.) ;
#1666=ORIENTED_EDGE('',*,*,#1104,.F.) ;
#1667=ORIENTED_EDGE('',*,*,#418,.T.) ;
#1668=ORIENTED_EDGE('',*,*,#1621,.F.) ;
#1669=ORIENTED_EDGE('',*,*,#1628,.T.) ;
#1670=ORIENTED_EDGE('',*,*,#1635,.T.) ;
#1671=ORIENTED_EDGE('',*,*,#1642,.T.) ;
#1672=ORIENTED_EDGE('',*,*,#1647,.F.) ;
#1687=ORIENTED_EDGE('',*,*,#365,.T.) ;
#1688=ORIENTED_EDGE('',*,*,#988,.F.) ;
#1689=ORIENTED_EDGE('',*,*,#1586,.T.) ;
#1690=ORIENTED_EDGE('',*,*,#1503,.T.) ;
#1691=ORIENTED_EDGE('',*,*,#1685,.T.) ;
#1700=ORIENTED_EDGE('',*,*,#404,.F.) ;
#1701=ORIENTED_EDGE('',*,*,#1115,.T.) ;
#1702=ORIENTED_EDGE('',*,*,#1358,.T.) ;
#1703=ORIENTED_EDGE('',*,*,#993,.T.) ;
#1704=ORIENTED_EDGE('',*,*,#351,.T.) ;
#1718=ORIENTED_EDGE('',*,*,#1621,.T.) ;
#1719=ORIENTED_EDGE('',*,*,#411,.F.) ;
#1720=ORIENTED_EDGE('',*,*,#116,.T.) ;
#1721=ORIENTED_EDGE('',*,*,#1716,.T.) ;
#1735=ORIENTED_EDGE('',*,*,#1522,.F.) ;
#1736=ORIENTED_EDGE('',*,*,#1614,.F.) ;
#1737=ORIENTED_EDGE('',*,*,#1733,.F.) ;
#1738=ORIENTED_EDGE('',*,*,#137,.T.) ;
#1739=ORIENTED_EDGE('',*,*,#370,.F.) ;
#1740=ORIENTED_EDGE('',*,*,#1685,.F.) ;
#1755=ORIENTED_EDGE('',*,*,#1753,.F.) ;
#1756=ORIENTED_EDGE('',*,*,#144,.T.) ;
#1757=ORIENTED_EDGE('',*,*,#1733,.T.) ;
#1758=ORIENTED_EDGE('',*,*,#1647,.T.) ;
#1772=ORIENTED_EDGE('',*,*,#1642,.F.) ;
#1773=ORIENTED_EDGE('',*,*,#1770,.T.) ;
#1774=ORIENTED_EDGE('',*,*,#151,.T.) ;
#1775=ORIENTED_EDGE('',*,*,#1753,.T.) ;
#1785=ORIENTED_EDGE('',*,*,#1635,.F.) ;
#1786=ORIENTED_EDGE('',*,*,#1783,.T.) ;
#1787=ORIENTED_EDGE('',*,*,#158,.T.) ;
#1788=ORIENTED_EDGE('',*,*,#1770,.F.) ;
#1793=ORIENTED_EDGE('',*,*,#163,.T.) ;
#1794=ORIENTED_EDGE('',*,*,#1783,.F.) ;
#1795=ORIENTED_EDGE('',*,*,#1628,.F.) ;
#1796=ORIENTED_EDGE('',*,*,#1716,.F.) ;
#1811=ORIENTED_EDGE('',*,*,#322,.T.) ;
#1812=ORIENTED_EDGE('',*,*,#95,.T.) ;
#1813=ORIENTED_EDGE('',*,*,#1809,.F.) ;
#1814=ORIENTED_EDGE('',*,*,#83,.F.) ;
#1837=ORIENTED_EDGE('',*,*,#1823,.F.) ;
#1838=ORIENTED_EDGE('',*,*,#1809,.T.) ;
#1839=ORIENTED_EDGE('',*,*,#1830,.T.) ;
#1840=ORIENTED_EDGE('',*,*,#1835,.T.) ;
#1850=ORIENTED_EDGE('',*,*,#1830,.F.) ;
#1851=ORIENTED_EDGE('',*,*,#90,.T.) ;
#1852=ORIENTED_EDGE('',*,*,#1823,.T.) ;
#1853=ORIENTED_EDGE('',*,*,#1848,.T.) ;
#1882=ORIENTED_EDGE('',*,*,#1868,.T.) ;
#1883=ORIENTED_EDGE('',*,*,#1875,.T.) ;
#1884=ORIENTED_EDGE('',*,*,#1880,.F.) ;
#1885=ORIENTED_EDGE('',*,*,#1835,.F.) ;
#1900=ORIENTED_EDGE('',*,*,#1880,.T.) ;
#1901=ORIENTED_EDGE('',*,*,#1898,.T.) ;
#1902=ORIENTED_EDGE('',*,*,#1868,.F.) ;
#1903=ORIENTED_EDGE('',*,*,#1848,.F.) ;
#1913=ORIENTED_EDGE('',*,*,#1875,.F.) ;
#1914=ORIENTED_EDGE('',*,*,#1898,.F.) ;
#1931=ORIENTED_EDGE('',*,*,#1924,.T.) ;
#1932=ORIENTED_EDGE('',*,*,#1929,.T.) ;
#1951=ORIENTED_EDGE('',*,*,#1924,.F.) ;
#1952=ORIENTED_EDGE('',*,*,#1944,.F.) ;
#1953=ORIENTED_EDGE('',*,*,#44,.T.) ;
#1954=ORIENTED_EDGE('',*,*,#1949,.T.) ;
#1959=ORIENTED_EDGE('',*,*,#1929,.F.) ;
#1960=ORIENTED_EDGE('',*,*,#1949,.F.) ;
#1961=ORIENTED_EDGE('',*,*,#49,.T.) ;
#1962=ORIENTED_EDGE('',*,*,#1944,.T.) ;
#21=MANIFOLD_SOLID_BREP('PartBody',#30) ;
#41=VERTEX_POINT('',#40) ;
#43=VERTEX_POINT('',#42) ;
#73=VERTEX_POINT('',#72) ;
#75=VERTEX_POINT('',#74) ;
#82=VERTEX_POINT('',#81) ;
#89=VERTEX_POINT('',#88) ;
#113=VERTEX_POINT('',#112) ;
#115=VERTEX_POINT('',#114) ;
#122=VERTEX_POINT('',#121) ;
#129=VERTEX_POINT('',#128) ;
#136=VERTEX_POINT('',#135) ;
#143=VERTEX_POINT('',#142) ;
#150=VERTEX_POINT('',#149) ;
#157=VERTEX_POINT('',#156) ;
#179=VERTEX_POINT('',#178) ;
#181=VERTEX_POINT('',#180) ;
#197=VERTEX_POINT('',#196) ;
#199=VERTEX_POINT('',#198) ;
#215=VERTEX_POINT('',#214) ;
#217=VERTEX_POINT('',#216) ;
#233=VERTEX_POINT('',#232) ;
#235=VERTEX_POINT('',#234) ;
#251=VERTEX_POINT('',#250) ;
#253=VERTEX_POINT('',#252) ;
#269=VERTEX_POINT('',#268) ;
#271=VERTEX_POINT('',#270) ;
#287=VERTEX_POINT('',#286) ;
#289=VERTEX_POINT('',#288) ;
#305=VERTEX_POINT('',#304) ;
#307=VERTEX_POINT('',#306) ;
#348=VERTEX_POINT('',#347) ;
#350=VERTEX_POINT('',#349) ;
#357=VERTEX_POINT('',#356) ;
#364=VERTEX_POINT('',#363) ;
#403=VERTEX_POINT('',#402) ;
#410=VERTEX_POINT('',#409) ;
#417=VERTEX_POINT('',#416) ;
#444=VERTEX_POINT('',#443) ;
#446=VERTEX_POINT('',#445) ;
#453=VERTEX_POINT('',#452) ;
#460=VERTEX_POINT('',#459) ;
#487=VERTEX_POINT('',#486) ;
#494=VERTEX_POINT('',#493) ;
#521=VERTEX_POINT('',#520) ;
#528=VERTEX_POINT('',#527) ;
#535=VERTEX_POINT('',#534) ;
#542=VERTEX_POINT('',#541) ;
#571=VERTEX_POINT('',#570) ;
#578=VERTEX_POINT('',#577) ;
#605=VERTEX_POINT('',#604) ;
#612=VERTEX_POINT('',#611) ;
#619=VERTEX_POINT('',#618) ;
#626=VERTEX_POINT('',#625) ;
#648=VERTEX_POINT('',#647) ;
#655=VERTEX_POINT('',#654) ;
#682=VERTEX_POINT('',#681) ;
#684=VERTEX_POINT('',#683) ;
#691=VERTEX_POINT('',#690) ;
#698=VERTEX_POINT('',#697) ;
#725=VERTEX_POINT('',#724) ;
#732=VERTEX_POINT('',#731) ;
#759=VERTEX_POINT('',#758) ;
#766=VERTEX_POINT('',#765) ;
#816=VERTEX_POINT('',#815) ;
#823=VERTEX_POINT('',#822) ;
#866=VERTEX_POINT('',#865) ;
#873=VERTEX_POINT('',#872) ;
#916=VERTEX_POINT('',#915) ;
#923=VERTEX_POINT('',#922) ;
#966=VERTEX_POINT('',#965) ;
#968=VERTEX_POINT('',#967) ;
#975=VERTEX_POINT('',#974) ;
#982=VERTEX_POINT('',#981) ;
#1007=VERTEX_POINT('',#1006) ;
#1009=VERTEX_POINT('',#1008) ;
#1025=VERTEX_POINT('',#1024) ;
#1027=VERTEX_POINT('',#1026) ;
#1043=VERTEX_POINT('',#1042) ;
#1045=VERTEX_POINT('',#1044) ;
#1061=VERTEX_POINT('',#1060) ;
#1063=VERTEX_POINT('',#1062) ;
#1079=VERTEX_POINT('',#1078) ;
#1081=VERTEX_POINT('',#1080) ;
#1103=VERTEX_POINT('',#1102) ;
#1110=VERTEX_POINT('',#1109) ;
#1162=VERTEX_POINT('',#1161) ;
#1174=VERTEX_POINT('',#1173) ;
#1377=VERTEX_POINT('',#1376) ;
#1379=VERTEX_POINT('',#1378) ;
#1425=VERTEX_POINT('',#1424) ;
#1432=VERTEX_POINT('',#1431) ;
#1477=VERTEX_POINT('',#1476) ;
#1479=VERTEX_POINT('',#1478) ;
#1500=VERTEX_POINT('',#1499) ;
#1502=VERTEX_POINT('',#1501) ;
#1509=VERTEX_POINT('',#1508) ;
#1516=VERTEX_POINT('',#1515) ;
#1613=VERTEX_POINT('',#1612) ;
#1620=VERTEX_POINT('',#1619) ;
#1627=VERTEX_POINT('',#1626) ;
#1634=VERTEX_POINT('',#1633) ;
#1641=VERTEX_POINT('',#1640) ;
#1822=VERTEX_POINT('',#1821) ;
#1829=VERTEX_POINT('',#1828) ;
#1867=VERTEX_POINT('',#1866) ;
#1874=VERTEX_POINT('',#1873) ;
#1921=VERTEX_POINT('',#1920) ;
#1923=VERTEX_POINT('',#1922) ;
#333=SURFACE_STYLE_TRANSPARENT(1.) ;
#1966=ADVANCED_BREP_SHAPE_REPRESENTATION('NONE',(#21),#16) ;
#54=ADVANCED_FACE('PartBody',(#53),#35,.F.) ;
#102=ADVANCED_FACE('PartBody',(#101),#67,.F.) ;
#327=ADVANCED_FACE('PartBody',(#173,#191,#209,#227,#245,#263,#281,#299,#317,#326),#107,.F.) ;
#384=ADVANCED_FACE('PartBody',(#383),#342,.T.) ;
#432=ADVANCED_FACE('PartBody',(#431),#397,.F.) ;
#480=ADVANCED_FACE('PartBody',(#479),#438,.F.) ;
#509=ADVANCED_FACE('PartBody',(#508),#438,.F.) ;
#557=ADVANCED_FACE('PartBody',(#556),#515,.F.) ;
#593=ADVANCED_FACE('PartBody',(#592),#515,.F.) ;
#641=ADVANCED_FACE('PartBody',(#640),#599,.F.) ;
#670=ADVANCED_FACE('PartBody',(#669),#599,.F.) ;
#718=ADVANCED_FACE('PartBody',(#717),#676,.F.) ;
#747=ADVANCED_FACE('PartBody',(#746),#676,.F.) ;
#779=ADVANCED_FACE('PartBody',(#778),#753,.F.) ;
#804=ADVANCED_FACE('PartBody',(#803),#792,.F.) ;
#836=ADVANCED_FACE('PartBody',(#835),#810,.F.) ;
#854=ADVANCED_FACE('PartBody',(#853),#842,.F.) ;
#886=ADVANCED_FACE('PartBody',(#885),#860,.F.) ;
#904=ADVANCED_FACE('PartBody',(#903),#892,.F.) ;
#936=ADVANCED_FACE('PartBody',(#935),#910,.F.) ;
#954=ADVANCED_FACE('PartBody',(#953),#942,.F.) ;
#1092=ADVANCED_FACE('PartBody',(#1001,#1019,#1037,#1055,#1073,#1091),#960,.T.) ;
#1122=ADVANCED_FACE('PartBody',(#1121),#1097,.T.) ;
#1138=ADVANCED_FACE('PartBody',(#1137),#1127,.F.) ;
#1150=ADVANCED_FACE('PartBody',(#1149),#1127,.F.) ;
#1210=ADVANCED_FACE('PartBody',(#1209),#1156,.T.) ;
#1216=ADVANCED_FACE('PartBody',(#1215),#1127,.F.) ;
#1223=ADVANCED_FACE('PartBody',(#1222),#1127,.F.) ;
#1246=ADVANCED_FACE('PartBody',(#1245),#1229,.F.) ;
#1254=ADVANCED_FACE('PartBody',(#1253),#1229,.F.) ;
#1277=ADVANCED_FACE('PartBody',(#1276),#1260,.F.) ;
#1285=ADVANCED_FACE('PartBody',(#1284),#1260,.F.) ;
#1308=ADVANCED_FACE('PartBody',(#1307),#1291,.F.) ;
#1316=ADVANCED_FACE('PartBody',(#1315),#1291,.F.) ;
#1339=ADVANCED_FACE('PartBody',(#1338),#1322,.F.) ;
#1347=ADVANCED_FACE('PartBody',(#1346),#1322,.F.) ;
#1366=ADVANCED_FACE('PartBody',(#1365),#1156,.T.) ;
#1397=ADVANCED_FACE('PartBody',(#1396),#1371,.F.) ;
#1414=ADVANCED_FACE('PartBody',(#1413),#1402,.F.) ;
#1445=ADVANCED_FACE('PartBody',(#1444),#1419,.T.) ;
#1465=ADVANCED_FACE('PartBody',(#1464),#1419,.T.) ;
#1490=ADVANCED_FACE('PartBody',(#1489),#1471,.T.) ;
#1529=ADVANCED_FACE('PartBody',(#1528),#1495,.F.) ;
#1551=ADVANCED_FACE('PartBody',(#1550),#1534,.T.) ;
#1564=ADVANCED_FACE('PartBody',(#1563),#1557,.T.) ;
#1602=ADVANCED_FACE('PartBody',(#1601),#1156,.T.) ;
#1674=ADVANCED_FACE('PartBody',(#1673),#1607,.T.) ;
#1693=ADVANCED_FACE('PartBody',(#1692),#1680,.T.) ;
#1706=ADVANCED_FACE('PartBody',(#1705),#1698,.F.) ;
#1723=ADVANCED_FACE('PartBody',(#1722),#1711,.T.) ;
#1742=ADVANCED_FACE('PartBody',(#1741),#1728,.T.) ;
#1760=ADVANCED_FACE('PartBody',(#1759),#1748,.F.) ;
#1777=ADVANCED_FACE('PartBody',(#1776),#1765,.T.) ;
#1790=ADVANCED_FACE('PartBody',(#1789),#1765,.T.) ;
#1798=ADVANCED_FACE('PartBody',(#1797),#1765,.T.) ;
#1816=ADVANCED_FACE('PartBody',(#1815),#1804,.F.) ;
#1842=ADVANCED_FACE('PartBody',(#1841),#1419,.T.) ;
#1855=ADVANCED_FACE('PartBody',(#1854),#1419,.T.) ;
#1887=ADVANCED_FACE('PartBody',(#1886),#1861,.T.) ;
#1905=ADVANCED_FACE('PartBody',(#1904),#1893,.T.) ;
#1934=ADVANCED_FACE('PartBody',(#1915,#1933),#1911,.F.) ;
#1956=ADVANCED_FACE('PartBody',(#1955),#1939,.F.) ;
#1964=ADVANCED_FACE('PartBody',(#1963),#1939,.F.) ;
#4=APPLICATION_PROTOCOL_DEFINITION('international standard','ap242_managed_model_based_3d_engineering',2014,#1) ;
#1112=B_SPLINE_CURVE_WITH_KNOTS('',1,(#1113,#1114),.UNSPECIFIED.,.F.,.U.,(2,2),(-0.779767854962,0.779767854962),.UNSPECIFIED.) ;
#1354=B_SPLINE_CURVE_WITH_KNOTS('',2,(#1355,#1356,#1357),.UNSPECIFIED.,.F.,.U.,(3,3),(0.,0.0285854700172),.UNSPECIFIED.) ;
#1496=B_SPLINE_CURVE_WITH_KNOTS('',1,(#1497,#1498),.UNSPECIFIED.,.F.,.U.,(2,2),(-0.745211421463,0.745211421463),.UNSPECIFIED.) ;
#1581=B_SPLINE_CURVE_WITH_KNOTS('',3,(#1582,#1583,#1584,#1585),.UNSPECIFIED.,.F.,.U.,(4,4),(0.,0.28093888094),.UNSPECIFIED.) ;
#22=COLOUR_RGB('Colour',0.2,0.2,0.2) ;
#328=COLOUR_RGB('Colour',0.2,0.2,0.2) ;
#385=COLOUR_RGB('Colour',0.372549019608,0.,0.) ;
#558=COLOUR_RGB('Colour',0.,0.313725490196,1.) ;
#1446=COLOUR_RGB('Colour',0.882352941176,1.,0.686274509804) ;
#62=OVER_RIDING_STYLED_ITEM(' ',(#61),#54,#29) ;
#337=OVER_RIDING_STYLED_ITEM(' ',(#336),#327,#29) ;
#392=OVER_RIDING_STYLED_ITEM(' ',(#391),#384,#29) ;
#433=OVER_RIDING_STYLED_ITEM(' ',(#391),#432,#29) ;
#481=OVER_RIDING_STYLED_ITEM(' ',(#61),#480,#29) ;
#510=OVER_RIDING_STYLED_ITEM(' ',(#61),#509,#29) ;
#565=OVER_RIDING_STYLED_ITEM(' ',(#564),#557,#29) ;
#594=OVER_RIDING_STYLED_ITEM(' ',(#564),#593,#29) ;
#642=OVER_RIDING_STYLED_ITEM(' ',(#564),#641,#29) ;
#671=OVER_RIDING_STYLED_ITEM(' ',(#564),#670,#29) ;
#719=OVER_RIDING_STYLED_ITEM(' ',(#61),#718,#29) ;
#748=OVER_RIDING_STYLED_ITEM(' ',(#61),#747,#29) ;
#787=OVER_RIDING_STYLED_ITEM(' ',(#786),#779,#29) ;
#805=OVER_RIDING_STYLED_ITEM(' ',(#786),#804,#29) ;
#837=OVER_RIDING_STYLED_ITEM(' ',(#786),#836,#29) ;
#855=OVER_RIDING_STYLED_ITEM(' ',(#786),#854,#29) ;
#887=OVER_RIDING_STYLED_ITEM(' ',(#786),#886,#29) ;
#905=OVER_RIDING_STYLED_ITEM(' ',(#786),#904,#29) ;
#937=OVER_RIDING_STYLED_ITEM(' ',(#786),#936,#29) ;
#955=OVER_RIDING_STYLED_ITEM(' ',(#786),#954,#29) ;
#1139=OVER_RIDING_STYLED_ITEM(' ',(#61),#1138,#29) ;
#1151=OVER_RIDING_STYLED_ITEM(' ',(#564),#1150,#29) ;
#1217=OVER_RIDING_STYLED_ITEM(' ',(#564),#1216,#29) ;
#1224=OVER_RIDING_STYLED_ITEM(' ',(#61),#1223,#29) ;
#1247=OVER_RIDING_STYLED_ITEM(' ',(#786),#1246,#29) ;
#1255=OVER_RIDING_STYLED_ITEM(' ',(#786),#1254,#29) ;
#1278=OVER_RIDING_STYLED_ITEM(' ',(#786),#1277,#29) ;
#1286=OVER_RIDING_STYLED_ITEM(' ',(#786),#1285,#29) ;
#1309=OVER_RIDING_STYLED_ITEM(' ',(#786),#1308,#29) ;
#1317=OVER_RIDING_STYLED_ITEM(' ',(#786),#1316,#29) ;
#1340=OVER_RIDING_STYLED_ITEM(' ',(#786),#1339,#29) ;
#1348=OVER_RIDING_STYLED_ITEM(' ',(#786),#1347,#29) ;
#1453=OVER_RIDING_STYLED_ITEM(' ',(#1452),#1445,#29) ;
#1466=OVER_RIDING_STYLED_ITEM(' ',(#1452),#1465,#29) ;
#1552=OVER_RIDING_STYLED_ITEM(' ',(#391),#1551,#29) ;
#1565=OVER_RIDING_STYLED_ITEM(' ',(#391),#1564,#29) ;
#1675=OVER_RIDING_STYLED_ITEM(' ',(#336),#1674,#29) ;
#1743=OVER_RIDING_STYLED_ITEM(' ',(#391),#1742,#29) ;
#1778=OVER_RIDING_STYLED_ITEM(' ',(#336),#1777,#29) ;
#1791=OVER_RIDING_STYLED_ITEM(' ',(#336),#1790,#29) ;
#1799=OVER_RIDING_STYLED_ITEM(' ',(#336),#1798,#29) ;
#1843=OVER_RIDING_STYLED_ITEM(' ',(#1452),#1842,#29) ;
#1856=OVER_RIDING_STYLED_ITEM(' ',(#1452),#1855,#29) ;
#1888=OVER_RIDING_STYLED_ITEM(' ',(#391),#1887,#29) ;
#1906=OVER_RIDING_STYLED_ITEM(' ',(#391),#1905,#29) ;
#1957=OVER_RIDING_STYLED_ITEM(' ',(#61),#1956,#29) ;
#1965=OVER_RIDING_STYLED_ITEM(' ',(#61),#1964,#29) ;
#55=DRAUGHTING_PRE_DEFINED_COLOUR('yellow') ;
#780=DRAUGHTING_PRE_DEFINED_COLOUR('magenta') ;
#53=FACE_OUTER_BOUND('',#50,.T.) ;
#101=FACE_OUTER_BOUND('',#96,.T.) ;
#173=FACE_OUTER_BOUND('',#164,.T.) ;
#383=FACE_OUTER_BOUND('',#376,.T.) ;
#431=FACE_OUTER_BOUND('',#424,.T.) ;
#479=FACE_OUTER_BOUND('',#472,.T.) ;
#508=FACE_OUTER_BOUND('',#501,.T.) ;
#556=FACE_OUTER_BOUND('',#549,.T.) ;
#592=FACE_OUTER_BOUND('',#585,.T.) ;
#640=FACE_OUTER_BOUND('',#633,.T.) ;
#669=FACE_OUTER_BOUND('',#662,.T.) ;
#717=FACE_OUTER_BOUND('',#710,.T.) ;
#746=FACE_OUTER_BOUND('',#739,.T.) ;
#778=FACE_OUTER_BOUND('',#773,.T.) ;
#803=FACE_OUTER_BOUND('',#798,.T.) ;
#835=FACE_OUTER_BOUND('',#830,.T.) ;
#853=FACE_OUTER_BOUND('',#848,.T.) ;
#885=FACE_OUTER_BOUND('',#880,.T.) ;
#903=FACE_OUTER_BOUND('',#898,.T.) ;
#935=FACE_OUTER_BOUND('',#930,.T.) ;
#953=FACE_OUTER_BOUND('',#948,.T.) ;
#1001=FACE_OUTER_BOUND('',#994,.T.) ;
#1121=FACE_OUTER_BOUND('',#1116,.T.) ;
#1137=FACE_OUTER_BOUND('',#1133,.T.) ;
#1149=FACE_OUTER_BOUND('',#1145,.T.) ;
#1209=FACE_OUTER_BOUND('',#1196,.T.) ;
#1215=FACE_OUTER_BOUND('',#1211,.T.) ;
#1222=FACE_OUTER_BOUND('',#1218,.T.) ;
#1245=FACE_OUTER_BOUND('',#1240,.T.) ;
#1253=FACE_OUTER_BOUND('',#1248,.T.) ;
#1276=FACE_OUTER_BOUND('',#1271,.T.) ;
#1284=FACE_OUTER_BOUND('',#1279,.T.) ;
#1307=FACE_OUTER_BOUND('',#1302,.T.) ;
#1315=FACE_OUTER_BOUND('',#1310,.T.) ;
#1338=FACE_OUTER_BOUND('',#1333,.T.) ;
#1346=FACE_OUTER_BOUND('',#1341,.T.) ;
#1365=FACE_OUTER_BOUND('',#1359,.T.) ;
#1396=FACE_OUTER_BOUND('',#1391,.T.) ;
#1413=FACE_OUTER_BOUND('',#1408,.T.) ;
#1444=FACE_OUTER_BOUND('',#1439,.T.) ;
#1464=FACE_OUTER_BOUND('',#1459,.T.) ;
#1489=FACE_OUTER_BOUND('',#1486,.T.) ;
#1528=FACE_OUTER_BOUND('',#1523,.T.) ;
#1550=FACE_OUTER_BOUND('',#1545,.T.) ;
#1563=FACE_OUTER_BOUND('',#1558,.T.) ;
#1601=FACE_OUTER_BOUND('',#1587,.T.) ;
#1673=FACE_OUTER_BOUND('',#1648,.T.) ;
#1692=FACE_OUTER_BOUND('',#1686,.T.) ;
#1705=FACE_OUTER_BOUND('',#1699,.T.) ;
#1722=FACE_OUTER_BOUND('',#1717,.T.) ;
#1741=FACE_OUTER_BOUND('',#1734,.T.) ;
#1759=FACE_OUTER_BOUND('',#1754,.T.) ;
#1776=FACE_OUTER_BOUND('',#1771,.T.) ;
#1789=FACE_OUTER_BOUND('',#1784,.T.) ;
#1797=FACE_OUTER_BOUND('',#1792,.T.) ;
#1815=FACE_OUTER_BOUND('',#1810,.T.) ;
#1841=FACE_OUTER_BOUND('',#1836,.T.) ;
#1854=FACE_OUTER_BOUND('',#1849,.T.) ;
#1886=FACE_OUTER_BOUND('',#1881,.T.) ;
#1904=FACE_OUTER_BOUND('',#1899,.T.) ;
#1915=FACE_OUTER_BOUND('',#1912,.T.) ;
#1955=FACE_OUTER_BOUND('',#1950,.T.) ;
#1963=FACE_OUTER_BOUND('',#1958,.T.) ;
#9=PRODUCT_CATEGORY_RELATIONSHIP(' ',' ',#7,#8) ;
#6=PRODUCT_DEFINITION_FORMATION_WITH_SPECIFIED_SOURCE('',' ',#5,.NOT_KNOWN.) ;
#20=SHAPE_DEFINITION_REPRESENTATION(#11,#19) ;
#332=SURFACE_STYLE_RENDERING_WITH_PROPERTIES(.NORMAL_SHADING.,#328,(#333)) ;
#12=(LENGTH_UNIT()NAMED_UNIT(*)SI_UNIT(.MILLI.,.METRE.)) ;
#13=(NAMED_UNIT(*)PLANE_ANGLE_UNIT()SI_UNIT($,.RADIAN.)) ;
#14=(NAMED_UNIT(*)SI_UNIT($,.STERADIAN.)SOLID_ANGLE_UNIT()) ;
#16=(GEOMETRIC_REPRESENTATION_CONTEXT(3)GLOBAL_UNCERTAINTY_ASSIGNED_CONTEXT((#15))GLOBAL_UNIT_ASSIGNED_CONTEXT((#12,#13,#14))REPRESENTATION_CONTEXT(' ',' ')) ;
ENDSEC;
END-ISO-10303-21;
