START RECORD GO HERE.                                                   S      1
1H,,1H;,22H1074.000.026.000.BRAZO,26H1074.000.026.000.BRAZO.igs,62HDASSAG      1
ULT SYSTEMES CATIA Version 5-6 Release 2018 - www.3ds.com,35HV5-6R2018_5G      2
.28.6.0.03-10-2020.20.00,32,75,6,75,15,22H1074.000.026.000.BRAZO,1.0,2, G      3
2HMM,1000,1.0,15H20251008.092226,0.001,10000.0,2HPc,15HDESKTOP-CAESKE4, G      4
11,0,15H20251008.092226,;                                               G      5
     124       1       0       0       0       0       0       000000000D      1
     124       0       0       2       0                               0D      2
     108       3       0       0       0       0       0       001010001D      3
     108       0       5       1       0                               0D      4
     124       4       0       0       0       0       0       001020001D      5
     124       0       0       2       0                               0D      6
     100       6       0       0       0       0       5       001010001D      7
     100       0       0       1       0                               0D      8
     124       7       0       0       0       0       0       001020001D      9
     124       0       0       1       0                               0D     10
     100       8       0       0       0       0       9       001010001D     11
     100       0       0       1       0                               0D     12
     110       9       0       0       0       0       0       001010001D     13
     110       0       0       1       0                               0D     14
     110      10       0       0       0       0       0       001010001D     15
     110       0       0       1       0                               0D     16
     102      11       0       0       0       0       0       001010001D     17
     102       0       0       1       0                               0D     18
     142      12       0       0       0       0       0       001010001D     19
     142       0       0       1       0                               0D     20
     144      13       0       0   10000       0       0       000010000D     21
     144       0       5       1       0                PartBody       0D     22
     314      14       0       0       0       0       0       000000201D     23
     314       0       0       1       0                               0D     24
     108      15       0       0       0       0       0       001010001D     25
     108       0     -23       1       0                               0D     26
     124      16       0       0       0       0       0       001020001D     27
     124       0       0       2       0                               0D     28
     100      18       0       0       0       0      27       001010001D     29
     100       0       0       1       0                               0D     30
     124      19       0       0       0       0       0       001020001D     31
     124       0       0       1       0                               0D     32
     100      20       0       0       0       0      31       001010001D     33
     100       0       0       1       0                               0D     34
     124      21       0       0       0       0       0       001020001D     35
     124       0       0       1       0                               0D     36
     100      22       0       0       0       0      35       001010001D     37
     100       0       0       1       0                               0D     38
     110      23       0       0       0       0       0       001010001D     39
     110       0       0       1       0                               0D     40
     110      24       0       0       0       0       0       001010001D     41
     110       0       0       1       0                               0D     42
     102      25       0       0       0       0       0       001010001D     43
     102       0       0       1       0                               0D     44
     142      26       0       0       0       0       0       001010001D     45
     142       0       0       1       0                               0D     46
     124      27       0       0       0       0       0       001020001D     47
     124       0       0       1       0                               0D     48
     100      28       0       0       0       0      47       001010001D     49
     100       0       0       1       0                               0D     50
     124      29       0       0       0       0       0       001020001D     51
     124       0       0       1       0                               0D     52
     100      30       0       0       0       0      51       001010001D     53
     100       0       0       1       0                               0D     54
     102      31       0       0       0       0       0       001010001D     55
     102       0       0       1       0                               0D     56
     142      32       0       0       0       0       0       001010001D     57
     142       0       0       1       0                               0D     58
     144      33       0       0   10000       0       0       000010000D     59
     144       0     -23       1       0                PartBody       0D     60
     314      34       0       0       0       0       0       000000201D     61
     314       0       0       1       0                               0D     62
     110      35       0       0       0       0       0       001010001D     63
     110       0       0       1       0                               0D     64
     110      36       0       0       0       0       0       001010001D     65
     110       0       0       1       0                               0D     66
     120      37       0       0       0       0       0       001010001D     67
     120       0     -61       1       0                               0D     68
     110      38       0       0       0       0       0       001010001D     69
     110       0       0       1       0                               0D     70
     124      39       0       0       0       0       0       001020001D     71
     124       0       0       1       0                               0D     72
     100      40       0       0       0       0      71       001010001D     73
     100       0       0       1       0                               0D     74
     110      41       0       0       0       0       0       001010001D     75
     110       0       0       1       0                               0D     76
     124      42       0       0       0       0       0       001020001D     77
     124       0       0       1       0                               0D     78
     100      43       0       0       0       0      77       001010001D     79
     100       0       0       1       0                               0D     80
     124      44       0       0       0       0       0       001020001D     81
     124       0       0       1       0                               0D     82
     100      45       0       0       0       0      81       001010001D     83
     100       0       0       1       0                               0D     84
     102      46       0       0       0       0       0       001010001D     85
     102       0       0       1       0                               0D     86
     142      47       0       0       0       0       0       001010001D     87
     142       0       0       1       0                               0D     88
     144      48       0       0   10000       0       0       000010000D     89
     144       0     -61       1       0                PartBody       0D     90
     110      49       0       0       0       0       0       001010001D     91
     110       0       0       1       0                               0D     92
     110      50       0       0       0       0       0       001010001D     93
     110       0       0       1       0                               0D     94
     120      51       0       0       0       0       0       001010001D     95
     120       0     -61       1       0                               0D     96
     110      52       0       0       0       0       0       001010001D     97
     110       0       0       1       0                               0D     98
     124      53       0       0       0       0       0       001020001D     99
     124       0       0       1       0                               0D    100
     100      54       0       0       0       0      99       001010001D    101
     100       0       0       1       0                               0D    102
     110      55       0       0       0       0       0       001010001D    103
     110       0       0       1       0                               0D    104
     124      56       0       0       0       0       0       001020001D    105
     124       0       0       1       0                               0D    106
     100      57       0       0       0       0     105       001010001D    107
     100       0       0       1       0                               0D    108
     124      58       0       0       0       0       0       001020001D    109
     124       0       0       1       0                               0D    110
     100      59       0       0       0       0     109       001010001D    111
     100       0       0       1       0                               0D    112
     102      60       0       0       0       0       0       001010001D    113
     102       0       0       1       0                               0D    114
     142      61       0       0       0       0       0       001010001D    115
     142       0       0       1       0                               0D    116
     144      62       0       0   10000       0       0       000010000D    117
     144       0     -61       1       0                PartBody       0D    118
     108      63       0       0       0       0       0       001010001D    119
     108       0     -23       1       0                               0D    120
     124      64       0       0       0       0       0       001020001D    121
     124       0       0       1       0                               0D    122
     100      65       0       0       0       0     121       001010001D    123
     100       0       0       1       0                               0D    124
     124      66       0       0       0       0       0       001020001D    125
     124       0       0       1       0                               0D    126
     100      67       0       0       0       0     125       001010001D    127
     100       0       0       1       0                               0D    128
     110      68       0       0       0       0       0       001010001D    129
     110       0       0       1       0                               0D    130
     110      69       0       0       0       0       0       001010001D    131
     110       0       0       1       0                               0D    132
     110      70       0       0       0       0       0       001010001D    133
     110       0       0       1       0                               0D    134
     102      71       0       0       0       0       0       001010001D    135
     102       0       0       1       0                               0D    136
     142      72       0       0       0       0       0       001010001D    137
     142       0       0       1       0                               0D    138
     144      73       0       0   10000       0       0       000010000D    139
     144       0     -23       1       0                PartBody       0D    140
     110      74       0       0       0       0       0       001010001D    141
     110       0       0       1       0                               0D    142
     110      75       0       0       0       0       0       001010001D    143
     110       0       0       1       0                               0D    144
     110      76       0       0       0       0       0       001010001D    145
     110       0       0       1       0                               0D    146
     124      77       0       0       0       0       0       001020001D    147
     124       0       0       1       0                               0D    148
     100      78       0       0       0       0     147       001010001D    149
     100       0       0       1       0                               0D    150
     124      79       0       0       0       0       0       001020001D    151
     124       0       0       1       0                               0D    152
     100      80       0       0       0       0     151       001010001D    153
     100       0       0       1       0                               0D    154
     102      81       0       0       0       0       0       001010001D    155
     102       0       0       1       0                               0D    156
     142      82       0       0       0       0       0       001010001D    157
     142       0       0       1       0                               0D    158
     144      83       0       0   10000       0       0       000010000D    159
     144       0     -23       1       0                PartBody       0D    160
     110      84       0       0       0       0       0       001010001D    161
     110       0       0       1       0                               0D    162
     110      85       0       0       0       0       0       001010001D    163
     110       0       0       1       0                               0D    164
     120      86       0       0       0       0       0       001010001D    165
     120       0     -23       1       0                               0D    166
     124      87       0       0       0       0       0       001020001D    167
     124       0       0       1       0                               0D    168
     100      88       0       0       0       0     167       001010001D    169
     100       0       0       1       0                               0D    170
     110      89       0       0       0       0       0       001010001D    171
     110       0       0       1       0                               0D    172
     124      90       0       0       0       0       0       001020001D    173
     124       0       0       1       0                               0D    174
     100      91       0       0       0       0     173       001010001D    175
     100       0       0       1       0                               0D    176
     110      92       0       0       0       0       0       001010001D    177
     110       0       0       1       0                               0D    178
     110      93       0       0       0       0       0       001010001D    179
     110       0       0       1       0                               0D    180
     102      94       0       0       0       0       0       001010001D    181
     102       0       0       1       0                               0D    182
     142      95       0       0       0       0       0       001010001D    183
     142       0       0       1       0                               0D    184
     144      96       0       0   10000       0       0       000010000D    185
     144       0     -23       1       0                PartBody       0D    186
     314      97       0       0       0       0       0       000000201D    187
     314       0       0       1       0                               0D    188
     108      98       0       0       0       0       0       001010001D    189
     108       0    -187       1       0                               0D    190
     110      99       0       0       0       0       0       001010001D    191
     110       0       0       1       0                               0D    192
     110     100       0       0       0       0       0       001010001D    193
     110       0       0       1       0                               0D    194
     110     101       0       0       0       0       0       001010001D    195
     110       0       0       1       0                               0D    196
     110     102       0       0       0       0       0       001010001D    197
     110       0       0       1       0                               0D    198
     110     103       0       0       0       0       0       001010001D    199
     110       0       0       1       0                               0D    200
     110     104       0       0       0       0       0       001010001D    201
     110       0       0       1       0                               0D    202
     102     105       0       0       0       0       0       001010001D    203
     102       0       0       1       0                               0D    204
     142     106       0       0       0       0       0       001010001D    205
     142       0       0       1       0                               0D    206
     110     107       0       0       0       0       0       001010001D    207
     110       0       0       1       0                               0D    208
     124     108       0       0       0       0       0       001020001D    209
     124       0       0       1       0                               0D    210
     100     109       0       0       0       0     209       001010001D    211
     100       0       0       1       0                               0D    212
     110     110       0       0       0       0       0       001010001D    213
     110       0       0       1       0                               0D    214
     124     111       0       0       0       0       0       001020001D    215
     124       0       0       1       0                               0D    216
     100     112       0       0       0       0     215       001010001D    217
     100       0       0       1       0                               0D    218
     110     113       0       0       0       0       0       001010001D    219
     110       0       0       1       0                               0D    220
     124     114       0       0       0       0       0       001020001D    221
     124       0       0       1       0                               0D    222
     100     115       0       0       0       0     221       001010001D    223
     100       0       0       1       0                               0D    224
     110     116       0       0       0       0       0       001010001D    225
     110       0       0       1       0                               0D    226
     124     117       0       0       0       0       0       001020001D    227
     124       0       0       1       0                               0D    228
     100     118       0       0       0       0     227       001010001D    229
     100       0       0       1       0                               0D    230
     102     119       0       0       0       0       0       001010001D    231
     102       0       0       1       0                               0D    232
     142     120       0       0       0       0       0       001010001D    233
     142       0       0       1       0                               0D    234
     144     121       0       0   10000       0       0       000010000D    235
     144       0    -187       1       0                PartBody       0D    236
     110     122       0       0       0       0       0       001010001D    237
     110       0       0       1       0                               0D    238
     110     123       0       0       0       0       0       001010001D    239
     110       0       0       1       0                               0D    240
     110     124       0       0       0       0       0       001010001D    241
     110       0       0       1       0                               0D    242
     110     125       0       0       0       0       0       001010001D    243
     110       0       0       1       0                               0D    244
     102     126       0       0       0       0       0       001010001D    245
     102       0       0       1       0                               0D    246
     142     127       0       0       0       0       0       001010001D    247
     142       0       0       1       0                               0D    248
     144     128       0       0   10000       0       0       000010000D    249
     144       0     -23       1       0                PartBody       0D    250
     108     129       0       0       0       0       0       001010001D    251
     108       0    -187       1       0                               0D    252
     110     130       0       0       0       0       0       001010001D    253
     110       0       0       1       0                               0D    254
     110     131       0       0       0       0       0       001010001D    255
     110       0       0       1       0                               0D    256
     110     132       0       0       0       0       0       001010001D    257
     110       0       0       1       0                               0D    258
     110     133       0       0       0       0       0       001010001D    259
     110       0       0       1       0                               0D    260
     102     134       0       0       0       0       0       001010001D    261
     102       0       0       1       0                               0D    262
     142     135       0       0       0       0       0       001010001D    263
     142       0       0       1       0                               0D    264
     124     136       0       0       0       0       0       001020001D    265
     124       0       0       1       0                               0D    266
     100     137       0       0       0       0     265       001010001D    267
     100       0       0       1       0                               0D    268
     124     138       0       0       0       0       0       001020001D    269
     124       0       0       1       0                               0D    270
     100     139       0       0       0       0     269       001010001D    271
     100       0       0       1       0                               0D    272
     102     140       0       0       0       0       0       001010001D    273
     102       0       0       1       0                               0D    274
     142     141       0       0       0       0       0       001010001D    275
     142       0       0       1       0                               0D    276
     124     142       0       0       0       0       0       001020001D    277
     124       0       0       1       0                               0D    278
     100     143       0       0       0       0     277       001010001D    279
     100       0       0       1       0                               0D    280
     124     144       0       0       0       0       0       001020001D    281
     124       0       0       1       0                               0D    282
     100     145       0       0       0       0     281       001010001D    283
     100       0       0       1       0                               0D    284
     102     146       0       0       0       0       0       001010001D    285
     102       0       0       1       0                               0D    286
     142     147       0       0       0       0       0       001010001D    287
     142       0       0       1       0                               0D    288
     124     148       0       0       0       0       0       001020001D    289
     124       0       0       1       0                               0D    290
     100     149       0       0       0       0     289       001010001D    291
     100       0       0       1       0                               0D    292
     124     150       0       0       0       0       0       001020001D    293
     124       0       0       1       0                               0D    294
     100     151       0       0       0       0     293       001010001D    295
     100       0       0       1       0                               0D    296
     102     152       0       0       0       0       0       001010001D    297
     102       0       0       1       0                               0D    298
     142     153       0       0       0       0       0       001010001D    299
     142       0       0       1       0                               0D    300
     124     154       0       0       0       0       0       001020001D    301
     124       0       0       1       0                               0D    302
     100     155       0       0       0       0     301       001010001D    303
     100       0       0       1       0                               0D    304
     124     156       0       0       0       0       0       001020001D    305
     124       0       0       1       0                               0D    306
     100     157       0       0       0       0     305       001010001D    307
     100       0       0       1       0                               0D    308
     102     158       0       0       0       0       0       001010001D    309
     102       0       0       1       0                               0D    310
     142     159       0       0       0       0       0       001010001D    311
     142       0       0       1       0                               0D    312
     144     160       0       0   10000       0       0       000010000D    313
     144       0    -187       1       0                PartBody       0D    314
     108     161       0       0       0       0       0       001010001D    315
     108       0    -187       1       0                               0D    316
     110     162       0       0       0       0       0       001010001D    317
     110       0       0       1       0                               0D    318
     110     163       0       0       0       0       0       001010001D    319
     110       0       0       1       0                               0D    320
     110     164       0       0       0       0       0       001010001D    321
     110       0       0       1       0                               0D    322
     110     165       0       0       0       0       0       001010001D    323
     110       0       0       1       0                               0D    324
     102     166       0       0       0       0       0       001010001D    325
     102       0       0       1       0                               0D    326
     142     167       0       0       0       0       0       001010001D    327
     142       0       0       1       0                               0D    328
     124     168       0       0       0       0       0       001020001D    329
     124       0       0       1       0                               0D    330
     100     169       0       0       0       0     329       001010001D    331
     100       0       0       1       0                               0D    332
     124     170       0       0       0       0       0       001020001D    333
     124       0       0       1       0                               0D    334
     100     171       0       0       0       0     333       001010001D    335
     100       0       0       1       0                               0D    336
     102     172       0       0       0       0       0       001010001D    337
     102       0       0       1       0                               0D    338
     142     173       0       0       0       0       0       001010001D    339
     142       0       0       1       0                               0D    340
     110     174       0       0       0       0       0       001010001D    341
     110       0       0       1       0                               0D    342
     110     175       0       0       0       0       0       001010001D    343
     110       0       0       1       0                               0D    344
     110     176       0       0       0       0       0       001010001D    345
     110       0       0       1       0                               0D    346
     110     177       0       0       0       0       0       001010001D    347
     110       0       0       1       0                               0D    348
     102     178       0       0       0       0       0       001010001D    349
     102       0       0       1       0                               0D    350
     142     179       0       0       0       0       0       001010001D    351
     142       0       0       1       0                               0D    352
     110     180       0       0       0       0       0       001010001D    353
     110       0       0       1       0                               0D    354
     110     181       0       0       0       0       0       001010001D    355
     110       0       0       1       0                               0D    356
     110     182       0       0       0       0       0       001010001D    357
     110       0       0       1       0                               0D    358
     110     183       0       0       0       0       0       001010001D    359
     110       0       0       1       0                               0D    360
     102     184       0       0       0       0       0       001010001D    361
     102       0       0       1       0                               0D    362
     142     185       0       0       0       0       0       001010001D    363
     142       0       0       1       0                               0D    364
     124     186       0       0       0       0       0       001020001D    365
     124       0       0       1       0                               0D    366
     100     187       0       0       0       0     365       001010001D    367
     100       0       0       1       0                               0D    368
     124     188       0       0       0       0       0       001020001D    369
     124       0       0       1       0                               0D    370
     100     189       0       0       0       0     369       001010001D    371
     100       0       0       1       0                               0D    372
     102     190       0       0       0       0       0       001010001D    373
     102       0       0       1       0                               0D    374
     142     191       0       0       0       0       0       001010001D    375
     142       0       0       1       0                               0D    376
     124     192       0       0       0       0       0       001020001D    377
     124       0       0       1       0                               0D    378
     100     193       0       0       0       0     377       001010001D    379
     100       0       0       1       0                               0D    380
     124     194       0       0       0       0       0       001020001D    381
     124       0       0       1       0                               0D    382
     100     195       0       0       0       0     381       001010001D    383
     100       0       0       1       0                               0D    384
     102     196       0       0       0       0       0       001010001D    385
     102       0       0       1       0                               0D    386
     142     197       0       0       0       0       0       001010001D    387
     142       0       0       1       0                               0D    388
     144     198       0       0   10000       0       0       000010000D    389
     144       0    -187       1       0                PartBody       0D    390
     108     199       0       0       0       0       0       001010001D    391
     108       0    -187       1       0                               0D    392
     110     200       0       0       0       0       0       001010001D    393
     110       0       0       1       0                               0D    394
     110     201       0       0       0       0       0       001010001D    395
     110       0       0       1       0                               0D    396
     110     202       0       0       0       0       0       001010001D    397
     110       0       0       1       0                               0D    398
     110     203       0       0       0       0       0       001010001D    399
     110       0       0       1       0                               0D    400
     102     204       0       0       0       0       0       001010001D    401
     102       0       0       1       0                               0D    402
     142     205       0       0       0       0       0       001010001D    403
     142       0       0       1       0                               0D    404
     124     206       0       0       0       0       0       001020001D    405
     124       0       0       1       0                               0D    406
     100     207       0       0       0       0     405       001010001D    407
     100       0       0       1       0                               0D    408
     124     208       0       0       0       0       0       001020001D    409
     124       0       0       1       0                               0D    410
     100     209       0       0       0       0     409       001010001D    411
     100       0       0       1       0                               0D    412
     102     210       0       0       0       0       0       001010001D    413
     102       0       0       1       0                               0D    414
     142     211       0       0       0       0       0       001010001D    415
     142       0       0       1       0                               0D    416
     144     212       0       0   10000       0       0       000010000D    417
     144       0    -187       1       0                PartBody       0D    418
     108     213       0       0       0       0       0       001010001D    419
     108       0    -187       1       0                               0D    420
     110     214       0       0       0       0       0       001010001D    421
     110       0       0       1       0                               0D    422
     110     215       0       0       0       0       0       001010001D    423
     110       0       0       1       0                               0D    424
     110     216       0       0       0       0       0       001010001D    425
     110       0       0       1       0                               0D    426
     110     217       0       0       0       0       0       001010001D    427
     110       0       0       1       0                               0D    428
     102     218       0       0       0       0       0       001010001D    429
     102       0       0       1       0                               0D    430
     142     219       0       0       0       0       0       001010001D    431
     142       0       0       1       0                               0D    432
     124     220       0       0       0       0       0       001020001D    433
     124       0       0       1       0                               0D    434
     100     221       0       0       0       0     433       001010001D    435
     100       0       0       1       0                               0D    436
     124     222       0       0       0       0       0       001020001D    437
     124       0       0       1       0                               0D    438
     100     223       0       0       0       0     437       001010001D    439
     100       0       0       1       0                               0D    440
     102     224       0       0       0       0       0       001010001D    441
     102       0       0       1       0                               0D    442
     142     225       0       0       0       0       0       001010001D    443
     142       0       0       1       0                               0D    444
     124     226       0       0       0       0       0       001020001D    445
     124       0       0       1       0                               0D    446
     100     227       0       0       0       0     445       001010001D    447
     100       0       0       1       0                               0D    448
     124     228       0       0       0       0       0       001020001D    449
     124       0       0       1       0                               0D    450
     100     229       0       0       0       0     449       001010001D    451
     100       0       0       1       0                               0D    452
     102     230       0       0       0       0       0       001010001D    453
     102       0       0       1       0                               0D    454
     142     231       0       0       0       0       0       001010001D    455
     142       0       0       1       0                               0D    456
     144     232       0       0   10000       0       0       000010000D    457
     144       0    -187       1       0                PartBody       0D    458
     110     233       0       0       0       0       0       001010001D    459
     110       0       0       1       0                               0D    460
     110     234       0       0       0       0       0       001010001D    461
     110       0       0       1       0                               0D    462
     120     235       0       0       0       0       0       001010001D    463
     120       0     -23       1       0                               0D    464
     110     236       0       0       0       0       0       001010001D    465
     110       0       0       1       0                               0D    466
     124     237       0       0       0       0       0       001020001D    467
     124       0       0       1       0                               0D    468
     100     238       0       0       0       0     467       001010001D    469
     100       0       0       1       0                               0D    470
     110     239       0       0       0       0       0       001010001D    471
     110       0       0       1       0                               0D    472
     124     240       0       0       0       0       0       001020001D    473
     124       0       0       1       0                               0D    474
     100     241       0       0       0       0     473       001010001D    475
     100       0       0       1       0                               0D    476
     110     242       0       0       0       0       0       001010001D    477
     110       0       0       1       0                               0D    478
     110     243       0       0       0       0       0       001010001D    479
     110       0       0       1       0                               0D    480
     126     244       0       0       0       0       0       001010001D    481
     126       0       0      43       0                               0D    482
     102     287       0       0       0       0       0       001010001D    483
     102       0       0       1       0                               0D    484
     142     288       0       0       0       0       0       001010001D    485
     142       0       0       1       0                               0D    486
     144     289       0       0   10000       0       0       000010000D    487
     144       0     -23       1       0                PartBody       0D    488
     110     290       0       0       0       0       0       001010001D    489
     110       0       0       1       0                               0D    490
     110     291       0       0       0       0       0       001010001D    491
     110       0       0       1       0                               0D    492
     120     292       0       0       0       0       0       001010001D    493
     120       0     -23       1       0                               0D    494
     124     293       0       0       0       0       0       001020001D    495
     124       0       0       1       0                               0D    496
     100     294       0       0       0       0     495       001010001D    497
     100       0       0       1       0                               0D    498
     110     295       0       0       0       0       0       001010001D    499
     110       0       0       1       0                               0D    500
     124     296       0       0       0       0       0       001020001D    501
     124       0       0       1       0                               0D    502
     100     297       0       0       0       0     501       001010001D    503
     100       0       0       1       0                               0D    504
     110     298       0       0       0       0       0       001010001D    505
     110       0       0       1       0                               0D    506
     110     299       0       0       0       0       0       001010001D    507
     110       0       0       1       0                               0D    508
     102     300       0       0       0       0       0       001010001D    509
     102       0       0       1       0                               0D    510
     142     301       0       0       0       0       0       001010001D    511
     142       0       0       1       0                               0D    512
     144     302       0       0   10000       0       0       000010000D    513
     144       0     -23       1       0                PartBody       0D    514
     110     303       0       0       0       0       0       001010001D    515
     110       0       0       1       0                               0D    516
     110     304       0       0       0       0       0       001010001D    517
     110       0       0       1       0                               0D    518
     120     305       0       0       0       0       0       001010001D    519
     120       0       5       1       0                               0D    520
     110     306       0       0       0       0       0       001010001D    521
     110       0       0       1       0                               0D    522
     124     307       0       0       0       0       0       001020001D    523
     124       0       0       1       0                               0D    524
     100     308       0       0       0       0     523       001010001D    525
     100       0       0       1       0                               0D    526
     110     309       0       0       0       0       0       001010001D    527
     110       0       0       1       0                               0D    528
     124     310       0       0       0       0       0       001020001D    529
     124       0       0       1       0                               0D    530
     100     311       0       0       0       0     529       001010001D    531
     100       0       0       1       0                               0D    532
     102     312       0       0       0       0       0       001010001D    533
     102       0       0       1       0                               0D    534
     142     313       0       0       0       0       0       001010001D    535
     142       0       0       1       0                               0D    536
     144     314       0       0   10000       0       0       000010000D    537
     144       0       5       1       0                PartBody       0D    538
     110     315       0       0       0       0       0       001010001D    539
     110       0       0       1       0                               0D    540
     110     316       0       0       0       0       0       001010001D    541
     110       0       0       1       0                               0D    542
     120     317       0       0       0       0       0       001010001D    543
     120       0       5       1       0                               0D    544
     110     318       0       0       0       0       0       001010001D    545
     110       0       0       1       0                               0D    546
     124     319       0       0       0       0       0       001020001D    547
     124       0       0       1       0                               0D    548
     100     320       0       0       0       0     547       001010001D    549
     100       0       0       1       0                               0D    550
     110     321       0       0       0       0       0       001010001D    551
     110       0       0       1       0                               0D    552
     124     322       0       0       0       0       0       001020001D    553
     124       0       0       1       0                               0D    554
     100     323       0       0       0       0     553       001010001D    555
     100       0       0       1       0                               0D    556
     102     324       0       0       0       0       0       001010001D    557
     102       0       0       1       0                               0D    558
     142     325       0       0       0       0       0       001010001D    559
     142       0       0       1       0                               0D    560
     144     326       0       0   10000       0       0       000010000D    561
     144       0       5       1       0                PartBody       0D    562
     314     327       0       0       0       0       0       000000201D    563
     314       0       0       1       0                               0D    564
     110     328       0       0       0       0       0       001010001D    565
     110       0       0       1       0                               0D    566
     110     329       0       0       0       0       0       001010001D    567
     110       0       0       1       0                               0D    568
     120     330       0       0       0       0       0       001010001D    569
     120       0    -563       1       0                               0D    570
     110     331       0       0       0       0       0       001010001D    571
     110       0       0       1       0                               0D    572
     124     332       0       0       0       0       0       001020001D    573
     124       0       0       1       0                               0D    574
     100     333       0       0       0       0     573       001010001D    575
     100       0       0       1       0                               0D    576
     110     334       0       0       0       0       0       001010001D    577
     110       0       0       1       0                               0D    578
     124     335       0       0       0       0       0       001020001D    579
     124       0       0       1       0                               0D    580
     100     336       0       0       0       0     579       001010001D    581
     100       0       0       1       0                               0D    582
     102     337       0       0       0       0       0       001010001D    583
     102       0       0       1       0                               0D    584
     142     338       0       0       0       0       0       001010001D    585
     142       0       0       1       0                               0D    586
     144     339       0       0   10000       0       0       000010000D    587
     144       0    -563       1       0                PartBody       0D    588
     110     340       0       0       0       0       0       001010001D    589
     110       0       0       1       0                               0D    590
     110     341       0       0       0       0       0       001010001D    591
     110       0       0       1       0                               0D    592
     120     342       0       0       0       0       0       001010001D    593
     120       0    -563       1       0                               0D    594
     110     343       0       0       0       0       0       001010001D    595
     110       0       0       1       0                               0D    596
     124     344       0       0       0       0       0       001020001D    597
     124       0       0       1       0                               0D    598
     100     345       0       0       0       0     597       001010001D    599
     100       0       0       1       0                               0D    600
     110     346       0       0       0       0       0       001010001D    601
     110       0       0       1       0                               0D    602
     124     347       0       0       0       0       0       001020001D    603
     124       0       0       1       0                               0D    604
     100     348       0       0       0       0     603       001010001D    605
     100       0       0       1       0                               0D    606
     102     349       0       0       0       0       0       001010001D    607
     102       0       0       1       0                               0D    608
     142     350       0       0       0       0       0       001010001D    609
     142       0       0       1       0                               0D    610
     144     351       0       0   10000       0       0       000010000D    611
     144       0    -563       1       0                PartBody       0D    612
     110     352       0       0       0       0       0       001010001D    613
     110       0       0       1       0                               0D    614
     110     353       0       0       0       0       0       001010001D    615
     110       0       0       1       0                               0D    616
     120     354       0       0       0       0       0       001010001D    617
     120       0       5       1       0                               0D    618
     110     355       0       0       0       0       0       001010001D    619
     110       0       0       1       0                               0D    620
     124     356       0       0       0       0       0       001020001D    621
     124       0       0       1       0                               0D    622
     100     357       0       0       0       0     621       001010001D    623
     100       0       0       1       0                               0D    624
     124     358       0       0       0       0       0       001020001D    625
     124       0       0       2       0                               0D    626
     100     360       0       0       0       0     625       001010001D    627
     100       0       0       1       0                               0D    628
     124     361       0       0       0       0       0       001020001D    629
     124       0       0       2       0                               0D    630
     100     363       0       0       0       0     629       001010001D    631
     100       0       0       1       0                               0D    632
     110     364       0       0       0       0       0       001010001D    633
     110       0       0       1       0                               0D    634
     124     365       0       0       0       0       0       001020001D    635
     124       0       0       1       0                               0D    636
     100     366       0       0       0       0     635       001010001D    637
     100       0       0       1       0                               0D    638
     102     367       0       0       0       0       0       001010001D    639
     102       0       0       1       0                               0D    640
     142     368       0       0       0       0       0       001010001D    641
     142       0       0       1       0                               0D    642
     144     369       0       0   10000       0       0       000010000D    643
     144       0       5       1       0                PartBody       0D    644
     110     370       0       0       0       0       0       001010001D    645
     110       0       0       1       0                               0D    646
     110     371       0       0       0       0       0       001010001D    647
     110       0       0       1       0                               0D    648
     120     372       0       0       0       0       0       001010001D    649
     120       0       5       1       0                               0D    650
     110     373       0       0       0       0       0       001010001D    651
     110       0       0       1       0                               0D    652
     124     374       0       0       0       0       0       001020001D    653
     124       0       0       1       0                               0D    654
     100     375       0       0       0       0     653       001010001D    655
     100       0       0       1       0                               0D    656
     110     376       0       0       0       0       0       001010001D    657
     110       0       0       1       0                               0D    658
     124     377       0       0       0       0       0       001020001D    659
     124       0       0       1       0                               0D    660
     100     378       0       0       0       0     659       001010001D    661
     100       0       0       1       0                               0D    662
     102     379       0       0       0       0       0       001010001D    663
     102       0       0       1       0                               0D    664
     142     380       0       0       0       0       0       001010001D    665
     142       0       0       1       0                               0D    666
     144     381       0       0   10000       0       0       000010000D    667
     144       0       5       1       0                PartBody       0D    668
     110     382       0       0       0       0       0       001010001D    669
     110       0       0       1       0                               0D    670
     110     383       0       0       0       0       0       001010001D    671
     110       0       0       1       0                               0D    672
     120     384       0       0       0       0       0       001010001D    673
     120       0       5       1       0                               0D    674
     110     385       0       0       0       0       0       001010001D    675
     110       0       0       1       0                               0D    676
     124     386       0       0       0       0       0       001020001D    677
     124       0       0       1       0                               0D    678
     100     387       0       0       0       0     677       001010001D    679
     100       0       0       1       0                               0D    680
     110     388       0       0       0       0       0       001010001D    681
     110       0       0       1       0                               0D    682
     124     389       0       0       0       0       0       001020001D    683
     124       0       0       1       0                               0D    684
     100     390       0       0       0       0     683       001010001D    685
     100       0       0       1       0                               0D    686
     102     391       0       0       0       0       0       001010001D    687
     102       0       0       1       0                               0D    688
     142     392       0       0       0       0       0       001010001D    689
     142       0       0       1       0                               0D    690
     144     393       0       0   10000       0       0       000010000D    691
     144       0       5       1       0                PartBody       0D    692
     110     394       0       0       0       0       0       001010001D    693
     110       0       0       1       0                               0D    694
     110     395       0       0       0       0       0       001010001D    695
     110       0       0       1       0                               0D    696
     120     396       0       0       0       0       0       001010001D    697
     120       0       5       1       0                               0D    698
     110     397       0       0       0       0       0       001010001D    699
     110       0       0       1       0                               0D    700
     124     398       0       0       0       0       0       001020001D    701
     124       0       0       1       0                               0D    702
     100     399       0       0       0       0     701       001010001D    703
     100       0       0       1       0                               0D    704
     110     400       0       0       0       0       0       001010001D    705
     110       0       0       1       0                               0D    706
     124     401       0       0       0       0       0       001020001D    707
     124       0       0       1       0                               0D    708
     100     402       0       0       0       0     707       001010001D    709
     100       0       0       1       0                               0D    710
     102     403       0       0       0       0       0       001010001D    711
     102       0       0       1       0                               0D    712
     142     404       0       0       0       0       0       001010001D    713
     142       0       0       1       0                               0D    714
     144     405       0       0   10000       0       0       000010000D    715
     144       0       5       1       0                PartBody       0D    716
     110     406       0       0       0       0       0       001010001D    717
     110       0       0       1       0                               0D    718
     110     407       0       0       0       0       0       001010001D    719
     110       0       0       1       0                               0D    720
     120     408       0       0       0       0       0       001010001D    721
     120       0       5       1       0                               0D    722
     124     409       0       0       0       0       0       001020001D    723
     124       0       0       1       0                               0D    724
     100     410       0       0       0       0     723       001010001D    725
     100       0       0       1       0                               0D    726
     110     411       0       0       0       0       0       001010001D    727
     110       0       0       1       0                               0D    728
     124     412       0       0       0       0       0       001020001D    729
     124       0       0       1       0                               0D    730
     100     413       0       0       0       0     729       001010001D    731
     100       0       0       1       0                               0D    732
     110     414       0       0       0       0       0       001010001D    733
     110       0       0       1       0                               0D    734
     102     415       0       0       0       0       0       001010001D    735
     102       0       0       1       0                               0D    736
     142     416       0       0       0       0       0       001010001D    737
     142       0       0       1       0                               0D    738
     144     417       0       0   10000       0       0       000010000D    739
     144       0       5       1       0                PartBody       0D    740
     110     418       0       0       0       0       0       001010001D    741
     110       0       0       1       0                               0D    742
     110     419       0       0       0       0       0       001010001D    743
     110       0       0       1       0                               0D    744
     120     420       0       0       0       0       0       001010001D    745
     120       0       5       1       0                               0D    746
     124     421       0       0       0       0       0       001020001D    747
     124       0       0       1       0                               0D    748
     100     422       0       0       0       0     747       001010001D    749
     100       0       0       1       0                               0D    750
     110     423       0       0       0       0       0       001010001D    751
     110       0       0       1       0                               0D    752
     124     424       0       0       0       0       0       001020001D    753
     124       0       0       1       0                               0D    754
     100     425       0       0       0       0     753       001010001D    755
     100       0       0       1       0                               0D    756
     110     426       0       0       0       0       0       001010001D    757
     110       0       0       1       0                               0D    758
     102     427       0       0       0       0       0       001010001D    759
     102       0       0       1       0                               0D    760
     142     428       0       0       0       0       0       001010001D    761
     142       0       0       1       0                               0D    762
     144     429       0       0   10000       0       0       000010000D    763
     144       0       5       1       0                PartBody       0D    764
     110     430       0       0       0       0       0       001010001D    765
     110       0       0       1       0                               0D    766
     110     431       0       0       0       0       0       001010001D    767
     110       0       0       1       0                               0D    768
     120     432       0       0       0       0       0       001010001D    769
     120       0    -187       1       0                               0D    770
     124     433       0       0       0       0       0       001020001D    771
     124       0       0       1       0                               0D    772
     100     434       0       0       0       0     771       001010001D    773
     100       0       0       1       0                               0D    774
     110     435       0       0       0       0       0       001010001D    775
     110       0       0       1       0                               0D    776
     124     436       0       0       0       0       0       001020001D    777
     124       0       0       1       0                               0D    778
     100     437       0       0       0       0     777       001010001D    779
     100       0       0       1       0                               0D    780
     110     438       0       0       0       0       0       001010001D    781
     110       0       0       1       0                               0D    782
     102     439       0       0       0       0       0       001010001D    783
     102       0       0       1       0                               0D    784
     142     440       0       0       0       0       0       001010001D    785
     142       0       0       1       0                               0D    786
     144     441       0       0   10000       0       0       000010000D    787
     144       0    -187       1       0                PartBody       0D    788
     110     442       0       0       0       0       0       001010001D    789
     110       0       0       1       0                               0D    790
     110     443       0       0       0       0       0       001010001D    791
     110       0       0       1       0                               0D    792
     120     444       0       0       0       0       0       001010001D    793
     120       0    -187       1       0                               0D    794
     124     445       0       0       0       0       0       001020001D    795
     124       0       0       1       0                               0D    796
     100     446       0       0       0       0     795       001010001D    797
     100       0       0       1       0                               0D    798
     110     447       0       0       0       0       0       001010001D    799
     110       0       0       1       0                               0D    800
     124     448       0       0       0       0       0       001020001D    801
     124       0       0       1       0                               0D    802
     100     449       0       0       0       0     801       001010001D    803
     100       0       0       1       0                               0D    804
     110     450       0       0       0       0       0       001010001D    805
     110       0       0       1       0                               0D    806
     102     451       0       0       0       0       0       001010001D    807
     102       0       0       1       0                               0D    808
     142     452       0       0       0       0       0       001010001D    809
     142       0       0       1       0                               0D    810
     144     453       0       0   10000       0       0       000010000D    811
     144       0    -187       1       0                PartBody       0D    812
     110     454       0       0       0       0       0       001010001D    813
     110       0       0       1       0                               0D    814
     110     455       0       0       0       0       0       001010001D    815
     110       0       0       1       0                               0D    816
     120     456       0       0       0       0       0       001010001D    817
     120       0    -187       1       0                               0D    818
     124     457       0       0       0       0       0       001020001D    819
     124       0       0       1       0                               0D    820
     100     458       0       0       0       0     819       001010001D    821
     100       0       0       1       0                               0D    822
     110     459       0       0       0       0       0       001010001D    823
     110       0       0       1       0                               0D    824
     124     460       0       0       0       0       0       001020001D    825
     124       0       0       1       0                               0D    826
     100     461       0       0       0       0     825       001010001D    827
     100       0       0       1       0                               0D    828
     110     462       0       0       0       0       0       001010001D    829
     110       0       0       1       0                               0D    830
     102     463       0       0       0       0       0       001010001D    831
     102       0       0       1       0                               0D    832
     142     464       0       0       0       0       0       001010001D    833
     142       0       0       1       0                               0D    834
     144     465       0       0   10000       0       0       000010000D    835
     144       0    -187       1       0                PartBody       0D    836
     110     466       0       0       0       0       0       001010001D    837
     110       0       0       1       0                               0D    838
     110     467       0       0       0       0       0       001010001D    839
     110       0       0       1       0                               0D    840
     120     468       0       0       0       0       0       001010001D    841
     120       0    -187       1       0                               0D    842
     124     469       0       0       0       0       0       001020001D    843
     124       0       0       1       0                               0D    844
     100     470       0       0       0       0     843       001010001D    845
     100       0       0       1       0                               0D    846
     110     471       0       0       0       0       0       001010001D    847
     110       0       0       1       0                               0D    848
     124     472       0       0       0       0       0       001020001D    849
     124       0       0       1       0                               0D    850
     100     473       0       0       0       0     849       001010001D    851
     100       0       0       1       0                               0D    852
     110     474       0       0       0       0       0       001010001D    853
     110       0       0       1       0                               0D    854
     102     475       0       0       0       0       0       001010001D    855
     102       0       0       1       0                               0D    856
     142     476       0       0       0       0       0       001010001D    857
     142       0       0       1       0                               0D    858
     144     477       0       0   10000       0       0       000010000D    859
     144       0    -187       1       0                PartBody       0D    860
     110     478       0       0       0       0       0       001010001D    861
     110       0       0       1       0                               0D    862
     110     479       0       0       0       0       0       001010001D    863
     110       0       0       1       0                               0D    864
     120     480       0       0       0       0       0       001010001D    865
     120       0    -563       1       0                               0D    866
     110     481       0       0       0       0       0       001010001D    867
     110       0       0       1       0                               0D    868
     124     482       0       0       0       0       0       001020001D    869
     124       0       0       1       0                               0D    870
     100     483       0       0       0       0     869       001010001D    871
     100       0       0       1       0                               0D    872
     110     484       0       0       0       0       0       001010001D    873
     110       0       0       1       0                               0D    874
     124     485       0       0       0       0       0       001020001D    875
     124       0       0       1       0                               0D    876
     100     486       0       0       0       0     875       001010001D    877
     100       0       0       1       0                               0D    878
     102     487       0       0       0       0       0       001010001D    879
     102       0       0       1       0                               0D    880
     142     488       0       0       0       0       0       001010001D    881
     142       0       0       1       0                               0D    882
     144     489       0       0   10000       0       0       000010000D    883
     144       0    -563       1       0                PartBody       0D    884
     110     490       0       0       0       0       0       001010001D    885
     110       0       0       1       0                               0D    886
     110     491       0       0       0       0       0       001010001D    887
     110       0       0       1       0                               0D    888
     120     492       0       0       0       0       0       001010001D    889
     120       0    -563       1       0                               0D    890
     110     493       0       0       0       0       0       001010001D    891
     110       0       0       1       0                               0D    892
     124     494       0       0       0       0       0       001020001D    893
     124       0       0       1       0                               0D    894
     100     495       0       0       0       0     893       001010001D    895
     100       0       0       1       0                               0D    896
     110     496       0       0       0       0       0       001010001D    897
     110       0       0       1       0                               0D    898
     124     497       0       0       0       0       0       001020001D    899
     124       0       0       1       0                               0D    900
     100     498       0       0       0       0     899       001010001D    901
     100       0       0       1       0                               0D    902
     102     499       0       0       0       0       0       001010001D    903
     102       0       0       1       0                               0D    904
     142     500       0       0       0       0       0       001010001D    905
     142       0       0       1       0                               0D    906
     144     501       0       0   10000       0       0       000010000D    907
     144       0    -563       1       0                PartBody       0D    908
     108     502       0       0       0       0       0       001010001D    909
     108       0     -23       1       0                               0D    910
     124     503       0       0       0       0       0       001020001D    911
     124       0       0       1       0                               0D    912
     100     504       0       0       0       0     911       001010001D    913
     100       0       0       1       0                               0D    914
     124     505       0       0       0       0       0       001020001D    915
     124       0       0       1       0                               0D    916
     100     506       0       0       0       0     915       001010001D    917
     100       0       0       1       0                               0D    918
     110     507       0       0       0       0       0       001010001D    919
     110       0       0       1       0                               0D    920
     110     508       0       0       0       0       0       001010001D    921
     110       0       0       1       0                               0D    922
     110     509       0       0       0       0       0       001010001D    923
     110       0       0       1       0                               0D    924
     102     510       0       0       0       0       0       001010001D    925
     102       0       0       1       0                               0D    926
     142     511       0       0       0       0       0       001010001D    927
     142       0       0       1       0                               0D    928
     144     512       0       0   10000       0       0       000010000D    929
     144       0     -23       1       0                PartBody       0D    930
     110     513       0       0       0       0       0       001010001D    931
     110       0       0       1       0                               0D    932
     110     514       0       0       0       0       0       001010001D    933
     110       0       0       1       0                               0D    934
     120     515       0       0       0       0       0       001010001D    935
     120       0       5       1       0                               0D    936
     110     516       0       0       0       0       0       001010001D    937
     110       0       0       1       0                               0D    938
     124     517       0       0       0       0       0       001020001D    939
     124       0       0       1       0                               0D    940
     100     518       0       0       0       0     939       001010001D    941
     100       0       0       1       0                               0D    942
     110     519       0       0       0       0       0       001010001D    943
     110       0       0       1       0                               0D    944
     102     520       0       0       0       0       0       001010001D    945
     102       0       0       1       0                               0D    946
     142     521       0       0       0       0       0       001010001D    947
     142       0       0       1       0                               0D    948
     144     522       0       0   10000       0       0       000010000D    949
     144       0       5       1       0                PartBody       0D    950
     110     523       0       0       0       0       0       001010001D    951
     110       0       0       1       0                               0D    952
     110     524       0       0       0       0       0       001010001D    953
     110       0       0       1       0                               0D    954
     120     525       0       0       0       0       0       001010001D    955
     120       0       5       1       0                               0D    956
     110     526       0       0       0       0       0       001010001D    957
     110       0       0       1       0                               0D    958
     124     527       0       0       0       0       0       001020001D    959
     124       0       0       1       0                               0D    960
     100     528       0       0       0       0     959       001010001D    961
     100       0       0       1       0                               0D    962
     110     529       0       0       0       0       0       001010001D    963
     110       0       0       1       0                               0D    964
     102     530       0       0       0       0       0       001010001D    965
     102       0       0       1       0                               0D    966
     142     531       0       0       0       0       0       001010001D    967
     142       0       0       1       0                               0D    968
     144     532       0       0   10000       0       0       000010000D    969
     144       0       5       1       0                PartBody       0D    970
     110     533       0       0       0       0       0       001010001D    971
     110       0       0       1       0                               0D    972
     110     534       0       0       0       0       0       001010001D    973
     110       0       0       1       0                               0D    974
     120     535       0       0       0       0       0       001010001D    975
     120       0       5       1       0                               0D    976
     110     536       0       0       0       0       0       001010001D    977
     110       0       0       1       0                               0D    978
     124     537       0       0       0       0       0       001020001D    979
     124       0       0       1       0                               0D    980
     100     538       0       0       0       0     979       001010001D    981
     100       0       0       1       0                               0D    982
     110     539       0       0       0       0       0       001010001D    983
     110       0       0       1       0                               0D    984
     102     540       0       0       0       0       0       001010001D    985
     102       0       0       1       0                               0D    986
     142     541       0       0       0       0       0       001010001D    987
     142       0       0       1       0                               0D    988
     144     542       0       0   10000       0       0       000010000D    989
     144       0       5       1       0                PartBody       0D    990
     110     543       0       0       0       0       0       001010001D    991
     110       0       0       1       0                               0D    992
     110     544       0       0       0       0       0       001010001D    993
     110       0       0       1       0                               0D    994
     120     545       0       0       0       0       0       001010001D    995
     120       0       5       1       0                               0D    996
     110     546       0       0       0       0       0       001010001D    997
     110       0       0       1       0                               0D    998
     124     547       0       0       0       0       0       001020001D    999
     124       0       0       1       0                               0D   1000
     100     548       0       0       0       0     999       001010001D   1001
     100       0       0       1       0                               0D   1002
     110     549       0       0       0       0       0       001010001D   1003
     110       0       0       1       0                               0D   1004
     102     550       0       0       0       0       0       001010001D   1005
     102       0       0       1       0                               0D   1006
     142     551       0       0       0       0       0       001010001D   1007
     142       0       0       1       0                               0D   1008
     144     552       0       0   10000       0       0       000010000D   1009
     144       0       5       1       0                PartBody       0D   1010
     110     553       0       0       0       0       0       001010001D   1011
     110       0       0       1       0                               0D   1012
     110     554       0       0       0       0       0       001010001D   1013
     110       0       0       1       0                               0D   1014
     120     555       0       0       0       0       0       001010001D   1015
     120       0       5       1       0                               0D   1016
     110     556       0       0       0       0       0       001010001D   1017
     110       0       0       1       0                               0D   1018
     124     557       0       0       0       0       0       001020001D   1019
     124       0       0       1       0                               0D   1020
     100     558       0       0       0       0    1019       001010001D   1021
     100       0       0       1       0                               0D   1022
     110     559       0       0       0       0       0       001010001D   1023
     110       0       0       1       0                               0D   1024
     102     560       0       0       0       0       0       001010001D   1025
     102       0       0       1       0                               0D   1026
     142     561       0       0       0       0       0       001010001D   1027
     142       0       0       1       0                               0D   1028
     144     562       0       0   10000       0       0       000010000D   1029
     144       0       5       1       0                PartBody       0D   1030
     108     563       0       0       0       0       0       001010001D   1031
     108       0     -23       1       0                               0D   1032
     124     564       0       0       0       0       0       001020001D   1033
     124       0       0       1       0                               0D   1034
     100     565       0       0       0       0    1033       001010001D   1035
     100       0       0       1       0                               0D   1036
     124     566       0       0       0       0       0       001020001D   1037
     124       0       0       1       0                               0D   1038
     100     567       0       0       0       0    1037       001010001D   1039
     100       0       0       1       0                               0D   1040
     102     568       0       0       0       0       0       001010001D   1041
     102       0       0       1       0                               0D   1042
     142     569       0       0       0       0       0       001010001D   1043
     142       0       0       1       0                               0D   1044
     124     570       0       0       0       0       0       001020001D   1045
     124       0       0       1       0                               0D   1046
     100     571       0       0       0       0    1045       001010001D   1047
     100       0       0       1       0                               0D   1048
     124     572       0       0       0       0       0       001020001D   1049
     124       0       0       1       0                               0D   1050
     100     573       0       0       0       0    1049       001010001D   1051
     100       0       0       1       0                               0D   1052
     102     574       0       0       0       0       0       001010001D   1053
     102       0       0       1       0                               0D   1054
     142     575       0       0       0       0       0       001010001D   1055
     142       0       0       1       0                               0D   1056
     144     576       0       0   10000       0       0       000010000D   1057
     144       0     -23       1       0                PartBody       0D   1058
     110     577       0       0       0       0       0       001010001D   1059
     110       0       0       1       0                               0D   1060
     110     578       0       0       0       0       0       001010001D   1061
     110       0       0       1       0                               0D   1062
     120     579       0       0       0       0       0       001010001D   1063
     120       0     -23       1       0                               0D   1064
     124     580       0       0       0       0       0       001020001D   1065
     124       0       0       1       0                               0D   1066
     100     581       0       0       0       0    1065       001010001D   1067
     100       0       0       1       0                               0D   1068
     110     582       0       0       0       0       0       001010001D   1069
     110       0       0       1       0                               0D   1070
     124     583       0       0       0       0       0       001020001D   1071
     124       0       0       1       0                               0D   1072
     100     584       0       0       0       0    1071       001010001D   1073
     100       0       0       1       0                               0D   1074
     110     585       0       0       0       0       0       001010001D   1075
     110       0       0       1       0                               0D   1076
     102     586       0       0       0       0       0       001010001D   1077
     102       0       0       1       0                               0D   1078
     142     587       0       0       0       0       0       001010001D   1079
     142       0       0       1       0                               0D   1080
     144     588       0       0   10000       0       0       000010000D   1081
     144       0     -23       1       0                PartBody       0D   1082
     110     589       0       0       0       0       0       001010001D   1083
     110       0       0       1       0                               0D   1084
     110     590       0       0       0       0       0       001010001D   1085
     110       0       0       1       0                               0D   1086
     120     591       0       0       0       0       0       001010001D   1087
     120       0     -23       1       0                               0D   1088
     124     592       0       0       0       0       0       001020001D   1089
     124       0       0       1       0                               0D   1090
     100     593       0       0       0       0    1089       001010001D   1091
     100       0       0       1       0                               0D   1092
     110     594       0       0       0       0       0       001010001D   1093
     110       0       0       1       0                               0D   1094
     124     595       0       0       0       0       0       001020001D   1095
     124       0       0       1       0                               0D   1096
     100     596       0       0       0       0    1095       001010001D   1097
     100       0       0       1       0                               0D   1098
     110     597       0       0       0       0       0       001010001D   1099
     110       0       0       1       0                               0D   1100
     102     598       0       0       0       0       0       001010001D   1101
     102       0       0       1       0                               0D   1102
     142     599       0       0       0       0       0       001010001D   1103
     142       0       0       1       0                               0D   1104
     144     600       0       0   10000       0       0       000010000D   1105
     144       0     -23       1       0                PartBody       0D   1106
     108     601       0       0       0       0       0       001010001D   1107
     108       0     -23       1       0                               0D   1108
     124     602       0       0       0       0       0       001020001D   1109
     124       0       0       1       0                               0D   1110
     100     603       0       0       0       0    1109       001010001D   1111
     100       0       0       1       0                               0D   1112
     124     604       0       0       0       0       0       001020001D   1113
     124       0       0       1       0                               0D   1114
     100     605       0       0       0       0    1113       001010001D   1115
     100       0       0       1       0                               0D   1116
     102     606       0       0       0       0       0       001010001D   1117
     102       0       0       1       0                               0D   1118
     142     607       0       0       0       0       0       001010001D   1119
     142       0       0       1       0                               0D   1120
     124     608       0       0       0       0       0       001020001D   1121
     124       0       0       1       0                               0D   1122
     100     609       0       0       0       0    1121       001010001D   1123
     100       0       0       1       0                               0D   1124
     124     610       0       0       0       0       0       001020001D   1125
     124       0       0       1       0                               0D   1126
     100     611       0       0       0       0    1125       001010001D   1127
     100       0       0       1       0                               0D   1128
     102     612       0       0       0       0       0       001010001D   1129
     102       0       0       1       0                               0D   1130
     142     613       0       0       0       0       0       001010001D   1131
     142       0       0       1       0                               0D   1132
     144     614       0       0   10000       0       0       000010000D   1133
     144       0     -23       1       0                PartBody       0D   1134
     110     615       0       0       0       0       0       001010001D   1135
     110       0       0       1       0                               0D   1136
     110     616       0       0       0       0       0       001010001D   1137
     110       0       0       1       0                               0D   1138
     120     617       0       0       0       0       0       001010001D   1139
     120       0    -563       1       0                               0D   1140
     110     618       0       0       0       0       0       001010001D   1141
     110       0       0       1       0                               0D   1142
     124     619       0       0       0       0       0       001020001D   1143
     124       0       0       1       0                               0D   1144
     100     620       0       0       0       0    1143       001010001D   1145
     100       0       0       1       0                               0D   1146
     110     621       0       0       0       0       0       001010001D   1147
     110       0       0       1       0                               0D   1148
     124     622       0       0       0       0       0       001020001D   1149
     124       0       0       1       0                               0D   1150
     100     623       0       0       0       0    1149       001010001D   1151
     100       0       0       1       0                               0D   1152
     102     624       0       0       0       0       0       001010001D   1153
     102       0       0       1       0                               0D   1154
     142     625       0       0       0       0       0       001010001D   1155
     142       0       0       1       0                               0D   1156
     144     626       0       0   10000       0       0       000010000D   1157
     144       0    -563       1       0                PartBody       0D   1158
     110     627       0       0       0       0       0       001010001D   1159
     110       0       0       1       0                               0D   1160
     110     628       0       0       0       0       0       001010001D   1161
     110       0       0       1       0                               0D   1162
     120     629       0       0       0       0       0       001010001D   1163
     120       0    -563       1       0                               0D   1164
     110     630       0       0       0       0       0       001010001D   1165
     110       0       0       1       0                               0D   1166
     124     631       0       0       0       0       0       001020001D   1167
     124       0       0       1       0                               0D   1168
     100     632       0       0       0       0    1167       001010001D   1169
     100       0       0       1       0                               0D   1170
     110     633       0       0       0       0       0       001010001D   1171
     110       0       0       1       0                               0D   1172
     124     634       0       0       0       0       0       001020001D   1173
     124       0       0       1       0                               0D   1174
     100     635       0       0       0       0    1173       001010001D   1175
     100       0       0       1       0                               0D   1176
     102     636       0       0       0       0       0       001010001D   1177
     102       0       0       1       0                               0D   1178
     142     637       0       0       0       0       0       001010001D   1179
     142       0       0       1       0                               0D   1180
     144     638       0       0   10000       0       0       000010000D   1181
     144       0    -563       1       0                PartBody       0D   1182
     108     639       0       0       0       0       0       001010001D   1183
     108       0     -23       1       0                               0D   1184
     124     640       0       0       0       0       0       001020001D   1185
     124       0       0       1       0                               0D   1186
     100     641       0       0       0       0    1185       001010001D   1187
     100       0       0       1       0                               0D   1188
     124     642       0       0       0       0       0       001020001D   1189
     124       0       0       1       0                               0D   1190
     100     643       0       0       0       0    1189       001010001D   1191
     100       0       0       1       0                               0D   1192
     102     644       0       0       0       0       0       001010001D   1193
     102       0       0       1       0                               0D   1194
     142     645       0       0       0       0       0       001010001D   1195
     142       0       0       1       0                               0D   1196
     124     646       0       0       0       0       0       001020001D   1197
     124       0       0       1       0                               0D   1198
     100     647       0       0       0       0    1197       001010001D   1199
     100       0       0       1       0                               0D   1200
     124     648       0       0       0       0       0       001020001D   1201
     124       0       0       1       0                               0D   1202
     100     649       0       0       0       0    1201       001010001D   1203
     100       0       0       1       0                               0D   1204
     102     650       0       0       0       0       0       001010001D   1205
     102       0       0       1       0                               0D   1206
     142     651       0       0       0       0       0       001010001D   1207
     142       0       0       1       0                               0D   1208
     144     652       0       0   10000       0       0       000010000D   1209
     144       0     -23       1       0                PartBody       0D   1210
     108     653       0       0       0       0       0       001010001D   1211
     108       0     -23       1       0                               0D   1212
     124     654       0       0       0       0       0       001020001D   1213
     124       0       0       1       0                               0D   1214
     100     655       0       0       0       0    1213       001010001D   1215
     100       0       0       1       0                               0D   1216
     124     656       0       0       0       0       0       001020001D   1217
     124       0       0       1       0                               0D   1218
     100     657       0       0       0       0    1217       001010001D   1219
     100       0       0       1       0                               0D   1220
     102     658       0       0       0       0       0       001010001D   1221
     102       0       0       1       0                               0D   1222
     142     659       0       0       0       0       0       001010001D   1223
     142       0       0       1       0                               0D   1224
     124     660       0       0       0       0       0       001020001D   1225
     124       0       0       1       0                               0D   1226
     100     661       0       0       0       0    1225       001010001D   1227
     100       0       0       1       0                               0D   1228
     124     662       0       0       0       0       0       001020001D   1229
     124       0       0       1       0                               0D   1230
     100     663       0       0       0       0    1229       001010001D   1231
     100       0       0       1       0                               0D   1232
     102     664       0       0       0       0       0       001010001D   1233
     102       0       0       1       0                               0D   1234
     142     665       0       0       0       0       0       001010001D   1235
     142       0       0       1       0                               0D   1236
     144     666       0       0   10000       0       0       000010000D   1237
     144       0     -23       1       0                PartBody       0D   1238
     110     667       0       0       0       0       0       001010001D   1239
     110       0       0       1       0                               0D   1240
     110     668       0       0       0       0       0       001010001D   1241
     110       0       0       1       0                               0D   1242
     120     669       0       0       0       0       0       001010001D   1243
     120       0     -23       1       0                               0D   1244
     124     670       0       0       0       0       0       001020001D   1245
     124       0       0       1       0                               0D   1246
     100     671       0       0       0       0    1245       001010001D   1247
     100       0       0       1       0                               0D   1248
     110     672       0       0       0       0       0       001010001D   1249
     110       0       0       1       0                               0D   1250
     124     673       0       0       0       0       0       001020001D   1251
     124       0       0       1       0                               0D   1252
     100     674       0       0       0       0    1251       001010001D   1253
     100       0       0       1       0                               0D   1254
     110     675       0       0       0       0       0       001010001D   1255
     110       0       0       1       0                               0D   1256
     102     676       0       0       0       0       0       001010001D   1257
     102       0       0       1       0                               0D   1258
     142     677       0       0       0       0       0       001010001D   1259
     142       0       0       1       0                               0D   1260
     144     678       0       0   10000       0       0       000010000D   1261
     144       0     -23       1       0                PartBody       0D   1262
     110     679       0       0       0       0       0       001010001D   1263
     110       0       0       1       0                               0D   1264
     110     680       0       0       0       0       0       001010001D   1265
     110       0       0       1       0                               0D   1266
     120     681       0       0       0       0       0       001010001D   1267
     120       0     -23       1       0                               0D   1268
     124     682       0       0       0       0       0       001020001D   1269
     124       0       0       1       0                               0D   1270
     100     683       0       0       0       0    1269       001010001D   1271
     100       0       0       1       0                               0D   1272
     110     684       0       0       0       0       0       001010001D   1273
     110       0       0       1       0                               0D   1274
     124     685       0       0       0       0       0       001020001D   1275
     124       0       0       1       0                               0D   1276
     100     686       0       0       0       0    1275       001010001D   1277
     100       0       0       1       0                               0D   1278
     110     687       0       0       0       0       0       001010001D   1279
     110       0       0       1       0                               0D   1280
     102     688       0       0       0       0       0       001010001D   1281
     102       0       0       1       0                               0D   1282
     142     689       0       0       0       0       0       001010001D   1283
     142       0       0       1       0                               0D   1284
     144     690       0       0   10000       0       0       000010000D   1285
     144       0     -23       1       0                PartBody       0D   1286
     108     691       0       0       0       0       0       001010001D   1287
     108       0    -187       1       0                               0D   1288
     110     692       0       0       0       0       0       001010001D   1289
     110       0       0       1       0                               0D   1290
     110     693       0       0       0       0       0       001010001D   1291
     110       0       0       1       0                               0D   1292
     110     694       0       0       0       0       0       001010001D   1293
     110       0       0       1       0                               0D   1294
     110     695       0       0       0       0       0       001010001D   1295
     110       0       0       1       0                               0D   1296
     102     696       0       0       0       0       0       001010001D   1297
     102       0       0       1       0                               0D   1298
     142     697       0       0       0       0       0       001010001D   1299
     142       0       0       1       0                               0D   1300
     144     698       0       0   10000       0       0       000010000D   1301
     144       0    -187       1       0                PartBody       0D   1302
     110     699       0       0       0       0       0       001010001D   1303
     110       0       0       1       0                               0D   1304
     110     700       0       0       0       0       0       001010001D   1305
     110       0       0       1       0                               0D   1306
     120     701       0       0       0       0       0       001010001D   1307
     120       0     -61       1       0                               0D   1308
     110     702       0       0       0       0       0       001010001D   1309
     110       0       0       1       0                               0D   1310
     124     703       0       0       0       0       0       001020001D   1311
     124       0       0       1       0                               0D   1312
     100     704       0       0       0       0    1311       001010001D   1313
     100       0       0       1       0                               0D   1314
     110     705       0       0       0       0       0       001010001D   1315
     110       0       0       1       0                               0D   1316
     124     706       0       0       0       0       0       001020001D   1317
     124       0       0       1       0                               0D   1318
     100     707       0       0       0       0    1317       001010001D   1319
     100       0       0       1       0                               0D   1320
     124     708       0       0       0       0       0       001020001D   1321
     124       0       0       1       0                               0D   1322
     100     709       0       0       0       0    1321       001010001D   1323
     100       0       0       1       0                               0D   1324
     102     710       0       0       0       0       0       001010001D   1325
     102       0       0       1       0                               0D   1326
     142     711       0       0       0       0       0       001010001D   1327
     142       0       0       1       0                               0D   1328
     144     712       0       0   10000       0       0       000010000D   1329
     144       0     -61       1       0                PartBody       0D   1330
     110     713       0       0       0       0       0       001010001D   1331
     110       0       0       1       0                               0D   1332
     110     714       0       0       0       0       0       001010001D   1333
     110       0       0       1       0                               0D   1334
     120     715       0       0       0       0       0       001010001D   1335
     120       0     -61       1       0                               0D   1336
     110     716       0       0       0       0       0       001010001D   1337
     110       0       0       1       0                               0D   1338
     124     717       0       0       0       0       0       001020001D   1339
     124       0       0       1       0                               0D   1340
     100     718       0       0       0       0    1339       001010001D   1341
     100       0       0       1       0                               0D   1342
     110     719       0       0       0       0       0       001010001D   1343
     110       0       0       1       0                               0D   1344
     124     720       0       0       0       0       0       001020001D   1345
     124       0       0       1       0                               0D   1346
     100     721       0       0       0       0    1345       001010001D   1347
     100       0       0       1       0                               0D   1348
     124     722       0       0       0       0       0       001020001D   1349
     124       0       0       1       0                               0D   1350
     100     723       0       0       0       0    1349       001010001D   1351
     100       0       0       1       0                               0D   1352
     102     724       0       0       0       0       0       001010001D   1353
     102       0       0       1       0                               0D   1354
     142     725       0       0       0       0       0       001010001D   1355
     142       0       0       1       0                               0D   1356
     144     726       0       0   10000       0       0       000010000D   1357
     144       0     -61       1       0                PartBody       0D   1358
     108     727       0       0       0       0       0       001010001D   1359
     108       0     -23       1       0                               0D   1360
     124     728       0       0       0       0       0       001020001D   1361
     124       0       0       1       0                               0D   1362
     100     729       0       0       0       0    1361       001010001D   1363
     100       0       0       1       0                               0D   1364
     124     730       0       0       0       0       0       001020001D   1365
     124       0       0       1       0                               0D   1366
     100     731       0       0       0       0    1365       001010001D   1367
     100       0       0       1       0                               0D   1368
     102     732       0       0       0       0       0       001010001D   1369
     102       0       0       1       0                               0D   1370
     142     733       0       0       0       0       0       001010001D   1371
     142       0       0       1       0                               0D   1372
     124     734       0       0       0       0       0       001020001D   1373
     124       0       0       1       0                               0D   1374
     100     735       0       0       0       0    1373       001010001D   1375
     100       0       0       1       0                               0D   1376
     124     736       0       0       0       0       0       001020001D   1377
     124       0       0       1       0                               0D   1378
     100     737       0       0       0       0    1377       001010001D   1379
     100       0       0       1       0                               0D   1380
     102     738       0       0       0       0       0       001010001D   1381
     102       0       0       1       0                               0D   1382
     142     739       0       0       0       0       0       001010001D   1383
     142       0       0       1       0                               0D   1384
     144     740       0       0   10000       0       0       000010000D   1385
     144       0     -23       1       0                PartBody       0D   1386
     110     741       0       0       0       0       0       001010001D   1387
     110       0       0       1       0                               0D   1388
     110     742       0       0       0       0       0       001010001D   1389
     110       0       0       1       0                               0D   1390
     120     743       0       0       0       0       0       001010001D   1391
     120       0       5       1       0                               0D   1392
     124     744       0       0       0       0       0       001020001D   1393
     124       0       0       2       0                               0D   1394
     100     746       0       0       0       0    1393       001010001D   1395
     100       0       0       1       0                               0D   1396
     110     747       0       0       0       0       0       001010001D   1397
     110       0       0       1       0                               0D   1398
     110     748       0       0       0       0       0       001010001D   1399
     110       0       0       1       0                               0D   1400
     124     749       0       0       0       0       0       001020001D   1401
     124       0       0       1       0                               0D   1402
     100     750       0       0       0       0    1401       001010001D   1403
     100       0       0       1       0                               0D   1404
     126     751       0       0       0       0       0       001010001D   1405
     126       0       0      43       0                               0D   1406
     102     794       0       0       0       0       0       001010001D   1407
     102       0       0       1       0                               0D   1408
     142     795       0       0       0       0       0       001010001D   1409
     142       0       0       1       0                               0D   1410
     144     796       0       0   10000       0       0       000010000D   1411
     144       0       5       1       0                PartBody       0D   1412
     108     797       0       0       0       0       0       001010001D   1413
     108       0    -187       1       0                               0D   1414
     110     798       0       0       0       0       0       001010001D   1415
     110       0       0       1       0                               0D   1416
     110     799       0       0       0       0       0       001010001D   1417
     110       0       0       1       0                               0D   1418
     110     800       0       0       0       0       0       001010001D   1419
     110       0       0       1       0                               0D   1420
     110     801       0       0       0       0       0       001010001D   1421
     110       0       0       1       0                               0D   1422
     102     802       0       0       0       0       0       001010001D   1423
     102       0       0       1       0                               0D   1424
     142     803       0       0       0       0       0       001010001D   1425
     142       0       0       1       0                               0D   1426
     144     804       0       0   10000       0       0       000010000D   1427
     144       0    -187       1       0                PartBody       0D   1428
     108     805       0       0       0       0       0       001010001D   1429
     108       0    -187       1       0                               0D   1430
     110     806       0       0       0       0       0       001010001D   1431
     110       0       0       1       0                               0D   1432
     110     807       0       0       0       0       0       001010001D   1433
     110       0       0       1       0                               0D   1434
     110     808       0       0       0       0       0       001010001D   1435
     110       0       0       1       0                               0D   1436
     110     809       0       0       0       0       0       001010001D   1437
     110       0       0       1       0                               0D   1438
     102     810       0       0       0       0       0       001010001D   1439
     102       0       0       1       0                               0D   1440
     142     811       0       0       0       0       0       001010001D   1441
     142       0       0       1       0                               0D   1442
     144     812       0       0   10000       0       0       000010000D   1443
     144       0    -187       1       0                PartBody       0D   1444
     108     813       0       0       0       0       0       001010001D   1445
     108       0    -187       1       0                               0D   1446
     110     814       0       0       0       0       0       001010001D   1447
     110       0       0       1       0                               0D   1448
     110     815       0       0       0       0       0       001010001D   1449
     110       0       0       1       0                               0D   1450
     110     816       0       0       0       0       0       001010001D   1451
     110       0       0       1       0                               0D   1452
     110     817       0       0       0       0       0       001010001D   1453
     110       0       0       1       0                               0D   1454
     102     818       0       0       0       0       0       001010001D   1455
     102       0       0       1       0                               0D   1456
     142     819       0       0       0       0       0       001010001D   1457
     142       0       0       1       0                               0D   1458
     144     820       0       0   10000       0       0       000010000D   1459
     144       0    -187       1       0                PartBody       0D   1460
     108     821       0       0       0       0       0       001010001D   1461
     108       0    -187       1       0                               0D   1462
     110     822       0       0       0       0       0       001010001D   1463
     110       0       0       1       0                               0D   1464
     110     823       0       0       0       0       0       001010001D   1465
     110       0       0       1       0                               0D   1466
     110     824       0       0       0       0       0       001010001D   1467
     110       0       0       1       0                               0D   1468
     110     825       0       0       0       0       0       001010001D   1469
     110       0       0       1       0                               0D   1470
     102     826       0       0       0       0       0       001010001D   1471
     102       0       0       1       0                               0D   1472
     142     827       0       0       0       0       0       001010001D   1473
     142       0       0       1       0                               0D   1474
     144     828       0       0   10000       0       0       000010000D   1475
     144       0    -187       1       0                PartBody       0D   1476
     108     829       0       0       0       0       0       001010001D   1477
     108       0    -187       1       0                               0D   1478
     110     830       0       0       0       0       0       001010001D   1479
     110       0       0       1       0                               0D   1480
     110     831       0       0       0       0       0       001010001D   1481
     110       0       0       1       0                               0D   1482
     110     832       0       0       0       0       0       001010001D   1483
     110       0       0       1       0                               0D   1484
     110     833       0       0       0       0       0       001010001D   1485
     110       0       0       1       0                               0D   1486
     102     834       0       0       0       0       0       001010001D   1487
     102       0       0       1       0                               0D   1488
     142     835       0       0       0       0       0       001010001D   1489
     142       0       0       1       0                               0D   1490
     144     836       0       0   10000       0       0       000010000D   1491
     144       0    -187       1       0                PartBody       0D   1492
     110     837       0       0       0       0       0       001010001D   1493
     110       0       0       1       0                               0D   1494
     110     838       0       0       0       0       0       001010001D   1495
     110       0       0       1       0                               0D   1496
     110     839       0       0       0       0       0       001010001D   1497
     110       0       0       1       0                               0D   1498
     110     840       0       0       0       0       0       001010001D   1499
     110       0       0       1       0                               0D   1500
     102     841       0       0       0       0       0       001010001D   1501
     102       0       0       1       0                               0D   1502
     142     842       0       0       0       0       0       001010001D   1503
     142       0       0       1       0                               0D   1504
     144     843       0       0   10000       0       0       000010000D   1505
     144       0    -187       1       0                PartBody       0D   1506
     108     844       0       0       0       0       0       001010001D   1507
     108       0    -187       1       0                               0D   1508
     110     845       0       0       0       0       0       001010001D   1509
     110       0       0       1       0                               0D   1510
     110     846       0       0       0       0       0       001010001D   1511
     110       0       0       1       0                               0D   1512
     110     847       0       0       0       0       0       001010001D   1513
     110       0       0       1       0                               0D   1514
     110     848       0       0       0       0       0       001010001D   1515
     110       0       0       1       0                               0D   1516
     102     849       0       0       0       0       0       001010001D   1517
     102       0       0       1       0                               0D   1518
     142     850       0       0       0       0       0       001010001D   1519
     142       0       0       1       0                               0D   1520
     144     851       0       0   10000       0       0       000010000D   1521
     144       0    -187       1       0                PartBody       0D   1522
     110     852       0       0       0       0       0       001010001D   1523
     110       0       0       1       0                               0D   1524
     110     853       0       0       0       0       0       001010001D   1525
     110       0       0       1       0                               0D   1526
     110     854       0       0       0       0       0       001010001D   1527
     110       0       0       1       0                               0D   1528
     110     855       0       0       0       0       0       001010001D   1529
     110       0       0       1       0                               0D   1530
     102     856       0       0       0       0       0       001010001D   1531
     102       0       0       1       0                               0D   1532
     142     857       0       0       0       0       0       001010001D   1533
     142       0       0       1       0                               0D   1534
     144     858       0       0   10000       0       0       000010000D   1535
     144       0    -187       1       0                PartBody       0D   1536
     124     859       0       0       0       0       0       001020001D   1537
     124       0       0       2       0                               0D   1538
     100     861       0       0       0       0    1537       001010001D   1539
     100       0       0       1       0                               0D   1540
     110     862       0       0       0       0       0       001010001D   1541
     110       0       0       1       0                               0D   1542
     124     863       0       0       0       0       0       001020001D   1543
     124       0       0       1       0                               0D   1544
     100     864       0       0       0       0    1543       001010001D   1545
     100       0       0       1       0                               0D   1546
     124     865       0       0       0       0       0       001020001D   1547
     124       0       0       1       0                               0D   1548
     100     866       0       0       0       0    1547       001010001D   1549
     100       0       0       1       0                               0D   1550
     110     867       0       0       0       0       0       001010001D   1551
     110       0       0       1       0                               0D   1552
     110     868       0       0       0       0       0       001010001D   1553
     110       0       0       1       0                               0D   1554
     110     869       0       0       0       0       0       001010001D   1555
     110       0       0       1       0                               0D   1556
     102     870       0       0       0       0       0       001010001D   1557
     102       0       0       1       0                               0D   1558
     142     871       0       0       0       0       0       001010001D   1559
     142       0       0       1       0                               0D   1560
     144     872       0       0   10000       0       0       000010000D   1561
     144       0     -23       1       0                PartBody       0D   1562
     110     873       0       0       0       0       0       001010001D   1563
     110       0       0       1       0                               0D   1564
     110     874       0       0       0       0       0       001010001D   1565
     110       0       0       1       0                               0D   1566
     110     875       0       0       0       0       0       001010001D   1567
     110       0       0       1       0                               0D   1568
     110     876       0       0       0       0       0       001010001D   1569
     110       0       0       1       0                               0D   1570
     102     877       0       0       0       0       0       001010001D   1571
     102       0       0       1       0                               0D   1572
     142     878       0       0       0       0       0       001010001D   1573
     142       0       0       1       0                               0D   1574
     124     879       0       0       0       0       0       001020001D   1575
     124       0       0       1       0                               0D   1576
     100     880       0       0       0       0    1575       001010001D   1577
     100       0       0       1       0                               0D   1578
     124     881       0       0       0       0       0       001020001D   1579
     124       0       0       1       0                               0D   1580
     100     882       0       0       0       0    1579       001010001D   1581
     100       0       0       1       0                               0D   1582
     102     883       0       0       0       0       0       001010001D   1583
     102       0       0       1       0                               0D   1584
     142     884       0       0       0       0       0       001010001D   1585
     142       0       0       1       0                               0D   1586
     110     885       0       0       0       0       0       001010001D   1587
     110       0       0       1       0                               0D   1588
     110     886       0       0       0       0       0       001010001D   1589
     110       0       0       1       0                               0D   1590
     110     887       0       0       0       0       0       001010001D   1591
     110       0       0       1       0                               0D   1592
     110     888       0       0       0       0       0       001010001D   1593
     110       0       0       1       0                               0D   1594
     102     889       0       0       0       0       0       001010001D   1595
     102       0       0       1       0                               0D   1596
     142     890       0       0       0       0       0       001010001D   1597
     142       0       0       1       0                               0D   1598
     124     891       0       0       0       0       0       001020001D   1599
     124       0       0       1       0                               0D   1600
     100     892       0       0       0       0    1599       001010001D   1601
     100       0       0       1       0                               0D   1602
     124     893       0       0       0       0       0       001020001D   1603
     124       0       0       1       0                               0D   1604
     100     894       0       0       0       0    1603       001010001D   1605
     100       0       0       1       0                               0D   1606
     102     895       0       0       0       0       0       001010001D   1607
     102       0       0       1       0                               0D   1608
     142     896       0       0       0       0       0       001010001D   1609
     142       0       0       1       0                               0D   1610
     124     897       0       0       0       0       0       001020001D   1611
     124       0       0       1       0                               0D   1612
     100     898       0       0       0       0    1611       001010001D   1613
     100       0       0       1       0                               0D   1614
     124     899       0       0       0       0       0       001020001D   1615
     124       0       0       1       0                               0D   1616
     100     900       0       0       0       0    1615       001010001D   1617
     100       0       0       1       0                               0D   1618
     102     901       0       0       0       0       0       001010001D   1619
     102       0       0       1       0                               0D   1620
     142     902       0       0       0       0       0       001010001D   1621
     142       0       0       1       0                               0D   1622
     144     903       0       0   10000       0       0       000010000D   1623
     144       0     -23       1       0                PartBody       0D   1624
     108     904       0       0       0       0       0       001010001D   1625
     108       0     -23       1       0                               0D   1626
     110     905       0       0       0       0       0       001010001D   1627
     110       0       0       1       0                               0D   1628
     110     906       0       0       0       0       0       001010001D   1629
     110       0       0       1       0                               0D   1630
     110     907       0       0       0       0       0       001010001D   1631
     110       0       0       1       0                               0D   1632
     110     908       0       0       0       0       0       001010001D   1633
     110       0       0       1       0                               0D   1634
     102     909       0       0       0       0       0       001010001D   1635
     102       0       0       1       0                               0D   1636
     142     910       0       0       0       0       0       001010001D   1637
     142       0       0       1       0                               0D   1638
     144     911       0       0   10000       0       0       000010000D   1639
     144       0     -23       1       0                PartBody       0D   1640
     108     912       0       0       0       0       0       001010001D   1641
     108       0     -23       1       0                               0D   1642
     110     913       0       0       0       0       0       001010001D   1643
     110       0       0       1       0                               0D   1644
     110     914       0       0       0       0       0       001010001D   1645
     110       0       0       1       0                               0D   1646
     110     915       0       0       0       0       0       001010001D   1647
     110       0       0       1       0                               0D   1648
     110     916       0       0       0       0       0       001010001D   1649
     110       0       0       1       0                               0D   1650
     102     917       0       0       0       0       0       001010001D   1651
     102       0       0       1       0                               0D   1652
     142     918       0       0       0       0       0       001010001D   1653
     142       0       0       1       0                               0D   1654
     144     919       0       0   10000       0       0       000010000D   1655
     144       0     -23       1       0                PartBody       0D   1656
     110     920       0       0       0       0       0       001010001D   1657
     110       0       0       1       0                               0D   1658
     110     921       0       0       0       0       0       001010001D   1659
     110       0       0       1       0                               0D   1660
     120     922       0       0       0       0       0       001010001D   1661
     120       0     -23       1       0                               0D   1662
     124     923       0       0       0       0       0       001020001D   1663
     124       0       0       1       0                               0D   1664
     100     924       0       0       0       0    1663       001010001D   1665
     100       0       0       1       0                               0D   1666
     110     925       0       0       0       0       0       001010001D   1667
     110       0       0       1       0                               0D   1668
     110     926       0       0       0       0       0       001010001D   1669
     110       0       0       1       0                               0D   1670
     124     927       0       0       0       0       0       001020001D   1671
     124       0       0       1       0                               0D   1672
     100     928       0       0       0       0    1671       001010001D   1673
     100       0       0       1       0                               0D   1674
     110     929       0       0       0       0       0       001010001D   1675
     110       0       0       1       0                               0D   1676
     102     930       0       0       0       0       0       001010001D   1677
     102       0       0       1       0                               0D   1678
     142     931       0       0       0       0       0       001010001D   1679
     142       0       0       1       0                               0D   1680
     144     932       0       0   10000       0       0       000010000D   1681
     144       0     -23       1       0                PartBody       0D   1682
     108     933       0       0       0       0       0       001010001D   1683
     108       0    -187       1       0                               0D   1684
     110     934       0       0       0       0       0       001010001D   1685
     110       0       0       1       0                               0D   1686
     110     935       0       0       0       0       0       001010001D   1687
     110       0       0       1       0                               0D   1688
     110     936       0       0       0       0       0       001010001D   1689
     110       0       0       1       0                               0D   1690
     110     937       0       0       0       0       0       001010001D   1691
     110       0       0       1       0                               0D   1692
     110     938       0       0       0       0       0       001010001D   1693
     110       0       0       1       0                               0D   1694
     110     939       0       0       0       0       0       001010001D   1695
     110       0       0       1       0                               0D   1696
     102     940       0       0       0       0       0       001010001D   1697
     102       0       0       1       0                               0D   1698
     142     941       0       0       0       0       0       001010001D   1699
     142       0       0       1       0                               0D   1700
     124     942       0       0       0       0       0       001020001D   1701
     124       0       0       1       0                               0D   1702
     100     943       0       0       0       0    1701       001010001D   1703
     100       0       0       1       0                               0D   1704
     110     944       0       0       0       0       0       001010001D   1705
     110       0       0       1       0                               0D   1706
     124     945       0       0       0       0       0       001020001D   1707
     124       0       0       1       0                               0D   1708
     100     946       0       0       0       0    1707       001010001D   1709
     100       0       0       1       0                               0D   1710
     110     947       0       0       0       0       0       001010001D   1711
     110       0       0       1       0                               0D   1712
     124     948       0       0       0       0       0       001020001D   1713
     124       0       0       1       0                               0D   1714
     100     949       0       0       0       0    1713       001010001D   1715
     100       0       0       1       0                               0D   1716
     110     950       0       0       0       0       0       001010001D   1717
     110       0       0       1       0                               0D   1718
     124     951       0       0       0       0       0       001020001D   1719
     124       0       0       1       0                               0D   1720
     100     952       0       0       0       0    1719       001010001D   1721
     100       0       0       1       0                               0D   1722
     110     953       0       0       0       0       0       001010001D   1723
     110       0       0       1       0                               0D   1724
     102     954       0       0       0       0       0       001010001D   1725
     102       0       0       1       0                               0D   1726
     142     955       0       0       0       0       0       001010001D   1727
     142       0       0       1       0                               0D   1728
     144     956       0       0   10000       0       0       000010000D   1729
     144       0    -187       1       0                PartBody       0D   1730
     110     957       0       0       0       0       0       001010001D   1731
     110       0       0       1       0                               0D   1732
     110     958       0       0       0       0       0       001010001D   1733
     110       0       0       1       0                               0D   1734
     120     959       0       0       0       0       0       001010001D   1735
     120       0    -563       1       0                               0D   1736
     110     960       0       0       0       0       0       001010001D   1737
     110       0       0       1       0                               0D   1738
     124     961       0       0       0       0       0       001020001D   1739
     124       0       0       1       0                               0D   1740
     100     962       0       0       0       0    1739       001010001D   1741
     100       0       0       1       0                               0D   1742
     110     963       0       0       0       0       0       001010001D   1743
     110       0       0       1       0                               0D   1744
     124     964       0       0       0       0       0       001020001D   1745
     124       0       0       1       0                               0D   1746
     100     965       0       0       0       0    1745       001010001D   1747
     100       0       0       1       0                               0D   1748
     102     966       0       0       0       0       0       001010001D   1749
     102       0       0       1       0                               0D   1750
     142     967       0       0       0       0       0       001010001D   1751
     142       0       0       1       0                               0D   1752
     144     968       0       0   10000       0       0       000010000D   1753
     144       0    -563       1       0                PartBody       0D   1754
     110     969       0       0       0       0       0       001010001D   1755
     110       0       0       1       0                               0D   1756
     110     970       0       0       0       0       0       001010001D   1757
     110       0       0       1       0                               0D   1758
     120     971       0       0       0       0       0       001010001D   1759
     120       0    -563       1       0                               0D   1760
     124     972       0       0       0       0       0       001020001D   1761
     124       0       0       2       0                               0D   1762
     100     974       0       0       0       0    1761       001010001D   1763
     100       0       0       1       0                               0D   1764
     110     975       0       0       0       0       0       001010001D   1765
     110       0       0       1       0                               0D   1766
     124     976       0       0       0       0       0       001020001D   1767
     124       0       0       1       0                               0D   1768
     100     977       0       0       0       0    1767       001010001D   1769
     100       0       0       1       0                               0D   1770
     110     978       0       0       0       0       0       001010001D   1771
     110       0       0       1       0                               0D   1772
     124     979       0       0       0       0       0       001020001D   1773
     124       0       0       1       0                               0D   1774
     100     980       0       0       0       0    1773       001010001D   1775
     100       0       0       1       0                               0D   1776
     110     981       0       0       0       0       0       001010001D   1777
     110       0       0       1       0                               0D   1778
     126     982       0       0       0       0       0       001010001D   1779
     126       0       0       6       0                               0D   1780
     126     988       0       0       0       0       0       001010001D   1781
     126       0       0       5       0                               0D   1782
     102     993       0       0       0       0       0       001010001D   1783
     102       0       0       1       0                               0D   1784
     142     994       0       0       0       0       0       001010001D   1785
     142       0       0       1       0                               0D   1786
     144     995       0       0   10000       0       0       000010000D   1787
     144       0    -563       1       0                PartBody       0D   1788
     110     996       0       0       0       0       0       001010001D   1789
     110       0       0       1       0                               0D   1790
     110     997       0       0       0       0       0       001010001D   1791
     110       0       0       1       0                               0D   1792
     120     998       0       0       0       0       0       001010001D   1793
     120       0       5       1       0                               0D   1794
     124     999       0       0       0       0       0       001020001D   1795
     124       0       0       1       0                               0D   1796
     100    1000       0       0       0       0    1795       001010001D   1797
     100       0       0       1       0                               0D   1798
     110    1001       0       0       0       0       0       001010001D   1799
     110       0       0       1       0                               0D   1800
     126    1002       0       0       0       0       0       001010001D   1801
     126       0       0       6       0                               0D   1802
     124    1008       0       0       0       0       0       001020001D   1803
     124       0       0       2       0                               0D   1804
     100    1010       0       0       0       0    1803       001010001D   1805
     100       0       0       1       0                               0D   1806
     110    1011       0       0       0       0       0       001010001D   1807
     110       0       0       1       0                               0D   1808
     102    1012       0       0       0       0       0       001010001D   1809
     102       0       0       1       0                               0D   1810
     142    1013       0       0       0       0       0       001010001D   1811
     142       0       0       1       0                               0D   1812
     144    1014       0       0   10000       0       0       000010000D   1813
     144       0       5       1       0                PartBody       0D   1814
     110    1015       0       0       0       0       0       001010001D   1815
     110       0       0       1       0                               0D   1816
     110    1016       0       0       0       0       0       001010001D   1817
     110       0       0       1       0                               0D   1818
     120    1017       0       0       0       0       0       001010001D   1819
     120       0       5       1       0                               0D   1820
     110    1018       0       0       0       0       0       001010001D   1821
     110       0       0       1       0                               0D   1822
     124    1019       0       0       0       0       0       001020001D   1823
     124       0       0       1       0                               0D   1824
     100    1020       0       0       0       0    1823       001010001D   1825
     100       0       0       1       0                               0D   1826
     110    1021       0       0       0       0       0       001010001D   1827
     110       0       0       1       0                               0D   1828
     124    1022       0       0       0       0       0       001020001D   1829
     124       0       0       1       0                               0D   1830
     100    1023       0       0       0       0    1829       001010001D   1831
     100       0       0       1       0                               0D   1832
     110    1024       0       0       0       0       0       001010001D   1833
     110       0       0       1       0                               0D   1834
     126    1025       0       0       0       0       0       001010001D   1835
     126       0       0       5       0                               0D   1836
     102    1030       0       0       0       0       0       001010001D   1837
     102       0       0       1       0                               0D   1838
     142    1031       0       0       0       0       0       001010001D   1839
     142       0       0       1       0                               0D   1840
     144    1032       0       0   10000       0       0       000010000D   1841
     144       0       5       1       0                PartBody       0D   1842
     124    1033       0       0       0       0       0       001020001D   1843
     124       0       0       2       0                               0D   1844
     100    1035       0       0       0       0    1843       001010001D   1845
     100       0       0       1       0                               0D   1846
     124    1036       0       0       0       0       0       001020001D   1847
     124       0       0       1       0                               0D   1848
     100    1037       0       0       0       0    1847       001010001D   1849
     100       0       0       1       0                               0D   1850
     110    1038       0       0       0       0       0       001010001D   1851
     110       0       0       1       0                               0D   1852
     110    1039       0       0       0       0       0       001010001D   1853
     110       0       0       1       0                               0D   1854
     102    1040       0       0       0       0       0       001010001D   1855
     102       0       0       1       0                               0D   1856
     142    1041       0       0       0       0       0       001010001D   1857
     142       0       0       1       0                               0D   1858
     144    1042       0       0   10000       0       0       000010000D   1859
     144       0       5       1       0                PartBody       0D   1860
     110    1043       0       0       0       0       0       001010001D   1861
     110       0       0       1       0                               0D   1862
     110    1044       0       0       0       0       0       001010001D   1863
     110       0       0       1       0                               0D   1864
     120    1045       0       0       0       0       0       001010001D   1865
     120       0       5       1       0                               0D   1866
     110    1046       0       0       0       0       0       001010001D   1867
     110       0       0       1       0                               0D   1868
     124    1047       0       0       0       0       0       001020001D   1869
     124       0       0       1       0                               0D   1870
     100    1048       0       0       0       0    1869       001010001D   1871
     100       0       0       1       0                               0D   1872
     110    1049       0       0       0       0       0       001010001D   1873
     110       0       0       1       0                               0D   1874
     124    1050       0       0       0       0       0       001020001D   1875
     124       0       0       1       0                               0D   1876
     100    1051       0       0       0       0    1875       001010001D   1877
     100       0       0       1       0                               0D   1878
     110    1052       0       0       0       0       0       001010001D   1879
     110       0       0       1       0                               0D   1880
     126    1053       0       0       0       0       0       001010001D   1881
     126       0       0       5       0                               0D   1882
     102    1058       0       0       0       0       0       001010001D   1883
     102       0       0       1       0                               0D   1884
     142    1059       0       0       0       0       0       001010001D   1885
     142       0       0       1       0                               0D   1886
     144    1060       0       0   10000       0       0       000010000D   1887
     144       0       5       1       0                PartBody       0D   1888
     110    1061       0       0       0       0       0       001010001D   1889
     110       0       0       1       0                               0D   1890
     110    1062       0       0       0       0       0       001010001D   1891
     110       0       0       1       0                               0D   1892
     120    1063       0       0       0       0       0       001010001D   1893
     120       0       5       1       0                               0D   1894
     124    1064       0       0       0       0       0       001020001D   1895
     124       0       0       1       0                               0D   1896
     100    1065       0       0       0       0    1895       001010001D   1897
     100       0       0       1       0                               0D   1898
     110    1066       0       0       0       0       0       001010001D   1899
     110       0       0       1       0                               0D   1900
     126    1067       0       0       0       0       0       001010001D   1901
     126       0       0       5       0                               0D   1902
     124    1072       0       0       0       0       0       001020001D   1903
     124       0       0       2       0                               0D   1904
     100    1074       0       0       0       0    1903       001010001D   1905
     100       0       0       1       0                               0D   1906
     110    1075       0       0       0       0       0       001010001D   1907
     110       0       0       1       0                               0D   1908
     102    1076       0       0       0       0       0       001010001D   1909
     102       0       0       1       0                               0D   1910
     142    1077       0       0       0       0       0       001010001D   1911
     142       0       0       1       0                               0D   1912
     144    1078       0       0   10000       0       0       000010000D   1913
     144       0       5       1       0                PartBody       0D   1914
     110    1079       0       0       0       0       0       001010001D   1915
     110       0       0       1       0                               0D   1916
     110    1080       0       0       0       0       0       001010001D   1917
     110       0       0       2       0                               0D   1918
     120    1082       0       0       0       0       0       001010001D   1919
     120       0       5       1       0                               0D   1920
     124    1083       0       0       0       0       0       001020001D   1921
     124       0       0       2       0                               0D   1922
     100    1085       0       0       0       0    1921       001010001D   1923
     100       0       0       1       0                               0D   1924
     110    1086       0       0       0       0       0       001010001D   1925
     110       0       0       1       0                               0D   1926
     126    1087       0       0       0       0       0       001010001D   1927
     126       0       0       6       0                               0D   1928
     126    1093       0       0       0       0       0       001010001D   1929
     126       0       0       5       0                               0D   1930
     102    1098       0       0       0       0       0       001010001D   1931
     102       0       0       1       0                               0D   1932
     142    1099       0       0       0       0       0       001010001D   1933
     142       0       0       1       0                               0D   1934
     144    1100       0       0   10000       0       0       000010000D   1935
     144       0       5       1       0                PartBody       0D   1936
     124    1101       0       0       0       0       0       001020001D   1937
     124       0       0       2       0                               0D   1938
     100    1103       0       0       0       0    1937       001010001D   1939
     100       0       0       1       0                               0D   1940
     110    1104       0       0       0       0       0       001010001D   1941
     110       0       0       1       0                               0D   1942
     110    1105       0       0       0       0       0       001010001D   1943
     110       0       0       1       0                               0D   1944
     102    1106       0       0       0       0       0       001010001D   1945
     102       0       0       1       0                               0D   1946
     142    1107       0       0       0       0       0       001010001D   1947
     142       0       0       1       0                               0D   1948
     144    1108       0       0   10000       0       0       000010000D   1949
     144       0       5       1       0                PartBody       0D   1950
     406    1109       0       0       0       0       0       000010201D   1951
     406       0       0       1      15                               0D   1952
     308    1110       0       0       0       0       0       000010200D   1953
     308       0       0       6       0                               0D   1954
     406    1116       0       0       0       0       0       000010201D   1955
     406       0       0       1      15                               0D   1956
     408    1117       0       0       0       0       1       000000000D   1957
     408       0       0       1       0                               0D   1958
     124    1118       0       0       0       0       0       000000000D   1959
     124       0       0       1       0                               0D   1960
     110    1119       0       0       0       0       0       001010001D   1961
     110       0       0       1       0                               0D   1962
     110    1120       0       0       0       0       0       001010001D   1963
     110       0       0       1       0                               0D   1964
     120    1121       0       0       0       0       0       001010001D   1965
     120       0       5       1       0                               0D   1966
     124    1122       0       0       0       0       0       001020001D   1967
     124       0       0       1       0                               0D   1968
     100    1123       0       0       0       0    1967       001010001D   1969
     100       0       0       1       0                               0D   1970
     110    1124       0       0       0       0       0       001010001D   1971
     110       0       0       1       0                               0D   1972
     124    1125       0       0       0       0       0       001020001D   1973
     124       0       0       1       0                               0D   1974
     100    1126       0       0       0       0    1973       001010001D   1975
     100       0       0       1       0                               0D   1976
     110    1127       0       0       0       0       0       001010001D   1977
     110       0       0       1       0                               0D   1978
     102    1128       0       0       0       0       0       001010001D   1979
     102       0       0       1       0                               0D   1980
     142    1129       0       0       0       0       0       001010001D   1981
     142       0       0       1       0                               0D   1982
     144    1130       0       0   10000       0       0       000010000D   1983
     144       0       5       1       0                PartBody       0D   1984
     314    1131       0       0       0       0       0       000000201D   1985
     314       0       0       1       0                               0D   1986
     108    1132       0       0       0       0       0       001010001D   1987
     108       0   -1985       1       0                               0D   1988
     110    1133       0       0       0       0       0       001010001D   1989
     110       0       0       1       0                               0D   1990
     110    1134       0       0       0       0       0       001010001D   1991
     110       0       0       1       0                               0D   1992
     110    1135       0       0       0       0       0       001010001D   1993
     110       0       0       1       0                               0D   1994
     124    1136       0       0       0       0       0       001020001D   1995
     124       0       0       1       0                               0D   1996
     100    1137       0       0       0       0    1995       001010001D   1997
     100       0       0       1       0                               0D   1998
     110    1138       0       0       0       0       0       001010001D   1999
     110       0       0       1       0                               0D   2000
     124    1139       0       0       0       0       0       001020001D   2001
     124       0       0       2       0                               0D   2002
     100    1141       0       0       0       0    2001       001010001D   2003
     100       0       0       1       0                               0D   2004
     110    1142       0       0       0       0       0       001010001D   2005
     110       0       0       1       0                               0D   2006
     124    1143       0       0       0       0       0       001020001D   2007
     124       0       0       2       0                               0D   2008
     100    1145       0       0       0       0    2007       001010001D   2009
     100       0       0       1       0                               0D   2010
     110    1146       0       0       0       0       0       001010001D   2011
     110       0       0       2       0                               0D   2012
     124    1148       0       0       0       0       0       001020001D   2013
     124       0       0       2       0                               0D   2014
     100    1150       0       0       0       0    2013       001010001D   2015
     100       0       0       1       0                               0D   2016
     110    1151       0       0       0       0       0       001010001D   2017
     110       0       0       2       0                               0D   2018
     124    1153       0       0       0       0       0       001020001D   2019
     124       0       0       2       0                               0D   2020
     100    1155       0       0       0       0    2019       001010001D   2021
     100       0       0       1       0                               0D   2022
     110    1156       0       0       0       0       0       001010001D   2023
     110       0       0       1       0                               0D   2024
     124    1157       0       0       0       0       0       001020001D   2025
     124       0       0       2       0                               0D   2026
     100    1159       0       0       0       0    2025       001010001D   2027
     100       0       0       1       0                               0D   2028
     110    1160       0       0       0       0       0       001010001D   2029
     110       0       0       2       0                               0D   2030
     124    1162       0       0       0       0       0       001020001D   2031
     124       0       0       2       0                               0D   2032
     100    1164       0       0       0       0    2031       001010001D   2033
     100       0       0       1       0                               0D   2034
     110    1165       0       0       0       0       0       001010001D   2035
     110       0       0       2       0                               0D   2036
     124    1167       0       0       0       0       0       001020001D   2037
     124       0       0       2       0                               0D   2038
     100    1169       0       0       0       0    2037       001010001D   2039
     100       0       0       1       0                               0D   2040
     110    1170       0       0       0       0       0       001010001D   2041
     110       0       0       2       0                               0D   2042
     124    1172       0       0       0       0       0       001020001D   2043
     124       0       0       2       0                               0D   2044
     100    1174       0       0       0       0    2043       001010001D   2045
     100       0       0       1       0                               0D   2046
     110    1175       0       0       0       0       0       001010001D   2047
     110       0       0       2       0                               0D   2048
     110    1177       0       0       0       0       0       001010001D   2049
     110       0       0       1       0                               0D   2050
     110    1178       0       0       0       0       0       001010001D   2051
     110       0       0       1       0                               0D   2052
     110    1179       0       0       0       0       0       001010001D   2053
     110       0       0       1       0                               0D   2054
     110    1180       0       0       0       0       0       001010001D   2055
     110       0       0       2       0                               0D   2056
     110    1182       0       0       0       0       0       001010001D   2057
     110       0       0       1       0                               0D   2058
     110    1183       0       0       0       0       0       001010001D   2059
     110       0       0       1       0                               0D   2060
     110    1184       0       0       0       0       0       001010001D   2061
     110       0       0       1       0                               0D   2062
     110    1185       0       0       0       0       0       001010001D   2063
     110       0       0       2       0                               0D   2064
     110    1187       0       0       0       0       0       001010001D   2065
     110       0       0       1       0                               0D   2066
     110    1188       0       0       0       0       0       001010001D   2067
     110       0       0       1       0                               0D   2068
     110    1189       0       0       0       0       0       001010001D   2069
     110       0       0       1       0                               0D   2070
     124    1190       0       0       0       0       0       001020001D   2071
     124       0       0       2       0                               0D   2072
     100    1192       0       0       0       0    2071       001010001D   2073
     100       0       0       1       0                               0D   2074
     110    1193       0       0       0       0       0       001010001D   2075
     110       0       0       1       0                               0D   2076
     124    1194       0       0       0       0       0       001020001D   2077
     124       0       0       2       0                               0D   2078
     100    1196       0       0       0       0    2077       001010001D   2079
     100       0       0       1       0                               0D   2080
     102    1197       0       0       0       0       0       001010001D   2081
     102       0       0       3       0                               0D   2082
     142    1200       0       0       0       0       0       001010001D   2083
     142       0       0       1       0                               0D   2084
     124    1201       0       0       0       0       0       001020001D   2085
     124       0       0       1       0                               0D   2086
     100    1202       0       0       0       0    2085       001010001D   2087
     100       0       0       1       0                               0D   2088
     124    1203       0       0       0       0       0       001020001D   2089
     124       0       0       1       0                               0D   2090
     100    1204       0       0       0       0    2089       001010001D   2091
     100       0       0       1       0                               0D   2092
     102    1205       0       0       0       0       0       001010001D   2093
     102       0       0       1       0                               0D   2094
     142    1206       0       0       0       0       0       001010001D   2095
     142       0       0       1       0                               0D   2096
     124    1207       0       0       0       0       0       001020001D   2097
     124       0       0       1       0                               0D   2098
     100    1208       0       0       0       0    2097       001010001D   2099
     100       0       0       1       0                               0D   2100
     124    1209       0       0       0       0       0       001020001D   2101
     124       0       0       1       0                               0D   2102
     100    1210       0       0       0       0    2101       001010001D   2103
     100       0       0       1       0                               0D   2104
     102    1211       0       0       0       0       0       001010001D   2105
     102       0       0       1       0                               0D   2106
     142    1212       0       0       0       0       0       001010001D   2107
     142       0       0       1       0                               0D   2108
     124    1213       0       0       0       0       0       001020001D   2109
     124       0       0       1       0                               0D   2110
     100    1214       0       0       0       0    2109       001010001D   2111
     100       0       0       1       0                               0D   2112
     124    1215       0       0       0       0       0       001020001D   2113
     124       0       0       1       0                               0D   2114
     100    1216       0       0       0       0    2113       001010001D   2115
     100       0       0       1       0                               0D   2116
     102    1217       0       0       0       0       0       001010001D   2117
     102       0       0       1       0                               0D   2118
     142    1218       0       0       0       0       0       001010001D   2119
     142       0       0       1       0                               0D   2120
     124    1219       0       0       0       0       0       001020001D   2121
     124       0       0       1       0                               0D   2122
     100    1220       0       0       0       0    2121       001010001D   2123
     100       0       0       1       0                               0D   2124
     124    1221       0       0       0       0       0       001020001D   2125
     124       0       0       1       0                               0D   2126
     100    1222       0       0       0       0    2125       001010001D   2127
     100       0       0       1       0                               0D   2128
     102    1223       0       0       0       0       0       001010001D   2129
     102       0       0       1       0                               0D   2130
     142    1224       0       0       0       0       0       001010001D   2131
     142       0       0       1       0                               0D   2132
     124    1225       0       0       0       0       0       001020001D   2133
     124       0       0       1       0                               0D   2134
     100    1226       0       0       0       0    2133       001010001D   2135
     100       0       0       1       0                               0D   2136
     124    1227       0       0       0       0       0       001020001D   2137
     124       0       0       1       0                               0D   2138
     100    1228       0       0       0       0    2137       001010001D   2139
     100       0       0       1       0                               0D   2140
     102    1229       0       0       0       0       0       001010001D   2141
     102       0       0       1       0                               0D   2142
     142    1230       0       0       0       0       0       001010001D   2143
     142       0       0       1       0                               0D   2144
     124    1231       0       0       0       0       0       001020001D   2145
     124       0       0       1       0                               0D   2146
     100    1232       0       0       0       0    2145       001010001D   2147
     100       0       0       1       0                               0D   2148
     110    1233       0       0       0       0       0       001010001D   2149
     110       0       0       1       0                               0D   2150
     124    1234       0       0       0       0       0       001020001D   2151
     124       0       0       1       0                               0D   2152
     100    1235       0       0       0       0    2151       001010001D   2153
     100       0       0       1       0                               0D   2154
     110    1236       0       0       0       0       0       001010001D   2155
     110       0       0       1       0                               0D   2156
     102    1237       0       0       0       0       0       001010001D   2157
     102       0       0       1       0                               0D   2158
     142    1238       0       0       0       0       0       001010001D   2159
     142       0       0       1       0                               0D   2160
     110    1239       0       0       0       0       0       001010001D   2161
     110       0       0       1       0                               0D   2162
     124    1240       0       0       0       0       0       001020001D   2163
     124       0       0       1       0                               0D   2164
     100    1241       0       0       0       0    2163       001010001D   2165
     100       0       0       1       0                               0D   2166
     110    1242       0       0       0       0       0       001010001D   2167
     110       0       0       1       0                               0D   2168
     124    1243       0       0       0       0       0       001020001D   2169
     124       0       0       1       0                               0D   2170
     100    1244       0       0       0       0    2169       001010001D   2171
     100       0       0       1       0                               0D   2172
     102    1245       0       0       0       0       0       001010001D   2173
     102       0       0       1       0                               0D   2174
     142    1246       0       0       0       0       0       001010001D   2175
     142       0       0       1       0                               0D   2176
     110    1247       0       0       0       0       0       001010001D   2177
     110       0       0       1       0                               0D   2178
     124    1248       0       0       0       0       0       001020001D   2179
     124       0       0       2       0                               0D   2180
     100    1250       0       0       0       0    2179       001010001D   2181
     100       0       0       1       0                               0D   2182
     110    1251       0       0       0       0       0       001010001D   2183
     110       0       0       1       0                               0D   2184
     124    1252       0       0       0       0       0       001020001D   2185
     124       0       0       2       0                               0D   2186
     100    1254       0       0       0       0    2185       001010001D   2187
     100       0       0       1       0                               0D   2188
     102    1255       0       0       0       0       0       001010001D   2189
     102       0       0       1       0                               0D   2190
     142    1256       0       0       0       0       0       001010001D   2191
     142       0       0       1       0                               0D   2192
     110    1257       0       0       0       0       0       001010001D   2193
     110       0       0       1       0                               0D   2194
     124    1258       0       0       0       0       0       001020001D   2195
     124       0       0       2       0                               0D   2196
     100    1260       0       0       0       0    2195       001010001D   2197
     100       0       0       1       0                               0D   2198
     110    1261       0       0       0       0       0       001010001D   2199
     110       0       0       1       0                               0D   2200
     124    1262       0       0       0       0       0       001020001D   2201
     124       0       0       2       0                               0D   2202
     100    1264       0       0       0       0    2201       001010001D   2203
     100       0       0       1       0                               0D   2204
     102    1265       0       0       0       0       0       001010001D   2205
     102       0       0       1       0                               0D   2206
     142    1266       0       0       0       0       0       001010001D   2207
     142       0       0       1       0                               0D   2208
     110    1267       0       0       0       0       0       001010001D   2209
     110       0       0       1       0                               0D   2210
     124    1268       0       0       0       0       0       001020001D   2211
     124       0       0       2       0                               0D   2212
     100    1270       0       0       0       0    2211       001010001D   2213
     100       0       0       1       0                               0D   2214
     110    1271       0       0       0       0       0       001010001D   2215
     110       0       0       1       0                               0D   2216
     124    1272       0       0       0       0       0       001020001D   2217
     124       0       0       2       0                               0D   2218
     100    1274       0       0       0       0    2217       001010001D   2219
     100       0       0       1       0                               0D   2220
     102    1275       0       0       0       0       0       001010001D   2221
     102       0       0       1       0                               0D   2222
     142    1276       0       0       0       0       0       001010001D   2223
     142       0       0       1       0                               0D   2224
     110    1277       0       0       0       0       0       001010001D   2225
     110       0       0       1       0                               0D   2226
     124    1278       0       0       0       0       0       001020001D   2227
     124       0       0       2       0                               0D   2228
     100    1280       0       0       0       0    2227       001010001D   2229
     100       0       0       1       0                               0D   2230
     110    1281       0       0       0       0       0       001010001D   2231
     110       0       0       1       0                               0D   2232
     124    1282       0       0       0       0       0       001020001D   2233
     124       0       0       2       0                               0D   2234
     100    1284       0       0       0       0    2233       001010001D   2235
     100       0       0       1       0                               0D   2236
     102    1285       0       0       0       0       0       001010001D   2237
     102       0       0       1       0                               0D   2238
     142    1286       0       0       0       0       0       001010001D   2239
     142       0       0       1       0                               0D   2240
     110    1287       0       0       0       0       0       001010001D   2241
     110       0       0       1       0                               0D   2242
     124    1288       0       0       0       0       0       001020001D   2243
     124       0       0       2       0                               0D   2244
     100    1290       0       0       0       0    2243       001010001D   2245
     100       0       0       1       0                               0D   2246
     110    1291       0       0       0       0       0       001010001D   2247
     110       0       0       1       0                               0D   2248
     124    1292       0       0       0       0       0       001020001D   2249
     124       0       0       2       0                               0D   2250
     100    1294       0       0       0       0    2249       001010001D   2251
     100       0       0       1       0                               0D   2252
     102    1295       0       0       0       0       0       001010001D   2253
     102       0       0       1       0                               0D   2254
     142    1296       0       0       0       0       0       001010001D   2255
     142       0       0       1       0                               0D   2256
     110    1297       0       0       0       0       0       001010001D   2257
     110       0       0       1       0                               0D   2258
     124    1298       0       0       0       0       0       001020001D   2259
     124       0       0       2       0                               0D   2260
     100    1300       0       0       0       0    2259       001010001D   2261
     100       0       0       1       0                               0D   2262
     110    1301       0       0       0       0       0       001010001D   2263
     110       0       0       1       0                               0D   2264
     124    1302       0       0       0       0       0       001020001D   2265
     124       0       0       2       0                               0D   2266
     100    1304       0       0       0       0    2265       001010001D   2267
     100       0       0       1       0                               0D   2268
     102    1305       0       0       0       0       0       001010001D   2269
     102       0       0       1       0                               0D   2270
     142    1306       0       0       0       0       0       001010001D   2271
     142       0       0       1       0                               0D   2272
     144    1307       0       0   10000       0       0       000010000D   2273
     144       0   -1985       2       0                PartBody       0D   2274
     110    1309       0       0       0       0       0       001010001D   2275
     110       0       0       1       0                               0D   2276
     110    1310       0       0       0       0       0       001010001D   2277
     110       0       0       1       0                               0D   2278
     120    1311       0       0       0       0       0       001010001D   2279
     120       0       5       1       0                               0D   2280
     124    1312       0       0       0       0       0       001020001D   2281
     124       0       0       1       0                               0D   2282
     100    1313       0       0       0       0    2281       001010001D   2283
     100       0       0       1       0                               0D   2284
     110    1314       0       0       0       0       0       001010001D   2285
     110       0       0       1       0                               0D   2286
     124    1315       0       0       0       0       0       001020001D   2287
     124       0       0       1       0                               0D   2288
     100    1316       0       0       0       0    2287       001010001D   2289
     100       0       0       1       0                               0D   2290
     110    1317       0       0       0       0       0       001010001D   2291
     110       0       0       1       0                               0D   2292
     102    1318       0       0       0       0       0       001010001D   2293
     102       0       0       1       0                               0D   2294
     142    1319       0       0       0       0       0       001010001D   2295
     142       0       0       1       0                               0D   2296
     144    1320       0       0   10000       0       0       000010000D   2297
     144       0       5       1       0                PartBody       0D   2298
     110    1321       0       0       0       0       0       001010001D   2299
     110       0       0       1       0                               0D   2300
     110    1322       0       0       0       0       0       001010001D   2301
     110       0       0       1       0                               0D   2302
     120    1323       0       0       0       0       0       001010001D   2303
     120       0   -1985       1       0                               0D   2304
     124    1324       0       0       0       0       0       001020001D   2305
     124       0       0       2       0                               0D   2306
     100    1326       0       0       0       0    2305       001010001D   2307
     100       0       0       1       0                               0D   2308
     110    1327       0       0       0       0       0       001010001D   2309
     110       0       0       2       0                               0D   2310
     124    1329       0       0       0       0       0       001020001D   2311
     124       0       0       2       0                               0D   2312
     100    1331       0       0       0       0    2311       001010001D   2313
     100       0       0       1       0                               0D   2314
     110    1332       0       0       0       0       0       001010001D   2315
     110       0       0       1       0                               0D   2316
     102    1333       0       0       0       0       0       001010001D   2317
     102       0       0       1       0                               0D   2318
     142    1334       0       0       0       0       0       001010001D   2319
     142       0       0       1       0                               0D   2320
     144    1335       0       0   10000       0       0       000010000D   2321
     144       0   -1985       1       0                PartBody       0D   2322
     110    1336       0       0       0       0       0       001010001D   2323
     110       0       0       2       0                               0D   2324
     110    1338       0       0       0       0       0       001010001D   2325
     110       0       0       2       0                               0D   2326
     120    1340       0       0       0       0       0       001010001D   2327
     120       0   -1985       1       0                               0D   2328
     124    1341       0       0       0       0       0       001020001D   2329
     124       0       0       2       0                               0D   2330
     100    1343       0       0       0       0    2329       001010001D   2331
     100       0       0       1       0                               0D   2332
     110    1344       0       0       0       0       0       001010001D   2333
     110       0       0       2       0                               0D   2334
     124    1346       0       0       0       0       0       001020001D   2335
     124       0       0       2       0                               0D   2336
     100    1348       0       0       0       0    2335       001010001D   2337
     100       0       0       1       0                               0D   2338
     110    1349       0       0       0       0       0       001010001D   2339
     110       0       0       2       0                               0D   2340
     102    1351       0       0       0       0       0       001010001D   2341
     102       0       0       1       0                               0D   2342
     142    1352       0       0       0       0       0       001010001D   2343
     142       0       0       1       0                               0D   2344
     144    1353       0       0   10000       0       0       000010000D   2345
     144       0   -1985       1       0                PartBody       0D   2346
     110    1354       0       0       0       0       0       001010001D   2347
     110       0       0       1       0                               0D   2348
     110    1355       0       0       0       0       0       001010001D   2349
     110       0       0       2       0                               0D   2350
     120    1357       0       0       0       0       0       001010001D   2351
     120       0   -1985       1       0                               0D   2352
     124    1358       0       0       0       0       0       001020001D   2353
     124       0       0       2       0                               0D   2354
     100    1360       0       0       0       0    2353       001010001D   2355
     100       0       0       1       0                               0D   2356
     110    1361       0       0       0       0       0       001010001D   2357
     110       0       0       1       0                               0D   2358
     124    1362       0       0       0       0       0       001020001D   2359
     124       0       0       2       0                               0D   2360
     100    1364       0       0       0       0    2359       001010001D   2361
     100       0       0       1       0                               0D   2362
     110    1365       0       0       0       0       0       001010001D   2363
     110       0       0       2       0                               0D   2364
     102    1367       0       0       0       0       0       001010001D   2365
     102       0       0       1       0                               0D   2366
     142    1368       0       0       0       0       0       001010001D   2367
     142       0       0       1       0                               0D   2368
     144    1369       0       0   10000       0       0       000010000D   2369
     144       0   -1985       1       0                PartBody       0D   2370
     110    1370       0       0       0       0       0       001010001D   2371
     110       0       0       1       0                               0D   2372
     110    1371       0       0       0       0       0       001010001D   2373
     110       0       0       1       0                               0D   2374
     120    1372       0       0       0       0       0       001010001D   2375
     120       0   -1985       1       0                               0D   2376
     124    1373       0       0       0       0       0       001020001D   2377
     124       0       0       2       0                               0D   2378
     100    1375       0       0       0       0    2377       001010001D   2379
     100       0       0       1       0                               0D   2380
     110    1376       0       0       0       0       0       001010001D   2381
     110       0       0       2       0                               0D   2382
     124    1378       0       0       0       0       0       001020001D   2383
     124       0       0       2       0                               0D   2384
     100    1380       0       0       0       0    2383       001010001D   2385
     100       0       0       1       0                               0D   2386
     110    1381       0       0       0       0       0       001010001D   2387
     110       0       0       1       0                               0D   2388
     102    1382       0       0       0       0       0       001010001D   2389
     102       0       0       1       0                               0D   2390
     142    1383       0       0       0       0       0       001010001D   2391
     142       0       0       1       0                               0D   2392
     144    1384       0       0   10000       0       0       000010000D   2393
     144       0   -1985       1       0                PartBody       0D   2394
     110    1385       0       0       0       0       0       001010001D   2395
     110       0       0       1       0                               0D   2396
     110    1386       0       0       0       0       0       001010001D   2397
     110       0       0       2       0                               0D   2398
     120    1388       0       0       0       0       0       001010001D   2399
     120       0   -1985       1       0                               0D   2400
     124    1389       0       0       0       0       0       001020001D   2401
     124       0       0       2       0                               0D   2402
     100    1391       0       0       0       0    2401       001010001D   2403
     100       0       0       1       0                               0D   2404
     110    1392       0       0       0       0       0       001010001D   2405
     110       0       0       1       0                               0D   2406
     124    1393       0       0       0       0       0       001020001D   2407
     124       0       0       2       0                               0D   2408
     100    1395       0       0       0       0    2407       001010001D   2409
     100       0       0       1       0                               0D   2410
     110    1396       0       0       0       0       0       001010001D   2411
     110       0       0       2       0                               0D   2412
     102    1398       0       0       0       0       0       001010001D   2413
     102       0       0       1       0                               0D   2414
     142    1399       0       0       0       0       0       001010001D   2415
     142       0       0       1       0                               0D   2416
     144    1400       0       0   10000       0       0       000010000D   2417
     144       0   -1985       1       0                PartBody       0D   2418
     110    1401       0       0       0       0       0       001010001D   2419
     110       0       0       1       0                               0D   2420
     110    1402       0       0       0       0       0       001010001D   2421
     110       0       0       1       0                               0D   2422
     120    1403       0       0       0       0       0       001010001D   2423
     120       0   -1985       1       0                               0D   2424
     124    1404       0       0       0       0       0       001020001D   2425
     124       0       0       2       0                               0D   2426
     100    1406       0       0       0       0    2425       001010001D   2427
     100       0       0       1       0                               0D   2428
     110    1407       0       0       0       0       0       001010001D   2429
     110       0       0       2       0                               0D   2430
     124    1409       0       0       0       0       0       001020001D   2431
     124       0       0       2       0                               0D   2432
     100    1411       0       0       0       0    2431       001010001D   2433
     100       0       0       1       0                               0D   2434
     110    1412       0       0       0       0       0       001010001D   2435
     110       0       0       1       0                               0D   2436
     102    1413       0       0       0       0       0       001010001D   2437
     102       0       0       1       0                               0D   2438
     142    1414       0       0       0       0       0       001010001D   2439
     142       0       0       1       0                               0D   2440
     144    1415       0       0   10000       0       0       000010000D   2441
     144       0   -1985       1       0                PartBody       0D   2442
     108    1416       0       0       0       0       0       001010001D   2443
     108       0   -1985       2       0                               0D   2444
     110    1418       0       0       0       0       0       001010001D   2445
     110       0       0       1       0                               0D   2446
     110    1419       0       0       0       0       0       001010001D   2447
     110       0       0       1       0                               0D   2448
     110    1420       0       0       0       0       0       001010001D   2449
     110       0       0       2       0                               0D   2450
     110    1422       0       0       0       0       0       001010001D   2451
     110       0       0       1       0                               0D   2452
     102    1423       0       0       0       0       0       001010001D   2453
     102       0       0       1       0                               0D   2454
     142    1424       0       0       0       0       0       001010001D   2455
     142       0       0       1       0                               0D   2456
     144    1425       0       0   10000       0       0       000010000D   2457
     144       0   -1985       1       0                PartBody       0D   2458
     110    1426       0       0       0       0       0       001010001D   2459
     110       0       0       2       0                               0D   2460
     110    1428       0       0       0       0       0       001010001D   2461
     110       0       0       1       0                               0D   2462
     120    1429       0       0       0       0       0       001010001D   2463
     120       0   -1985       1       0                               0D   2464
     110    1430       0       0       0       0       0       001010001D   2465
     110       0       0       2       0                               0D   2466
     124    1432       0       0       0       0       0       001020001D   2467
     124       0       0       2       0                               0D   2468
     100    1434       0       0       0       0    2467       001010001D   2469
     100       0       0       1       0                               0D   2470
     110    1435       0       0       0       0       0       001010001D   2471
     110       0       0       1       0                               0D   2472
     124    1436       0       0       0       0       0       001020001D   2473
     124       0       0       2       0                               0D   2474
     100    1438       0       0       0       0    2473       001010001D   2475
     100       0       0       1       0                               0D   2476
     102    1439       0       0       0       0       0       001010001D   2477
     102       0       0       1       0                               0D   2478
     142    1440       0       0       0       0       0       001010001D   2479
     142       0       0       1       0                               0D   2480
     144    1441       0       0   10000       0       0       000010000D   2481
     144       0   -1985       1       0                PartBody       0D   2482
     108    1442       0       0       0       0       0       001010001D   2483
     108       0   -1985       2       0                               0D   2484
     110    1444       0       0       0       0       0       001010001D   2485
     110       0       0       2       0                               0D   2486
     110    1446       0       0       0       0       0       001010001D   2487
     110       0       0       1       0                               0D   2488
     110    1447       0       0       0       0       0       001010001D   2489
     110       0       0       2       0                               0D   2490
     110    1449       0       0       0       0       0       001010001D   2491
     110       0       0       2       0                               0D   2492
     102    1451       0       0       0       0       0       001010001D   2493
     102       0       0       1       0                               0D   2494
     142    1452       0       0       0       0       0       001010001D   2495
     142       0       0       1       0                               0D   2496
     144    1453       0       0   10000       0       0       000010000D   2497
     144       0   -1985       1       0                PartBody       0D   2498
     110    1454       0       0       0       0       0       001010001D   2499
     110       0       0       2       0                               0D   2500
     110    1456       0       0       0       0       0       001010001D   2501
     110       0       0       2       0                               0D   2502
     120    1458       0       0       0       0       0       001010001D   2503
     120       0   -1985       1       0                               0D   2504
     110    1459       0       0       0       0       0       001010001D   2505
     110       0       0       2       0                               0D   2506
     124    1461       0       0       0       0       0       001020001D   2507
     124       0       0       2       0                               0D   2508
     100    1463       0       0       0       0    2507       001010001D   2509
     100       0       0       1       0                               0D   2510
     110    1464       0       0       0       0       0       001010001D   2511
     110       0       0       2       0                               0D   2512
     124    1466       0       0       0       0       0       001020001D   2513
     124       0       0       2       0                               0D   2514
     100    1468       0       0       0       0    2513       001010001D   2515
     100       0       0       1       0                               0D   2516
     102    1469       0       0       0       0       0       001010001D   2517
     102       0       0       1       0                               0D   2518
     142    1470       0       0       0       0       0       001010001D   2519
     142       0       0       1       0                               0D   2520
     144    1471       0       0   10000       0       0       000010000D   2521
     144       0   -1985       1       0                PartBody       0D   2522
     108    1472       0       0       0       0       0       001010001D   2523
     108       0   -1985       2       0                               0D   2524
     110    1474       0       0       0       0       0       001010001D   2525
     110       0       0       1       0                               0D   2526
     110    1475       0       0       0       0       0       001010001D   2527
     110       0       0       1       0                               0D   2528
     110    1476       0       0       0       0       0       001010001D   2529
     110       0       0       2       0                               0D   2530
     110    1478       0       0       0       0       0       001010001D   2531
     110       0       0       1       0                               0D   2532
     102    1479       0       0       0       0       0       001010001D   2533
     102       0       0       1       0                               0D   2534
     142    1480       0       0       0       0       0       001010001D   2535
     142       0       0       1       0                               0D   2536
     144    1481       0       0   10000       0       0       000010000D   2537
     144       0   -1985       1       0                PartBody       0D   2538
     110    1482       0       0       0       0       0       001010001D   2539
     110       0       0       2       0                               0D   2540
     110    1484       0       0       0       0       0       001010001D   2541
     110       0       0       1       0                               0D   2542
     120    1485       0       0       0       0       0       001010001D   2543
     120       0   -1985       1       0                               0D   2544
     110    1486       0       0       0       0       0       001010001D   2545
     110       0       0       2       0                               0D   2546
     124    1488       0       0       0       0       0       001020001D   2547
     124       0       0       2       0                               0D   2548
     100    1490       0       0       0       0    2547       001010001D   2549
     100       0       0       1       0                               0D   2550
     110    1491       0       0       0       0       0       001010001D   2551
     110       0       0       1       0                               0D   2552
     124    1492       0       0       0       0       0       001020001D   2553
     124       0       0       2       0                               0D   2554
     100    1494       0       0       0       0    2553       001010001D   2555
     100       0       0       1       0                               0D   2556
     102    1495       0       0       0       0       0       001010001D   2557
     102       0       0       1       0                               0D   2558
     142    1496       0       0       0       0       0       001010001D   2559
     142       0       0       1       0                               0D   2560
     144    1497       0       0   10000       0       0       000010000D   2561
     144       0   -1985       1       0                PartBody       0D   2562
     108    1498       0       0       0       0       0       001010001D   2563
     108       0   -1985       2       0                               0D   2564
     110    1500       0       0       0       0       0       001010001D   2565
     110       0       0       2       0                               0D   2566
     110    1502       0       0       0       0       0       001010001D   2567
     110       0       0       1       0                               0D   2568
     110    1503       0       0       0       0       0       001010001D   2569
     110       0       0       2       0                               0D   2570
     110    1505       0       0       0       0       0       001010001D   2571
     110       0       0       2       0                               0D   2572
     102    1507       0       0       0       0       0       001010001D   2573
     102       0       0       1       0                               0D   2574
     142    1508       0       0       0       0       0       001010001D   2575
     142       0       0       1       0                               0D   2576
     144    1509       0       0   10000       0       0       000010000D   2577
     144       0   -1985       1       0                PartBody       0D   2578
     110    1510       0       0       0       0       0       001010001D   2579
     110       0       0       2       0                               0D   2580
     110    1512       0       0       0       0       0       001010001D   2581
     110       0       0       2       0                               0D   2582
     120    1514       0       0       0       0       0       001010001D   2583
     120       0   -1985       1       0                               0D   2584
     110    1515       0       0       0       0       0       001010001D   2585
     110       0       0       2       0                               0D   2586
     124    1517       0       0       0       0       0       001020001D   2587
     124       0       0       2       0                               0D   2588
     100    1519       0       0       0       0    2587       001010001D   2589
     100       0       0       1       0                               0D   2590
     110    1520       0       0       0       0       0       001010001D   2591
     110       0       0       2       0                               0D   2592
     124    1522       0       0       0       0       0       001020001D   2593
     124       0       0       2       0                               0D   2594
     100    1524       0       0       0       0    2593       001010001D   2595
     100       0       0       1       0                               0D   2596
     102    1525       0       0       0       0       0       001010001D   2597
     102       0       0       1       0                               0D   2598
     142    1526       0       0       0       0       0       001010001D   2599
     142       0       0       1       0                               0D   2600
     144    1527       0       0   10000       0       0       000010000D   2601
     144       0   -1985       1       0                PartBody       0D   2602
     108    1528       0       0       0       0       0       001010001D   2603
     108       0   -1985       2       0                               0D   2604
     110    1530       0       0       0       0       0       001010001D   2605
     110       0       0       1       0                               0D   2606
     110    1531       0       0       0       0       0       001010001D   2607
     110       0       0       1       0                               0D   2608
     110    1532       0       0       0       0       0       001010001D   2609
     110       0       0       1       0                               0D   2610
     110    1533       0       0       0       0       0       001010001D   2611
     110       0       0       1       0                               0D   2612
     102    1534       0       0       0       0       0       001010001D   2613
     102       0       0       1       0                               0D   2614
     142    1535       0       0       0       0       0       001010001D   2615
     142       0       0       1       0                               0D   2616
     144    1536       0       0   10000       0       0       000010000D   2617
     144       0   -1985       1       0                PartBody       0D   2618
     110    1537       0       0       0       0       0       001010001D   2619
     110       0       0       2       0                               0D   2620
     110    1539       0       0       0       0       0       001010001D   2621
     110       0       0       1       0                               0D   2622
     120    1540       0       0       0       0       0       001010001D   2623
     120       0   -1985       1       0                               0D   2624
     110    1541       0       0       0       0       0       001010001D   2625
     110       0       0       1       0                               0D   2626
     124    1542       0       0       0       0       0       001020001D   2627
     124       0       0       2       0                               0D   2628
     100    1544       0       0       0       0    2627       001010001D   2629
     100       0       0       1       0                               0D   2630
     110    1545       0       0       0       0       0       001010001D   2631
     110       0       0       1       0                               0D   2632
     124    1546       0       0       0       0       0       001020001D   2633
     124       0       0       2       0                               0D   2634
     100    1548       0       0       0       0    2633       001010001D   2635
     100       0       0       1       0                               0D   2636
     102    1549       0       0       0       0       0       001010001D   2637
     102       0       0       1       0                               0D   2638
     142    1550       0       0       0       0       0       001010001D   2639
     142       0       0       1       0                               0D   2640
     144    1551       0       0   10000       0       0       000010000D   2641
     144       0   -1985       1       0                PartBody       0D   2642
     108    1552       0       0       0       0       0       001010001D   2643
     108       0   -1985       2       0                               0D   2644
     110    1554       0       0       0       0       0       001010001D   2645
     110       0       0       1       0                               0D   2646
     110    1555       0       0       0       0       0       001010001D   2647
     110       0       0       1       0                               0D   2648
     110    1556       0       0       0       0       0       001010001D   2649
     110       0       0       1       0                               0D   2650
     110    1557       0       0       0       0       0       001010001D   2651
     110       0       0       1       0                               0D   2652
     102    1558       0       0       0       0       0       001010001D   2653
     102       0       0       1       0                               0D   2654
     142    1559       0       0       0       0       0       001010001D   2655
     142       0       0       1       0                               0D   2656
     144    1560       0       0   10000       0       0       000010000D   2657
     144       0   -1985       1       0                PartBody       0D   2658
     110    1561       0       0       0       0       0       001010001D   2659
     110       0       0       1       0                               0D   2660
     110    1562       0       0       0       0       0       001010001D   2661
     110       0       0       1       0                               0D   2662
     120    1563       0       0       0       0       0       001010001D   2663
     120       0   -1985       1       0                               0D   2664
     110    1564       0       0       0       0       0       001010001D   2665
     110       0       0       1       0                               0D   2666
     124    1565       0       0       0       0       0       001020001D   2667
     124       0       0       2       0                               0D   2668
     100    1567       0       0       0       0    2667       001010001D   2669
     100       0       0       1       0                               0D   2670
     110    1568       0       0       0       0       0       001010001D   2671
     110       0       0       1       0                               0D   2672
     124    1569       0       0       0       0       0       001020001D   2673
     124       0       0       2       0                               0D   2674
     100    1571       0       0       0       0    2673       001010001D   2675
     100       0       0       1       0                               0D   2676
     102    1572       0       0       0       0       0       001010001D   2677
     102       0       0       1       0                               0D   2678
     142    1573       0       0       0       0       0       001010001D   2679
     142       0       0       1       0                               0D   2680
     144    1574       0       0   10000       0       0       000010000D   2681
     144       0   -1985       1       0                PartBody       0D   2682
     108    1575       0       0       0       0       0       001010001D   2683
     108       0   -1985       2       0                               0D   2684
     110    1577       0       0       0       0       0       001010001D   2685
     110       0       0       1       0                               0D   2686
     110    1578       0       0       0       0       0       001010001D   2687
     110       0       0       1       0                               0D   2688
     110    1579       0       0       0       0       0       001010001D   2689
     110       0       0       2       0                               0D   2690
     110    1581       0       0       0       0       0       001010001D   2691
     110       0       0       1       0                               0D   2692
     102    1582       0       0       0       0       0       001010001D   2693
     102       0       0       1       0                               0D   2694
     142    1583       0       0       0       0       0       001010001D   2695
     142       0       0       1       0                               0D   2696
     144    1584       0       0   10000       0       0       000010000D   2697
     144       0   -1985       1       0                PartBody       0D   2698
     110    1585       0       0       0       0       0       001010001D   2699
     110       0       0       2       0                               0D   2700
     110    1587       0       0       0       0       0       001010001D   2701
     110       0       0       1       0                               0D   2702
     120    1588       0       0       0       0       0       001010001D   2703
     120       0   -1985       1       0                               0D   2704
     110    1589       0       0       0       0       0       001010001D   2705
     110       0       0       2       0                               0D   2706
     124    1591       0       0       0       0       0       001020001D   2707
     124       0       0       2       0                               0D   2708
     100    1593       0       0       0       0    2707       001010001D   2709
     100       0       0       1       0                               0D   2710
     110    1594       0       0       0       0       0       001010001D   2711
     110       0       0       1       0                               0D   2712
     124    1595       0       0       0       0       0       001020001D   2713
     124       0       0       2       0                               0D   2714
     100    1597       0       0       0       0    2713       001010001D   2715
     100       0       0       1       0                               0D   2716
     102    1598       0       0       0       0       0       001010001D   2717
     102       0       0       1       0                               0D   2718
     142    1599       0       0       0       0       0       001010001D   2719
     142       0       0       1       0                               0D   2720
     144    1600       0       0   10000       0       0       000010000D   2721
     144       0   -1985       1       0                PartBody       0D   2722
     108    1601       0       0       0       0       0       001010001D   2723
     108       0   -1985       2       0                               0D   2724
     110    1603       0       0       0       0       0       001010001D   2725
     110       0       0       2       0                               0D   2726
     110    1605       0       0       0       0       0       001010001D   2727
     110       0       0       1       0                               0D   2728
     110    1606       0       0       0       0       0       001010001D   2729
     110       0       0       2       0                               0D   2730
     110    1608       0       0       0       0       0       001010001D   2731
     110       0       0       2       0                               0D   2732
     102    1610       0       0       0       0       0       001010001D   2733
     102       0       0       1       0                               0D   2734
     142    1611       0       0       0       0       0       001010001D   2735
     142       0       0       1       0                               0D   2736
     144    1612       0       0   10000       0       0       000010000D   2737
     144       0   -1985       1       0                PartBody       0D   2738
     110    1613       0       0       0       0       0       001010001D   2739
     110       0       0       2       0                               0D   2740
     110    1615       0       0       0       0       0       001010001D   2741
     110       0       0       2       0                               0D   2742
     120    1617       0       0       0       0       0       001010001D   2743
     120       0   -1985       1       0                               0D   2744
     110    1618       0       0       0       0       0       001010001D   2745
     110       0       0       2       0                               0D   2746
     124    1620       0       0       0       0       0       001020001D   2747
     124       0       0       2       0                               0D   2748
     100    1622       0       0       0       0    2747       001010001D   2749
     100       0       0       1       0                               0D   2750
     110    1623       0       0       0       0       0       001010001D   2751
     110       0       0       2       0                               0D   2752
     124    1625       0       0       0       0       0       001020001D   2753
     124       0       0       2       0                               0D   2754
     100    1627       0       0       0       0    2753       001010001D   2755
     100       0       0       1       0                               0D   2756
     102    1628       0       0       0       0       0       001010001D   2757
     102       0       0       1       0                               0D   2758
     142    1629       0       0       0       0       0       001010001D   2759
     142       0       0       1       0                               0D   2760
     144    1630       0       0   10000       0       0       000010000D   2761
     144       0   -1985       1       0                PartBody       0D   2762
     108    1631       0       0       0       0       0       001010001D   2763
     108       0   -1985       2       0                               0D   2764
     110    1633       0       0       0       0       0       001010001D   2765
     110       0       0       1       0                               0D   2766
     110    1634       0       0       0       0       0       001010001D   2767
     110       0       0       1       0                               0D   2768
     110    1635       0       0       0       0       0       001010001D   2769
     110       0       0       2       0                               0D   2770
     110    1637       0       0       0       0       0       001010001D   2771
     110       0       0       1       0                               0D   2772
     102    1638       0       0       0       0       0       001010001D   2773
     102       0       0       1       0                               0D   2774
     142    1639       0       0       0       0       0       001010001D   2775
     142       0       0       1       0                               0D   2776
     144    1640       0       0   10000       0       0       000010000D   2777
     144       0   -1985       1       0                PartBody       0D   2778
     110    1641       0       0       0       0       0       001010001D   2779
     110       0       0       2       0                               0D   2780
     110    1643       0       0       0       0       0       001010001D   2781
     110       0       0       1       0                               0D   2782
     120    1644       0       0       0       0       0       001010001D   2783
     120       0   -1985       1       0                               0D   2784
     110    1645       0       0       0       0       0       001010001D   2785
     110       0       0       2       0                               0D   2786
     124    1647       0       0       0       0       0       001020001D   2787
     124       0       0       2       0                               0D   2788
     100    1649       0       0       0       0    2787       001010001D   2789
     100       0       0       1       0                               0D   2790
     110    1650       0       0       0       0       0       001010001D   2791
     110       0       0       1       0                               0D   2792
     124    1651       0       0       0       0       0       001020001D   2793
     124       0       0       2       0                               0D   2794
     100    1653       0       0       0       0    2793       001010001D   2795
     100       0       0       1       0                               0D   2796
     102    1654       0       0       0       0       0       001010001D   2797
     102       0       0       1       0                               0D   2798
     142    1655       0       0       0       0       0       001010001D   2799
     142       0       0       1       0                               0D   2800
     144    1656       0       0   10000       0       0       000010000D   2801
     144       0   -1985       1       0                PartBody       0D   2802
     108    1657       0       0       0       0       0       001010001D   2803
     108       0   -1985       2       0                               0D   2804
     110    1659       0       0       0       0       0       001010001D   2805
     110       0       0       2       0                               0D   2806
     110    1661       0       0       0       0       0       001010001D   2807
     110       0       0       1       0                               0D   2808
     110    1662       0       0       0       0       0       001010001D   2809
     110       0       0       2       0                               0D   2810
     110    1664       0       0       0       0       0       001010001D   2811
     110       0       0       2       0                               0D   2812
     102    1666       0       0       0       0       0       001010001D   2813
     102       0       0       1       0                               0D   2814
     142    1667       0       0       0       0       0       001010001D   2815
     142       0       0       1       0                               0D   2816
     144    1668       0       0   10000       0       0       000010000D   2817
     144       0   -1985       1       0                PartBody       0D   2818
     110    1669       0       0       0       0       0       001010001D   2819
     110       0       0       2       0                               0D   2820
     110    1671       0       0       0       0       0       001010001D   2821
     110       0       0       2       0                               0D   2822
     120    1673       0       0       0       0       0       001010001D   2823
     120       0   -1985       1       0                               0D   2824
     110    1674       0       0       0       0       0       001010001D   2825
     110       0       0       2       0                               0D   2826
     124    1676       0       0       0       0       0       001020001D   2827
     124       0       0       2       0                               0D   2828
     100    1678       0       0       0       0    2827       001010001D   2829
     100       0       0       1       0                               0D   2830
     110    1679       0       0       0       0       0       001010001D   2831
     110       0       0       2       0                               0D   2832
     124    1681       0       0       0       0       0       001020001D   2833
     124       0       0       2       0                               0D   2834
     100    1683       0       0       0       0    2833       001010001D   2835
     100       0       0       1       0                               0D   2836
     102    1684       0       0       0       0       0       001010001D   2837
     102       0       0       1       0                               0D   2838
     142    1685       0       0       0       0       0       001010001D   2839
     142       0       0       1       0                               0D   2840
     144    1686       0       0   10000       0       0       000010000D   2841
     144       0   -1985       1       0                PartBody       0D   2842
     108    1687       0       0       0       0       0       001010001D   2843
     108       0   -1985       2       0                               0D   2844
     110    1689       0       0       0       0       0       001010001D   2845
     110       0       0       1       0                               0D   2846
     110    1690       0       0       0       0       0       001010001D   2847
     110       0       0       1       0                               0D   2848
     110    1691       0       0       0       0       0       001010001D   2849
     110       0       0       2       0                               0D   2850
     110    1693       0       0       0       0       0       001010001D   2851
     110       0       0       1       0                               0D   2852
     102    1694       0       0       0       0       0       001010001D   2853
     102       0       0       1       0                               0D   2854
     142    1695       0       0       0       0       0       001010001D   2855
     142       0       0       1       0                               0D   2856
     144    1696       0       0   10000       0       0       000010000D   2857
     144       0   -1985       1       0                PartBody       0D   2858
     110    1697       0       0       0       0       0       001010001D   2859
     110       0       0       2       0                               0D   2860
     110    1699       0       0       0       0       0       001010001D   2861
     110       0       0       1       0                               0D   2862
     120    1700       0       0       0       0       0       001010001D   2863
     120       0   -1985       1       0                               0D   2864
     110    1701       0       0       0       0       0       001010001D   2865
     110       0       0       2       0                               0D   2866
     124    1703       0       0       0       0       0       001020001D   2867
     124       0       0       2       0                               0D   2868
     100    1705       0       0       0       0    2867       001010001D   2869
     100       0       0       1       0                               0D   2870
     110    1706       0       0       0       0       0       001010001D   2871
     110       0       0       1       0                               0D   2872
     124    1707       0       0       0       0       0       001020001D   2873
     124       0       0       2       0                               0D   2874
     100    1709       0       0       0       0    2873       001010001D   2875
     100       0       0       1       0                               0D   2876
     102    1710       0       0       0       0       0       001010001D   2877
     102       0       0       1       0                               0D   2878
     142    1711       0       0       0       0       0       001010001D   2879
     142       0       0       1       0                               0D   2880
     144    1712       0       0   10000       0       0       000010000D   2881
     144       0   -1985       1       0                PartBody       0D   2882
     108    1713       0       0       0       0       0       001010001D   2883
     108       0   -1985       2       0                               0D   2884
     110    1715       0       0       0       0       0       001010001D   2885
     110       0       0       2       0                               0D   2886
     110    1717       0       0       0       0       0       001010001D   2887
     110       0       0       1       0                               0D   2888
     110    1718       0       0       0       0       0       001010001D   2889
     110       0       0       2       0                               0D   2890
     110    1720       0       0       0       0       0       001010001D   2891
     110       0       0       2       0                               0D   2892
     102    1722       0       0       0       0       0       001010001D   2893
     102       0       0       1       0                               0D   2894
     142    1723       0       0       0       0       0       001010001D   2895
     142       0       0       1       0                               0D   2896
     144    1724       0       0   10000       0       0       000010000D   2897
     144       0   -1985       1       0                PartBody       0D   2898
     110    1725       0       0       0       0       0       001010001D   2899
     110       0       0       2       0                               0D   2900
     110    1727       0       0       0       0       0       001010001D   2901
     110       0       0       2       0                               0D   2902
     120    1729       0       0       0       0       0       001010001D   2903
     120       0   -1985       1       0                               0D   2904
     110    1730       0       0       0       0       0       001010001D   2905
     110       0       0       2       0                               0D   2906
     124    1732       0       0       0       0       0       001020001D   2907
     124       0       0       2       0                               0D   2908
     100    1734       0       0       0       0    2907       001010001D   2909
     100       0       0       1       0                               0D   2910
     110    1735       0       0       0       0       0       001010001D   2911
     110       0       0       2       0                               0D   2912
     124    1737       0       0       0       0       0       001020001D   2913
     124       0       0       2       0                               0D   2914
     100    1739       0       0       0       0    2913       001010001D   2915
     100       0       0       1       0                               0D   2916
     102    1740       0       0       0       0       0       001010001D   2917
     102       0       0       1       0                               0D   2918
     142    1741       0       0       0       0       0       001010001D   2919
     142       0       0       1       0                               0D   2920
     144    1742       0       0   10000       0       0       000010000D   2921
     144       0   -1985       1       0                PartBody       0D   2922
     108    1743       0       0       0       0       0       001010001D   2923
     108       0   -1985       1       0                               0D   2924
     110    1744       0       0       0       0       0       001010001D   2925
     110       0       0       1       0                               0D   2926
     110    1745       0       0       0       0       0       001010001D   2927
     110       0       0       1       0                               0D   2928
     110    1746       0       0       0       0       0       001010001D   2929
     110       0       0       1       0                               0D   2930
     110    1747       0       0       0       0       0       001010001D   2931
     110       0       0       1       0                               0D   2932
     102    1748       0       0       0       0       0       001010001D   2933
     102       0       0       1       0                               0D   2934
     142    1749       0       0       0       0       0       001010001D   2935
     142       0       0       1       0                               0D   2936
     144    1750       0       0   10000       0       0       000010000D   2937
     144       0   -1985       1       0                PartBody       0D   2938
     110    1751       0       0       0       0       0       001010001D   2939
     110       0       0       1       0                               0D   2940
     110    1752       0       0       0       0       0       001010001D   2941
     110       0       0       1       0                               0D   2942
     120    1753       0       0       0       0       0       001010001D   2943
     120       0   -1985       1       0                               0D   2944
     110    1754       0       0       0       0       0       001010001D   2945
     110       0       0       1       0                               0D   2946
     124    1755       0       0       0       0       0       001020001D   2947
     124       0       0       1       0                               0D   2948
     100    1756       0       0       0       0    2947       001010001D   2949
     100       0       0       1       0                               0D   2950
     110    1757       0       0       0       0       0       001010001D   2951
     110       0       0       1       0                               0D   2952
     124    1758       0       0       0       0       0       001020001D   2953
     124       0       0       1       0                               0D   2954
     100    1759       0       0       0       0    2953       001010001D   2955
     100       0       0       1       0                               0D   2956
     102    1760       0       0       0       0       0       001010001D   2957
     102       0       0       1       0                               0D   2958
     142    1761       0       0       0       0       0       001010001D   2959
     142       0       0       1       0                               0D   2960
     144    1762       0       0   10000       0       0       000010000D   2961
     144       0   -1985       1       0                PartBody       0D   2962
     108    1763       0       0       0       0       0       001010001D   2963
     108       0   -1985       1       0                               0D   2964
     110    1764       0       0       0       0       0       001010001D   2965
     110       0       0       1       0                               0D   2966
     110    1765       0       0       0       0       0       001010001D   2967
     110       0       0       1       0                               0D   2968
     110    1766       0       0       0       0       0       001010001D   2969
     110       0       0       1       0                               0D   2970
     110    1767       0       0       0       0       0       001010001D   2971
     110       0       0       1       0                               0D   2972
     102    1768       0       0       0       0       0       001010001D   2973
     102       0       0       1       0                               0D   2974
     142    1769       0       0       0       0       0       001010001D   2975
     142       0       0       1       0                               0D   2976
     144    1770       0       0   10000       0       0       000010000D   2977
     144       0   -1985       1       0                PartBody       0D   2978
     110    1771       0       0       0       0       0       001010001D   2979
     110       0       0       1       0                               0D   2980
     110    1772       0       0       0       0       0       001010001D   2981
     110       0       0       1       0                               0D   2982
     120    1773       0       0       0       0       0       001010001D   2983
     120       0   -1985       1       0                               0D   2984
     110    1774       0       0       0       0       0       001010001D   2985
     110       0       0       1       0                               0D   2986
     124    1775       0       0       0       0       0       001020001D   2987
     124       0       0       1       0                               0D   2988
     100    1776       0       0       0       0    2987       001010001D   2989
     100       0       0       1       0                               0D   2990
     110    1777       0       0       0       0       0       001010001D   2991
     110       0       0       1       0                               0D   2992
     124    1778       0       0       0       0       0       001020001D   2993
     124       0       0       1       0                               0D   2994
     100    1779       0       0       0       0    2993       001010001D   2995
     100       0       0       1       0                               0D   2996
     102    1780       0       0       0       0       0       001010001D   2997
     102       0       0       1       0                               0D   2998
     142    1781       0       0       0       0       0       001010001D   2999
     142       0       0       1       0                               0D   3000
     144    1782       0       0   10000       0       0       000010000D   3001
     144       0   -1985       1       0                PartBody       0D   3002
     110    1783       0       0       0       0       0       001010001D   3003
     110       0       0       1       0                               0D   3004
     110    1784       0       0       0       0       0       001010001D   3005
     110       0       0       1       0                               0D   3006
     120    1785       0       0       0       0       0       001010001D   3007
     120       0   -1985       1       0                               0D   3008
     124    1786       0       0       0       0       0       001020001D   3009
     124       0       0       1       0                               0D   3010
     100    1787       0       0       0       0    3009       001010001D   3011
     100       0       0       1       0                               0D   3012
     110    1788       0       0       0       0       0       001010001D   3013
     110       0       0       1       0                               0D   3014
     124    1789       0       0       0       0       0       001020001D   3015
     124       0       0       1       0                               0D   3016
     100    1790       0       0       0       0    3015       001010001D   3017
     100       0       0       1       0                               0D   3018
     110    1791       0       0       0       0       0       001010001D   3019
     110       0       0       1       0                               0D   3020
     102    1792       0       0       0       0       0       001010001D   3021
     102       0       0       1       0                               0D   3022
     142    1793       0       0       0       0       0       001010001D   3023
     142       0       0       1       0                               0D   3024
     144    1794       0       0   10000       0       0       000010000D   3025
     144       0   -1985       1       0                PartBody       0D   3026
     108    1795       0       0       0       0       0       001010001D   3027
     108       0   -1985       1       0                               0D   3028
     110    1796       0       0       0       0       0       001010001D   3029
     110       0       0       1       0                               0D   3030
     110    1797       0       0       0       0       0       001010001D   3031
     110       0       0       1       0                               0D   3032
     110    1798       0       0       0       0       0       001010001D   3033
     110       0       0       1       0                               0D   3034
     110    1799       0       0       0       0       0       001010001D   3035
     110       0       0       1       0                               0D   3036
     102    1800       0       0       0       0       0       001010001D   3037
     102       0       0       1       0                               0D   3038
     142    1801       0       0       0       0       0       001010001D   3039
     142       0       0       1       0                               0D   3040
     144    1802       0       0   10000       0       0       000010000D   3041
     144       0   -1985       1       0                PartBody       0D   3042
     110    1803       0       0       0       0       0       001010001D   3043
     110       0       0       1       0                               0D   3044
     110    1804       0       0       0       0       0       001010001D   3045
     110       0       0       1       0                               0D   3046
     120    1805       0       0       0       0       0       001010001D   3047
     120       0   -1985       1       0                               0D   3048
     124    1806       0       0       0       0       0       001020001D   3049
     124       0       0       1       0                               0D   3050
     100    1807       0       0       0       0    3049       001010001D   3051
     100       0       0       1       0                               0D   3052
     110    1808       0       0       0       0       0       001010001D   3053
     110       0       0       1       0                               0D   3054
     124    1809       0       0       0       0       0       001020001D   3055
     124       0       0       1       0                               0D   3056
     100    1810       0       0       0       0    3055       001010001D   3057
     100       0       0       1       0                               0D   3058
     110    1811       0       0       0       0       0       001010001D   3059
     110       0       0       1       0                               0D   3060
     102    1812       0       0       0       0       0       001010001D   3061
     102       0       0       1       0                               0D   3062
     142    1813       0       0       0       0       0       001010001D   3063
     142       0       0       1       0                               0D   3064
     144    1814       0       0   10000       0       0       000010000D   3065
     144       0   -1985       1       0                PartBody       0D   3066
     108    1815       0       0       0       0       0       001010001D   3067
     108       0   -1985       1       0                               0D   3068
     110    1816       0       0       0       0       0       001010001D   3069
     110       0       0       1       0                               0D   3070
     110    1817       0       0       0       0       0       001010001D   3071
     110       0       0       1       0                               0D   3072
     110    1818       0       0       0       0       0       001010001D   3073
     110       0       0       1       0                               0D   3074
     110    1819       0       0       0       0       0       001010001D   3075
     110       0       0       1       0                               0D   3076
     102    1820       0       0       0       0       0       001010001D   3077
     102       0       0       1       0                               0D   3078
     142    1821       0       0       0       0       0       001010001D   3079
     142       0       0       1       0                               0D   3080
     144    1822       0       0   10000       0       0       000010000D   3081
     144       0   -1985       1       0                PartBody       0D   3082
     110    1823       0       0       0       0       0       001010001D   3083
     110       0       0       1       0                               0D   3084
     110    1824       0       0       0       0       0       001010001D   3085
     110       0       0       1       0                               0D   3086
     120    1825       0       0       0       0       0       001010001D   3087
     120       0    -563       1       0                               0D   3088
     124    1826       0       0       0       0       0       001020001D   3089
     124       0       0       1       0                               0D   3090
     100    1827       0       0       0       0    3089       001010001D   3091
     100       0       0       1       0                               0D   3092
     110    1828       0       0       0       0       0       001010001D   3093
     110       0       0       1       0                               0D   3094
     124    1829       0       0       0       0       0       001020001D   3095
     124       0       0       1       0                               0D   3096
     100    1830       0       0       0       0    3095       001010001D   3097
     100       0       0       1       0                               0D   3098
     110    1831       0       0       0       0       0       001010001D   3099
     110       0       0       1       0                               0D   3100
     102    1832       0       0       0       0       0       001010001D   3101
     102       0       0       1       0                               0D   3102
     142    1833       0       0       0       0       0       001010001D   3103
     142       0       0       1       0                               0D   3104
     144    1834       0       0   10000       0       0       000010000D   3105
     144       0    -563       1       0                PartBody       0D   3106
     110    1835       0       0       0       0       0       001010001D   3107
     110       0       0       1       0                               0D   3108
     110    1836       0       0       0       0       0       001010001D   3109
     110       0       0       1       0                               0D   3110
     120    1837       0       0       0       0       0       001010001D   3111
     120       0    -563       1       0                               0D   3112
     124    1838       0       0       0       0       0       001020001D   3113
     124       0       0       1       0                               0D   3114
     100    1839       0       0       0       0    3113       001010001D   3115
     100       0       0       1       0                               0D   3116
     110    1840       0       0       0       0       0       001010001D   3117
     110       0       0       1       0                               0D   3118
     124    1841       0       0       0       0       0       001020001D   3119
     124       0       0       1       0                               0D   3120
     100    1842       0       0       0       0    3119       001010001D   3121
     100       0       0       1       0                               0D   3122
     110    1843       0       0       0       0       0       001010001D   3123
     110       0       0       1       0                               0D   3124
     102    1844       0       0       0       0       0       001010001D   3125
     102       0       0       1       0                               0D   3126
     142    1845       0       0       0       0       0       001010001D   3127
     142       0       0       1       0                               0D   3128
     144    1846       0       0   10000       0       0       000010000D   3129
     144       0    -563       1       0                PartBody       0D   3130
     110    1847       0       0       0       0       0       001010001D   3131
     110       0       0       1       0                               0D   3132
     110    1848       0       0       0       0       0       001010001D   3133
     110       0       0       1       0                               0D   3134
     120    1849       0       0       0       0       0       001010001D   3135
     120       0   -1985       1       0                               0D   3136
     124    1850       0       0       0       0       0       001020001D   3137
     124       0       0       1       0                               0D   3138
     100    1851       0       0       0       0    3137       001010001D   3139
     100       0       0       1       0                               0D   3140
     110    1852       0       0       0       0       0       001010001D   3141
     110       0       0       1       0                               0D   3142
     124    1853       0       0       0       0       0       001020001D   3143
     124       0       0       1       0                               0D   3144
     100    1854       0       0       0       0    3143       001010001D   3145
     100       0       0       1       0                               0D   3146
     110    1855       0       0       0       0       0       001010001D   3147
     110       0       0       1       0                               0D   3148
     102    1856       0       0       0       0       0       001010001D   3149
     102       0       0       1       0                               0D   3150
     142    1857       0       0       0       0       0       001010001D   3151
     142       0       0       1       0                               0D   3152
     144    1858       0       0   10000       0       0       000010000D   3153
     144       0   -1985       1       0                PartBody       0D   3154
     110    1859       0       0       0       0       0       001010001D   3155
     110       0       0       1       0                               0D   3156
     110    1860       0       0       0       0       0       001010001D   3157
     110       0       0       1       0                               0D   3158
     120    1861       0       0       0       0       0       001010001D   3159
     120       0   -1985       1       0                               0D   3160
     124    1862       0       0       0       0       0       001020001D   3161
     124       0       0       1       0                               0D   3162
     100    1863       0       0       0       0    3161       001010001D   3163
     100       0       0       1       0                               0D   3164
     110    1864       0       0       0       0       0       001010001D   3165
     110       0       0       1       0                               0D   3166
     124    1865       0       0       0       0       0       001020001D   3167
     124       0       0       1       0                               0D   3168
     100    1866       0       0       0       0    3167       001010001D   3169
     100       0       0       1       0                               0D   3170
     110    1867       0       0       0       0       0       001010001D   3171
     110       0       0       1       0                               0D   3172
     102    1868       0       0       0       0       0       001010001D   3173
     102       0       0       1       0                               0D   3174
     142    1869       0       0       0       0       0       001010001D   3175
     142       0       0       1       0                               0D   3176
     144    1870       0       0   10000       0       0       000010000D   3177
     144       0   -1985       1       0                PartBody       0D   3178
     110    1871       0       0       0       0       0       001010001D   3179
     110       0       0       1       0                               0D   3180
     110    1872       0       0       0       0       0       001010001D   3181
     110       0       0       1       0                               0D   3182
     120    1873       0       0       0       0       0       001010001D   3183
     120       0    -563       1       0                               0D   3184
     124    1874       0       0       0       0       0       001020001D   3185
     124       0       0       1       0                               0D   3186
     100    1875       0       0       0       0    3185       001010001D   3187
     100       0       0       1       0                               0D   3188
     110    1876       0       0       0       0       0       001010001D   3189
     110       0       0       1       0                               0D   3190
     124    1877       0       0       0       0       0       001020001D   3191
     124       0       0       1       0                               0D   3192
     100    1878       0       0       0       0    3191       001010001D   3193
     100       0       0       1       0                               0D   3194
     110    1879       0       0       0       0       0       001010001D   3195
     110       0       0       1       0                               0D   3196
     102    1880       0       0       0       0       0       001010001D   3197
     102       0       0       1       0                               0D   3198
     142    1881       0       0       0       0       0       001010001D   3199
     142       0       0       1       0                               0D   3200
     144    1882       0       0   10000       0       0       000010000D   3201
     144       0    -563       1       0                PartBody       0D   3202
     110    1883       0       0       0       0       0       001010001D   3203
     110       0       0       1       0                               0D   3204
     110    1884       0       0       0       0       0       001010001D   3205
     110       0       0       1       0                               0D   3206
     120    1885       0       0       0       0       0       001010001D   3207
     120       0    -563       1       0                               0D   3208
     124    1886       0       0       0       0       0       001020001D   3209
     124       0       0       1       0                               0D   3210
     100    1887       0       0       0       0    3209       001010001D   3211
     100       0       0       1       0                               0D   3212
     110    1888       0       0       0       0       0       001010001D   3213
     110       0       0       1       0                               0D   3214
     124    1889       0       0       0       0       0       001020001D   3215
     124       0       0       1       0                               0D   3216
     100    1890       0       0       0       0    3215       001010001D   3217
     100       0       0       1       0                               0D   3218
     110    1891       0       0       0       0       0       001010001D   3219
     110       0       0       1       0                               0D   3220
     102    1892       0       0       0       0       0       001010001D   3221
     102       0       0       1       0                               0D   3222
     142    1893       0       0       0       0       0       001010001D   3223
     142       0       0       1       0                               0D   3224
     144    1894       0       0   10000       0       0       000010000D   3225
     144       0    -563       1       0                PartBody       0D   3226
     108    1895       0       0       0       0       0       001010001D   3227
     108       0   -1985       1       0                               0D   3228
     110    1896       0       0       0       0       0       001010001D   3229
     110       0       0       1       0                               0D   3230
     110    1897       0       0       0       0       0       001010001D   3231
     110       0       0       1       0                               0D   3232
     110    1898       0       0       0       0       0       001010001D   3233
     110       0       0       1       0                               0D   3234
     110    1899       0       0       0       0       0       001010001D   3235
     110       0       0       1       0                               0D   3236
     102    1900       0       0       0       0       0       001010001D   3237
     102       0       0       1       0                               0D   3238
     142    1901       0       0       0       0       0       001010001D   3239
     142       0       0       1       0                               0D   3240
     144    1902       0       0   10000       0       0       000010000D   3241
     144       0   -1985       1       0                PartBody       0D   3242
     108    1903       0       0       0       0       0       001010001D   3243
     108       0   -1985       2       0                               0D   3244
     110    1905       0       0       0       0       0       001010001D   3245
     110       0       0       1       0                               0D   3246
     110    1906       0       0       0       0       0       001010001D   3247
     110       0       0       1       0                               0D   3248
     110    1907       0       0       0       0       0       001010001D   3249
     110       0       0       1       0                               0D   3250
     110    1908       0       0       0       0       0       001010001D   3251
     110       0       0       1       0                               0D   3252
     102    1909       0       0       0       0       0       001010001D   3253
     102       0       0       1       0                               0D   3254
     142    1910       0       0       0       0       0       001010001D   3255
     142       0       0       1       0                               0D   3256
     144    1911       0       0   10000       0       0       000010000D   3257
     144       0   -1985       1       0                PartBody       0D   3258
     108    1912       0       0       0       0       0       001010001D   3259
     108       0   -1985       1       0                               0D   3260
     110    1913       0       0       0       0       0       001010001D   3261
     110       0       0       1       0                               0D   3262
     110    1914       0       0       0       0       0       001010001D   3263
     110       0       0       1       0                               0D   3264
     110    1915       0       0       0       0       0       001010001D   3265
     110       0       0       1       0                               0D   3266
     110    1916       0       0       0       0       0       001010001D   3267
     110       0       0       1       0                               0D   3268
     102    1917       0       0       0       0       0       001010001D   3269
     102       0       0       1       0                               0D   3270
     142    1918       0       0       0       0       0       001010001D   3271
     142       0       0       1       0                               0D   3272
     144    1919       0       0   10000       0       0       000010000D   3273
     144       0   -1985       1       0                PartBody       0D   3274
     110    1920       0       0       0       0       0       001010001D   3275
     110       0       0       1       0                               0D   3276
     110    1921       0       0       0       0       0       001010001D   3277
     110       0       0       2       0                               0D   3278
     120    1923       0       0       0       0       0       001010001D   3279
     120       0   -1985       1       0                               0D   3280
     124    1924       0       0       0       0       0       001020001D   3281
     124       0       0       1       0                               0D   3282
     100    1925       0       0       0       0    3281       001010001D   3283
     100       0       0       1       0                               0D   3284
     110    1926       0       0       0       0       0       001010001D   3285
     110       0       0       2       0                               0D   3286
     124    1928       0       0       0       0       0       001020001D   3287
     124       0       0       2       0                               0D   3288
     100    1930       0       0       0       0    3287       001010001D   3289
     100       0       0       1       0                               0D   3290
     110    1931       0       0       0       0       0       001010001D   3291
     110       0       0       1       0                               0D   3292
     102    1932       0       0       0       0       0       001010001D   3293
     102       0       0       1       0                               0D   3294
     142    1933       0       0       0       0       0       001010001D   3295
     142       0       0       1       0                               0D   3296
     144    1934       0       0   10000       0       0       000010000D   3297
     144       0   -1985       1       0                PartBody       0D   3298
     108    1935       0       0       0       0       0       001010001D   3299
     108       0   -1985       2       0                               0D   3300
     110    1937       0       0       0       0       0       001010001D   3301
     110       0       0       2       0                               0D   3302
     110    1939       0       0       0       0       0       001010001D   3303
     110       0       0       1       0                               0D   3304
     110    1940       0       0       0       0       0       001010001D   3305
     110       0       0       2       0                               0D   3306
     110    1942       0       0       0       0       0       001010001D   3307
     110       0       0       2       0                               0D   3308
     102    1944       0       0       0       0       0       001010001D   3309
     102       0       0       1       0                               0D   3310
     142    1945       0       0       0       0       0       001010001D   3311
     142       0       0       1       0                               0D   3312
     144    1946       0       0   10000       0       0       000010000D   3313
     144       0   -1985       1       0                PartBody       0D   3314
     108    1947       0       0       0       0       0       001010001D   3315
     108       0   -1985       1       0                               0D   3316
     110    1948       0       0       0       0       0       001010001D   3317
     110       0       0       1       0                               0D   3318
     110    1949       0       0       0       0       0       001010001D   3319
     110       0       0       1       0                               0D   3320
     110    1950       0       0       0       0       0       001010001D   3321
     110       0       0       1       0                               0D   3322
     110    1951       0       0       0       0       0       001010001D   3323
     110       0       0       1       0                               0D   3324
     102    1952       0       0       0       0       0       001010001D   3325
     102       0       0       1       0                               0D   3326
     142    1953       0       0       0       0       0       001010001D   3327
     142       0       0       1       0                               0D   3328
     144    1954       0       0   10000       0       0       000010000D   3329
     144       0   -1985       1       0                PartBody       0D   3330
     108    1955       0       0       0       0       0       001010001D   3331
     108       0   -1985       2       0                               0D   3332
     110    1957       0       0       0       0       0       001010001D   3333
     110       0       0       2       0                               0D   3334
     110    1959       0       0       0       0       0       001010001D   3335
     110       0       0       2       0                               0D   3336
     110    1961       0       0       0       0       0       001010001D   3337
     110       0       0       2       0                               0D   3338
     110    1963       0       0       0       0       0       001010001D   3339
     110       0       0       2       0                               0D   3340
     102    1965       0       0       0       0       0       001010001D   3341
     102       0       0       1       0                               0D   3342
     142    1966       0       0       0       0       0       001010001D   3343
     142       0       0       1       0                               0D   3344
     144    1967       0       0   10000       0       0       000010000D   3345
     144       0   -1985       1       0                PartBody       0D   3346
     110    1968       0       0       0       0       0       001010001D   3347
     110       0       0       1       0                               0D   3348
     110    1969       0       0       0       0       0       001010001D   3349
     110       0       0       2       0                               0D   3350
     120    1971       0       0       0       0       0       001010001D   3351
     120       0   -1985       1       0                               0D   3352
     124    1972       0       0       0       0       0       001020001D   3353
     124       0       0       2       0                               0D   3354
     100    1974       0       0       0       0    3353       001010001D   3355
     100       0       0       1       0                               0D   3356
     110    1975       0       0       0       0       0       001010001D   3357
     110       0       0       2       0                               0D   3358
     124    1977       0       0       0       0       0       001020001D   3359
     124       0       0       2       0                               0D   3360
     100    1979       0       0       0       0    3359       001010001D   3361
     100       0       0       1       0                               0D   3362
     110    1980       0       0       0       0       0       001010001D   3363
     110       0       0       2       0                               0D   3364
     102    1982       0       0       0       0       0       001010001D   3365
     102       0       0       1       0                               0D   3366
     142    1983       0       0       0       0       0       001010001D   3367
     142       0       0       1       0                               0D   3368
     144    1984       0       0   10000       0       0       000010000D   3369
     144       0   -1985       1       0                PartBody       0D   3370
     108    1985       0       0       0       0       0       001010001D   3371
     108       0   -1985       2       0                               0D   3372
     110    1987       0       0       0       0       0       001010001D   3373
     110       0       0       2       0                               0D   3374
     110    1989       0       0       0       0       0       001010001D   3375
     110       0       0       2       0                               0D   3376
     110    1991       0       0       0       0       0       001010001D   3377
     110       0       0       2       0                               0D   3378
     110    1993       0       0       0       0       0       001010001D   3379
     110       0       0       2       0                               0D   3380
     102    1995       0       0       0       0       0       001010001D   3381
     102       0       0       1       0                               0D   3382
     142    1996       0       0       0       0       0       001010001D   3383
     142       0       0       1       0                               0D   3384
     144    1997       0       0   10000       0       0       000010000D   3385
     144       0   -1985       1       0                PartBody       0D   3386
     110    1998       0       0       0       0       0       001010001D   3387
     110       0       0       1       0                               0D   3388
     110    1999       0       0       0       0       0       001010001D   3389
     110       0       0       1       0                               0D   3390
     110    2000       0       0       0       0       0       001010001D   3391
     110       0       0       1       0                               0D   3392
     110    2001       0       0       0       0       0       001010001D   3393
     110       0       0       1       0                               0D   3394
     102    2002       0       0       0       0       0       001010001D   3395
     102       0       0       1       0                               0D   3396
     142    2003       0       0       0       0       0       001010001D   3397
     142       0       0       1       0                               0D   3398
     144    2004       0       0   10000       0       0       000010000D   3399
     144       0   -1985       1       0                PartBody       0D   3400
     108    2005       0       0       0       0       0       001010001D   3401
     108       0   -1985       1       0                               0D   3402
     110    2006       0       0       0       0       0       001010001D   3403
     110       0       0       2       0                               0D   3404
     110    2008       0       0       0       0       0       001010001D   3405
     110       0       0       2       0                               0D   3406
     110    2010       0       0       0       0       0       001010001D   3407
     110       0       0       2       0                               0D   3408
     110    2012       0       0       0       0       0       001010001D   3409
     110       0       0       2       0                               0D   3410
     102    2014       0       0       0       0       0       001010001D   3411
     102       0       0       1       0                               0D   3412
     142    2015       0       0       0       0       0       001010001D   3413
     142       0       0       1       0                               0D   3414
     144    2016       0       0   10000       0       0       000010000D   3415
     144       0   -1985       1       0                PartBody       0D   3416
     108    2017       0       0       0       0       0       001010001D   3417
     108       0   -1985       2       0                               0D   3418
     110    2019       0       0       0       0       0       001010001D   3419
     110       0       0       2       0                               0D   3420
     110    2021       0       0       0       0       0       001010001D   3421
     110       0       0       2       0                               0D   3422
     110    2023       0       0       0       0       0       001010001D   3423
     110       0       0       2       0                               0D   3424
     110    2025       0       0       0       0       0       001010001D   3425
     110       0       0       2       0                               0D   3426
     102    2027       0       0       0       0       0       001010001D   3427
     102       0       0       1       0                               0D   3428
     142    2028       0       0       0       0       0       001010001D   3429
     142       0       0       1       0                               0D   3430
     144    2029       0       0   10000       0       0       000010000D   3431
     144       0   -1985       1       0                PartBody       0D   3432
     110    2030       0       0       0       0       0       001010001D   3433
     110       0       0       1       0                               0D   3434
     110    2031       0       0       0       0       0       001010001D   3435
     110       0       0       2       0                               0D   3436
     120    2033       0       0       0       0       0       001010001D   3437
     120       0   -1985       1       0                               0D   3438
     124    2034       0       0       0       0       0       001020001D   3439
     124       0       0       2       0                               0D   3440
     100    2036       0       0       0       0    3439       001010001D   3441
     100       0       0       1       0                               0D   3442
     110    2037       0       0       0       0       0       001010001D   3443
     110       0       0       2       0                               0D   3444
     124    2039       0       0       0       0       0       001020001D   3445
     124       0       0       2       0                               0D   3446
     100    2041       0       0       0       0    3445       001010001D   3447
     100       0       0       1       0                               0D   3448
     110    2042       0       0       0       0       0       001010001D   3449
     110       0       0       2       0                               0D   3450
     102    2044       0       0       0       0       0       001010001D   3451
     102       0       0       1       0                               0D   3452
     142    2045       0       0       0       0       0       001010001D   3453
     142       0       0       1       0                               0D   3454
     144    2046       0       0   10000       0       0       000010000D   3455
     144       0   -1985       1       0                PartBody       0D   3456
     108    2047       0       0       0       0       0       001010001D   3457
     108       0   -1985       2       0                               0D   3458
     110    2049       0       0       0       0       0       001010001D   3459
     110       0       0       2       0                               0D   3460
     110    2051       0       0       0       0       0       001010001D   3461
     110       0       0       2       0                               0D   3462
     110    2053       0       0       0       0       0       001010001D   3463
     110       0       0       2       0                               0D   3464
     110    2055       0       0       0       0       0       001010001D   3465
     110       0       0       2       0                               0D   3466
     102    2057       0       0       0       0       0       001010001D   3467
     102       0       0       1       0                               0D   3468
     142    2058       0       0       0       0       0       001010001D   3469
     142       0       0       1       0                               0D   3470
     144    2059       0       0   10000       0       0       000010000D   3471
     144       0   -1985       1       0                PartBody       0D   3472
     110    2060       0       0       0       0       0       001010001D   3473
     110       0       0       1       0                               0D   3474
     110    2061       0       0       0       0       0       001010001D   3475
     110       0       0       2       0                               0D   3476
     120    2063       0       0       0       0       0       001010001D   3477
     120       0   -1985       1       0                               0D   3478
     124    2064       0       0       0       0       0       001020001D   3479
     124       0       0       2       0                               0D   3480
     100    2066       0       0       0       0    3479       001010001D   3481
     100       0       0       1       0                               0D   3482
     110    2067       0       0       0       0       0       001010001D   3483
     110       0       0       2       0                               0D   3484
     124    2069       0       0       0       0       0       001020001D   3485
     124       0       0       2       0                               0D   3486
     100    2071       0       0       0       0    3485       001010001D   3487
     100       0       0       1       0                               0D   3488
     110    2072       0       0       0       0       0       001010001D   3489
     110       0       0       2       0                               0D   3490
     102    2074       0       0       0       0       0       001010001D   3491
     102       0       0       1       0                               0D   3492
     142    2075       0       0       0       0       0       001010001D   3493
     142       0       0       1       0                               0D   3494
     144    2076       0       0   10000       0       0       000010000D   3495
     144       0   -1985       1       0                PartBody       0D   3496
     108    2077       0       0       0       0       0       001010001D   3497
     108       0   -1985       2       0                               0D   3498
     110    2079       0       0       0       0       0       001010001D   3499
     110       0       0       2       0                               0D   3500
     110    2081       0       0       0       0       0       001010001D   3501
     110       0       0       2       0                               0D   3502
     110    2083       0       0       0       0       0       001010001D   3503
     110       0       0       2       0                               0D   3504
     110    2085       0       0       0       0       0       001010001D   3505
     110       0       0       2       0                               0D   3506
     102    2087       0       0       0       0       0       001010001D   3507
     102       0       0       1       0                               0D   3508
     142    2088       0       0       0       0       0       001010001D   3509
     142       0       0       1       0                               0D   3510
     144    2089       0       0   10000       0       0       000010000D   3511
     144       0   -1985       1       0                PartBody       0D   3512
     108    2090       0       0       0       0       0       001010001D   3513
     108       0   -1985       2       0                               0D   3514
     110    2092       0       0       0       0       0       001010001D   3515
     110       0       0       1       0                               0D   3516
     110    2093       0       0       0       0       0       001010001D   3517
     110       0       0       1       0                               0D   3518
     110    2094       0       0       0       0       0       001010001D   3519
     110       0       0       1       0                               0D   3520
     110    2095       0       0       0       0       0       001010001D   3521
     110       0       0       2       0                               0D   3522
     102    2097       0       0       0       0       0       001010001D   3523
     102       0       0       1       0                               0D   3524
     142    2098       0       0       0       0       0       001010001D   3525
     142       0       0       1       0                               0D   3526
     144    2099       0       0   10000       0       0       000010000D   3527
     144       0   -1985       1       0                PartBody       0D   3528
     108    2100       0       0       0       0       0       001010001D   3529
     108       0   -1985       2       0                               0D   3530
     110    2102       0       0       0       0       0       001010001D   3531
     110       0       0       1       0                               0D   3532
     110    2103       0       0       0       0       0       001010001D   3533
     110       0       0       1       0                               0D   3534
     110    2104       0       0       0       0       0       001010001D   3535
     110       0       0       1       0                               0D   3536
     110    2105       0       0       0       0       0       001010001D   3537
     110       0       0       1       0                               0D   3538
     102    2106       0       0       0       0       0       001010001D   3539
     102       0       0       1       0                               0D   3540
     142    2107       0       0       0       0       0       001010001D   3541
     142       0       0       1       0                               0D   3542
     144    2108       0       0   10000       0       0       000010000D   3543
     144       0   -1985       1       0                PartBody       0D   3544
     108    2109       0       0       0       0       0       001010001D   3545
     108       0   -1985       2       0                               0D   3546
     110    2111       0       0       0       0       0       001010001D   3547
     110       0       0       1       0                               0D   3548
     110    2112       0       0       0       0       0       001010001D   3549
     110       0       0       2       0                               0D   3550
     110    2114       0       0       0       0       0       001010001D   3551
     110       0       0       1       0                               0D   3552
     110    2115       0       0       0       0       0       001010001D   3553
     110       0       0       1       0                               0D   3554
     102    2116       0       0       0       0       0       001010001D   3555
     102       0       0       1       0                               0D   3556
     142    2117       0       0       0       0       0       001010001D   3557
     142       0       0       1       0                               0D   3558
     144    2118       0       0   10000       0       0       000010000D   3559
     144       0   -1985       1       0                PartBody       0D   3560
     108    2119       0       0       0       0       0       001010001D   3561
     108       0   -1985       2       0                               0D   3562
     110    2121       0       0       0       0       0       001010001D   3563
     110       0       0       2       0                               0D   3564
     110    2123       0       0       0       0       0       001010001D   3565
     110       0       0       2       0                               0D   3566
     110    2125       0       0       0       0       0       001010001D   3567
     110       0       0       2       0                               0D   3568
     110    2127       0       0       0       0       0       001010001D   3569
     110       0       0       2       0                               0D   3570
     102    2129       0       0       0       0       0       001010001D   3571
     102       0       0       1       0                               0D   3572
     142    2130       0       0       0       0       0       001010001D   3573
     142       0       0       1       0                               0D   3574
     144    2131       0       0   10000       0       0       000010000D   3575
     144       0   -1985       1       0                PartBody       0D   3576
     108    2132       0       0       0       0       0       001010001D   3577
     108       0   -1985       2       0                               0D   3578
     110    2134       0       0       0       0       0       001010001D   3579
     110       0       0       1       0                               0D   3580
     110    2135       0       0       0       0       0       001010001D   3581
     110       0       0       1       0                               0D   3582
     110    2136       0       0       0       0       0       001010001D   3583
     110       0       0       1       0                               0D   3584
     110    2137       0       0       0       0       0       001010001D   3585
     110       0       0       2       0                               0D   3586
     102    2139       0       0       0       0       0       001010001D   3587
     102       0       0       1       0                               0D   3588
     142    2140       0       0       0       0       0       001010001D   3589
     142       0       0       1       0                               0D   3590
     144    2141       0       0   10000       0       0       000010000D   3591
     144       0   -1985       1       0                PartBody       0D   3592
     110    2142       0       0       0       0       0       001010001D   3593
     110       0       0       1       0                               0D   3594
     110    2143       0       0       0       0       0       001010001D   3595
     110       0       0       1       0                               0D   3596
     110    2144       0       0       0       0       0       001010001D   3597
     110       0       0       1       0                               0D   3598
     110    2145       0       0       0       0       0       001010001D   3599
     110       0       0       1       0                               0D   3600
     102    2146       0       0       0       0       0       001010001D   3601
     102       0       0       1       0                               0D   3602
     142    2147       0       0       0       0       0       001010001D   3603
     142       0       0       1       0                               0D   3604
     144    2148       0       0   10000       0       0       000010000D   3605
     144       0   -1985       1       0                PartBody       0D   3606
     108    2149       0       0       0       0       0       001010001D   3607
     108       0   -1985       2       0                               0D   3608
     110    2151       0       0       0       0       0       001010001D   3609
     110       0       0       1       0                               0D   3610
     110    2152       0       0       0       0       0       001010001D   3611
     110       0       0       2       0                               0D   3612
     110    2154       0       0       0       0       0       001010001D   3613
     110       0       0       1       0                               0D   3614
     110    2155       0       0       0       0       0       001010001D   3615
     110       0       0       1       0                               0D   3616
     102    2156       0       0       0       0       0       001010001D   3617
     102       0       0       1       0                               0D   3618
     142    2157       0       0       0       0       0       001010001D   3619
     142       0       0       1       0                               0D   3620
     144    2158       0       0   10000       0       0       000010000D   3621
     144       0   -1985       1       0                PartBody       0D   3622
     110    2159       0       0       0       0       0       001010001D   3623
     110       0       0       2       0                               0D   3624
     110    2161       0       0       0       0       0       001010001D   3625
     110       0       0       2       0                               0D   3626
     110    2163       0       0       0       0       0       001010001D   3627
     110       0       0       2       0                               0D   3628
     110    2165       0       0       0       0       0       001010001D   3629
     110       0       0       2       0                               0D   3630
     102    2167       0       0       0       0       0       001010001D   3631
     102       0       0       1       0                               0D   3632
     142    2168       0       0       0       0       0       001010001D   3633
     142       0       0       1       0                               0D   3634
     144    2169       0       0   10000       0       0       000010000D   3635
     144       0   -1985       1       0                PartBody       0D   3636
     108    2170       0       0       0       0       0       001010001D   3637
     108       0   -1985       2       0                               0D   3638
     110    2172       0       0       0       0       0       001010001D   3639
     110       0       0       1       0                               0D   3640
     110    2173       0       0       0       0       0       001010001D   3641
     110       0       0       1       0                               0D   3642
     110    2174       0       0       0       0       0       001010001D   3643
     110       0       0       1       0                               0D   3644
     110    2175       0       0       0       0       0       001010001D   3645
     110       0       0       2       0                               0D   3646
     102    2177       0       0       0       0       0       001010001D   3647
     102       0       0       1       0                               0D   3648
     142    2178       0       0       0       0       0       001010001D   3649
     142       0       0       1       0                               0D   3650
     144    2179       0       0   10000       0       0       000010000D   3651
     144       0   -1985       1       0                PartBody       0D   3652
     110    2180       0       0       0       0       0       001010001D   3653
     110       0       0       1       0                               0D   3654
     110    2181       0       0       0       0       0       001010001D   3655
     110       0       0       1       0                               0D   3656
     110    2182       0       0       0       0       0       001010001D   3657
     110       0       0       1       0                               0D   3658
     110    2183       0       0       0       0       0       001010001D   3659
     110       0       0       1       0                               0D   3660
     102    2184       0       0       0       0       0       001010001D   3661
     102       0       0       1       0                               0D   3662
     142    2185       0       0       0       0       0       001010001D   3663
     142       0       0       1       0                               0D   3664
     144    2186       0       0   10000       0       0       000010000D   3665
     144       0   -1985       1       0                PartBody       0D   3666
     108    2187       0       0       0       0       0       001010001D   3667
     108       0   -1985       1       0                               0D   3668
     110    2188       0       0       0       0       0       001010001D   3669
     110       0       0       1       0                               0D   3670
     110    2189       0       0       0       0       0       001010001D   3671
     110       0       0       1       0                               0D   3672
     110    2190       0       0       0       0       0       001010001D   3673
     110       0       0       1       0                               0D   3674
     110    2191       0       0       0       0       0       001010001D   3675
     110       0       0       1       0                               0D   3676
     102    2192       0       0       0       0       0       001010001D   3677
     102       0       0       1       0                               0D   3678
     142    2193       0       0       0       0       0       001010001D   3679
     142       0       0       1       0                               0D   3680
     144    2194       0       0   10000       0       0       000010000D   3681
     144       0   -1985       1       0                PartBody       0D   3682
     110    2195       0       0       0       0       0       001010001D   3683
     110       0       0       1       0                               0D   3684
     110    2196       0       0       0       0       0       001010001D   3685
     110       0       0       1       0                               0D   3686
     120    2197       0       0       0       0       0       001010001D   3687
     120       0   -1985       1       0                               0D   3688
     110    2198       0       0       0       0       0       001010001D   3689
     110       0       0       1       0                               0D   3690
     124    2199       0       0       0       0       0       001020001D   3691
     124       0       0       2       0                               0D   3692
     100    2201       0       0       0       0    3691       001010001D   3693
     100       0       0       1       0                               0D   3694
     110    2202       0       0       0       0       0       001010001D   3695
     110       0       0       1       0                               0D   3696
     124    2203       0       0       0       0       0       001020001D   3697
     124       0       0       2       0                               0D   3698
     100    2205       0       0       0       0    3697       001010001D   3699
     100       0       0       1       0                               0D   3700
     102    2206       0       0       0       0       0       001010001D   3701
     102       0       0       1       0                               0D   3702
     142    2207       0       0       0       0       0       001010001D   3703
     142       0       0       1       0                               0D   3704
     144    2208       0       0   10000       0       0       000010000D   3705
     144       0   -1985       1       0                PartBody       0D   3706
     108    2209       0       0       0       0       0       001010001D   3707
     108       0   -1985       1       0                               0D   3708
     110    2210       0       0       0       0       0       001010001D   3709
     110       0       0       2       0                               0D   3710
     110    2212       0       0       0       0       0       001010001D   3711
     110       0       0       1       0                               0D   3712
     110    2213       0       0       0       0       0       001010001D   3713
     110       0       0       1       0                               0D   3714
     110    2214       0       0       0       0       0       001010001D   3715
     110       0       0       2       0                               0D   3716
     102    2216       0       0       0       0       0       001010001D   3717
     102       0       0       1       0                               0D   3718
     142    2217       0       0       0       0       0       001010001D   3719
     142       0       0       1       0                               0D   3720
     144    2218       0       0   10000       0       0       000010000D   3721
     144       0   -1985       1       0                PartBody       0D   3722
     108    2219       0       0       0       0       0       001010001D   3723
     108       0   -1985       1       0                               0D   3724
     124    2220       0       0       0       0       0       001020001D   3725
     124       0       0       2       0                               0D   3726
     100    2222       0       0       0       0    3725       001010001D   3727
     100       0       0       1       0                               0D   3728
     110    2223       0       0       0       0       0       001010001D   3729
     110       0       0       2       0                               0D   3730
     124    2225       0       0       0       0       0       001020001D   3731
     124       0       0       2       0                               0D   3732
     100    2227       0       0       0       0    3731       001010001D   3733
     100       0       0       1       0                               0D   3734
     110    2228       0       0       0       0       0       001010001D   3735
     110       0       0       1       0                               0D   3736
     110    2229       0       0       0       0       0       001010001D   3737
     110       0       0       1       0                               0D   3738
     110    2230       0       0       0       0       0       001010001D   3739
     110       0       0       1       0                               0D   3740
     110    2231       0       0       0       0       0       001010001D   3741
     110       0       0       2       0                               0D   3742
     110    2233       0       0       0       0       0       001010001D   3743
     110       0       0       1       0                               0D   3744
     110    2234       0       0       0       0       0       001010001D   3745
     110       0       0       1       0                               0D   3746
     110    2235       0       0       0       0       0       001010001D   3747
     110       0       0       1       0                               0D   3748
     110    2236       0       0       0       0       0       001010001D   3749
     110       0       0       2       0                               0D   3750
     110    2238       0       0       0       0       0       001010001D   3751
     110       0       0       1       0                               0D   3752
     110    2239       0       0       0       0       0       001010001D   3753
     110       0       0       1       0                               0D   3754
     110    2240       0       0       0       0       0       001010001D   3755
     110       0       0       1       0                               0D   3756
     110    2241       0       0       0       0       0       001010001D   3757
     110       0       0       2       0                               0D   3758
     124    2243       0       0       0       0       0       001020001D   3759
     124       0       0       2       0                               0D   3760
     100    2245       0       0       0       0    3759       001010001D   3761
     100       0       0       1       0                               0D   3762
     110    2246       0       0       0       0       0       001010001D   3763
     110       0       0       2       0                               0D   3764
     124    2248       0       0       0       0       0       001020001D   3765
     124       0       0       2       0                               0D   3766
     100    2250       0       0       0       0    3765       001010001D   3767
     100       0       0       1       0                               0D   3768
     110    2251       0       0       0       0       0       001010001D   3769
     110       0       0       2       0                               0D   3770
     124    2253       0       0       0       0       0       001020001D   3771
     124       0       0       2       0                               0D   3772
     100    2255       0       0       0       0    3771       001010001D   3773
     100       0       0       1       0                               0D   3774
     110    2256       0       0       0       0       0       001010001D   3775
     110       0       0       2       0                               0D   3776
     124    2258       0       0       0       0       0       001020001D   3777
     124       0       0       2       0                               0D   3778
     100    2260       0       0       0       0    3777       001010001D   3779
     100       0       0       1       0                               0D   3780
     110    2261       0       0       0       0       0       001010001D   3781
     110       0       0       1       0                               0D   3782
     124    2262       0       0       0       0       0       001020001D   3783
     124       0       0       2       0                               0D   3784
     100    2264       0       0       0       0    3783       001010001D   3785
     100       0       0       1       0                               0D   3786
     110    2265       0       0       0       0       0       001010001D   3787
     110       0       0       2       0                               0D   3788
     124    2267       0       0       0       0       0       001020001D   3789
     124       0       0       2       0                               0D   3790
     100    2269       0       0       0       0    3789       001010001D   3791
     100       0       0       1       0                               0D   3792
     110    2270       0       0       0       0       0       001010001D   3793
     110       0       0       2       0                               0D   3794
     124    2272       0       0       0       0       0       001020001D   3795
     124       0       0       2       0                               0D   3796
     100    2274       0       0       0       0    3795       001010001D   3797
     100       0       0       1       0                               0D   3798
     110    2275       0       0       0       0       0       001010001D   3799
     110       0       0       1       0                               0D   3800
     124    2276       0       0       0       0       0       001020001D   3801
     124       0       0       2       0                               0D   3802
     100    2278       0       0       0       0    3801       001010001D   3803
     100       0       0       1       0                               0D   3804
     110    2279       0       0       0       0       0       001010001D   3805
     110       0       0       2       0                               0D   3806
     124    2281       0       0       0       0       0       001020001D   3807
     124       0       0       2       0                               0D   3808
     100    2283       0       0       0       0    3807       001010001D   3809
     100       0       0       1       0                               0D   3810
     110    2284       0       0       0       0       0       001010001D   3811
     110       0       0       1       0                               0D   3812
     110    2285       0       0       0       0       0       001010001D   3813
     110       0       0       1       0                               0D   3814
     110    2286       0       0       0       0       0       001010001D   3815
     110       0       0       1       0                               0D   3816
     102    2287       0       0       0       0       0       001010001D   3817
     102       0       0       3       0                               0D   3818
     142    2290       0       0       0       0       0       001010001D   3819
     142       0       0       1       0                               0D   3820
     124    2291       0       0       0       0       0       001020001D   3821
     124       0       0       1       0                               0D   3822
     100    2292       0       0       0       0    3821       001010001D   3823
     100       0       0       1       0                               0D   3824
     124    2293       0       0       0       0       0       001020001D   3825
     124       0       0       1       0                               0D   3826
     100    2294       0       0       0       0    3825       001010001D   3827
     100       0       0       1       0                               0D   3828
     102    2295       0       0       0       0       0       001010001D   3829
     102       0       0       1       0                               0D   3830
     142    2296       0       0       0       0       0       001010001D   3831
     142       0       0       1       0                               0D   3832
     124    2297       0       0       0       0       0       001020001D   3833
     124       0       0       1       0                               0D   3834
     100    2298       0       0       0       0    3833       001010001D   3835
     100       0       0       1       0                               0D   3836
     124    2299       0       0       0       0       0       001020001D   3837
     124       0       0       1       0                               0D   3838
     100    2300       0       0       0       0    3837       001010001D   3839
     100       0       0       1       0                               0D   3840
     102    2301       0       0       0       0       0       001010001D   3841
     102       0       0       1       0                               0D   3842
     142    2302       0       0       0       0       0       001010001D   3843
     142       0       0       1       0                               0D   3844
     124    2303       0       0       0       0       0       001020001D   3845
     124       0       0       1       0                               0D   3846
     100    2304       0       0       0       0    3845       001010001D   3847
     100       0       0       1       0                               0D   3848
     124    2305       0       0       0       0       0       001020001D   3849
     124       0       0       1       0                               0D   3850
     100    2306       0       0       0       0    3849       001010001D   3851
     100       0       0       1       0                               0D   3852
     102    2307       0       0       0       0       0       001010001D   3853
     102       0       0       1       0                               0D   3854
     142    2308       0       0       0       0       0       001010001D   3855
     142       0       0       1       0                               0D   3856
     124    2309       0       0       0       0       0       001020001D   3857
     124       0       0       1       0                               0D   3858
     100    2310       0       0       0       0    3857       001010001D   3859
     100       0       0       1       0                               0D   3860
     124    2311       0       0       0       0       0       001020001D   3861
     124       0       0       1       0                               0D   3862
     100    2312       0       0       0       0    3861       001010001D   3863
     100       0       0       1       0                               0D   3864
     102    2313       0       0       0       0       0       001010001D   3865
     102       0       0       1       0                               0D   3866
     142    2314       0       0       0       0       0       001010001D   3867
     142       0       0       1       0                               0D   3868
     124    2315       0       0       0       0       0       001020001D   3869
     124       0       0       1       0                               0D   3870
     100    2316       0       0       0       0    3869       001010001D   3871
     100       0       0       1       0                               0D   3872
     124    2317       0       0       0       0       0       001020001D   3873
     124       0       0       1       0                               0D   3874
     100    2318       0       0       0       0    3873       001010001D   3875
     100       0       0       1       0                               0D   3876
     102    2319       0       0       0       0       0       001010001D   3877
     102       0       0       1       0                               0D   3878
     142    2320       0       0       0       0       0       001010001D   3879
     142       0       0       1       0                               0D   3880
     110    2321       0       0       0       0       0       001010001D   3881
     110       0       0       1       0                               0D   3882
     124    2322       0       0       0       0       0       001020001D   3883
     124       0       0       1       0                               0D   3884
     100    2323       0       0       0       0    3883       001010001D   3885
     100       0       0       1       0                               0D   3886
     110    2324       0       0       0       0       0       001010001D   3887
     110       0       0       1       0                               0D   3888
     124    2325       0       0       0       0       0       001020001D   3889
     124       0       0       1       0                               0D   3890
     100    2326       0       0       0       0    3889       001010001D   3891
     100       0       0       1       0                               0D   3892
     102    2327       0       0       0       0       0       001010001D   3893
     102       0       0       1       0                               0D   3894
     142    2328       0       0       0       0       0       001010001D   3895
     142       0       0       1       0                               0D   3896
     124    2329       0       0       0       0       0       001020001D   3897
     124       0       0       1       0                               0D   3898
     100    2330       0       0       0       0    3897       001010001D   3899
     100       0       0       1       0                               0D   3900
     110    2331       0       0       0       0       0       001010001D   3901
     110       0       0       1       0                               0D   3902
     124    2332       0       0       0       0       0       001020001D   3903
     124       0       0       1       0                               0D   3904
     100    2333       0       0       0       0    3903       001010001D   3905
     100       0       0       1       0                               0D   3906
     110    2334       0       0       0       0       0       001010001D   3907
     110       0       0       1       0                               0D   3908
     102    2335       0       0       0       0       0       001010001D   3909
     102       0       0       1       0                               0D   3910
     142    2336       0       0       0       0       0       001010001D   3911
     142       0       0       1       0                               0D   3912
     124    2337       0       0       0       0       0       001020001D   3913
     124       0       0       2       0                               0D   3914
     100    2339       0       0       0       0    3913       001010001D   3915
     100       0       0       1       0                               0D   3916
     110    2340       0       0       0       0       0       001010001D   3917
     110       0       0       2       0                               0D   3918
     124    2342       0       0       0       0       0       001020001D   3919
     124       0       0       2       0                               0D   3920
     100    2344       0       0       0       0    3919       001010001D   3921
     100       0       0       1       0                               0D   3922
     110    2345       0       0       0       0       0       001010001D   3923
     110       0       0       1       0                               0D   3924
     102    2346       0       0       0       0       0       001010001D   3925
     102       0       0       1       0                               0D   3926
     142    2347       0       0       0       0       0       001010001D   3927
     142       0       0       1       0                               0D   3928
     124    2348       0       0       0       0       0       001020001D   3929
     124       0       0       2       0                               0D   3930
     100    2350       0       0       0       0    3929       001010001D   3931
     100       0       0       1       0                               0D   3932
     110    2351       0       0       0       0       0       001010001D   3933
     110       0       0       2       0                               0D   3934
     124    2353       0       0       0       0       0       001020001D   3935
     124       0       0       2       0                               0D   3936
     100    2355       0       0       0       0    3935       001010001D   3937
     100       0       0       1       0                               0D   3938
     110    2356       0       0       0       0       0       001010001D   3939
     110       0       0       1       0                               0D   3940
     102    2357       0       0       0       0       0       001010001D   3941
     102       0       0       1       0                               0D   3942
     142    2358       0       0       0       0       0       001010001D   3943
     142       0       0       1       0                               0D   3944
     124    2359       0       0       0       0       0       001020001D   3945
     124       0       0       2       0                               0D   3946
     100    2361       0       0       0       0    3945       001010001D   3947
     100       0       0       1       0                               0D   3948
     110    2362       0       0       0       0       0       001010001D   3949
     110       0       0       2       0                               0D   3950
     124    2364       0       0       0       0       0       001020001D   3951
     124       0       0       2       0                               0D   3952
     100    2366       0       0       0       0    3951       001010001D   3953
     100       0       0       1       0                               0D   3954
     110    2367       0       0       0       0       0       001010001D   3955
     110       0       0       1       0                               0D   3956
     102    2368       0       0       0       0       0       001010001D   3957
     102       0       0       1       0                               0D   3958
     142    2369       0       0       0       0       0       001010001D   3959
     142       0       0       1       0                               0D   3960
     124    2370       0       0       0       0       0       001020001D   3961
     124       0       0       2       0                               0D   3962
     100    2372       0       0       0       0    3961       001010001D   3963
     100       0       0       1       0                               0D   3964
     110    2373       0       0       0       0       0       001010001D   3965
     110       0       0       1       0                               0D   3966
     124    2374       0       0       0       0       0       001020001D   3967
     124       0       0       2       0                               0D   3968
     100    2376       0       0       0       0    3967       001010001D   3969
     100       0       0       1       0                               0D   3970
     110    2377       0       0       0       0       0       001010001D   3971
     110       0       0       1       0                               0D   3972
     102    2378       0       0       0       0       0       001010001D   3973
     102       0       0       1       0                               0D   3974
     142    2379       0       0       0       0       0       001010001D   3975
     142       0       0       1       0                               0D   3976
     124    2380       0       0       0       0       0       001020001D   3977
     124       0       0       2       0                               0D   3978
     100    2382       0       0       0       0    3977       001010001D   3979
     100       0       0       1       0                               0D   3980
     110    2383       0       0       0       0       0       001010001D   3981
     110       0       0       2       0                               0D   3982
     124    2385       0       0       0       0       0       001020001D   3983
     124       0       0       2       0                               0D   3984
     100    2387       0       0       0       0    3983       001010001D   3985
     100       0       0       1       0                               0D   3986
     110    2388       0       0       0       0       0       001010001D   3987
     110       0       0       1       0                               0D   3988
     102    2389       0       0       0       0       0       001010001D   3989
     102       0       0       1       0                               0D   3990
     142    2390       0       0       0       0       0       001010001D   3991
     142       0       0       1       0                               0D   3992
     124    2391       0       0       0       0       0       001020001D   3993
     124       0       0       2       0                               0D   3994
     100    2393       0       0       0       0    3993       001010001D   3995
     100       0       0       1       0                               0D   3996
     110    2394       0       0       0       0       0       001010001D   3997
     110       0       0       2       0                               0D   3998
     124    2396       0       0       0       0       0       001020001D   3999
     124       0       0       2       0                               0D   4000
     100    2398       0       0       0       0    3999       001010001D   4001
     100       0       0       1       0                               0D   4002
     110    2399       0       0       0       0       0       001010001D   4003
     110       0       0       1       0                               0D   4004
     102    2400       0       0       0       0       0       001010001D   4005
     102       0       0       1       0                               0D   4006
     142    2401       0       0       0       0       0       001010001D   4007
     142       0       0       1       0                               0D   4008
     144    2402       0       0   10000       0       0       000010000D   4009
     144       0   -1985       2       0                PartBody       0D   4010
     110    2404       0       0       0       0       0       001010001D   4011
     110       0       0       1       0                               0D   4012
     110    2405       0       0       0       0       0       001010001D   4013
     110       0       0       1       0                               0D   4014
     120    2406       0       0       0       0       0       001010001D   4015
     120       0       5       1       0                               0D   4016
     124    2407       0       0       0       0       0       001020001D   4017
     124       0       0       1       0                               0D   4018
     100    2408       0       0       0       0    4017       001010001D   4019
     100       0       0       1       0                               0D   4020
     110    2409       0       0       0       0       0       001010001D   4021
     110       0       0       1       0                               0D   4022
     124    2410       0       0       0       0       0       001020001D   4023
     124       0       0       1       0                               0D   4024
     100    2411       0       0       0       0    4023       001010001D   4025
     100       0       0       1       0                               0D   4026
     110    2412       0       0       0       0       0       001010001D   4027
     110       0       0       1       0                               0D   4028
     102    2413       0       0       0       0       0       001010001D   4029
     102       0       0       1       0                               0D   4030
     142    2414       0       0       0       0       0       001010001D   4031
     142       0       0       1       0                               0D   4032
     144    2415       0       0   10000       0       0       000010000D   4033
     144       0       5       1       0                PartBody       0D   4034
     110    2416       0       0       0       0       0       001010001D   4035
     110       0       0       1       0                               0D   4036
     110    2417       0       0       0       0       0       001010001D   4037
     110       0       0       1       0                               0D   4038
     120    2418       0       0       0       0       0       001010001D   4039
     120       0       5       1       0                               0D   4040
     124    2419       0       0       0       0       0       001020001D   4041
     124       0       0       1       0                               0D   4042
     100    2420       0       0       0       0    4041       001010001D   4043
     100       0       0       1       0                               0D   4044
     110    2421       0       0       0       0       0       001010001D   4045
     110       0       0       1       0                               0D   4046
     124    2422       0       0       0       0       0       001020001D   4047
     124       0       0       1       0                               0D   4048
     100    2423       0       0       0       0    4047       001010001D   4049
     100       0       0       1       0                               0D   4050
     110    2424       0       0       0       0       0       001010001D   4051
     110       0       0       1       0                               0D   4052
     102    2425       0       0       0       0       0       001010001D   4053
     102       0       0       1       0                               0D   4054
     142    2426       0       0       0       0       0       001010001D   4055
     142       0       0       1       0                               0D   4056
     144    2427       0       0   10000       0       0       000010000D   4057
     144       0       5       1       0                PartBody       0D   4058
     406    2428       0       0       0       0       0       000010201D   4059
     406       0       0       1      15                               0D   4060
     308    2429       0       0       0       0       0       000010200D   4061
     308       0       0       7       0                               0D   4062
     406    2436       0       0       0       0       0       000010201D   4063
     406       0       0       1      15                               0D   4064
     408    2437       0       0       0       0    1959       000000000D   4065
     408       0       0       1       0                               0D   4066
     124    2438       0       0       0       0       0       000000000D   4067
     124       0       0       2       0                               0D   4068
     108    2440       0       0       0       0       0       001010001D   4069
     108       0    -187       1       0                               0D   4070
     110    2441       0       0       0       0       0       001010001D   4071
     110       0       0       1       0                               0D   4072
     110    2442       0       0       0       0       0       001010001D   4073
     110       0       0       1       0                               0D   4074
     110    2443       0       0       0       0       0       001010001D   4075
     110       0       0       1       0                               0D   4076
     110    2444       0       0       0       0       0       001010001D   4077
     110       0       0       1       0                               0D   4078
     102    2445       0       0       0       0       0       001010001D   4079
     102       0       0       1       0                               0D   4080
     142    2446       0       0       0       0       0       001010001D   4081
     142       0       0       1       0                               0D   4082
     144    2447       0       0   10000       0       0       000010000D   4083
     144       0    -187       1       0                PartBody       0D   4084
     108    2448       0       0       0       0       0       001010001D   4085
     108       0    -187       1       0                               0D   4086
     110    2449       0       0       0       0       0       001010001D   4087
     110       0       0       1       0                               0D   4088
     110    2450       0       0       0       0       0       001010001D   4089
     110       0       0       1       0                               0D   4090
     110    2451       0       0       0       0       0       001010001D   4091
     110       0       0       1       0                               0D   4092
     110    2452       0       0       0       0       0       001010001D   4093
     110       0       0       1       0                               0D   4094
     102    2453       0       0       0       0       0       001010001D   4095
     102       0       0       1       0                               0D   4096
     142    2454       0       0       0       0       0       001010001D   4097
     142       0       0       1       0                               0D   4098
     144    2455       0       0   10000       0       0       000010000D   4099
     144       0    -187       1       0                PartBody       0D   4100
     108    2456       0       0       0       0       0       001010001D   4101
     108       0    -187       2       0                               0D   4102
     110    2458       0       0       0       0       0       001010001D   4103
     110       0       0       1       0                               0D   4104
     110    2459       0       0       0       0       0       001010001D   4105
     110       0       0       1       0                               0D   4106
     110    2460       0       0       0       0       0       001010001D   4107
     110       0       0       1       0                               0D   4108
     110    2461       0       0       0       0       0       001010001D   4109
     110       0       0       1       0                               0D   4110
     102    2462       0       0       0       0       0       001010001D   4111
     102       0       0       1       0                               0D   4112
     142    2463       0       0       0       0       0       001010001D   4113
     142       0       0       1       0                               0D   4114
     144    2464       0       0   10000       0       0       000010000D   4115
     144       0    -187       1       0                PartBody       0D   4116
     108    2465       0       0       0       0       0       001010001D   4117
     108       0    -187       1       0                               0D   4118
     110    2466       0       0       0       0       0       001010001D   4119
     110       0       0       1       0                               0D   4120
     110    2467       0       0       0       0       0       001010001D   4121
     110       0       0       1       0                               0D   4122
     110    2468       0       0       0       0       0       001010001D   4123
     110       0       0       1       0                               0D   4124
     110    2469       0       0       0       0       0       001010001D   4125
     110       0       0       1       0                               0D   4126
     102    2470       0       0       0       0       0       001010001D   4127
     102       0       0       1       0                               0D   4128
     142    2471       0       0       0       0       0       001010001D   4129
     142       0       0       1       0                               0D   4130
     144    2472       0       0   10000       0       0       000010000D   4131
     144       0    -187       1       0                PartBody       0D   4132
     108    2473       0       0       0       0       0       001010001D   4133
     108       0    -187       1       0                               0D   4134
     110    2474       0       0       0       0       0       001010001D   4135
     110       0       0       1       0                               0D   4136
     110    2475       0       0       0       0       0       001010001D   4137
     110       0       0       1       0                               0D   4138
     110    2476       0       0       0       0       0       001010001D   4139
     110       0       0       1       0                               0D   4140
     110    2477       0       0       0       0       0       001010001D   4141
     110       0       0       1       0                               0D   4142
     102    2478       0       0       0       0       0       001010001D   4143
     102       0       0       1       0                               0D   4144
     142    2479       0       0       0       0       0       001010001D   4145
     142       0       0       1       0                               0D   4146
     144    2480       0       0   10000       0       0       000010000D   4147
     144       0    -187       1       0                PartBody       0D   4148
     108    2481       0       0       0       0       0       001010001D   4149
     108       0    -187       2       0                               0D   4150
     110    2483       0       0       0       0       0       001010001D   4151
     110       0       0       1       0                               0D   4152
     110    2484       0       0       0       0       0       001010001D   4153
     110       0       0       1       0                               0D   4154
     110    2485       0       0       0       0       0       001010001D   4155
     110       0       0       1       0                               0D   4156
     110    2486       0       0       0       0       0       001010001D   4157
     110       0       0       1       0                               0D   4158
     102    2487       0       0       0       0       0       001010001D   4159
     102       0       0       1       0                               0D   4160
     142    2488       0       0       0       0       0       001010001D   4161
     142       0       0       1       0                               0D   4162
     144    2489       0       0   10000       0       0       000010000D   4163
     144       0    -187       1       0                PartBody       0D   4164
     110    2490       0       0       0       0       0       001010001D   4165
     110       0       0       1       0                               0D   4166
     110    2491       0       0       0       0       0       001010001D   4167
     110       0       0       1       0                               0D   4168
     110    2492       0       0       0       0       0       001010001D   4169
     110       0       0       1       0                               0D   4170
     110    2493       0       0       0       0       0       001010001D   4171
     110       0       0       1       0                               0D   4172
     110    2494       0       0       0       0       0       001010001D   4173
     110       0       0       1       0                               0D   4174
     110    2495       0       0       0       0       0       001010001D   4175
     110       0       0       1       0                               0D   4176
     102    2496       0       0       0       0       0       001010001D   4177
     102       0       0       1       0                               0D   4178
     142    2497       0       0       0       0       0       001010001D   4179
     142       0       0       1       0                               0D   4180
     144    2498       0       0   10000       0       0       000010000D   4181
     144       0    -187       1       0                PartBody       0D   4182
     110    2499       0       0       0       0       0       001010001D   4183
     110       0       0       1       0                               0D   4184
     110    2500       0       0       0       0       0       001010001D   4185
     110       0       0       1       0                               0D   4186
     110    2501       0       0       0       0       0       001010001D   4187
     110       0       0       1       0                               0D   4188
     110    2502       0       0       0       0       0       001010001D   4189
     110       0       0       1       0                               0D   4190
     110    2503       0       0       0       0       0       001010001D   4191
     110       0       0       1       0                               0D   4192
     110    2504       0       0       0       0       0       001010001D   4193
     110       0       0       1       0                               0D   4194
     102    2505       0       0       0       0       0       001010001D   4195
     102       0       0       1       0                               0D   4196
     142    2506       0       0       0       0       0       001010001D   4197
     142       0       0       1       0                               0D   4198
     144    2507       0       0   10000       0       0       000010000D   4199
     144       0    -187       1       0                PartBody       0D   4200
     406    2508       0       0       0       0       0       000010201D   4201
     406       0       0       1      15                               0D   4202
     308    2509       0       0       0       0       0       000010200D   4203
     308       0       0       1       0                               0D   4204
     406    2510       0       0       0       0       0       000010201D   4205
     406       0       0       1      15                               0D   4206
     408    2511       0       0       0       0    4067       000000000D   4207
     408       0       0       1       0                               0D   4208
124,1.0,0.0,0.0,-1.4,0.0,-0.8660254038,0.5,-118.8801085,0.0,           1P      1
-0.5,-0.8660254038,10.89230485,0,0;                                    1P      2
108,0.0,0.0,1.0,-7.0,0,0.0,55.0,-7.0,1.0,0,0;                          3P      3
124,0.951240047,-0.3084515731,0.0,-15.0,0.3084515731,                  5P      4
0.951240047,0.0,-57.5,0.0,0.0,1.0,-7.0,0,0;                            5P      5
100,0.0,0.0,0.0,1.621,0.0,-1.541960116,0.5,0,0;                        7P      6
124,-1.0,0.0,0.0,-15.0,0.0,-1.0,0.0,-57.5,0.0,0.0,1.0,-7.0,0,0;        9P      7
100,0.0,0.0,0.0,1.621,0.0,-1.127016654,1.16510706,0,0;                11P      8
110,-13.87298335,-58.66510706,-7.0,-13.87298335,-57.0,-7.0,0,0;       13P      9
110,-13.87298335,-57.0,-7.0,-13.45803988,-57.0,-7.0,0,0;              15P     10
102,4,7,11,13,15,0,0;                                                 17P     11
142,0,3,0,17,2,0,0;                                                   19P     12
144,3,1,0,19,0,0;                                                     21P     13
314,37.25490196,0.0,0.0,5HColor,0,0;                                  23P     14
108,0.0,1.0,0.0,-57.0,0,-4.0,-57.0,0.0,1.0,0,0;                       25P     15
124,-0.4841229183,-0.875,0.0,-10.0,0.0,0.0,1.0,-57.0,-0.875,          27P     16
0.4841229183,0.0,0.0,0,0;                                             27P     17
100,0.0,0.0,0.0,8.0,0.0,3.872983346,7.0,0,0;                          29P     18
124,-1.0,0.0,0.0,-10.0,0.0,0.0,1.0,-57.0,0.0,1.0,0.0,0.0,0,0;         31P     19
100,0.0,0.0,0.0,8.0,0.0,-8.0,0.0,0,0;                                 33P     20
124,1.0,0.0,0.0,-10.0,0.0,0.0,1.0,-57.0,0.0,-1.0,0.0,0.0,0,0;         35P     21
100,0.0,0.0,0.0,8.0,0.0,-3.458039884,7.214011378,0,0;                 37P     22
110,-13.45803988,-57.0,-7.214011378,-13.45803988,-57.0,-7.0,0,0;      39P     23
110,-13.45803988,-57.0,-7.0,-13.87298335,-57.0,-7.0,0,0;              41P     24
102,5,29,33,37,39,41,0,0;                                             43P     25
142,0,25,0,43,2,0,0;                                                  45P     26
124,-1.0,0.0,0.0,-10.0,0.0,0.0,-1.0,-57.0,0.0,-1.0,0.0,0.0,0,0;       47P     27
100,0.0,0.0,0.0,6.0,0.0,-6.0,0.0,0,0;                                 49P     28
124,1.0,0.0,0.0,-10.0,0.0,0.0,-1.0,-57.0,0.0,1.0,0.0,0.0,0,0;         51P     29
100,0.0,0.0,0.0,6.0,0.0,-6.0,0.0,0,0;                                 53P     30
102,2,49,53,0,0;                                                      55P     31
142,0,25,0,55,2,0,0;                                                  57P     32
144,25,1,1,45,57,0,0;                                                 59P     33
314,0.0,68.62745098,68.62745098,5HColor,0,0;                          61P     34
110,-10.0,-65.0,0.0,-10.0,-64.0,0.0,0,0;                              63P     35
110,-4.0,-57.0,0.0,-4.0,-35.0,0.0,0,0;                                65P     36
120,63,65,0.0,6.283185307,0,0;                                        67P     37
110,-4.0,-35.0,0.0,-4.0,-57.0,0.0,0,0;                                69P     38
124,1.0,0.0,0.0,-10.0,0.0,0.0,1.0,-57.0,0.0,-1.0,0.0,0.0,0,0;         71P     39
100,0.0,0.0,0.0,6.0,0.0,-6.0,0.0,0,0;                                 73P     40
110,-16.0,-57.0,0.0,-16.0,-35.0,0.0,0,0;                              75P     41
124,-1.0,0.0,0.0,-10.0,0.0,0.0,-1.0,-35.0,0.0,-1.0,0.0,0.0,0,0;       77P     42
100,0.0,0.0,0.0,6.0,0.0,0.0,6.0,0,0;                                  79P     43
124,0.0,1.0,0.0,-10.0,0.0,0.0,-1.0,-35.0,-1.0,0.0,0.0,0.0,0,0;        81P     44
100,0.0,0.0,0.0,6.0,0.0,0.0,6.0,0,0;                                  83P     45
102,5,69,73,75,79,83,0,0;                                             85P     46
142,0,67,0,85,2,0,0;                                                  87P     47
144,67,1,0,87,0,0;                                                    89P     48
110,-10.0,-65.0,0.0,-10.0,-64.0,0.0,0,0;                              91P     49
110,-16.0,-57.0,0.0,-16.0,-35.0,0.0,0,0;                              93P     50
120,91,93,0.0,6.283185307,0,0;                                        95P     51
110,-16.0,-35.0,0.0,-16.0,-57.0,0.0,0,0;                              97P     52
124,-1.0,0.0,0.0,-10.0,0.0,0.0,1.0,-57.0,0.0,1.0,0.0,0.0,0,0;         99P     53
100,0.0,0.0,0.0,6.0,0.0,-6.0,0.0,0,0;                                101P     54
110,-4.0,-57.0,0.0,-4.0,-35.0,0.0,0,0;                               103P     55
124,1.0,0.0,0.0,-10.0,0.0,0.0,-1.0,-35.0,0.0,1.0,0.0,0.0,0,0;        105P     56
100,0.0,0.0,0.0,6.0,0.0,0.0,6.0,0,0;                                 107P     57
124,0.0,-1.0,0.0,-10.0,0.0,0.0,-1.0,-35.0,1.0,0.0,0.0,0.0,0,0;       109P     58
100,0.0,0.0,0.0,6.0,0.0,0.0,6.0,0,0;                                 111P     59
102,5,97,101,103,107,111,0,0;                                        113P     60
142,0,95,0,113,2,0,0;                                                115P     61
144,95,1,0,115,0,0;                                                  117P     62
108,0.0,1.0,0.0,-35.0,0,0.0,-35.0,-7.0,1.0,0,0;                      119P     63
124,0.0,-1.0,0.0,-10.0,0.0,0.0,1.0,-35.0,-1.0,0.0,0.0,0.0,0,0;       121P     64
100,0.0,0.0,0.0,6.0,0.0,0.0,6.0,0,0;                                 123P     65
124,-1.0,0.0,0.0,-10.0,0.0,0.0,1.0,-35.0,0.0,1.0,0.0,0.0,0,0;        125P     66
100,0.0,0.0,0.0,6.0,0.0,0.0,6.0,0,0;                                 127P     67
110,-10.0,-35.0,6.0,-20.0,-35.0,6.0,0,0;                             129P     68
110,-20.0,-35.0,6.0,-20.0,-35.0,-6.0,0,0;                            131P     69
110,-20.0,-35.0,-6.0,-10.0,-35.0,-6.0,0,0;                           133P     70
102,5,123,127,129,131,133,0,0;                                       135P     71
142,0,119,0,135,2,0,0;                                               137P     72
144,119,1,0,137,0,0;                                                 139P     73
110,-10.0,-35.0,-6.0,8.0,-35.0,-6.0,0,0;                             141P     74
110,8.0,-35.0,-6.0,8.0,-35.0,6.0,0,0;                                143P     75
110,8.0,-35.0,6.0,-10.0,-35.0,6.0,0,0;                               145P     76
124,0.0,1.0,0.0,-10.0,0.0,0.0,1.0,-35.0,1.0,0.0,0.0,0.0,0,0;         147P     77
100,0.0,0.0,0.0,6.0,0.0,0.0,6.0,0,0;                                 149P     78
124,1.0,0.0,0.0,-10.0,0.0,0.0,1.0,-35.0,0.0,-1.0,0.0,0.0,0,0;        151P     79
100,0.0,0.0,0.0,6.0,0.0,0.0,6.0,0,0;                                 153P     80
102,5,141,143,145,149,153,0,0;                                       155P     81
142,0,119,0,155,2,0,0;                                               157P     82
144,119,1,0,157,0,0;                                                 159P     83
110,-6.0,-34.0,-6.0,-5.0,-34.0,-6.0,0,0;                             161P     84
110,-20.0,-35.0,-6.0,8.0,-35.0,-6.0,0,0;                             163P     85
120,161,163,0.0,6.283185307,0,0;                                     165P     86
124,0.0,0.0,1.0,-20.0,-1.0,0.0,0.0,-34.0,0.0,-1.0,0.0,-6.0,0,0;      167P     87
100,0.0,0.0,0.0,1.0,0.0,0.0,1.0,0,0;                                 169P     88
110,-20.0,-34.0,-7.0,8.0,-34.0,-7.0,0,0;                             171P     89
124,0.0,0.0,-1.0,8.0,0.0,-1.0,0.0,-34.0,-1.0,0.0,0.0,-6.0,0,0;       173P     90
100,0.0,0.0,0.0,1.0,0.0,0.0,1.0,0,0;                                 175P     91
110,8.0,-35.0,-6.0,-10.0,-35.0,-6.0,0,0;                             177P     92
110,-10.0,-35.0,-6.0,-20.0,-35.0,-6.0,0,0;                           179P     93
102,5,169,171,175,177,179,0,0;                                       181P     94
142,0,165,0,181,2,0,0;                                               183P     95
144,165,1,0,183,0,0;                                                 185P     96
314,20.0,20.0,20.0,5HColor,0,0;                                      187P     97
108,1.0,0.0,0.0,8.0,0,8.0,0.0,0.0,1.0,0,0;                           189P     98
110,8.0,65.0,-10.0,8.0,-15.0,-10.0,0,0;                              191P     99
110,8.0,-15.0,-10.0,8.0,-15.0,-12.0,0,0;                             193P    100
110,8.0,-15.0,-12.0,8.0,-65.0,-12.0,0,0;                             195P    101
110,8.0,-65.0,-12.0,8.0,-65.0,12.0,0,0;                              197P    102
110,8.0,-65.0,12.0,8.0,65.0,12.0,0,0;                                199P    103
110,8.0,65.0,12.0,8.0,65.0,-10.0,0,0;                                201P    104
102,6,191,193,195,197,199,201,0,0;                                   203P    105
142,0,189,0,203,2,0,0;                                               205P    106
110,8.0,55.0,-6.0,8.0,55.0,6.0,0,0;                                  207P    107
124,0.0,0.0,1.0,8.0,1.0,0.0,0.0,54.0,0.0,1.0,0.0,6.0,0,0;            209P    108
100,0.0,0.0,0.0,1.0,0.0,0.0,1.0,0,0;                                 211P    109
110,8.0,54.0,7.0,8.0,-34.0,7.0,0,0;                                  213P    110
124,0.0,0.0,1.0,8.0,0.0,-1.0,0.0,-34.0,1.0,0.0,0.0,6.0,0,0;          215P    111
100,0.0,0.0,0.0,1.0,0.0,0.0,1.0,0,0;                                 217P    112
110,8.0,-35.0,6.0,8.0,-35.0,-6.0,0,0;                                219P    113
124,0.0,0.0,1.0,8.0,-1.0,0.0,0.0,-34.0,0.0,-1.0,0.0,-6.0,0,0;        221P    114
100,0.0,0.0,0.0,1.0,0.0,0.0,1.0,0,0;                                 223P    115
110,8.0,-34.0,-7.0,8.0,54.0,-7.0,0,0;                                225P    116
124,0.0,0.0,1.0,8.0,0.0,1.0,0.0,54.0,-1.0,0.0,0.0,-6.0,0,0;          227P    117
100,0.0,0.0,0.0,1.0,0.0,0.0,1.0,0,0;                                 229P    118
102,8,207,211,213,217,219,223,225,229,0,0;                           231P    119
142,0,189,0,231,2,0,0;                                               233P    120
144,189,1,1,205,233,0,0;                                             235P    121
110,-20.0,54.0,-7.0,8.0,54.0,-7.0,0,0;                               237P    122
110,8.0,54.0,-7.0,8.0,-34.0,-7.0,0,0;                                239P    123
110,8.0,-34.0,-7.0,-20.0,-34.0,-7.0,0,0;                             241P    124
110,-20.0,-34.0,-7.0,-20.0,54.0,-7.0,0,0;                            243P    125
102,4,237,239,241,243,0,0;                                           245P    126
142,0,3,0,245,2,0,0;                                                 247P    127
144,3,1,0,247,0,0;                                                   249P    128
108,0.0,-1.0,0.0,-65.0,0,0.0,65.0,12.0,1.0,0,0;                      251P    129
110,8.0,65.0,-10.0,8.0,65.0,12.0,0,0;                                253P    130
110,8.0,65.0,12.0,-20.0,65.0,12.0,0,0;                               255P    131
110,-20.0,65.0,12.0,-20.0,65.0,-10.0,0,0;                            257P    132
110,-20.0,65.0,-10.0,8.0,65.0,-10.0,0,0;                             259P    133
102,4,253,255,257,259,0,0;                                           261P    134
142,0,251,0,261,2,0,0;                                               263P    135
124,-1.0,0.0,0.0,5.0,0.0,0.0,1.0,65.0,0.0,1.0,0.0,9.0,0,0;           265P    136
100,0.0,0.0,0.0,1.2295,0.0,-1.2295,0.0,0,0;                          267P    137
124,1.0,0.0,0.0,5.0,0.0,0.0,1.0,65.0,0.0,-1.0,0.0,9.0,0,0;           269P    138
100,0.0,0.0,0.0,1.2295,0.0,-1.2295,0.0,0,0;                          271P    139
102,2,267,271,0,0;                                                   273P    140
142,0,251,0,273,2,0,0;                                               275P    141
124,-1.0,0.0,0.0,-10.0,0.0,0.0,1.0,65.0,0.0,1.0,0.0,0.0,0,0;         277P    142
100,0.0,0.0,0.0,8.0,0.0,-8.0,0.0,0,0;                                279P    143
124,1.0,0.0,0.0,-10.0,0.0,0.0,1.0,65.0,0.0,-1.0,0.0,0.0,0,0;         281P    144
100,0.0,0.0,0.0,8.0,0.0,-8.0,0.0,0,0;                                283P    145
102,2,279,283,0,0;                                                   285P    146
142,0,251,0,285,2,0,0;                                               287P    147
124,-1.0,0.0,0.0,5.0,0.0,0.0,1.0,65.0,0.0,1.0,0.0,-7.0,0,0;          289P    148
100,0.0,0.0,0.0,1.2295,0.0,-1.2295,0.0,0,0;                          291P    149
124,1.0,0.0,0.0,5.0,0.0,0.0,1.0,65.0,0.0,-1.0,0.0,-7.0,0,0;          293P    150
100,0.0,0.0,0.0,1.2295,0.0,-1.2295,0.0,0,0;                          295P    151
102,2,291,295,0,0;                                                   297P    152
142,0,251,0,297,2,0,0;                                               299P    153
124,-1.0,0.0,0.0,-17.0,0.0,0.0,1.0,65.0,0.0,1.0,0.0,9.0,0,0;         301P    154
100,0.0,0.0,0.0,1.2295,0.0,-1.2295,0.0,0,0;                          303P    155
124,1.0,0.0,0.0,-17.0,0.0,0.0,1.0,65.0,0.0,-1.0,0.0,9.0,0,0;         305P    156
100,0.0,0.0,0.0,1.2295,0.0,-1.2295,0.0,0,0;                          307P    157
102,2,303,307,0,0;                                                   309P    158
142,0,251,0,309,2,0,0;                                               311P    159
144,251,1,4,263,275,287,299,311,0,0;                                 313P    160
108,0.0,0.0,-1.0,-12.0,0,0.0,-65.0,12.0,1.0,0,0;                     315P    161
110,8.0,65.0,12.0,8.0,-65.0,12.0,0,0;                                317P    162
110,8.0,-65.0,12.0,-20.0,-65.0,12.0,0,0;                             319P    163
110,-20.0,-65.0,12.0,-20.0,65.0,12.0,0,0;                            321P    164
110,-20.0,65.0,12.0,8.0,65.0,12.0,0,0;                               323P    165
102,4,317,319,321,323,0,0;                                           325P    166
142,0,315,0,325,2,0,0;                                               327P    167
124,-1.0,0.0,0.0,-9.0,0.0,-1.0,0.0,-22.5,0.0,0.0,1.0,12.0,0,0;       329P    168
100,0.0,0.0,0.0,1.621,0.0,-1.621,0.0,0,0;                            331P    169
124,1.0,0.0,0.0,-9.0,0.0,1.0,0.0,-22.5,0.0,0.0,1.0,12.0,0,0;         333P    170
100,0.0,0.0,0.0,1.621,0.0,-1.621,0.0,0,0;                            335P    171
102,2,331,335,0,0;                                                   337P    172
142,0,315,0,337,2,0,0;                                               339P    173
110,3.0,-55.0,12.0,3.0,-44.0,12.0,0,0;                               341P    174
110,3.0,-44.0,12.0,-0.3,-44.0,12.0,0,0;                              343P    175
110,-0.3,-44.0,12.0,-0.3,-55.0,12.0,0,0;                             345P    176
110,-0.3,-55.0,12.0,3.0,-55.0,12.0,0,0;                              347P    177
102,4,341,343,345,347,0,0;                                           349P    178
142,0,315,0,349,2,0,0;                                               351P    179
110,3.0,0.0,12.0,3.0,11.0,12.0,0,0;                                  353P    180
110,3.0,11.0,12.0,-0.3,11.0,12.0,0,0;                                355P    181
110,-0.3,11.0,12.0,-0.3,0.0,12.0,0,0;                                357P    182
110,-0.3,0.0,12.0,3.0,0.0,12.0,0,0;                                  359P    183
102,4,353,355,357,359,0,0;                                           361P    184
142,0,315,0,361,2,0,0;                                               363P    185
124,-1.0,0.0,0.0,-9.0,0.0,-1.0,0.0,12.5,0.0,0.0,1.0,12.0,0,0;        365P    186
100,0.0,0.0,0.0,1.621,0.0,-1.621,0.0,0,0;                            367P    187
124,1.0,0.0,0.0,-9.0,0.0,1.0,0.0,12.5,0.0,0.0,1.0,12.0,0,0;          369P    188
100,0.0,0.0,0.0,1.621,0.0,-1.621,0.0,0,0;                            371P    189
102,2,367,371,0,0;                                                   373P    190
142,0,315,0,373,2,0,0;                                               375P    191
124,-1.0,0.0,0.0,-9.0,0.0,-1.0,0.0,47.5,0.0,0.0,1.0,12.0,0,0;        377P    192
100,0.0,0.0,0.0,1.621,0.0,-1.621,0.0,0,0;                            379P    193
124,1.0,0.0,0.0,-9.0,0.0,1.0,0.0,47.5,0.0,0.0,1.0,12.0,0,0;          381P    194
100,0.0,0.0,0.0,1.621,0.0,-1.621,0.0,0,0;                            383P    195
102,2,379,383,0,0;                                                   385P    196
142,0,315,0,385,2,0,0;                                               387P    197
144,315,1,5,327,339,351,363,375,387,0,0;                             389P    198
108,0.0,1.0,0.0,-65.0,0,0.0,-65.0,-12.0,1.0,0,0;                     391P    199
110,8.0,-65.0,12.0,8.0,-65.0,-12.0,0,0;                              393P    200
110,8.0,-65.0,-12.0,-20.0,-65.0,-12.0,0,0;                           395P    201
110,-20.0,-65.0,-12.0,-20.0,-65.0,12.0,0,0;                          397P    202
110,-20.0,-65.0,12.0,8.0,-65.0,12.0,0,0;                             399P    203
102,4,393,395,397,399,0,0;                                           401P    204
142,0,391,0,401,2,0,0;                                               403P    205
124,-1.0,0.0,0.0,-10.0,0.0,0.0,-1.0,-65.0,0.0,-1.0,0.0,0.0,0,0;      405P    206
100,0.0,0.0,0.0,8.0,0.0,-8.0,0.0,0,0;                                407P    207
124,1.0,0.0,0.0,-10.0,0.0,0.0,-1.0,-65.0,0.0,1.0,0.0,0.0,0,0;        409P    208
100,0.0,0.0,0.0,8.0,0.0,-8.0,0.0,0,0;                                411P    209
102,2,407,411,0,0;                                                   413P    210
142,0,391,0,413,2,0,0;                                               415P    211
144,391,1,1,403,415,0,0;                                             417P    212
108,0.0,0.0,1.0,-12.0,0,0.0,65.0,-12.0,1.0,0,0;                      419P    213
110,-20.0,-15.0,-12.0,-20.0,-65.0,-12.0,0,0;                         421P    214
110,-20.0,-65.0,-12.0,8.0,-65.0,-12.0,0,0;                           423P    215
110,8.0,-65.0,-12.0,8.0,-15.0,-12.0,0,0;                             425P    216
110,8.0,-15.0,-12.0,-20.0,-15.0,-12.0,0,0;                           427P    217
102,4,421,423,425,427,0,0;                                           429P    218
142,0,419,0,429,2,0,0;                                               431P    219
124,-1.0,0.0,0.0,3.0,0.0,1.0,0.0,-57.5,0.0,0.0,-1.0,-12.0,0,0;       433P    220
100,0.0,0.0,0.0,1.621,0.0,-1.621,0.0,0,0;                            435P    221
124,1.0,0.0,0.0,3.0,0.0,-1.0,0.0,-57.5,0.0,0.0,-1.0,-12.0,0,0;       437P    222
100,0.0,0.0,0.0,1.621,0.0,-1.621,0.0,0,0;                            439P    223
102,2,435,439,0,0;                                                   441P    224
142,0,419,0,441,2,0,0;                                               443P    225
124,-1.0,0.0,0.0,-15.0,0.0,1.0,0.0,-57.5,0.0,0.0,-1.0,-12.0,0,0;     445P    226
100,0.0,0.0,0.0,1.621,0.0,-1.621,0.0,0,0;                            447P    227
124,1.0,0.0,0.0,-15.0,0.0,-1.0,0.0,-57.5,0.0,0.0,-1.0,-12.0,0,0;     449P    228
100,0.0,0.0,0.0,1.621,0.0,-1.621,0.0,0,0;                            451P    229
102,2,447,451,0,0;                                                   453P    230
142,0,419,0,453,2,0,0;                                               455P    231
144,419,1,2,431,443,455,0,0;                                         457P    232
110,-6.0,54.0,-6.0,-5.0,54.0,-6.0,0,0;                               459P    233
110,-20.0,54.0,-7.0,8.0,54.0,-7.0,0,0;                               461P    234
120,459,461,0.0,6.283185307,0,0;                                     463P    235
110,5.715311296,55.0,-6.0,8.0,55.0,-6.0,0,0;                         465P    236
124,0.0,0.0,-1.0,8.0,1.0,0.0,0.0,54.0,0.0,-1.0,0.0,-6.0,0,0;         467P    237
100,0.0,0.0,0.0,1.0,0.0,0.0,1.0,0,0;                                 469P    238
110,8.0,54.0,-7.0,-20.0,54.0,-7.0,0,0;                               471P    239
124,0.0,0.0,1.0,-20.0,0.0,1.0,0.0,54.0,-1.0,0.0,0.0,-6.0,0,0;        473P    240
100,0.0,0.0,0.0,1.0,0.0,0.0,1.0,0,0;                                 475P    241
110,-20.0,55.0,-6.0,-10.0,55.0,-6.0,0,0;                             477P    242
110,-10.0,55.0,-6.0,4.284688704,55.0,-6.0,0,0;                       479P    243
126,47,5,0,0,1,0,0.0,0.0,0.0,0.0,0.0,0.0,0.2431436508,               481P    244
0.2431436508,0.2431436508,0.5198926625,0.5198926625,                 481P    245
0.5198926625,1.163498602,1.163498602,1.163498602,1.770802513,        481P    246
1.770802513,1.770802513,2.161796558,2.161796558,2.161796558,         481P    247
2.284973575,2.284973575,2.284973575,2.584927987,2.584927987,         481P    248
2.584927987,3.117549852,3.117549852,3.117549852,3.379744866,         481P    249
3.379744866,3.379744866,3.747310731,3.747310731,3.747310731,         481P    250
3.956117644,3.956117644,3.956117644,4.7670911,4.7670911,             481P    251
4.7670911,5.197595611,5.197595611,5.197595611,5.469703452,           481P    252
5.469703452,5.469703452,5.683385773,5.683385773,5.683385773,         481P    253
5.683385773,5.683385773,5.683385773,1.0,1.0,1.0,1.0,1.0,1.0,1.0,     481P    254
1.0,1.0,1.0,1.0,1.0,1.0,1.0,1.0,1.0,1.0,1.0,1.0,1.0,1.0,1.0,1.0,     481P    255
1.0,1.0,1.0,1.0,1.0,1.0,1.0,1.0,1.0,1.0,1.0,1.0,1.0,1.0,1.0,1.0,     481P    256
1.0,1.0,1.0,1.0,1.0,1.0,1.0,1.0,1.0,4.284688704,55.0,-6.0,           481P    257
4.24931265,55.0,-6.025304891,4.215862501,54.99919958,                481P    258
-6.053301777,4.184661405,54.99726031,-6.084531442,4.127073005,       481P    259
54.98946152,-6.157404293,4.093745301,54.97248582,-6.23953914,        481P    260
4.084985647,54.96006968,-6.285149207,4.083148945,54.91287666,        481P    261
-6.425269679,4.146856912,54.85048665,-6.536051589,4.200236997,       481P    262
54.80694012,-6.596970599,4.317123853,54.72038132,-6.700635124,       481P    263
4.450558966,54.63233321,-6.777632472,4.517398376,54.58954909,        481P    264
-6.810267615,4.630519565,54.51879188,-6.857379238,4.746918787,       481P    265
54.44840281,-6.894632457,4.793501764,54.42049636,-6.908115191,       481P    266
4.855559803,54.38419418,-6.923560198,4.900026794,54.35952605,        481P    267
-6.933164397,4.909465436,54.35440482,-6.935110399,4.937445193,       481P    268
54.33958759,-6.940652662,4.953719522,54.33214306,-6.94322933,        481P    269
4.962753869,54.32848767,-6.944514724,4.983274279,54.32137776,        481P    270
-6.946964116,4.996714138,54.32002,-6.947405326,5.004850479,          481P    271
54.32011436,-6.947372563,5.017785252,54.3216489,-6.946873805,        481P    272
5.037986045,54.32883992,-6.944391208,5.045893963,54.33206079,        481P    273
-6.94326296,5.069584026,54.34280938,-6.939509866,5.116678874,        481P    274
54.36829296,-6.929936032,5.161727548,54.39429521,-6.91958901,        481P    275
5.2285758,54.43374586,-6.901773234,5.295834888,54.47433538,          481P    276
-6.880581611,5.320172564,54.4891246,-6.872461066,5.437944571,        481P    277
54.56118676,-6.83087635,5.551870024,54.63341133,-6.778797749,        481P    278
5.637708005,54.68995954,-6.729899315,5.764491231,54.77719161,        481P    279
-6.640238479,5.860536714,54.86065758,-6.513400563,5.889583895,       481P    280
54.88969163,-6.462829648,5.92134869,54.93374677,-6.368873483,        481P    281
5.910681115,54.96731439,-6.259453361,5.897846798,54.97821558,        481P    282
-6.214411649,5.860484252,54.99184556,-6.13910893,5.803869136,        481P    283
54.9979128,-6.073296753,5.776003021,54.9993818,-6.046556624,         481P    284
5.74640089,55.0,-6.022238738,5.715311296,55.0,-6.0,0.0,              481P    285
5.683385773,0.0,0.0,0.0,0,0;                                         481P    286
102,7,465,469,471,475,477,479,481,0,0;                               483P    287
142,0,463,0,483,2,0,0;                                               485P    288
144,463,1,0,485,0,0;                                                 487P    289
110,-6.0,54.0,6.0,-5.0,54.0,6.0,0,0;                                 489P    290
110,-20.0,55.0,6.0,8.0,55.0,6.0,0,0;                                 491P    291
120,489,491,0.0,6.283185307,0,0;                                     493P    292
124,0.0,0.0,1.0,-20.0,1.0,0.0,0.0,54.0,0.0,1.0,0.0,6.0,0,0;          495P    293
100,0.0,0.0,0.0,1.0,0.0,0.0,1.0,0,0;                                 497P    294
110,-20.0,54.0,7.0,8.0,54.0,7.0,0,0;                                 499P    295
124,0.0,0.0,-1.0,8.0,0.0,1.0,0.0,54.0,1.0,0.0,0.0,6.0,0,0;           501P    296
100,0.0,0.0,0.0,1.0,0.0,0.0,1.0,0,0;                                 503P    297
110,8.0,55.0,6.0,-10.0,55.0,6.0,0,0;                                 505P    298
110,-10.0,55.0,6.0,-20.0,55.0,6.0,0,0;                               507P    299
102,5,497,499,503,505,507,0,0;                                       509P    300
142,0,493,0,509,2,0,0;                                               511P    301
144,493,1,0,511,0,0;                                                 513P    302
110,5.0,65.0,9.0,5.0,64.0,9.0,0,0;                                   515P    303
110,6.2295,65.0,9.0,6.2295,55.0,9.0,0,0;                             517P    304
120,515,517,0.0,6.283185307,0,0;                                     519P    305
110,3.7705,65.0,9.0,3.7705,55.0,9.0,0,0;                             521P    306
124,-1.0,0.0,0.0,5.0,0.0,0.0,1.0,55.0,0.0,1.0,0.0,9.0,0,0;           523P    307
100,0.0,0.0,0.0,1.2295,0.0,-1.2295,0.0,0,0;                          525P    308
110,6.2295,55.0,9.0,6.2295,65.0,9.0,0,0;                             527P    309
124,1.0,0.0,0.0,5.0,0.0,0.0,-1.0,65.0,0.0,1.0,0.0,9.0,0,0;           529P    310
100,0.0,0.0,0.0,1.2295,0.0,-1.2295,0.0,0,0;                          531P    311
102,4,521,525,527,531,0,0;                                           533P    312
142,0,519,0,533,2,0,0;                                               535P    313
144,519,1,0,535,0,0;                                                 537P    314
110,5.0,65.0,9.0,5.0,64.0,9.0,0,0;                                   539P    315
110,3.7705,65.0,9.0,3.7705,55.0,9.0,0,0;                             541P    316
120,539,541,0.0,6.283185307,0,0;                                     543P    317
110,6.2295,65.0,9.0,6.2295,55.0,9.0,0,0;                             545P    318
124,1.0,0.0,0.0,5.0,0.0,0.0,1.0,55.0,0.0,-1.0,0.0,9.0,0,0;           547P    319
100,0.0,0.0,0.0,1.2295,0.0,-1.2295,0.0,0,0;                          549P    320
110,3.7705,55.0,9.0,3.7705,65.0,9.0,0,0;                             551P    321
124,-1.0,0.0,0.0,5.0,0.0,0.0,-1.0,65.0,0.0,-1.0,0.0,9.0,0,0;         553P    322
100,0.0,0.0,0.0,1.2295,0.0,-1.2295,0.0,0,0;                          555P    323
102,4,545,549,551,555,0,0;                                           557P    324
142,0,543,0,557,2,0,0;                                               559P    325
144,543,1,0,559,0,0;                                                 561P    326
314,0.0,31.37254902,100.0,5HColor,0,0;                               563P    327
110,-10.0,65.0,0.0,-10.0,64.0,0.0,0,0;                               565P    328
110,-2.0,65.0,0.0,-2.0,63.7,0.0,0,0;                                 567P    329
120,565,567,0.0,6.283185307,0,0;                                     569P    330
110,-2.0,63.7,0.0,-2.0,65.0,0.0,0,0;                                 571P    331
124,1.0,0.0,0.0,-10.0,0.0,0.0,-1.0,65.0,0.0,1.0,0.0,0.0,0,0;         573P    332
100,0.0,0.0,0.0,8.0,0.0,-8.0,0.0,0,0;                                575P    333
110,-18.0,65.0,0.0,-18.0,63.7,0.0,0,0;                               577P    334
124,-1.0,0.0,0.0,-10.0,0.0,0.0,1.0,63.7,0.0,1.0,0.0,0.0,0,0;         579P    335
100,0.0,0.0,0.0,8.0,0.0,-8.0,0.0,0,0;                                581P    336
102,4,571,575,577,581,0,0;                                           583P    337
142,0,569,0,583,2,0,0;                                               585P    338
144,569,1,0,585,0,0;                                                 587P    339
110,-10.0,65.0,0.0,-10.0,64.0,0.0,0,0;                               589P    340
110,-18.0,65.0,0.0,-18.0,63.7,0.0,0,0;                               591P    341
120,589,591,0.0,6.283185307,0,0;                                     593P    342
110,-18.0,63.7,0.0,-18.0,65.0,0.0,0,0;                               595P    343
124,-1.0,0.0,0.0,-10.0,0.0,0.0,-1.0,65.0,0.0,-1.0,0.0,0.0,0,0;       597P    344
100,0.0,0.0,0.0,8.0,0.0,-8.0,0.0,0,0;                                599P    345
110,-2.0,65.0,0.0,-2.0,63.7,0.0,0,0;                                 601P    346
124,1.0,0.0,0.0,-10.0,0.0,0.0,1.0,63.7,0.0,-1.0,0.0,0.0,0,0;         603P    347
100,0.0,0.0,0.0,8.0,0.0,-8.0,0.0,0,0;                                605P    348
102,4,595,599,601,605,0,0;                                           607P    349
142,0,593,0,607,2,0,0;                                               609P    350
144,593,1,0,609,0,0;                                                 611P    351
110,5.0,65.0,-7.0,5.0,64.0,-7.0,0,0;                                 613P    352
110,6.2295,65.0,-7.0,6.2295,55.0,-7.0,0,0;                           615P    353
120,613,615,0.0,6.283185307,0,0;                                     617P    354
110,3.7705,65.0,-7.0,3.7705,55.0,-7.0,0,0;                           619P    355
124,-1.0,0.0,0.0,5.0,0.0,0.0,1.0,55.0,0.0,1.0,0.0,-7.0,0,0;          621P    356
100,0.0,0.0,0.0,1.2295,0.0,0.7153112959,1.0,0,0;                     623P    357
124,-0.5817903992,0.8133387556,0.0,5.0,0.0,0.0,1.0,55.0,             625P    358
0.8133387556,0.5817903992,0.0,-7.0,0,0;                              625P    359
100,0.0,0.0,0.0,1.2295,0.0,0.3971775112,1.163580798,0,0;             627P    360
124,0.5817903992,0.8133387556,0.0,5.0,0.0,0.0,1.0,55.0,              629P    361
0.8133387556,-0.5817903992,0.0,-7.0,0,0;                             629P    362
100,0.0,0.0,0.0,1.2295,0.0,0.7153112959,1.0,0,0;                     631P    363
110,6.2295,55.0,-7.0,6.2295,65.0,-7.0,0,0;                           633P    364
124,1.0,0.0,0.0,5.0,0.0,0.0,-1.0,65.0,0.0,1.0,0.0,-7.0,0,0;          635P    365
100,0.0,0.0,0.0,1.2295,0.0,-1.2295,0.0,0,0;                          637P    366
102,6,619,623,627,631,633,637,0,0;                                   639P    367
142,0,617,0,639,2,0,0;                                               641P    368
144,617,1,0,641,0,0;                                                 643P    369
110,5.0,65.0,-7.0,5.0,64.0,-7.0,0,0;                                 645P    370
110,3.7705,65.0,-7.0,3.7705,55.0,-7.0,0,0;                           647P    371
120,645,647,0.0,6.283185307,0,0;                                     649P    372
110,6.2295,65.0,-7.0,6.2295,55.0,-7.0,0,0;                           651P    373
124,1.0,0.0,0.0,5.0,0.0,0.0,1.0,55.0,0.0,-1.0,0.0,-7.0,0,0;          653P    374
100,0.0,0.0,0.0,1.2295,0.0,-1.2295,0.0,0,0;                          655P    375
110,3.7705,55.0,-7.0,3.7705,65.0,-7.0,0,0;                           657P    376
124,-1.0,0.0,0.0,5.0,0.0,0.0,-1.0,65.0,0.0,-1.0,0.0,-7.0,0,0;        659P    377
100,0.0,0.0,0.0,1.2295,0.0,-1.2295,0.0,0,0;                          661P    378
102,4,651,655,657,661,0,0;                                           663P    379
142,0,649,0,663,2,0,0;                                               665P    380
144,649,1,0,665,0,0;                                                 667P    381
110,-17.0,65.0,9.0,-17.0,64.0,9.0,0,0;                               669P    382
110,-15.7705,65.0,9.0,-15.7705,55.0,9.0,0,0;                         671P    383
120,669,671,0.0,6.283185307,0,0;                                     673P    384
110,-18.2295,65.0,9.0,-18.2295,55.0,9.0,0,0;                         675P    385
124,-1.0,0.0,0.0,-17.0,0.0,0.0,1.0,55.0,0.0,1.0,0.0,9.0,0,0;         677P    386
100,0.0,0.0,0.0,1.2295,0.0,-1.2295,0.0,0,0;                          679P    387
110,-15.7705,55.0,9.0,-15.7705,65.0,9.0,0,0;                         681P    388
124,1.0,0.0,0.0,-17.0,0.0,0.0,-1.0,65.0,0.0,1.0,0.0,9.0,0,0;         683P    389
100,0.0,0.0,0.0,1.2295,0.0,-1.2295,0.0,0,0;                          685P    390
102,4,675,679,681,685,0,0;                                           687P    391
142,0,673,0,687,2,0,0;                                               689P    392
144,673,1,0,689,0,0;                                                 691P    393
110,-17.0,65.0,9.0,-17.0,64.0,9.0,0,0;                               693P    394
110,-18.2295,65.0,9.0,-18.2295,55.0,9.0,0,0;                         695P    395
120,693,695,0.0,6.283185307,0,0;                                     697P    396
110,-15.7705,65.0,9.0,-15.7705,55.0,9.0,0,0;                         699P    397
124,1.0,0.0,0.0,-17.0,0.0,0.0,1.0,55.0,0.0,-1.0,0.0,9.0,0,0;         701P    398
100,0.0,0.0,0.0,1.2295,0.0,-1.2295,0.0,0,0;                          703P    399
110,-18.2295,55.0,9.0,-18.2295,65.0,9.0,0,0;                         705P    400
124,-1.0,0.0,0.0,-17.0,0.0,0.0,-1.0,65.0,0.0,-1.0,0.0,9.0,0,0;       707P    401
100,0.0,0.0,0.0,1.2295,0.0,-1.2295,0.0,0,0;                          709P    402
102,4,699,703,705,709,0,0;                                           711P    403
142,0,697,0,711,2,0,0;                                               713P    404
144,697,1,0,713,0,0;                                                 715P    405
110,-9.0,-22.5,12.0,-9.0,-22.5,11.0,0,0;                             717P    406
110,-7.379,-22.5,12.0,-7.379,-22.5,7.0,0,0;                          719P    407
120,717,719,0.0,6.283185307,0,0;                                     721P    408
124,1.0,0.0,0.0,-9.0,0.0,-1.0,0.0,-22.5,0.0,0.0,-1.0,12.0,0,0;       723P    409
100,0.0,0.0,0.0,1.621,0.0,-1.621,0.0,0,0;                            725P    410
110,-10.621,-22.5,12.0,-10.621,-22.5,7.0,0,0;                        727P    411
124,-1.0,0.0,0.0,-9.0,0.0,-1.0,0.0,-22.5,0.0,0.0,1.0,7.0,0,0;        729P    412
100,0.0,0.0,0.0,1.621,0.0,-1.621,0.0,0,0;                            731P    413
110,-7.379,-22.5,7.0,-7.379,-22.5,12.0,0,0;                          733P    414
102,4,725,727,731,733,0,0;                                           735P    415
142,0,721,0,735,2,0,0;                                               737P    416
144,721,1,0,737,0,0;                                                 739P    417
110,-9.0,-22.5,12.0,-9.0,-22.5,11.0,0,0;                             741P    418
110,-10.621,-22.5,12.0,-10.621,-22.5,7.0,0,0;                        743P    419
120,741,743,0.0,6.283185307,0,0;                                     745P    420
124,-1.0,0.0,0.0,-9.0,0.0,1.0,0.0,-22.5,0.0,0.0,-1.0,12.0,0,0;       747P    421
100,0.0,0.0,0.0,1.621,0.0,-1.621,0.0,0,0;                            749P    422
110,-7.379,-22.5,12.0,-7.379,-22.5,7.0,0,0;                          751P    423
124,1.0,0.0,0.0,-9.0,0.0,1.0,0.0,-22.5,0.0,0.0,1.0,7.0,0,0;          753P    424
100,0.0,0.0,0.0,1.621,0.0,-1.621,0.0,0,0;                            755P    425
110,-10.621,-22.5,7.0,-10.621,-22.5,12.0,0,0;                        757P    426
102,4,749,751,755,757,0,0;                                           759P    427
142,0,745,0,759,2,0,0;                                               761P    428
144,745,1,0,761,0,0;                                                 763P    429
110,-9.0,12.5,12.0,-9.0,12.5,11.0,0,0;                               765P    430
110,-7.379,12.5,12.0,-7.379,12.5,7.0,0,0;                            767P    431
120,765,767,0.0,6.283185307,0,0;                                     769P    432
124,1.0,0.0,0.0,-9.0,0.0,-1.0,0.0,12.5,0.0,0.0,-1.0,12.0,0,0;        771P    433
100,0.0,0.0,0.0,1.621,0.0,-1.621,0.0,0,0;                            773P    434
110,-10.621,12.5,12.0,-10.621,12.5,7.0,0,0;                          775P    435
124,-1.0,0.0,0.0,-9.0,0.0,-1.0,0.0,12.5,0.0,0.0,1.0,7.0,0,0;         777P    436
100,0.0,0.0,0.0,1.621,0.0,-1.621,0.0,0,0;                            779P    437
110,-7.379,12.5,7.0,-7.379,12.5,12.0,0,0;                            781P    438
102,4,773,775,779,781,0,0;                                           783P    439
142,0,769,0,783,2,0,0;                                               785P    440
144,769,1,0,785,0,0;                                                 787P    441
110,-9.0,12.5,12.0,-9.0,12.5,11.0,0,0;                               789P    442
110,-10.621,12.5,12.0,-10.621,12.5,7.0,0,0;                          791P    443
120,789,791,0.0,6.283185307,0,0;                                     793P    444
124,-1.0,0.0,0.0,-9.0,0.0,1.0,0.0,12.5,0.0,0.0,-1.0,12.0,0,0;        795P    445
100,0.0,0.0,0.0,1.621,0.0,-1.621,0.0,0,0;                            797P    446
110,-7.379,12.5,12.0,-7.379,12.5,7.0,0,0;                            799P    447
124,1.0,0.0,0.0,-9.0,0.0,1.0,0.0,12.5,0.0,0.0,1.0,7.0,0,0;           801P    448
100,0.0,0.0,0.0,1.621,0.0,-1.621,0.0,0,0;                            803P    449
110,-10.621,12.5,7.0,-10.621,12.5,12.0,0,0;                          805P    450
102,4,797,799,803,805,0,0;                                           807P    451
142,0,793,0,807,2,0,0;                                               809P    452
144,793,1,0,809,0,0;                                                 811P    453
110,-9.0,47.5,12.0,-9.0,47.5,11.0,0,0;                               813P    454
110,-7.379,47.5,12.0,-7.379,47.5,7.0,0,0;                            815P    455
120,813,815,0.0,6.283185307,0,0;                                     817P    456
124,1.0,0.0,0.0,-9.0,0.0,-1.0,0.0,47.5,0.0,0.0,-1.0,12.0,0,0;        819P    457
100,0.0,0.0,0.0,1.621,0.0,-1.621,0.0,0,0;                            821P    458
110,-10.621,47.5,12.0,-10.621,47.5,7.0,0,0;                          823P    459
124,-1.0,0.0,0.0,-9.0,0.0,-1.0,0.0,47.5,0.0,0.0,1.0,7.0,0,0;         825P    460
100,0.0,0.0,0.0,1.621,0.0,-1.621,0.0,0,0;                            827P    461
110,-7.379,47.5,7.0,-7.379,47.5,12.0,0,0;                            829P    462
102,4,821,823,827,829,0,0;                                           831P    463
142,0,817,0,831,2,0,0;                                               833P    464
144,817,1,0,833,0,0;                                                 835P    465
110,-9.0,47.5,12.0,-9.0,47.5,11.0,0,0;                               837P    466
110,-10.621,47.5,12.0,-10.621,47.5,7.0,0,0;                          839P    467
120,837,839,0.0,6.283185307,0,0;                                     841P    468
124,-1.0,0.0,0.0,-9.0,0.0,1.0,0.0,47.5,0.0,0.0,-1.0,12.0,0,0;        843P    469
100,0.0,0.0,0.0,1.621,0.0,-1.621,0.0,0,0;                            845P    470
110,-7.379,47.5,12.0,-7.379,47.5,7.0,0,0;                            847P    471
124,1.0,0.0,0.0,-9.0,0.0,1.0,0.0,47.5,0.0,0.0,1.0,7.0,0,0;           849P    472
100,0.0,0.0,0.0,1.621,0.0,-1.621,0.0,0,0;                            851P    473
110,-10.621,47.5,7.0,-10.621,47.5,12.0,0,0;                          853P    474
102,4,845,847,851,853,0,0;                                           855P    475
142,0,841,0,855,2,0,0;                                               857P    476
144,841,1,0,857,0,0;                                                 859P    477
110,-10.0,-65.0,0.0,-10.0,-64.0,0.0,0,0;                             861P    478
110,-2.0,-65.0,0.0,-2.0,-63.7,0.0,0,0;                               863P    479
120,861,863,0.0,6.283185307,0,0;                                     865P    480
110,-2.0,-63.7,0.0,-2.0,-65.0,0.0,0,0;                               867P    481
124,1.0,0.0,0.0,-10.0,0.0,0.0,1.0,-65.0,0.0,-1.0,0.0,0.0,0,0;        869P    482
100,0.0,0.0,0.0,8.0,0.0,-8.0,0.0,0,0;                                871P    483
110,-18.0,-65.0,0.0,-18.0,-63.7,0.0,0,0;                             873P    484
124,-1.0,0.0,0.0,-10.0,0.0,0.0,-1.0,-63.7,0.0,-1.0,0.0,0.0,0,0;      875P    485
100,0.0,0.0,0.0,8.0,0.0,-8.0,0.0,0,0;                                877P    486
102,4,867,871,873,877,0,0;                                           879P    487
142,0,865,0,879,2,0,0;                                               881P    488
144,865,1,0,881,0,0;                                                 883P    489
110,-10.0,-65.0,0.0,-10.0,-64.0,0.0,0,0;                             885P    490
110,-18.0,-65.0,0.0,-18.0,-63.7,0.0,0,0;                             887P    491
120,885,887,0.0,6.283185307,0,0;                                     889P    492
110,-18.0,-63.7,0.0,-18.0,-65.0,0.0,0,0;                             891P    493
124,-1.0,0.0,0.0,-10.0,0.0,0.0,1.0,-65.0,0.0,1.0,0.0,0.0,0,0;        893P    494
100,0.0,0.0,0.0,8.0,0.0,-8.0,0.0,0,0;                                895P    495
110,-2.0,-65.0,0.0,-2.0,-63.7,0.0,0,0;                               897P    496
124,1.0,0.0,0.0,-10.0,0.0,0.0,-1.0,-63.7,0.0,1.0,0.0,0.0,0,0;        899P    497
100,0.0,0.0,0.0,8.0,0.0,-8.0,0.0,0,0;                                901P    498
102,4,891,895,897,901,0,0;                                           903P    499
142,0,889,0,903,2,0,0;                                               905P    500
144,889,1,0,905,0,0;                                                 907P    501
108,0.0,-1.0,0.0,-55.0,0,0.0,55.0,7.0,1.0,0,0;                       909P    502
124,0.0,-1.0,0.0,-10.0,0.0,0.0,-1.0,55.0,1.0,0.0,0.0,0.0,0,0;        911P    503
100,0.0,0.0,0.0,6.0,0.0,0.0,6.0,0,0;                                 913P    504
124,-1.0,0.0,0.0,-10.0,0.0,0.0,-1.0,55.0,0.0,-1.0,0.0,0.0,0,0;       915P    505
100,0.0,0.0,0.0,6.0,0.0,0.0,6.0,0,0;                                 917P    506
110,-10.0,55.0,-6.0,-20.0,55.0,-6.0,0,0;                             919P    507
110,-20.0,55.0,-6.0,-20.0,55.0,6.0,0,0;                              921P    508
110,-20.0,55.0,6.0,-10.0,55.0,6.0,0,0;                               923P    509
102,5,913,917,919,921,923,0,0;                                       925P    510
142,0,909,0,925,2,0,0;                                               927P    511
144,909,1,0,927,0,0;                                                 929P    512
110,5.0,54.29014784,9.0,5.0,55.29014784,9.0,0,0;                     931P    513
110,5.0,54.29014784,9.0,3.7705,55.0,9.0,0,0;                         933P    514
120,931,933,0.0,3.141592654,0,0;                                     935P    515
110,5.0,54.29014784,9.0,6.2295,55.0,9.0,0,0;                         937P    516
124,1.0,0.0,0.0,5.0,0.0,0.0,-1.0,55.0,0.0,1.0,0.0,9.0,0,0;           939P    517
100,0.0,0.0,0.0,1.2295,0.0,-1.2295,0.0,0,0;                          941P    518
110,3.7705,55.0,9.0,5.0,54.29014784,9.0,0,0;                         943P    519
102,3,937,941,943,0,0;                                               945P    520
142,0,935,0,945,2,0,0;                                               947P    521
144,935,1,0,947,0,0;                                                 949P    522
110,5.0,54.29014784,9.0,5.0,55.29014784,9.0,0,0;                     951P    523
110,5.0,54.29014784,9.0,6.2295,55.0,9.0,0,0;                         953P    524
120,951,953,0.0,3.141592654,0,0;                                     955P    525
110,5.0,54.29014784,9.0,3.7705,55.0,9.0,0,0;                         957P    526
124,-1.0,0.0,0.0,5.0,0.0,0.0,-1.0,55.0,0.0,-1.0,0.0,9.0,0,0;         959P    527
100,0.0,0.0,0.0,1.2295,0.0,-1.2295,0.0,0,0;                          961P    528
110,6.2295,55.0,9.0,5.0,54.29014784,9.0,0,0;                         963P    529
102,3,957,961,963,0,0;                                               965P    530
142,0,955,0,965,2,0,0;                                               967P    531
144,955,1,0,967,0,0;                                                 969P    532
110,5.0,54.29014784,-7.0,5.0,55.29014784,-7.0,0,0;                   971P    533
110,5.0,54.29014784,-7.0,6.2295,55.0,-7.0,0,0;                       973P    534
120,971,973,0.0,3.141592654,0,0;                                     975P    535
110,5.0,54.29014784,-7.0,3.7705,55.0,-7.0,0,0;                       977P    536
124,-1.0,0.0,0.0,5.0,0.0,0.0,-1.0,55.0,0.0,-1.0,0.0,-7.0,0,0;        979P    537
100,0.0,0.0,0.0,1.2295,0.0,-1.2295,0.0,0,0;                          981P    538
110,6.2295,55.0,-7.0,5.0,54.29014784,-7.0,0,0;                       983P    539
102,3,977,981,983,0,0;                                               985P    540
142,0,975,0,985,2,0,0;                                               987P    541
144,975,1,0,987,0,0;                                                 989P    542
110,-17.0,54.29014784,9.0,-17.0,55.29014784,9.0,0,0;                 991P    543
110,-17.0,54.29014784,9.0,-18.2295,55.0,9.0,0,0;                     993P    544
120,991,993,0.0,3.141592654,0,0;                                     995P    545
110,-17.0,54.29014784,9.0,-15.7705,55.0,9.0,0,0;                     997P    546
124,1.0,0.0,0.0,-17.0,0.0,0.0,-1.0,55.0,0.0,1.0,0.0,9.0,0,0;         999P    547
100,0.0,0.0,0.0,1.2295,0.0,-1.2295,0.0,0,0;                         1001P    548
110,-18.2295,55.0,9.0,-17.0,54.29014784,9.0,0,0;                    1003P    549
102,3,997,1001,1003,0,0;                                            1005P    550
142,0,995,0,1005,2,0,0;                                             1007P    551
144,995,1,0,1007,0,0;                                               1009P    552
110,-17.0,54.29014784,9.0,-17.0,55.29014784,9.0,0,0;                1011P    553
110,-17.0,54.29014784,9.0,-15.7705,55.0,9.0,0,0;                    1013P    554
120,1011,1013,0.0,3.141592654,0,0;                                  1015P    555
110,-17.0,54.29014784,9.0,-18.2295,55.0,9.0,0,0;                    1017P    556
124,-1.0,0.0,0.0,-17.0,0.0,0.0,-1.0,55.0,0.0,-1.0,0.0,9.0,0,0;      1019P    557
100,0.0,0.0,0.0,1.2295,0.0,-1.2295,0.0,0,0;                         1021P    558
110,-15.7705,55.0,9.0,-17.0,54.29014784,9.0,0,0;                    1023P    559
102,3,1017,1021,1023,0,0;                                           1025P    560
142,0,1015,0,1025,2,0,0;                                            1027P    561
144,1015,1,0,1027,0,0;                                              1029P    562
108,0.0,1.0,0.0,-63.7,0,-10.0,-63.7,8.5,1.0,0,0;                    1031P    563
124,0.0,1.0,0.0,-10.0,0.0,0.0,-1.0,-63.7,-1.0,0.0,0.0,0.0,0,0;      1033P    564
100,0.0,0.0,0.0,8.5,0.0,-8.5,0.0,0,0;                               1035P    565
124,0.0,-1.0,0.0,-10.0,0.0,0.0,-1.0,-63.7,1.0,0.0,0.0,0.0,0,0;      1037P    566
100,0.0,0.0,0.0,8.5,0.0,-8.5,0.0,0,0;                               1039P    567
102,2,1035,1039,0,0;                                                1041P    568
142,0,1031,0,1041,2,0,0;                                            1043P    569
124,-1.0,0.0,0.0,-10.0,0.0,0.0,1.0,-63.7,0.0,1.0,0.0,0.0,0,0;       1045P    570
100,0.0,0.0,0.0,8.0,0.0,-8.0,0.0,0,0;                               1047P    571
124,1.0,0.0,0.0,-10.0,0.0,0.0,1.0,-63.7,0.0,-1.0,0.0,0.0,0,0;       1049P    572
100,0.0,0.0,0.0,8.0,0.0,-8.0,0.0,0,0;                               1051P    573
102,2,1047,1051,0,0;                                                1053P    574
142,0,1031,0,1053,2,0,0;                                            1055P    575
144,1031,1,1,1043,1055,0,0;                                         1057P    576
110,-10.0,0.0,0.0,-10.0,1.0,0.0,0,0;                                1059P    577
110,-10.0,-63.7,-8.5,-10.0,-62.5,-8.5,0,0;                          1061P    578
120,1059,1061,0.0,6.283185307,0,0;                                  1063P    579
124,0.0,-1.0,0.0,-10.0,0.0,0.0,-1.0,-62.5,1.0,0.0,0.0,0.0,0,0;      1065P    580
100,0.0,0.0,0.0,8.5,0.0,-8.5,0.0,0,0;                               1067P    581
110,-10.0,-62.5,-8.5,-10.0,-63.7,-8.5,0,0;                          1069P    582
124,0.0,-1.0,0.0,-10.0,0.0,0.0,1.0,-63.7,-1.0,0.0,0.0,0.0,0,0;      1071P    583
100,0.0,0.0,0.0,8.5,0.0,-8.5,0.0,0,0;                               1073P    584
110,-10.0,-63.7,8.5,-10.0,-62.5,8.5,0,0;                            1075P    585
102,4,1067,1069,1073,1075,0,0;                                      1077P    586
142,0,1063,0,1077,2,0,0;                                            1079P    587
144,1063,1,0,1079,0,0;                                              1081P    588
110,-10.0,0.0,0.0,-10.0,1.0,0.0,0,0;                                1083P    589
110,-10.0,-63.7,8.5,-10.0,-62.5,8.5,0,0;                            1085P    590
120,1083,1085,0.0,6.283185307,0,0;                                  1087P    591
124,0.0,1.0,0.0,-10.0,0.0,0.0,-1.0,-62.5,-1.0,0.0,0.0,0.0,0,0;      1089P    592
100,0.0,0.0,0.0,8.5,0.0,-8.5,0.0,0,0;                               1091P    593
110,-10.0,-62.5,8.5,-10.0,-63.7,8.5,0,0;                            1093P    594
124,0.0,1.0,0.0,-10.0,0.0,0.0,1.0,-63.7,1.0,0.0,0.0,0.0,0,0;        1095P    595
100,0.0,0.0,0.0,8.5,0.0,-8.5,0.0,0,0;                               1097P    596
110,-10.0,-63.7,-8.5,-10.0,-62.5,-8.5,0,0;                          1099P    597
102,4,1091,1093,1097,1099,0,0;                                      1101P    598
142,0,1087,0,1101,2,0,0;                                            1103P    599
144,1087,1,0,1103,0,0;                                              1105P    600
108,0.0,1.0,0.0,-62.5,0,-10.0,-62.5,5.5,1.0,0,0;                    1107P    601
124,0.0,-1.0,0.0,-10.0,0.0,0.0,1.0,-62.5,-1.0,0.0,0.0,0.0,0,0;      1109P    602
100,0.0,0.0,0.0,8.5,0.0,-8.5,0.0,0,0;                               1111P    603
124,0.0,1.0,0.0,-10.0,0.0,0.0,1.0,-62.5,1.0,0.0,0.0,0.0,0,0;        1113P    604
100,0.0,0.0,0.0,8.5,0.0,-8.5,0.0,0,0;                               1115P    605
102,2,1111,1115,0,0;                                                1117P    606
142,0,1107,0,1117,2,0,0;                                            1119P    607
124,-1.0,0.0,0.0,-10.0,0.0,0.0,-1.0,-62.5,0.0,-1.0,0.0,0.0,0,0;     1121P    608
100,0.0,0.0,0.0,8.0,0.0,-8.0,0.0,0,0;                               1123P    609
124,1.0,0.0,0.0,-10.0,0.0,0.0,-1.0,-62.5,0.0,1.0,0.0,0.0,0,0;       1125P    610
100,0.0,0.0,0.0,8.0,0.0,-8.0,0.0,0,0;                               1127P    611
102,2,1123,1127,0,0;                                                1129P    612
142,0,1107,0,1129,2,0,0;                                            1131P    613
144,1107,1,1,1119,1131,0,0;                                         1133P    614
110,-10.0,65.0,0.0,-10.0,64.0,0.0,0,0;                              1135P    615
110,-2.0,62.5,0.0,-2.0,57.0,0.0,0,0;                                1137P    616
120,1135,1137,0.0,6.283185307,0,0;                                  1139P    617
110,-18.0,62.5,0.0,-18.0,57.0,0.0,0,0;                              1141P    618
124,-1.0,0.0,0.0,-10.0,0.0,0.0,1.0,57.0,0.0,1.0,0.0,0.0,0,0;        1143P    619
100,0.0,0.0,0.0,8.0,0.0,-8.0,0.0,0,0;                               1145P    620
110,-2.0,57.0,0.0,-2.0,62.5,0.0,0,0;                                1147P    621
124,1.0,0.0,0.0,-10.0,0.0,0.0,-1.0,62.5,0.0,1.0,0.0,0.0,0,0;        1149P    622
100,0.0,0.0,0.0,8.0,0.0,-8.0,0.0,0,0;                               1151P    623
102,4,1141,1145,1147,1151,0,0;                                      1153P    624
142,0,1139,0,1153,2,0,0;                                            1155P    625
144,1139,1,0,1155,0,0;                                              1157P    626
110,-10.0,65.0,0.0,-10.0,64.0,0.0,0,0;                              1159P    627
110,-18.0,62.5,0.0,-18.0,57.0,0.0,0,0;                              1161P    628
120,1159,1161,0.0,6.283185307,0,0;                                  1163P    629
110,-2.0,62.5,0.0,-2.0,57.0,0.0,0,0;                                1165P    630
124,1.0,0.0,0.0,-10.0,0.0,0.0,1.0,57.0,0.0,-1.0,0.0,0.0,0,0;        1167P    631
100,0.0,0.0,0.0,8.0,0.0,-8.0,0.0,0,0;                               1169P    632
110,-18.0,57.0,0.0,-18.0,62.5,0.0,0,0;                              1171P    633
124,-1.0,0.0,0.0,-10.0,0.0,0.0,-1.0,62.5,0.0,-1.0,0.0,0.0,0,0;      1173P    634
100,0.0,0.0,0.0,8.0,0.0,-8.0,0.0,0,0;                               1175P    635
102,4,1165,1169,1171,1175,0,0;                                      1177P    636
142,0,1163,0,1177,2,0,0;                                            1179P    637
144,1163,1,0,1179,0,0;                                              1181P    638
108,0.0,1.0,0.0,62.5,0,-10.0,62.5,8.5,1.0,0,0;                      1183P    639
124,0.0,1.0,0.0,-10.0,0.0,0.0,-1.0,62.5,-1.0,0.0,0.0,0.0,0,0;       1185P    640
100,0.0,0.0,0.0,8.5,0.0,-8.5,0.0,0,0;                               1187P    641
124,0.0,-1.0,0.0,-10.0,0.0,0.0,-1.0,62.5,1.0,0.0,0.0,0.0,0,0;       1189P    642
100,0.0,0.0,0.0,8.5,0.0,-8.5,0.0,0,0;                               1191P    643
102,2,1187,1191,0,0;                                                1193P    644
142,0,1183,0,1193,2,0,0;                                            1195P    645
124,1.0,0.0,0.0,-10.0,0.0,0.0,1.0,62.5,0.0,-1.0,0.0,0.0,0,0;        1197P    646
100,0.0,0.0,0.0,8.0,0.0,-8.0,0.0,0,0;                               1199P    647
124,-1.0,0.0,0.0,-10.0,0.0,0.0,1.0,62.5,0.0,1.0,0.0,0.0,0,0;        1201P    648
100,0.0,0.0,0.0,8.0,0.0,-8.0,0.0,0,0;                               1203P    649
102,2,1199,1203,0,0;                                                1205P    650
142,0,1183,0,1205,2,0,0;                                            1207P    651
144,1183,1,1,1195,1207,0,0;                                         1209P    652
108,0.0,-1.0,0.0,-57.0,0,-4.0,57.0,0.0,1.0,0,0;                     1211P    653
124,-1.0,0.0,0.0,-10.0,0.0,0.0,-1.0,57.0,0.0,-1.0,0.0,0.0,0,0;      1213P    654
100,0.0,0.0,0.0,8.0,0.0,-8.0,0.0,0,0;                               1215P    655
124,1.0,0.0,0.0,-10.0,0.0,0.0,-1.0,57.0,0.0,1.0,0.0,0.0,0,0;        1217P    656
100,0.0,0.0,0.0,8.0,0.0,-8.0,0.0,0,0;                               1219P    657
102,2,1215,1219,0,0;                                                1221P    658
142,0,1211,0,1221,2,0,0;                                            1223P    659
124,-1.0,0.0,0.0,-10.0,0.0,0.0,1.0,57.0,0.0,1.0,0.0,0.0,0,0;        1225P    660
100,0.0,0.0,0.0,6.0,0.0,-6.0,0.0,0,0;                               1227P    661
124,1.0,0.0,0.0,-10.0,0.0,0.0,1.0,57.0,0.0,-1.0,0.0,0.0,0,0;        1229P    662
100,0.0,0.0,0.0,6.0,0.0,-6.0,0.0,0,0;                               1231P    663
102,2,1227,1231,0,0;                                                1233P    664
142,0,1211,0,1233,2,0,0;                                            1235P    665
144,1211,1,1,1223,1235,0,0;                                         1237P    666
110,-10.0,0.0,0.0,-10.0,1.0,0.0,0,0;                                1239P    667
110,-10.0,62.5,8.5,-10.0,63.7,8.5,0,0;                              1241P    668
120,1239,1241,0.0,6.283185307,0,0;                                  1243P    669
124,0.0,1.0,0.0,-10.0,0.0,0.0,-1.0,63.7,-1.0,0.0,0.0,0.0,0,0;       1245P    670
100,0.0,0.0,0.0,8.5,0.0,-8.5,0.0,0,0;                               1247P    671
110,-10.0,63.7,8.5,-10.0,62.5,8.5,0,0;                              1249P    672
124,0.0,1.0,0.0,-10.0,0.0,0.0,1.0,62.5,1.0,0.0,0.0,0.0,0,0;         1251P    673
100,0.0,0.0,0.0,8.5,0.0,-8.5,0.0,0,0;                               1253P    674
110,-10.0,62.5,-8.5,-10.0,63.7,-8.5,0,0;                            1255P    675
102,4,1247,1249,1253,1255,0,0;                                      1257P    676
142,0,1243,0,1257,2,0,0;                                            1259P    677
144,1243,1,0,1259,0,0;                                              1261P    678
110,-10.0,0.0,0.0,-10.0,1.0,0.0,0,0;                                1263P    679
110,-10.0,62.5,-8.5,-10.0,63.7,-8.5,0,0;                            1265P    680
120,1263,1265,0.0,6.283185307,0,0;                                  1267P    681
124,0.0,-1.0,0.0,-10.0,0.0,0.0,-1.0,63.7,1.0,0.0,0.0,0.0,0,0;       1269P    682
100,0.0,0.0,0.0,8.5,0.0,-8.5,0.0,0,0;                               1271P    683
110,-10.0,63.7,-8.5,-10.0,62.5,-8.5,0,0;                            1273P    684
124,0.0,-1.0,0.0,-10.0,0.0,0.0,1.0,62.5,-1.0,0.0,0.0,0.0,0,0;       1275P    685
100,0.0,0.0,0.0,8.5,0.0,-8.5,0.0,0,0;                               1277P    686
110,-10.0,62.5,8.5,-10.0,63.7,8.5,0,0;                              1279P    687
102,4,1271,1273,1277,1279,0,0;                                      1281P    688
142,0,1267,0,1281,2,0,0;                                            1283P    689
144,1267,1,0,1283,0,0;                                              1285P    690
108,0.0,0.0,-1.0,-7.0,0,0.0,-35.0,7.0,1.0,0,0;                      1287P    691
110,3.0,-44.0,7.0,3.0,-55.0,7.0,0,0;                                1289P    692
110,3.0,-55.0,7.0,-0.3,-55.0,7.0,0,0;                               1291P    693
110,-0.3,-55.0,7.0,-0.3,-44.0,7.0,0,0;                              1293P    694
110,-0.3,-44.0,7.0,3.0,-44.0,7.0,0,0;                               1295P    695
102,4,1289,1291,1293,1295,0,0;                                      1297P    696
142,0,1287,0,1297,2,0,0;                                            1299P    697
144,1287,1,0,1299,0,0;                                              1301P    698
110,-10.0,65.0,0.0,-10.0,64.0,0.0,0,0;                              1303P    699
110,-4.0,57.0,0.0,-4.0,55.0,0.0,0,0;                                1305P    700
120,1303,1305,0.0,6.283185307,0,0;                                  1307P    701
110,-4.0,55.0,0.0,-4.0,57.0,0.0,0,0;                                1309P    702
124,1.0,0.0,0.0,-10.0,0.0,0.0,-1.0,57.0,0.0,1.0,0.0,0.0,0,0;        1311P    703
100,0.0,0.0,0.0,6.0,0.0,-6.0,0.0,0,0;                               1313P    704
110,-16.0,57.0,0.0,-16.0,55.0,0.0,0,0;                              1315P    705
124,-1.0,0.0,0.0,-10.0,0.0,0.0,1.0,55.0,0.0,1.0,0.0,0.0,0,0;        1317P    706
100,0.0,0.0,0.0,6.0,0.0,0.0,6.0,0,0;                                1319P    707
124,0.0,1.0,0.0,-10.0,0.0,0.0,1.0,55.0,1.0,0.0,0.0,0.0,0,0;         1321P    708
100,0.0,0.0,0.0,6.0,0.0,0.0,6.0,0,0;                                1323P    709
102,5,1309,1313,1315,1319,1323,0,0;                                 1325P    710
142,0,1307,0,1325,2,0,0;                                            1327P    711
144,1307,1,0,1327,0,0;                                              1329P    712
110,-10.0,65.0,0.0,-10.0,64.0,0.0,0,0;                              1331P    713
110,-16.0,57.0,0.0,-16.0,55.0,0.0,0,0;                              1333P    714
120,1331,1333,0.0,6.283185307,0,0;                                  1335P    715
110,-16.0,55.0,0.0,-16.0,57.0,0.0,0,0;                              1337P    716
124,-1.0,0.0,0.0,-10.0,0.0,0.0,-1.0,57.0,0.0,-1.0,0.0,0.0,0,0;      1339P    717
100,0.0,0.0,0.0,6.0,0.0,-6.0,0.0,0,0;                               1341P    718
110,-4.0,57.0,0.0,-4.0,55.0,0.0,0,0;                                1343P    719
124,1.0,0.0,0.0,-10.0,0.0,0.0,1.0,55.0,0.0,-1.0,0.0,0.0,0,0;        1345P    720
100,0.0,0.0,0.0,6.0,0.0,0.0,6.0,0,0;                                1347P    721
124,0.0,-1.0,0.0,-10.0,0.0,0.0,1.0,55.0,-1.0,0.0,0.0,0.0,0,0;       1349P    722
100,0.0,0.0,0.0,6.0,0.0,0.0,6.0,0,0;                                1351P    723
102,5,1337,1341,1343,1347,1351,0,0;                                 1353P    724
142,0,1335,0,1353,2,0,0;                                            1355P    725
144,1335,1,0,1355,0,0;                                              1357P    726
108,0.0,1.0,0.0,63.7,0,-10.0,63.7,5.5,1.0,0,0;                      1359P    727
124,0.0,-1.0,0.0,-10.0,0.0,0.0,1.0,63.7,-1.0,0.0,0.0,0.0,0,0;       1361P    728
100,0.0,0.0,0.0,8.5,0.0,-8.5,0.0,0,0;                               1363P    729
124,0.0,1.0,0.0,-10.0,0.0,0.0,1.0,63.7,1.0,0.0,0.0,0.0,0,0;         1365P    730
100,0.0,0.0,0.0,8.5,0.0,-8.5,0.0,0,0;                               1367P    731
102,2,1363,1367,0,0;                                                1369P    732
142,0,1359,0,1369,2,0,0;                                            1371P    733
124,1.0,0.0,0.0,-10.0,0.0,0.0,-1.0,63.7,0.0,1.0,0.0,0.0,0,0;        1373P    734
100,0.0,0.0,0.0,8.0,0.0,-8.0,0.0,0,0;                               1375P    735
124,-1.0,0.0,0.0,-10.0,0.0,0.0,-1.0,63.7,0.0,-1.0,0.0,0.0,0,0;      1377P    736
100,0.0,0.0,0.0,8.0,0.0,-8.0,0.0,0,0;                               1379P    737
102,2,1375,1379,0,0;                                                1381P    738
142,0,1359,0,1381,2,0,0;                                            1383P    739
144,1359,1,1,1371,1383,0,0;                                         1385P    740
110,5.0,54.29014784,-7.0,5.0,55.29014784,-7.0,0,0;                  1387P    741
110,5.0,54.29014784,-7.0,3.769004648,55.00086334,-7.0,0,0;          1389P    742
120,1387,1389,0.0,3.141592654,0,0;                                  1391P    743
124,-0.5817903992,-0.8133387556,0.0,5.0,0.0,0.0,-1.0,55.0,          1393P    744
0.8133387556,-0.5817903992,0.0,-7.0,0,0;                            1393P    745
100,0.0,0.0,0.0,1.2295,0.0,0.7153112959,1.0,0,0;                    1395P    746
110,3.7705,55.0,-7.0,5.0,54.29014784,-7.0,0,0;                      1397P    747
110,5.0,54.29014784,-7.0,6.2295,55.0,-7.0,0,0;                      1399P    748
124,1.0,0.0,0.0,5.0,0.0,0.0,-1.0,55.0,0.0,1.0,0.0,-7.0,0,0;         1401P    749
100,0.0,0.0,0.0,1.2295,0.0,0.7153112959,1.0,0,0;                    1403P    750
126,47,5,0,0,1,0,0.0,0.0,0.0,0.0,0.0,0.0,0.2136823216,              1405P    751
0.2136823216,0.2136823216,0.4857901619,0.4857901619,                1405P    752
0.4857901619,0.9162946731,0.9162946731,0.9162946731,1.727268129,    1405P    753
1.727268129,1.727268129,1.936075042,1.936075042,1.936075042,        1405P    754
2.303640907,2.303640907,2.303640907,2.565835921,2.565835921,        1405P    755
2.565835921,3.098457786,3.098457786,3.098457786,3.398412198,        1405P    756
3.398412198,3.398412198,3.521589215,3.521589215,3.521589215,        1405P    757
3.91258326,3.91258326,3.91258326,4.519887171,4.519887171,           1405P    758
4.519887171,5.163493111,5.163493111,5.163493111,5.440242122,        1405P    759
5.440242122,5.440242122,5.683385773,5.683385773,5.683385773,        1405P    760
5.683385773,5.683385773,5.683385773,1.0,1.0,1.0,1.0,1.0,1.0,1.0,    1405P    761
1.0,1.0,1.0,1.0,1.0,1.0,1.0,1.0,1.0,1.0,1.0,1.0,1.0,1.0,1.0,1.0,    1405P    762
1.0,1.0,1.0,1.0,1.0,1.0,1.0,1.0,1.0,1.0,1.0,1.0,1.0,1.0,1.0,1.0,    1405P    763
1.0,1.0,1.0,1.0,1.0,1.0,1.0,1.0,1.0,5.715311296,55.0,-6.0,          1405P    764
5.74640089,55.0,-6.022238738,5.776003128,54.99938169,               1405P    765
-6.046556685,5.803869042,54.99791294,-6.073296602,5.860484371,      1405P    766
54.99184538,-6.139109123,5.897846646,54.97821581,-6.214411404,      1405P    767
5.910681324,54.96731424,-6.259453241,5.92134836,54.93374701,        1405P    768
-6.368873673,5.889584418,54.88969125,-6.462829347,5.860536901,      1405P    769
54.86065737,-6.513400622,5.764490877,54.777192,-6.640238367,        1405P    770
5.63770867,54.68995882,-6.729899525,5.551870467,54.63341116,        1405P    771
-6.778798864,5.437944457,54.56118681,-6.830876063,5.320172593,      1405P    772
54.48912459,-6.87246114,5.295834964,54.47433536,-6.880581819,       1405P    773
5.228575665,54.43374588,-6.901772868,5.161727785,54.39429517,       1405P    774
-6.919589654,5.116678532,54.36829293,-6.929934983,5.06958427,       1405P    775
54.3428094,-6.939510614,5.045893789,54.33206078,-6.943262426,       1405P    776
5.037985962,54.32883992,-6.944391084,5.017785421,54.32164891,       1405P    777
-6.946874056,5.004850136,54.32011436,-6.947372052,4.996713812,      1405P    778
54.32002,-6.947405779,4.983274463,54.32137776,-6.94696386,          1405P    779
4.962753766,54.32848767,-6.944514868,4.953719303,54.33214309,       1405P    780
-6.943230053,4.937445283,54.33958758,-6.940652365,4.909465399,      1405P    781
54.35440482,-6.935110521,4.900026824,54.35952606,-6.933164375,      1405P    782
4.85555971,54.38419415,-6.92356027,4.793502061,54.42049645,         1405P    783
-6.908114964,4.746918906,54.44840285,-6.894632144,4.630519379,      1405P    784
54.51879182,-6.857379724,4.517398665,54.58954919,-6.810266859,      1405P    785
4.450559179,54.63233344,-6.777632321,4.317123627,54.72038107,       1405P    786
-6.700635283,4.200237237,54.80694038,-6.59697043,4.146858088,       1405P    787
54.85048758,-6.53605208,4.083148439,54.91287627,-6.425269467,       1405P    788
4.084985865,54.96006985,-6.285149298,4.093745181,54.97248561,       1405P    789
-6.239539412,4.12707311,54.98946171,-6.157404054,4.184661312,       1405P    790
54.99726015,-6.084531652,4.215862362,54.99919944,-6.053301856,      1405P    791
4.24931265,55.0,-6.025304891,4.284688704,55.0,-6.0,0.0,             1405P    792
5.683385773,0.0,0.0,0.0,0,0;                                        1405P    793
102,5,1395,1397,1399,1403,1405,0,0;                                 1407P    794
142,0,1391,0,1407,2,0,0;                                            1409P    795
144,1391,1,0,1409,0,0;                                              1411P    796
108,0.0,-1.0,0.0,0.0,0,3.0,0.0,12.0,1.0,0,0;                        1413P    797
110,-0.3,0.0,7.0,3.0,0.0,7.0,0,0;                                   1415P    798
110,3.0,0.0,7.0,3.0,0.0,12.0,0,0;                                   1417P    799
110,3.0,0.0,12.0,-0.3,0.0,12.0,0,0;                                 1419P    800
110,-0.3,0.0,12.0,-0.3,0.0,7.0,0,0;                                 1421P    801
102,4,1415,1417,1419,1421,0,0;                                      1423P    802
142,0,1413,0,1423,2,0,0;                                            1425P    803
144,1413,1,0,1425,0,0;                                              1427P    804
108,-1.0,0.0,0.0,0.3,0,-0.3,-55.0,12.0,1.0,0,0;                     1429P    805
110,-0.3,11.0,7.0,-0.3,0.0,7.0,0,0;                                 1431P    806
110,-0.3,0.0,7.0,-0.3,0.0,12.0,0,0;                                 1433P    807
110,-0.3,0.0,12.0,-0.3,11.0,12.0,0,0;                               1435P    808
110,-0.3,11.0,12.0,-0.3,11.0,7.0,0,0;                               1437P    809
102,4,1431,1433,1435,1437,0,0;                                      1439P    810
142,0,1429,0,1439,2,0,0;                                            1441P    811
144,1429,1,0,1441,0,0;                                              1443P    812
108,0.0,1.0,0.0,11.0,0,-0.3,11.0,12.0,1.0,0,0;                      1445P    813
110,3.0,11.0,7.0,-0.3,11.0,7.0,0,0;                                 1447P    814
110,-0.3,11.0,7.0,-0.3,11.0,12.0,0,0;                               1449P    815
110,-0.3,11.0,12.0,3.0,11.0,12.0,0,0;                               1451P    816
110,3.0,11.0,12.0,3.0,11.0,7.0,0,0;                                 1453P    817
102,4,1447,1449,1451,1453,0,0;                                      1455P    818
142,0,1445,0,1455,2,0,0;                                            1457P    819
144,1445,1,0,1457,0,0;                                              1459P    820
108,1.0,0.0,0.0,3.0,0,3.0,-44.0,12.0,1.0,0,0;                       1461P    821
110,3.0,0.0,7.0,3.0,11.0,7.0,0,0;                                   1463P    822
110,3.0,11.0,7.0,3.0,11.0,12.0,0,0;                                 1465P    823
110,3.0,11.0,12.0,3.0,0.0,12.0,0,0;                                 1467P    824
110,3.0,0.0,12.0,3.0,0.0,7.0,0,0;                                   1469P    825
102,4,1463,1465,1467,1469,0,0;                                      1471P    826
142,0,1461,0,1471,2,0,0;                                            1473P    827
144,1461,1,0,1473,0,0;                                              1475P    828
108,0.0,-1.0,0.0,55.0,0,3.0,-55.0,12.0,1.0,0,0;                     1477P    829
110,-0.3,-55.0,7.0,3.0,-55.0,7.0,0,0;                               1479P    830
110,3.0,-55.0,7.0,3.0,-55.0,12.0,0,0;                               1481P    831
110,3.0,-55.0,12.0,-0.3,-55.0,12.0,0,0;                             1483P    832
110,-0.3,-55.0,12.0,-0.3,-55.0,7.0,0,0;                             1485P    833
102,4,1479,1481,1483,1485,0,0;                                      1487P    834
142,0,1477,0,1487,2,0,0;                                            1489P    835
144,1477,1,0,1489,0,0;                                              1491P    836
110,-0.3,-44.0,7.0,-0.3,-55.0,7.0,0,0;                              1493P    837
110,-0.3,-55.0,7.0,-0.3,-55.0,12.0,0,0;                             1495P    838
110,-0.3,-55.0,12.0,-0.3,-44.0,12.0,0,0;                            1497P    839
110,-0.3,-44.0,12.0,-0.3,-44.0,7.0,0,0;                             1499P    840
102,4,1493,1495,1497,1499,0,0;                                      1501P    841
142,0,1429,0,1501,2,0,0;                                            1503P    842
144,1429,1,0,1503,0,0;                                              1505P    843
108,0.0,1.0,0.0,-44.0,0,-0.3,-44.0,12.0,1.0,0,0;                    1507P    844
110,3.0,-44.0,7.0,-0.3,-44.0,7.0,0,0;                               1509P    845
110,-0.3,-44.0,7.0,-0.3,-44.0,12.0,0,0;                             1511P    846
110,-0.3,-44.0,12.0,3.0,-44.0,12.0,0,0;                             1513P    847
110,3.0,-44.0,12.0,3.0,-44.0,7.0,0,0;                               1515P    848
102,4,1509,1511,1513,1515,0,0;                                      1517P    849
142,0,1507,0,1517,2,0,0;                                            1519P    850
144,1507,1,0,1519,0,0;                                              1521P    851
110,3.0,-55.0,7.0,3.0,-44.0,7.0,0,0;                                1523P    852
110,3.0,-44.0,7.0,3.0,-44.0,12.0,0,0;                               1525P    853
110,3.0,-44.0,12.0,3.0,-55.0,12.0,0,0;                              1527P    854
110,3.0,-55.0,12.0,3.0,-55.0,7.0,0,0;                               1529P    855
102,4,1523,1525,1527,1529,0,0;                                      1531P    856
142,0,1461,0,1531,2,0,0;                                            1533P    857
144,1461,1,0,1533,0,0;                                              1535P    858
124,0.5817903992,-0.8133387556,0.0,5.0,0.0,0.0,-1.0,55.0,           1537P    859
0.8133387556,0.5817903992,0.0,-7.0,0,0;                             1537P    860
100,0.0,0.0,0.0,1.2295,0.0,0.3971775112,1.163580798,0,0;            1539P    861
110,4.284688704,55.0,-6.0,-10.0,55.0,-6.0,0,0;                      1541P    862
124,0.0,1.0,0.0,-10.0,0.0,0.0,-1.0,55.0,-1.0,0.0,0.0,0.0,0,0;       1543P    863
100,0.0,0.0,0.0,6.0,0.0,0.0,6.0,0,0;                                1545P    864
124,1.0,0.0,0.0,-10.0,0.0,0.0,-1.0,55.0,0.0,1.0,0.0,0.0,0,0;        1547P    865
100,0.0,0.0,0.0,6.0,0.0,0.0,6.0,0,0;                                1549P    866
110,-10.0,55.0,6.0,8.0,55.0,6.0,0,0;                                1551P    867
110,8.0,55.0,6.0,8.0,55.0,-6.0,0,0;                                 1553P    868
110,8.0,55.0,-6.0,5.715311296,55.0,-6.0,0,0;                        1555P    869
102,7,1539,1541,1545,1549,1551,1553,1555,0,0;                       1557P    870
142,0,909,0,1557,2,0,0;                                             1559P    871
144,909,1,0,1559,0,0;                                               1561P    872
110,-20.0,-34.0,7.0,8.0,-34.0,7.0,0,0;                              1563P    873
110,8.0,-34.0,7.0,8.0,54.0,7.0,0,0;                                 1565P    874
110,8.0,54.0,7.0,-20.0,54.0,7.0,0,0;                                1567P    875
110,-20.0,54.0,7.0,-20.0,-34.0,7.0,0,0;                             1569P    876
102,4,1563,1565,1567,1569,0,0;                                      1571P    877
142,0,1287,0,1571,2,0,0;                                            1573P    878
124,-1.0,0.0,0.0,-9.0,0.0,1.0,0.0,-22.5,0.0,0.0,-1.0,7.0,0,0;       1575P    879
100,0.0,0.0,0.0,1.621,0.0,-1.621,0.0,0,0;                           1577P    880
124,1.0,0.0,0.0,-9.0,0.0,-1.0,0.0,-22.5,0.0,0.0,-1.0,7.0,0,0;       1579P    881
100,0.0,0.0,0.0,1.621,0.0,-1.621,0.0,0,0;                           1581P    882
102,2,1577,1581,0,0;                                                1583P    883
142,0,1287,0,1583,2,0,0;                                            1585P    884
110,3.0,0.0,7.0,-0.3,0.0,7.0,0,0;                                   1587P    885
110,-0.3,0.0,7.0,-0.3,11.0,7.0,0,0;                                 1589P    886
110,-0.3,11.0,7.0,3.0,11.0,7.0,0,0;                                 1591P    887
110,3.0,11.0,7.0,3.0,0.0,7.0,0,0;                                   1593P    888
102,4,1587,1589,1591,1593,0,0;                                      1595P    889
142,0,1287,0,1595,2,0,0;                                            1597P    890
124,-1.0,0.0,0.0,-9.0,0.0,1.0,0.0,12.5,0.0,0.0,-1.0,7.0,0,0;        1599P    891
100,0.0,0.0,0.0,1.621,0.0,-1.621,0.0,0,0;                           1601P    892
124,1.0,0.0,0.0,-9.0,0.0,-1.0,0.0,12.5,0.0,0.0,-1.0,7.0,0,0;        1603P    893
100,0.0,0.0,0.0,1.621,0.0,-1.621,0.0,0,0;                           1605P    894
102,2,1601,1605,0,0;                                                1607P    895
142,0,1287,0,1607,2,0,0;                                            1609P    896
124,-1.0,0.0,0.0,-9.0,0.0,1.0,0.0,47.5,0.0,0.0,-1.0,7.0,0,0;        1611P    897
100,0.0,0.0,0.0,1.621,0.0,-1.621,0.0,0,0;                           1613P    898
124,1.0,0.0,0.0,-9.0,0.0,-1.0,0.0,47.5,0.0,0.0,-1.0,7.0,0,0;        1615P    899
100,0.0,0.0,0.0,1.621,0.0,-1.621,0.0,0,0;                           1617P    900
102,2,1613,1617,0,0;                                                1619P    901
142,0,1287,0,1619,2,0,0;                                            1621P    902
144,1287,1,4,1573,1585,1597,1609,1621,0,0;                          1623P    903
108,0.0,0.0,1.0,-10.0,0,8.0,-15.0,-10.0,1.0,0,0;                    1625P    904
110,-20.0,-15.0,-10.0,8.0,-15.0,-10.0,0,0;                          1627P    905
110,8.0,-15.0,-10.0,8.0,65.0,-10.0,0,0;                             1629P    906
110,8.0,65.0,-10.0,-20.0,65.0,-10.0,0,0;                            1631P    907
110,-20.0,65.0,-10.0,-20.0,-15.0,-10.0,0,0;                         1633P    908
102,4,1627,1629,1631,1633,0,0;                                      1635P    909
142,0,1625,0,1635,2,0,0;                                            1637P    910
144,1625,1,0,1637,0,0;                                              1639P    911
108,0.0,1.0,0.0,-15.0,0,8.0,-15.0,-10.0,1.0,0,0;                    1641P    912
110,-20.0,-15.0,-10.0,-20.0,-15.0,-12.0,0,0;                        1643P    913
110,-20.0,-15.0,-12.0,8.0,-15.0,-12.0,0,0;                          1645P    914
110,8.0,-15.0,-12.0,8.0,-15.0,-10.0,0,0;                            1647P    915
110,8.0,-15.0,-10.0,-20.0,-15.0,-10.0,0,0;                          1649P    916
102,4,1643,1645,1647,1649,0,0;                                      1651P    917
142,0,1641,0,1651,2,0,0;                                            1653P    918
144,1641,1,0,1653,0,0;                                              1655P    919
110,-6.0,-34.0,6.0,-5.0,-34.0,6.0,0,0;                              1657P    920
110,-20.0,-34.0,7.0,8.0,-34.0,7.0,0,0;                              1659P    921
120,1657,1659,0.0,6.283185307,0,0;                                  1661P    922
124,0.0,0.0,1.0,-20.0,0.0,-1.0,0.0,-34.0,1.0,0.0,0.0,6.0,0,0;       1663P    923
100,0.0,0.0,0.0,1.0,0.0,0.0,1.0,0,0;                                1665P    924
110,-20.0,-35.0,6.0,-10.0,-35.0,6.0,0,0;                            1667P    925
110,-10.0,-35.0,6.0,8.0,-35.0,6.0,0,0;                              1669P    926
124,0.0,0.0,-1.0,8.0,-1.0,0.0,0.0,-34.0,0.0,1.0,0.0,6.0,0,0;        1671P    927
100,0.0,0.0,0.0,1.0,0.0,0.0,1.0,0,0;                                1673P    928
110,8.0,-34.0,7.0,-20.0,-34.0,7.0,0,0;                              1675P    929
102,5,1665,1667,1669,1673,1675,0,0;                                 1677P    930
142,0,1661,0,1677,2,0,0;                                            1679P    931
144,1661,1,0,1679,0,0;                                              1681P    932
108,1.0,0.0,0.0,-20.0,0,-20.0,0.0,0.0,1.0,0,0;                      1683P    933
110,-20.0,65.0,-10.0,-20.0,65.0,12.0,0,0;                           1685P    934
110,-20.0,65.0,12.0,-20.0,-65.0,12.0,0,0;                           1687P    935
110,-20.0,-65.0,12.0,-20.0,-65.0,-12.0,0,0;                         1689P    936
110,-20.0,-65.0,-12.0,-20.0,-15.0,-12.0,0,0;                        1691P    937
110,-20.0,-15.0,-12.0,-20.0,-15.0,-10.0,0,0;                        1693P    938
110,-20.0,-15.0,-10.0,-20.0,65.0,-10.0,0,0;                         1695P    939
102,6,1685,1687,1689,1691,1693,1695,0,0;                            1697P    940
142,0,1683,0,1697,2,0,0;                                            1699P    941
124,0.0,0.0,-1.0,-20.0,1.0,0.0,0.0,54.0,0.0,-1.0,0.0,-6.0,0,0;      1701P    942
100,0.0,0.0,0.0,1.0,0.0,0.0,1.0,0,0;                                1703P    943
110,-20.0,54.0,-7.0,-20.0,-34.0,-7.0,0,0;                           1705P    944
124,0.0,0.0,-1.0,-20.0,0.0,-1.0,0.0,-34.0,-1.0,0.0,0.0,-6.0,0,0;    1707P    945
100,0.0,0.0,0.0,1.0,0.0,0.0,1.0,0,0;                                1709P    946
110,-20.0,-35.0,-6.0,-20.0,-35.0,6.0,0,0;                           1711P    947
124,0.0,0.0,-1.0,-20.0,-1.0,0.0,0.0,-34.0,0.0,1.0,0.0,6.0,0,0;      1713P    948
100,0.0,0.0,0.0,1.0,0.0,0.0,1.0,0,0;                                1715P    949
110,-20.0,-34.0,7.0,-20.0,54.0,7.0,0,0;                             1717P    950
124,0.0,0.0,-1.0,-20.0,0.0,1.0,0.0,54.0,1.0,0.0,0.0,6.0,0,0;        1719P    951
100,0.0,0.0,0.0,1.0,0.0,0.0,1.0,0,0;                                1721P    952
110,-20.0,55.0,6.0,-20.0,55.0,-6.0,0,0;                             1723P    953
102,8,1703,1705,1709,1711,1715,1717,1721,1723,0,0;                  1725P    954
142,0,1683,0,1725,2,0,0;                                            1727P    955
144,1683,1,1,1699,1727,0,0;                                         1729P    956
110,-10.0,-65.0,0.0,-10.0,-64.0,0.0,0,0;                            1731P    957
110,-18.0,-62.5,0.0,-18.0,-57.0,0.0,0,0;                            1733P    958
120,1731,1733,0.0,6.283185307,0,0;                                  1735P    959
110,-2.0,-62.5,0.0,-2.0,-57.0,0.0,0,0;                              1737P    960
124,1.0,0.0,0.0,-10.0,0.0,0.0,-1.0,-57.0,0.0,1.0,0.0,0.0,0,0;       1739P    961
100,0.0,0.0,0.0,8.0,0.0,-8.0,0.0,0,0;                               1741P    962
110,-18.0,-57.0,0.0,-18.0,-62.5,0.0,0,0;                            1743P    963
124,-1.0,0.0,0.0,-10.0,0.0,0.0,1.0,-62.5,0.0,1.0,0.0,0.0,0,0;       1745P    964
100,0.0,0.0,0.0,8.0,0.0,-8.0,0.0,0,0;                               1747P    965
102,4,1737,1741,1743,1747,0,0;                                      1749P    966
142,0,1735,0,1749,2,0,0;                                            1751P    967
144,1735,1,0,1751,0,0;                                              1753P    968
110,-10.0,-65.0,0.0,-10.0,-64.0,0.0,0,0;                            1755P    969
110,-2.0,-62.5,0.0,-2.0,-57.0,0.0,0,0;                              1757P    970
120,1755,1757,0.0,6.283185307,0,0;                                  1759P    971
124,-0.4322549855,0.9017514223,0.0,-10.0,0.0,0.0,-1.0,-57.0,        1761P    972
-0.9017514223,-0.4322549855,0.0,0.0,0,0;                            1761P    973
100,0.0,0.0,0.0,8.0,0.0,-3.458039884,7.214011378,0,0;               1763P    974
110,-2.0,-57.0,0.0,-2.0,-62.5,0.0,0,0;                              1765P    975
124,1.0,0.0,0.0,-10.0,0.0,0.0,1.0,-62.5,0.0,-1.0,0.0,0.0,0,0;       1767P    976
100,0.0,0.0,0.0,8.0,0.0,-8.0,0.0,0,0;                               1769P    977
110,-18.0,-62.5,0.0,-18.0,-57.0,0.0,0,0;                            1771P    978
124,-1.0,0.0,0.0,-10.0,0.0,0.0,-1.0,-57.0,0.0,-1.0,0.0,0.0,0,0;     1773P    979
100,0.0,0.0,0.0,8.0,0.0,3.872983346,7.0,0,0;                        1775P    980
110,-13.87298335,-57.0,-7.0,-13.87298335,-58.66510706,-7.0,0,0;     1777P    981
126,4,4,0,0,1,0,0.0,0.0,0.0,0.0,0.0,1.884045725,1.884045725,        1779P    982
1.884045725,1.884045725,1.884045725,1.0,1.0,1.0,1.0,1.0,            1779P    983
-13.87298335,-58.66510706,-7.0,-13.65054102,-58.44993695,           1779P    984
-7.123073634,-13.4711444,-58.16711722,-7.209130303,-13.379,         1779P    985
-57.83305538,-7.251369457,-13.379,-57.5,-7.251369457,0.0,           1779P    986
1.884045725,0.0,0.0,0.0,0,0;                                        1779P    987
126,3,3,0,0,1,0,0.0,0.0,0.0,0.0,0.7214177391,0.7214177391,          1781P    988
0.7214177391,0.7214177391,1.0,1.0,1.0,1.0,-13.379,-57.5,            1781P    989
-7.251369457,-13.379,-57.32996021,-7.251369457,-13.40615492,        1781P    990
-57.16000909,-7.238882462,-13.45803988,-57.0,-7.214011378,0.0,      1781P    991
0.7214177391,0.0,0.0,0.0,0,0;                                       1781P    992
102,8,1763,1765,1769,1771,1775,1777,1779,1781,0,0;                  1783P    993
142,0,1759,0,1783,2,0,0;                                            1785P    994
144,1759,1,0,1785,0,0;                                              1787P    995
110,-15.0,-57.5,-12.0,-15.0,-57.5,-11.0,0,0;                        1789P    996
110,-16.621,-57.5,-12.0,-16.621,-57.5,-7.0,0,0;                     1791P    997
120,1789,1791,0.0,6.283185307,0,0;                                  1793P    998
124,-1.0,0.0,0.0,-15.0,0.0,-1.0,0.0,-57.5,0.0,0.0,1.0,-12.0,0,0;    1795P    999
100,0.0,0.0,0.0,1.621,0.0,-1.621,0.0,0,0;                           1797P   1000
110,-13.379,-57.5,-12.0,-13.379,-57.5,-7.251369457,0,0;             1799P   1001
126,4,4,0,0,1,0,0.0,0.0,0.0,0.0,0.0,1.884045725,1.884045725,        1801P   1002
1.884045725,1.884045725,1.884045725,1.0,1.0,1.0,1.0,1.0,-13.379,    1801P   1003
-57.5,-7.251369457,-13.379,-57.83305538,-7.251369457,               1801P   1004
-13.47113891,-58.16712606,-7.209137776,-13.65054102,                1801P   1005
-58.44993695,-7.123073634,-13.87298335,-58.66510706,-7.0,0.0,       1801P   1006
1.884045725,0.0,0.0,0.0,0,0;                                        1801P   1007
124,0.6952601196,-0.7187582112,0.0,-15.0,-0.7187582112,             1803P   1008
-0.6952601196,0.0,-57.5,0.0,0.0,-1.0,-7.0,0,0;                      1803P   1009
100,0.0,0.0,0.0,1.621,0.0,-1.127016654,1.16510706,0,0;              1805P   1010
110,-16.621,-57.5,-7.0,-16.621,-57.5,-12.0,0,0;                     1807P   1011
102,5,1797,1799,1801,1805,1807,0,0;                                 1809P   1012
142,0,1793,0,1809,2,0,0;                                            1811P   1013
144,1793,1,0,1811,0,0;                                              1813P   1014
110,-15.0,-57.5,-12.0,-15.0,-57.5,-11.0,0,0;                        1815P   1015
110,-13.379,-57.5,-12.0,-13.379,-57.5,-7.0,0,0;                     1817P   1016
120,1815,1817,0.0,6.283185307,0,0;                                  1819P   1017
110,-13.379,-57.5,-7.251369457,-13.379,-57.5,-12.0,0,0;             1821P   1018
124,1.0,0.0,0.0,-15.0,0.0,1.0,0.0,-57.5,0.0,0.0,1.0,-12.0,0,0;      1823P   1019
100,0.0,0.0,0.0,1.621,0.0,-1.621,0.0,0,0;                           1825P   1020
110,-16.621,-57.5,-12.0,-16.621,-57.5,-7.0,0,0;                     1827P   1021
124,-1.0,0.0,0.0,-15.0,0.0,1.0,0.0,-57.5,0.0,0.0,-1.0,-7.0,0,0;     1829P   1022
100,0.0,0.0,0.0,1.621,0.0,-1.541960116,0.5,0,0;                     1831P   1023
110,-13.45803988,-57.0,-7.0,-13.45803988,-57.0,-7.214011378,0,0;    1833P   1024
126,3,3,0,0,1,0,0.0,0.0,0.0,0.0,0.7214177391,0.7214177391,          1835P   1025
0.7214177391,0.7214177391,1.0,1.0,1.0,1.0,-13.45803988,-57.0,       1835P   1026
-7.214011378,-13.40615492,-57.16000909,-7.238882462,-13.379,        1835P   1027
-57.32996021,-7.251369457,-13.379,-57.5,-7.251369457,0.0,           1835P   1028
0.7214177391,0.0,0.0,0.0,0,0;                                       1835P   1029
102,6,1821,1825,1827,1831,1833,1835,0,0;                            1837P   1030
142,0,1819,0,1837,2,0,0;                                            1839P   1031
144,1819,1,0,1839,0,0;                                              1841P   1032
124,0.951240047,-0.3084515731,0.0,3.0,0.3084515731,0.951240047,     1843P   1033
0.0,-57.5,0.0,0.0,1.0,-7.0,0,0;                                     1843P   1034
100,0.0,0.0,0.0,1.621,0.0,-1.541960116,0.5,0,0;                     1845P   1035
124,-1.0,0.0,0.0,3.0,0.0,-1.0,0.0,-57.5,0.0,0.0,1.0,-7.0,0,0;       1847P   1036
100,0.0,0.0,0.0,1.621,0.0,-1.127016654,1.16510706,0,0;              1849P   1037
110,4.127016654,-58.66510706,-7.0,4.127016654,-57.0,-7.0,0,0;       1851P   1038
110,4.127016654,-57.0,-7.0,4.541960116,-57.0,-7.0,0,0;              1853P   1039
102,4,1845,1849,1851,1853,0,0;                                      1855P   1040
142,0,3,0,1855,2,0,0;                                               1857P   1041
144,3,1,0,1857,0,0;                                                 1859P   1042
110,3.0,-57.5,-12.0,3.0,-57.5,-11.0,0,0;                            1861P   1043
110,4.621,-57.5,-12.0,4.621,-57.5,-7.0,0,0;                         1863P   1044
120,1861,1863,0.0,6.283185307,0,0;                                  1865P   1045
110,4.621,-57.5,-7.251369457,4.621,-57.5,-12.0,0,0;                 1867P   1046
124,1.0,0.0,0.0,3.0,0.0,1.0,0.0,-57.5,0.0,0.0,1.0,-12.0,0,0;        1869P   1047
100,0.0,0.0,0.0,1.621,0.0,-1.621,0.0,0,0;                           1871P   1048
110,1.379,-57.5,-12.0,1.379,-57.5,-7.0,0,0;                         1873P   1049
124,-1.0,0.0,0.0,3.0,0.0,1.0,0.0,-57.5,0.0,0.0,-1.0,-7.0,0,0;       1875P   1050
100,0.0,0.0,0.0,1.621,0.0,-1.541960116,0.5,0,0;                     1877P   1051
110,4.541960116,-57.0,-7.0,4.541960116,-57.0,-7.214011378,0,0;      1879P   1052
126,3,3,0,0,1,0,0.0,0.0,0.0,0.0,0.7214177391,0.7214177391,          1881P   1053
0.7214177391,0.7214177391,1.0,1.0,1.0,1.0,4.541960116,-57.0,        1881P   1054
-7.214011378,4.593845082,-57.16000909,-7.238882462,4.621,           1881P   1055
-57.32996021,-7.251369457,4.621,-57.5,-7.251369457,0.0,             1881P   1056
0.7214177391,0.0,0.0,0.0,0,0;                                       1881P   1057
102,6,1867,1871,1873,1877,1879,1881,0,0;                            1883P   1058
142,0,1865,0,1883,2,0,0;                                            1885P   1059
144,1865,1,0,1885,0,0;                                              1887P   1060
110,3.0,-57.5,-12.0,3.0,-57.5,-11.0,0,0;                            1889P   1061
110,1.379,-57.5,-12.0,1.379,-57.5,-7.0,0,0;                         1891P   1062
120,1889,1891,0.0,6.283185307,0,0;                                  1893P   1063
124,-1.0,0.0,0.0,3.0,0.0,-1.0,0.0,-57.5,0.0,0.0,1.0,-12.0,0,0;      1895P   1064
100,0.0,0.0,0.0,1.621,0.0,-1.621,0.0,0,0;                           1897P   1065
110,4.621,-57.5,-12.0,4.621,-57.5,-7.251369457,0,0;                 1899P   1066
126,4,4,0,0,1,0,0.0,0.0,0.0,0.0,0.0,1.884045725,1.884045725,        1901P   1067
1.884045725,1.884045725,1.884045725,1.0,1.0,1.0,1.0,1.0,4.621,      1901P   1068
-57.5,-7.251369457,4.621,-57.83305538,-7.251369457,4.528861091,     1901P   1069
-58.16712606,-7.209137776,4.349458984,-58.44993695,-7.123073634,    1901P   1070
4.127016654,-58.66510706,-7.0,0.0,1.884045725,0.0,0.0,0.0,0,0;      1901P   1071
124,0.6952601196,-0.7187582112,0.0,3.0,-0.7187582112,               1903P   1072
-0.6952601196,0.0,-57.5,0.0,0.0,-1.0,-7.0,0,0;                      1903P   1073
100,0.0,0.0,0.0,1.621,0.0,-1.127016654,1.16510706,0,0;              1905P   1074
110,1.379,-57.5,-7.0,1.379,-57.5,-12.0,0,0;                         1907P   1075
102,5,1897,1899,1901,1905,1907,0,0;                                 1909P   1076
142,0,1893,0,1909,2,0,0;                                            1911P   1077
144,1893,1,0,1911,0,0;                                              1913P   1078
110,8.0,-65.0,0.0,8.0,-64.0,0.0,0,0;                                1915P   1079
110,4.686840015,-58.66510706,-7.281687367,4.686840015,-57.0,        1917P   1080
-7.281687367,0,0;                                                   1917P   1081
120,1915,1917,0.0,6.283185307,0,0;                                  1919P   1082
124,-0.4322549855,-0.9017514223,0.0,8.0,0.0,0.0,1.0,-57.0,          1921P   1083
-0.9017514223,0.4322549855,0.0,0.0,0,0;                             1921P   1084
100,0.0,0.0,0.0,8.0,0.0,7.986376316,0.4666833425,0,0;               1923P   1085
110,4.127016654,-57.0,-7.0,4.127016654,-58.66510706,-7.0,0,0;       1925P   1086
126,4,4,0,0,1,0,0.0,0.0,0.0,0.0,0.0,1.884045725,1.884045725,        1927P   1087
1.884045725,1.884045725,1.884045725,1.0,1.0,1.0,1.0,1.0,            1927P   1088
4.127016654,-58.66510706,-7.0,4.349458984,-58.44993695,             1927P   1089
-7.123073634,4.528855602,-58.16711722,-7.209130303,4.621,           1927P   1090
-57.83305538,-7.251369457,4.621,-57.5,-7.251369457,0.0,             1927P   1091
1.884045725,0.0,0.0,0.0,0,0;                                        1927P   1092
126,3,3,0,0,1,0,0.0,0.0,0.0,0.0,0.7214177391,0.7214177391,          1929P   1093
0.7214177391,0.7214177391,1.0,1.0,1.0,1.0,4.621,-57.5,              1929P   1094
-7.251369457,4.621,-57.32996021,-7.251369457,4.593845082,           1929P   1095
-57.16000909,-7.238882462,4.541960116,-57.0,-7.214011378,0.0,       1929P   1096
0.7214177391,0.0,0.0,0.0,0,0;                                       1929P   1097
102,4,1923,1925,1927,1929,0,0;                                      1931P   1098
142,0,1919,0,1931,2,0,0;                                            1933P   1099
144,1919,1,0,1933,0,0;                                              1935P   1100
124,-0.4841229183,0.875,0.0,8.0,0.0,0.0,-1.0,-57.0,-0.875,          1937P   1101
-0.4841229183,0.0,0.0,0,0;                                          1937P   1102
100,0.0,0.0,0.0,8.0,0.0,7.986376316,0.4666833425,0,0;               1939P   1103
110,4.541960116,-57.0,-7.214011378,4.541960116,-57.0,-7.0,0,0;      1941P   1104
110,4.541960116,-57.0,-7.0,4.127016654,-57.0,-7.0,0,0;              1943P   1105
102,3,1939,1941,1943,0,0;                                           1945P   1106
142,0,25,0,1945,2,0,0;                                              1947P   1107
144,25,1,0,1947,0,0;                                                1949P   1108
406,1,29H1074.000.026.002.CAJA_HUSILLO,0,0;                         1951P   1109
308,0,,75,21,59,89,117,139,159,185,235,249,313,389,417,457,487,     1953P   1110
513,537,561,587,611,643,667,691,715,739,763,787,811,835,859,883,    1953P   1111
907,929,949,969,989,1009,1029,1057,1081,1105,1133,1157,1181,        1953P   1112
1209,1237,1261,1285,1301,1329,1357,1385,1411,1427,1443,1459,        1953P   1113
1475,1491,1505,1521,1535,1561,1623,1639,1655,1681,1729,1753,        1953P   1114
1787,1813,1841,1859,1887,1913,1935,1949,0,1,1951;                   1953P   1115
406,1,31H1074.000.026.002.CAJA_HUSILLO.1,0,0;                       1955P   1116
408,1953,0.0,0.0,0.0,1.0,0,1,1955;                                  1957P   1117
124,1.0,0.0,0.0,0.0,0.0,1.0,0.0,-50.0,0.0,0.0,1.0,7.0,0,0;          1959P   1118
110,1.6,0.0,2.5,0.6,0.0,2.5,0,0;                                    1961P   1119
110,1.6,-1.2295,2.5,-1.6,-1.2295,2.5,0,0;                           1963P   1120
120,1961,1963,0.0,6.283185307,0,0;                                  1965P   1121
124,0.0,0.0,-1.0,1.6,-1.0,0.0,0.0,0.0,0.0,1.0,0.0,2.5,0,0;          1967P   1122
100,0.0,0.0,0.0,1.2295,0.0,-1.2295,0.0,0,0;                         1969P   1123
110,1.6,1.2295,2.5,-1.6,1.2295,2.5,0,0;                             1971P   1124
124,0.0,0.0,1.0,-1.6,1.0,0.0,0.0,0.0,0.0,1.0,0.0,2.5,0,0;           1973P   1125
100,0.0,0.0,0.0,1.2295,0.0,-1.2295,0.0,0,0;                         1975P   1126
110,-1.6,-1.2295,2.5,1.6,-1.2295,2.5,0,0;                           1977P   1127
102,4,1969,1971,1975,1977,0,0;                                      1979P   1128
142,0,1965,0,1979,2,0,0;                                            1981P   1129
144,1965,1,0,1981,0,0;                                              1983P   1130
314,15.29411765,15.29411765,15.29411765,5HColor,0,0;                1985P   1131
108,1.0,0.0,0.0,1.6,0,1.6,0.0,0.0,1.0,0,0;                          1987P   1132
110,1.6,136.9282032,26.0,1.6,217.5,26.0,0,0;                        1989P   1133
110,1.6,217.5,26.0,1.6,220.0,28.5,0,0;                              1991P   1134
110,1.6,220.0,28.5,1.6,280.0,28.5,0,0;                              1993P   1135
124,0.0,0.0,-1.0,1.6,0.0,1.0,0.0,280.0,1.0,0.0,0.0,16.0,0,0;        1995P   1136
100,0.0,0.0,0.0,12.5,0.0,-12.07407283,-3.235238064,0,0;             1997P   1137
110,1.6,276.7647619,3.925927171,1.6,269.6600495,5.829629131,0,0;    1999P   1138
124,0.0,0.0,1.0,1.6,0.2588190451,-0.9659258263,0.0,268.3659543,     2001P   1139
0.9659258263,0.2588190451,0.0,1.0,0,0;                              2001P   1140
100,0.0,0.0,0.0,5.0,0.0,4.829629131,1.294095226,0,0;                2003P   1141
110,1.6,268.3659543,6.0,1.6,92.84266864,6.0,0,0;                    2005P   1142
124,0.0,0.0,1.0,1.6,0.0,-1.0,0.0,92.84266864,1.0,0.0,0.0,1.0,0,     2007P   1143
0;                                                                  2007P   1144
100,0.0,0.0,0.0,5.0,0.0,-1.710100717,4.698463104,0,0;               2009P   1145
110,1.6,88.14420554,-0.7101007166,1.6,92.04769466,-11.43484893,     2011P   1146
0,0;                                                                2011P   1147
124,0.0,0.0,-1.0,1.6,0.9396926208,0.3420201433,0.0,85.0,            2013P   1148
0.3420201433,-0.9396926208,0.0,-14.0,0,0;                           2013P   1149
100,0.0,0.0,0.0,7.5,0.0,-6.797308403,3.169636963,0,0;               2015P   1150
110,1.6,79.69669914,-19.30330086,1.6,55.85786438,4.535533906,0,     2017P   1151
0;                                                                  2017P   1152
124,0.0,0.0,1.0,1.6,0.7071067812,-0.7071067812,0.0,52.32233047,     2019P   1153
0.7071067812,0.7071067812,0.0,1.0,0,0;                              2019P   1154
100,0.0,0.0,0.0,5.0,0.0,3.535533906,3.535533906,0,0;                2021P   1155
110,1.6,52.32233047,6.0,1.6,46.33974596,6.0,0,0;                    2023P   1156
124,0.0,0.0,1.0,1.6,0.0,-1.0,0.0,46.33974596,1.0,0.0,0.0,1.0,0,     2025P   1157
0;                                                                  2025P   1158
100,0.0,0.0,0.0,5.0,0.0,4.330127019,2.5,0,0;                        2027P   1159
110,1.6,43.83974596,5.330127019,1.6,26.59746115,-4.624710757,0,     2029P   1160
0;                                                                  2029P   1161
124,0.0,0.0,1.0,1.6,-0.5,-0.8660254038,0.0,29.09746115,             2031P   1162
0.8660254038,-0.5,0.0,-8.954837776,0,0;                             2031P   1163
100,0.0,0.0,0.0,5.0,0.0,4.531538935,2.113091309,0,0;                2033P   1164
110,1.6,25.00170093,-6.086955594,1.6,10.2393815,-27.16973267,0,     2035P   1165
0;                                                                  2035P   1166
124,0.0,0.0,-1.0,1.6,0.8191505199,-0.5735786135,0.0,0.0,            2037P   1167
-0.5735786135,-0.8191505199,0.0,-20.0,0,0;                          2037P   1168
100,0.0,0.0,0.0,12.5,0.0,-4.275189354,11.74618048,0,0;              2039P   1169
110,1.6,-10.2393815,-27.16973267,1.6,-19.67860158,-13.68912932,     2041P   1170
0,0;                                                                2041P   1171
124,0.0,0.0,1.0,1.6,0.8191520443,-0.5735764364,0.0,-23.7743618,     2043P   1172
0.5735764364,0.8191520443,0.0,-16.5570115,0,0;                      2043P   1173
100,0.0,0.0,0.0,5.0,0.0,1.710100717,4.698463104,0,0;                2045P   1174
110,1.6,-25.06845703,-11.72738237,1.6,-75.20061659,-25.16025404,    2047P   1175
0,0;                                                                2047P   1176
110,1.6,-75.20061659,-25.16025404,1.6,-80.20061659,-16.5,0,0;       2049P   1177
110,1.6,-80.20061659,-16.5,1.6,-71.54036255,-11.5,0,0;              2051P   1178
110,1.6,-71.54036255,-11.5,1.6,-73.04036255,-8.901923789,0,0;       2053P   1179
110,1.6,-73.04036255,-8.901923789,1.6,-64.38010851,-3.901923789,    2055P   1180
0,0;                                                                2055P   1181
110,1.6,-64.38010851,-3.901923789,1.6,-62.88010851,-6.5,0,0;        2057P   1182
110,1.6,-62.88010851,-6.5,1.6,-23.90896534,16.0,0,0;                2059P   1183
110,1.6,-23.90896534,16.0,1.6,-25.40896534,18.59807621,0,0;         2061P   1184
110,1.6,-25.40896534,18.59807621,1.6,-16.74871131,23.59807621,0,    2063P   1185
0;                                                                  2063P   1186
110,1.6,-16.74871131,23.59807621,1.6,-15.24871131,21.0,0,0;         2065P   1187
110,1.6,-15.24871131,21.0,1.6,9.0,35.0,0,0;                         2067P   1188
110,1.6,9.0,35.0,1.6,118.660254,35.0,0,0;                           2069P   1189
124,0.0,0.0,-1.0,1.6,0.0,1.0,0.0,118.660254,1.0,0.0,0.0,30.0,0,     2071P   1190
0;                                                                  2071P   1191
100,0.0,0.0,0.0,5.0,0.0,4.330127019,2.5,0,0;                        2073P   1192
110,1.6,121.160254,34.33012702,1.6,134.4282032,26.66987298,0,0;     2075P   1193
124,0.0,0.0,1.0,1.6,-0.5,0.8660254038,0.0,136.9282032,              2077P   1194
-0.8660254038,-0.5,0.0,31.0,0,0;                                    2077P   1195
100,0.0,0.0,0.0,5.0,0.0,4.330127019,2.5,0,0;                        2079P   1196
102,35,1989,1991,1993,1997,1999,2003,2005,2009,2011,2015,2017,      2081P   1197
2021,2023,2027,2029,2033,2035,2039,2041,2045,2047,2049,2051,        2081P   1198
2053,2055,2057,2059,2061,2063,2065,2067,2069,2073,2075,2079,0,0;    2081P   1199
142,0,1987,0,2081,2,0,0;                                            2083P   1200
124,0.0,0.0,1.0,1.6,-1.0,0.0,0.0,0.0,0.0,-1.0,0.0,10.0,0,0;         2085P   1201
100,0.0,0.0,0.0,1.2295,0.0,-1.2295,0.0,0,0;                         2087P   1202
124,0.0,0.0,1.0,1.6,1.0,0.0,0.0,0.0,0.0,1.0,0.0,10.0,0,0;           2089P   1203
100,0.0,0.0,0.0,1.2295,0.0,-1.2295,0.0,0,0;                         2091P   1204
102,2,2087,2091,0,0;                                                2093P   1205
142,0,1987,0,2093,2,0,0;                                            2095P   1206
124,0.0,0.0,1.0,1.6,1.0,0.0,0.0,0.0,0.0,1.0,0.0,2.5,0,0;            2097P   1207
100,0.0,0.0,0.0,1.2295,0.0,-1.2295,0.0,0,0;                         2099P   1208
124,0.0,0.0,1.0,1.6,-1.0,0.0,0.0,0.0,0.0,-1.0,0.0,2.5,0,0;          2101P   1209
100,0.0,0.0,0.0,1.2295,0.0,-1.2295,0.0,0,0;                         2103P   1210
102,2,2099,2103,0,0;                                                2105P   1211
142,0,1987,0,2105,2,0,0;                                            2107P   1212
124,0.0,0.0,1.0,1.6,1.0,0.0,0.0,0.0,0.0,1.0,0.0,-20.0,0,0;          2109P   1213
100,0.0,0.0,0.0,4.0,0.0,-4.0,0.0,0,0;                               2111P   1214
124,0.0,0.0,1.0,1.6,-1.0,0.0,0.0,0.0,0.0,-1.0,0.0,-20.0,0,0;        2113P   1215
100,0.0,0.0,0.0,4.0,0.0,-4.0,0.0,0,0;                               2115P   1216
102,2,2111,2115,0,0;                                                2117P   1217
142,0,1987,0,2117,2,0,0;                                            2119P   1218
124,0.0,0.0,1.0,1.6,1.0,0.0,0.0,280.0,0.0,1.0,0.0,16.0,0,0;         2121P   1219
100,0.0,0.0,0.0,8.0,0.0,-8.0,0.0,0,0;                               2123P   1220
124,0.0,0.0,1.0,1.6,-1.0,0.0,0.0,280.0,0.0,-1.0,0.0,16.0,0,0;       2125P   1221
100,0.0,0.0,0.0,8.0,0.0,-8.0,0.0,0,0;                               2127P   1222
102,2,2123,2127,0,0;                                                2129P   1223
142,0,1987,0,2129,2,0,0;                                            2131P   1224
124,0.0,0.0,1.0,1.6,1.0,0.0,0.0,85.0,0.0,1.0,0.0,-14.0,0,0;         2133P   1225
100,0.0,0.0,0.0,3.25,0.0,-3.25,0.0,0,0;                             2135P   1226
124,0.0,0.0,1.0,1.6,-1.0,0.0,0.0,85.0,0.0,-1.0,0.0,-14.0,0,0;       2137P   1227
100,0.0,0.0,0.0,3.25,0.0,-3.25,0.0,0,0;                             2139P   1228
102,2,2135,2139,0,0;                                                2141P   1229
142,0,1987,0,2141,2,0,0;                                            2143P   1230
124,0.0,0.0,1.0,1.6,0.0,-1.0,0.0,190.0,1.0,0.0,0.0,16.0,0,0;        2145P   1231
100,0.0,0.0,0.0,3.2,0.0,-3.2,0.0,0,0;                               2147P   1232
110,1.6,190.0,12.8,1.6,260.0,12.8,0,0;                              2149P   1233
124,0.0,0.0,1.0,1.6,0.0,1.0,0.0,260.0,-1.0,0.0,0.0,16.0,0,0;        2151P   1234
100,0.0,0.0,0.0,3.2,0.0,-3.2,0.0,0,0;                               2153P   1235
110,1.6,260.0,19.2,1.6,190.0,19.2,0,0;                              2155P   1236
102,4,2147,2149,2153,2155,0,0;                                      2157P   1237
142,0,1987,0,2157,2,0,0;                                            2159P   1238
110,1.6,95.0,29.5,1.6,35.0,29.5,0,0;                                2161P   1239
124,0.0,0.0,1.0,1.6,0.0,-1.0,0.0,35.0,1.0,0.0,0.0,27.5,0,0;         2163P   1240
100,0.0,0.0,0.0,2.0,0.0,-2.0,0.0,0,0;                               2165P   1241
110,1.6,35.0,25.5,1.6,95.0,25.5,0,0;                                2167P   1242
124,0.0,0.0,1.0,1.6,0.0,1.0,0.0,95.0,-1.0,0.0,0.0,27.5,0,0;         2169P   1243
100,0.0,0.0,0.0,2.0,0.0,-2.0,0.0,0,0;                               2171P   1244
102,4,2161,2165,2167,2171,0,0;                                      2173P   1245
142,0,1987,0,2173,2,0,0;                                            2175P   1246
110,1.6,118.4493889,12.73746806,1.6,113.0981468,20.829593,0,0;      2177P   1247
124,0.0,0.0,1.0,1.6,0.8341143521,-0.5515915587,0.0,111.6786848,     2179P   1248
0.5515915587,0.8341143521,0.0,19.89091686,0,0;                      2179P   1249
100,0.0,0.0,0.0,1.701759451,0.0,-1.701759451,0.0,0,0;               2181P   1250
110,1.6,110.2592228,18.95224071,1.6,115.6104649,10.86011577,0,0;    2183P   1251
124,0.0,0.0,1.0,1.6,-0.8341143521,0.5515915587,0.0,117.0299269,     2185P   1252
-0.5515915587,-0.8341143521,0.0,11.79879192,0,0;                    2185P   1253
100,0.0,0.0,0.0,1.701759451,0.0,-1.701759451,0.0,0,0;               2187P   1254
102,4,2177,2181,2183,2187,0,0;                                      2189P   1255
142,0,1987,0,2189,2,0,0;                                            2191P   1256
110,1.6,128.1077446,12.73746806,1.6,122.7565025,20.829593,0,0;      2193P   1257
124,0.0,0.0,1.0,1.6,0.8341143521,-0.5515915587,0.0,121.3370405,     2195P   1258
0.5515915587,0.8341143521,0.0,19.89091686,0,0;                      2195P   1259
100,0.0,0.0,0.0,1.701759451,0.0,-1.701759451,0.0,0,0;               2197P   1260
110,1.6,119.9175785,18.95224071,1.6,125.2688206,10.86011577,0,0;    2199P   1261
124,0.0,0.0,1.0,1.6,-0.8341143521,0.5515915587,0.0,126.6882826,     2201P   1262
-0.5515915587,-0.8341143521,0.0,11.79879192,0,0;                    2201P   1263
100,0.0,0.0,0.0,1.701759451,0.0,-1.701759451,0.0,0,0;               2203P   1264
102,4,2193,2197,2199,2203,0,0;                                      2205P   1265
142,0,1987,0,2205,2,0,0;                                            2207P   1266
110,1.6,137.7661003,12.73746806,1.6,132.4148582,20.829593,0,0;      2209P   1267
124,0.0,0.0,1.0,1.6,0.8341143521,-0.5515915587,0.0,130.9953962,     2211P   1268
0.5515915587,0.8341143521,0.0,19.89091686,0,0;                      2211P   1269
100,0.0,0.0,0.0,1.701759451,0.0,-1.701759451,0.0,0,0;               2213P   1270
110,1.6,129.5759343,18.95224071,1.6,134.9271763,10.86011577,0,0;    2215P   1271
124,0.0,0.0,1.0,1.6,-0.8341143521,0.5515915587,0.0,136.3466383,     2217P   1272
-0.5515915587,-0.8341143521,0.0,11.79879192,0,0;                    2217P   1273
100,0.0,0.0,0.0,1.701759451,0.0,-1.701759451,0.0,0,0;               2219P   1274
102,4,2209,2213,2215,2219,0,0;                                      2221P   1275
142,0,1987,0,2221,2,0,0;                                            2223P   1276
110,1.6,147.424456,12.73746806,1.6,142.0732139,20.829593,0,0;       2225P   1277
124,0.0,0.0,1.0,1.6,0.8341143521,-0.5515915587,0.0,140.6537519,     2227P   1278
0.5515915587,0.8341143521,0.0,19.89091686,0,0;                      2227P   1279
100,0.0,0.0,0.0,1.701759451,0.0,-1.701759451,0.0,0,0;               2229P   1280
110,1.6,139.23429,18.95224071,1.6,144.585532,10.86011577,0,0;       2231P   1281
124,0.0,0.0,1.0,1.6,-0.8341143521,0.5515915587,0.0,146.004994,      2233P   1282
-0.5515915587,-0.8341143521,0.0,11.79879192,0,0;                    2233P   1283
100,0.0,0.0,0.0,1.701759451,0.0,-1.701759451,0.0,0,0;               2235P   1284
102,4,2225,2229,2231,2235,0,0;                                      2237P   1285
142,0,1987,0,2237,2,0,0;                                            2239P   1286
110,1.6,157.0828117,12.73746806,1.6,151.7315696,20.829593,0,0;      2241P   1287
124,0.0,0.0,1.0,1.6,0.8341143521,-0.5515915587,0.0,150.3121077,     2243P   1288
0.5515915587,0.8341143521,0.0,19.89091686,0,0;                      2243P   1289
100,0.0,0.0,0.0,1.701759451,0.0,-1.701759451,0.0,0,0;               2245P   1290
110,1.6,148.8926457,18.95224071,1.6,154.2438877,10.86011577,0,0;    2247P   1291
124,0.0,0.0,1.0,1.6,-0.8341143521,0.5515915587,0.0,155.6633497,     2249P   1292
-0.5515915587,-0.8341143521,0.0,11.79879192,0,0;                    2249P   1293
100,0.0,0.0,0.0,1.701759451,0.0,-1.701759451,0.0,0,0;               2251P   1294
102,4,2241,2245,2247,2251,0,0;                                      2253P   1295
142,0,1987,0,2253,2,0,0;                                            2255P   1296
110,1.6,166.7411674,12.73746806,1.6,161.3899254,20.829593,0,0;      2257P   1297
124,0.0,0.0,1.0,1.6,0.8341143521,-0.5515915587,0.0,159.9704634,     2259P   1298
0.5515915587,0.8341143521,0.0,19.89091686,0,0;                      2259P   1299
100,0.0,0.0,0.0,1.701759451,0.0,-1.701759451,0.0,0,0;               2261P   1300
110,1.6,158.5510014,18.95224071,1.6,163.9022435,10.86011577,0,0;    2263P   1301
124,0.0,0.0,1.0,1.6,-0.8341143521,0.5515915587,0.0,165.3217054,     2265P   1302
-0.5515915587,-0.8341143521,0.0,11.79879192,0,0;                    2265P   1303
100,0.0,0.0,0.0,1.701759451,0.0,-1.701759451,0.0,0,0;               2267P   1304
102,4,2257,2261,2263,2267,0,0;                                      2269P   1305
142,0,1987,0,2269,2,0,0;                                            2271P   1306
144,1987,1,13,2083,2095,2107,2119,2131,2143,2159,2175,2191,2207,    2273P   1307
2223,2239,2255,2271,0,0;                                            2273P   1308
110,1.6,0.0,2.5,0.6,0.0,2.5,0,0;                                    2275P   1309
110,1.6,1.2295,2.5,-1.6,1.2295,2.5,0,0;                             2277P   1310
120,2275,2277,0.0,6.283185307,0,0;                                  2279P   1311
124,0.0,0.0,-1.0,1.6,1.0,0.0,0.0,0.0,0.0,-1.0,0.0,2.5,0,0;          2281P   1312
100,0.0,0.0,0.0,1.2295,0.0,-1.2295,0.0,0,0;                         2283P   1313
110,1.6,-1.2295,2.5,-1.6,-1.2295,2.5,0,0;                           2285P   1314
124,0.0,0.0,1.0,-1.6,-1.0,0.0,0.0,0.0,0.0,-1.0,0.0,2.5,0,0;         2287P   1315
100,0.0,0.0,0.0,1.2295,0.0,-1.2295,0.0,0,0;                         2289P   1316
110,-1.6,1.2295,2.5,1.6,1.2295,2.5,0,0;                             2291P   1317
102,4,2283,2285,2289,2291,0,0;                                      2293P   1318
142,0,2279,0,2293,2,0,0;                                            2295P   1319
144,2279,1,0,2295,0,0;                                              2297P   1320
110,0.0,136.9282032,31.0,-1.0,136.9282032,31.0,0,0;                 2299P   1321
110,1.6,136.9282032,26.0,-1.6,136.9282032,26.0,0,0;                 2301P   1322
120,2299,2301,0.0,6.283185307,0,0;                                  2303P   1323
124,0.0,0.0,-1.0,1.6,0.0,-1.0,0.0,136.9282032,-1.0,0.0,0.0,31.0,    2305P   1324
0,0;                                                                2305P   1325
100,0.0,0.0,0.0,5.0,0.0,4.330127019,2.5,0,0;                        2307P   1326
110,1.6,134.4282032,26.66987298,-1.6,134.4282032,26.66987298,0,     2309P   1327
0;                                                                  2309P   1328
124,0.0,0.0,1.0,-1.6,-0.5,0.8660254038,0.0,136.9282032,             2311P   1329
-0.8660254038,-0.5,0.0,31.0,0,0;                                    2311P   1330
100,0.0,0.0,0.0,5.0,0.0,4.330127019,2.5,0,0;                        2313P   1331
110,-1.6,136.9282032,26.0,1.6,136.9282032,26.0,0,0;                 2315P   1332
102,4,2307,2309,2313,2315,0,0;                                      2317P   1333
142,0,2303,0,2317,2,0,0;                                            2319P   1334
144,2303,1,0,2319,0,0;                                              2321P   1335
110,0.0,29.09746115,-8.954837776,-1.0,29.09746115,-8.954837776,     2323P   1336
0,0;                                                                2323P   1337
110,1.6,25.00170093,-6.086955594,-1.6,25.00170093,-6.086955594,     2325P   1338
0,0;                                                                2325P   1339
120,2323,2325,0.0,6.283185307,0,0;                                  2327P   1340
124,0.0,0.0,-1.0,1.6,-0.8191520443,0.5735764364,0.0,29.09746115,    2329P   1341
0.5735764364,0.8191520443,0.0,-8.954837776,0,0;                     2329P   1342
100,0.0,0.0,0.0,5.0,0.0,4.531538935,2.113091309,0,0;                2331P   1343
110,1.6,26.59746115,-4.624710757,-1.6,26.59746115,-4.624710757,     2333P   1344
0,0;                                                                2333P   1345
124,0.0,0.0,1.0,-1.6,-0.5,-0.8660254038,0.0,29.09746115,            2335P   1346
0.8660254038,-0.5,0.0,-8.954837776,0,0;                             2335P   1347
100,0.0,0.0,0.0,5.0,0.0,4.531538935,2.113091309,0,0;                2337P   1348
110,-1.6,25.00170093,-6.086955594,1.6,25.00170093,-6.086955594,     2339P   1349
0,0;                                                                2339P   1350
102,4,2331,2333,2337,2339,0,0;                                      2341P   1351
142,0,2327,0,2341,2,0,0;                                            2343P   1352
144,2327,1,0,2343,0,0;                                              2345P   1353
110,0.0,46.33974596,1.0,-1.0,46.33974596,1.0,0,0;                   2347P   1354
110,1.6,43.83974596,5.330127019,-1.6,43.83974596,5.330127019,0,     2349P   1355
0;                                                                  2349P   1356
120,2347,2349,0.0,6.283185307,0,0;                                  2351P   1357
124,0.0,0.0,-1.0,1.6,-0.5,0.8660254038,0.0,46.33974596,             2353P   1358
0.8660254038,0.5,0.0,1.0,0,0;                                       2353P   1359
100,0.0,0.0,0.0,5.0,0.0,4.330127019,2.5,0,0;                        2355P   1360
110,1.6,46.33974596,6.0,-1.6,46.33974596,6.0,0,0;                   2357P   1361
124,0.0,0.0,1.0,-1.6,0.0,-1.0,0.0,46.33974596,1.0,0.0,0.0,1.0,0,    2359P   1362
0;                                                                  2359P   1363
100,0.0,0.0,0.0,5.0,0.0,4.330127019,2.5,0,0;                        2361P   1364
110,-1.6,43.83974596,5.330127019,1.6,43.83974596,5.330127019,0,     2363P   1365
0;                                                                  2363P   1366
102,4,2355,2357,2361,2363,0,0;                                      2365P   1367
142,0,2351,0,2365,2,0,0;                                            2367P   1368
144,2351,1,0,2367,0,0;                                              2369P   1369
110,0.0,52.32233047,1.0,-1.0,52.32233047,1.0,0,0;                   2371P   1370
110,1.6,52.32233047,6.0,-1.6,52.32233047,6.0,0,0;                   2373P   1371
120,2371,2373,0.0,6.283185307,0,0;                                  2375P   1372
124,0.0,0.0,-1.0,1.6,0.0,1.0,0.0,52.32233047,1.0,0.0,0.0,1.0,0,     2377P   1373
0;                                                                  2377P   1374
100,0.0,0.0,0.0,5.0,0.0,3.535533906,3.535533906,0,0;                2379P   1375
110,1.6,55.85786438,4.535533906,-1.6,55.85786438,4.535533906,0,     2381P   1376
0;                                                                  2381P   1377
124,0.0,0.0,1.0,-1.6,0.7071067812,-0.7071067812,0.0,52.32233047,    2383P   1378
0.7071067812,0.7071067812,0.0,1.0,0,0;                              2383P   1379
100,0.0,0.0,0.0,5.0,0.0,3.535533906,3.535533906,0,0;                2385P   1380
110,-1.6,52.32233047,6.0,1.6,52.32233047,6.0,0,0;                   2387P   1381
102,4,2379,2381,2385,2387,0,0;                                      2389P   1382
142,0,2375,0,2389,2,0,0;                                            2391P   1383
144,2375,1,0,2391,0,0;                                              2393P   1384
110,0.0,92.84266864,1.0,-1.0,92.84266864,1.0,0,0;                   2395P   1385
110,1.6,88.14420554,-0.7101007166,-1.6,88.14420554,                 2397P   1386
-0.7101007166,0,0;                                                  2397P   1387
120,2395,2397,0.0,6.283185307,0,0;                                  2399P   1388
124,0.0,0.0,-1.0,1.6,-0.9396926208,-0.3420201433,0.0,               2401P   1389
92.84266864,-0.3420201433,0.9396926208,0.0,1.0,0,0;                 2401P   1390
100,0.0,0.0,0.0,5.0,0.0,-1.710100717,4.698463104,0,0;               2403P   1391
110,1.6,92.84266864,6.0,-1.6,92.84266864,6.0,0,0;                   2405P   1392
124,0.0,0.0,1.0,-1.6,0.0,-1.0,0.0,92.84266864,1.0,0.0,0.0,1.0,0,    2407P   1393
0;                                                                  2407P   1394
100,0.0,0.0,0.0,5.0,0.0,-1.710100717,4.698463104,0,0;               2409P   1395
110,-1.6,88.14420554,-0.7101007166,1.6,88.14420554,                 2411P   1396
-0.7101007166,0,0;                                                  2411P   1397
102,4,2403,2405,2409,2411,0,0;                                      2413P   1398
142,0,2399,0,2413,2,0,0;                                            2415P   1399
144,2399,1,0,2415,0,0;                                              2417P   1400
110,0.0,268.3659543,1.0,-1.0,268.3659543,1.0,0,0;                   2419P   1401
110,1.6,268.3659543,6.0,-1.6,268.3659543,6.0,0,0;                   2421P   1402
120,2419,2421,0.0,6.283185307,0,0;                                  2423P   1403
124,0.0,0.0,-1.0,1.6,0.0,1.0,0.0,268.3659543,1.0,0.0,0.0,1.0,0,     2425P   1404
0;                                                                  2425P   1405
100,0.0,0.0,0.0,5.0,0.0,4.829629131,1.294095226,0,0;                2427P   1406
110,1.6,269.6600495,5.829629131,-1.6,269.6600495,5.829629131,0,     2429P   1407
0;                                                                  2429P   1408
124,0.0,0.0,1.0,-1.6,0.2588190451,-0.9659258263,0.0,268.3659543,    2431P   1409
0.9659258263,0.2588190451,0.0,1.0,0,0;                              2431P   1410
100,0.0,0.0,0.0,5.0,0.0,4.829629131,1.294095226,0,0;                2433P   1411
110,-1.6,268.3659543,6.0,1.6,268.3659543,6.0,0,0;                   2435P   1412
102,4,2427,2429,2433,2435,0,0;                                      2437P   1413
142,0,2423,0,2437,2,0,0;                                            2439P   1414
144,2423,1,0,2439,0,0;                                              2441P   1415
108,0.0,0.8341143521,0.5515915587,146.1070807,0,1.6,161.3899254,    2443P   1416
20.829593,1.0,0,0;                                                  2443P   1417
110,-1.6,161.3899254,20.829593,1.6,161.3899254,20.829593,0,0;       2445P   1418
110,1.6,161.3899254,20.829593,1.6,166.7411674,12.73746806,0,0;      2447P   1419
110,1.6,166.7411674,12.73746806,-1.6,166.7411674,12.73746806,0,     2449P   1420
0;                                                                  2449P   1421
110,-1.6,166.7411674,12.73746806,-1.6,161.3899254,20.829593,0,0;    2451P   1422
102,4,2445,2447,2449,2451,0,0;                                      2453P   1423
142,0,2443,0,2453,2,0,0;                                            2455P   1424
144,2443,1,0,2455,0,0;                                              2457P   1425
110,-8.4,159.9704634,19.89091686,-7.4,159.9704634,19.89091686,0,    2459P   1426
0;                                                                  2459P   1427
110,-1.6,161.3899254,20.829593,1.6,161.3899254,20.829593,0,0;       2461P   1428
120,2459,2461,0.0,6.283185307,0,0;                                  2463P   1429
110,-1.6,158.5510014,18.95224071,1.6,158.5510014,18.95224071,0,     2465P   1430
0;                                                                  2465P   1431
124,0.0,0.0,-1.0,1.6,-0.8341143521,-0.5515915587,0.0,               2467P   1432
159.9704634,-0.5515915587,0.8341143521,0.0,19.89091686,0,0;         2467P   1433
100,0.0,0.0,0.0,1.701759451,0.0,-1.701759451,0.0,0,0;               2469P   1434
110,1.6,161.3899254,20.829593,-1.6,161.3899254,20.829593,0,0;       2471P   1435
124,0.0,0.0,1.0,-1.6,0.8341143521,-0.5515915587,0.0,159.9704634,    2473P   1436
0.5515915587,0.8341143521,0.0,19.89091686,0,0;                      2473P   1437
100,0.0,0.0,0.0,1.701759451,0.0,-1.701759451,0.0,0,0;               2475P   1438
102,4,2465,2469,2471,2475,0,0;                                      2477P   1439
142,0,2463,0,2477,2,0,0;                                            2479P   1440
144,2463,1,0,2479,0,0;                                              2481P   1441
108,0.0,-0.8341143521,-0.5515915587,-142.7035618,0,1.6,             2483P   1442
163.9022435,10.86011577,1.0,0,0;                                    2483P   1443
110,-1.6,163.9022435,10.86011577,1.6,163.9022435,10.86011577,0,     2485P   1444
0;                                                                  2485P   1445
110,1.6,163.9022435,10.86011577,1.6,158.5510014,18.95224071,0,0;    2487P   1446
110,1.6,158.5510014,18.95224071,-1.6,158.5510014,18.95224071,0,     2489P   1447
0;                                                                  2489P   1448
110,-1.6,158.5510014,18.95224071,-1.6,163.9022435,10.86011577,0,    2491P   1449
0;                                                                  2491P   1450
102,4,2485,2487,2489,2491,0,0;                                      2493P   1451
142,0,2483,0,2493,2,0,0;                                            2495P   1452
144,2483,1,0,2495,0,0;                                              2497P   1453
110,-8.4,165.3217054,11.79879192,-7.4,165.3217054,11.79879192,0,    2499P   1454
0;                                                                  2499P   1455
110,-1.6,163.9022435,10.86011577,1.6,163.9022435,10.86011577,0,     2501P   1456
0;                                                                  2501P   1457
120,2499,2501,0.0,6.283185307,0,0;                                  2503P   1458
110,-1.6,166.7411674,12.73746806,1.6,166.7411674,12.73746806,0,     2505P   1459
0;                                                                  2505P   1460
124,0.0,0.0,-1.0,1.6,0.8341143521,0.5515915587,0.0,165.3217054,     2507P   1461
0.5515915587,-0.8341143521,0.0,11.79879192,0,0;                     2507P   1462
100,0.0,0.0,0.0,1.701759451,0.0,-1.701759451,0.0,0,0;               2509P   1463
110,1.6,163.9022435,10.86011577,-1.6,163.9022435,10.86011577,0,     2511P   1464
0;                                                                  2511P   1465
124,0.0,0.0,1.0,-1.6,-0.8341143521,0.5515915587,0.0,165.3217054,    2513P   1466
-0.5515915587,-0.8341143521,0.0,11.79879192,0,0;                    2513P   1467
100,0.0,0.0,0.0,1.701759451,0.0,-1.701759451,0.0,0,0;               2515P   1468
102,4,2505,2509,2511,2515,0,0;                                      2517P   1469
142,0,2503,0,2517,2,0,0;                                            2519P   1470
144,2503,1,0,2519,0,0;                                              2521P   1471
108,0.0,0.8341143521,0.5515915587,138.0509076,0,1.6,151.7315696,    2523P   1472
20.829593,1.0,0,0;                                                  2523P   1473
110,-1.6,151.7315696,20.829593,1.6,151.7315696,20.829593,0,0;       2525P   1474
110,1.6,151.7315696,20.829593,1.6,157.0828117,12.73746806,0,0;      2527P   1475
110,1.6,157.0828117,12.73746806,-1.6,157.0828117,12.73746806,0,     2529P   1476
0;                                                                  2529P   1477
110,-1.6,157.0828117,12.73746806,-1.6,151.7315696,20.829593,0,0;    2531P   1478
102,4,2525,2527,2529,2531,0,0;                                      2533P   1479
142,0,2523,0,2533,2,0,0;                                            2535P   1480
144,2523,1,0,2535,0,0;                                              2537P   1481
110,-8.4,150.3121077,19.89091686,-7.4,150.3121077,19.89091686,0,    2539P   1482
0;                                                                  2539P   1483
110,-1.6,151.7315696,20.829593,1.6,151.7315696,20.829593,0,0;       2541P   1484
120,2539,2541,0.0,6.283185307,0,0;                                  2543P   1485
110,-1.6,148.8926457,18.95224071,1.6,148.8926457,18.95224071,0,     2545P   1486
0;                                                                  2545P   1487
124,0.0,0.0,-1.0,1.6,-0.8341143521,-0.5515915587,0.0,               2547P   1488
150.3121077,-0.5515915587,0.8341143521,0.0,19.89091686,0,0;         2547P   1489
100,0.0,0.0,0.0,1.701759451,0.0,-1.701759451,0.0,0,0;               2549P   1490
110,1.6,151.7315696,20.829593,-1.6,151.7315696,20.829593,0,0;       2551P   1491
124,0.0,0.0,1.0,-1.6,0.8341143521,-0.5515915587,0.0,150.3121077,    2553P   1492
0.5515915587,0.8341143521,0.0,19.89091686,0,0;                      2553P   1493
100,0.0,0.0,0.0,1.701759451,0.0,-1.701759451,0.0,0,0;               2555P   1494
102,4,2545,2549,2551,2555,0,0;                                      2557P   1495
142,0,2543,0,2557,2,0,0;                                            2559P   1496
144,2543,1,0,2559,0,0;                                              2561P   1497
108,0.0,-0.8341143521,-0.5515915587,-134.6473887,0,1.6,             2563P   1498
154.2438877,10.86011577,1.0,0,0;                                    2563P   1499
110,-1.6,154.2438877,10.86011577,1.6,154.2438877,10.86011577,0,     2565P   1500
0;                                                                  2565P   1501
110,1.6,154.2438877,10.86011577,1.6,148.8926457,18.95224071,0,0;    2567P   1502
110,1.6,148.8926457,18.95224071,-1.6,148.8926457,18.95224071,0,     2569P   1503
0;                                                                  2569P   1504
110,-1.6,148.8926457,18.95224071,-1.6,154.2438877,10.86011577,0,    2571P   1505
0;                                                                  2571P   1506
102,4,2565,2567,2569,2571,0,0;                                      2573P   1507
142,0,2563,0,2573,2,0,0;                                            2575P   1508
144,2563,1,0,2575,0,0;                                              2577P   1509
110,-8.4,155.6633497,11.79879192,-7.4,155.6633497,11.79879192,0,    2579P   1510
0;                                                                  2579P   1511
110,-1.6,154.2438877,10.86011577,1.6,154.2438877,10.86011577,0,     2581P   1512
0;                                                                  2581P   1513
120,2579,2581,0.0,6.283185307,0,0;                                  2583P   1514
110,-1.6,157.0828117,12.73746806,1.6,157.0828117,12.73746806,0,     2585P   1515
0;                                                                  2585P   1516
124,0.0,0.0,-1.0,1.6,0.8341143521,0.5515915587,0.0,155.6633497,     2587P   1517
0.5515915587,-0.8341143521,0.0,11.79879192,0,0;                     2587P   1518
100,0.0,0.0,0.0,1.701759451,0.0,-1.701759451,0.0,0,0;               2589P   1519
110,1.6,154.2438877,10.86011577,-1.6,154.2438877,10.86011577,0,     2591P   1520
0;                                                                  2591P   1521
124,0.0,0.0,1.0,-1.6,-0.8341143521,0.5515915587,0.0,155.6633497,    2593P   1522
-0.5515915587,-0.8341143521,0.0,11.79879192,0,0;                    2593P   1523
100,0.0,0.0,0.0,1.701759451,0.0,-1.701759451,0.0,0,0;               2595P   1524
102,4,2585,2589,2591,2595,0,0;                                      2597P   1525
142,0,2583,0,2597,2,0,0;                                            2599P   1526
144,2583,1,0,2599,0,0;                                              2601P   1527
108,0.0,0.8341143521,0.5515915587,129.9947345,0,1.6,142.0732139,    2603P   1528
20.829593,1.0,0,0;                                                  2603P   1529
110,-1.6,142.0732139,20.829593,1.6,142.0732139,20.829593,0,0;       2605P   1530
110,1.6,142.0732139,20.829593,1.6,147.424456,12.73746806,0,0;       2607P   1531
110,1.6,147.424456,12.73746806,-1.6,147.424456,12.73746806,0,0;     2609P   1532
110,-1.6,147.424456,12.73746806,-1.6,142.0732139,20.829593,0,0;     2611P   1533
102,4,2605,2607,2609,2611,0,0;                                      2613P   1534
142,0,2603,0,2613,2,0,0;                                            2615P   1535
144,2603,1,0,2615,0,0;                                              2617P   1536
110,-8.4,140.6537519,19.89091686,-7.4,140.6537519,19.89091686,0,    2619P   1537
0;                                                                  2619P   1538
110,-1.6,142.0732139,20.829593,1.6,142.0732139,20.829593,0,0;       2621P   1539
120,2619,2621,0.0,6.283185307,0,0;                                  2623P   1540
110,-1.6,139.23429,18.95224071,1.6,139.23429,18.95224071,0,0;       2625P   1541
124,0.0,0.0,-1.0,1.6,-0.8341143521,-0.5515915587,0.0,               2627P   1542
140.6537519,-0.5515915587,0.8341143521,0.0,19.89091686,0,0;         2627P   1543
100,0.0,0.0,0.0,1.701759451,0.0,-1.701759451,0.0,0,0;               2629P   1544
110,1.6,142.0732139,20.829593,-1.6,142.0732139,20.829593,0,0;       2631P   1545
124,0.0,0.0,1.0,-1.6,0.8341143521,-0.5515915587,0.0,140.6537519,    2633P   1546
0.5515915587,0.8341143521,0.0,19.89091686,0,0;                      2633P   1547
100,0.0,0.0,0.0,1.701759451,0.0,-1.701759451,0.0,0,0;               2635P   1548
102,4,2625,2629,2631,2635,0,0;                                      2637P   1549
142,0,2623,0,2637,2,0,0;                                            2639P   1550
144,2623,1,0,2639,0,0;                                              2641P   1551
108,0.0,-0.8341143521,-0.5515915587,-126.5912156,0,1.6,             2643P   1552
144.585532,10.86011577,1.0,0,0;                                     2643P   1553
110,-1.6,144.585532,10.86011577,1.6,144.585532,10.86011577,0,0;     2645P   1554
110,1.6,144.585532,10.86011577,1.6,139.23429,18.95224071,0,0;       2647P   1555
110,1.6,139.23429,18.95224071,-1.6,139.23429,18.95224071,0,0;       2649P   1556
110,-1.6,139.23429,18.95224071,-1.6,144.585532,10.86011577,0,0;     2651P   1557
102,4,2645,2647,2649,2651,0,0;                                      2653P   1558
142,0,2643,0,2653,2,0,0;                                            2655P   1559
144,2643,1,0,2655,0,0;                                              2657P   1560
110,-8.4,146.004994,11.79879192,-7.4,146.004994,11.79879192,0,0;    2659P   1561
110,-1.6,144.585532,10.86011577,1.6,144.585532,10.86011577,0,0;     2661P   1562
120,2659,2661,0.0,6.283185307,0,0;                                  2663P   1563
110,-1.6,147.424456,12.73746806,1.6,147.424456,12.73746806,0,0;     2665P   1564
124,0.0,0.0,-1.0,1.6,0.8341143521,0.5515915587,0.0,146.004994,      2667P   1565
0.5515915587,-0.8341143521,0.0,11.79879192,0,0;                     2667P   1566
100,0.0,0.0,0.0,1.701759451,0.0,-1.701759451,0.0,0,0;               2669P   1567
110,1.6,144.585532,10.86011577,-1.6,144.585532,10.86011577,0,0;     2671P   1568
124,0.0,0.0,1.0,-1.6,-0.8341143521,0.5515915587,0.0,146.004994,     2673P   1569
-0.5515915587,-0.8341143521,0.0,11.79879192,0,0;                    2673P   1570
100,0.0,0.0,0.0,1.701759451,0.0,-1.701759451,0.0,0,0;               2675P   1571
102,4,2665,2669,2671,2675,0,0;                                      2677P   1572
142,0,2663,0,2677,2,0,0;                                            2679P   1573
144,2663,1,0,2679,0,0;                                              2681P   1574
108,0.0,0.8341143521,0.5515915587,121.9385613,0,1.6,132.4148582,    2683P   1575
20.829593,1.0,0,0;                                                  2683P   1576
110,-1.6,132.4148582,20.829593,1.6,132.4148582,20.829593,0,0;       2685P   1577
110,1.6,132.4148582,20.829593,1.6,137.7661003,12.73746806,0,0;      2687P   1578
110,1.6,137.7661003,12.73746806,-1.6,137.7661003,12.73746806,0,     2689P   1579
0;                                                                  2689P   1580
110,-1.6,137.7661003,12.73746806,-1.6,132.4148582,20.829593,0,0;    2691P   1581
102,4,2685,2687,2689,2691,0,0;                                      2693P   1582
142,0,2683,0,2693,2,0,0;                                            2695P   1583
144,2683,1,0,2695,0,0;                                              2697P   1584
110,-8.4,130.9953962,19.89091686,-7.4,130.9953962,19.89091686,0,    2699P   1585
0;                                                                  2699P   1586
110,-1.6,132.4148582,20.829593,1.6,132.4148582,20.829593,0,0;       2701P   1587
120,2699,2701,0.0,6.283185307,0,0;                                  2703P   1588
110,-1.6,129.5759343,18.95224071,1.6,129.5759343,18.95224071,0,     2705P   1589
0;                                                                  2705P   1590
124,0.0,0.0,-1.0,1.6,-0.8341143521,-0.5515915587,0.0,               2707P   1591
130.9953962,-0.5515915587,0.8341143521,0.0,19.89091686,0,0;         2707P   1592
100,0.0,0.0,0.0,1.701759451,0.0,-1.701759451,0.0,0,0;               2709P   1593
110,1.6,132.4148582,20.829593,-1.6,132.4148582,20.829593,0,0;       2711P   1594
124,0.0,0.0,1.0,-1.6,0.8341143521,-0.5515915587,0.0,130.9953962,    2713P   1595
0.5515915587,0.8341143521,0.0,19.89091686,0,0;                      2713P   1596
100,0.0,0.0,0.0,1.701759451,0.0,-1.701759451,0.0,0,0;               2715P   1597
102,4,2705,2709,2711,2715,0,0;                                      2717P   1598
142,0,2703,0,2717,2,0,0;                                            2719P   1599
144,2703,1,0,2719,0,0;                                              2721P   1600
108,0.0,-0.8341143521,-0.5515915587,-118.5350424,0,1.6,             2723P   1601
134.9271763,10.86011577,1.0,0,0;                                    2723P   1602
110,-1.6,134.9271763,10.86011577,1.6,134.9271763,10.86011577,0,     2725P   1603
0;                                                                  2725P   1604
110,1.6,134.9271763,10.86011577,1.6,129.5759343,18.95224071,0,0;    2727P   1605
110,1.6,129.5759343,18.95224071,-1.6,129.5759343,18.95224071,0,     2729P   1606
0;                                                                  2729P   1607
110,-1.6,129.5759343,18.95224071,-1.6,134.9271763,10.86011577,0,    2731P   1608
0;                                                                  2731P   1609
102,4,2725,2727,2729,2731,0,0;                                      2733P   1610
142,0,2723,0,2733,2,0,0;                                            2735P   1611
144,2723,1,0,2735,0,0;                                              2737P   1612
110,-8.4,136.3466383,11.79879192,-7.4,136.3466383,11.79879192,0,    2739P   1613
0;                                                                  2739P   1614
110,-1.6,134.9271763,10.86011577,1.6,134.9271763,10.86011577,0,     2741P   1615
0;                                                                  2741P   1616
120,2739,2741,0.0,6.283185307,0,0;                                  2743P   1617
110,-1.6,137.7661003,12.73746806,1.6,137.7661003,12.73746806,0,     2745P   1618
0;                                                                  2745P   1619
124,0.0,0.0,-1.0,1.6,0.8341143521,0.5515915587,0.0,136.3466383,     2747P   1620
0.5515915587,-0.8341143521,0.0,11.79879192,0,0;                     2747P   1621
100,0.0,0.0,0.0,1.701759451,0.0,-1.701759451,0.0,0,0;               2749P   1622
110,1.6,134.9271763,10.86011577,-1.6,134.9271763,10.86011577,0,     2751P   1623
0;                                                                  2751P   1624
124,0.0,0.0,1.0,-1.6,-0.8341143521,0.5515915587,0.0,136.3466383,    2753P   1625
-0.5515915587,-0.8341143521,0.0,11.79879192,0,0;                    2753P   1626
100,0.0,0.0,0.0,1.701759451,0.0,-1.701759451,0.0,0,0;               2755P   1627
102,4,2745,2749,2751,2755,0,0;                                      2757P   1628
142,0,2743,0,2757,2,0,0;                                            2759P   1629
144,2743,1,0,2759,0,0;                                              2761P   1630
108,0.0,0.8341143521,0.5515915587,113.8823882,0,1.6,122.7565025,    2763P   1631
20.829593,1.0,0,0;                                                  2763P   1632
110,-1.6,122.7565025,20.829593,1.6,122.7565025,20.829593,0,0;       2765P   1633
110,1.6,122.7565025,20.829593,1.6,128.1077446,12.73746806,0,0;      2767P   1634
110,1.6,128.1077446,12.73746806,-1.6,128.1077446,12.73746806,0,     2769P   1635
0;                                                                  2769P   1636
110,-1.6,128.1077446,12.73746806,-1.6,122.7565025,20.829593,0,0;    2771P   1637
102,4,2765,2767,2769,2771,0,0;                                      2773P   1638
142,0,2763,0,2773,2,0,0;                                            2775P   1639
144,2763,1,0,2775,0,0;                                              2777P   1640
110,-8.4,121.3370405,19.89091686,-7.4,121.3370405,19.89091686,0,    2779P   1641
0;                                                                  2779P   1642
110,-1.6,122.7565025,20.829593,1.6,122.7565025,20.829593,0,0;       2781P   1643
120,2779,2781,0.0,6.283185307,0,0;                                  2783P   1644
110,-1.6,119.9175785,18.95224071,1.6,119.9175785,18.95224071,0,     2785P   1645
0;                                                                  2785P   1646
124,0.0,0.0,-1.0,1.6,-0.8341143521,-0.5515915587,0.0,               2787P   1647
121.3370405,-0.5515915587,0.8341143521,0.0,19.89091686,0,0;         2787P   1648
100,0.0,0.0,0.0,1.701759451,0.0,-1.701759451,0.0,0,0;               2789P   1649
110,1.6,122.7565025,20.829593,-1.6,122.7565025,20.829593,0,0;       2791P   1650
124,0.0,0.0,1.0,-1.6,0.8341143521,-0.5515915587,0.0,121.3370405,    2793P   1651
0.5515915587,0.8341143521,0.0,19.89091686,0,0;                      2793P   1652
100,0.0,0.0,0.0,1.701759451,0.0,-1.701759451,0.0,0,0;               2795P   1653
102,4,2785,2789,2791,2795,0,0;                                      2797P   1654
142,0,2783,0,2797,2,0,0;                                            2799P   1655
144,2783,1,0,2799,0,0;                                              2801P   1656
108,0.0,-0.8341143521,-0.5515915587,-110.4788693,0,1.6,             2803P   1657
125.2688206,10.86011577,1.0,0,0;                                    2803P   1658
110,-1.6,125.2688206,10.86011577,1.6,125.2688206,10.86011577,0,     2805P   1659
0;                                                                  2805P   1660
110,1.6,125.2688206,10.86011577,1.6,119.9175785,18.95224071,0,0;    2807P   1661
110,1.6,119.9175785,18.95224071,-1.6,119.9175785,18.95224071,0,     2809P   1662
0;                                                                  2809P   1663
110,-1.6,119.9175785,18.95224071,-1.6,125.2688206,10.86011577,0,    2811P   1664
0;                                                                  2811P   1665
102,4,2805,2807,2809,2811,0,0;                                      2813P   1666
142,0,2803,0,2813,2,0,0;                                            2815P   1667
144,2803,1,0,2815,0,0;                                              2817P   1668
110,-8.4,126.6882826,11.79879192,-7.4,126.6882826,11.79879192,0,    2819P   1669
0;                                                                  2819P   1670
110,-1.6,125.2688206,10.86011577,1.6,125.2688206,10.86011577,0,     2821P   1671
0;                                                                  2821P   1672
120,2819,2821,0.0,6.283185307,0,0;                                  2823P   1673
110,-1.6,128.1077446,12.73746806,1.6,128.1077446,12.73746806,0,     2825P   1674
0;                                                                  2825P   1675
124,0.0,0.0,-1.0,1.6,0.8341143521,0.5515915587,0.0,126.6882826,     2827P   1676
0.5515915587,-0.8341143521,0.0,11.79879192,0,0;                     2827P   1677
100,0.0,0.0,0.0,1.701759451,0.0,-1.701759451,0.0,0,0;               2829P   1678
110,1.6,125.2688206,10.86011577,-1.6,125.2688206,10.86011577,0,     2831P   1679
0;                                                                  2831P   1680
124,0.0,0.0,1.0,-1.6,-0.8341143521,0.5515915587,0.0,126.6882826,    2833P   1681
-0.5515915587,-0.8341143521,0.0,11.79879192,0,0;                    2833P   1682
100,0.0,0.0,0.0,1.701759451,0.0,-1.701759451,0.0,0,0;               2835P   1683
102,4,2825,2829,2831,2835,0,0;                                      2837P   1684
142,0,2823,0,2837,2,0,0;                                            2839P   1685
144,2823,1,0,2839,0,0;                                              2841P   1686
108,0.0,0.8341143521,0.5515915587,105.8262151,0,1.6,113.0981468,    2843P   1687
20.829593,1.0,0,0;                                                  2843P   1688
110,-1.6,113.0981468,20.829593,1.6,113.0981468,20.829593,0,0;       2845P   1689
110,1.6,113.0981468,20.829593,1.6,118.4493889,12.73746806,0,0;      2847P   1690
110,1.6,118.4493889,12.73746806,-1.6,118.4493889,12.73746806,0,     2849P   1691
0;                                                                  2849P   1692
110,-1.6,118.4493889,12.73746806,-1.6,113.0981468,20.829593,0,0;    2851P   1693
102,4,2845,2847,2849,2851,0,0;                                      2853P   1694
142,0,2843,0,2853,2,0,0;                                            2855P   1695
144,2843,1,0,2855,0,0;                                              2857P   1696
110,-8.4,111.6786848,19.89091686,-7.4,111.6786848,19.89091686,0,    2859P   1697
0;                                                                  2859P   1698
110,-1.6,113.0981468,20.829593,1.6,113.0981468,20.829593,0,0;       2861P   1699
120,2859,2861,0.0,6.283185307,0,0;                                  2863P   1700
110,-1.6,110.2592228,18.95224071,1.6,110.2592228,18.95224071,0,     2865P   1701
0;                                                                  2865P   1702
124,0.0,0.0,-1.0,1.6,-0.8341143521,-0.5515915587,0.0,               2867P   1703
111.6786848,-0.5515915587,0.8341143521,0.0,19.89091686,0,0;         2867P   1704
100,0.0,0.0,0.0,1.701759451,0.0,-1.701759451,0.0,0,0;               2869P   1705
110,1.6,113.0981468,20.829593,-1.6,113.0981468,20.829593,0,0;       2871P   1706
124,0.0,0.0,1.0,-1.6,0.8341143521,-0.5515915587,0.0,111.6786848,    2873P   1707
0.5515915587,0.8341143521,0.0,19.89091686,0,0;                      2873P   1708
100,0.0,0.0,0.0,1.701759451,0.0,-1.701759451,0.0,0,0;               2875P   1709
102,4,2865,2869,2871,2875,0,0;                                      2877P   1710
142,0,2863,0,2877,2,0,0;                                            2879P   1711
144,2863,1,0,2879,0,0;                                              2881P   1712
108,0.0,-0.8341143521,-0.5515915587,-102.4226962,0,1.6,             2883P   1713
115.6104649,10.86011577,1.0,0,0;                                    2883P   1714
110,-1.6,115.6104649,10.86011577,1.6,115.6104649,10.86011577,0,     2885P   1715
0;                                                                  2885P   1716
110,1.6,115.6104649,10.86011577,1.6,110.2592228,18.95224071,0,0;    2887P   1717
110,1.6,110.2592228,18.95224071,-1.6,110.2592228,18.95224071,0,     2889P   1718
0;                                                                  2889P   1719
110,-1.6,110.2592228,18.95224071,-1.6,115.6104649,10.86011577,0,    2891P   1720
0;                                                                  2891P   1721
102,4,2885,2887,2889,2891,0,0;                                      2893P   1722
142,0,2883,0,2893,2,0,0;                                            2895P   1723
144,2883,1,0,2895,0,0;                                              2897P   1724
110,-8.4,117.0299269,11.79879192,-7.4,117.0299269,11.79879192,0,    2899P   1725
0;                                                                  2899P   1726
110,-1.6,115.6104649,10.86011577,1.6,115.6104649,10.86011577,0,     2901P   1727
0;                                                                  2901P   1728
120,2899,2901,0.0,6.283185307,0,0;                                  2903P   1729
110,-1.6,118.4493889,12.73746806,1.6,118.4493889,12.73746806,0,     2905P   1730
0;                                                                  2905P   1731
124,0.0,0.0,-1.0,1.6,0.8341143521,0.5515915587,0.0,117.0299269,     2907P   1732
0.5515915587,-0.8341143521,0.0,11.79879192,0,0;                     2907P   1733
100,0.0,0.0,0.0,1.701759451,0.0,-1.701759451,0.0,0,0;               2909P   1734
110,1.6,115.6104649,10.86011577,-1.6,115.6104649,10.86011577,0,     2911P   1735
0;                                                                  2911P   1736
124,0.0,0.0,1.0,-1.6,-0.8341143521,0.5515915587,0.0,117.0299269,    2913P   1737
-0.5515915587,-0.8341143521,0.0,11.79879192,0,0;                    2913P   1738
100,0.0,0.0,0.0,1.701759451,0.0,-1.701759451,0.0,0,0;               2915P   1739
102,4,2905,2909,2911,2915,0,0;                                      2917P   1740
142,0,2903,0,2917,2,0,0;                                            2919P   1741
144,2903,1,0,2919,0,0;                                              2921P   1742
108,0.0,0.0,1.0,29.5,0,1.6,35.00000004,29.5,1.0,0,0;                2923P   1743
110,-1.6,35.0,29.5,1.6,35.0,29.5,0,0;                               2925P   1744
110,1.6,35.0,29.5,1.6,95.0,29.5,0,0;                                2927P   1745
110,1.6,95.0,29.5,-1.6,95.0,29.5,0,0;                               2929P   1746
110,-1.6,95.0,29.5,-1.6,35.0,29.5,0,0;                              2931P   1747
102,4,2925,2927,2929,2931,0,0;                                      2933P   1748
142,0,2923,0,2933,2,0,0;                                            2935P   1749
144,2923,1,0,2935,0,0;                                              2937P   1750
110,-8.4,35.0,27.5,-7.4,35.0,27.5,0,0;                              2939P   1751
110,-1.6,35.0,29.5,1.6,35.0,29.5,0,0;                               2941P   1752
120,2939,2941,0.0,6.283185307,0,0;                                  2943P   1753
110,-1.6,35.0,25.5,1.6,35.0,25.5,0,0;                               2945P   1754
124,0.0,0.0,-1.0,1.6,0.0,-1.0,0.0,35.0,-1.0,0.0,0.0,27.5,0,0;       2947P   1755
100,0.0,0.0,0.0,2.0,0.0,-2.0,0.0,0,0;                               2949P   1756
110,1.6,35.0,29.5,-1.6,35.0,29.5,0,0;                               2951P   1757
124,0.0,0.0,1.0,-1.6,0.0,-1.0,0.0,35.0,1.0,0.0,0.0,27.5,0,0;        2953P   1758
100,0.0,0.0,0.0,2.0,0.0,-2.0,0.0,0,0;                               2955P   1759
102,4,2945,2949,2951,2955,0,0;                                      2957P   1760
142,0,2943,0,2957,2,0,0;                                            2959P   1761
144,2943,1,0,2959,0,0;                                              2961P   1762
108,0.0,0.0,-1.0,-25.5,0,1.6,95.0,25.5,1.0,0,0;                     2963P   1763
110,-1.6,95.0,25.5,1.6,95.0,25.5,0,0;                               2965P   1764
110,1.6,95.0,25.5,1.6,35.0,25.5,0,0;                                2967P   1765
110,1.6,35.0,25.5,-1.6,35.0,25.5,0,0;                               2969P   1766
110,-1.6,35.0,25.5,-1.6,95.0,25.5,0,0;                              2971P   1767
102,4,2965,2967,2969,2971,0,0;                                      2973P   1768
142,0,2963,0,2973,2,0,0;                                            2975P   1769
144,2963,1,0,2975,0,0;                                              2977P   1770
110,-8.4,95.0,27.5,-7.4,95.0,27.5,0,0;                              2979P   1771
110,-1.6,95.0,25.5,1.6,95.0,25.5,0,0;                               2981P   1772
120,2979,2981,0.0,6.283185307,0,0;                                  2983P   1773
110,-1.6,95.0,29.5,1.6,95.0,29.5,0,0;                               2985P   1774
124,0.0,0.0,-1.0,1.6,0.0,1.0,0.0,95.0,1.0,0.0,0.0,27.5,0,0;         2987P   1775
100,0.0,0.0,0.0,2.0,0.0,-2.0,0.0,0,0;                               2989P   1776
110,1.6,95.0,25.5,-1.6,95.0,25.5,0,0;                               2991P   1777
124,0.0,0.0,1.0,-1.6,0.0,1.0,0.0,95.0,-1.0,0.0,0.0,27.5,0,0;        2993P   1778
100,0.0,0.0,0.0,2.0,0.0,-2.0,0.0,0,0;                               2995P   1779
102,4,2985,2989,2991,2995,0,0;                                      2997P   1780
142,0,2983,0,2997,2,0,0;                                            2999P   1781
144,2983,1,0,2999,0,0;                                              3001P   1782
110,0.0,190.0,16.0,1.0,190.0,16.0,0,0;                              3003P   1783
110,-1.6,190.0,19.2,1.6,190.0,19.2,0,0;                             3005P   1784
120,3003,3005,0.0,6.283185307,0,0;                                  3007P   1785
124,0.0,0.0,1.0,-1.6,0.0,-1.0,0.0,190.0,1.0,0.0,0.0,16.0,0,0;       3009P   1786
100,0.0,0.0,0.0,3.2,0.0,-3.2,0.0,0,0;                               3011P   1787
110,-1.6,190.0,12.8,1.6,190.0,12.8,0,0;                             3013P   1788
124,0.0,0.0,-1.0,1.6,0.0,-1.0,0.0,190.0,-1.0,0.0,0.0,16.0,0,0;      3015P   1789
100,0.0,0.0,0.0,3.2,0.0,-3.2,0.0,0,0;                               3017P   1790
110,1.6,190.0,19.2,-1.6,190.0,19.2,0,0;                             3019P   1791
102,4,3011,3013,3017,3019,0,0;                                      3021P   1792
142,0,3007,0,3021,2,0,0;                                            3023P   1793
144,3007,1,0,3023,0,0;                                              3025P   1794
108,0.0,0.0,-1.0,-12.8,0,0.0,260.0,12.8,1.0,0,0;                    3027P   1795
110,-1.6,190.0,12.8,-1.6,260.0,12.8,0,0;                            3029P   1796
110,-1.6,260.0,12.8,1.6,260.0,12.8,0,0;                             3031P   1797
110,1.6,260.0,12.8,1.6,190.0,12.8,0,0;                              3033P   1798
110,1.6,190.0,12.8,-1.6,190.0,12.8,0,0;                             3035P   1799
102,4,3029,3031,3033,3035,0,0;                                      3037P   1800
142,0,3027,0,3037,2,0,0;                                            3039P   1801
144,3027,1,0,3039,0,0;                                              3041P   1802
110,0.0,260.0,16.0,1.0,260.0,16.0,0,0;                              3043P   1803
110,-1.6,260.0,12.8,1.6,260.0,12.8,0,0;                             3045P   1804
120,3043,3045,0.0,6.283185307,0,0;                                  3047P   1805
124,0.0,0.0,1.0,-1.6,0.0,1.0,0.0,260.0,-1.0,0.0,0.0,16.0,0,0;       3049P   1806
100,0.0,0.0,0.0,3.2,0.0,-3.2,0.0,0,0;                               3051P   1807
110,-1.6,260.0,19.2,1.6,260.0,19.2,0,0;                             3053P   1808
124,0.0,0.0,-1.0,1.6,0.0,1.0,0.0,260.0,1.0,0.0,0.0,16.0,0,0;        3055P   1809
100,0.0,0.0,0.0,3.2,0.0,-3.2,0.0,0,0;                               3057P   1810
110,1.6,260.0,12.8,-1.6,260.0,12.8,0,0;                             3059P   1811
102,4,3051,3053,3057,3059,0,0;                                      3061P   1812
142,0,3047,0,3061,2,0,0;                                            3063P   1813
144,3047,1,0,3063,0,0;                                              3065P   1814
108,0.0,0.0,1.0,19.2,0,0.0,190.0,19.2,1.0,0,0;                      3067P   1815
110,-1.6,260.0,19.2,-1.6,190.0,19.2,0,0;                            3069P   1816
110,-1.6,190.0,19.2,1.6,190.0,19.2,0,0;                             3071P   1817
110,1.6,190.0,19.2,1.6,260.0,19.2,0,0;                              3073P   1818
110,1.6,260.0,19.2,-1.6,260.0,19.2,0,0;                             3075P   1819
102,4,3069,3071,3073,3075,0,0;                                      3077P   1820
142,0,3067,0,3077,2,0,0;                                            3079P   1821
144,3067,1,0,3079,0,0;                                              3081P   1822
110,0.0,85.0,-14.0,1.0,85.0,-14.0,0,0;                              3083P   1823
110,-1.6,88.25,-14.0,1.6,88.25,-14.0,0,0;                           3085P   1824
120,3083,3085,0.0,6.283185307,0,0;                                  3087P   1825
124,0.0,0.0,1.0,-1.6,1.0,0.0,0.0,85.0,0.0,1.0,0.0,-14.0,0,0;        3089P   1826
100,0.0,0.0,0.0,3.25,0.0,-3.25,0.0,0,0;                             3091P   1827
110,-1.6,81.75,-14.0,1.6,81.75,-14.0,0,0;                           3093P   1828
124,0.0,0.0,-1.0,1.6,-1.0,0.0,0.0,85.0,0.0,1.0,0.0,-14.0,0,0;       3095P   1829
100,0.0,0.0,0.0,3.25,0.0,-3.25,0.0,0,0;                             3097P   1830
110,1.6,88.25,-14.0,-1.6,88.25,-14.0,0,0;                           3099P   1831
102,4,3091,3093,3097,3099,0,0;                                      3101P   1832
142,0,3087,0,3101,2,0,0;                                            3103P   1833
144,3087,1,0,3103,0,0;                                              3105P   1834
110,0.0,85.0,-14.0,1.0,85.0,-14.0,0,0;                              3107P   1835
110,-1.6,81.75,-14.0,1.6,81.75,-14.0,0,0;                           3109P   1836
120,3107,3109,0.0,6.283185307,0,0;                                  3111P   1837
124,0.0,0.0,1.0,-1.6,-1.0,0.0,0.0,85.0,0.0,-1.0,0.0,-14.0,0,0;      3113P   1838
100,0.0,0.0,0.0,3.25,0.0,-3.25,0.0,0,0;                             3115P   1839
110,-1.6,88.25,-14.0,1.6,88.25,-14.0,0,0;                           3117P   1840
124,0.0,0.0,-1.0,1.6,1.0,0.0,0.0,85.0,0.0,-1.0,0.0,-14.0,0,0;       3119P   1841
100,0.0,0.0,0.0,3.25,0.0,-3.25,0.0,0,0;                             3121P   1842
110,1.6,81.75,-14.0,-1.6,81.75,-14.0,0,0;                           3123P   1843
102,4,3115,3117,3121,3123,0,0;                                      3125P   1844
142,0,3111,0,3125,2,0,0;                                            3127P   1845
144,3111,1,0,3127,0,0;                                              3129P   1846
110,0.0,280.0,16.0,1.0,280.0,16.0,0,0;                              3131P   1847
110,-1.6,288.0,16.0,1.6,288.0,16.0,0,0;                             3133P   1848
120,3131,3133,0.0,6.283185307,0,0;                                  3135P   1849
124,0.0,0.0,1.0,-1.6,1.0,0.0,0.0,280.0,0.0,1.0,0.0,16.0,0,0;        3137P   1850
100,0.0,0.0,0.0,8.0,0.0,-8.0,0.0,0,0;                               3139P   1851
110,-1.6,272.0,16.0,1.6,272.0,16.0,0,0;                             3141P   1852
124,0.0,0.0,-1.0,1.6,-1.0,0.0,0.0,280.0,0.0,1.0,0.0,16.0,0,0;       3143P   1853
100,0.0,0.0,0.0,8.0,0.0,-8.0,0.0,0,0;                               3145P   1854
110,1.6,288.0,16.0,-1.6,288.0,16.0,0,0;                             3147P   1855
102,4,3139,3141,3145,3147,0,0;                                      3149P   1856
142,0,3135,0,3149,2,0,0;                                            3151P   1857
144,3135,1,0,3151,0,0;                                              3153P   1858
110,0.0,280.0,16.0,1.0,280.0,16.0,0,0;                              3155P   1859
110,-1.6,272.0,16.0,1.6,272.0,16.0,0,0;                             3157P   1860
120,3155,3157,0.0,6.283185307,0,0;                                  3159P   1861
124,0.0,0.0,1.0,-1.6,-1.0,0.0,0.0,280.0,0.0,-1.0,0.0,16.0,0,0;      3161P   1862
100,0.0,0.0,0.0,8.0,0.0,-8.0,0.0,0,0;                               3163P   1863
110,-1.6,288.0,16.0,1.6,288.0,16.0,0,0;                             3165P   1864
124,0.0,0.0,-1.0,1.6,1.0,0.0,0.0,280.0,0.0,-1.0,0.0,16.0,0,0;       3167P   1865
100,0.0,0.0,0.0,8.0,0.0,-8.0,0.0,0,0;                               3169P   1866
110,1.6,272.0,16.0,-1.6,272.0,16.0,0,0;                             3171P   1867
102,4,3163,3165,3169,3171,0,0;                                      3173P   1868
142,0,3159,0,3173,2,0,0;                                            3175P   1869
144,3159,1,0,3175,0,0;                                              3177P   1870
110,0.0,0.0,-20.0,1.0,0.0,-20.0,0,0;                                3179P   1871
110,-1.6,4.0,-20.0,1.6,4.0,-20.0,0,0;                               3181P   1872
120,3179,3181,0.0,6.283185307,0,0;                                  3183P   1873
124,0.0,0.0,1.0,-1.6,1.0,0.0,0.0,0.0,0.0,1.0,0.0,-20.0,0,0;         3185P   1874
100,0.0,0.0,0.0,4.0,0.0,-4.0,0.0,0,0;                               3187P   1875
110,-1.6,-4.0,-20.0,1.6,-4.0,-20.0,0,0;                             3189P   1876
124,0.0,0.0,-1.0,1.6,-1.0,0.0,0.0,0.0,0.0,1.0,0.0,-20.0,0,0;        3191P   1877
100,0.0,0.0,0.0,4.0,0.0,-4.0,0.0,0,0;                               3193P   1878
110,1.6,4.0,-20.0,-1.6,4.0,-20.0,0,0;                               3195P   1879
102,4,3187,3189,3193,3195,0,0;                                      3197P   1880
142,0,3183,0,3197,2,0,0;                                            3199P   1881
144,3183,1,0,3199,0,0;                                              3201P   1882
110,0.0,0.0,-20.0,1.0,0.0,-20.0,0,0;                                3203P   1883
110,-1.6,-4.0,-20.0,1.6,-4.0,-20.0,0,0;                             3205P   1884
120,3203,3205,0.0,6.283185307,0,0;                                  3207P   1885
124,0.0,0.0,1.0,-1.6,-1.0,0.0,0.0,0.0,0.0,-1.0,0.0,-20.0,0,0;       3209P   1886
100,0.0,0.0,0.0,4.0,0.0,-4.0,0.0,0,0;                               3211P   1887
110,-1.6,4.0,-20.0,1.6,4.0,-20.0,0,0;                               3213P   1888
124,0.0,0.0,-1.0,1.6,1.0,0.0,0.0,0.0,0.0,-1.0,0.0,-20.0,0,0;        3215P   1889
100,0.0,0.0,0.0,4.0,0.0,-4.0,0.0,0,0;                               3217P   1890
110,1.6,-4.0,-20.0,-1.6,-4.0,-20.0,0,0;                             3219P   1891
102,4,3211,3213,3217,3219,0,0;                                      3221P   1892
142,0,3207,0,3221,2,0,0;                                            3223P   1893
144,3207,1,0,3223,0,0;                                              3225P   1894
108,0.0,0.0,1.0,26.0,0,0.0,135.5884573,26.0,1.0,0,0;                3227P   1895
110,1.6,136.9282032,26.0,-1.6,136.9282032,26.0,0,0;                 3229P   1896
110,-1.6,136.9282032,26.0,-1.6,217.5,26.0,0,0;                      3231P   1897
110,-1.6,217.5,26.0,1.6,217.5,26.0,0,0;                             3233P   1898
110,1.6,217.5,26.0,1.6,136.9282032,26.0,0,0;                        3235P   1899
102,4,3229,3231,3233,3235,0,0;                                      3237P   1900
142,0,3227,0,3237,2,0,0;                                            3239P   1901
144,3227,1,0,3239,0,0;                                              3241P   1902
108,0.0,0.7071067812,-0.7071067812,135.4109486,0,0.0,220.0,28.5,    3243P   1903
1.0,0,0;                                                            3243P   1904
110,-1.6,217.5,26.0,-1.6,220.0,28.5,0,0;                            3245P   1905
110,-1.6,220.0,28.5,1.6,220.0,28.5,0,0;                             3247P   1906
110,1.6,220.0,28.5,1.6,217.5,26.0,0,0;                              3249P   1907
110,1.6,217.5,26.0,-1.6,217.5,26.0,0,0;                             3251P   1908
102,4,3245,3247,3249,3251,0,0;                                      3253P   1909
142,0,3243,0,3253,2,0,0;                                            3255P   1910
144,3243,1,0,3255,0,0;                                              3257P   1911
108,0.0,0.0,-1.0,-28.5,0,0.0,280.0,28.5,1.0,0,0;                    3259P   1912
110,-1.6,220.0,28.5,-1.6,280.0,28.5,0,0;                            3261P   1913
110,-1.6,280.0,28.5,1.6,280.0,28.5,0,0;                             3263P   1914
110,1.6,280.0,28.5,1.6,220.0,28.5,0,0;                              3265P   1915
110,1.6,220.0,28.5,-1.6,220.0,28.5,0,0;                             3267P   1916
102,4,3261,3263,3265,3267,0,0;                                      3269P   1917
142,0,3259,0,3269,2,0,0;                                            3271P   1918
144,3259,1,0,3271,0,0;                                              3273P   1919
110,0.0,280.0,16.0,1.0,280.0,16.0,0,0;                              3275P   1920
110,-1.6,276.7647619,3.925927171,1.6,276.7647619,3.925927171,0,     3277P   1921
0;                                                                  3277P   1922
120,3275,3277,0.0,6.283185307,0,0;                                  3279P   1923
124,0.0,0.0,-1.0,-1.6,0.0,1.0,0.0,280.0,1.0,0.0,0.0,16.0,0,0;       3281P   1924
100,0.0,0.0,0.0,12.5,0.0,-12.07407283,-3.235238064,0,0;             3283P   1925
110,-1.6,276.7647619,3.925927171,1.6,276.7647619,3.925927171,0,     3285P   1926
0;                                                                  3285P   1927
124,0.0,0.0,1.0,1.6,-0.2588190451,0.9659258263,0.0,280.0,           3287P   1928
-0.9659258263,-0.2588190451,0.0,16.0,0,0;                           3287P   1929
100,0.0,0.0,0.0,12.5,0.0,-12.07407283,-3.235238064,0,0;             3289P   1930
110,1.6,280.0,28.5,-1.6,280.0,28.5,0,0;                             3291P   1931
102,4,3283,3285,3289,3291,0,0;                                      3293P   1932
142,0,3279,0,3293,2,0,0;                                            3295P   1933
144,3279,1,0,3295,0,0;                                              3297P   1934
108,0.0,-0.2588190451,-0.9659258263,-75.42414585,0,0.0,             3299P   1935
276.7647619,3.925927171,1.0,0,0;                                    3299P   1936
110,-1.6,269.6600495,5.829629131,1.6,269.6600495,5.829629131,0,     3301P   1937
0;                                                                  3301P   1938
110,1.6,269.6600495,5.829629131,1.6,276.7647619,3.925927171,0,0;    3303P   1939
110,1.6,276.7647619,3.925927171,-1.6,276.7647619,3.925927171,0,     3305P   1940
0;                                                                  3305P   1941
110,-1.6,276.7647619,3.925927171,-1.6,269.6600495,5.829629131,0,    3307P   1942
0;                                                                  3307P   1943
102,4,3301,3303,3305,3307,0,0;                                      3309P   1944
142,0,3299,0,3309,2,0,0;                                            3311P   1945
144,3299,1,0,3311,0,0;                                              3313P   1946
108,0.0,0.0,-1.0,-6.0,0,0.0,269.0242168,6.0,1.0,0,0;                3315P   1947
110,1.6,268.3659543,6.0,-1.6,268.3659543,6.0,0,0;                   3317P   1948
110,-1.6,268.3659543,6.0,-1.6,92.84266864,6.0,0,0;                  3319P   1949
110,-1.6,92.84266864,6.0,1.6,92.84266864,6.0,0,0;                   3321P   1950
110,1.6,92.84266864,6.0,1.6,268.3659543,6.0,0,0;                    3323P   1951
102,4,3317,3319,3321,3323,0,0;                                      3325P   1952
142,0,3315,0,3325,2,0,0;                                            3327P   1953
144,3315,1,0,3327,0,0;                                              3329P   1954
108,0.0,0.9396926208,0.3420201433,82.58559076,0,0.0,85.70192861,    3331P   1955
6.0,1.0,0,0;                                                        3331P   1956
110,1.6,88.14420554,-0.7101007166,-1.6,88.14420554,                 3333P   1957
-0.7101007166,0,0;                                                  3333P   1958
110,-1.6,88.14420554,-0.7101007166,-1.6,92.04769466,                3335P   1959
-11.43484893,0,0;                                                   3335P   1960
110,-1.6,92.04769466,-11.43484893,1.6,92.04769466,-11.43484893,     3337P   1961
0,0;                                                                3337P   1962
110,1.6,92.04769466,-11.43484893,1.6,88.14420554,-0.7101007166,     3339P   1963
0,0;                                                                3339P   1964
102,4,3333,3335,3337,3339,0,0;                                      3341P   1965
142,0,3331,0,3341,2,0,0;                                            3343P   1966
144,3331,1,0,3343,0,0;                                              3345P   1967
110,0.0,85.0,-14.0,1.0,85.0,-14.0,0,0;                              3347P   1968
110,-1.6,79.69669914,-19.30330086,1.6,79.69669914,-19.30330086,     3349P   1969
0,0;                                                                3349P   1970
120,3347,3349,0.0,6.283185307,0,0;                                  3351P   1971
124,0.0,0.0,-1.0,-1.6,0.9396926208,0.3420201433,0.0,85.0,           3353P   1972
0.3420201433,-0.9396926208,0.0,-14.0,0,0;                           3353P   1973
100,0.0,0.0,0.0,7.5,0.0,-6.797308403,3.169636963,0,0;               3355P   1974
110,-1.6,79.69669914,-19.30330086,1.6,79.69669914,-19.30330086,     3357P   1975
0,0;                                                                3357P   1976
124,0.0,0.0,1.0,1.6,-0.7071067812,0.7071067812,0.0,85.0,            3359P   1977
-0.7071067812,-0.7071067812,0.0,-14.0,0,0;                          3359P   1978
100,0.0,0.0,0.0,7.5,0.0,-6.797308403,3.169636963,0,0;               3361P   1979
110,1.6,92.04769466,-11.43484893,-1.6,92.04769466,-11.43484893,     3363P   1980
0,0;                                                                3363P   1981
102,4,3355,3357,3361,3363,0,0;                                      3365P   1982
142,0,3351,0,3365,2,0,0;                                            3367P   1983
144,3351,1,0,3367,0,0;                                              3369P   1984
108,0.0,0.7071067812,0.7071067812,42.70458146,0,0.0,54.39339828,    3371P   1985
6.0,1.0,0,0;                                                        3371P   1986
110,1.6,55.85786438,4.535533906,1.6,79.69669914,-19.30330086,0,     3373P   1987
0;                                                                  3373P   1988
110,1.6,79.69669914,-19.30330086,-1.6,79.69669914,-19.30330086,     3375P   1989
0,0;                                                                3375P   1990
110,-1.6,79.69669914,-19.30330086,-1.6,55.85786438,4.535533906,     3377P   1991
0,0;                                                                3377P   1992
110,-1.6,55.85786438,4.535533906,1.6,55.85786438,4.535533906,0,     3379P   1993
0;                                                                  3379P   1994
102,4,3373,3375,3377,3379,0,0;                                      3381P   1995
142,0,3371,0,3381,2,0,0;                                            3383P   1996
144,3371,1,0,3383,0,0;                                              3385P   1997
110,-1.6,46.33974596,6.0,1.6,46.33974596,6.0,0,0;                   3387P   1998
110,1.6,46.33974596,6.0,1.6,52.32233047,6.0,0,0;                    3389P   1999
110,1.6,52.32233047,6.0,-1.6,52.32233047,6.0,0,0;                   3391P   2000
110,-1.6,52.32233047,6.0,-1.6,46.33974596,6.0,0,0;                  3393P   2001
102,4,3387,3389,3391,3393,0,0;                                      3395P   2002
142,0,3315,0,3395,2,0,0;                                            3397P   2003
144,3315,1,0,3397,0,0;                                              3399P   2004
108,0.0,0.5,-0.8660254038,17.30384758,0,0.0,45.0,6.0,1.0,0,0;       3401P   2005
110,-1.6,26.59746115,-4.624710757,1.6,26.59746115,-4.624710757,     3403P   2006
0,0;                                                                3403P   2007
110,1.6,26.59746115,-4.624710757,1.6,43.83974596,5.330127019,0,     3405P   2008
0;                                                                  3405P   2009
110,1.6,43.83974596,5.330127019,-1.6,43.83974596,5.330127019,0,     3407P   2010
0;                                                                  3407P   2011
110,-1.6,43.83974596,5.330127019,-1.6,26.59746115,-4.624710757,     3409P   2012
0,0;                                                                3409P   2013
102,4,3403,3405,3407,3409,0,0;                                      3411P   2014
142,0,3401,0,3411,2,0,0;                                            3413P   2015
144,3401,1,0,3413,0,0;                                              3415P   2016
108,0.0,0.8191520443,-0.5735764364,23.97152873,0,0.0,25.6374951,    3417P   2017
-5.178947413,1.0,0,0;                                               3417P   2018
110,1.6,25.00170093,-6.086955594,-1.6,25.00170093,-6.086955594,     3419P   2019
0,0;                                                                3419P   2020
110,-1.6,25.00170093,-6.086955594,-1.6,10.2393815,-27.16973267,     3421P   2021
0,0;                                                                3421P   2022
110,-1.6,10.2393815,-27.16973267,1.6,10.2393815,-27.16973267,0,     3423P   2023
0;                                                                  3423P   2024
110,1.6,10.2393815,-27.16973267,1.6,25.00170093,-6.086955594,0,     3425P   2025
0;                                                                  3425P   2026
102,4,3419,3421,3423,3425,0,0;                                      3427P   2027
142,0,3417,0,3427,2,0,0;                                            3429P   2028
144,3417,1,0,3429,0,0;                                              3431P   2029
110,0.0,0.0,-20.0,1.0,0.0,-20.0,0,0;                                3433P   2030
110,-1.6,-10.2393815,-27.16973267,1.6,-10.2393815,-27.16973267,     3435P   2031
0,0;                                                                3435P   2032
120,3433,3435,0.0,6.283185307,0,0;                                  3437P   2033
124,0.0,0.0,-1.0,-1.6,0.8191505199,-0.5735786135,0.0,0.0,           3439P   2034
-0.5735786135,-0.8191505199,0.0,-20.0,0,0;                          3439P   2035
100,0.0,0.0,0.0,12.5,0.0,-4.275189354,11.74618048,0,0;              3441P   2036
110,-1.6,-10.2393815,-27.16973267,1.6,-10.2393815,-27.16973267,     3443P   2037
0,0;                                                                3443P   2038
124,0.0,0.0,1.0,1.6,-0.8191505199,0.5735786135,0.0,0.0,             3445P   2039
-0.5735786135,-0.8191505199,0.0,-20.0,0,0;                          3445P   2040
100,0.0,0.0,0.0,12.5,0.0,-4.275189354,11.74618048,0,0;              3447P   2041
110,1.6,10.2393815,-27.16973267,-1.6,10.2393815,-27.16973267,0,     3449P   2042
0;                                                                  3449P   2043
102,4,3441,3443,3447,3449,0,0;                                      3451P   2044
142,0,3437,0,3451,2,0,0;                                            3453P   2045
144,3437,1,0,3453,0,0;                                              3455P   2046
108,0.0,0.8191520443,0.5735764364,-23.97152873,0,0.0,               3457P   2047
-19.67860158,-13.68912932,1.0,0,0;                                  3457P   2048
110,-1.6,-10.2393815,-27.16973267,-1.6,-19.67860158,                3459P   2049
-13.68912932,0,0;                                                   3459P   2050
110,-1.6,-19.67860158,-13.68912932,1.6,-19.67860158,                3461P   2051
-13.68912932,0,0;                                                   3461P   2052
110,1.6,-19.67860158,-13.68912932,1.6,-10.2393815,-27.16973267,     3463P   2053
0,0;                                                                3463P   2054
110,1.6,-10.2393815,-27.16973267,-1.6,-10.2393815,-27.16973267,     3465P   2055
0,0;                                                                3465P   2056
102,4,3459,3461,3463,3465,0,0;                                      3467P   2057
142,0,3457,0,3467,2,0,0;                                            3469P   2058
144,3457,1,0,3469,0,0;                                              3471P   2059
110,0.0,-23.7743618,-16.5570115,1.0,-23.7743618,-16.5570115,0,0;    3473P   2060
110,-1.6,-19.67860158,-13.68912932,1.6,-19.67860158,                3475P   2061
-13.68912932,0,0;                                                   3475P   2062
120,3473,3475,0.0,6.283185307,0,0;                                  3477P   2063
124,0.0,0.0,1.0,-1.6,0.8191520443,-0.5735764364,0.0,-23.7743618,    3479P   2064
0.5735764364,0.8191520443,0.0,-16.5570115,0,0;                      3479P   2065
100,0.0,0.0,0.0,5.0,0.0,1.710100717,4.698463104,0,0;                3481P   2066
110,-1.6,-25.06845703,-11.72738237,1.6,-25.06845703,                3483P   2067
-11.72738237,0,0;                                                   3483P   2068
124,0.0,0.0,-1.0,1.6,-0.2588190451,0.9659258263,0.0,-23.7743618,    3485P   2069
0.9659258263,0.2588190451,0.0,-16.5570115,0,0;                      3485P   2070
100,0.0,0.0,0.0,5.0,0.0,1.710100717,4.698463104,0,0;                3487P   2071
110,1.6,-19.67860158,-13.68912932,-1.6,-19.67860158,                3489P   2072
-13.68912932,0,0;                                                   3489P   2073
102,4,3481,3483,3487,3489,0,0;                                      3491P   2074
142,0,3477,0,3491,2,0,0;                                            3493P   2075
144,3477,1,0,3493,0,0;                                              3495P   2076
108,0.0,-0.2588190451,0.9659258263,-4.839587394,0,0.0,              3497P   2077
-75.20061659,-25.16025404,1.0,0,0;                                  3497P   2078
110,-1.6,-25.06845703,-11.72738237,-1.6,-75.20061659,               3499P   2079
-25.16025404,0,0;                                                   3499P   2080
110,-1.6,-75.20061659,-25.16025404,1.6,-75.20061659,                3501P   2081
-25.16025404,0,0;                                                   3501P   2082
110,1.6,-75.20061659,-25.16025404,1.6,-25.06845703,-11.72738237,    3503P   2083
0,0;                                                                3503P   2084
110,1.6,-25.06845703,-11.72738237,-1.6,-25.06845703,                3505P   2085
-11.72738237,0,0;                                                   3505P   2086
102,4,3499,3501,3503,3505,0,0;                                      3507P   2087
142,0,3497,0,3507,2,0,0;                                            3509P   2088
144,3497,1,0,3509,0,0;                                              3511P   2089
108,0.0,0.8660254038,0.5,-77.70577137,0,0.0,-80.20061659,-16.5,     3513P   2090
1.0,0,0;                                                            3513P   2091
110,-1.6,-75.20061659,-25.16025404,-1.6,-80.20061659,-16.5,0,0;     3515P   2092
110,-1.6,-80.20061659,-16.5,1.6,-80.20061659,-16.5,0,0;             3517P   2093
110,1.6,-80.20061659,-16.5,1.6,-75.20061659,-25.16025404,0,0;       3519P   2094
110,1.6,-75.20061659,-25.16025404,-1.6,-75.20061659,                3521P   2095
-25.16025404,0,0;                                                   3521P   2096
102,4,3515,3517,3519,3521,0,0;                                      3523P   2097
142,0,3513,0,3523,2,0,0;                                            3525P   2098
144,3513,1,0,3525,0,0;                                              3527P   2099
108,0.0,-0.5,0.8660254038,25.81088913,0,0.0,-62.88010851,-6.5,      3529P   2100
1.0,0,0;                                                            3529P   2101
110,-1.6,-80.20061659,-16.5,-1.6,-71.54036255,-11.5,0,0;            3531P   2102
110,-1.6,-71.54036255,-11.5,1.6,-71.54036255,-11.5,0,0;             3533P   2103
110,1.6,-71.54036255,-11.5,1.6,-80.20061659,-16.5,0,0;              3535P   2104
110,1.6,-80.20061659,-16.5,-1.6,-80.20061659,-16.5,0,0;             3537P   2105
102,4,3531,3533,3535,3537,0,0;                                      3539P   2106
142,0,3529,0,3539,2,0,0;                                            3541P   2107
144,3529,1,0,3541,0,0;                                              3543P   2108
108,0.0,-0.8660254038,-0.5,67.70577137,0,0.0,-71.54036255,-11.5,    3545P   2109
1.0,0,0;                                                            3545P   2110
110,-1.6,-71.54036255,-11.5,-1.6,-73.04036255,-8.901923789,0,0;     3547P   2111
110,-1.6,-73.04036255,-8.901923789,1.6,-73.04036255,                3549P   2112
-8.901923789,0,0;                                                   3549P   2113
110,1.6,-73.04036255,-8.901923789,1.6,-71.54036255,-11.5,0,0;       3551P   2114
110,1.6,-71.54036255,-11.5,-1.6,-71.54036255,-11.5,0,0;             3553P   2115
102,4,3547,3549,3551,3553,0,0;                                      3555P   2116
142,0,3545,0,3555,2,0,0;                                            3557P   2117
144,3545,1,0,3557,0,0;                                              3559P   2118
108,0.0,-0.5,0.8660254038,28.81088913,0,0.0,-73.04036255,           3561P   2119
-8.901923789,1.0,0,0;                                               3561P   2120
110,-1.6,-73.04036255,-8.901923789,-1.6,-64.38010851,               3563P   2121
-3.901923789,0,0;                                                   3563P   2122
110,-1.6,-64.38010851,-3.901923789,1.6,-64.38010851,                3565P   2123
-3.901923789,0,0;                                                   3565P   2124
110,1.6,-64.38010851,-3.901923789,1.6,-73.04036255,-8.901923789,    3567P   2125
0,0;                                                                3567P   2126
110,1.6,-73.04036255,-8.901923789,-1.6,-73.04036255,                3569P   2127
-8.901923789,0,0;                                                   3569P   2128
102,4,3563,3565,3567,3569,0,0;                                      3571P   2129
142,0,3561,0,3571,2,0,0;                                            3573P   2130
144,3561,1,0,3573,0,0;                                              3575P   2131
108,0.0,0.8660254038,0.5,-57.70577137,0,0.0,-64.38010851,           3577P   2132
-3.901923789,1.0,0,0;                                               3577P   2133
110,-1.6,-64.38010851,-3.901923789,-1.6,-62.88010851,-6.5,0,0;      3579P   2134
110,-1.6,-62.88010851,-6.5,1.6,-62.88010851,-6.5,0,0;               3581P   2135
110,1.6,-62.88010851,-6.5,1.6,-64.38010851,-3.901923789,0,0;        3583P   2136
110,1.6,-64.38010851,-3.901923789,-1.6,-64.38010851,                3585P   2137
-3.901923789,0,0;                                                   3585P   2138
102,4,3579,3581,3583,3585,0,0;                                      3587P   2139
142,0,3577,0,3587,2,0,0;                                            3589P   2140
144,3577,1,0,3589,0,0;                                              3591P   2141
110,-1.6,-62.88010851,-6.5,-1.6,-23.90896534,16.0,0,0;              3593P   2142
110,-1.6,-23.90896534,16.0,1.6,-23.90896534,16.0,0,0;               3595P   2143
110,1.6,-23.90896534,16.0,1.6,-62.88010851,-6.5,0,0;                3597P   2144
110,1.6,-62.88010851,-6.5,-1.6,-62.88010851,-6.5,0,0;               3599P   2145
102,4,3593,3595,3597,3599,0,0;                                      3601P   2146
142,0,3529,0,3601,2,0,0;                                            3603P   2147
144,3529,1,0,3603,0,0;                                              3605P   2148
108,0.0,-0.8660254038,-0.5,12.70577137,0,0.0,-23.90896534,16.0,     3607P   2149
1.0,0,0;                                                            3607P   2150
110,-1.6,-23.90896534,16.0,-1.6,-25.40896534,18.59807621,0,0;       3609P   2151
110,-1.6,-25.40896534,18.59807621,1.6,-25.40896534,18.59807621,     3611P   2152
0,0;                                                                3611P   2153
110,1.6,-25.40896534,18.59807621,1.6,-23.90896534,16.0,0,0;         3613P   2154
110,1.6,-23.90896534,16.0,-1.6,-23.90896534,16.0,0,0;               3615P   2155
102,4,3609,3611,3613,3615,0,0;                                      3617P   2156
142,0,3607,0,3617,2,0,0;                                            3619P   2157
144,3607,1,0,3619,0,0;                                              3621P   2158
110,-1.6,-25.40896534,18.59807621,-1.6,-16.74871131,23.59807621,    3623P   2159
0,0;                                                                3623P   2160
110,-1.6,-16.74871131,23.59807621,1.6,-16.74871131,23.59807621,     3625P   2161
0,0;                                                                3625P   2162
110,1.6,-16.74871131,23.59807621,1.6,-25.40896534,18.59807621,0,    3627P   2163
0;                                                                  3627P   2164
110,1.6,-25.40896534,18.59807621,-1.6,-25.40896534,18.59807621,     3629P   2165
0,0;                                                                3629P   2166
102,4,3623,3625,3627,3629,0,0;                                      3631P   2167
142,0,3561,0,3631,2,0,0;                                            3633P   2168
144,3561,1,0,3633,0,0;                                              3635P   2169
108,0.0,0.8660254038,0.5,-2.705771366,0,0.0,-16.74871131,           3637P   2170
23.59807621,1.0,0,0;                                                3637P   2171
110,-1.6,-16.74871131,23.59807621,-1.6,-15.24871131,21.0,0,0;       3639P   2172
110,-1.6,-15.24871131,21.0,1.6,-15.24871131,21.0,0,0;               3641P   2173
110,1.6,-15.24871131,21.0,1.6,-16.74871131,23.59807621,0,0;         3643P   2174
110,1.6,-16.74871131,23.59807621,-1.6,-16.74871131,23.59807621,     3645P   2175
0,0;                                                                3645P   2176
102,4,3639,3641,3643,3645,0,0;                                      3647P   2177
142,0,3637,0,3647,2,0,0;                                            3649P   2178
144,3637,1,0,3649,0,0;                                              3651P   2179
110,-1.6,-15.24871131,21.0,-1.6,9.0,35.0,0,0;                       3653P   2180
110,-1.6,9.0,35.0,1.6,9.0,35.0,0,0;                                 3655P   2181
110,1.6,9.0,35.0,1.6,-15.24871131,21.0,0,0;                         3657P   2182
110,1.6,-15.24871131,21.0,-1.6,-15.24871131,21.0,0,0;               3659P   2183
102,4,3653,3655,3657,3659,0,0;                                      3661P   2184
142,0,3529,0,3661,2,0,0;                                            3663P   2185
144,3529,1,0,3663,0,0;                                              3665P   2186
108,0.0,0.0,1.0,35.0,0,0.0,9.0,35.0,1.0,0,0;                        3667P   2187
110,-1.6,118.660254,35.0,1.6,118.660254,35.0,0,0;                   3669P   2188
110,1.6,118.660254,35.0,1.6,9.0,35.0,0,0;                           3671P   2189
110,1.6,9.0,35.0,-1.6,9.0,35.0,0,0;                                 3673P   2190
110,-1.6,9.0,35.0,-1.6,118.660254,35.0,0,0;                         3675P   2191
102,4,3669,3671,3673,3675,0,0;                                      3677P   2192
142,0,3667,0,3677,2,0,0;                                            3679P   2193
144,3667,1,0,3679,0,0;                                              3681P   2194
110,0.0,118.660254,30.0,-1.0,118.660254,30.0,0,0;                   3683P   2195
110,1.6,118.660254,35.0,-1.6,118.660254,35.0,0,0;                   3685P   2196
120,3683,3685,0.0,6.283185307,0,0;                                  3687P   2197
110,-1.6,121.160254,34.33012702,1.6,121.160254,34.33012702,0,0;     3689P   2198
124,0.0,0.0,1.0,1.6,0.5,-0.8660254038,0.0,118.660254,               3691P   2199
0.8660254038,0.5,0.0,30.0,0,0;                                      3691P   2200
100,0.0,0.0,0.0,5.0,0.0,4.330127019,2.5,0,0;                        3693P   2201
110,1.6,118.660254,35.0,-1.6,118.660254,35.0,0,0;                   3695P   2202
124,0.0,0.0,-1.0,-1.6,0.0,1.0,0.0,118.660254,1.0,0.0,0.0,30.0,0,    3697P   2203
0;                                                                  3697P   2204
100,0.0,0.0,0.0,5.0,0.0,4.330127019,2.5,0,0;                        3699P   2205
102,4,3689,3693,3695,3699,0,0;                                      3701P   2206
142,0,3687,0,3701,2,0,0;                                            3703P   2207
144,3687,1,0,3703,0,0;                                              3705P   2208
108,0.0,0.5,0.8660254038,90.31088913,0,0.0,120.0,35.0,1.0,0,0;      3707P   2209
110,-1.6,134.4282032,26.66987298,1.6,134.4282032,26.66987298,0,     3709P   2210
0;                                                                  3709P   2211
110,1.6,134.4282032,26.66987298,1.6,121.160254,34.33012702,0,0;     3711P   2212
110,1.6,121.160254,34.33012702,-1.6,121.160254,34.33012702,0,0;     3713P   2213
110,-1.6,121.160254,34.33012702,-1.6,134.4282032,26.66987298,0,     3715P   2214
0;                                                                  3715P   2215
102,4,3709,3711,3713,3715,0,0;                                      3717P   2216
142,0,3707,0,3717,2,0,0;                                            3719P   2217
144,3707,1,0,3719,0,0;                                              3721P   2218
108,1.0,0.0,0.0,-1.6,0,-1.6,0.0,0.0,1.0,0,0;                        3723P   2219
124,0.0,0.0,-1.0,-1.6,0.0,-1.0,0.0,136.9282032,-1.0,0.0,0.0,        3725P   2220
31.0,0,0;                                                           3725P   2221
100,0.0,0.0,0.0,5.0,0.0,4.330127019,2.5,0,0;                        3727P   2222
110,-1.6,134.4282032,26.66987298,-1.6,121.160254,34.33012702,0,     3729P   2223
0;                                                                  3729P   2224
124,0.0,0.0,1.0,-1.6,0.5,-0.8660254038,0.0,118.660254,              3731P   2225
0.8660254038,0.5,0.0,30.0,0,0;                                      3731P   2226
100,0.0,0.0,0.0,5.0,0.0,4.330127019,2.5,0,0;                        3733P   2227
110,-1.6,118.660254,35.0,-1.6,9.0,35.0,0,0;                         3735P   2228
110,-1.6,9.0,35.0,-1.6,-15.24871131,21.0,0,0;                       3737P   2229
110,-1.6,-15.24871131,21.0,-1.6,-16.74871131,23.59807621,0,0;       3739P   2230
110,-1.6,-16.74871131,23.59807621,-1.6,-25.40896534,18.59807621,    3741P   2231
0,0;                                                                3741P   2232
110,-1.6,-25.40896534,18.59807621,-1.6,-23.90896534,16.0,0,0;       3743P   2233
110,-1.6,-23.90896534,16.0,-1.6,-62.88010851,-6.5,0,0;              3745P   2234
110,-1.6,-62.88010851,-6.5,-1.6,-64.38010851,-3.901923789,0,0;      3747P   2235
110,-1.6,-64.38010851,-3.901923789,-1.6,-73.04036255,               3749P   2236
-8.901923789,0,0;                                                   3749P   2237
110,-1.6,-73.04036255,-8.901923789,-1.6,-71.54036255,-11.5,0,0;     3751P   2238
110,-1.6,-71.54036255,-11.5,-1.6,-80.20061659,-16.5,0,0;            3753P   2239
110,-1.6,-80.20061659,-16.5,-1.6,-75.20061659,-25.16025404,0,0;     3755P   2240
110,-1.6,-75.20061659,-25.16025404,-1.6,-25.06845703,               3757P   2241
-11.72738237,0,0;                                                   3757P   2242
124,0.0,0.0,-1.0,-1.6,-0.2588190451,0.9659258263,0.0,               3759P   2243
-23.7743618,0.9659258263,0.2588190451,0.0,-16.5570115,0,0;          3759P   2244
100,0.0,0.0,0.0,5.0,0.0,1.710100717,4.698463104,0,0;                3761P   2245
110,-1.6,-19.67860158,-13.68912932,-1.6,-10.2393815,                3763P   2246
-27.16973267,0,0;                                                   3763P   2247
124,0.0,0.0,1.0,-1.6,-0.8191505199,0.5735786135,0.0,0.0,            3765P   2248
-0.5735786135,-0.8191505199,0.0,-20.0,0,0;                          3765P   2249
100,0.0,0.0,0.0,12.5,0.0,-4.275189354,11.74618048,0,0;              3767P   2250
110,-1.6,10.2393815,-27.16973267,-1.6,25.00170093,-6.086955594,     3769P   2251
0,0;                                                                3769P   2252
124,0.0,0.0,-1.0,-1.6,-0.8191520443,0.5735764364,0.0,               3771P   2253
29.09746115,0.5735764364,0.8191520443,0.0,-8.954837776,0,0;         3771P   2254
100,0.0,0.0,0.0,5.0,0.0,4.531538935,2.113091309,0,0;                3773P   2255
110,-1.6,26.59746115,-4.624710757,-1.6,43.83974596,5.330127019,     3775P   2256
0,0;                                                                3775P   2257
124,0.0,0.0,-1.0,-1.6,-0.5,0.8660254038,0.0,46.33974596,            3777P   2258
0.8660254038,0.5,0.0,1.0,0,0;                                       3777P   2259
100,0.0,0.0,0.0,5.0,0.0,4.330127019,2.5,0,0;                        3779P   2260
110,-1.6,46.33974596,6.0,-1.6,52.32233047,6.0,0,0;                  3781P   2261
124,0.0,0.0,-1.0,-1.6,0.0,1.0,0.0,52.32233047,1.0,0.0,0.0,1.0,0,    3783P   2262
0;                                                                  3783P   2263
100,0.0,0.0,0.0,5.0,0.0,3.535533906,3.535533906,0,0;                3785P   2264
110,-1.6,55.85786438,4.535533906,-1.6,79.69669914,-19.30330086,     3787P   2265
0,0;                                                                3787P   2266
124,0.0,0.0,1.0,-1.6,-0.7071067812,0.7071067812,0.0,85.0,           3789P   2267
-0.7071067812,-0.7071067812,0.0,-14.0,0,0;                          3789P   2268
100,0.0,0.0,0.0,7.5,0.0,-6.797308403,3.169636963,0,0;               3791P   2269
110,-1.6,92.04769466,-11.43484893,-1.6,88.14420554,                 3793P   2270
-0.7101007166,0,0;                                                  3793P   2271
124,0.0,0.0,-1.0,-1.6,-0.9396926208,-0.3420201433,0.0,              3795P   2272
92.84266864,-0.3420201433,0.9396926208,0.0,1.0,0,0;                 3795P   2273
100,0.0,0.0,0.0,5.0,0.0,-1.710100717,4.698463104,0,0;               3797P   2274
110,-1.6,92.84266864,6.0,-1.6,268.3659543,6.0,0,0;                  3799P   2275
124,0.0,0.0,-1.0,-1.6,0.0,1.0,0.0,268.3659543,1.0,0.0,0.0,1.0,0,    3801P   2276
0;                                                                  3801P   2277
100,0.0,0.0,0.0,5.0,0.0,4.829629131,1.294095226,0,0;                3803P   2278
110,-1.6,269.6600495,5.829629131,-1.6,276.7647619,3.925927171,0,    3805P   2279
0;                                                                  3805P   2280
124,0.0,0.0,1.0,-1.6,-0.2588190451,0.9659258263,0.0,280.0,          3807P   2281
-0.9659258263,-0.2588190451,0.0,16.0,0,0;                           3807P   2282
100,0.0,0.0,0.0,12.5,0.0,-12.07407283,-3.235238064,0,0;             3809P   2283
110,-1.6,280.0,28.5,-1.6,220.0,28.5,0,0;                            3811P   2284
110,-1.6,220.0,28.5,-1.6,217.5,26.0,0,0;                            3813P   2285
110,-1.6,217.5,26.0,-1.6,136.9282032,26.0,0,0;                      3815P   2286
102,35,3727,3729,3733,3735,3737,3739,3741,3743,3745,3747,3749,      3817P   2287
3751,3753,3755,3757,3761,3763,3767,3769,3773,3775,3779,3781,        3817P   2288
3785,3787,3791,3793,3797,3799,3803,3805,3809,3811,3813,3815,0,0;    3817P   2289
142,0,3723,0,3817,2,0,0;                                            3819P   2290
124,0.0,0.0,-1.0,-1.6,-1.0,0.0,0.0,0.0,0.0,1.0,0.0,10.0,0,0;        3821P   2291
100,0.0,0.0,0.0,1.2295,0.0,-1.2295,0.0,0,0;                         3823P   2292
124,0.0,0.0,-1.0,-1.6,1.0,0.0,0.0,0.0,0.0,-1.0,0.0,10.0,0,0;        3825P   2293
100,0.0,0.0,0.0,1.2295,0.0,-1.2295,0.0,0,0;                         3827P   2294
102,2,3823,3827,0,0;                                                3829P   2295
142,0,3723,0,3829,2,0,0;                                            3831P   2296
124,0.0,0.0,-1.0,-1.6,1.0,0.0,0.0,0.0,0.0,-1.0,0.0,2.5,0,0;         3833P   2297
100,0.0,0.0,0.0,1.2295,0.0,-1.2295,0.0,0,0;                         3835P   2298
124,0.0,0.0,-1.0,-1.6,-1.0,0.0,0.0,0.0,0.0,1.0,0.0,2.5,0,0;         3837P   2299
100,0.0,0.0,0.0,1.2295,0.0,-1.2295,0.0,0,0;                         3839P   2300
102,2,3835,3839,0,0;                                                3841P   2301
142,0,3723,0,3841,2,0,0;                                            3843P   2302
124,0.0,0.0,-1.0,-1.6,1.0,0.0,0.0,0.0,0.0,-1.0,0.0,-20.0,0,0;       3845P   2303
100,0.0,0.0,0.0,4.0,0.0,-4.0,0.0,0,0;                               3847P   2304
124,0.0,0.0,-1.0,-1.6,-1.0,0.0,0.0,0.0,0.0,1.0,0.0,-20.0,0,0;       3849P   2305
100,0.0,0.0,0.0,4.0,0.0,-4.0,0.0,0,0;                               3851P   2306
102,2,3847,3851,0,0;                                                3853P   2307
142,0,3723,0,3853,2,0,0;                                            3855P   2308
124,0.0,0.0,-1.0,-1.6,1.0,0.0,0.0,280.0,0.0,-1.0,0.0,16.0,0,0;      3857P   2309
100,0.0,0.0,0.0,8.0,0.0,-8.0,0.0,0,0;                               3859P   2310
124,0.0,0.0,-1.0,-1.6,-1.0,0.0,0.0,280.0,0.0,1.0,0.0,16.0,0,0;      3861P   2311
100,0.0,0.0,0.0,8.0,0.0,-8.0,0.0,0,0;                               3863P   2312
102,2,3859,3863,0,0;                                                3865P   2313
142,0,3723,0,3865,2,0,0;                                            3867P   2314
124,0.0,0.0,-1.0,-1.6,1.0,0.0,0.0,85.0,0.0,-1.0,0.0,-14.0,0,0;      3869P   2315
100,0.0,0.0,0.0,3.25,0.0,-3.25,0.0,0,0;                             3871P   2316
124,0.0,0.0,-1.0,-1.6,-1.0,0.0,0.0,85.0,0.0,1.0,0.0,-14.0,0,0;      3873P   2317
100,0.0,0.0,0.0,3.25,0.0,-3.25,0.0,0,0;                             3875P   2318
102,2,3871,3875,0,0;                                                3877P   2319
142,0,3723,0,3877,2,0,0;                                            3879P   2320
110,-1.6,190.0,19.2,-1.6,260.0,19.2,0,0;                            3881P   2321
124,0.0,0.0,-1.0,-1.6,0.0,1.0,0.0,260.0,1.0,0.0,0.0,16.0,0,0;       3883P   2322
100,0.0,0.0,0.0,3.2,0.0,-3.2,0.0,0,0;                               3885P   2323
110,-1.6,260.0,12.8,-1.6,190.0,12.8,0,0;                            3887P   2324
124,0.0,0.0,-1.0,-1.6,0.0,-1.0,0.0,190.0,-1.0,0.0,0.0,16.0,0,0;     3889P   2325
100,0.0,0.0,0.0,3.2,0.0,-3.2,0.0,0,0;                               3891P   2326
102,4,3881,3885,3887,3891,0,0;                                      3893P   2327
142,0,3723,0,3893,2,0,0;                                            3895P   2328
124,0.0,0.0,-1.0,-1.6,0.0,1.0,0.0,95.0,1.0,0.0,0.0,27.5,0,0;        3897P   2329
100,0.0,0.0,0.0,2.0,0.0,-2.0,0.0,0,0;                               3899P   2330
110,-1.6,95.0,25.5,-1.6,35.0,25.5,0,0;                              3901P   2331
124,0.0,0.0,-1.0,-1.6,0.0,-1.0,0.0,35.0,-1.0,0.0,0.0,27.5,0,0;      3903P   2332
100,0.0,0.0,0.0,2.0,0.0,-2.0,0.0,0,0;                               3905P   2333
110,-1.6,35.0,29.5,-1.6,95.0,29.5,0,0;                              3907P   2334
102,4,3899,3901,3905,3907,0,0;                                      3909P   2335
142,0,3723,0,3909,2,0,0;                                            3911P   2336
124,0.0,0.0,-1.0,-1.6,0.8341143521,0.5515915587,0.0,117.0299269,    3913P   2337
0.5515915587,-0.8341143521,0.0,11.79879192,0,0;                     3913P   2338
100,0.0,0.0,0.0,1.701759451,0.0,-1.701759451,0.0,0,0;               3915P   2339
110,-1.6,115.6104649,10.86011577,-1.6,110.2592228,18.95224071,0,    3917P   2340
0;                                                                  3917P   2341
124,0.0,0.0,-1.0,-1.6,-0.8341143521,-0.5515915587,0.0,              3919P   2342
111.6786848,-0.5515915587,0.8341143521,0.0,19.89091686,0,0;         3919P   2343
100,0.0,0.0,0.0,1.701759451,0.0,-1.701759451,0.0,0,0;               3921P   2344
110,-1.6,113.0981468,20.829593,-1.6,118.4493889,12.73746806,0,0;    3923P   2345
102,4,3915,3917,3921,3923,0,0;                                      3925P   2346
142,0,3723,0,3925,2,0,0;                                            3927P   2347
124,0.0,0.0,-1.0,-1.6,0.8341143521,0.5515915587,0.0,126.6882826,    3929P   2348
0.5515915587,-0.8341143521,0.0,11.79879192,0,0;                     3929P   2349
100,0.0,0.0,0.0,1.701759451,0.0,-1.701759451,0.0,0,0;               3931P   2350
110,-1.6,125.2688206,10.86011577,-1.6,119.9175785,18.95224071,0,    3933P   2351
0;                                                                  3933P   2352
124,0.0,0.0,-1.0,-1.6,-0.8341143521,-0.5515915587,0.0,              3935P   2353
121.3370405,-0.5515915587,0.8341143521,0.0,19.89091686,0,0;         3935P   2354
100,0.0,0.0,0.0,1.701759451,0.0,-1.701759451,0.0,0,0;               3937P   2355
110,-1.6,122.7565025,20.829593,-1.6,128.1077446,12.73746806,0,0;    3939P   2356
102,4,3931,3933,3937,3939,0,0;                                      3941P   2357
142,0,3723,0,3941,2,0,0;                                            3943P   2358
124,0.0,0.0,-1.0,-1.6,0.8341143521,0.5515915587,0.0,136.3466383,    3945P   2359
0.5515915587,-0.8341143521,0.0,11.79879192,0,0;                     3945P   2360
100,0.0,0.0,0.0,1.701759451,0.0,-1.701759451,0.0,0,0;               3947P   2361
110,-1.6,134.9271763,10.86011577,-1.6,129.5759343,18.95224071,0,    3949P   2362
0;                                                                  3949P   2363
124,0.0,0.0,-1.0,-1.6,-0.8341143521,-0.5515915587,0.0,              3951P   2364
130.9953962,-0.5515915587,0.8341143521,0.0,19.89091686,0,0;         3951P   2365
100,0.0,0.0,0.0,1.701759451,0.0,-1.701759451,0.0,0,0;               3953P   2366
110,-1.6,132.4148582,20.829593,-1.6,137.7661003,12.73746806,0,0;    3955P   2367
102,4,3947,3949,3953,3955,0,0;                                      3957P   2368
142,0,3723,0,3957,2,0,0;                                            3959P   2369
124,0.0,0.0,-1.0,-1.6,0.8341143521,0.5515915587,0.0,146.004994,     3961P   2370
0.5515915587,-0.8341143521,0.0,11.79879192,0,0;                     3961P   2371
100,0.0,0.0,0.0,1.701759451,0.0,-1.701759451,0.0,0,0;               3963P   2372
110,-1.6,144.585532,10.86011577,-1.6,139.23429,18.95224071,0,0;     3965P   2373
124,0.0,0.0,-1.0,-1.6,-0.8341143521,-0.5515915587,0.0,              3967P   2374
140.6537519,-0.5515915587,0.8341143521,0.0,19.89091686,0,0;         3967P   2375
100,0.0,0.0,0.0,1.701759451,0.0,-1.701759451,0.0,0,0;               3969P   2376
110,-1.6,142.0732139,20.829593,-1.6,147.424456,12.73746806,0,0;     3971P   2377
102,4,3963,3965,3969,3971,0,0;                                      3973P   2378
142,0,3723,0,3973,2,0,0;                                            3975P   2379
124,0.0,0.0,-1.0,-1.6,0.8341143521,0.5515915587,0.0,155.6633497,    3977P   2380
0.5515915587,-0.8341143521,0.0,11.79879192,0,0;                     3977P   2381
100,0.0,0.0,0.0,1.701759451,0.0,-1.701759451,0.0,0,0;               3979P   2382
110,-1.6,154.2438877,10.86011577,-1.6,148.8926457,18.95224071,0,    3981P   2383
0;                                                                  3981P   2384
124,0.0,0.0,-1.0,-1.6,-0.8341143521,-0.5515915587,0.0,              3983P   2385
150.3121077,-0.5515915587,0.8341143521,0.0,19.89091686,0,0;         3983P   2386
100,0.0,0.0,0.0,1.701759451,0.0,-1.701759451,0.0,0,0;               3985P   2387
110,-1.6,151.7315696,20.829593,-1.6,157.0828117,12.73746806,0,0;    3987P   2388
102,4,3979,3981,3985,3987,0,0;                                      3989P   2389
142,0,3723,0,3989,2,0,0;                                            3991P   2390
124,0.0,0.0,-1.0,-1.6,0.8341143521,0.5515915587,0.0,165.3217054,    3993P   2391
0.5515915587,-0.8341143521,0.0,11.79879192,0,0;                     3993P   2392
100,0.0,0.0,0.0,1.701759451,0.0,-1.701759451,0.0,0,0;               3995P   2393
110,-1.6,163.9022435,10.86011577,-1.6,158.5510014,18.95224071,0,    3997P   2394
0;                                                                  3997P   2395
124,0.0,0.0,-1.0,-1.6,-0.8341143521,-0.5515915587,0.0,              3999P   2396
159.9704634,-0.5515915587,0.8341143521,0.0,19.89091686,0,0;         3999P   2397
100,0.0,0.0,0.0,1.701759451,0.0,-1.701759451,0.0,0,0;               4001P   2398
110,-1.6,161.3899254,20.829593,-1.6,166.7411674,12.73746806,0,0;    4003P   2399
102,4,3995,3997,4001,4003,0,0;                                      4005P   2400
142,0,3723,0,4005,2,0,0;                                            4007P   2401
144,3723,1,13,3819,3831,3843,3855,3867,3879,3895,3911,3927,3943,    4009P   2402
3959,3975,3991,4007,0,0;                                            4009P   2403
110,1.6,0.0,10.0,0.6,0.0,10.0,0,0;                                  4011P   2404
110,1.6,-1.2295,10.0,-1.6,-1.2295,10.0,0,0;                         4013P   2405
120,4011,4013,0.0,6.283185307,0,0;                                  4015P   2406
124,0.0,0.0,-1.0,1.6,-1.0,0.0,0.0,0.0,0.0,1.0,0.0,10.0,0,0;         4017P   2407
100,0.0,0.0,0.0,1.2295,0.0,-1.2295,0.0,0,0;                         4019P   2408
110,1.6,1.2295,10.0,-1.6,1.2295,10.0,0,0;                           4021P   2409
124,0.0,0.0,1.0,-1.6,1.0,0.0,0.0,0.0,0.0,1.0,0.0,10.0,0,0;          4023P   2410
100,0.0,0.0,0.0,1.2295,0.0,-1.2295,0.0,0,0;                         4025P   2411
110,-1.6,-1.2295,10.0,1.6,-1.2295,10.0,0,0;                         4027P   2412
102,4,4019,4021,4025,4027,0,0;                                      4029P   2413
142,0,4015,0,4029,2,0,0;                                            4031P   2414
144,4015,1,0,4031,0,0;                                              4033P   2415
110,1.6,0.0,10.0,0.6,0.0,10.0,0,0;                                  4035P   2416
110,1.6,1.2295,10.0,-1.6,1.2295,10.0,0,0;                           4037P   2417
120,4035,4037,0.0,6.283185307,0,0;                                  4039P   2418
124,0.0,0.0,-1.0,1.6,1.0,0.0,0.0,0.0,0.0,-1.0,0.0,10.0,0,0;         4041P   2419
100,0.0,0.0,0.0,1.2295,0.0,-1.2295,0.0,0,0;                         4043P   2420
110,1.6,-1.2295,10.0,-1.6,-1.2295,10.0,0,0;                         4045P   2421
124,0.0,0.0,1.0,-1.6,-1.0,0.0,0.0,0.0,0.0,-1.0,0.0,10.0,0,0;        4047P   2422
100,0.0,0.0,0.0,1.2295,0.0,-1.2295,0.0,0,0;                         4049P   2423
110,-1.6,1.2295,10.0,1.6,1.2295,10.0,0,0;                           4051P   2424
102,4,4043,4045,4049,4051,0,0;                                      4053P   2425
142,0,4039,0,4053,2,0,0;                                            4055P   2426
144,4039,1,0,4055,0,0;                                              4057P   2427
406,1,28H1074.000.026.001.BARRA_BRAZO,0,0;                          4059P   2428
308,0,,79,1983,2273,2297,2321,2345,2369,2393,2417,2441,2457,        4061P   2429
2481,2497,2521,2537,2561,2577,2601,2617,2641,2657,2681,2697,        4061P   2430
2721,2737,2761,2777,2801,2817,2841,2857,2881,2897,2921,2937,        4061P   2431
2961,2977,3001,3025,3041,3065,3081,3105,3129,3153,3177,3201,        4061P   2432
3225,3241,3257,3273,3297,3313,3329,3345,3369,3385,3399,3415,        4061P   2433
3431,3455,3471,3495,3511,3527,3543,3559,3575,3591,3605,3621,        4061P   2434
3635,3651,3665,3681,3705,3721,4009,4033,4057,0,1,4059;              4061P   2435
406,1,30H1074.000.026.001.BARRA_BRAZO.1,0,0;                        4063P   2436
408,4061,0.0,0.0,0.0,1.0,0,1,4063;                                  4065P   2437
124,0.0,0.0,-1.0,-1.6,0.8660254038,0.5,0.0,-62.30422493,0.5,        4067P   2438
-0.8660254038,0.0,29.7,0,0;                                         4067P   2439
108,0.0,0.0,-1.0,-15.0,0,0.0,0.0,15.0,1.0,0,0;                      4069P   2440
110,1.6,10.0,15.0,1.6,0.0,15.0,0,0;                                 4071P   2441
110,1.6,0.0,15.0,-1.6,0.0,15.0,0,0;                                 4073P   2442
110,-1.6,0.0,15.0,-1.6,10.0,15.0,0,0;                               4075P   2443
110,-1.6,10.0,15.0,1.6,10.0,15.0,0,0;                               4077P   2444
102,4,4071,4073,4075,4077,0,0;                                      4079P   2445
142,0,4069,0,4079,2,0,0;                                            4081P   2446
144,4069,1,0,4081,0,0;                                              4083P   2447
108,0.0,1.0,0.0,0.0,0,0.0,0.0,3.535533906,1.0,0,0;                  4085P   2448
110,1.6,0.0,15.0,1.6,0.0,3.535533906,0,0;                           4087P   2449
110,1.6,0.0,3.535533906,-1.6,0.0,3.535533906,0,0;                   4089P   2450
110,-1.6,0.0,3.535533906,-1.6,0.0,15.0,0,0;                         4091P   2451
110,-1.6,0.0,15.0,1.6,0.0,15.0,0,0;                                 4093P   2452
102,4,4087,4089,4091,4093,0,0;                                      4095P   2453
142,0,4085,0,4095,2,0,0;                                            4097P   2454
144,4085,1,0,4097,0,0;                                              4099P   2455
108,0.0,0.7071067812,0.7071067812,2.5,0,0.0,3.535533906,0.0,1.0,    4101P   2456
0,0;                                                                4101P   2457
110,1.6,0.0,3.535533906,1.6,3.535533906,0.0,0,0;                    4103P   2458
110,1.6,3.535533906,0.0,-1.6,3.535533906,0.0,0,0;                   4105P   2459
110,-1.6,3.535533906,0.0,-1.6,0.0,3.535533906,0,0;                  4107P   2460
110,-1.6,0.0,3.535533906,1.6,0.0,3.535533906,0,0;                   4109P   2461
102,4,4103,4105,4107,4109,0,0;                                      4111P   2462
142,0,4101,0,4111,2,0,0;                                            4113P   2463
144,4101,1,0,4113,0,0;                                              4115P   2464
108,0.0,0.0,1.0,0.0,0,0.0,35.0,0.0,1.0,0,0;                         4117P   2465
110,1.6,3.535533906,0.0,1.6,35.0,0.0,0,0;                           4119P   2466
110,1.6,35.0,0.0,-1.6,35.0,0.0,0,0;                                 4121P   2467
110,-1.6,35.0,0.0,-1.6,3.535533906,0.0,0,0;                         4123P   2468
110,-1.6,3.535533906,0.0,1.6,3.535533906,0.0,0,0;                   4125P   2469
102,4,4119,4121,4123,4125,0,0;                                      4127P   2470
142,0,4117,0,4127,2,0,0;                                            4129P   2471
144,4117,1,0,4129,0,0;                                              4131P   2472
108,0.0,-1.0,0.0,-35.0,0,0.0,35.0,10.0,1.0,0,0;                     4133P   2473
110,1.6,35.0,0.0,1.6,35.0,10.0,0,0;                                 4135P   2474
110,1.6,35.0,10.0,-1.6,35.0,10.0,0,0;                               4137P   2475
110,-1.6,35.0,10.0,-1.6,35.0,0.0,0,0;                               4139P   2476
110,-1.6,35.0,0.0,1.6,35.0,0.0,0,0;                                 4141P   2477
102,4,4135,4137,4139,4141,0,0;                                      4143P   2478
142,0,4133,0,4143,2,0,0;                                            4145P   2479
144,4133,1,0,4145,0,0;                                              4147P   2480
108,0.0,-0.1961161351,-0.9805806757,-16.66987149,0,0.0,10.0,        4149P   2481
15.0,1.0,0,0;                                                       4149P   2482
110,1.6,35.0,10.0,1.6,10.0,15.0,0,0;                                4151P   2483
110,1.6,10.0,15.0,-1.6,10.0,15.0,0,0;                               4153P   2484
110,-1.6,10.0,15.0,-1.6,35.0,10.0,0,0;                              4155P   2485
110,-1.6,35.0,10.0,1.6,35.0,10.0,0,0;                               4157P   2486
102,4,4151,4153,4155,4157,0,0;                                      4159P   2487
142,0,4149,0,4159,2,0,0;                                            4161P   2488
144,4149,1,0,4161,0,0;                                              4163P   2489
110,-1.6,10.0,15.0,-1.6,0.0,15.0,0,0;                               4165P   2490
110,-1.6,0.0,15.0,-1.6,0.0,3.535533906,0,0;                         4167P   2491
110,-1.6,0.0,3.535533906,-1.6,3.535533906,0.0,0,0;                  4169P   2492
110,-1.6,3.535533906,0.0,-1.6,35.0,0.0,0,0;                         4171P   2493
110,-1.6,35.0,0.0,-1.6,35.0,10.0,0,0;                               4173P   2494
110,-1.6,35.0,10.0,-1.6,10.0,15.0,0,0;                              4175P   2495
102,6,4165,4167,4169,4171,4173,4175,0,0;                            4177P   2496
142,0,3723,0,4177,2,0,0;                                            4179P   2497
144,3723,1,0,4179,0,0;                                              4181P   2498
110,1.6,10.0,15.0,1.6,35.0,10.0,0,0;                                4183P   2499
110,1.6,35.0,10.0,1.6,35.0,0.0,0,0;                                 4185P   2500
110,1.6,35.0,0.0,1.6,3.535533906,0.0,0,0;                           4187P   2501
110,1.6,3.535533906,0.0,1.6,0.0,3.535533906,0,0;                    4189P   2502
110,1.6,0.0,3.535533906,1.6,0.0,15.0,0,0;                           4191P   2503
110,1.6,0.0,15.0,1.6,10.0,15.0,0,0;                                 4193P   2504
102,6,4183,4185,4187,4189,4191,4193,0,0;                            4195P   2505
142,0,1987,0,4195,2,0,0;                                            4197P   2506
144,1987,1,0,4197,0,0;                                              4199P   2507
406,1,25H1074.000.026.003.CARTABON,0,0;                             4201P   2508
308,0,,8,4083,4099,4115,4131,4147,4163,4181,4199,0,1,4201;          4203P   2509
406,1,27H1074.000.026.003.CARTABON.1,0,0;                           4205P   2510
408,4203,0.0,0.0,0.0,1.0,0,1,4205;                                  4207P   2511
S      1G      5D   4208P   2511                                        T      1
