START RECORD GO HERE.                                                   S      1
1H,,1H;,28H1074.000.022.000.BASE_ROTULA,32H1074.000.022.000.BASE_ROTULA.G      1
igs,62HDASSAULT SYSTEMES CATIA Version 5-6 Release 2018 - www.3ds.com,  G      2
35HV5-6R2018_5.28.6.0.03-10-2020.20.00,32,75,6,75,15,28H1074.000.022.000G      3
.BASE_ROTULA,1.0,2,2HMM,1000,1.0,15H20251008.091804,0.001,10000.0,2HPc, G      4
15HDESKTOP-CAESKE4,11,0,15H20251008.091804,;                            G      5
     108       1       0       0       0       0       0       001010001D      1
     108       0       5       1       0                               0D      2
     124       2       0       0       0       0       0       001020001D      3
     124       0       0       1       0                               0D      4
     100       3       0       0       0       0       3       001010001D      5
     100       0       0       1       0                               0D      6
     124       4       0       0       0       0       0       001020001D      7
     124       0       0       1       0                               0D      8
     100       5       0       0       0       0       7       001010001D      9
     100       0       0       1       0                               0D     10
     102       6       0       0       0       0       0       001010001D     11
     102       0       0       1       0                               0D     12
     142       7       0       0       0       0       0       001010001D     13
     142       0       0       1       0                               0D     14
     144       8       0       0   10000       0       0       000000000D     15
     144       0       5       1       0                PartBody       0D     16
     314       9       0       0       0       0       0       000000201D     17
     314       0       0       1       0                               0D     18
     108      10       0       0       0       0       0       001010001D     19
     108       0     -17       1       0                               0D     20
     110      11       0       0       0       0       0       001010001D     21
     110       0       0       1       0                               0D     22
     110      12       0       0       0       0       0       001010001D     23
     110       0       0       1       0                               0D     24
     110      13       0       0       0       0       0       001010001D     25
     110       0       0       1       0                               0D     26
     110      14       0       0       0       0       0       001010001D     27
     110       0       0       1       0                               0D     28
     102      15       0       0       0       0       0       001010001D     29
     102       0       0       1       0                               0D     30
     142      16       0       0       0       0       0       001010001D     31
     142       0       0       1       0                               0D     32
     144      17       0       0   10000       0       0       000000000D     33
     144       0     -17       1       0                PartBody       0D     34
     314      18       0       0       0       0       0       000000201D     35
     314       0       0       1       0                               0D     36
     108      19       0       0       0       0       0       001010001D     37
     108       0     -35       1       0                               0D     38
     110      20       0       0       0       0       0       001010001D     39
     110       0       0       1       0                               0D     40
     110      21       0       0       0       0       0       001010001D     41
     110       0       0       1       0                               0D     42
     110      22       0       0       0       0       0       001010001D     43
     110       0       0       1       0                               0D     44
     110      23       0       0       0       0       0       001010001D     45
     110       0       0       1       0                               0D     46
     110      24       0       0       0       0       0       001010001D     47
     110       0       0       1       0                               0D     48
     110      25       0       0       0       0       0       001010001D     49
     110       0       0       1       0                               0D     50
     102      26       0       0       0       0       0       001010001D     51
     102       0       0       1       0                               0D     52
     142      27       0       0       0       0       0       001010001D     53
     142       0       0       1       0                               0D     54
     124      28       0       0       0       0       0       001020001D     55
     124       0       0       1       0                               0D     56
     100      29       0       0       0       0      55       001010001D     57
     100       0       0       1       0                               0D     58
     124      30       0       0       0       0       0       001020001D     59
     124       0       0       1       0                               0D     60
     100      31       0       0       0       0      59       001010001D     61
     100       0       0       1       0                               0D     62
     102      32       0       0       0       0       0       001010001D     63
     102       0       0       1       0                               0D     64
     142      33       0       0       0       0       0       001010001D     65
     142       0       0       1       0                               0D     66
     124      34       0       0       0       0       0       001020001D     67
     124       0       0       1       0                               0D     68
     100      35       0       0       0       0      67       001010001D     69
     100       0       0       1       0                               0D     70
     124      36       0       0       0       0       0       001020001D     71
     124       0       0       1       0                               0D     72
     100      37       0       0       0       0      71       001010001D     73
     100       0       0       1       0                               0D     74
     102      38       0       0       0       0       0       001010001D     75
     102       0       0       1       0                               0D     76
     142      39       0       0       0       0       0       001010001D     77
     142       0       0       1       0                               0D     78
     124      40       0       0       0       0       0       001020001D     79
     124       0       0       1       0                               0D     80
     100      41       0       0       0       0      79       001010001D     81
     100       0       0       1       0                               0D     82
     124      42       0       0       0       0       0       001020001D     83
     124       0       0       1       0                               0D     84
     100      43       0       0       0       0      83       001010001D     85
     100       0       0       1       0                               0D     86
     102      44       0       0       0       0       0       001010001D     87
     102       0       0       1       0                               0D     88
     142      45       0       0       0       0       0       001010001D     89
     142       0       0       1       0                               0D     90
     124      46       0       0       0       0       0       001020001D     91
     124       0       0       1       0                               0D     92
     100      47       0       0       0       0      91       001010001D     93
     100       0       0       1       0                               0D     94
     124      48       0       0       0       0       0       001020001D     95
     124       0       0       1       0                               0D     96
     100      49       0       0       0       0      95       001010001D     97
     100       0       0       1       0                               0D     98
     102      50       0       0       0       0       0       001010001D     99
     102       0       0       1       0                               0D    100
     142      51       0       0       0       0       0       001010001D    101
     142       0       0       1       0                               0D    102
     144      52       0       0   10000       0       0       000000000D    103
     144       0     -35       1       0                PartBody       0D    104
     108      53       0       0       0       0       0       001010001D    105
     108       0     -17       2       0                               0D    106
     110      55       0       0       0       0       0       001010001D    107
     110       0       0       1       0                               0D    108
     110      56       0       0       0       0       0       001010001D    109
     110       0       0       1       0                               0D    110
     110      57       0       0       0       0       0       001010001D    111
     110       0       0       1       0                               0D    112
     126      58       0       0       0       0       0       001010001D    113
     126       0       0       3       0                               0D    114
     102      61       0       0       0       0       0       001010001D    115
     102       0       0       1       0                               0D    116
     142      62       0       0       0       0       0       001010001D    117
     142       0       0       1       0                               0D    118
     144      63       0       0   10000       0       0       000000000D    119
     144       0     -17       1       0                PartBody       0D    120
     110      64       0       0       0       0       0       001010001D    121
     110       0       0       1       0                               0D    122
     110      65       0       0       0       0       0       001010001D    123
     110       0       0       1       0                               0D    124
     120      66       0       0       0       0       0       001010001D    125
     120       0       6       1       0                               0D    126
     110      67       0       0       0       0       0       001010001D    127
     110       0       0       1       0                               0D    128
     124      68       0       0       0       0       0       001020001D    129
     124       0       0       1       0                               0D    130
     100      69       0       0       0       0     129       001010001D    131
     100       0       0       1       0                               0D    132
     110      70       0       0       0       0       0       001010001D    133
     110       0       0       1       0                               0D    134
     124      71       0       0       0       0       0       001020001D    135
     124       0       0       1       0                               0D    136
     100      72       0       0       0       0     135       001010001D    137
     100       0       0       1       0                               0D    138
     102      73       0       0       0       0       0       001010001D    139
     102       0       0       1       0                               0D    140
     142      74       0       0       0       0       0       001010001D    141
     142       0       0       1       0                               0D    142
     144      75       0       0   10000       0       0       000000000D    143
     144       0       6       1       0                PartBody       0D    144
     110      76       0       0       0       0       0       001010001D    145
     110       0       0       1       0                               0D    146
     110      77       0       0       0       0       0       001010001D    147
     110       0       0       1       0                               0D    148
     120      78       0       0       0       0       0       001010001D    149
     120       0       6       1       0                               0D    150
     110      79       0       0       0       0       0       001010001D    151
     110       0       0       1       0                               0D    152
     124      80       0       0       0       0       0       001020001D    153
     124       0       0       1       0                               0D    154
     100      81       0       0       0       0     153       001010001D    155
     100       0       0       1       0                               0D    156
     110      82       0       0       0       0       0       001010001D    157
     110       0       0       1       0                               0D    158
     124      83       0       0       0       0       0       001020001D    159
     124       0       0       1       0                               0D    160
     100      84       0       0       0       0     159       001010001D    161
     100       0       0       1       0                               0D    162
     102      85       0       0       0       0       0       001010001D    163
     102       0       0       1       0                               0D    164
     142      86       0       0       0       0       0       001010001D    165
     142       0       0       1       0                               0D    166
     144      87       0       0   10000       0       0       000000000D    167
     144       0       6       1       0                PartBody       0D    168
     110      88       0       0       0       0       0       001010001D    169
     110       0       0       1       0                               0D    170
     110      89       0       0       0       0       0       001010001D    171
     110       0       0       1       0                               0D    172
     120      90       0       0       0       0       0       001010001D    173
     120       0       6       1       0                               0D    174
     110      91       0       0       0       0       0       001010001D    175
     110       0       0       1       0                               0D    176
     124      92       0       0       0       0       0       001020001D    177
     124       0       0       1       0                               0D    178
     100      93       0       0       0       0     177       001010001D    179
     100       0       0       1       0                               0D    180
     110      94       0       0       0       0       0       001010001D    181
     110       0       0       1       0                               0D    182
     124      95       0       0       0       0       0       001020001D    183
     124       0       0       1       0                               0D    184
     100      96       0       0       0       0     183       001010001D    185
     100       0       0       1       0                               0D    186
     102      97       0       0       0       0       0       001010001D    187
     102       0       0       1       0                               0D    188
     142      98       0       0       0       0       0       001010001D    189
     142       0       0       1       0                               0D    190
     144      99       0       0   10000       0       0       000000000D    191
     144       0       6       1       0                PartBody       0D    192
     110     100       0       0       0       0       0       001010001D    193
     110       0       0       1       0                               0D    194
     110     101       0       0       0       0       0       001010001D    195
     110       0       0       1       0                               0D    196
     120     102       0       0       0       0       0       001010001D    197
     120       0       6       1       0                               0D    198
     110     103       0       0       0       0       0       001010001D    199
     110       0       0       1       0                               0D    200
     124     104       0       0       0       0       0       001020001D    201
     124       0       0       1       0                               0D    202
     100     105       0       0       0       0     201       001010001D    203
     100       0       0       1       0                               0D    204
     110     106       0       0       0       0       0       001010001D    205
     110       0       0       1       0                               0D    206
     124     107       0       0       0       0       0       001020001D    207
     124       0       0       1       0                               0D    208
     100     108       0       0       0       0     207       001010001D    209
     100       0       0       1       0                               0D    210
     102     109       0       0       0       0       0       001010001D    211
     102       0       0       1       0                               0D    212
     142     110       0       0       0       0       0       001010001D    213
     142       0       0       1       0                               0D    214
     144     111       0       0   10000       0       0       000000000D    215
     144       0       6       1       0                PartBody       0D    216
     110     112       0       0       0       0       0       001010001D    217
     110       0       0       1       0                               0D    218
     110     113       0       0       0       0       0       001010001D    219
     110       0       0       1       0                               0D    220
     120     114       0       0       0       0       0       001010001D    221
     120       0       6       1       0                               0D    222
     110     115       0       0       0       0       0       001010001D    223
     110       0       0       1       0                               0D    224
     124     116       0       0       0       0       0       001020001D    225
     124       0       0       1       0                               0D    226
     100     117       0       0       0       0     225       001010001D    227
     100       0       0       1       0                               0D    228
     110     118       0       0       0       0       0       001010001D    229
     110       0       0       1       0                               0D    230
     124     119       0       0       0       0       0       001020001D    231
     124       0       0       1       0                               0D    232
     100     120       0       0       0       0     231       001010001D    233
     100       0       0       1       0                               0D    234
     102     121       0       0       0       0       0       001010001D    235
     102       0       0       1       0                               0D    236
     142     122       0       0       0       0       0       001010001D    237
     142       0       0       1       0                               0D    238
     144     123       0       0   10000       0       0       000000000D    239
     144       0       6       1       0                PartBody       0D    240
     110     124       0       0       0       0       0       001010001D    241
     110       0       0       1       0                               0D    242
     110     125       0       0       0       0       0       001010001D    243
     110       0       0       1       0                               0D    244
     120     126       0       0       0       0       0       001010001D    245
     120       0       6       1       0                               0D    246
     110     127       0       0       0       0       0       001010001D    247
     110       0       0       1       0                               0D    248
     124     128       0       0       0       0       0       001020001D    249
     124       0       0       1       0                               0D    250
     100     129       0       0       0       0     249       001010001D    251
     100       0       0       1       0                               0D    252
     110     130       0       0       0       0       0       001010001D    253
     110       0       0       1       0                               0D    254
     124     131       0       0       0       0       0       001020001D    255
     124       0       0       1       0                               0D    256
     100     132       0       0       0       0     255       001010001D    257
     100       0       0       1       0                               0D    258
     102     133       0       0       0       0       0       001010001D    259
     102       0       0       1       0                               0D    260
     142     134       0       0       0       0       0       001010001D    261
     142       0       0       1       0                               0D    262
     144     135       0       0   10000       0       0       000000000D    263
     144       0       6       1       0                PartBody       0D    264
     110     136       0       0       0       0       0       001010001D    265
     110       0       0       1       0                               0D    266
     110     137       0       0       0       0       0       001010001D    267
     110       0       0       1       0                               0D    268
     120     138       0       0       0       0       0       001010001D    269
     120       0       6       1       0                               0D    270
     110     139       0       0       0       0       0       001010001D    271
     110       0       0       1       0                               0D    272
     124     140       0       0       0       0       0       001020001D    273
     124       0       0       1       0                               0D    274
     100     141       0       0       0       0     273       001010001D    275
     100       0       0       1       0                               0D    276
     110     142       0       0       0       0       0       001010001D    277
     110       0       0       1       0                               0D    278
     124     143       0       0       0       0       0       001020001D    279
     124       0       0       1       0                               0D    280
     100     144       0       0       0       0     279       001010001D    281
     100       0       0       1       0                               0D    282
     102     145       0       0       0       0       0       001010001D    283
     102       0       0       1       0                               0D    284
     142     146       0       0       0       0       0       001010001D    285
     142       0       0       1       0                               0D    286
     144     147       0       0   10000       0       0       000000000D    287
     144       0       6       1       0                PartBody       0D    288
     110     148       0       0       0       0       0       001010001D    289
     110       0       0       1       0                               0D    290
     110     149       0       0       0       0       0       001010001D    291
     110       0       0       1       0                               0D    292
     120     150       0       0       0       0       0       001010001D    293
     120       0       6       1       0                               0D    294
     110     151       0       0       0       0       0       001010001D    295
     110       0       0       1       0                               0D    296
     124     152       0       0       0       0       0       001020001D    297
     124       0       0       1       0                               0D    298
     100     153       0       0       0       0     297       001010001D    299
     100       0       0       1       0                               0D    300
     110     154       0       0       0       0       0       001010001D    301
     110       0       0       1       0                               0D    302
     124     155       0       0       0       0       0       001020001D    303
     124       0       0       1       0                               0D    304
     100     156       0       0       0       0     303       001010001D    305
     100       0       0       1       0                               0D    306
     102     157       0       0       0       0       0       001010001D    307
     102       0       0       1       0                               0D    308
     142     158       0       0       0       0       0       001010001D    309
     142       0       0       1       0                               0D    310
     144     159       0       0   10000       0       0       000000000D    311
     144       0       6       1       0                PartBody       0D    312
     108     160       0       0       0       0       0       001010001D    313
     108       0       6       1       0                               0D    314
     124     161       0       0       0       0       0       001020001D    315
     124       0       0       1       0                               0D    316
     100     162       0       0       0       0     315       001010001D    317
     100       0       0       1       0                               0D    318
     124     163       0       0       0       0       0       001020001D    319
     124       0       0       1       0                               0D    320
     100     164       0       0       0       0     319       001010001D    321
     100       0       0       1       0                               0D    322
     102     165       0       0       0       0       0       001010001D    323
     102       0       0       1       0                               0D    324
     142     166       0       0       0       0       0       001010001D    325
     142       0       0       1       0                               0D    326
     124     167       0       0       0       0       0       001020001D    327
     124       0       0       1       0                               0D    328
     100     168       0       0       0       0     327       001010001D    329
     100       0       0       1       0                               0D    330
     124     169       0       0       0       0       0       001020001D    331
     124       0       0       1       0                               0D    332
     100     170       0       0       0       0     331       001010001D    333
     100       0       0       1       0                               0D    334
     102     171       0       0       0       0       0       001010001D    335
     102       0       0       1       0                               0D    336
     142     172       0       0       0       0       0       001010001D    337
     142       0       0       1       0                               0D    338
     144     173       0       0   10000       0       0       000000000D    339
     144       0       6       1       0                PartBody       0D    340
     124     174       0       0       0       0       0       001020001D    341
     124       0       0       1       0                               0D    342
     100     175       0       0       0       0     341       001010001D    343
     100       0       0       1       0                               0D    344
     124     176       0       0       0       0       0       001020001D    345
     124       0       0       1       0                               0D    346
     100     177       0       0       0       0     345       001010001D    347
     100       0       0       1       0                               0D    348
     102     178       0       0       0       0       0       001010001D    349
     102       0       0       1       0                               0D    350
     142     179       0       0       0       0       0       001010001D    351
     142       0       0       1       0                               0D    352
     124     180       0       0       0       0       0       001020001D    353
     124       0       0       1       0                               0D    354
     100     181       0       0       0       0     353       001010001D    355
     100       0       0       1       0                               0D    356
     124     182       0       0       0       0       0       001020001D    357
     124       0       0       1       0                               0D    358
     100     183       0       0       0       0     357       001010001D    359
     100       0       0       1       0                               0D    360
     102     184       0       0       0       0       0       001010001D    361
     102       0       0       1       0                               0D    362
     142     185       0       0       0       0       0       001010001D    363
     142       0       0       1       0                               0D    364
     144     186       0       0   10000       0       0       000000000D    365
     144       0       6       1       0                PartBody       0D    366
     124     187       0       0       0       0       0       001020001D    367
     124       0       0       1       0                               0D    368
     100     188       0       0       0       0     367       001010001D    369
     100       0       0       1       0                               0D    370
     124     189       0       0       0       0       0       001020001D    371
     124       0       0       1       0                               0D    372
     100     190       0       0       0       0     371       001010001D    373
     100       0       0       1       0                               0D    374
     102     191       0       0       0       0       0       001010001D    375
     102       0       0       1       0                               0D    376
     142     192       0       0       0       0       0       001010001D    377
     142       0       0       1       0                               0D    378
     124     193       0       0       0       0       0       001020001D    379
     124       0       0       1       0                               0D    380
     100     194       0       0       0       0     379       001010001D    381
     100       0       0       1       0                               0D    382
     124     195       0       0       0       0       0       001020001D    383
     124       0       0       1       0                               0D    384
     100     196       0       0       0       0     383       001010001D    385
     100       0       0       1       0                               0D    386
     102     197       0       0       0       0       0       001010001D    387
     102       0       0       1       0                               0D    388
     142     198       0       0       0       0       0       001010001D    389
     142       0       0       1       0                               0D    390
     144     199       0       0   10000       0       0       000000000D    391
     144       0       6       1       0                PartBody       0D    392
     124     200       0       0       0       0       0       001020001D    393
     124       0       0       1       0                               0D    394
     100     201       0       0       0       0     393       001010001D    395
     100       0       0       1       0                               0D    396
     124     202       0       0       0       0       0       001020001D    397
     124       0       0       1       0                               0D    398
     100     203       0       0       0       0     397       001010001D    399
     100       0       0       1       0                               0D    400
     102     204       0       0       0       0       0       001010001D    401
     102       0       0       1       0                               0D    402
     142     205       0       0       0       0       0       001010001D    403
     142       0       0       1       0                               0D    404
     124     206       0       0       0       0       0       001020001D    405
     124       0       0       1       0                               0D    406
     100     207       0       0       0       0     405       001010001D    407
     100       0       0       1       0                               0D    408
     124     208       0       0       0       0       0       001020001D    409
     124       0       0       1       0                               0D    410
     100     209       0       0       0       0     409       001010001D    411
     100       0       0       1       0                               0D    412
     102     210       0       0       0       0       0       001010001D    413
     102       0       0       1       0                               0D    414
     142     211       0       0       0       0       0       001010001D    415
     142       0       0       1       0                               0D    416
     144     212       0       0   10000       0       0       000000000D    417
     144       0       6       1       0                PartBody       0D    418
     110     213       0       0       0       0       0       001010001D    419
     110       0       0       1       0                               0D    420
     110     214       0       0       0       0       0       001010001D    421
     110       0       0       1       0                               0D    422
     120     215       0       0       0       0       0       001010001D    423
     120       0       6       1       0                               0D    424
     110     216       0       0       0       0       0       001010001D    425
     110       0       0       1       0                               0D    426
     124     217       0       0       0       0       0       001020001D    427
     124       0       0       1       0                               0D    428
     100     218       0       0       0       0     427       001010001D    429
     100       0       0       1       0                               0D    430
     110     219       0       0       0       0       0       001010001D    431
     110       0       0       1       0                               0D    432
     124     220       0       0       0       0       0       001020001D    433
     124       0       0       1       0                               0D    434
     100     221       0       0       0       0     433       001010001D    435
     100       0       0       1       0                               0D    436
     102     222       0       0       0       0       0       001010001D    437
     102       0       0       1       0                               0D    438
     142     223       0       0       0       0       0       001010001D    439
     142       0       0       1       0                               0D    440
     144     224       0       0   10000       0       0       000000000D    441
     144       0       6       1       0                PartBody       0D    442
     110     225       0       0       0       0       0       001010001D    443
     110       0       0       1       0                               0D    444
     110     226       0       0       0       0       0       001010001D    445
     110       0       0       1       0                               0D    446
     120     227       0       0       0       0       0       001010001D    447
     120       0       6       1       0                               0D    448
     110     228       0       0       0       0       0       001010001D    449
     110       0       0       1       0                               0D    450
     124     229       0       0       0       0       0       001020001D    451
     124       0       0       1       0                               0D    452
     100     230       0       0       0       0     451       001010001D    453
     100       0       0       1       0                               0D    454
     110     231       0       0       0       0       0       001010001D    455
     110       0       0       1       0                               0D    456
     124     232       0       0       0       0       0       001020001D    457
     124       0       0       1       0                               0D    458
     100     233       0       0       0       0     457       001010001D    459
     100       0       0       1       0                               0D    460
     102     234       0       0       0       0       0       001010001D    461
     102       0       0       1       0                               0D    462
     142     235       0       0       0       0       0       001010001D    463
     142       0       0       1       0                               0D    464
     144     236       0       0   10000       0       0       000000000D    465
     144       0       6       1       0                PartBody       0D    466
     110     237       0       0       0       0       0       001010001D    467
     110       0       0       1       0                               0D    468
     110     238       0       0       0       0       0       001010001D    469
     110       0       0       1       0                               0D    470
     120     239       0       0       0       0       0       001010001D    471
     120       0       6       1       0                               0D    472
     110     240       0       0       0       0       0       001010001D    473
     110       0       0       1       0                               0D    474
     124     241       0       0       0       0       0       001020001D    475
     124       0       0       1       0                               0D    476
     100     242       0       0       0       0     475       001010001D    477
     100       0       0       1       0                               0D    478
     110     243       0       0       0       0       0       001010001D    479
     110       0       0       1       0                               0D    480
     124     244       0       0       0       0       0       001020001D    481
     124       0       0       1       0                               0D    482
     100     245       0       0       0       0     481       001010001D    483
     100       0       0       1       0                               0D    484
     102     246       0       0       0       0       0       001010001D    485
     102       0       0       1       0                               0D    486
     142     247       0       0       0       0       0       001010001D    487
     142       0       0       1       0                               0D    488
     144     248       0       0   10000       0       0       000000000D    489
     144       0       6       1       0                PartBody       0D    490
     110     249       0       0       0       0       0       001010001D    491
     110       0       0       1       0                               0D    492
     110     250       0       0       0       0       0       001010001D    493
     110       0       0       1       0                               0D    494
     120     251       0       0       0       0       0       001010001D    495
     120       0       6       1       0                               0D    496
     110     252       0       0       0       0       0       001010001D    497
     110       0       0       1       0                               0D    498
     124     253       0       0       0       0       0       001020001D    499
     124       0       0       1       0                               0D    500
     100     254       0       0       0       0     499       001010001D    501
     100       0       0       1       0                               0D    502
     110     255       0       0       0       0       0       001010001D    503
     110       0       0       1       0                               0D    504
     124     256       0       0       0       0       0       001020001D    505
     124       0       0       1       0                               0D    506
     100     257       0       0       0       0     505       001010001D    507
     100       0       0       1       0                               0D    508
     102     258       0       0       0       0       0       001010001D    509
     102       0       0       1       0                               0D    510
     142     259       0       0       0       0       0       001010001D    511
     142       0       0       1       0                               0D    512
     144     260       0       0   10000       0       0       000000000D    513
     144       0       6       1       0                PartBody       0D    514
     110     261       0       0       0       0       0       001010001D    515
     110       0       0       1       0                               0D    516
     110     262       0       0       0       0       0       001010001D    517
     110       0       0       1       0                               0D    518
     120     263       0       0       0       0       0       001010001D    519
     120       0       6       1       0                               0D    520
     110     264       0       0       0       0       0       001010001D    521
     110       0       0       1       0                               0D    522
     124     265       0       0       0       0       0       001020001D    523
     124       0       0       1       0                               0D    524
     100     266       0       0       0       0     523       001010001D    525
     100       0       0       1       0                               0D    526
     110     267       0       0       0       0       0       001010001D    527
     110       0       0       1       0                               0D    528
     124     268       0       0       0       0       0       001020001D    529
     124       0       0       1       0                               0D    530
     100     269       0       0       0       0     529       001010001D    531
     100       0       0       1       0                               0D    532
     102     270       0       0       0       0       0       001010001D    533
     102       0       0       1       0                               0D    534
     142     271       0       0       0       0       0       001010001D    535
     142       0       0       1       0                               0D    536
     144     272       0       0   10000       0       0       000000000D    537
     144       0       6       1       0                PartBody       0D    538
     110     273       0       0       0       0       0       001010001D    539
     110       0       0       1       0                               0D    540
     110     274       0       0       0       0       0       001010001D    541
     110       0       0       1       0                               0D    542
     120     275       0       0       0       0       0       001010001D    543
     120       0       6       1       0                               0D    544
     110     276       0       0       0       0       0       001010001D    545
     110       0       0       1       0                               0D    546
     124     277       0       0       0       0       0       001020001D    547
     124       0       0       1       0                               0D    548
     100     278       0       0       0       0     547       001010001D    549
     100       0       0       1       0                               0D    550
     110     279       0       0       0       0       0       001010001D    551
     110       0       0       1       0                               0D    552
     124     280       0       0       0       0       0       001020001D    553
     124       0       0       1       0                               0D    554
     100     281       0       0       0       0     553       001010001D    555
     100       0       0       1       0                               0D    556
     102     282       0       0       0       0       0       001010001D    557
     102       0       0       1       0                               0D    558
     142     283       0       0       0       0       0       001010001D    559
     142       0       0       1       0                               0D    560
     144     284       0       0   10000       0       0       000000000D    561
     144       0       6       1       0                PartBody       0D    562
     110     285       0       0       0       0       0       001010001D    563
     110       0       0       1       0                               0D    564
     110     286       0       0       0       0       0       001010001D    565
     110       0       0       1       0                               0D    566
     120     287       0       0       0       0       0       001010001D    567
     120       0       6       1       0                               0D    568
     110     288       0       0       0       0       0       001010001D    569
     110       0       0       1       0                               0D    570
     124     289       0       0       0       0       0       001020001D    571
     124       0       0       1       0                               0D    572
     100     290       0       0       0       0     571       001010001D    573
     100       0       0       1       0                               0D    574
     110     291       0       0       0       0       0       001010001D    575
     110       0       0       1       0                               0D    576
     124     292       0       0       0       0       0       001020001D    577
     124       0       0       1       0                               0D    578
     100     293       0       0       0       0     577       001010001D    579
     100       0       0       1       0                               0D    580
     102     294       0       0       0       0       0       001010001D    581
     102       0       0       1       0                               0D    582
     142     295       0       0       0       0       0       001010001D    583
     142       0       0       1       0                               0D    584
     144     296       0       0   10000       0       0       000000000D    585
     144       0       6       1       0                PartBody       0D    586
     110     297       0       0       0       0       0       001010001D    587
     110       0       0       1       0                               0D    588
     110     298       0       0       0       0       0       001010001D    589
     110       0       0       1       0                               0D    590
     120     299       0       0       0       0       0       001010001D    591
     120       0       6       1       0                               0D    592
     110     300       0       0       0       0       0       001010001D    593
     110       0       0       1       0                               0D    594
     124     301       0       0       0       0       0       001020001D    595
     124       0       0       1       0                               0D    596
     100     302       0       0       0       0     595       001010001D    597
     100       0       0       1       0                               0D    598
     110     303       0       0       0       0       0       001010001D    599
     110       0       0       1       0                               0D    600
     124     304       0       0       0       0       0       001020001D    601
     124       0       0       1       0                               0D    602
     100     305       0       0       0       0     601       001010001D    603
     100       0       0       1       0                               0D    604
     102     306       0       0       0       0       0       001010001D    605
     102       0       0       1       0                               0D    606
     142     307       0       0       0       0       0       001010001D    607
     142       0       0       1       0                               0D    608
     144     308       0       0   10000       0       0       000000000D    609
     144       0       6       1       0                PartBody       0D    610
     110     309       0       0       0       0       0       001010001D    611
     110       0       0       1       0                               0D    612
     110     310       0       0       0       0       0       001010001D    613
     110       0       0       1       0                               0D    614
     120     311       0       0       0       0       0       001010001D    615
     120       0       6       1       0                               0D    616
     110     312       0       0       0       0       0       001010001D    617
     110       0       0       1       0                               0D    618
     124     313       0       0       0       0       0       001020001D    619
     124       0       0       1       0                               0D    620
     100     314       0       0       0       0     619       001010001D    621
     100       0       0       1       0                               0D    622
     110     315       0       0       0       0       0       001010001D    623
     110       0       0       1       0                               0D    624
     126     316       0       0       0       0       0       001010001D    625
     126       0       0      17       0                               0D    626
     102     333       0       0       0       0       0       001010001D    627
     102       0       0       1       0                               0D    628
     142     334       0       0       0       0       0       001010001D    629
     142       0       0       1       0                               0D    630
     144     335       0       0   10000       0       0       000000000D    631
     144       0       6       1       0                PartBody       0D    632
     110     336       0       0       0       0       0       001010001D    633
     110       0       0       1       0                               0D    634
     110     337       0       0       0       0       0       001010001D    635
     110       0       0       1       0                               0D    636
     120     338       0       0       0       0       0       001010001D    637
     120       0       6       1       0                               0D    638
     110     339       0       0       0       0       0       001010001D    639
     110       0       0       1       0                               0D    640
     124     340       0       0       0       0       0       001020001D    641
     124       0       0       1       0                               0D    642
     100     341       0       0       0       0     641       001010001D    643
     100       0       0       1       0                               0D    644
     110     342       0       0       0       0       0       001010001D    645
     110       0       0       1       0                               0D    646
     126     343       0       0       0       0       0       001010001D    647
     126       0       0      18       0                               0D    648
     102     361       0       0       0       0       0       001010001D    649
     102       0       0       1       0                               0D    650
     142     362       0       0       0       0       0       001010001D    651
     142       0       0       1       0                               0D    652
     144     363       0       0   10000       0       0       000000000D    653
     144       0       6       1       0                PartBody       0D    654
     110     364       0       0       0       0       0       001010001D    655
     110       0       0       1       0                               0D    656
     110     365       0       0       0       0       0       001010001D    657
     110       0       0       1       0                               0D    658
     120     366       0       0       0       0       0       001010001D    659
     120       0       6       1       0                               0D    660
     110     367       0       0       0       0       0       001010001D    661
     110       0       0       1       0                               0D    662
     124     368       0       0       0       0       0       001020001D    663
     124       0       0       1       0                               0D    664
     100     369       0       0       0       0     663       001010001D    665
     100       0       0       1       0                               0D    666
     110     370       0       0       0       0       0       001010001D    667
     110       0       0       1       0                               0D    668
     126     371       0       0       0       0       0       001010001D    669
     126       0       0      17       0                               0D    670
     102     388       0       0       0       0       0       001010001D    671
     102       0       0       1       0                               0D    672
     142     389       0       0       0       0       0       001010001D    673
     142       0       0       1       0                               0D    674
     144     390       0       0   10000       0       0       000000000D    675
     144       0       6       1       0                PartBody       0D    676
     110     391       0       0       0       0       0       001010001D    677
     110       0       0       1       0                               0D    678
     110     392       0       0       0       0       0       001010001D    679
     110       0       0       1       0                               0D    680
     120     393       0       0       0       0       0       001010001D    681
     120       0       6       1       0                               0D    682
     110     394       0       0       0       0       0       001010001D    683
     110       0       0       1       0                               0D    684
     124     395       0       0       0       0       0       001020001D    685
     124       0       0       1       0                               0D    686
     100     396       0       0       0       0     685       001010001D    687
     100       0       0       1       0                               0D    688
     110     397       0       0       0       0       0       001010001D    689
     110       0       0       1       0                               0D    690
     126     398       0       0       0       0       0       001010001D    691
     126       0       0      18       0                               0D    692
     102     416       0       0       0       0       0       001010001D    693
     102       0       0       1       0                               0D    694
     142     417       0       0       0       0       0       001010001D    695
     142       0       0       1       0                               0D    696
     144     418       0       0   10000       0       0       000000000D    697
     144       0       6       1       0                PartBody       0D    698
     110     419       0       0       0       0       0       001010001D    699
     110       0       0       1       0                               0D    700
     110     420       0       0       0       0       0       001010001D    701
     110       0       0       1       0                               0D    702
     120     421       0       0       0       0       0       001010001D    703
     120       0       6       1       0                               0D    704
     110     422       0       0       0       0       0       001010001D    705
     110       0       0       1       0                               0D    706
     124     423       0       0       0       0       0       001020001D    707
     124       0       0       1       0                               0D    708
     100     424       0       0       0       0     707       001010001D    709
     100       0       0       1       0                               0D    710
     110     425       0       0       0       0       0       001010001D    711
     110       0       0       1       0                               0D    712
     124     426       0       0       0       0       0       001020001D    713
     124       0       0       1       0                               0D    714
     100     427       0       0       0       0     713       001010001D    715
     100       0       0       1       0                               0D    716
     102     428       0       0       0       0       0       001010001D    717
     102       0       0       1       0                               0D    718
     142     429       0       0       0       0       0       001010001D    719
     142       0       0       1       0                               0D    720
     144     430       0       0   10000       0       0       000000000D    721
     144       0       6       1       0                PartBody       0D    722
     110     431       0       0       0       0       0       001010001D    723
     110       0       0       1       0                               0D    724
     110     432       0       0       0       0       0       001010001D    725
     110       0       0       1       0                               0D    726
     120     433       0       0       0       0       0       001010001D    727
     120       0       6       1       0                               0D    728
     110     434       0       0       0       0       0       001010001D    729
     110       0       0       1       0                               0D    730
     124     435       0       0       0       0       0       001020001D    731
     124       0       0       1       0                               0D    732
     100     436       0       0       0       0     731       001010001D    733
     100       0       0       1       0                               0D    734
     110     437       0       0       0       0       0       001010001D    735
     110       0       0       1       0                               0D    736
     124     438       0       0       0       0       0       001020001D    737
     124       0       0       1       0                               0D    738
     100     439       0       0       0       0     737       001010001D    739
     100       0       0       1       0                               0D    740
     102     440       0       0       0       0       0       001010001D    741
     102       0       0       1       0                               0D    742
     142     441       0       0       0       0       0       001010001D    743
     142       0       0       1       0                               0D    744
     144     442       0       0   10000       0       0       000000000D    745
     144       0       6       1       0                PartBody       0D    746
     110     443       0       0       0       0       0       001010001D    747
     110       0       0       1       0                               0D    748
     110     444       0       0       0       0       0       001010001D    749
     110       0       0       1       0                               0D    750
     120     445       0       0       0       0       0       001010001D    751
     120       0       6       1       0                               0D    752
     110     446       0       0       0       0       0       001010001D    753
     110       0       0       1       0                               0D    754
     124     447       0       0       0       0       0       001020001D    755
     124       0       0       1       0                               0D    756
     100     448       0       0       0       0     755       001010001D    757
     100       0       0       1       0                               0D    758
     110     449       0       0       0       0       0       001010001D    759
     110       0       0       1       0                               0D    760
     124     450       0       0       0       0       0       001020001D    761
     124       0       0       1       0                               0D    762
     100     451       0       0       0       0     761       001010001D    763
     100       0       0       1       0                               0D    764
     102     452       0       0       0       0       0       001010001D    765
     102       0       0       1       0                               0D    766
     142     453       0       0       0       0       0       001010001D    767
     142       0       0       1       0                               0D    768
     144     454       0       0   10000       0       0       000000000D    769
     144       0       6       1       0                PartBody       0D    770
     110     455       0       0       0       0       0       001010001D    771
     110       0       0       1       0                               0D    772
     110     456       0       0       0       0       0       001010001D    773
     110       0       0       1       0                               0D    774
     120     457       0       0       0       0       0       001010001D    775
     120       0       6       1       0                               0D    776
     110     458       0       0       0       0       0       001010001D    777
     110       0       0       1       0                               0D    778
     124     459       0       0       0       0       0       001020001D    779
     124       0       0       1       0                               0D    780
     100     460       0       0       0       0     779       001010001D    781
     100       0       0       1       0                               0D    782
     110     461       0       0       0       0       0       001010001D    783
     110       0       0       1       0                               0D    784
     124     462       0       0       0       0       0       001020001D    785
     124       0       0       1       0                               0D    786
     100     463       0       0       0       0     785       001010001D    787
     100       0       0       1       0                               0D    788
     102     464       0       0       0       0       0       001010001D    789
     102       0       0       1       0                               0D    790
     142     465       0       0       0       0       0       001010001D    791
     142       0       0       1       0                               0D    792
     144     466       0       0   10000       0       0       000000000D    793
     144       0       6       1       0                PartBody       0D    794
     108     467       0       0       0       0       0       001010001D    795
     108       0       6       1       0                               0D    796
     124     468       0       0       0       0       0       001020001D    797
     124       0       0       1       0                               0D    798
     100     469       0       0       0       0     797       001010001D    799
     100       0       0       1       0                               0D    800
     124     470       0       0       0       0       0       001020001D    801
     124       0       0       1       0                               0D    802
     100     471       0       0       0       0     801       001010001D    803
     100       0       0       1       0                               0D    804
     102     472       0       0       0       0       0       001010001D    805
     102       0       0       1       0                               0D    806
     142     473       0       0       0       0       0       001010001D    807
     142       0       0       1       0                               0D    808
     124     474       0       0       0       0       0       001020001D    809
     124       0       0       1       0                               0D    810
     100     475       0       0       0       0     809       001010001D    811
     100       0       0       1       0                               0D    812
     124     476       0       0       0       0       0       001020001D    813
     124       0       0       1       0                               0D    814
     100     477       0       0       0       0     813       001010001D    815
     100       0       0       1       0                               0D    816
     102     478       0       0       0       0       0       001010001D    817
     102       0       0       1       0                               0D    818
     142     479       0       0       0       0       0       001010001D    819
     142       0       0       1       0                               0D    820
     144     480       0       0   10000       0       0       000000000D    821
     144       0       6       1       0                PartBody       0D    822
     124     481       0       0       0       0       0       001020001D    823
     124       0       0       1       0                               0D    824
     100     482       0       0       0       0     823       001010001D    825
     100       0       0       1       0                               0D    826
     124     483       0       0       0       0       0       001020001D    827
     124       0       0       1       0                               0D    828
     100     484       0       0       0       0     827       001010001D    829
     100       0       0       1       0                               0D    830
     102     485       0       0       0       0       0       001010001D    831
     102       0       0       1       0                               0D    832
     142     486       0       0       0       0       0       001010001D    833
     142       0       0       1       0                               0D    834
     124     487       0       0       0       0       0       001020001D    835
     124       0       0       1       0                               0D    836
     100     488       0       0       0       0     835       001010001D    837
     100       0       0       1       0                               0D    838
     124     489       0       0       0       0       0       001020001D    839
     124       0       0       1       0                               0D    840
     100     490       0       0       0       0     839       001010001D    841
     100       0       0       1       0                               0D    842
     102     491       0       0       0       0       0       001010001D    843
     102       0       0       1       0                               0D    844
     142     492       0       0       0       0       0       001010001D    845
     142       0       0       1       0                               0D    846
     144     493       0       0   10000       0       0       000000000D    847
     144       0       6       1       0                PartBody       0D    848
     124     494       0       0       0       0       0       001020001D    849
     124       0       0       1       0                               0D    850
     100     495       0       0       0       0     849       001010001D    851
     100       0       0       1       0                               0D    852
     124     496       0       0       0       0       0       001020001D    853
     124       0       0       1       0                               0D    854
     100     497       0       0       0       0     853       001010001D    855
     100       0       0       1       0                               0D    856
     102     498       0       0       0       0       0       001010001D    857
     102       0       0       1       0                               0D    858
     142     499       0       0       0       0       0       001010001D    859
     142       0       0       1       0                               0D    860
     124     500       0       0       0       0       0       001020001D    861
     124       0       0       1       0                               0D    862
     100     501       0       0       0       0     861       001010001D    863
     100       0       0       1       0                               0D    864
     124     502       0       0       0       0       0       001020001D    865
     124       0       0       1       0                               0D    866
     100     503       0       0       0       0     865       001010001D    867
     100       0       0       1       0                               0D    868
     102     504       0       0       0       0       0       001010001D    869
     102       0       0       1       0                               0D    870
     142     505       0       0       0       0       0       001010001D    871
     142       0       0       1       0                               0D    872
     144     506       0       0   10000       0       0       000000000D    873
     144       0       6       1       0                PartBody       0D    874
     124     507       0       0       0       0       0       001020001D    875
     124       0       0       1       0                               0D    876
     100     508       0       0       0       0     875       001010001D    877
     100       0       0       1       0                               0D    878
     124     509       0       0       0       0       0       001020001D    879
     124       0       0       1       0                               0D    880
     100     510       0       0       0       0     879       001010001D    881
     100       0       0       1       0                               0D    882
     102     511       0       0       0       0       0       001010001D    883
     102       0       0       1       0                               0D    884
     142     512       0       0       0       0       0       001010001D    885
     142       0       0       1       0                               0D    886
     124     513       0       0       0       0       0       001020001D    887
     124       0       0       1       0                               0D    888
     100     514       0       0       0       0     887       001010001D    889
     100       0       0       1       0                               0D    890
     124     515       0       0       0       0       0       001020001D    891
     124       0       0       1       0                               0D    892
     100     516       0       0       0       0     891       001010001D    893
     100       0       0       1       0                               0D    894
     102     517       0       0       0       0       0       001010001D    895
     102       0       0       1       0                               0D    896
     142     518       0       0       0       0       0       001010001D    897
     142       0       0       1       0                               0D    898
     144     519       0       0   10000       0       0       000000000D    899
     144       0       6       1       0                PartBody       0D    900
     108     520       0       0       0       0       0       001010001D    901
     108       0     -17       1       0                               0D    902
     110     521       0       0       0       0       0       001010001D    903
     110       0       0       1       0                               0D    904
     126     522       0       0       0       0       0       001010001D    905
     126       0       0       2       0                               0D    906
     110     524       0       0       0       0       0       001010001D    907
     110       0       0       1       0                               0D    908
     126     525       0       0       0       0       0       001010001D    909
     126       0       0       3       0                               0D    910
     102     528       0       0       0       0       0       001010001D    911
     102       0       0       1       0                               0D    912
     142     529       0       0       0       0       0       001010001D    913
     142       0       0       1       0                               0D    914
     126     530       0       0       0       0       0       001010001D    915
     126       0       0      17       0                               0D    916
     126     547       0       0       0       0       0       001010001D    917
     126       0       0      17       0                               0D    918
     102     564       0       0       0       0       0       001010001D    919
     102       0       0       1       0                               0D    920
     142     565       0       0       0       0       0       001010001D    921
     142       0       0       1       0                               0D    922
     126     566       0       0       0       0       0       001010001D    923
     126       0       0      17       0                               0D    924
     126     583       0       0       0       0       0       001010001D    925
     126       0       0      17       0                               0D    926
     102     600       0       0       0       0       0       001010001D    927
     102       0       0       1       0                               0D    928
     142     601       0       0       0       0       0       001010001D    929
     142       0       0       1       0                               0D    930
     144     602       0       0   10000       0       0       000000000D    931
     144       0     -17       1       0                PartBody       0D    932
     108     603       0       0       0       0       0       001010001D    933
     108       0     -17       2       0                               0D    934
     110     605       0       0       0       0       0       001010001D    935
     110       0       0       1       0                               0D    936
     110     606       0       0       0       0       0       001010001D    937
     110       0       0       1       0                               0D    938
     110     607       0       0       0       0       0       001010001D    939
     110       0       0       1       0                               0D    940
     126     608       0       0       0       0       0       001010001D    941
     126       0       0       2       0                               0D    942
     102     610       0       0       0       0       0       001010001D    943
     102       0       0       1       0                               0D    944
     142     611       0       0       0       0       0       001010001D    945
     142       0       0       1       0                               0D    946
     144     612       0       0   10000       0       0       000000000D    947
     144       0     -17       1       0                PartBody       0D    948
     108     613       0       0       0       0       0       001010001D    949
     108       0     -17       1       0                               0D    950
     110     614       0       0       0       0       0       001010001D    951
     110       0       0       1       0                               0D    952
     110     615       0       0       0       0       0       001010001D    953
     110       0       0       1       0                               0D    954
     110     616       0       0       0       0       0       001010001D    955
     110       0       0       1       0                               0D    956
     110     617       0       0       0       0       0       001010001D    957
     110       0       0       1       0                               0D    958
     102     618       0       0       0       0       0       001010001D    959
     102       0       0       1       0                               0D    960
     142     619       0       0       0       0       0       001010001D    961
     142       0       0       1       0                               0D    962
     144     620       0       0   10000       0       0       000000000D    963
     144       0     -17       1       0                PartBody       0D    964
     108     621       0       0       0       0       0       001010001D    965
     108       0     -17       1       0                               0D    966
     110     622       0       0       0       0       0       001010001D    967
     110       0       0       1       0                               0D    968
     110     623       0       0       0       0       0       001010001D    969
     110       0       0       1       0                               0D    970
     110     624       0       0       0       0       0       001010001D    971
     110       0       0       1       0                               0D    972
     110     625       0       0       0       0       0       001010001D    973
     110       0       0       1       0                               0D    974
     102     626       0       0       0       0       0       001010001D    975
     102       0       0       1       0                               0D    976
     142     627       0       0       0       0       0       001010001D    977
     142       0       0       1       0                               0D    978
     144     628       0       0   10000       0       0       000000000D    979
     144       0     -17       1       0                PartBody       0D    980
     108     629       0       0       0       0       0       001010001D    981
     108       0     -17       1       0                               0D    982
     110     630       0       0       0       0       0       001010001D    983
     110       0       0       1       0                               0D    984
     110     631       0       0       0       0       0       001010001D    985
     110       0       0       1       0                               0D    986
     110     632       0       0       0       0       0       001010001D    987
     110       0       0       1       0                               0D    988
     110     633       0       0       0       0       0       001010001D    989
     110       0       0       1       0                               0D    990
     102     634       0       0       0       0       0       001010001D    991
     102       0       0       1       0                               0D    992
     142     635       0       0       0       0       0       001010001D    993
     142       0       0       1       0                               0D    994
     124     636       0       0       0       0       0       001020001D    995
     124       0       0       1       0                               0D    996
     100     637       0       0       0       0     995       001010001D    997
     100       0       0       1       0                               0D    998
     124     638       0       0       0       0       0       001020001D    999
     124       0       0       1       0                               0D   1000
     100     639       0       0       0       0     999       001010001D   1001
     100       0       0       1       0                               0D   1002
     102     640       0       0       0       0       0       001010001D   1003
     102       0       0       1       0                               0D   1004
     142     641       0       0       0       0       0       001010001D   1005
     142       0       0       1       0                               0D   1006
     124     642       0       0       0       0       0       001020001D   1007
     124       0       0       1       0                               0D   1008
     100     643       0       0       0       0    1007       001010001D   1009
     100       0       0       1       0                               0D   1010
     124     644       0       0       0       0       0       001020001D   1011
     124       0       0       1       0                               0D   1012
     100     645       0       0       0       0    1011       001010001D   1013
     100       0       0       1       0                               0D   1014
     102     646       0       0       0       0       0       001010001D   1015
     102       0       0       1       0                               0D   1016
     142     647       0       0       0       0       0       001010001D   1017
     142       0       0       1       0                               0D   1018
     144     648       0       0   10000       0       0       000000000D   1019
     144       0     -17       1       0                PartBody       0D   1020
     108     649       0       0       0       0       0       001010001D   1021
     108       0     -17       1       0                               0D   1022
     110     650       0       0       0       0       0       001010001D   1023
     110       0       0       1       0                               0D   1024
     110     651       0       0       0       0       0       001010001D   1025
     110       0       0       1       0                               0D   1026
     110     652       0       0       0       0       0       001010001D   1027
     110       0       0       1       0                               0D   1028
     110     653       0       0       0       0       0       001010001D   1029
     110       0       0       1       0                               0D   1030
     102     654       0       0       0       0       0       001010001D   1031
     102       0       0       1       0                               0D   1032
     142     655       0       0       0       0       0       001010001D   1033
     142       0       0       1       0                               0D   1034
     124     656       0       0       0       0       0       001020001D   1035
     124       0       0       1       0                               0D   1036
     100     657       0       0       0       0    1035       001010001D   1037
     100       0       0       1       0                               0D   1038
     124     658       0       0       0       0       0       001020001D   1039
     124       0       0       1       0                               0D   1040
     100     659       0       0       0       0    1039       001010001D   1041
     100       0       0       1       0                               0D   1042
     102     660       0       0       0       0       0       001010001D   1043
     102       0       0       1       0                               0D   1044
     142     661       0       0       0       0       0       001010001D   1045
     142       0       0       1       0                               0D   1046
     144     662       0       0   10000       0       0       000000000D   1047
     144       0     -17       1       0                PartBody       0D   1048
     110     663       0       0       0       0       0       001010001D   1049
     110       0       0       1       0                               0D   1050
     110     664       0       0       0       0       0       001010001D   1051
     110       0       0       1       0                               0D   1052
     120     665       0       0       0       0       0       001010001D   1053
     120       0       5       1       0                               0D   1054
     110     666       0       0       0       0       0       001010001D   1055
     110       0       0       1       0                               0D   1056
     124     667       0       0       0       0       0       001020001D   1057
     124       0       0       1       0                               0D   1058
     100     668       0       0       0       0    1057       001010001D   1059
     100       0       0       1       0                               0D   1060
     110     669       0       0       0       0       0       001010001D   1061
     110       0       0       1       0                               0D   1062
     124     670       0       0       0       0       0       001020001D   1063
     124       0       0       1       0                               0D   1064
     100     671       0       0       0       0    1063       001010001D   1065
     100       0       0       1       0                               0D   1066
     102     672       0       0       0       0       0       001010001D   1067
     102       0       0       1       0                               0D   1068
     142     673       0       0       0       0       0       001010001D   1069
     142       0       0       1       0                               0D   1070
     144     674       0       0   10000       0       0       000000000D   1071
     144       0       5       1       0                PartBody       0D   1072
     110     675       0       0       0       0       0       001010001D   1073
     110       0       0       1       0                               0D   1074
     110     676       0       0       0       0       0       001010001D   1075
     110       0       0       1       0                               0D   1076
     120     677       0       0       0       0       0       001010001D   1077
     120       0       5       1       0                               0D   1078
     110     678       0       0       0       0       0       001010001D   1079
     110       0       0       1       0                               0D   1080
     124     679       0       0       0       0       0       001020001D   1081
     124       0       0       1       0                               0D   1082
     100     680       0       0       0       0    1081       001010001D   1083
     100       0       0       1       0                               0D   1084
     110     681       0       0       0       0       0       001010001D   1085
     110       0       0       1       0                               0D   1086
     124     682       0       0       0       0       0       001020001D   1087
     124       0       0       1       0                               0D   1088
     100     683       0       0       0       0    1087       001010001D   1089
     100       0       0       1       0                               0D   1090
     102     684       0       0       0       0       0       001010001D   1091
     102       0       0       1       0                               0D   1092
     142     685       0       0       0       0       0       001010001D   1093
     142       0       0       1       0                               0D   1094
     144     686       0       0   10000       0       0       000000000D   1095
     144       0       5       1       0                PartBody       0D   1096
108,0.0,0.0,-1.0,5.0,0,20.0,0.0,-5.0,1.0,0,0;                          1P      1
124,1.0,0.0,0.0,20.0,0.0,-1.0,0.0,0.0,0.0,0.0,-1.0,-5.0,0,0;           3P      2
100,0.0,0.0,0.0,5.053,0.0,-5.053,0.0,0,0;                              5P      3
124,-1.0,0.0,0.0,20.0,0.0,1.0,0.0,0.0,0.0,0.0,-1.0,-5.0,0,0;           7P      4
100,0.0,0.0,0.0,5.053,0.0,-5.053,0.0,0,0;                              9P      5
102,2,5,9,0,0;                                                        11P      6
142,0,1,0,11,2,0,0;                                                   13P      7
144,1,1,0,13,0,0;                                                     15P      8
314,0.0,50.19607843,0.0,5HColor,0,0;                                  17P      9
108,0.0,1.0,0.0,-25.0,0,0.0,-25.0,-20.0,1.0,0,0;                      19P     10
110,0.0,-25.0,0.0,0.0,-25.0,20.0,0,0;                                 21P     11
110,0.0,-25.0,20.0,30.0,-25.0,20.0,0,0;                               23P     12
110,30.0,-25.0,20.0,30.0,-25.0,0.0,0,0;                               25P     13
110,30.0,-25.0,0.0,0.0,-25.0,0.0,0,0;                                 27P     14
102,4,21,23,25,27,0,0;                                                29P     15
142,0,19,0,29,2,0,0;                                                  31P     16
144,19,1,0,31,0,0;                                                    33P     17
314,37.25490196,0.0,0.0,5HColor,0,0;                                  35P     18
108,1.0,0.0,0.0,0.0,0,0.0,0.0,0.0,1.0,0,0;                            37P     19
110,0.0,-20.0,-20.0,0.0,20.0,-20.0,0,0;                               39P     20
110,0.0,20.0,-20.0,0.0,25.0,0.0,0,0;                                  41P     21
110,0.0,25.0,0.0,0.0,25.0,20.0,0,0;                                   43P     22
110,0.0,25.0,20.0,0.0,-25.0,20.0,0,0;                                 45P     23
110,0.0,-25.0,20.0,0.0,-25.0,0.0,0,0;                                 47P     24
110,0.0,-25.0,0.0,0.0,-20.0,-20.0,0,0;                                49P     25
102,6,39,41,43,45,47,49,0,0;                                          51P     26
142,0,37,0,51,2,0,0;                                                  53P     27
124,0.0,0.0,-1.0,0.0,-1.0,0.0,0.0,13.0,0.0,1.0,0.0,13.0,0,0;          55P     28
100,0.0,0.0,0.0,6.5,0.0,-6.5,0.0,0,0;                                 57P     29
124,0.0,0.0,-1.0,0.0,1.0,0.0,0.0,13.0,0.0,-1.0,0.0,13.0,0,0;          59P     30
100,0.0,0.0,0.0,6.5,0.0,-6.5,0.0,0,0;                                 61P     31
102,2,57,61,0,0;                                                      63P     32
142,0,37,0,63,2,0,0;                                                  65P     33
124,0.0,0.0,-1.0,0.0,1.0,0.0,0.0,-13.0,0.0,-1.0,0.0,13.0,0,0;         67P     34
100,0.0,0.0,0.0,6.5,0.0,-6.5,0.0,0,0;                                 69P     35
124,0.0,0.0,-1.0,0.0,-1.0,0.0,0.0,-13.0,0.0,1.0,0.0,13.0,0,0;         71P     36
100,0.0,0.0,0.0,6.5,0.0,-6.5,0.0,0,0;                                 73P     37
102,2,69,73,0,0;                                                      75P     38
142,0,37,0,75,2,0,0;                                                  77P     39
124,0.0,0.0,-1.0,0.0,1.0,0.0,0.0,13.0,0.0,-1.0,0.0,-13.0,0,0;         79P     40
100,0.0,0.0,0.0,6.5,0.0,-6.5,0.0,0,0;                                 81P     41
124,0.0,0.0,-1.0,0.0,-1.0,0.0,0.0,13.0,0.0,1.0,0.0,-13.0,0,0;         83P     42
100,0.0,0.0,0.0,6.5,0.0,-6.5,0.0,0,0;                                 85P     43
102,2,81,85,0,0;                                                      87P     44
142,0,37,0,87,2,0,0;                                                  89P     45
124,0.0,0.0,-1.0,0.0,1.0,0.0,0.0,-13.0,0.0,-1.0,0.0,-13.0,0,0;        91P     46
100,0.0,0.0,0.0,6.5,0.0,-6.5,0.0,0,0;                                 93P     47
124,0.0,0.0,-1.0,0.0,-1.0,0.0,0.0,-13.0,0.0,1.0,0.0,-13.0,0,0;        95P     48
100,0.0,0.0,0.0,6.5,0.0,-6.5,0.0,0,0;                                 97P     49
102,2,93,97,0,0;                                                      99P     50
142,0,37,0,99,2,0,0;                                                 101P     51
144,37,1,4,53,65,77,89,101,0,0;                                      103P     52
108,0.0,0.9701425001,0.242535625,-24.2535625,0,15.0,-25.0,0.0,       105P     53
1.0,0,0;                                                             105P     54
110,15.0,-20.0,-20.0,0.0,-20.0,-20.0,0,0;                            107P     55
110,0.0,-20.0,-20.0,0.0,-25.0,0.0,0,0;                               109P     56
110,0.0,-25.0,0.0,30.0,-25.0,0.0,0,0;                                111P     57
126,1,1,0,0,1,0,-12.74754878,-12.74754878,12.74754878,               113P     58
12.74754878,1.0,1.0,30.0,-25.0,0.0,15.0,-20.0,-20.0,                 113P     59
-12.74754878,12.74754878,0.0,0.0,0.0,0,0;                            113P     60
102,4,107,109,111,113,0,0;                                           115P     61
142,0,105,0,115,2,0,0;                                               117P     62
144,105,1,0,117,0,0;                                                 119P     63
110,0.0,13.0,13.0,1.0,13.0,13.0,0,0;                                 121P     64
110,0.0,19.5,13.0,5.0,19.5,13.0,0,0;                                 123P     65
120,121,123,0.0,6.283185307,0,0;                                     125P     66
110,0.0,6.5,13.0,5.0,6.5,13.0,0,0;                                   127P     67
124,0.0,0.0,-1.0,5.0,-1.0,0.0,0.0,13.0,0.0,1.0,0.0,13.0,0,0;         129P     68
100,0.0,0.0,0.0,6.5,0.0,-6.5,0.0,0,0;                                131P     69
110,5.0,19.5,13.0,0.0,19.5,13.0,0,0;                                 133P     70
124,0.0,0.0,1.0,0.0,1.0,0.0,0.0,13.0,0.0,1.0,0.0,13.0,0,0;           135P     71
100,0.0,0.0,0.0,6.5,0.0,-6.5,0.0,0,0;                                137P     72
102,4,127,131,133,137,0,0;                                           139P     73
142,0,125,0,139,2,0,0;                                               141P     74
144,125,1,0,141,0,0;                                                 143P     75
110,0.0,13.0,13.0,1.0,13.0,13.0,0,0;                                 145P     76
110,0.0,6.5,13.0,5.0,6.5,13.0,0,0;                                   147P     77
120,145,147,0.0,6.283185307,0,0;                                     149P     78
110,0.0,19.5,13.0,5.0,19.5,13.0,0,0;                                 151P     79
124,0.0,0.0,-1.0,5.0,1.0,0.0,0.0,13.0,0.0,-1.0,0.0,13.0,0,0;         153P     80
100,0.0,0.0,0.0,6.5,0.0,-6.5,0.0,0,0;                                155P     81
110,5.0,6.5,13.0,0.0,6.5,13.0,0,0;                                   157P     82
124,0.0,0.0,1.0,0.0,-1.0,0.0,0.0,13.0,0.0,-1.0,0.0,13.0,0,0;         159P     83
100,0.0,0.0,0.0,6.5,0.0,-6.5,0.0,0,0;                                161P     84
102,4,151,155,157,161,0,0;                                           163P     85
142,0,149,0,163,2,0,0;                                               165P     86
144,149,1,0,165,0,0;                                                 167P     87
110,0.0,-13.0,13.0,1.0,-13.0,13.0,0,0;                               169P     88
110,0.0,-19.5,13.0,5.0,-19.5,13.0,0,0;                               171P     89
120,169,171,0.0,6.283185307,0,0;                                     173P     90
110,0.0,-6.5,13.0,5.0,-6.5,13.0,0,0;                                 175P     91
124,0.0,0.0,-1.0,5.0,1.0,0.0,0.0,-13.0,0.0,-1.0,0.0,13.0,0,0;        177P     92
100,0.0,0.0,0.0,6.5,0.0,-6.5,0.0,0,0;                                179P     93
110,5.0,-19.5,13.0,0.0,-19.5,13.0,0,0;                               181P     94
124,0.0,0.0,1.0,0.0,-1.0,0.0,0.0,-13.0,0.0,-1.0,0.0,13.0,0,0;        183P     95
100,0.0,0.0,0.0,6.5,0.0,-6.5,0.0,0,0;                                185P     96
102,4,175,179,181,185,0,0;                                           187P     97
142,0,173,0,187,2,0,0;                                               189P     98
144,173,1,0,189,0,0;                                                 191P     99
110,0.0,-13.0,13.0,1.0,-13.0,13.0,0,0;                               193P    100
110,0.0,-6.5,13.0,5.0,-6.5,13.0,0,0;                                 195P    101
120,193,195,0.0,6.283185307,0,0;                                     197P    102
110,0.0,-19.5,13.0,5.0,-19.5,13.0,0,0;                               199P    103
124,0.0,0.0,-1.0,5.0,-1.0,0.0,0.0,-13.0,0.0,1.0,0.0,13.0,0,0;        201P    104
100,0.0,0.0,0.0,6.5,0.0,-6.5,0.0,0,0;                                203P    105
110,5.0,-6.5,13.0,0.0,-6.5,13.0,0,0;                                 205P    106
124,0.0,0.0,1.0,0.0,1.0,0.0,0.0,-13.0,0.0,1.0,0.0,13.0,0,0;          207P    107
100,0.0,0.0,0.0,6.5,0.0,-6.5,0.0,0,0;                                209P    108
102,4,199,203,205,209,0,0;                                           211P    109
142,0,197,0,211,2,0,0;                                               213P    110
144,197,1,0,213,0,0;                                                 215P    111
110,0.0,13.0,-13.0,1.0,13.0,-13.0,0,0;                               217P    112
110,0.0,6.5,-13.0,5.0,6.5,-13.0,0,0;                                 219P    113
120,217,219,0.0,6.283185307,0,0;                                     221P    114
110,0.0,19.5,-13.0,5.0,19.5,-13.0,0,0;                               223P    115
124,0.0,0.0,-1.0,5.0,1.0,0.0,0.0,13.0,0.0,-1.0,0.0,-13.0,0,0;        225P    116
100,0.0,0.0,0.0,6.5,0.0,-6.5,0.0,0,0;                                227P    117
110,5.0,6.5,-13.0,0.0,6.5,-13.0,0,0;                                 229P    118
124,0.0,0.0,1.0,0.0,-1.0,0.0,0.0,13.0,0.0,-1.0,0.0,-13.0,0,0;        231P    119
100,0.0,0.0,0.0,6.5,0.0,-6.5,0.0,0,0;                                233P    120
102,4,223,227,229,233,0,0;                                           235P    121
142,0,221,0,235,2,0,0;                                               237P    122
144,221,1,0,237,0,0;                                                 239P    123
110,0.0,13.0,-13.0,1.0,13.0,-13.0,0,0;                               241P    124
110,0.0,19.5,-13.0,5.0,19.5,-13.0,0,0;                               243P    125
120,241,243,0.0,6.283185307,0,0;                                     245P    126
110,0.0,6.5,-13.0,5.0,6.5,-13.0,0,0;                                 247P    127
124,0.0,0.0,-1.0,5.0,-1.0,0.0,0.0,13.0,0.0,1.0,0.0,-13.0,0,0;        249P    128
100,0.0,0.0,0.0,6.5,0.0,-6.5,0.0,0,0;                                251P    129
110,5.0,19.5,-13.0,0.0,19.5,-13.0,0,0;                               253P    130
124,0.0,0.0,1.0,0.0,1.0,0.0,0.0,13.0,0.0,1.0,0.0,-13.0,0,0;          255P    131
100,0.0,0.0,0.0,6.5,0.0,-6.5,0.0,0,0;                                257P    132
102,4,247,251,253,257,0,0;                                           259P    133
142,0,245,0,259,2,0,0;                                               261P    134
144,245,1,0,261,0,0;                                                 263P    135
110,0.0,-13.0,-13.0,1.0,-13.0,-13.0,0,0;                             265P    136
110,0.0,-19.5,-13.0,5.0,-19.5,-13.0,0,0;                             267P    137
120,265,267,0.0,6.283185307,0,0;                                     269P    138
110,0.0,-6.5,-13.0,5.0,-6.5,-13.0,0,0;                               271P    139
124,0.0,0.0,-1.0,5.0,1.0,0.0,0.0,-13.0,0.0,-1.0,0.0,-13.0,0,0;       273P    140
100,0.0,0.0,0.0,6.5,0.0,-6.5,0.0,0,0;                                275P    141
110,5.0,-19.5,-13.0,0.0,-19.5,-13.0,0,0;                             277P    142
124,0.0,0.0,1.0,0.0,-1.0,0.0,0.0,-13.0,0.0,-1.0,0.0,-13.0,0,0;       279P    143
100,0.0,0.0,0.0,6.5,0.0,-6.5,0.0,0,0;                                281P    144
102,4,271,275,277,281,0,0;                                           283P    145
142,0,269,0,283,2,0,0;                                               285P    146
144,269,1,0,285,0,0;                                                 287P    147
110,0.0,-13.0,-13.0,1.0,-13.0,-13.0,0,0;                             289P    148
110,0.0,-6.5,-13.0,5.0,-6.5,-13.0,0,0;                               291P    149
120,289,291,0.0,6.283185307,0,0;                                     293P    150
110,0.0,-19.5,-13.0,5.0,-19.5,-13.0,0,0;                             295P    151
124,0.0,0.0,-1.0,5.0,-1.0,0.0,0.0,-13.0,0.0,1.0,0.0,-13.0,0,0;       297P    152
100,0.0,0.0,0.0,6.5,0.0,-6.5,0.0,0,0;                                299P    153
110,5.0,-6.5,-13.0,0.0,-6.5,-13.0,0,0;                               301P    154
124,0.0,0.0,1.0,0.0,1.0,0.0,0.0,-13.0,0.0,1.0,0.0,-13.0,0,0;         303P    155
100,0.0,0.0,0.0,6.5,0.0,-6.5,0.0,0,0;                                305P    156
102,4,295,299,301,305,0,0;                                           307P    157
142,0,293,0,307,2,0,0;                                               309P    158
144,293,1,0,309,0,0;                                                 311P    159
108,1.0,0.0,0.0,5.0,0,5.0,16.4,13.0,1.0,0,0;                         313P    160
124,0.0,0.0,1.0,5.0,-1.0,0.0,0.0,13.0,0.0,-1.0,0.0,13.0,0,0;         315P    161
100,0.0,0.0,0.0,6.5,0.0,-6.5,0.0,0,0;                                317P    162
124,0.0,0.0,1.0,5.0,1.0,0.0,0.0,13.0,0.0,1.0,0.0,13.0,0,0;           319P    163
100,0.0,0.0,0.0,6.5,0.0,-6.5,0.0,0,0;                                321P    164
102,2,317,321,0,0;                                                   323P    165
142,0,313,0,323,2,0,0;                                               325P    166
124,0.0,0.0,-1.0,5.0,-1.0,0.0,0.0,13.0,0.0,1.0,0.0,13.0,0,0;         327P    167
100,0.0,0.0,0.0,3.4,0.0,-3.4,0.0,0,0;                                329P    168
124,0.0,0.0,-1.0,5.0,1.0,0.0,0.0,13.0,0.0,-1.0,0.0,13.0,0,0;         331P    169
100,0.0,0.0,0.0,3.4,0.0,-3.4,0.0,0,0;                                333P    170
102,2,329,333,0,0;                                                   335P    171
142,0,313,0,335,2,0,0;                                               337P    172
144,313,1,1,325,337,0,0;                                             339P    173
124,0.0,0.0,1.0,5.0,-1.0,0.0,0.0,-13.0,0.0,-1.0,0.0,13.0,0,0;        341P    174
100,0.0,0.0,0.0,6.5,0.0,-6.5,0.0,0,0;                                343P    175
124,0.0,0.0,1.0,5.0,1.0,0.0,0.0,-13.0,0.0,1.0,0.0,13.0,0,0;          345P    176
100,0.0,0.0,0.0,6.5,0.0,-6.5,0.0,0,0;                                347P    177
102,2,343,347,0,0;                                                   349P    178
142,0,313,0,349,2,0,0;                                               351P    179
124,0.0,0.0,-1.0,5.0,-1.0,0.0,0.0,-13.0,0.0,1.0,0.0,13.0,0,0;        353P    180
100,0.0,0.0,0.0,3.4,0.0,-3.4,0.0,0,0;                                355P    181
124,0.0,0.0,-1.0,5.0,1.0,0.0,0.0,-13.0,0.0,-1.0,0.0,13.0,0,0;        357P    182
100,0.0,0.0,0.0,3.4,0.0,-3.4,0.0,0,0;                                359P    183
102,2,355,359,0,0;                                                   361P    184
142,0,313,0,361,2,0,0;                                               363P    185
144,313,1,1,351,363,0,0;                                             365P    186
124,0.0,0.0,1.0,5.0,-1.0,0.0,0.0,13.0,0.0,-1.0,0.0,-13.0,0,0;        367P    187
100,0.0,0.0,0.0,6.5,0.0,-6.5,0.0,0,0;                                369P    188
124,0.0,0.0,1.0,5.0,1.0,0.0,0.0,13.0,0.0,1.0,0.0,-13.0,0,0;          371P    189
100,0.0,0.0,0.0,6.5,0.0,-6.5,0.0,0,0;                                373P    190
102,2,369,373,0,0;                                                   375P    191
142,0,313,0,375,2,0,0;                                               377P    192
124,0.0,0.0,-1.0,5.0,-1.0,0.0,0.0,13.0,0.0,1.0,0.0,-13.0,0,0;        379P    193
100,0.0,0.0,0.0,3.4,0.0,-3.4,0.0,0,0;                                381P    194
124,0.0,0.0,-1.0,5.0,1.0,0.0,0.0,13.0,0.0,-1.0,0.0,-13.0,0,0;        383P    195
100,0.0,0.0,0.0,3.4,0.0,-3.4,0.0,0,0;                                385P    196
102,2,381,385,0,0;                                                   387P    197
142,0,313,0,387,2,0,0;                                               389P    198
144,313,1,1,377,389,0,0;                                             391P    199
124,0.0,0.0,1.0,5.0,-1.0,0.0,0.0,-13.0,0.0,-1.0,0.0,-13.0,0,0;       393P    200
100,0.0,0.0,0.0,6.5,0.0,-6.5,0.0,0,0;                                395P    201
124,0.0,0.0,1.0,5.0,1.0,0.0,0.0,-13.0,0.0,1.0,0.0,-13.0,0,0;         397P    202
100,0.0,0.0,0.0,6.5,0.0,-6.5,0.0,0,0;                                399P    203
102,2,395,399,0,0;                                                   401P    204
142,0,313,0,401,2,0,0;                                               403P    205
124,0.0,0.0,-1.0,5.0,-1.0,0.0,0.0,-13.0,0.0,1.0,0.0,-13.0,0,0;       405P    206
100,0.0,0.0,0.0,3.4,0.0,-3.4,0.0,0,0;                                407P    207
124,0.0,0.0,-1.0,5.0,1.0,0.0,0.0,-13.0,0.0,-1.0,0.0,-13.0,0,0;       409P    208
100,0.0,0.0,0.0,3.4,0.0,-3.4,0.0,0,0;                                411P    209
102,2,407,411,0,0;                                                   413P    210
142,0,313,0,413,2,0,0;                                               415P    211
144,313,1,1,403,415,0,0;                                             417P    212
110,0.0,13.0,13.0,1.0,13.0,13.0,0,0;                                 419P    213
110,5.0,16.4,13.0,15.0,16.4,13.0,0,0;                                421P    214
120,419,421,0.0,6.283185307,0,0;                                     423P    215
110,15.0,16.4,13.0,5.0,16.4,13.0,0,0;                                425P    216
124,0.0,0.0,1.0,5.0,1.0,0.0,0.0,13.0,0.0,1.0,0.0,13.0,0,0;           427P    217
100,0.0,0.0,0.0,3.4,0.0,-3.4,0.0,0,0;                                429P    218
110,5.0,9.6,13.0,15.0,9.6,13.0,0,0;                                  431P    219
124,0.0,0.0,-1.0,15.0,-1.0,0.0,0.0,13.0,0.0,1.0,0.0,13.0,0,0;        433P    220
100,0.0,0.0,0.0,3.4,0.0,-3.4,0.0,0,0;                                435P    221
102,4,425,429,431,435,0,0;                                           437P    222
142,0,423,0,437,2,0,0;                                               439P    223
144,423,1,0,439,0,0;                                                 441P    224
110,0.0,13.0,13.0,1.0,13.0,13.0,0,0;                                 443P    225
110,5.0,9.6,13.0,15.0,9.6,13.0,0,0;                                  445P    226
120,443,445,0.0,6.283185307,0,0;                                     447P    227
110,15.0,9.6,13.0,5.0,9.6,13.0,0,0;                                  449P    228
124,0.0,0.0,1.0,5.0,-1.0,0.0,0.0,13.0,0.0,-1.0,0.0,13.0,0,0;         451P    229
100,0.0,0.0,0.0,3.4,0.0,-3.4,0.0,0,0;                                453P    230
110,5.0,16.4,13.0,15.0,16.4,13.0,0,0;                                455P    231
124,0.0,0.0,-1.0,15.0,1.0,0.0,0.0,13.0,0.0,-1.0,0.0,13.0,0,0;        457P    232
100,0.0,0.0,0.0,3.4,0.0,-3.4,0.0,0,0;                                459P    233
102,4,449,453,455,459,0,0;                                           461P    234
142,0,447,0,461,2,0,0;                                               463P    235
144,447,1,0,463,0,0;                                                 465P    236
110,0.0,-13.0,13.0,1.0,-13.0,13.0,0,0;                               467P    237
110,5.0,-9.6,13.0,15.0,-9.6,13.0,0,0;                                469P    238
120,467,469,0.0,6.283185307,0,0;                                     471P    239
110,15.0,-9.6,13.0,5.0,-9.6,13.0,0,0;                                473P    240
124,0.0,0.0,1.0,5.0,1.0,0.0,0.0,-13.0,0.0,1.0,0.0,13.0,0,0;          475P    241
100,0.0,0.0,0.0,3.4,0.0,-3.4,0.0,0,0;                                477P    242
110,5.0,-16.4,13.0,15.0,-16.4,13.0,0,0;                              479P    243
124,0.0,0.0,-1.0,15.0,-1.0,0.0,0.0,-13.0,0.0,1.0,0.0,13.0,0,0;       481P    244
100,0.0,0.0,0.0,3.4,0.0,-3.4,0.0,0,0;                                483P    245
102,4,473,477,479,483,0,0;                                           485P    246
142,0,471,0,485,2,0,0;                                               487P    247
144,471,1,0,487,0,0;                                                 489P    248
110,0.0,-13.0,13.0,1.0,-13.0,13.0,0,0;                               491P    249
110,5.0,-16.4,13.0,15.0,-16.4,13.0,0,0;                              493P    250
120,491,493,0.0,6.283185307,0,0;                                     495P    251
110,15.0,-16.4,13.0,5.0,-16.4,13.0,0,0;                              497P    252
124,0.0,0.0,1.0,5.0,-1.0,0.0,0.0,-13.0,0.0,-1.0,0.0,13.0,0,0;        499P    253
100,0.0,0.0,0.0,3.4,0.0,-3.4,0.0,0,0;                                501P    254
110,5.0,-9.6,13.0,15.0,-9.6,13.0,0,0;                                503P    255
124,0.0,0.0,-1.0,15.0,1.0,0.0,0.0,-13.0,0.0,-1.0,0.0,13.0,0,0;       505P    256
100,0.0,0.0,0.0,3.4,0.0,-3.4,0.0,0,0;                                507P    257
102,4,497,501,503,507,0,0;                                           509P    258
142,0,495,0,509,2,0,0;                                               511P    259
144,495,1,0,511,0,0;                                                 513P    260
110,0.0,13.0,-13.0,1.0,13.0,-13.0,0,0;                               515P    261
110,5.0,16.4,-13.0,15.0,16.4,-13.0,0,0;                              517P    262
120,515,517,0.0,6.283185307,0,0;                                     519P    263
110,15.0,16.4,-13.0,5.0,16.4,-13.0,0,0;                              521P    264
124,0.0,0.0,1.0,5.0,1.0,0.0,0.0,13.0,0.0,1.0,0.0,-13.0,0,0;          523P    265
100,0.0,0.0,0.0,3.4,0.0,-3.4,0.0,0,0;                                525P    266
110,5.0,9.6,-13.0,15.0,9.6,-13.0,0,0;                                527P    267
124,0.0,0.0,-1.0,15.0,-1.0,0.0,0.0,13.0,0.0,1.0,0.0,-13.0,0,0;       529P    268
100,0.0,0.0,0.0,3.4,0.0,-3.4,0.0,0,0;                                531P    269
102,4,521,525,527,531,0,0;                                           533P    270
142,0,519,0,533,2,0,0;                                               535P    271
144,519,1,0,535,0,0;                                                 537P    272
110,0.0,13.0,-13.0,1.0,13.0,-13.0,0,0;                               539P    273
110,5.0,9.6,-13.0,15.0,9.6,-13.0,0,0;                                541P    274
120,539,541,0.0,6.283185307,0,0;                                     543P    275
110,15.0,9.6,-13.0,5.0,9.6,-13.0,0,0;                                545P    276
124,0.0,0.0,1.0,5.0,-1.0,0.0,0.0,13.0,0.0,-1.0,0.0,-13.0,0,0;        547P    277
100,0.0,0.0,0.0,3.4,0.0,-3.4,0.0,0,0;                                549P    278
110,5.0,16.4,-13.0,15.0,16.4,-13.0,0,0;                              551P    279
124,0.0,0.0,-1.0,15.0,1.0,0.0,0.0,13.0,0.0,-1.0,0.0,-13.0,0,0;       553P    280
100,0.0,0.0,0.0,3.4,0.0,-3.4,0.0,0,0;                                555P    281
102,4,545,549,551,555,0,0;                                           557P    282
142,0,543,0,557,2,0,0;                                               559P    283
144,543,1,0,559,0,0;                                                 561P    284
110,0.0,-13.0,-13.0,1.0,-13.0,-13.0,0,0;                             563P    285
110,5.0,-9.6,-13.0,15.0,-9.6,-13.0,0,0;                              565P    286
120,563,565,0.0,6.283185307,0,0;                                     567P    287
110,15.0,-9.6,-13.0,5.0,-9.6,-13.0,0,0;                              569P    288
124,0.0,0.0,1.0,5.0,1.0,0.0,0.0,-13.0,0.0,1.0,0.0,-13.0,0,0;         571P    289
100,0.0,0.0,0.0,3.4,0.0,-3.4,0.0,0,0;                                573P    290
110,5.0,-16.4,-13.0,15.0,-16.4,-13.0,0,0;                            575P    291
124,0.0,0.0,-1.0,15.0,-1.0,0.0,0.0,-13.0,0.0,1.0,0.0,-13.0,0,0;      577P    292
100,0.0,0.0,0.0,3.4,0.0,-3.4,0.0,0,0;                                579P    293
102,4,569,573,575,579,0,0;                                           581P    294
142,0,567,0,581,2,0,0;                                               583P    295
144,567,1,0,583,0,0;                                                 585P    296
110,0.0,-13.0,-13.0,1.0,-13.0,-13.0,0,0;                             587P    297
110,5.0,-16.4,-13.0,15.0,-16.4,-13.0,0,0;                            589P    298
120,587,589,0.0,6.283185307,0,0;                                     591P    299
110,15.0,-16.4,-13.0,5.0,-16.4,-13.0,0,0;                            593P    300
124,0.0,0.0,1.0,5.0,-1.0,0.0,0.0,-13.0,0.0,-1.0,0.0,-13.0,0,0;       595P    301
100,0.0,0.0,0.0,3.4,0.0,-3.4,0.0,0,0;                                597P    302
110,5.0,-9.6,-13.0,15.0,-9.6,-13.0,0,0;                              599P    303
124,0.0,0.0,-1.0,15.0,1.0,0.0,0.0,-13.0,0.0,-1.0,0.0,-13.0,0,0;      601P    304
100,0.0,0.0,0.0,3.4,0.0,-3.4,0.0,0,0;                                603P    305
102,4,593,597,599,603,0,0;                                           605P    306
142,0,591,0,605,2,0,0;                                               607P    307
144,591,1,0,607,0,0;                                                 609P    308
110,30.0,-13.0,-13.0,29.0,-13.0,-13.0,0,0;                           611P    309
110,20.25,-7.4,-13.0,15.0,-7.4,-13.0,0,0;                            613P    310
120,611,613,0.0,6.283185307,0,0;                                     615P    311
110,20.24999889,-18.6,-13.0,15.0,-18.6,-13.0,0,0;                    617P    312
124,0.0,0.0,1.0,15.0,-1.0,0.0,0.0,-13.0,0.0,-1.0,0.0,-13.0,0,0;      619P    313
100,0.0,0.0,0.0,5.6,0.0,-5.6,0.0,0,0;                                621P    314
110,15.0,-7.4,-13.0,20.25,-7.4,-13.0,0,0;                            623P    315
126,17,5,0,0,1,0,0.0,0.0,0.0,0.0,0.0,0.0,5.398589306,                625P    316
5.398589306,5.398589306,9.018272984,9.018272984,9.018272984,         625P    317
14.91616462,14.91616462,14.91616462,20.70807035,20.70807035,         625P    318
20.70807035,28.07332384,28.07332384,28.07332384,28.07332384,         625P    319
28.07332384,28.07332384,1.0,1.0,1.0,1.0,1.0,1.0,1.0,1.0,1.0,1.0,     625P    320
1.0,1.0,1.0,1.0,1.0,1.0,1.0,1.0,20.25,-7.4,-13.0,19.79191451,        625P    321
-7.4,-13.61078066,19.33382922,-7.483270761,-14.22156147,             625P    322
18.88269039,-7.649832073,-14.82308,18.15377319,-8.070834488,         625P    323
-15.79496874,17.49745026,-8.735637169,-16.67006655,17.24900413,      625P    324
-9.042418838,-17.0013281,16.64810131,-9.953893585,-17.80253115,      625P    325
16.22319663,-11.12388312,-18.36907187,16.05200595,-11.94087395,      625P    326
-18.59732518,15.96242516,-13.63076952,-18.71676667,16.32137368,      625P    327
-15.2166339,-18.23816821,16.59860375,-15.91965274,-17.86852768,      625P    328
17.37472174,-17.2882887,-16.83370518,18.39294076,-18.13586932,       625P    329
-15.47607792,18.99991491,-18.44493333,-14.66678192,19.62488692,      625P    330
-18.6,-13.83348585,20.24999889,-18.6,-13.0,0.0,28.07332384,0.0,      625P    331
0.0,0.0,0,0;                                                         625P    332
102,4,617,621,623,625,0,0;                                           627P    333
142,0,615,0,627,2,0,0;                                               629P    334
144,615,1,0,629,0,0;                                                 631P    335
110,30.0,-13.0,-13.0,29.0,-13.0,-13.0,0,0;                           633P    336
110,24.49264915,-18.6,-13.0,15.0,-18.6,-13.0,0,0;                    635P    337
120,633,635,0.0,6.283185307,0,0;                                     637P    338
110,20.25,-7.4,-13.0,15.0,-7.4,-13.0,0,0;                            639P    339
124,0.0,0.0,1.0,15.0,1.0,0.0,0.0,-13.0,0.0,1.0,0.0,-13.0,0,0;        641P    340
100,0.0,0.0,0.0,5.6,0.0,-5.6,0.0,0,0;                                643P    341
110,15.0,-18.6,-13.0,20.24999889,-18.6,-13.0,0,0;                    645P    342
126,17,5,0,0,1,0,28.07332384,28.07332384,28.07332384,                647P    343
28.07332384,28.07332384,28.07332384,35.91502607,35.91502607,         647P    344
35.91502607,42.05251357,42.05251357,42.05251357,47.20565951,         647P    345
47.20565951,47.20565951,50.41257998,50.41257998,50.41257998,         647P    346
56.14697766,56.14697766,56.14697766,56.14697766,56.14697766,         647P    347
56.14697766,1.0,1.0,1.0,1.0,1.0,1.0,1.0,1.0,1.0,1.0,1.0,1.0,1.0,     647P    348
1.0,1.0,1.0,1.0,1.0,20.24999889,-18.6,-13.0,20.91554853,-18.6,       647P    349
-12.11259702,21.58125682,-18.42422231,-11.22497891,22.2242926,       647P    350
-18.07467779,-10.36760863,23.29227662,-17.11191678,-8.943632139,     647P    351
24.05850427,-15.5653193,-7.921993551,24.31429298,-14.77474917,       647P    352
-7.580942672,24.55501419,-13.18159826,-7.259981098,24.36894712,      647P    353
-11.58197263,-7.508070489,24.19439832,-10.89303869,-7.740802782,     647P    354
23.80292538,-9.889901179,-8.262765815,23.2775891,-9.087131533,       647P    355
-8.963214743,23.06021644,-8.810330173,-9.253044927,22.41957146,      647P    356
-8.125895048,-10.10723772,21.70146956,-7.681876398,-11.06470785,     647P    357
21.22315933,-7.493952334,-11.70245375,20.73657978,-7.4,              647P    358
-12.35122696,20.25,-7.4,-13.0,28.07332384,56.14697766,0.0,0.0,       647P    359
0.0,0,0;                                                             647P    360
102,4,639,643,645,647,0,0;                                           649P    361
142,0,637,0,649,2,0,0;                                               651P    362
144,637,1,0,651,0,0;                                                 653P    363
110,30.0,13.0,-13.0,29.0,13.0,-13.0,0,0;                             655P    364
110,20.25,18.6,-13.0,15.0,18.6,-13.0,0,0;                            657P    365
120,655,657,0.0,6.283185307,0,0;                                     659P    366
110,20.24999889,7.4,-13.0,15.0,7.4,-13.0,0,0;                        661P    367
124,0.0,0.0,1.0,15.0,-1.0,0.0,0.0,13.0,0.0,-1.0,0.0,-13.0,0,0;       663P    368
100,0.0,0.0,0.0,5.6,0.0,-5.6,0.0,0,0;                                665P    369
110,15.0,18.6,-13.0,20.25,18.6,-13.0,0,0;                            667P    370
126,17,5,0,0,1,0,0.0,0.0,0.0,0.0,0.0,0.0,5.398589306,                669P    371
5.398589306,5.398589306,9.018272984,9.018272984,9.018272984,         669P    372
14.91616462,14.91616462,14.91616462,20.70807035,20.70807035,         669P    373
20.70807035,28.07332384,28.07332384,28.07332384,28.07332384,         669P    374
28.07332384,28.07332384,1.0,1.0,1.0,1.0,1.0,1.0,1.0,1.0,1.0,1.0,     669P    375
1.0,1.0,1.0,1.0,1.0,1.0,1.0,1.0,20.25,18.6,-13.0,19.79191451,        669P    376
18.6,-13.61078066,19.33382922,18.51672924,-14.22156147,              669P    377
18.88269039,18.35016793,-14.82308,18.15377319,17.92916551,           669P    378
-15.79496874,17.49745026,17.26436283,-16.67006655,17.24900413,       669P    379
16.95758116,-17.0013281,16.64810131,16.04610642,-17.80253115,        669P    380
16.22319663,14.87611688,-18.36907187,16.05200595,14.05912605,        669P    381
-18.59732518,15.96242516,12.36923048,-18.71676667,16.32137368,       669P    382
10.7833661,-18.23816821,16.59860375,10.08034726,-17.86852768,        669P    383
17.37472174,8.711711304,-16.83370518,18.39294076,7.864130683,        669P    384
-15.47607792,18.99991491,7.555066667,-14.66678192,19.62488692,       669P    385
7.4,-13.83348585,20.24999889,7.4,-13.0,0.0,28.07332384,0.0,0.0,      669P    386
0.0,0,0;                                                             669P    387
102,4,661,665,667,669,0,0;                                           671P    388
142,0,659,0,671,2,0,0;                                               673P    389
144,659,1,0,673,0,0;                                                 675P    390
110,30.0,13.0,-13.0,29.0,13.0,-13.0,0,0;                             677P    391
110,24.49264915,7.4,-13.0,15.0,7.4,-13.0,0,0;                        679P    392
120,677,679,0.0,6.283185307,0,0;                                     681P    393
110,20.25,18.6,-13.0,15.0,18.6,-13.0,0,0;                            683P    394
124,0.0,0.0,1.0,15.0,1.0,0.0,0.0,13.0,0.0,1.0,0.0,-13.0,0,0;         685P    395
100,0.0,0.0,0.0,5.6,0.0,-5.6,0.0,0,0;                                687P    396
110,15.0,7.4,-13.0,20.24999889,7.4,-13.0,0,0;                        689P    397
126,17,5,0,0,1,0,28.07332384,28.07332384,28.07332384,                691P    398
28.07332384,28.07332384,28.07332384,35.91502607,35.91502607,         691P    399
35.91502607,42.05251357,42.05251357,42.05251357,47.20565951,         691P    400
47.20565951,47.20565951,50.41257998,50.41257998,50.41257998,         691P    401
56.14697766,56.14697766,56.14697766,56.14697766,56.14697766,         691P    402
56.14697766,1.0,1.0,1.0,1.0,1.0,1.0,1.0,1.0,1.0,1.0,1.0,1.0,1.0,     691P    403
1.0,1.0,1.0,1.0,1.0,20.24999889,7.4,-13.0,20.91554853,7.4,           691P    404
-12.11259702,21.58125682,7.575777689,-11.22497891,22.2242926,        691P    405
7.925322209,-10.36760863,23.29227662,8.888083219,-8.943632139,       691P    406
24.05850427,10.4346807,-7.921993551,24.31429298,11.22525083,         691P    407
-7.580942672,24.55501419,12.81840174,-7.259981098,24.36894712,       691P    408
14.41802737,-7.508070489,24.19439832,15.10696131,-7.740802782,       691P    409
23.80292538,16.11009882,-8.262765815,23.2775891,16.91286847,         691P    410
-8.963214743,23.06021644,17.18966983,-9.253044927,22.41957146,       691P    411
17.87410495,-10.10723772,21.70146956,18.3181236,-11.06470785,        691P    412
21.22315933,18.50604767,-11.70245375,20.73657978,18.6,               691P    413
-12.35122696,20.25,18.6,-13.0,28.07332384,56.14697766,0.0,0.0,       691P    414
0.0,0,0;                                                             691P    415
102,4,683,687,689,691,0,0;                                           693P    416
142,0,681,0,693,2,0,0;                                               695P    417
144,681,1,0,695,0,0;                                                 697P    418
110,30.0,-13.0,13.0,29.0,-13.0,13.0,0,0;                             699P    419
110,30.0,-18.6,13.0,15.0,-18.6,13.0,0,0;                             701P    420
120,699,701,0.0,6.283185307,0,0;                                     703P    421
110,30.0,-7.4,13.0,15.0,-7.4,13.0,0,0;                               705P    422
124,0.0,0.0,1.0,15.0,1.0,0.0,0.0,-13.0,0.0,1.0,0.0,13.0,0,0;         707P    423
100,0.0,0.0,0.0,5.6,0.0,-5.6,0.0,0,0;                                709P    424
110,15.0,-18.6,13.0,30.0,-18.6,13.0,0,0;                             711P    425
124,0.0,0.0,-1.0,30.0,-1.0,0.0,0.0,-13.0,0.0,1.0,0.0,13.0,0,0;       713P    426
100,0.0,0.0,0.0,5.6,0.0,-5.6,0.0,0,0;                                715P    427
102,4,705,709,711,715,0,0;                                           717P    428
142,0,703,0,717,2,0,0;                                               719P    429
144,703,1,0,719,0,0;                                                 721P    430
110,30.0,-13.0,13.0,29.0,-13.0,13.0,0,0;                             723P    431
110,30.0,-7.4,13.0,15.0,-7.4,13.0,0,0;                               725P    432
120,723,725,0.0,6.283185307,0,0;                                     727P    433
110,30.0,-18.6,13.0,15.0,-18.6,13.0,0,0;                             729P    434
124,0.0,0.0,1.0,15.0,-1.0,0.0,0.0,-13.0,0.0,-1.0,0.0,13.0,0,0;       731P    435
100,0.0,0.0,0.0,5.6,0.0,-5.6,0.0,0,0;                                733P    436
110,15.0,-7.4,13.0,30.0,-7.4,13.0,0,0;                               735P    437
124,0.0,0.0,-1.0,30.0,1.0,0.0,0.0,-13.0,0.0,-1.0,0.0,13.0,0,0;       737P    438
100,0.0,0.0,0.0,5.6,0.0,-5.6,0.0,0,0;                                739P    439
102,4,729,733,735,739,0,0;                                           741P    440
142,0,727,0,741,2,0,0;                                               743P    441
144,727,1,0,743,0,0;                                                 745P    442
110,30.0,13.0,13.0,29.0,13.0,13.0,0,0;                               747P    443
110,30.0,18.6,13.0,15.0,18.6,13.0,0,0;                               749P    444
120,747,749,0.0,6.283185307,0,0;                                     751P    445
110,30.0,7.4,13.0,15.0,7.4,13.0,0,0;                                 753P    446
124,0.0,0.0,1.0,15.0,-1.0,0.0,0.0,13.0,0.0,-1.0,0.0,13.0,0,0;        755P    447
100,0.0,0.0,0.0,5.6,0.0,-5.6,0.0,0,0;                                757P    448
110,15.0,18.6,13.0,30.0,18.6,13.0,0,0;                               759P    449
124,0.0,0.0,-1.0,30.0,1.0,0.0,0.0,13.0,0.0,-1.0,0.0,13.0,0,0;        761P    450
100,0.0,0.0,0.0,5.6,0.0,-5.6,0.0,0,0;                                763P    451
102,4,753,757,759,763,0,0;                                           765P    452
142,0,751,0,765,2,0,0;                                               767P    453
144,751,1,0,767,0,0;                                                 769P    454
110,30.0,13.0,13.0,29.0,13.0,13.0,0,0;                               771P    455
110,30.0,7.4,13.0,15.0,7.4,13.0,0,0;                                 773P    456
120,771,773,0.0,6.283185307,0,0;                                     775P    457
110,30.0,18.6,13.0,15.0,18.6,13.0,0,0;                               777P    458
124,0.0,0.0,1.0,15.0,1.0,0.0,0.0,13.0,0.0,1.0,0.0,13.0,0,0;          779P    459
100,0.0,0.0,0.0,5.6,0.0,-5.6,0.0,0,0;                                781P    460
110,15.0,7.4,13.0,30.0,7.4,13.0,0,0;                                 783P    461
124,0.0,0.0,-1.0,30.0,-1.0,0.0,0.0,13.0,0.0,1.0,0.0,13.0,0,0;        785P    462
100,0.0,0.0,0.0,5.6,0.0,-5.6,0.0,0,0;                                787P    463
102,4,777,781,783,787,0,0;                                           789P    464
142,0,775,0,789,2,0,0;                                               791P    465
144,775,1,0,791,0,0;                                                 793P    466
108,-1.0,0.0,0.0,-15.0,0,15.0,-9.6,13.0,1.0,0,0;                     795P    467
124,0.0,0.0,-1.0,15.0,-1.0,0.0,0.0,-13.0,0.0,1.0,0.0,-13.0,0,0;      797P    468
100,0.0,0.0,0.0,5.6,0.0,-5.6,0.0,0,0;                                799P    469
124,0.0,0.0,-1.0,15.0,1.0,0.0,0.0,-13.0,0.0,-1.0,0.0,-13.0,0,0;      801P    470
100,0.0,0.0,0.0,5.6,0.0,-5.6,0.0,0,0;                                803P    471
102,2,799,803,0,0;                                                   805P    472
142,0,795,0,805,2,0,0;                                               807P    473
124,0.0,0.0,1.0,15.0,-1.0,0.0,0.0,-13.0,0.0,-1.0,0.0,-13.0,0,0;      809P    474
100,0.0,0.0,0.0,3.4,0.0,-3.4,0.0,0,0;                                811P    475
124,0.0,0.0,1.0,15.0,1.0,0.0,0.0,-13.0,0.0,1.0,0.0,-13.0,0,0;        813P    476
100,0.0,0.0,0.0,3.4,0.0,-3.4,0.0,0,0;                                815P    477
102,2,811,815,0,0;                                                   817P    478
142,0,795,0,817,2,0,0;                                               819P    479
144,795,1,1,807,819,0,0;                                             821P    480
124,0.0,0.0,-1.0,15.0,-1.0,0.0,0.0,13.0,0.0,1.0,0.0,-13.0,0,0;       823P    481
100,0.0,0.0,0.0,5.6,0.0,-5.6,0.0,0,0;                                825P    482
124,0.0,0.0,-1.0,15.0,1.0,0.0,0.0,13.0,0.0,-1.0,0.0,-13.0,0,0;       827P    483
100,0.0,0.0,0.0,5.6,0.0,-5.6,0.0,0,0;                                829P    484
102,2,825,829,0,0;                                                   831P    485
142,0,795,0,831,2,0,0;                                               833P    486
124,0.0,0.0,1.0,15.0,-1.0,0.0,0.0,13.0,0.0,-1.0,0.0,-13.0,0,0;       835P    487
100,0.0,0.0,0.0,3.4,0.0,-3.4,0.0,0,0;                                837P    488
124,0.0,0.0,1.0,15.0,1.0,0.0,0.0,13.0,0.0,1.0,0.0,-13.0,0,0;         839P    489
100,0.0,0.0,0.0,3.4,0.0,-3.4,0.0,0,0;                                841P    490
102,2,837,841,0,0;                                                   843P    491
142,0,795,0,843,2,0,0;                                               845P    492
144,795,1,1,833,845,0,0;                                             847P    493
124,0.0,0.0,-1.0,15.0,-1.0,0.0,0.0,-13.0,0.0,1.0,0.0,13.0,0,0;       849P    494
100,0.0,0.0,0.0,5.6,0.0,-5.6,0.0,0,0;                                851P    495
124,0.0,0.0,-1.0,15.0,1.0,0.0,0.0,-13.0,0.0,-1.0,0.0,13.0,0,0;       853P    496
100,0.0,0.0,0.0,5.6,0.0,-5.6,0.0,0,0;                                855P    497
102,2,851,855,0,0;                                                   857P    498
142,0,795,0,857,2,0,0;                                               859P    499
124,0.0,0.0,1.0,15.0,-1.0,0.0,0.0,-13.0,0.0,-1.0,0.0,13.0,0,0;       861P    500
100,0.0,0.0,0.0,3.4,0.0,-3.4,0.0,0,0;                                863P    501
124,0.0,0.0,1.0,15.0,1.0,0.0,0.0,-13.0,0.0,1.0,0.0,13.0,0,0;         865P    502
100,0.0,0.0,0.0,3.4,0.0,-3.4,0.0,0,0;                                867P    503
102,2,863,867,0,0;                                                   869P    504
142,0,795,0,869,2,0,0;                                               871P    505
144,795,1,1,859,871,0,0;                                             873P    506
124,0.0,0.0,-1.0,15.0,-1.0,0.0,0.0,13.0,0.0,1.0,0.0,13.0,0,0;        875P    507
100,0.0,0.0,0.0,5.6,0.0,-5.6,0.0,0,0;                                877P    508
124,0.0,0.0,-1.0,15.0,1.0,0.0,0.0,13.0,0.0,-1.0,0.0,13.0,0,0;        879P    509
100,0.0,0.0,0.0,5.6,0.0,-5.6,0.0,0,0;                                881P    510
102,2,877,881,0,0;                                                   883P    511
142,0,795,0,883,2,0,0;                                               885P    512
124,0.0,0.0,1.0,15.0,-1.0,0.0,0.0,13.0,0.0,-1.0,0.0,13.0,0,0;        887P    513
100,0.0,0.0,0.0,3.4,0.0,-3.4,0.0,0,0;                                889P    514
124,0.0,0.0,1.0,15.0,1.0,0.0,0.0,13.0,0.0,1.0,0.0,13.0,0,0;          891P    515
100,0.0,0.0,0.0,3.4,0.0,-3.4,0.0,0,0;                                893P    516
102,2,889,893,0,0;                                                   895P    517
142,0,795,0,895,2,0,0;                                               897P    518
144,795,1,1,885,897,0,0;                                             899P    519
108,0.8,0.0,-0.6,24.0,0,30.0,0.0,0.0,1.0,0,0;                        901P    520
110,15.0,20.0,-20.0,15.0,-20.0,-20.0,0,0;                            903P    521
126,1,1,0,0,1,0,0.0,0.0,25.49509757,25.49509757,1.0,1.0,15.0,        905P    522
-20.0,-20.0,30.0,-25.0,0.0,0.0,25.49509757,0.0,0.0,0.0,0,0;          905P    523
110,30.0,-25.0,0.0,30.0,25.0,0.0,0,0;                                907P    524
126,1,1,0,0,1,0,-12.74754878,-12.74754878,12.74754878,               909P    525
12.74754878,1.0,1.0,30.0,25.0,0.0,15.0,20.0,-20.0,-12.74754878,      909P    526
12.74754878,0.0,0.0,0.0,0,0;                                         909P    527
102,4,903,905,907,909,0,0;                                           911P    528
142,0,901,0,911,2,0,0;                                               913P    529
126,17,5,0,0,1,0,0.0,0.0,0.0,0.0,0.0,0.0,5.734397681,                915P    530
5.734397681,5.734397681,8.94131815,8.94131815,8.94131815,            915P    531
14.09446409,14.09446409,14.09446409,20.23195159,20.23195159,         915P    532
20.23195159,28.07365382,28.07365382,28.07365382,28.07365382,         915P    533
28.07365382,28.07365382,1.0,1.0,1.0,1.0,1.0,1.0,1.0,1.0,1.0,1.0,     915P    534
1.0,1.0,1.0,1.0,1.0,1.0,1.0,1.0,20.25,-7.4,-13.0,20.73657978,        915P    535
-7.4,-12.35122696,21.22315933,-7.493952334,-11.70245423,             915P    536
21.70146956,-7.681876538,-11.06470726,22.41957146,-8.12589497,       915P    537
-10.10723805,23.06021644,-8.810330217,-9.253044743,23.2775891,       915P    538
-9.087131656,-8.963214532,23.80292538,-9.889900982,-8.262766154,     915P    539
24.19439832,-10.89303901,-7.740802238,24.36894712,-11.58197338,      915P    540
-7.508070501,24.55501419,-13.18159737,-7.259981084,24.31429298,      915P    541
-14.77475023,-7.580942689,24.05850427,-15.56531962,-7.921994306,     915P    542
23.29227662,-17.11191637,-8.943631175,22.2242926,-18.07467832,       915P    543
-10.36760986,21.58125682,-18.42421591,-11.2249909,20.91554853,       915P    544
-18.59999257,-12.11260196,20.24999889,-18.59999645,-13.00000149,     915P    545
0.0,28.07365382,0.0,0.0,0.0,0,0;                                     915P    546
126,17,5,0,0,1,0,0.0,0.0,0.0,0.0,0.0,0.0,7.365253491,                917P    547
7.365253491,7.365253491,13.15715923,13.15715923,13.15715923,         917P    548
19.05505086,19.05505086,19.05505086,22.67473454,22.67473454,         917P    549
22.67473454,28.07332384,28.07332384,28.07332384,28.07332384,         917P    550
28.07332384,28.07332384,1.0,1.0,1.0,1.0,1.0,1.0,1.0,1.0,1.0,1.0,     917P    551
1.0,1.0,1.0,1.0,1.0,1.0,1.0,1.0,20.24999889,-18.59999645,            917P    552
-13.00000149,19.62488692,-18.6000001,-13.8334841,18.99991491,        917P    553
-18.44494142,-14.66678012,18.39294076,-18.13586892,-15.47607899,     917P    554
17.37472174,-17.28828901,-16.83370434,16.59860375,-15.91965249,      917P    555
-17.86852834,16.32137368,-15.21663298,-18.23816842,15.96242516,      917P    556
-13.63077046,-18.71676645,16.05200595,-11.940873,-18.59732541,       917P    557
16.22319663,-11.12388269,-18.36907116,16.64810131,-9.953893845,      917P    558
-17.80253159,17.24900413,-9.042418678,-17.00132783,17.49745026,      917P    559
-8.735637119,-16.67006632,18.15377319,-8.070834562,-15.79496908,     917P    560
18.88269039,-7.649831963,-14.82307949,19.33382922,-7.483270761,      917P    561
-14.22156105,19.79191451,-7.4,-13.61078066,20.25,-7.4,-13.0,0.0,     917P    562
28.07332384,0.0,0.0,0.0,0,0;                                         917P    563
102,2,915,917,0,0;                                                   919P    564
142,0,901,0,919,2,0,0;                                               921P    565
126,17,5,0,0,1,0,0.0,0.0,0.0,0.0,0.0,0.0,5.734397681,                923P    566
5.734397681,5.734397681,8.941318151,8.941318151,8.941318151,         923P    567
14.09446409,14.09446409,14.09446409,20.23195159,20.23195159,         923P    568
20.23195159,28.07365382,28.07365382,28.07365382,28.07365382,         923P    569
28.07365382,28.07365382,1.0,1.0,1.0,1.0,1.0,1.0,1.0,1.0,1.0,1.0,     923P    570
1.0,1.0,1.0,1.0,1.0,1.0,1.0,1.0,20.25,18.6,-13.0,20.73657978,        923P    571
18.6,-12.35122696,21.22315933,18.50604767,-11.70245423,              923P    572
21.70146956,18.31812346,-11.06470726,22.41957146,17.87410503,        923P    573
-10.10723805,23.06021644,17.18966978,-9.253044743,23.2775891,        923P    574
16.91286834,-8.963214532,23.80292538,16.11009902,-8.262766154,       923P    575
24.19439832,15.10696099,-7.740802238,24.36894712,14.41802662,        923P    576
-7.508070501,24.55501419,12.81840263,-7.259981084,24.31429298,       923P    577
11.22524977,-7.580942689,24.05850427,10.43468038,-7.921994306,       923P    578
23.29227662,8.888083632,-8.943631175,22.2242926,7.925321683,         923P    579
-10.36760986,21.58125682,7.575784089,-11.2249909,20.91554853,        923P    580
7.400007432,-12.11260196,20.24999889,7.400003547,-13.00000149,       923P    581
0.0,28.07365382,0.0,0.0,0.0,0,0;                                     923P    582
126,17,5,0,0,1,0,0.0,0.0,0.0,0.0,0.0,0.0,7.365253491,                925P    583
7.365253491,7.365253491,13.15715923,13.15715923,13.15715923,         925P    584
19.05505086,19.05505086,19.05505086,22.67473454,22.67473454,         925P    585
22.67473454,28.07332384,28.07332384,28.07332384,28.07332384,         925P    586
28.07332384,28.07332384,1.0,1.0,1.0,1.0,1.0,1.0,1.0,1.0,1.0,1.0,     925P    587
1.0,1.0,1.0,1.0,1.0,1.0,1.0,1.0,20.24999889,7.400003547,             925P    588
-13.00000149,19.62488692,7.399999899,-13.8334841,18.99991491,        925P    589
7.555058581,-14.66678012,18.39294076,7.864131082,-15.47607899,       925P    590
17.37472174,8.711710991,-16.83370434,16.59860375,10.08034751,        925P    591
-17.86852834,16.32137368,10.78336702,-18.23816842,15.96242516,       925P    592
12.36922954,-18.71676645,16.05200595,14.05912701,-18.59732541,       925P    593
16.22319663,14.87611731,-18.36907116,16.64810131,16.04610615,        925P    594
-17.80253159,17.24900413,16.95758132,-17.00132783,17.49745026,       925P    595
17.26436288,-16.67006632,18.15377319,17.92916544,-15.79496908,       925P    596
18.88269039,18.35016804,-14.82307949,19.33382922,18.51672924,        925P    597
-14.22156105,19.79191451,18.6,-13.61078066,20.25,18.6,-13.0,0.0,     925P    598
28.07332384,0.0,0.0,0.0,0,0;                                         925P    599
102,2,923,925,0,0;                                                   927P    600
142,0,901,0,927,2,0,0;                                               929P    601
144,901,1,2,913,921,929,0,0;                                         931P    602
108,0.0,-0.9701425001,0.242535625,-24.2535625,0,15.0,25.0,0.0,       933P    603
1.0,0,0;                                                             933P    604
110,30.0,25.0,0.0,0.0,25.0,0.0,0,0;                                  935P    605
110,0.0,25.0,0.0,0.0,20.0,-20.0,0,0;                                 937P    606
110,0.0,20.0,-20.0,15.0,20.0,-20.0,0,0;                              939P    607
126,1,1,0,0,1,0,0.0,0.0,25.49509757,25.49509757,1.0,1.0,15.0,        941P    608
20.0,-20.0,30.0,25.0,0.0,0.0,25.49509757,0.0,0.0,0.0,0,0;            941P    609
102,4,935,937,939,941,0,0;                                           943P    610
142,0,933,0,943,2,0,0;                                               945P    611
144,933,1,0,945,0,0;                                                 947P    612
108,0.0,0.0,1.0,-20.0,0,0.0,25.0,-20.0,1.0,0,0;                      949P    613
110,15.0,20.0,-20.0,0.0,20.0,-20.0,0,0;                              951P    614
110,0.0,20.0,-20.0,0.0,-20.0,-20.0,0,0;                              953P    615
110,0.0,-20.0,-20.0,15.0,-20.0,-20.0,0,0;                            955P    616
110,15.0,-20.0,-20.0,15.0,20.0,-20.0,0,0;                            957P    617
102,4,951,953,955,957,0,0;                                           959P    618
142,0,949,0,959,2,0,0;                                               961P    619
144,949,1,0,961,0,0;                                                 963P    620
108,0.0,-1.0,0.0,-25.0,0,0.0,25.0,20.0,1.0,0,0;                      965P    621
110,30.0,25.0,0.0,30.0,25.0,20.0,0,0;                                967P    622
110,30.0,25.0,20.0,0.0,25.0,20.0,0,0;                                969P    623
110,0.0,25.0,20.0,0.0,25.0,0.0,0,0;                                  971P    624
110,0.0,25.0,0.0,30.0,25.0,0.0,0,0;                                  973P    625
102,4,967,969,971,973,0,0;                                           975P    626
142,0,965,0,975,2,0,0;                                               977P    627
144,965,1,0,977,0,0;                                                 979P    628
108,1.0,0.0,0.0,30.0,0,30.0,0.0,0.0,1.0,0,0;                         981P    629
110,30.0,25.0,0.0,30.0,-25.0,0.0,0,0;                                983P    630
110,30.0,-25.0,0.0,30.0,-25.0,20.0,0,0;                              985P    631
110,30.0,-25.0,20.0,30.0,25.0,20.0,0,0;                              987P    632
110,30.0,25.0,20.0,30.0,25.0,0.0,0,0;                                989P    633
102,4,983,985,987,989,0,0;                                           991P    634
142,0,981,0,991,2,0,0;                                               993P    635
124,0.0,0.0,1.0,30.0,-1.0,0.0,0.0,13.0,0.0,-1.0,0.0,13.0,0,0;        995P    636
100,0.0,0.0,0.0,5.6,0.0,-5.6,0.0,0,0;                                997P    637
124,0.0,0.0,1.0,30.0,1.0,0.0,0.0,13.0,0.0,1.0,0.0,13.0,0,0;          999P    638
100,0.0,0.0,0.0,5.6,0.0,-5.6,0.0,0,0;                               1001P    639
102,2,997,1001,0,0;                                                 1003P    640
142,0,981,0,1003,2,0,0;                                             1005P    641
124,0.0,0.0,1.0,30.0,1.0,0.0,0.0,-13.0,0.0,1.0,0.0,13.0,0,0;        1007P    642
100,0.0,0.0,0.0,5.6,0.0,-5.6,0.0,0,0;                               1009P    643
124,0.0,0.0,1.0,30.0,-1.0,0.0,0.0,-13.0,0.0,-1.0,0.0,13.0,0,0;      1011P    644
100,0.0,0.0,0.0,5.6,0.0,-5.6,0.0,0,0;                               1013P    645
102,2,1009,1013,0,0;                                                1015P    646
142,0,981,0,1015,2,0,0;                                             1017P    647
144,981,1,2,993,1005,1017,0,0;                                      1019P    648
108,0.0,0.0,-1.0,-20.0,0,0.0,-25.0,20.0,1.0,0,0;                    1021P    649
110,30.0,25.0,20.0,30.0,-25.0,20.0,0,0;                             1023P    650
110,30.0,-25.0,20.0,0.0,-25.0,20.0,0,0;                             1025P    651
110,0.0,-25.0,20.0,0.0,25.0,20.0,0,0;                               1027P    652
110,0.0,25.0,20.0,30.0,25.0,20.0,0,0;                               1029P    653
102,4,1023,1025,1027,1029,0,0;                                      1031P    654
142,0,1021,0,1031,2,0,0;                                            1033P    655
124,-1.0,0.0,0.0,20.0,0.0,-1.0,0.0,0.0,0.0,0.0,1.0,20.0,0,0;        1035P    656
100,0.0,0.0,0.0,5.053,0.0,-5.053,0.0,0,0;                           1037P    657
124,1.0,0.0,0.0,20.0,0.0,1.0,0.0,0.0,0.0,0.0,1.0,20.0,0,0;          1039P    658
100,0.0,0.0,0.0,5.053,0.0,-5.053,0.0,0,0;                           1041P    659
102,2,1037,1041,0,0;                                                1043P    660
142,0,1021,0,1043,2,0,0;                                            1045P    661
144,1021,1,1,1033,1045,0,0;                                         1047P    662
110,20.0,0.0,20.0,20.0,0.0,19.0,0,0;                                1049P    663
110,14.947,0.0,20.0,14.947,0.0,-5.0,0,0;                            1051P    664
120,1049,1051,0.0,6.283185307,0,0;                                  1053P    665
110,25.053,0.0,20.0,25.053,0.0,-5.0,0,0;                            1055P    666
124,1.0,0.0,0.0,20.0,0.0,1.0,0.0,0.0,0.0,0.0,1.0,-5.0,0,0;          1057P    667
100,0.0,0.0,0.0,5.053,0.0,-5.053,0.0,0,0;                           1059P    668
110,14.947,0.0,-5.0,14.947,0.0,20.0,0,0;                            1061P    669
124,-1.0,0.0,0.0,20.0,0.0,1.0,0.0,0.0,0.0,0.0,-1.0,20.0,0,0;        1063P    670
100,0.0,0.0,0.0,5.053,0.0,-5.053,0.0,0,0;                           1065P    671
102,4,1055,1059,1061,1065,0,0;                                      1067P    672
142,0,1053,0,1067,2,0,0;                                            1069P    673
144,1053,1,0,1069,0,0;                                              1071P    674
110,20.0,0.0,20.0,20.0,0.0,19.0,0,0;                                1073P    675
110,25.053,0.0,20.0,25.053,0.0,-5.0,0,0;                            1075P    676
120,1073,1075,0.0,6.283185307,0,0;                                  1077P    677
110,14.947,0.0,20.0,14.947,0.0,-5.0,0,0;                            1079P    678
124,-1.0,0.0,0.0,20.0,0.0,-1.0,0.0,0.0,0.0,0.0,1.0,-5.0,0,0;        1081P    679
100,0.0,0.0,0.0,5.053,0.0,-5.053,0.0,0,0;                           1083P    680
110,25.053,0.0,-5.0,25.053,0.0,20.0,0,0;                            1085P    681
124,1.0,0.0,0.0,20.0,0.0,-1.0,0.0,0.0,0.0,0.0,-1.0,20.0,0,0;        1087P    682
100,0.0,0.0,0.0,5.053,0.0,-5.053,0.0,0,0;                           1089P    683
102,4,1079,1083,1085,1089,0,0;                                      1091P    684
142,0,1077,0,1091,2,0,0;                                            1093P    685
144,1077,1,0,1093,0,0;                                              1095P    686
S      1G      5D   1096P    686                                        T      1
