ISO-10303-21;
HEADER;
/* Generated by software containing ST-Developer
 * from STEP Tools, Inc. (www.steptools.com) 
 */
/* OPTION: using custom renumber hook */

FILE_DESCRIPTION(
/* description */ ('STEP AP242',
'CAx-IF Rec.Pracs.---Representation and Presentation of Product Manufa
cturing Information (PMI)---4.0---2014-10-13',
'CAx-IF Rec.Pracs.---3D Tessellated Geometry---0.4---2014-09-14','2;1'),

/* implementation_level */ '2;1');

FILE_NAME(
/* name */ '2674_SG-M10',
/* time_stamp */ '2026-03-05T10:37:59+01:00',
/* author */ ('License CC BY-ND 4.0'),
/* organization */ ('CADENAS'),
/* preprocessor_version */ 'ST-DEVELOPER v20',
/* originating_system */ 'PARTsolutions',
/* authorisation */ '  ');

FILE_SCHEMA (('AP242_MANAGED_MODEL_BASED_3D_ENGINEERING_MIM_LF { 1 0 10303 442 1 1 4 }'));
ENDSEC;

DATA;
#10=B_SPLINE_SURFACE_WITH_KNOTS('',3,1,((#2542,#2543),(#2544,#2545),(#2546,
#2547),(#2548,#2549)),.RULED_SURF.,.F.,.F.,.F.,(4,4),(2,2),(0.,1.),(0.,
1.),.PIECEWISE_BEZIER_KNOTS.);
#11=B_SPLINE_SURFACE_WITH_KNOTS('',3,1,((#2560,#2561),(#2562,#2563),(#2564,
#2565),(#2566,#2567)),.RULED_SURF.,.F.,.F.,.F.,(4,4),(2,2),(0.,1.),(0.,
1.),.PIECEWISE_BEZIER_KNOTS.);
#12=B_SPLINE_SURFACE_WITH_KNOTS('',3,1,((#2569,#2570),(#2571,#2572),(#2573,
#2574),(#2575,#2576)),.RULED_SURF.,.F.,.F.,.F.,(4,4),(2,2),(0.,1.),(0.,
1.),.PIECEWISE_BEZIER_KNOTS.);
#13=B_SPLINE_SURFACE_WITH_KNOTS('',3,1,((#2577,#2578),(#2579,#2580),(#2581,
#2582),(#2583,#2584)),.RULED_SURF.,.F.,.F.,.F.,(4,4),(2,2),(0.,1.),(0.,
1.),.PIECEWISE_BEZIER_KNOTS.);
#14=B_SPLINE_SURFACE_WITH_KNOTS('',3,1,((#2624,#2625),(#2626,#2627),(#2628,
#2629),(#2630,#2631),(#2632,#2633),(#2634,#2635),(#2636,#2637),(#2638,#2639),
(#2640,#2641),(#2642,#2643),(#2644,#2645),(#2646,#2647),(#2648,#2649),(#2650,
#2651),(#2652,#2653),(#2654,#2655)),.SURF_OF_LINEAR_EXTRUSION.,.F.,.F.,
 .F.,(4,2,2,2,2,2,2,4),(2,2),(0.,0.114467731845178,0.144435313965003,0.174402896084827,
0.825597103915173,0.855564686034997,0.885532268154822,1.),(0.,1.),
 .UNSPECIFIED.);
#15=CONTEXT_DEPENDENT_SHAPE_REPRESENTATION(#21,#2750);
#16=CONTEXT_DEPENDENT_SHAPE_REPRESENTATION(#22,#2752);
#17=CONTEXT_DEPENDENT_SHAPE_REPRESENTATION(#23,#2754);
#18=NEXT_ASSEMBLY_USAGE_OCCURRENCE('NAUO1','2674 SG-M10---(GK)',
'2674 SG-M10---(GK)',#2755,#2756,'');
#19=NEXT_ASSEMBLY_USAGE_OCCURRENCE('NAUO2','DIN-439-B - M10(F)',
'DIN-439-B - M10(F)',#2755,#2757,'');
#20=NEXT_ASSEMBLY_USAGE_OCCURRENCE('NAUO3','200063 FKB-10X20',
'200063 FKB-10X20',#2755,#2758,'');
#21=(
REPRESENTATION_RELATIONSHIP(' ',' ',#1534,#1533)
REPRESENTATION_RELATIONSHIP_WITH_TRANSFORMATION(#24)
SHAPE_REPRESENTATION_RELATIONSHIP()
);
#22=(
REPRESENTATION_RELATIONSHIP(' ',' ',#1535,#1533)
REPRESENTATION_RELATIONSHIP_WITH_TRANSFORMATION(#25)
SHAPE_REPRESENTATION_RELATIONSHIP()
);
#23=(
REPRESENTATION_RELATIONSHIP(' ',' ',#1536,#1533)
REPRESENTATION_RELATIONSHIP_WITH_TRANSFORMATION(#26)
SHAPE_REPRESENTATION_RELATIONSHIP()
);
#24=ITEM_DEFINED_TRANSFORMATION(' ',' ',#1537,#1587);
#25=ITEM_DEFINED_TRANSFORMATION(' ',' ',#1537,#1607);
#26=ITEM_DEFINED_TRANSFORMATION(' ',' ',#1537,#1692);
#27=SHAPE_REPRESENTATION_RELATIONSHIP('','',#1534,#30);
#28=SHAPE_REPRESENTATION_RELATIONSHIP('','',#1535,#31);
#29=SHAPE_REPRESENTATION_RELATIONSHIP('','',#1536,#32);
#30=ADVANCED_BREP_SHAPE_REPRESENTATION('',(#1526),#2738);
#31=ADVANCED_BREP_SHAPE_REPRESENTATION('',(#1527),#2739);
#32=ADVANCED_BREP_SHAPE_REPRESENTATION('',(#1528),#2740);
#33=CYLINDRICAL_SURFACE('',#1574,9.);
#34=CYLINDRICAL_SURFACE('',#1580,5.);
#35=CYLINDRICAL_SURFACE('',#1581,5.);
#36=CYLINDRICAL_SURFACE('',#1584,4.188);
#37=CYLINDRICAL_SURFACE('',#1604,4.188);
#38=CYLINDRICAL_SURFACE('',#1617,1.);
#39=CYLINDRICAL_SURFACE('',#1622,1.5);
#40=CYLINDRICAL_SURFACE('',#1624,9.);
#41=CYLINDRICAL_SURFACE('',#1627,1.5);
#42=CYLINDRICAL_SURFACE('',#1632,1.);
#43=CYLINDRICAL_SURFACE('',#1634,9.5);
#44=CYLINDRICAL_SURFACE('',#1654,0.749999999999998);
#45=CYLINDRICAL_SURFACE('',#1659,0.749999999999999);
#46=CYLINDRICAL_SURFACE('',#1668,6.65);
#47=CYLINDRICAL_SURFACE('',#1669,7.15);
#48=CYLINDRICAL_SURFACE('',#1672,5.);
#49=CYLINDRICAL_SURFACE('',#1679,1.55);
#50=CYLINDRICAL_SURFACE('',#1687,3.5);
#51=CYLINDRICAL_SURFACE('',#1691,5.5);
#52=ELLIPSE('',#1569,5.92272639921852,4.188);
#53=ELLIPSE('',#1571,5.92272639921852,4.188);
#54=ELLIPSE('',#1609,5.50732083016113,5.5);
#55=TOROIDAL_SURFACE('',#1564,10.25,1.25);
#56=TOROIDAL_SURFACE('',#1576,8.09999999999999,0.90000000000001);
#57=TOROIDAL_SURFACE('',#1671,6.4,0.749999999999998);
#58=TOROIDAL_SURFACE('',#1681,2.35,0.799999999999998);
#59=TOROIDAL_SURFACE('',#1685,2.7,0.799999999999999);
#60=CONICAL_SURFACE('',#1556,20.,1.30899693899575);
#61=CONICAL_SURFACE('',#1558,20.,1.30899693899575);
#62=CONICAL_SURFACE('',#1560,20.,1.30899693899575);
#63=CONICAL_SURFACE('',#1562,20.,1.30899693899575);
#64=CONICAL_SURFACE('',#1582,4.188,0.785398163397448);
#65=CONICAL_SURFACE('',#1585,28.0008130887537,0.523598775598299);
#66=CONICAL_SURFACE('',#1586,34.9290163190292,0.523598775598299);
#67=CONICAL_SURFACE('',#1591,8.45,1.30899693899575);
#68=CONICAL_SURFACE('',#1601,17.7801270189222,1.30899693899575);
#69=CONICAL_SURFACE('',#1602,5.,0.785398163397448);
#70=CONICAL_SURFACE('',#1606,4.188,0.785398163397448);
#71=CONICAL_SURFACE('',#1674,5.,0.523598775598298);
#72=B_SPLINE_CURVE_WITH_KNOTS('',3,(#2146,#2147,#2148,#2149),
 .UNSPECIFIED.,.F.,.F.,(4,4),(7.06589002883776E-7,0.00779862915006284),
 .UNSPECIFIED.);
#73=B_SPLINE_CURVE_WITH_KNOTS('',3,(#2151,#2152,#2153,#2154,#2155),
 .UNSPECIFIED.,.F.,.F.,(4,1,4),(0.0225060802151831,0.0247599257699097,0.0270137713246363),
 .UNSPECIFIED.);
#74=B_SPLINE_CURVE_WITH_KNOTS('',3,(#2157,#2158,#2159,#2160),
 .UNSPECIFIED.,.F.,.F.,(4,4),(0.012290838861535,0.0200181472054697),
 .UNSPECIFIED.);
#75=B_SPLINE_CURVE_WITH_KNOTS('',3,(#2171,#2172,#2173,#2174),
 .UNSPECIFIED.,.F.,.F.,(4,4),(7.06589002883776E-7,0.00779862915006286),
 .UNSPECIFIED.);
#76=B_SPLINE_CURVE_WITH_KNOTS('',3,(#2176,#2177,#2178,#2179,#2180),
 .UNSPECIFIED.,.F.,.F.,(4,1,4),(0.0225060802151824,0.0247599257699088,0.0270137713246352),
 .UNSPECIFIED.);
#77=B_SPLINE_CURVE_WITH_KNOTS('',3,(#2182,#2183,#2184,#2185),
 .UNSPECIFIED.,.F.,.F.,(4,4),(0.012290838861535,0.0200181472054698),
 .UNSPECIFIED.);
#78=B_SPLINE_CURVE_WITH_KNOTS('',3,(#2198,#2199,#2200,#2201),
 .UNSPECIFIED.,.F.,.F.,(4,4),(0.0358661591378776,0.0391514275279622),
 .UNSPECIFIED.);
#79=B_SPLINE_CURVE_WITH_KNOTS('',3,(#2203,#2204,#2205,#2206),
 .UNSPECIFIED.,.F.,.F.,(4,4),(0.0358661591378775,0.0391514275279623),
 .UNSPECIFIED.);
#80=B_SPLINE_CURVE_WITH_KNOTS('',3,(#2208,#2209,#2210,#2211),
 .UNSPECIFIED.,.F.,.F.,(4,4),(0.0197467066264681,0.0274414711367949),
 .UNSPECIFIED.);
#81=B_SPLINE_CURVE_WITH_KNOTS('',3,(#2217,#2218,#2219,#2220),
 .UNSPECIFIED.,.F.,.F.,(4,4),(0.00746260563856221,0.0152822056247322),
 .UNSPECIFIED.);
#82=B_SPLINE_CURVE_WITH_KNOTS('',3,(#2222,#2223,#2224,#2225),
 .UNSPECIFIED.,.F.,.F.,(4,4),(0.0197467066264681,0.0274414711367949),
 .UNSPECIFIED.);
#83=B_SPLINE_CURVE_WITH_KNOTS('',3,(#2231,#2232,#2233,#2234),
 .UNSPECIFIED.,.F.,.F.,(4,4),(0.0074626056385622,0.0152822056247322),
 .UNSPECIFIED.);
#84=B_SPLINE_CURVE_WITH_KNOTS('',3,(#2238,#2239,#2240,#2241,#2242),
 .UNSPECIFIED.,.F.,.F.,(4,1,4),(0.0225060802151828,0.0247599257699093,0.0270137713246358),
 .UNSPECIFIED.);
#85=B_SPLINE_CURVE_WITH_KNOTS('',3,(#2243,#2244,#2245,#2246,#2247),
 .UNSPECIFIED.,.F.,.F.,(4,1,4),(0.0225060802151828,0.0247599257699093,0.0270137713246358),
 .UNSPECIFIED.);
#86=B_SPLINE_CURVE_WITH_KNOTS('',3,(#2249,#2250,#2251,#2252),
 .UNSPECIFIED.,.F.,.F.,(4,4),(0.0448231986308977,0.050682596545527),
 .UNSPECIFIED.);
#87=B_SPLINE_CURVE_WITH_KNOTS('',3,(#2258,#2259,#2260,#2261),
 .UNSPECIFIED.,.F.,.F.,(4,4),(0.0991033439227736,0.104905324725489),
 .UNSPECIFIED.);
#88=B_SPLINE_CURVE_WITH_KNOTS('',3,(#2263,#2264,#2265,#2266),
 .UNSPECIFIED.,.F.,.F.,(4,4),(0.0991033439227736,0.104905324725489),
 .UNSPECIFIED.);
#89=B_SPLINE_CURVE_WITH_KNOTS('',3,(#2267,#2268,#2269,#2270),
 .UNSPECIFIED.,.F.,.F.,(4,4),(0.0448231986308977,0.050682596545527),
 .UNSPECIFIED.);
#90=B_SPLINE_CURVE_WITH_KNOTS('',3,(#2307,#2308,#2309,#2310,#2311),
 .UNSPECIFIED.,.F.,.F.,(4,1,4),(0.0103007896149066,0.0151794222175096,0.0200580548201127),
 .UNSPECIFIED.);
#91=B_SPLINE_CURVE_WITH_KNOTS('',3,(#2314,#2315,#2316,#2317,#2318),
 .UNSPECIFIED.,.F.,.F.,(4,1,4),(2.30940107676387E-7,0.00490770822821949,
0.00981518551633131),.UNSPECIFIED.);
#92=B_SPLINE_CURVE_WITH_KNOTS('',3,(#2320,#2321,#2322,#2323,#2324),
 .UNSPECIFIED.,.F.,.F.,(4,1,4),(2.30940107675998E-7,0.00490770822821949,
0.00981518551633131),.UNSPECIFIED.);
#93=B_SPLINE_CURVE_WITH_KNOTS('',3,(#2326,#2327,#2328,#2329,#2330),
 .UNSPECIFIED.,.F.,.F.,(4,1,4),(0.0103007896149066,0.0151794222175096,0.0200580548201127),
 .UNSPECIFIED.);
#94=B_SPLINE_CURVE_WITH_KNOTS('',3,(#2332,#2333,#2334,#2335,#2336),
 .UNSPECIFIED.,.F.,.F.,(4,1,4),(2.30940107676387E-7,0.00490770822821949,
0.00981518551633131),.UNSPECIFIED.);
#95=B_SPLINE_CURVE_WITH_KNOTS('',3,(#2338,#2339,#2340,#2341,#2342),
 .UNSPECIFIED.,.F.,.F.,(4,1,4),(2.30940107676093E-7,0.00490770822821949,
0.00981518551633131),.UNSPECIFIED.);
#96=B_SPLINE_CURVE_WITH_KNOTS('',3,(#2346,#2347,#2348,#2349,#2350),
 .UNSPECIFIED.,.F.,.F.,(4,1,4),(0.0103007896149066,0.0151794222175096,0.0200580548201127),
 .UNSPECIFIED.);
#97=B_SPLINE_CURVE_WITH_KNOTS('',3,(#2356,#2357,#2358,#2359,#2360),
 .UNSPECIFIED.,.F.,.F.,(4,1,4),(2.30940107676387E-7,0.00490770822821949,
0.00981518551633131),.UNSPECIFIED.);
#98=B_SPLINE_CURVE_WITH_KNOTS('',3,(#2364,#2365,#2366,#2367,#2368),
 .UNSPECIFIED.,.F.,.F.,(4,1,4),(2.30940107675961E-7,0.00490770822821949,
0.00981518551633131),.UNSPECIFIED.);
#99=B_SPLINE_CURVE_WITH_KNOTS('',3,(#2372,#2373,#2374,#2375,#2376),
 .UNSPECIFIED.,.F.,.F.,(4,1,4),(0.0103007896149066,0.0151794222175096,0.0200580548201127),
 .UNSPECIFIED.);
#100=B_SPLINE_CURVE_WITH_KNOTS('',3,(#2380,#2381,#2382,#2383,#2384),
 .UNSPECIFIED.,.F.,.F.,(4,1,4),(2.30940107676387E-7,0.00490770822821949,
0.00981518551633131),.UNSPECIFIED.);
#101=B_SPLINE_CURVE_WITH_KNOTS('',3,(#2386,#2387,#2388,#2389,#2390),
 .UNSPECIFIED.,.F.,.F.,(4,1,4),(2.30940107675961E-7,0.00490770822821949,
0.00981518551633131),.UNSPECIFIED.);
#102=B_SPLINE_CURVE_WITH_KNOTS('',3,(#2426,#2427,#2428,#2429),
 .UNSPECIFIED.,.F.,.F.,(4,4),(0.936510111049816,1.),.UNSPECIFIED.);
#103=B_SPLINE_CURVE_WITH_KNOTS('',3,(#2441,#2442,#2443,#2444),
 .UNSPECIFIED.,.F.,.F.,(4,4),(0.,0.0585636746438457),.UNSPECIFIED.);
#104=B_SPLINE_CURVE_WITH_KNOTS('',3,(#2449,#2450,#2451,#2452,#2453,#2454,
#2455,#2456,#2457,#2458,#2459),.UNSPECIFIED.,.F.,.F.,(4,1,1,1,1,1,1,1,4),
(0.237580686865993,0.332883101007744,0.428185515149495,0.523487929291246,
0.618790343432997,0.714092757574747,0.809395171716498,0.904697585858249,
1.),.UNSPECIFIED.);
#105=B_SPLINE_CURVE_WITH_KNOTS('',3,(#2471,#2472,#2473,#2474,#2475,#2476,
#2477,#2478,#2479,#2480,#2481),.UNSPECIFIED.,.F.,.F.,(4,1,1,1,1,1,1,1,4),
(0.,0.0959238924430427,0.191847784886085,0.287771677329128,0.383695569772171,
0.479619462215214,0.575543354658256,0.671467247101299,0.767391139544342),
 .UNSPECIFIED.);
#106=LINE('',#2114,#208);
#107=LINE('',#2116,#209);
#108=LINE('',#2118,#210);
#109=LINE('',#2122,#211);
#110=LINE('',#2129,#212);
#111=LINE('',#2133,#213);
#112=LINE('',#2135,#214);
#113=LINE('',#2137,#215);
#114=LINE('',#2144,#216);
#115=LINE('',#2162,#217);
#116=LINE('',#2169,#218);
#117=LINE('',#2187,#219);
#118=LINE('',#2189,#220);
#119=LINE('',#2194,#221);
#120=LINE('',#2196,#222);
#121=LINE('',#2253,#223);
#122=LINE('',#2255,#224);
#123=LINE('',#2257,#225);
#124=LINE('',#2271,#226);
#125=LINE('',#2272,#227);
#126=LINE('',#2276,#228);
#127=LINE('',#2278,#229);
#128=LINE('',#2344,#230);
#129=LINE('',#2352,#231);
#130=LINE('',#2354,#232);
#131=LINE('',#2362,#233);
#132=LINE('',#2370,#234);
#133=LINE('',#2378,#235);
#134=LINE('',#2406,#236);
#135=LINE('',#2411,#237);
#136=LINE('',#2413,#238);
#137=LINE('',#2415,#239);
#138=LINE('',#2419,#240);
#139=LINE('',#2421,#241);
#140=LINE('',#2423,#242);
#141=LINE('',#2433,#243);
#142=LINE('',#2435,#244);
#143=LINE('',#2437,#245);
#144=LINE('',#2446,#246);
#145=LINE('',#2463,#247);
#146=LINE('',#2465,#248);
#147=LINE('',#2467,#249);
#148=LINE('',#2483,#250);
#149=LINE('',#2487,#251);
#150=LINE('',#2489,#252);
#151=LINE('',#2491,#253);
#152=LINE('',#2493,#254);
#153=LINE('',#2495,#255);
#154=LINE('',#2497,#256);
#155=LINE('',#2499,#257);
#156=LINE('',#2503,#258);
#157=LINE('',#2507,#259);
#158=LINE('',#2512,#260);
#159=LINE('',#2514,#261);
#160=LINE('',#2516,#262);
#161=LINE('',#2518,#263);
#162=LINE('',#2520,#264);
#163=LINE('',#2522,#265);
#164=LINE('',#2524,#266);
#165=LINE('',#2528,#267);
#166=LINE('',#2534,#268);
#167=LINE('',#2536,#269);
#168=LINE('',#2538,#270);
#169=LINE('',#2539,#271);
#170=LINE('',#2541,#272);
#171=LINE('',#2552,#273);
#172=LINE('',#2554,#274);
#173=LINE('',#2555,#275);
#174=LINE('',#2557,#276);
#175=LINE('',#2559,#277);
#176=LINE('',#2587,#278);
#177=LINE('',#2589,#279);
#178=LINE('',#2591,#280);
#179=LINE('',#2593,#281);
#180=LINE('',#2597,#282);
#181=LINE('',#2599,#283);
#182=LINE('',#2601,#284);
#183=LINE('',#2603,#285);
#184=LINE('',#2605,#286);
#185=LINE('',#2607,#287);
#186=LINE('',#2609,#288);
#187=LINE('',#2611,#289);
#188=LINE('',#2613,#290);
#189=LINE('',#2615,#291);
#190=LINE('',#2617,#292);
#191=LINE('',#2619,#293);
#192=LINE('',#2621,#294);
#193=LINE('',#2623,#295);
#194=LINE('',#2656,#296);
#195=LINE('',#2660,#297);
#196=LINE('',#2661,#298);
#197=LINE('',#2665,#299);
#198=LINE('',#2667,#300);
#199=LINE('',#2671,#301);
#200=LINE('',#2674,#302);
#201=LINE('',#2677,#303);
#202=LINE('',#2678,#304);
#203=LINE('',#2682,#305);
#204=LINE('',#2687,#306);
#205=LINE('',#2691,#307);
#206=LINE('',#2693,#308);
#207=LINE('',#2695,#309);
#208=VECTOR('',#1701,1000.);
#209=VECTOR('',#1702,1000.);
#210=VECTOR('',#1703,1000.);
#211=VECTOR('',#1706,1000.);
#212=VECTOR('',#1713,1000.);
#213=VECTOR('',#1716,1000.);
#214=VECTOR('',#1717,1000.);
#215=VECTOR('',#1718,1000.);
#216=VECTOR('',#1725,1000.);
#217=VECTOR('',#1726,1000.);
#218=VECTOR('',#1733,1000.);
#219=VECTOR('',#1734,1000.);
#220=VECTOR('',#1737,1000.);
#221=VECTOR('',#1740,1000.);
#222=VECTOR('',#1741,1000.);
#223=VECTOR('',#1768,1000.);
#224=VECTOR('',#1769,1000.);
#225=VECTOR('',#1770,1000.);
#226=VECTOR('',#1773,1000.);
#227=VECTOR('',#1774,1000.);
#228=VECTOR('',#1779,1000.);
#229=VECTOR('',#1782,1000.);
#230=VECTOR('',#1827,1000.);
#231=VECTOR('',#1828,1000.);
#232=VECTOR('',#1831,1000.);
#233=VECTOR('',#1834,1000.);
#234=VECTOR('',#1837,1000.);
#235=VECTOR('',#1840,1000.);
#236=VECTOR('',#1865,1000.);
#237=VECTOR('',#1868,1000.);
#238=VECTOR('',#1869,1000.);
#239=VECTOR('',#1870,1000.);
#240=VECTOR('',#1873,1000.);
#241=VECTOR('',#1874,1000.);
#242=VECTOR('',#1877,1000.);
#243=VECTOR('',#1880,1000.);
#244=VECTOR('',#1881,1000.);
#245=VECTOR('',#1882,1000.);
#246=VECTOR('',#1887,1000.);
#247=VECTOR('',#1890,1000.);
#248=VECTOR('',#1891,1000.);
#249=VECTOR('',#1892,1000.);
#250=VECTOR('',#1897,1000.);
#251=VECTOR('',#1900,1000.);
#252=VECTOR('',#1903,1000.);
#253=VECTOR('',#1904,1000.);
#254=VECTOR('',#1907,1000.);
#255=VECTOR('',#1908,1000.);
#256=VECTOR('',#1911,1000.);
#257=VECTOR('',#1912,1000.);
#258=VECTOR('',#1917,1000.);
#259=VECTOR('',#1922,1000.);
#260=VECTOR('',#1929,1000.);
#261=VECTOR('',#1932,1000.);
#262=VECTOR('',#1933,1000.);
#263=VECTOR('',#1936,1000.);
#264=VECTOR('',#1937,1000.);
#265=VECTOR('',#1940,1000.);
#266=VECTOR('',#1941,1000.);
#267=VECTOR('',#1946,1000.);
#268=VECTOR('',#1957,1000.);
#269=VECTOR('',#1958,1000.);
#270=VECTOR('',#1959,1000.);
#271=VECTOR('',#1960,1000.);
#272=VECTOR('',#1961,1000.);
#273=VECTOR('',#1964,1000.);
#274=VECTOR('',#1967,1000.);
#275=VECTOR('',#1968,1000.);
#276=VECTOR('',#1969,1000.);
#277=VECTOR('',#1970,1000.);
#278=VECTOR('',#1977,1000.);
#279=VECTOR('',#1978,1000.);
#280=VECTOR('',#1979,1000.);
#281=VECTOR('',#1980,1000.);
#282=VECTOR('',#1985,1000.);
#283=VECTOR('',#1986,1000.);
#284=VECTOR('',#1987,1000.);
#285=VECTOR('',#1990,1000.);
#286=VECTOR('',#1991,1000.);
#287=VECTOR('',#1992,1000.);
#288=VECTOR('',#1995,1000.);
#289=VECTOR('',#1996,1000.);
#290=VECTOR('',#1997,1000.);
#291=VECTOR('',#1998,1000.);
#292=VECTOR('',#1999,1000.);
#293=VECTOR('',#2002,1000.);
#294=VECTOR('',#2003,1000.);
#295=VECTOR('',#2004,1000.);
#296=VECTOR('',#2005,1000.);
#297=VECTOR('',#2008,1000.);
#298=VECTOR('',#2009,1000.);
#299=VECTOR('',#2012,1000.);
#300=VECTOR('',#2013,1000.);
#301=VECTOR('',#2016,1000.);
#302=VECTOR('',#2021,1000.);
#303=VECTOR('',#2022,1000.);
#304=VECTOR('',#2023,1000.);
#305=VECTOR('',#2028,1000.);
#306=VECTOR('',#2035,1000.);
#307=VECTOR('',#2040,1000.);
#308=VECTOR('',#2043,1000.);
#309=VECTOR('',#2044,1000.);
#310=ORIENTED_EDGE('',*,*,#718,.T.);
#311=ORIENTED_EDGE('',*,*,#719,.F.);
#312=ORIENTED_EDGE('',*,*,#720,.T.);
#313=ORIENTED_EDGE('',*,*,#721,.F.);
#314=ORIENTED_EDGE('',*,*,#722,.T.);
#315=ORIENTED_EDGE('',*,*,#723,.F.);
#316=ORIENTED_EDGE('',*,*,#724,.T.);
#317=ORIENTED_EDGE('',*,*,#725,.T.);
#318=ORIENTED_EDGE('',*,*,#726,.F.);
#319=ORIENTED_EDGE('',*,*,#727,.T.);
#320=ORIENTED_EDGE('',*,*,#728,.F.);
#321=ORIENTED_EDGE('',*,*,#729,.T.);
#322=ORIENTED_EDGE('',*,*,#730,.T.);
#323=ORIENTED_EDGE('',*,*,#731,.T.);
#324=ORIENTED_EDGE('',*,*,#732,.T.);
#325=ORIENTED_EDGE('',*,*,#733,.F.);
#326=ORIENTED_EDGE('',*,*,#734,.F.);
#327=ORIENTED_EDGE('',*,*,#735,.T.);
#328=ORIENTED_EDGE('',*,*,#736,.T.);
#329=ORIENTED_EDGE('',*,*,#737,.T.);
#330=ORIENTED_EDGE('',*,*,#738,.F.);
#331=ORIENTED_EDGE('',*,*,#739,.T.);
#332=ORIENTED_EDGE('',*,*,#740,.F.);
#333=ORIENTED_EDGE('',*,*,#741,.F.);
#334=ORIENTED_EDGE('',*,*,#742,.T.);
#335=ORIENTED_EDGE('',*,*,#743,.T.);
#336=ORIENTED_EDGE('',*,*,#744,.T.);
#337=ORIENTED_EDGE('',*,*,#745,.F.);
#338=ORIENTED_EDGE('',*,*,#746,.F.);
#339=ORIENTED_EDGE('',*,*,#747,.T.);
#340=ORIENTED_EDGE('',*,*,#748,.T.);
#341=ORIENTED_EDGE('',*,*,#749,.T.);
#342=ORIENTED_EDGE('',*,*,#724,.F.);
#343=ORIENTED_EDGE('',*,*,#750,.T.);
#344=ORIENTED_EDGE('',*,*,#727,.F.);
#345=ORIENTED_EDGE('',*,*,#751,.T.);
#346=ORIENTED_EDGE('',*,*,#735,.F.);
#347=ORIENTED_EDGE('',*,*,#752,.F.);
#348=ORIENTED_EDGE('',*,*,#753,.F.);
#349=ORIENTED_EDGE('',*,*,#737,.F.);
#350=ORIENTED_EDGE('',*,*,#754,.F.);
#351=ORIENTED_EDGE('',*,*,#755,.F.);
#352=ORIENTED_EDGE('',*,*,#742,.F.);
#353=ORIENTED_EDGE('',*,*,#756,.F.);
#354=ORIENTED_EDGE('',*,*,#757,.F.);
#355=ORIENTED_EDGE('',*,*,#744,.F.);
#356=ORIENTED_EDGE('',*,*,#758,.F.);
#357=ORIENTED_EDGE('',*,*,#759,.F.);
#358=ORIENTED_EDGE('',*,*,#760,.F.);
#359=ORIENTED_EDGE('',*,*,#743,.F.);
#360=ORIENTED_EDGE('',*,*,#757,.T.);
#361=ORIENTED_EDGE('',*,*,#761,.F.);
#362=ORIENTED_EDGE('',*,*,#754,.T.);
#363=ORIENTED_EDGE('',*,*,#736,.F.);
#364=ORIENTED_EDGE('',*,*,#753,.T.);
#365=ORIENTED_EDGE('',*,*,#762,.F.);
#366=ORIENTED_EDGE('',*,*,#758,.T.);
#367=ORIENTED_EDGE('',*,*,#763,.F.);
#368=ORIENTED_EDGE('',*,*,#722,.F.);
#369=ORIENTED_EDGE('',*,*,#764,.F.);
#370=ORIENTED_EDGE('',*,*,#765,.F.);
#371=ORIENTED_EDGE('',*,*,#766,.F.);
#372=ORIENTED_EDGE('',*,*,#729,.F.);
#373=ORIENTED_EDGE('',*,*,#767,.F.);
#374=ORIENTED_EDGE('',*,*,#745,.T.);
#375=ORIENTED_EDGE('',*,*,#759,.T.);
#376=ORIENTED_EDGE('',*,*,#762,.T.);
#377=ORIENTED_EDGE('',*,*,#752,.T.);
#378=ORIENTED_EDGE('',*,*,#734,.T.);
#379=ORIENTED_EDGE('',*,*,#768,.F.);
#380=ORIENTED_EDGE('',*,*,#738,.T.);
#381=ORIENTED_EDGE('',*,*,#755,.T.);
#382=ORIENTED_EDGE('',*,*,#761,.T.);
#383=ORIENTED_EDGE('',*,*,#756,.T.);
#384=ORIENTED_EDGE('',*,*,#741,.T.);
#385=ORIENTED_EDGE('',*,*,#769,.F.);
#386=ORIENTED_EDGE('',*,*,#731,.F.);
#387=ORIENTED_EDGE('',*,*,#770,.F.);
#388=ORIENTED_EDGE('',*,*,#749,.F.);
#389=ORIENTED_EDGE('',*,*,#771,.F.);
#390=ORIENTED_EDGE('',*,*,#720,.F.);
#391=ORIENTED_EDGE('',*,*,#748,.F.);
#392=ORIENTED_EDGE('',*,*,#772,.T.);
#393=ORIENTED_EDGE('',*,*,#773,.F.);
#394=ORIENTED_EDGE('',*,*,#764,.T.);
#395=ORIENTED_EDGE('',*,*,#721,.T.);
#396=ORIENTED_EDGE('',*,*,#771,.T.);
#397=ORIENTED_EDGE('',*,*,#774,.T.);
#398=ORIENTED_EDGE('',*,*,#775,.T.);
#399=ORIENTED_EDGE('',*,*,#746,.T.);
#400=ORIENTED_EDGE('',*,*,#770,.T.);
#401=ORIENTED_EDGE('',*,*,#730,.F.);
#402=ORIENTED_EDGE('',*,*,#766,.T.);
#403=ORIENTED_EDGE('',*,*,#776,.T.);
#404=ORIENTED_EDGE('',*,*,#774,.F.);
#405=ORIENTED_EDGE('',*,*,#765,.T.);
#406=ORIENTED_EDGE('',*,*,#773,.T.);
#407=ORIENTED_EDGE('',*,*,#777,.F.);
#408=ORIENTED_EDGE('',*,*,#760,.T.);
#409=ORIENTED_EDGE('',*,*,#777,.T.);
#410=ORIENTED_EDGE('',*,*,#778,.F.);
#411=ORIENTED_EDGE('',*,*,#779,.F.);
#412=ORIENTED_EDGE('',*,*,#778,.T.);
#413=ORIENTED_EDGE('',*,*,#739,.F.);
#414=ORIENTED_EDGE('',*,*,#725,.F.);
#415=ORIENTED_EDGE('',*,*,#718,.F.);
#416=ORIENTED_EDGE('',*,*,#732,.F.);
#417=ORIENTED_EDGE('',*,*,#779,.T.);
#418=ORIENTED_EDGE('',*,*,#780,.F.);
#419=ORIENTED_EDGE('',*,*,#780,.T.);
#420=ORIENTED_EDGE('',*,*,#775,.F.);
#421=ORIENTED_EDGE('',*,*,#776,.F.);
#422=ORIENTED_EDGE('',*,*,#772,.F.);
#423=ORIENTED_EDGE('',*,*,#747,.F.);
#424=ORIENTED_EDGE('',*,*,#726,.T.);
#425=ORIENTED_EDGE('',*,*,#769,.T.);
#426=ORIENTED_EDGE('',*,*,#740,.T.);
#427=ORIENTED_EDGE('',*,*,#767,.T.);
#428=ORIENTED_EDGE('',*,*,#728,.T.);
#429=ORIENTED_EDGE('',*,*,#751,.F.);
#430=ORIENTED_EDGE('',*,*,#723,.T.);
#431=ORIENTED_EDGE('',*,*,#763,.T.);
#432=ORIENTED_EDGE('',*,*,#733,.T.);
#433=ORIENTED_EDGE('',*,*,#768,.T.);
#434=ORIENTED_EDGE('',*,*,#719,.T.);
#435=ORIENTED_EDGE('',*,*,#750,.F.);
#436=ORIENTED_EDGE('',*,*,#781,.F.);
#437=ORIENTED_EDGE('',*,*,#782,.T.);
#438=ORIENTED_EDGE('',*,*,#783,.T.);
#439=ORIENTED_EDGE('',*,*,#784,.T.);
#440=ORIENTED_EDGE('',*,*,#785,.T.);
#441=ORIENTED_EDGE('',*,*,#786,.T.);
#442=ORIENTED_EDGE('',*,*,#787,.T.);
#443=ORIENTED_EDGE('',*,*,#788,.T.);
#444=ORIENTED_EDGE('',*,*,#781,.T.);
#445=ORIENTED_EDGE('',*,*,#789,.T.);
#446=ORIENTED_EDGE('',*,*,#790,.F.);
#447=ORIENTED_EDGE('',*,*,#791,.F.);
#448=ORIENTED_EDGE('',*,*,#786,.F.);
#449=ORIENTED_EDGE('',*,*,#792,.T.);
#450=ORIENTED_EDGE('',*,*,#793,.F.);
#451=ORIENTED_EDGE('',*,*,#789,.F.);
#452=ORIENTED_EDGE('',*,*,#785,.F.);
#453=ORIENTED_EDGE('',*,*,#794,.T.);
#454=ORIENTED_EDGE('',*,*,#795,.F.);
#455=ORIENTED_EDGE('',*,*,#792,.F.);
#456=ORIENTED_EDGE('',*,*,#784,.F.);
#457=ORIENTED_EDGE('',*,*,#796,.T.);
#458=ORIENTED_EDGE('',*,*,#797,.F.);
#459=ORIENTED_EDGE('',*,*,#794,.F.);
#460=ORIENTED_EDGE('',*,*,#783,.F.);
#461=ORIENTED_EDGE('',*,*,#798,.T.);
#462=ORIENTED_EDGE('',*,*,#799,.F.);
#463=ORIENTED_EDGE('',*,*,#796,.F.);
#464=ORIENTED_EDGE('',*,*,#788,.F.);
#465=ORIENTED_EDGE('',*,*,#791,.T.);
#466=ORIENTED_EDGE('',*,*,#800,.F.);
#467=ORIENTED_EDGE('',*,*,#798,.F.);
#468=ORIENTED_EDGE('',*,*,#787,.F.);
#469=ORIENTED_EDGE('',*,*,#801,.F.);
#470=ORIENTED_EDGE('',*,*,#802,.T.);
#471=ORIENTED_EDGE('',*,*,#802,.F.);
#472=ORIENTED_EDGE('',*,*,#800,.T.);
#473=ORIENTED_EDGE('',*,*,#790,.T.);
#474=ORIENTED_EDGE('',*,*,#793,.T.);
#475=ORIENTED_EDGE('',*,*,#795,.T.);
#476=ORIENTED_EDGE('',*,*,#797,.T.);
#477=ORIENTED_EDGE('',*,*,#799,.T.);
#478=ORIENTED_EDGE('',*,*,#803,.T.);
#479=ORIENTED_EDGE('',*,*,#782,.F.);
#480=ORIENTED_EDGE('',*,*,#804,.T.);
#481=ORIENTED_EDGE('',*,*,#803,.F.);
#482=ORIENTED_EDGE('',*,*,#801,.T.);
#483=ORIENTED_EDGE('',*,*,#804,.F.);
#484=ORIENTED_EDGE('',*,*,#805,.T.);
#485=ORIENTED_EDGE('',*,*,#806,.T.);
#486=ORIENTED_EDGE('',*,*,#807,.T.);
#487=ORIENTED_EDGE('',*,*,#808,.T.);
#488=ORIENTED_EDGE('',*,*,#809,.F.);
#489=ORIENTED_EDGE('',*,*,#810,.T.);
#490=ORIENTED_EDGE('',*,*,#811,.F.);
#491=ORIENTED_EDGE('',*,*,#812,.F.);
#492=ORIENTED_EDGE('',*,*,#813,.F.);
#493=ORIENTED_EDGE('',*,*,#814,.F.);
#494=ORIENTED_EDGE('',*,*,#815,.T.);
#495=ORIENTED_EDGE('',*,*,#816,.F.);
#496=ORIENTED_EDGE('',*,*,#817,.F.);
#497=ORIENTED_EDGE('',*,*,#818,.F.);
#498=ORIENTED_EDGE('',*,*,#819,.F.);
#499=ORIENTED_EDGE('',*,*,#820,.T.);
#500=ORIENTED_EDGE('',*,*,#821,.F.);
#501=ORIENTED_EDGE('',*,*,#822,.T.);
#502=ORIENTED_EDGE('',*,*,#823,.F.);
#503=ORIENTED_EDGE('',*,*,#824,.F.);
#504=ORIENTED_EDGE('',*,*,#825,.F.);
#505=ORIENTED_EDGE('',*,*,#826,.F.);
#506=ORIENTED_EDGE('',*,*,#827,.T.);
#507=ORIENTED_EDGE('',*,*,#828,.F.);
#508=ORIENTED_EDGE('',*,*,#815,.F.);
#509=ORIENTED_EDGE('',*,*,#829,.F.);
#510=ORIENTED_EDGE('',*,*,#830,.T.);
#511=ORIENTED_EDGE('',*,*,#831,.T.);
#512=ORIENTED_EDGE('',*,*,#816,.T.);
#513=ORIENTED_EDGE('',*,*,#831,.F.);
#514=ORIENTED_EDGE('',*,*,#832,.F.);
#515=ORIENTED_EDGE('',*,*,#833,.T.);
#516=ORIENTED_EDGE('',*,*,#817,.T.);
#517=ORIENTED_EDGE('',*,*,#833,.F.);
#518=ORIENTED_EDGE('',*,*,#834,.F.);
#519=ORIENTED_EDGE('',*,*,#835,.T.);
#520=ORIENTED_EDGE('',*,*,#818,.T.);
#521=ORIENTED_EDGE('',*,*,#835,.F.);
#522=ORIENTED_EDGE('',*,*,#836,.F.);
#523=ORIENTED_EDGE('',*,*,#837,.T.);
#524=ORIENTED_EDGE('',*,*,#819,.T.);
#525=ORIENTED_EDGE('',*,*,#837,.F.);
#526=ORIENTED_EDGE('',*,*,#838,.F.);
#527=ORIENTED_EDGE('',*,*,#839,.T.);
#528=ORIENTED_EDGE('',*,*,#820,.F.);
#529=ORIENTED_EDGE('',*,*,#839,.F.);
#530=ORIENTED_EDGE('',*,*,#840,.T.);
#531=ORIENTED_EDGE('',*,*,#841,.T.);
#532=ORIENTED_EDGE('',*,*,#822,.F.);
#533=ORIENTED_EDGE('',*,*,#842,.F.);
#534=ORIENTED_EDGE('',*,*,#823,.T.);
#535=ORIENTED_EDGE('',*,*,#841,.F.);
#536=ORIENTED_EDGE('',*,*,#843,.F.);
#537=ORIENTED_EDGE('',*,*,#844,.T.);
#538=ORIENTED_EDGE('',*,*,#824,.T.);
#539=ORIENTED_EDGE('',*,*,#844,.F.);
#540=ORIENTED_EDGE('',*,*,#845,.F.);
#541=ORIENTED_EDGE('',*,*,#846,.T.);
#542=ORIENTED_EDGE('',*,*,#825,.T.);
#543=ORIENTED_EDGE('',*,*,#846,.F.);
#544=ORIENTED_EDGE('',*,*,#847,.F.);
#545=ORIENTED_EDGE('',*,*,#848,.T.);
#546=ORIENTED_EDGE('',*,*,#826,.T.);
#547=ORIENTED_EDGE('',*,*,#848,.F.);
#548=ORIENTED_EDGE('',*,*,#849,.F.);
#549=ORIENTED_EDGE('',*,*,#850,.T.);
#550=ORIENTED_EDGE('',*,*,#827,.F.);
#551=ORIENTED_EDGE('',*,*,#850,.F.);
#552=ORIENTED_EDGE('',*,*,#851,.T.);
#553=ORIENTED_EDGE('',*,*,#852,.T.);
#554=ORIENTED_EDGE('',*,*,#814,.T.);
#555=ORIENTED_EDGE('',*,*,#853,.F.);
#556=ORIENTED_EDGE('',*,*,#828,.T.);
#557=ORIENTED_EDGE('',*,*,#852,.F.);
#558=ORIENTED_EDGE('',*,*,#854,.F.);
#559=ORIENTED_EDGE('',*,*,#829,.T.);
#560=ORIENTED_EDGE('',*,*,#830,.F.);
#561=ORIENTED_EDGE('',*,*,#854,.T.);
#562=ORIENTED_EDGE('',*,*,#851,.F.);
#563=ORIENTED_EDGE('',*,*,#849,.T.);
#564=ORIENTED_EDGE('',*,*,#847,.T.);
#565=ORIENTED_EDGE('',*,*,#845,.T.);
#566=ORIENTED_EDGE('',*,*,#843,.T.);
#567=ORIENTED_EDGE('',*,*,#840,.F.);
#568=ORIENTED_EDGE('',*,*,#838,.T.);
#569=ORIENTED_EDGE('',*,*,#836,.T.);
#570=ORIENTED_EDGE('',*,*,#834,.T.);
#571=ORIENTED_EDGE('',*,*,#832,.T.);
#572=ORIENTED_EDGE('',*,*,#813,.T.);
#573=ORIENTED_EDGE('',*,*,#855,.F.);
#574=ORIENTED_EDGE('',*,*,#856,.F.);
#575=ORIENTED_EDGE('',*,*,#857,.F.);
#576=ORIENTED_EDGE('',*,*,#858,.T.);
#577=ORIENTED_EDGE('',*,*,#859,.T.);
#578=ORIENTED_EDGE('',*,*,#859,.F.);
#579=ORIENTED_EDGE('',*,*,#860,.F.);
#580=ORIENTED_EDGE('',*,*,#861,.T.);
#581=ORIENTED_EDGE('',*,*,#853,.T.);
#582=ORIENTED_EDGE('',*,*,#861,.F.);
#583=ORIENTED_EDGE('',*,*,#862,.F.);
#584=ORIENTED_EDGE('',*,*,#863,.F.);
#585=ORIENTED_EDGE('',*,*,#864,.T.);
#586=ORIENTED_EDGE('',*,*,#865,.T.);
#587=ORIENTED_EDGE('',*,*,#821,.T.);
#588=ORIENTED_EDGE('',*,*,#865,.F.);
#589=ORIENTED_EDGE('',*,*,#866,.F.);
#590=ORIENTED_EDGE('',*,*,#855,.T.);
#591=ORIENTED_EDGE('',*,*,#842,.T.);
#592=ORIENTED_EDGE('',*,*,#858,.F.);
#593=ORIENTED_EDGE('',*,*,#810,.F.);
#594=ORIENTED_EDGE('',*,*,#862,.T.);
#595=ORIENTED_EDGE('',*,*,#860,.T.);
#596=ORIENTED_EDGE('',*,*,#864,.F.);
#597=ORIENTED_EDGE('',*,*,#867,.F.);
#598=ORIENTED_EDGE('',*,*,#856,.T.);
#599=ORIENTED_EDGE('',*,*,#866,.T.);
#600=ORIENTED_EDGE('',*,*,#868,.T.);
#601=ORIENTED_EDGE('',*,*,#863,.T.);
#602=ORIENTED_EDGE('',*,*,#809,.T.);
#603=ORIENTED_EDGE('',*,*,#869,.T.);
#604=ORIENTED_EDGE('',*,*,#870,.T.);
#605=ORIENTED_EDGE('',*,*,#871,.T.);
#606=ORIENTED_EDGE('',*,*,#872,.T.);
#607=ORIENTED_EDGE('',*,*,#870,.F.);
#608=ORIENTED_EDGE('',*,*,#873,.F.);
#609=ORIENTED_EDGE('',*,*,#874,.T.);
#610=ORIENTED_EDGE('',*,*,#875,.T.);
#611=ORIENTED_EDGE('',*,*,#873,.T.);
#612=ORIENTED_EDGE('',*,*,#869,.F.);
#613=ORIENTED_EDGE('',*,*,#808,.F.);
#614=ORIENTED_EDGE('',*,*,#876,.T.);
#615=ORIENTED_EDGE('',*,*,#877,.T.);
#616=ORIENTED_EDGE('',*,*,#878,.F.);
#617=ORIENTED_EDGE('',*,*,#812,.T.);
#618=ORIENTED_EDGE('',*,*,#879,.F.);
#619=ORIENTED_EDGE('',*,*,#880,.F.);
#620=ORIENTED_EDGE('',*,*,#881,.T.);
#621=ORIENTED_EDGE('',*,*,#882,.T.);
#622=ORIENTED_EDGE('',*,*,#883,.F.);
#623=ORIENTED_EDGE('',*,*,#880,.T.);
#624=ORIENTED_EDGE('',*,*,#884,.F.);
#625=ORIENTED_EDGE('',*,*,#885,.F.);
#626=ORIENTED_EDGE('',*,*,#886,.T.);
#627=ORIENTED_EDGE('',*,*,#885,.T.);
#628=ORIENTED_EDGE('',*,*,#887,.F.);
#629=ORIENTED_EDGE('',*,*,#888,.F.);
#630=ORIENTED_EDGE('',*,*,#889,.F.);
#631=ORIENTED_EDGE('',*,*,#867,.T.);
#632=ORIENTED_EDGE('',*,*,#868,.F.);
#633=ORIENTED_EDGE('',*,*,#872,.F.);
#634=ORIENTED_EDGE('',*,*,#871,.F.);
#635=ORIENTED_EDGE('',*,*,#875,.F.);
#636=ORIENTED_EDGE('',*,*,#890,.T.);
#637=ORIENTED_EDGE('',*,*,#891,.T.);
#638=ORIENTED_EDGE('',*,*,#892,.T.);
#639=ORIENTED_EDGE('',*,*,#893,.T.);
#640=ORIENTED_EDGE('',*,*,#894,.T.);
#641=ORIENTED_EDGE('',*,*,#895,.T.);
#642=ORIENTED_EDGE('',*,*,#811,.T.);
#643=ORIENTED_EDGE('',*,*,#857,.T.);
#644=ORIENTED_EDGE('',*,*,#889,.T.);
#645=ORIENTED_EDGE('',*,*,#888,.T.);
#646=ORIENTED_EDGE('',*,*,#887,.T.);
#647=ORIENTED_EDGE('',*,*,#884,.T.);
#648=ORIENTED_EDGE('',*,*,#879,.T.);
#649=ORIENTED_EDGE('',*,*,#896,.T.);
#650=ORIENTED_EDGE('',*,*,#897,.F.);
#651=ORIENTED_EDGE('',*,*,#890,.F.);
#652=ORIENTED_EDGE('',*,*,#898,.T.);
#653=ORIENTED_EDGE('',*,*,#899,.T.);
#654=ORIENTED_EDGE('',*,*,#900,.F.);
#655=ORIENTED_EDGE('',*,*,#891,.F.);
#656=ORIENTED_EDGE('',*,*,#897,.T.);
#657=ORIENTED_EDGE('',*,*,#893,.F.);
#658=ORIENTED_EDGE('',*,*,#901,.F.);
#659=ORIENTED_EDGE('',*,*,#892,.F.);
#660=ORIENTED_EDGE('',*,*,#900,.T.);
#661=ORIENTED_EDGE('',*,*,#902,.T.);
#662=ORIENTED_EDGE('',*,*,#903,.F.);
#663=ORIENTED_EDGE('',*,*,#904,.T.);
#664=ORIENTED_EDGE('',*,*,#905,.F.);
#665=ORIENTED_EDGE('',*,*,#894,.F.);
#666=ORIENTED_EDGE('',*,*,#903,.T.);
#667=ORIENTED_EDGE('',*,*,#906,.T.);
#668=ORIENTED_EDGE('',*,*,#907,.F.);
#669=ORIENTED_EDGE('',*,*,#895,.F.);
#670=ORIENTED_EDGE('',*,*,#905,.T.);
#671=ORIENTED_EDGE('',*,*,#907,.T.);
#672=ORIENTED_EDGE('',*,*,#908,.F.);
#673=ORIENTED_EDGE('',*,*,#898,.F.);
#674=ORIENTED_EDGE('',*,*,#874,.F.);
#675=ORIENTED_EDGE('',*,*,#878,.T.);
#676=ORIENTED_EDGE('',*,*,#909,.T.);
#677=ORIENTED_EDGE('',*,*,#881,.F.);
#678=ORIENTED_EDGE('',*,*,#886,.F.);
#679=ORIENTED_EDGE('',*,*,#910,.F.);
#680=ORIENTED_EDGE('',*,*,#805,.F.);
#681=ORIENTED_EDGE('',*,*,#883,.T.);
#682=ORIENTED_EDGE('',*,*,#911,.F.);
#683=ORIENTED_EDGE('',*,*,#876,.F.);
#684=ORIENTED_EDGE('',*,*,#807,.F.);
#685=ORIENTED_EDGE('',*,*,#909,.F.);
#686=ORIENTED_EDGE('',*,*,#877,.F.);
#687=ORIENTED_EDGE('',*,*,#911,.T.);
#688=ORIENTED_EDGE('',*,*,#882,.F.);
#689=ORIENTED_EDGE('',*,*,#912,.F.);
#690=ORIENTED_EDGE('',*,*,#896,.F.);
#691=ORIENTED_EDGE('',*,*,#908,.T.);
#692=ORIENTED_EDGE('',*,*,#906,.F.);
#693=ORIENTED_EDGE('',*,*,#902,.F.);
#694=ORIENTED_EDGE('',*,*,#899,.F.);
#695=ORIENTED_EDGE('',*,*,#912,.T.);
#696=ORIENTED_EDGE('',*,*,#904,.F.);
#697=ORIENTED_EDGE('',*,*,#913,.F.);
#698=ORIENTED_EDGE('',*,*,#901,.T.);
#699=ORIENTED_EDGE('',*,*,#914,.F.);
#700=ORIENTED_EDGE('',*,*,#913,.T.);
#701=ORIENTED_EDGE('',*,*,#914,.T.);
#702=ORIENTED_EDGE('',*,*,#915,.F.);
#703=ORIENTED_EDGE('',*,*,#916,.F.);
#704=ORIENTED_EDGE('',*,*,#915,.T.);
#705=ORIENTED_EDGE('',*,*,#916,.T.);
#706=ORIENTED_EDGE('',*,*,#917,.F.);
#707=ORIENTED_EDGE('',*,*,#918,.F.);
#708=ORIENTED_EDGE('',*,*,#917,.T.);
#709=ORIENTED_EDGE('',*,*,#918,.T.);
#710=ORIENTED_EDGE('',*,*,#919,.F.);
#711=ORIENTED_EDGE('',*,*,#920,.F.);
#712=ORIENTED_EDGE('',*,*,#919,.T.);
#713=ORIENTED_EDGE('',*,*,#921,.F.);
#714=ORIENTED_EDGE('',*,*,#920,.T.);
#715=ORIENTED_EDGE('',*,*,#806,.F.);
#716=ORIENTED_EDGE('',*,*,#910,.T.);
#717=ORIENTED_EDGE('',*,*,#921,.T.);
#718=EDGE_CURVE('',#922,#922,#1063,.F.);
#719=EDGE_CURVE('',#923,#924,#1064,.F.);
#720=EDGE_CURVE('',#923,#925,#106,.T.);
#721=EDGE_CURVE('',#926,#925,#107,.T.);
#722=EDGE_CURVE('',#926,#927,#108,.T.);
#723=EDGE_CURVE('',#928,#927,#1065,.F.);
#724=EDGE_CURVE('',#928,#924,#109,.T.);
#725=EDGE_CURVE('',#929,#929,#1066,.F.);
#726=EDGE_CURVE('',#930,#931,#1067,.F.);
#727=EDGE_CURVE('',#930,#932,#110,.T.);
#728=EDGE_CURVE('',#933,#932,#1068,.F.);
#729=EDGE_CURVE('',#933,#934,#111,.T.);
#730=EDGE_CURVE('',#934,#935,#112,.T.);
#731=EDGE_CURVE('',#935,#931,#113,.T.);
#732=EDGE_CURVE('',#936,#936,#1069,.F.);
#733=EDGE_CURVE('',#937,#938,#1070,.F.);
#734=EDGE_CURVE('',#939,#937,#114,.T.);
#735=EDGE_CURVE('',#939,#940,#72,.T.);
#736=EDGE_CURVE('',#940,#941,#73,.T.);
#737=EDGE_CURVE('',#941,#942,#74,.T.);
#738=EDGE_CURVE('',#938,#942,#115,.T.);
#739=EDGE_CURVE('',#943,#943,#1071,.F.);
#740=EDGE_CURVE('',#944,#945,#1072,.F.);
#741=EDGE_CURVE('',#946,#944,#116,.T.);
#742=EDGE_CURVE('',#946,#947,#75,.T.);
#743=EDGE_CURVE('',#947,#948,#76,.T.);
#744=EDGE_CURVE('',#948,#949,#77,.T.);
#745=EDGE_CURVE('',#945,#949,#117,.T.);
#746=EDGE_CURVE('',#950,#951,#118,.T.);
#747=EDGE_CURVE('',#950,#952,#1073,.F.);
#748=EDGE_CURVE('',#952,#953,#119,.T.);
#749=EDGE_CURVE('',#953,#951,#120,.T.);
#750=EDGE_CURVE('',#928,#924,#78,.T.);
#751=EDGE_CURVE('',#930,#932,#79,.T.);
#752=EDGE_CURVE('',#954,#939,#80,.T.);
#753=EDGE_CURVE('',#940,#954,#1074,.T.);
#754=EDGE_CURVE('',#955,#941,#1075,.T.);
#755=EDGE_CURVE('',#942,#955,#81,.T.);
#756=EDGE_CURVE('',#956,#946,#82,.T.);
#757=EDGE_CURVE('',#947,#956,#1076,.T.);
#758=EDGE_CURVE('',#957,#948,#1077,.T.);
#759=EDGE_CURVE('',#949,#957,#83,.T.);
#760=EDGE_CURVE('',#958,#958,#1078,.T.);
#761=EDGE_CURVE('',#955,#956,#84,.T.);
#762=EDGE_CURVE('',#957,#954,#85,.T.);
#763=EDGE_CURVE('',#927,#937,#86,.T.);
#764=EDGE_CURVE('',#959,#926,#121,.T.);
#765=EDGE_CURVE('',#960,#959,#122,.T.);
#766=EDGE_CURVE('',#934,#960,#123,.T.);
#767=EDGE_CURVE('',#945,#933,#87,.T.);
#768=EDGE_CURVE('',#938,#923,#88,.T.);
#769=EDGE_CURVE('',#931,#944,#89,.T.);
#770=EDGE_CURVE('',#951,#935,#124,.T.);
#771=EDGE_CURVE('',#925,#953,#125,.T.);
#772=EDGE_CURVE('',#952,#961,#52,.F.);
#773=EDGE_CURVE('',#959,#961,#126,.T.);
#774=EDGE_CURVE('',#960,#962,#127,.T.);
#775=EDGE_CURVE('',#962,#950,#53,.F.);
#776=EDGE_CURVE('',#961,#962,#1079,.F.);
#777=EDGE_CURVE('',#963,#963,#1080,.T.);
#778=EDGE_CURVE('',#964,#964,#1081,.T.);
#779=EDGE_CURVE('',#965,#965,#1082,.F.);
#780=EDGE_CURVE('',#966,#966,#1083,.T.);
#781=EDGE_CURVE('',#967,#967,#1084,.T.);
#782=EDGE_CURVE('',#968,#968,#1085,.T.);
#783=EDGE_CURVE('',#969,#970,#90,.T.);
#784=EDGE_CURVE('',#970,#971,#91,.T.);
#785=EDGE_CURVE('',#971,#972,#92,.T.);
#786=EDGE_CURVE('',#972,#973,#93,.T.);
#787=EDGE_CURVE('',#973,#974,#94,.T.);
#788=EDGE_CURVE('',#974,#969,#95,.T.);
#789=EDGE_CURVE('',#972,#975,#128,.T.);
#790=EDGE_CURVE('',#976,#975,#96,.T.);
#791=EDGE_CURVE('',#973,#976,#129,.T.);
#792=EDGE_CURVE('',#971,#977,#130,.T.);
#793=EDGE_CURVE('',#975,#977,#97,.T.);
#794=EDGE_CURVE('',#970,#978,#131,.T.);
#795=EDGE_CURVE('',#977,#978,#98,.T.);
#796=EDGE_CURVE('',#969,#979,#132,.T.);
#797=EDGE_CURVE('',#978,#979,#99,.T.);
#798=EDGE_CURVE('',#974,#980,#133,.T.);
#799=EDGE_CURVE('',#979,#980,#100,.T.);
#800=EDGE_CURVE('',#980,#976,#101,.T.);
#801=EDGE_CURVE('',#981,#981,#1086,.T.);
#802=EDGE_CURVE('',#982,#982,#1087,.T.);
#803=EDGE_CURVE('',#983,#983,#1088,.T.);
#804=EDGE_CURVE('',#984,#984,#1089,.T.);
#805=EDGE_CURVE('',#985,#986,#134,.T.);
#806=EDGE_CURVE('',#986,#987,#54,.F.);
#807=EDGE_CURVE('',#987,#988,#135,.T.);
#808=EDGE_CURVE('',#988,#989,#136,.T.);
#809=EDGE_CURVE('',#990,#989,#137,.T.);
#810=EDGE_CURVE('',#990,#991,#1090,.F.);
#811=EDGE_CURVE('',#992,#991,#138,.T.);
#812=EDGE_CURVE('',#985,#992,#139,.T.);
#813=EDGE_CURVE('',#993,#994,#140,.F.);
#814=EDGE_CURVE('',#995,#993,#102,.F.);
#815=EDGE_CURVE('',#995,#996,#1091,.T.);
#816=EDGE_CURVE('',#997,#996,#141,.T.);
#817=EDGE_CURVE('',#998,#997,#142,.T.);
#818=EDGE_CURVE('',#999,#998,#143,.T.);
#819=EDGE_CURVE('',#1000,#999,#1092,.T.);
#820=EDGE_CURVE('',#1000,#994,#103,.T.);
#821=EDGE_CURVE('',#1001,#1002,#144,.F.);
#822=EDGE_CURVE('',#1001,#1003,#104,.T.);
#823=EDGE_CURVE('',#1004,#1003,#1093,.T.);
#824=EDGE_CURVE('',#1005,#1004,#145,.T.);
#825=EDGE_CURVE('',#1006,#1005,#146,.T.);
#826=EDGE_CURVE('',#1007,#1006,#147,.T.);
#827=EDGE_CURVE('',#1007,#1008,#1094,.T.);
#828=EDGE_CURVE('',#1002,#1008,#105,.F.);
#829=EDGE_CURVE('',#1009,#995,#148,.T.);
#830=EDGE_CURVE('',#1009,#1010,#1095,.T.);
#831=EDGE_CURVE('',#1010,#996,#149,.T.);
#832=EDGE_CURVE('',#1011,#1010,#150,.T.);
#833=EDGE_CURVE('',#1011,#997,#151,.T.);
#834=EDGE_CURVE('',#1012,#1011,#152,.T.);
#835=EDGE_CURVE('',#1012,#998,#153,.T.);
#836=EDGE_CURVE('',#1013,#1012,#154,.T.);
#837=EDGE_CURVE('',#1013,#999,#155,.T.);
#838=EDGE_CURVE('',#1014,#1013,#1096,.T.);
#839=EDGE_CURVE('',#1014,#1000,#156,.T.);
#840=EDGE_CURVE('',#1014,#1015,#1097,.T.);
#841=EDGE_CURVE('',#1015,#1003,#157,.T.);
#842=EDGE_CURVE('',#994,#1001,#1098,.T.);
#843=EDGE_CURVE('',#1016,#1015,#1099,.T.);
#844=EDGE_CURVE('',#1016,#1004,#158,.T.);
#845=EDGE_CURVE('',#1017,#1016,#159,.T.);
#846=EDGE_CURVE('',#1017,#1005,#160,.T.);
#847=EDGE_CURVE('',#1018,#1017,#161,.T.);
#848=EDGE_CURVE('',#1018,#1006,#162,.T.);
#849=EDGE_CURVE('',#1019,#1018,#163,.T.);
#850=EDGE_CURVE('',#1019,#1007,#164,.T.);
#851=EDGE_CURVE('',#1019,#1020,#1100,.T.);
#852=EDGE_CURVE('',#1020,#1008,#165,.T.);
#853=EDGE_CURVE('',#1002,#993,#1101,.F.);
#854=EDGE_CURVE('',#1009,#1020,#1102,.T.);
#855=EDGE_CURVE('',#1021,#994,#166,.T.);
#856=EDGE_CURVE('',#1022,#1021,#167,.T.);
#857=EDGE_CURVE('',#991,#1022,#168,.F.);
#858=EDGE_CURVE('',#991,#1023,#169,.T.);
#859=EDGE_CURVE('',#1023,#993,#170,.T.);
#860=EDGE_CURVE('',#1024,#1023,#1103,.F.);
#861=EDGE_CURVE('',#1024,#1002,#171,.T.);
#862=EDGE_CURVE('',#990,#1024,#172,.T.);
#863=EDGE_CURVE('',#1025,#990,#173,.F.);
#864=EDGE_CURVE('',#1025,#1026,#174,.T.);
#865=EDGE_CURVE('',#1026,#1001,#175,.T.);
#866=EDGE_CURVE('',#1021,#1026,#1104,.T.);
#867=EDGE_CURVE('',#1022,#1025,#1105,.T.);
#868=EDGE_CURVE('',#1027,#1025,#176,.T.);
#869=EDGE_CURVE('',#989,#1028,#177,.T.);
#870=EDGE_CURVE('',#1028,#1029,#178,.T.);
#871=EDGE_CURVE('',#1029,#1030,#179,.T.);
#872=EDGE_CURVE('',#1030,#1027,#1106,.T.);
#873=EDGE_CURVE('',#1031,#1028,#180,.T.);
#874=EDGE_CURVE('',#1031,#1032,#181,.T.);
#875=EDGE_CURVE('',#1032,#1029,#182,.T.);
#876=EDGE_CURVE('',#988,#1033,#183,.T.);
#877=EDGE_CURVE('',#1033,#1034,#184,.T.);
#878=EDGE_CURVE('',#1031,#1034,#185,.T.);
#879=EDGE_CURVE('',#1035,#992,#186,.T.);
#880=EDGE_CURVE('',#1036,#1035,#187,.T.);
#881=EDGE_CURVE('',#1036,#1037,#188,.T.);
#882=EDGE_CURVE('',#1037,#1038,#189,.T.);
#883=EDGE_CURVE('',#985,#1038,#190,.T.);
#884=EDGE_CURVE('',#1039,#1035,#191,.T.);
#885=EDGE_CURVE('',#1040,#1039,#192,.T.);
#886=EDGE_CURVE('',#1040,#1036,#193,.T.);
#887=EDGE_CURVE('',#1041,#1039,#194,.T.);
#888=EDGE_CURVE('',#1042,#1041,#1107,.T.);
#889=EDGE_CURVE('',#1022,#1042,#195,.T.);
#890=EDGE_CURVE('',#1032,#1043,#196,.T.);
#891=EDGE_CURVE('',#1043,#1044,#1108,.T.);
#892=EDGE_CURVE('',#1044,#1045,#197,.T.);
#893=EDGE_CURVE('',#1045,#1046,#198,.T.);
#894=EDGE_CURVE('',#1046,#1047,#1109,.T.);
#895=EDGE_CURVE('',#1047,#1040,#199,.T.);
#896=EDGE_CURVE('',#1048,#1049,#200,.T.);
#897=EDGE_CURVE('',#1043,#1049,#201,.T.);
#898=EDGE_CURVE('',#1032,#1048,#202,.T.);
#899=EDGE_CURVE('',#1049,#1050,#1110,.T.);
#900=EDGE_CURVE('',#1044,#1050,#203,.T.);
#901=EDGE_CURVE('',#1045,#1045,#1111,.F.);
#902=EDGE_CURVE('',#1050,#1051,#1112,.T.);
#903=EDGE_CURVE('',#1046,#1051,#204,.T.);
#904=EDGE_CURVE('',#1051,#1052,#1113,.T.);
#905=EDGE_CURVE('',#1047,#1052,#205,.T.);
#906=EDGE_CURVE('',#1052,#1053,#206,.T.);
#907=EDGE_CURVE('',#1040,#1053,#207,.T.);
#908=EDGE_CURVE('',#1048,#1053,#1114,.T.);
#909=EDGE_CURVE('',#1034,#1037,#1115,.T.);
#910=EDGE_CURVE('',#986,#987,#1116,.F.);
#911=EDGE_CURVE('',#1033,#1038,#1117,.T.);
#912=EDGE_CURVE('',#1049,#1052,#1118,.T.);
#913=EDGE_CURVE('',#1054,#1054,#1119,.T.);
#914=EDGE_CURVE('',#1055,#1055,#1120,.T.);
#915=EDGE_CURVE('',#1056,#1056,#1121,.T.);
#916=EDGE_CURVE('',#1057,#1057,#1122,.T.);
#917=EDGE_CURVE('',#1058,#1058,#1123,.T.);
#918=EDGE_CURVE('',#1059,#1059,#1124,.T.);
#919=EDGE_CURVE('',#1060,#1060,#1125,.T.);
#920=EDGE_CURVE('',#1061,#1061,#1126,.T.);
#921=EDGE_CURVE('',#1062,#1062,#1127,.T.);
#922=VERTEX_POINT('',#2110);
#923=VERTEX_POINT('',#2112);
#924=VERTEX_POINT('',#2113);
#925=VERTEX_POINT('',#2115);
#926=VERTEX_POINT('',#2117);
#927=VERTEX_POINT('',#2119);
#928=VERTEX_POINT('',#2121);
#929=VERTEX_POINT('',#2125);
#930=VERTEX_POINT('',#2127);
#931=VERTEX_POINT('',#2128);
#932=VERTEX_POINT('',#2130);
#933=VERTEX_POINT('',#2132);
#934=VERTEX_POINT('',#2134);
#935=VERTEX_POINT('',#2136);
#936=VERTEX_POINT('',#2140);
#937=VERTEX_POINT('',#2142);
#938=VERTEX_POINT('',#2143);
#939=VERTEX_POINT('',#2145);
#940=VERTEX_POINT('',#2150);
#941=VERTEX_POINT('',#2156);
#942=VERTEX_POINT('',#2161);
#943=VERTEX_POINT('',#2165);
#944=VERTEX_POINT('',#2167);
#945=VERTEX_POINT('',#2168);
#946=VERTEX_POINT('',#2170);
#947=VERTEX_POINT('',#2175);
#948=VERTEX_POINT('',#2181);
#949=VERTEX_POINT('',#2186);
#950=VERTEX_POINT('',#2190);
#951=VERTEX_POINT('',#2191);
#952=VERTEX_POINT('',#2193);
#953=VERTEX_POINT('',#2195);
#954=VERTEX_POINT('',#2212);
#955=VERTEX_POINT('',#2216);
#956=VERTEX_POINT('',#2226);
#957=VERTEX_POINT('',#2230);
#958=VERTEX_POINT('',#2237);
#959=VERTEX_POINT('',#2254);
#960=VERTEX_POINT('',#2256);
#961=VERTEX_POINT('',#2275);
#962=VERTEX_POINT('',#2279);
#963=VERTEX_POINT('',#2285);
#964=VERTEX_POINT('',#2288);
#965=VERTEX_POINT('',#2291);
#966=VERTEX_POINT('',#2296);
#967=VERTEX_POINT('',#2303);
#968=VERTEX_POINT('',#2305);
#969=VERTEX_POINT('',#2312);
#970=VERTEX_POINT('',#2313);
#971=VERTEX_POINT('',#2319);
#972=VERTEX_POINT('',#2325);
#973=VERTEX_POINT('',#2331);
#974=VERTEX_POINT('',#2337);
#975=VERTEX_POINT('',#2345);
#976=VERTEX_POINT('',#2351);
#977=VERTEX_POINT('',#2355);
#978=VERTEX_POINT('',#2363);
#979=VERTEX_POINT('',#2371);
#980=VERTEX_POINT('',#2379);
#981=VERTEX_POINT('',#2393);
#982=VERTEX_POINT('',#2395);
#983=VERTEX_POINT('',#2399);
#984=VERTEX_POINT('',#2402);
#985=VERTEX_POINT('',#2407);
#986=VERTEX_POINT('',#2408);
#987=VERTEX_POINT('',#2410);
#988=VERTEX_POINT('',#2412);
#989=VERTEX_POINT('',#2414);
#990=VERTEX_POINT('',#2416);
#991=VERTEX_POINT('',#2418);
#992=VERTEX_POINT('',#2420);
#993=VERTEX_POINT('',#2424);
#994=VERTEX_POINT('',#2425);
#995=VERTEX_POINT('',#2430);
#996=VERTEX_POINT('',#2432);
#997=VERTEX_POINT('',#2434);
#998=VERTEX_POINT('',#2436);
#999=VERTEX_POINT('',#2438);
#1000=VERTEX_POINT('',#2440);
#1001=VERTEX_POINT('',#2447);
#1002=VERTEX_POINT('',#2448);
#1003=VERTEX_POINT('',#2460);
#1004=VERTEX_POINT('',#2462);
#1005=VERTEX_POINT('',#2464);
#1006=VERTEX_POINT('',#2466);
#1007=VERTEX_POINT('',#2468);
#1008=VERTEX_POINT('',#2470);
#1009=VERTEX_POINT('',#2484);
#1010=VERTEX_POINT('',#2486);
#1011=VERTEX_POINT('',#2490);
#1012=VERTEX_POINT('',#2494);
#1013=VERTEX_POINT('',#2498);
#1014=VERTEX_POINT('',#2502);
#1015=VERTEX_POINT('',#2506);
#1016=VERTEX_POINT('',#2511);
#1017=VERTEX_POINT('',#2515);
#1018=VERTEX_POINT('',#2519);
#1019=VERTEX_POINT('',#2523);
#1020=VERTEX_POINT('',#2527);
#1021=VERTEX_POINT('',#2535);
#1022=VERTEX_POINT('',#2537);
#1023=VERTEX_POINT('',#2540);
#1024=VERTEX_POINT('',#2551);
#1025=VERTEX_POINT('',#2556);
#1026=VERTEX_POINT('',#2558);
#1027=VERTEX_POINT('',#2588);
#1028=VERTEX_POINT('',#2590);
#1029=VERTEX_POINT('',#2592);
#1030=VERTEX_POINT('',#2594);
#1031=VERTEX_POINT('',#2598);
#1032=VERTEX_POINT('',#2600);
#1033=VERTEX_POINT('',#2604);
#1034=VERTEX_POINT('',#2606);
#1035=VERTEX_POINT('',#2610);
#1036=VERTEX_POINT('',#2612);
#1037=VERTEX_POINT('',#2614);
#1038=VERTEX_POINT('',#2616);
#1039=VERTEX_POINT('',#2620);
#1040=VERTEX_POINT('',#2622);
#1041=VERTEX_POINT('',#2657);
#1042=VERTEX_POINT('',#2659);
#1043=VERTEX_POINT('',#2662);
#1044=VERTEX_POINT('',#2664);
#1045=VERTEX_POINT('',#2666);
#1046=VERTEX_POINT('',#2668);
#1047=VERTEX_POINT('',#2670);
#1048=VERTEX_POINT('',#2675);
#1049=VERTEX_POINT('',#2676);
#1050=VERTEX_POINT('',#2681);
#1051=VERTEX_POINT('',#2686);
#1052=VERTEX_POINT('',#2690);
#1053=VERTEX_POINT('',#2694);
#1054=VERTEX_POINT('',#2708);
#1055=VERTEX_POINT('',#2711);
#1056=VERTEX_POINT('',#2715);
#1057=VERTEX_POINT('',#2718);
#1058=VERTEX_POINT('',#2721);
#1059=VERTEX_POINT('',#2724);
#1060=VERTEX_POINT('',#2727);
#1061=VERTEX_POINT('',#2730);
#1062=VERTEX_POINT('',#2733);
#1063=CIRCLE('',#1539,5.);
#1064=CIRCLE('',#1540,32.042264973081);
#1065=CIRCLE('',#1541,32.042264973081);
#1066=CIRCLE('',#1543,5.);
#1067=CIRCLE('',#1544,32.042264973081);
#1068=CIRCLE('',#1545,32.042264973081);
#1069=CIRCLE('',#1547,5.);
#1070=CIRCLE('',#1548,29.1555136271329);
#1071=CIRCLE('',#1550,5.);
#1072=CIRCLE('',#1551,29.1555136271329);
#1073=CIRCLE('',#1553,4.188);
#1074=CIRCLE('',#1557,10.25);
#1075=CIRCLE('',#1559,10.25);
#1076=CIRCLE('',#1561,10.25);
#1077=CIRCLE('',#1563,10.25);
#1078=CIRCLE('',#1565,9.);
#1079=CIRCLE('',#1573,4.188);
#1080=CIRCLE('',#1575,9.);
#1081=CIRCLE('',#1577,8.1);
#1082=CIRCLE('',#1579,4.9);
#1083=CIRCLE('',#1583,4.188);
#1084=CIRCLE('',#1589,8.45);
#1085=CIRCLE('',#1590,5.);
#1086=CIRCLE('',#1599,5.);
#1087=CIRCLE('',#1600,8.45);
#1088=CIRCLE('',#1603,4.188);
#1089=CIRCLE('',#1605,4.188);
#1090=CIRCLE('',#1610,11000.4999941826);
#1091=CIRCLE('',#1612,1.);
#1092=CIRCLE('',#1613,1.5);
#1093=CIRCLE('',#1615,1.5);
#1094=CIRCLE('',#1616,1.);
#1095=CIRCLE('',#1618,1.);
#1096=CIRCLE('',#1623,1.5);
#1097=CIRCLE('',#1625,9.);
#1098=CIRCLE('',#1626,9.00000000000001);
#1099=CIRCLE('',#1628,1.5);
#1100=CIRCLE('',#1633,1.);
#1101=CIRCLE('',#1635,9.50000000000001);
#1102=CIRCLE('',#1636,9.5);
#1103=CIRCLE('',#1639,50.5000000000004);
#1104=CIRCLE('',#1641,50.0000000000002);
#1105=CIRCLE('',#1642,11000.000017279);
#1106=CIRCLE('',#1644,0.749999999999999);
#1107=CIRCLE('',#1649,0.750000000000001);
#1108=CIRCLE('',#1650,0.749999999999998);
#1109=CIRCLE('',#1651,0.749999999999999);
#1110=CIRCLE('',#1655,0.749999999999998);
#1111=CIRCLE('',#1657,5.);
#1112=CIRCLE('',#1658,6.4);
#1113=CIRCLE('',#1660,0.749999999999999);
#1114=CIRCLE('',#1663,7.15);
#1115=CIRCLE('',#1664,6.65);
#1116=CIRCLE('',#1666,5.5);
#1117=CIRCLE('',#1667,6.65);
#1118=CIRCLE('',#1670,7.15);
#1119=CIRCLE('',#1673,5.);
#1120=CIRCLE('',#1675,3.84529946162075);
#1121=CIRCLE('',#1678,1.55);
#1122=CIRCLE('',#1680,1.55);
#1123=CIRCLE('',#1682,2.35);
#1124=CIRCLE('',#1684,2.7);
#1125=CIRCLE('',#1686,3.5);
#1126=CIRCLE('',#1688,3.5);
#1127=CIRCLE('',#1690,5.5);
#1128=EDGE_LOOP('',(#310));
#1129=EDGE_LOOP('',(#311,#312,#313,#314,#315,#316));
#1130=EDGE_LOOP('',(#317));
#1131=EDGE_LOOP('',(#318,#319,#320,#321,#322,#323));
#1132=EDGE_LOOP('',(#324));
#1133=EDGE_LOOP('',(#325,#326,#327,#328,#329,#330));
#1134=EDGE_LOOP('',(#331));
#1135=EDGE_LOOP('',(#332,#333,#334,#335,#336,#337));
#1136=EDGE_LOOP('',(#338,#339,#340,#341));
#1137=EDGE_LOOP('',(#342,#343));
#1138=EDGE_LOOP('',(#344,#345));
#1139=EDGE_LOOP('',(#346,#347,#348));
#1140=EDGE_LOOP('',(#349,#350,#351));
#1141=EDGE_LOOP('',(#352,#353,#354));
#1142=EDGE_LOOP('',(#355,#356,#357));
#1143=EDGE_LOOP('',(#358));
#1144=EDGE_LOOP('',(#359,#360,#361,#362,#363,#364,#365,#366));
#1145=EDGE_LOOP('',(#367,#368,#369,#370,#371,#372,#373,#374,#375,#376,#377,
#378));
#1146=EDGE_LOOP('',(#379,#380,#381,#382,#383,#384,#385,#386,#387,#388,#389,
#390));
#1147=EDGE_LOOP('',(#391,#392,#393,#394,#395,#396));
#1148=EDGE_LOOP('',(#397,#398,#399,#400,#401,#402));
#1149=EDGE_LOOP('',(#403,#404,#405,#406));
#1150=EDGE_LOOP('',(#407));
#1151=EDGE_LOOP('',(#408));
#1152=EDGE_LOOP('',(#409));
#1153=EDGE_LOOP('',(#410));
#1154=EDGE_LOOP('',(#411));
#1155=EDGE_LOOP('',(#412));
#1156=EDGE_LOOP('',(#413));
#1157=EDGE_LOOP('',(#414));
#1158=EDGE_LOOP('',(#415));
#1159=EDGE_LOOP('',(#416));
#1160=EDGE_LOOP('',(#417));
#1161=EDGE_LOOP('',(#418));
#1162=EDGE_LOOP('',(#419));
#1163=EDGE_LOOP('',(#420,#421,#422,#423));
#1164=EDGE_LOOP('',(#424,#425,#426,#427,#428,#429));
#1165=EDGE_LOOP('',(#430,#431,#432,#433,#434,#435));
#1166=EDGE_LOOP('',(#436));
#1167=EDGE_LOOP('',(#437));
#1168=EDGE_LOOP('',(#438,#439,#440,#441,#442,#443));
#1169=EDGE_LOOP('',(#444));
#1170=EDGE_LOOP('',(#445,#446,#447,#448));
#1171=EDGE_LOOP('',(#449,#450,#451,#452));
#1172=EDGE_LOOP('',(#453,#454,#455,#456));
#1173=EDGE_LOOP('',(#457,#458,#459,#460));
#1174=EDGE_LOOP('',(#461,#462,#463,#464));
#1175=EDGE_LOOP('',(#465,#466,#467,#468));
#1176=EDGE_LOOP('',(#469));
#1177=EDGE_LOOP('',(#470));
#1178=EDGE_LOOP('',(#471));
#1179=EDGE_LOOP('',(#472,#473,#474,#475,#476,#477));
#1180=EDGE_LOOP('',(#478));
#1181=EDGE_LOOP('',(#479));
#1182=EDGE_LOOP('',(#480));
#1183=EDGE_LOOP('',(#481));
#1184=EDGE_LOOP('',(#482));
#1185=EDGE_LOOP('',(#483));
#1186=EDGE_LOOP('',(#484,#485,#486,#487,#488,#489,#490,#491));
#1187=EDGE_LOOP('',(#492,#493,#494,#495,#496,#497,#498,#499));
#1188=EDGE_LOOP('',(#500,#501,#502,#503,#504,#505,#506,#507));
#1189=EDGE_LOOP('',(#508,#509,#510,#511));
#1190=EDGE_LOOP('',(#512,#513,#514,#515));
#1191=EDGE_LOOP('',(#516,#517,#518,#519));
#1192=EDGE_LOOP('',(#520,#521,#522,#523));
#1193=EDGE_LOOP('',(#524,#525,#526,#527));
#1194=EDGE_LOOP('',(#528,#529,#530,#531,#532,#533));
#1195=EDGE_LOOP('',(#534,#535,#536,#537));
#1196=EDGE_LOOP('',(#538,#539,#540,#541));
#1197=EDGE_LOOP('',(#542,#543,#544,#545));
#1198=EDGE_LOOP('',(#546,#547,#548,#549));
#1199=EDGE_LOOP('',(#550,#551,#552,#553));
#1200=EDGE_LOOP('',(#554,#555,#556,#557,#558,#559));
#1201=EDGE_LOOP('',(#560,#561,#562,#563,#564,#565,#566,#567,#568,#569,#570,
#571));
#1202=EDGE_LOOP('',(#572,#573,#574,#575,#576,#577));
#1203=EDGE_LOOP('',(#578,#579,#580,#581));
#1204=EDGE_LOOP('',(#582,#583,#584,#585,#586,#587));
#1205=EDGE_LOOP('',(#588,#589,#590,#591));
#1206=EDGE_LOOP('',(#592,#593,#594,#595));
#1207=EDGE_LOOP('',(#596,#597,#598,#599));
#1208=EDGE_LOOP('',(#600,#601,#602,#603,#604,#605,#606));
#1209=EDGE_LOOP('',(#607,#608,#609,#610));
#1210=EDGE_LOOP('',(#611,#612,#613,#614,#615,#616));
#1211=EDGE_LOOP('',(#617,#618,#619,#620,#621,#622));
#1212=EDGE_LOOP('',(#623,#624,#625,#626));
#1213=EDGE_LOOP('',(#627,#628,#629,#630,#631,#632,#633,#634,#635,#636,#637,
#638,#639,#640,#641));
#1214=EDGE_LOOP('',(#642,#643,#644,#645,#646,#647,#648));
#1215=EDGE_LOOP('',(#649,#650,#651,#652));
#1216=EDGE_LOOP('',(#653,#654,#655,#656));
#1217=EDGE_LOOP('',(#657,#658,#659,#660,#661,#662));
#1218=EDGE_LOOP('',(#663,#664,#665,#666));
#1219=EDGE_LOOP('',(#667,#668,#669,#670));
#1220=EDGE_LOOP('',(#671,#672,#673,#674,#675,#676,#677,#678));
#1221=EDGE_LOOP('',(#679,#680,#681,#682,#683,#684));
#1222=EDGE_LOOP('',(#685,#686,#687,#688));
#1223=EDGE_LOOP('',(#689,#690,#691,#692));
#1224=EDGE_LOOP('',(#693,#694,#695,#696));
#1225=EDGE_LOOP('',(#697));
#1226=EDGE_LOOP('',(#698));
#1227=EDGE_LOOP('',(#699));
#1228=EDGE_LOOP('',(#700));
#1229=EDGE_LOOP('',(#701));
#1230=EDGE_LOOP('',(#702));
#1231=EDGE_LOOP('',(#703));
#1232=EDGE_LOOP('',(#704));
#1233=EDGE_LOOP('',(#705));
#1234=EDGE_LOOP('',(#706));
#1235=EDGE_LOOP('',(#707));
#1236=EDGE_LOOP('',(#708));
#1237=EDGE_LOOP('',(#709));
#1238=EDGE_LOOP('',(#710));
#1239=EDGE_LOOP('',(#711));
#1240=EDGE_LOOP('',(#712));
#1241=EDGE_LOOP('',(#713));
#1242=EDGE_LOOP('',(#714));
#1243=EDGE_LOOP('',(#715,#716));
#1244=EDGE_LOOP('',(#717));
#1245=FACE_BOUND('',#1128,.T.);
#1246=FACE_BOUND('',#1129,.T.);
#1247=FACE_BOUND('',#1130,.T.);
#1248=FACE_BOUND('',#1131,.T.);
#1249=FACE_BOUND('',#1132,.T.);
#1250=FACE_BOUND('',#1133,.T.);
#1251=FACE_BOUND('',#1134,.T.);
#1252=FACE_BOUND('',#1135,.T.);
#1253=FACE_BOUND('',#1136,.T.);
#1254=FACE_BOUND('',#1137,.T.);
#1255=FACE_BOUND('',#1138,.T.);
#1256=FACE_BOUND('',#1139,.T.);
#1257=FACE_BOUND('',#1140,.T.);
#1258=FACE_BOUND('',#1141,.T.);
#1259=FACE_BOUND('',#1142,.T.);
#1260=FACE_BOUND('',#1143,.T.);
#1261=FACE_BOUND('',#1144,.T.);
#1262=FACE_BOUND('',#1145,.T.);
#1263=FACE_BOUND('',#1146,.T.);
#1264=FACE_BOUND('',#1147,.T.);
#1265=FACE_BOUND('',#1148,.T.);
#1266=FACE_BOUND('',#1149,.T.);
#1267=FACE_BOUND('',#1150,.T.);
#1268=FACE_BOUND('',#1151,.T.);
#1269=FACE_BOUND('',#1152,.T.);
#1270=FACE_BOUND('',#1153,.T.);
#1271=FACE_BOUND('',#1154,.T.);
#1272=FACE_BOUND('',#1155,.T.);
#1273=FACE_BOUND('',#1156,.T.);
#1274=FACE_BOUND('',#1157,.T.);
#1275=FACE_BOUND('',#1158,.T.);
#1276=FACE_BOUND('',#1159,.T.);
#1277=FACE_BOUND('',#1160,.T.);
#1278=FACE_BOUND('',#1161,.T.);
#1279=FACE_BOUND('',#1162,.T.);
#1280=FACE_BOUND('',#1163,.T.);
#1281=FACE_BOUND('',#1164,.T.);
#1282=FACE_BOUND('',#1165,.T.);
#1283=FACE_BOUND('',#1166,.T.);
#1284=FACE_BOUND('',#1167,.T.);
#1285=FACE_BOUND('',#1168,.T.);
#1286=FACE_BOUND('',#1169,.T.);
#1287=FACE_BOUND('',#1170,.T.);
#1288=FACE_BOUND('',#1171,.T.);
#1289=FACE_BOUND('',#1172,.T.);
#1290=FACE_BOUND('',#1173,.T.);
#1291=FACE_BOUND('',#1174,.T.);
#1292=FACE_BOUND('',#1175,.T.);
#1293=FACE_BOUND('',#1176,.T.);
#1294=FACE_BOUND('',#1177,.T.);
#1295=FACE_BOUND('',#1178,.T.);
#1296=FACE_BOUND('',#1179,.T.);
#1297=FACE_BOUND('',#1180,.T.);
#1298=FACE_BOUND('',#1181,.T.);
#1299=FACE_BOUND('',#1182,.T.);
#1300=FACE_BOUND('',#1183,.T.);
#1301=FACE_BOUND('',#1184,.T.);
#1302=FACE_BOUND('',#1185,.T.);
#1303=FACE_BOUND('',#1186,.T.);
#1304=FACE_BOUND('',#1187,.T.);
#1305=FACE_BOUND('',#1188,.T.);
#1306=FACE_BOUND('',#1189,.T.);
#1307=FACE_BOUND('',#1190,.T.);
#1308=FACE_BOUND('',#1191,.T.);
#1309=FACE_BOUND('',#1192,.T.);
#1310=FACE_BOUND('',#1193,.T.);
#1311=FACE_BOUND('',#1194,.T.);
#1312=FACE_BOUND('',#1195,.T.);
#1313=FACE_BOUND('',#1196,.T.);
#1314=FACE_BOUND('',#1197,.T.);
#1315=FACE_BOUND('',#1198,.T.);
#1316=FACE_BOUND('',#1199,.T.);
#1317=FACE_BOUND('',#1200,.T.);
#1318=FACE_BOUND('',#1201,.T.);
#1319=FACE_BOUND('',#1202,.T.);
#1320=FACE_BOUND('',#1203,.T.);
#1321=FACE_BOUND('',#1204,.T.);
#1322=FACE_BOUND('',#1205,.T.);
#1323=FACE_BOUND('',#1206,.T.);
#1324=FACE_BOUND('',#1207,.T.);
#1325=FACE_BOUND('',#1208,.T.);
#1326=FACE_BOUND('',#1209,.T.);
#1327=FACE_BOUND('',#1210,.T.);
#1328=FACE_BOUND('',#1211,.T.);
#1329=FACE_BOUND('',#1212,.T.);
#1330=FACE_BOUND('',#1213,.T.);
#1331=FACE_BOUND('',#1214,.T.);
#1332=FACE_BOUND('',#1215,.T.);
#1333=FACE_BOUND('',#1216,.T.);
#1334=FACE_BOUND('',#1217,.T.);
#1335=FACE_BOUND('',#1218,.T.);
#1336=FACE_BOUND('',#1219,.T.);
#1337=FACE_BOUND('',#1220,.T.);
#1338=FACE_BOUND('',#1221,.T.);
#1339=FACE_BOUND('',#1222,.T.);
#1340=FACE_BOUND('',#1223,.T.);
#1341=FACE_BOUND('',#1224,.T.);
#1342=FACE_BOUND('',#1225,.T.);
#1343=FACE_BOUND('',#1226,.T.);
#1344=FACE_BOUND('',#1227,.T.);
#1345=FACE_BOUND('',#1228,.T.);
#1346=FACE_BOUND('',#1229,.T.);
#1347=FACE_BOUND('',#1230,.T.);
#1348=FACE_BOUND('',#1231,.T.);
#1349=FACE_BOUND('',#1232,.T.);
#1350=FACE_BOUND('',#1233,.T.);
#1351=FACE_BOUND('',#1234,.T.);
#1352=FACE_BOUND('',#1235,.T.);
#1353=FACE_BOUND('',#1236,.T.);
#1354=FACE_BOUND('',#1237,.T.);
#1355=FACE_BOUND('',#1238,.T.);
#1356=FACE_BOUND('',#1239,.T.);
#1357=FACE_BOUND('',#1240,.T.);
#1358=FACE_BOUND('',#1241,.T.);
#1359=FACE_BOUND('',#1242,.T.);
#1360=FACE_BOUND('',#1243,.T.);
#1361=FACE_BOUND('',#1244,.T.);
#1362=PLANE('',#1538);
#1363=PLANE('',#1542);
#1364=PLANE('',#1546);
#1365=PLANE('',#1549);
#1366=PLANE('',#1552);
#1367=PLANE('',#1554);
#1368=PLANE('',#1555);
#1369=PLANE('',#1566);
#1370=PLANE('',#1567);
#1371=PLANE('',#1568);
#1372=PLANE('',#1570);
#1373=PLANE('',#1572);
#1374=PLANE('',#1578);
#1375=PLANE('',#1588);
#1376=PLANE('',#1592);
#1377=PLANE('',#1593);
#1378=PLANE('',#1594);
#1379=PLANE('',#1595);
#1380=PLANE('',#1596);
#1381=PLANE('',#1597);
#1382=PLANE('',#1598);
#1383=PLANE('',#1608);
#1384=PLANE('',#1611);
#1385=PLANE('',#1614);
#1386=PLANE('',#1619);
#1387=PLANE('',#1620);
#1388=PLANE('',#1621);
#1389=PLANE('',#1629);
#1390=PLANE('',#1630);
#1391=PLANE('',#1631);
#1392=PLANE('',#1637);
#1393=PLANE('',#1638);
#1394=PLANE('',#1640);
#1395=PLANE('',#1643);
#1396=PLANE('',#1645);
#1397=PLANE('',#1646);
#1398=PLANE('',#1647);
#1399=PLANE('',#1648);
#1400=PLANE('',#1652);
#1401=PLANE('',#1653);
#1402=PLANE('',#1656);
#1403=PLANE('',#1661);
#1404=PLANE('',#1662);
#1405=PLANE('',#1665);
#1406=PLANE('',#1676);
#1407=PLANE('',#1677);
#1408=PLANE('',#1683);
#1409=PLANE('',#1689);
#1410=ADVANCED_FACE('',(#1245,#1246),#1362,.T.);
#1411=ADVANCED_FACE('',(#1247,#1248),#1363,.T.);
#1412=ADVANCED_FACE('',(#1249,#1250),#1364,.T.);
#1413=ADVANCED_FACE('',(#1251,#1252),#1365,.T.);
#1414=ADVANCED_FACE('',(#1253),#1366,.T.);
#1415=ADVANCED_FACE('',(#1254),#1367,.F.);
#1416=ADVANCED_FACE('',(#1255),#1368,.F.);
#1417=ADVANCED_FACE('',(#1256),#60,.T.);
#1418=ADVANCED_FACE('',(#1257),#61,.T.);
#1419=ADVANCED_FACE('',(#1258),#62,.T.);
#1420=ADVANCED_FACE('',(#1259),#63,.T.);
#1421=ADVANCED_FACE('',(#1260,#1261),#55,.F.);
#1422=ADVANCED_FACE('',(#1262),#1369,.T.);
#1423=ADVANCED_FACE('',(#1263),#1370,.T.);
#1424=ADVANCED_FACE('',(#1264),#1371,.T.);
#1425=ADVANCED_FACE('',(#1265),#1372,.T.);
#1426=ADVANCED_FACE('',(#1266),#1373,.T.);
#1427=ADVANCED_FACE('',(#1267,#1268),#33,.T.);
#1428=ADVANCED_FACE('',(#1269,#1270),#56,.T.);
#1429=ADVANCED_FACE('',(#1271,#1272),#1374,.F.);
#1430=ADVANCED_FACE('',(#1273,#1274),#34,.F.);
#1431=ADVANCED_FACE('',(#1275,#1276),#35,.F.);
#1432=ADVANCED_FACE('',(#1277,#1278),#64,.F.);
#1433=ADVANCED_FACE('',(#1279,#1280),#36,.F.);
#1434=ADVANCED_FACE('',(#1281),#65,.T.);
#1435=ADVANCED_FACE('',(#1282),#66,.T.);
#1436=ADVANCED_FACE('',(#1283,#1284),#1375,.F.);
#1437=ADVANCED_FACE('',(#1285,#1286),#67,.T.);
#1438=ADVANCED_FACE('',(#1287),#1376,.F.);
#1439=ADVANCED_FACE('',(#1288),#1377,.F.);
#1440=ADVANCED_FACE('',(#1289),#1378,.F.);
#1441=ADVANCED_FACE('',(#1290),#1379,.F.);
#1442=ADVANCED_FACE('',(#1291),#1380,.F.);
#1443=ADVANCED_FACE('',(#1292),#1381,.F.);
#1444=ADVANCED_FACE('',(#1293,#1294),#1382,.F.);
#1445=ADVANCED_FACE('',(#1295,#1296),#68,.T.);
#1446=ADVANCED_FACE('',(#1297,#1298),#69,.F.);
#1447=ADVANCED_FACE('',(#1299,#1300),#37,.F.);
#1448=ADVANCED_FACE('',(#1301,#1302),#70,.F.);
#1449=ADVANCED_FACE('',(#1303),#1383,.T.);
#1450=ADVANCED_FACE('',(#1304),#1384,.F.);
#1451=ADVANCED_FACE('',(#1305),#1385,.F.);
#1452=ADVANCED_FACE('',(#1306),#38,.F.);
#1453=ADVANCED_FACE('',(#1307),#1386,.F.);
#1454=ADVANCED_FACE('',(#1308),#1387,.F.);
#1455=ADVANCED_FACE('',(#1309),#1388,.F.);
#1456=ADVANCED_FACE('',(#1310),#39,.T.);
#1457=ADVANCED_FACE('',(#1311),#40,.F.);
#1458=ADVANCED_FACE('',(#1312),#41,.T.);
#1459=ADVANCED_FACE('',(#1313),#1389,.F.);
#1460=ADVANCED_FACE('',(#1314),#1390,.F.);
#1461=ADVANCED_FACE('',(#1315),#1391,.F.);
#1462=ADVANCED_FACE('',(#1316),#42,.F.);
#1463=ADVANCED_FACE('',(#1317),#43,.T.);
#1464=ADVANCED_FACE('',(#1318),#1392,.T.);
#1465=ADVANCED_FACE('',(#1319),#1393,.T.);
#1466=ADVANCED_FACE('',(#1320),#10,.F.);
#1467=ADVANCED_FACE('',(#1321),#1394,.T.);
#1468=ADVANCED_FACE('',(#1322),#11,.F.);
#1469=ADVANCED_FACE('',(#1323),#12,.F.);
#1470=ADVANCED_FACE('',(#1324),#13,.F.);
#1471=ADVANCED_FACE('',(#1325),#1395,.T.);
#1472=ADVANCED_FACE('',(#1326),#1396,.T.);
#1473=ADVANCED_FACE('',(#1327),#1397,.T.);
#1474=ADVANCED_FACE('',(#1328),#1398,.T.);
#1475=ADVANCED_FACE('',(#1329),#1399,.T.);
#1476=ADVANCED_FACE('',(#1330),#14,.T.);
#1477=ADVANCED_FACE('',(#1331),#1400,.T.);
#1478=ADVANCED_FACE('',(#1332),#1401,.F.);
#1479=ADVANCED_FACE('',(#1333),#44,.T.);
#1480=ADVANCED_FACE('',(#1334),#1402,.F.);
#1481=ADVANCED_FACE('',(#1335),#45,.T.);
#1482=ADVANCED_FACE('',(#1336),#1403,.F.);
#1483=ADVANCED_FACE('',(#1337),#1404,.F.);
#1484=ADVANCED_FACE('',(#1338),#1405,.F.);
#1485=ADVANCED_FACE('',(#1339),#46,.F.);
#1486=ADVANCED_FACE('',(#1340),#47,.T.);
#1487=ADVANCED_FACE('',(#1341),#57,.T.);
#1488=ADVANCED_FACE('',(#1342,#1343),#48,.T.);
#1489=ADVANCED_FACE('',(#1344,#1345),#71,.T.);
#1490=ADVANCED_FACE('',(#1346),#1406,.F.);
#1491=ADVANCED_FACE('',(#1347),#1407,.F.);
#1492=ADVANCED_FACE('',(#1348,#1349),#49,.F.);
#1493=ADVANCED_FACE('',(#1350,#1351),#58,.T.);
#1494=ADVANCED_FACE('',(#1352,#1353),#1408,.F.);
#1495=ADVANCED_FACE('',(#1354,#1355),#59,.T.);
#1496=ADVANCED_FACE('',(#1356,#1357),#50,.T.);
#1497=ADVANCED_FACE('',(#1358,#1359),#1409,.F.);
#1498=ADVANCED_FACE('',(#1360,#1361),#51,.T.);
#1499=CLOSED_SHELL('',(#1410,#1411,#1412,#1413,#1414,#1415,#1416,#1417,
#1418,#1419,#1420,#1421,#1422,#1423,#1424,#1425,#1426,#1427,#1428,#1429,
#1430,#1431,#1432,#1433,#1434,#1435));
#1500=CLOSED_SHELL('',(#1436,#1437,#1438,#1439,#1440,#1441,#1442,#1443,
#1444,#1445,#1446,#1447,#1448));
#1501=CLOSED_SHELL('',(#1449,#1450,#1451,#1452,#1453,#1454,#1455,#1456,
#1457,#1458,#1459,#1460,#1461,#1462,#1463,#1464,#1465,#1466,#1467,#1468,
#1469,#1470,#1471,#1472,#1473,#1474,#1475,#1476,#1477,#1478,#1479,#1480,
#1481,#1482,#1483,#1484,#1485,#1486,#1487,#1488,#1489,#1490,#1491,#1492,
#1493,#1494,#1495,#1496,#1497,#1498));
#1502=STYLED_ITEM('',(#1505),#1526);
#1503=STYLED_ITEM('',(#1506),#1527);
#1504=STYLED_ITEM('',(#1507),#1528);
#1505=PRESENTATION_STYLE_ASSIGNMENT((#1508));
#1506=PRESENTATION_STYLE_ASSIGNMENT((#1509));
#1507=PRESENTATION_STYLE_ASSIGNMENT((#1510));
#1508=SURFACE_STYLE_USAGE(.BOTH.,#1511);
#1509=SURFACE_STYLE_USAGE(.BOTH.,#1512);
#1510=SURFACE_STYLE_USAGE(.BOTH.,#1513);
#1511=SURFACE_SIDE_STYLE('',(#1514));
#1512=SURFACE_SIDE_STYLE('',(#1515));
#1513=SURFACE_SIDE_STYLE('',(#1516));
#1514=SURFACE_STYLE_FILL_AREA(#1517);
#1515=SURFACE_STYLE_FILL_AREA(#1518);
#1516=SURFACE_STYLE_FILL_AREA(#1519);
#1517=FILL_AREA_STYLE('',(#1520));
#1518=FILL_AREA_STYLE('',(#1521));
#1519=FILL_AREA_STYLE('',(#1522));
#1520=FILL_AREA_STYLE_COLOUR('',#1523);
#1521=FILL_AREA_STYLE_COLOUR('',#1524);
#1522=FILL_AREA_STYLE_COLOUR('',#1525);
#1523=COLOUR_RGB('',0.501960813999176,0.501960813999176,0.501960813999176);
#1524=COLOUR_RGB('',0.180392161011696,0.200000002980232,0.200000002980232);
#1525=COLOUR_RGB('',0.689999997615814,0.689999997615814,0.689999997615814);
#1526=MANIFOLD_SOLID_BREP('2674 SG-M10---(GK)',#1499);
#1527=MANIFOLD_SOLID_BREP('DIN-439-B - M10(F)',#1500);
#1528=MANIFOLD_SOLID_BREP('200063 FKB-10X20',#1501);
#1529=SHAPE_DEFINITION_REPRESENTATION(#2748,#1533);
#1530=SHAPE_DEFINITION_REPRESENTATION(#2749,#1534);
#1531=SHAPE_DEFINITION_REPRESENTATION(#2751,#1535);
#1532=SHAPE_DEFINITION_REPRESENTATION(#2753,#1536);
#1533=SHAPE_REPRESENTATION('2674 SG-M10',(#1537,#1587,#1607,#1692),#2737);
#1534=SHAPE_REPRESENTATION('2674 SG-M10---(GK)',(#1537),#2738);
#1535=SHAPE_REPRESENTATION('DIN-439-B - M10(F)',(#1537),#2739);
#1536=SHAPE_REPRESENTATION('200063 FKB-10X20',(#1537),#2740);
#1537=AXIS2_PLACEMENT_3D('',#2107,#1693,#1694);
#1538=AXIS2_PLACEMENT_3D('',#2108,#1695,#1696);
#1539=AXIS2_PLACEMENT_3D('',#2109,#1697,#1698);
#1540=AXIS2_PLACEMENT_3D('',#2111,#1699,#1700);
#1541=AXIS2_PLACEMENT_3D('',#2120,#1704,#1705);
#1542=AXIS2_PLACEMENT_3D('',#2123,#1707,#1708);
#1543=AXIS2_PLACEMENT_3D('',#2124,#1709,#1710);
#1544=AXIS2_PLACEMENT_3D('',#2126,#1711,#1712);
#1545=AXIS2_PLACEMENT_3D('',#2131,#1714,#1715);
#1546=AXIS2_PLACEMENT_3D('',#2138,#1719,#1720);
#1547=AXIS2_PLACEMENT_3D('',#2139,#1721,#1722);
#1548=AXIS2_PLACEMENT_3D('',#2141,#1723,#1724);
#1549=AXIS2_PLACEMENT_3D('',#2163,#1727,#1728);
#1550=AXIS2_PLACEMENT_3D('',#2164,#1729,#1730);
#1551=AXIS2_PLACEMENT_3D('',#2166,#1731,#1732);
#1552=AXIS2_PLACEMENT_3D('',#2188,#1735,#1736);
#1553=AXIS2_PLACEMENT_3D('',#2192,#1738,#1739);
#1554=AXIS2_PLACEMENT_3D('',#2197,#1742,#1743);
#1555=AXIS2_PLACEMENT_3D('',#2202,#1744,#1745);
#1556=AXIS2_PLACEMENT_3D('',#2207,#1746,#1747);
#1557=AXIS2_PLACEMENT_3D('',#2213,#1748,#1749);
#1558=AXIS2_PLACEMENT_3D('',#2214,#1750,#1751);
#1559=AXIS2_PLACEMENT_3D('',#2215,#1752,#1753);
#1560=AXIS2_PLACEMENT_3D('',#2221,#1754,#1755);
#1561=AXIS2_PLACEMENT_3D('',#2227,#1756,#1757);
#1562=AXIS2_PLACEMENT_3D('',#2228,#1758,#1759);
#1563=AXIS2_PLACEMENT_3D('',#2229,#1760,#1761);
#1564=AXIS2_PLACEMENT_3D('',#2235,#1762,#1763);
#1565=AXIS2_PLACEMENT_3D('',#2236,#1764,#1765);
#1566=AXIS2_PLACEMENT_3D('',#2248,#1766,#1767);
#1567=AXIS2_PLACEMENT_3D('',#2262,#1771,#1772);
#1568=AXIS2_PLACEMENT_3D('',#2273,#1775,#1776);
#1569=AXIS2_PLACEMENT_3D('',#2274,#1777,#1778);
#1570=AXIS2_PLACEMENT_3D('',#2277,#1780,#1781);
#1571=AXIS2_PLACEMENT_3D('',#2280,#1783,#1784);
#1572=AXIS2_PLACEMENT_3D('',#2281,#1785,#1786);
#1573=AXIS2_PLACEMENT_3D('',#2282,#1787,#1788);
#1574=AXIS2_PLACEMENT_3D('',#2283,#1789,#1790);
#1575=AXIS2_PLACEMENT_3D('',#2284,#1791,#1792);
#1576=AXIS2_PLACEMENT_3D('',#2286,#1793,#1794);
#1577=AXIS2_PLACEMENT_3D('',#2287,#1795,#1796);
#1578=AXIS2_PLACEMENT_3D('',#2289,#1797,#1798);
#1579=AXIS2_PLACEMENT_3D('',#2290,#1799,#1800);
#1580=AXIS2_PLACEMENT_3D('',#2292,#1801,#1802);
#1581=AXIS2_PLACEMENT_3D('',#2293,#1803,#1804);
#1582=AXIS2_PLACEMENT_3D('',#2294,#1805,#1806);
#1583=AXIS2_PLACEMENT_3D('',#2295,#1807,#1808);
#1584=AXIS2_PLACEMENT_3D('',#2297,#1809,#1810);
#1585=AXIS2_PLACEMENT_3D('',#2298,#1811,#1812);
#1586=AXIS2_PLACEMENT_3D('',#2299,#1813,#1814);
#1587=AXIS2_PLACEMENT_3D('',#2300,#1815,#1816);
#1588=AXIS2_PLACEMENT_3D('',#2301,#1817,#1818);
#1589=AXIS2_PLACEMENT_3D('',#2302,#1819,#1820);
#1590=AXIS2_PLACEMENT_3D('',#2304,#1821,#1822);
#1591=AXIS2_PLACEMENT_3D('',#2306,#1823,#1824);
#1592=AXIS2_PLACEMENT_3D('',#2343,#1825,#1826);
#1593=AXIS2_PLACEMENT_3D('',#2353,#1829,#1830);
#1594=AXIS2_PLACEMENT_3D('',#2361,#1832,#1833);
#1595=AXIS2_PLACEMENT_3D('',#2369,#1835,#1836);
#1596=AXIS2_PLACEMENT_3D('',#2377,#1838,#1839);
#1597=AXIS2_PLACEMENT_3D('',#2385,#1841,#1842);
#1598=AXIS2_PLACEMENT_3D('',#2391,#1843,#1844);
#1599=AXIS2_PLACEMENT_3D('',#2392,#1845,#1846);
#1600=AXIS2_PLACEMENT_3D('',#2394,#1847,#1848);
#1601=AXIS2_PLACEMENT_3D('',#2396,#1849,#1850);
#1602=AXIS2_PLACEMENT_3D('',#2397,#1851,#1852);
#1603=AXIS2_PLACEMENT_3D('',#2398,#1853,#1854);
#1604=AXIS2_PLACEMENT_3D('',#2400,#1855,#1856);
#1605=AXIS2_PLACEMENT_3D('',#2401,#1857,#1858);
#1606=AXIS2_PLACEMENT_3D('',#2403,#1859,#1860);
#1607=AXIS2_PLACEMENT_3D('',#2404,#1861,#1862);
#1608=AXIS2_PLACEMENT_3D('',#2405,#1863,#1864);
#1609=AXIS2_PLACEMENT_3D('',#2409,#1866,#1867);
#1610=AXIS2_PLACEMENT_3D('',#2417,#1871,#1872);
#1611=AXIS2_PLACEMENT_3D('',#2422,#1875,#1876);
#1612=AXIS2_PLACEMENT_3D('',#2431,#1878,#1879);
#1613=AXIS2_PLACEMENT_3D('',#2439,#1883,#1884);
#1614=AXIS2_PLACEMENT_3D('',#2445,#1885,#1886);
#1615=AXIS2_PLACEMENT_3D('',#2461,#1888,#1889);
#1616=AXIS2_PLACEMENT_3D('',#2469,#1893,#1894);
#1617=AXIS2_PLACEMENT_3D('',#2482,#1895,#1896);
#1618=AXIS2_PLACEMENT_3D('',#2485,#1898,#1899);
#1619=AXIS2_PLACEMENT_3D('',#2488,#1901,#1902);
#1620=AXIS2_PLACEMENT_3D('',#2492,#1905,#1906);
#1621=AXIS2_PLACEMENT_3D('',#2496,#1909,#1910);
#1622=AXIS2_PLACEMENT_3D('',#2500,#1913,#1914);
#1623=AXIS2_PLACEMENT_3D('',#2501,#1915,#1916);
#1624=AXIS2_PLACEMENT_3D('',#2504,#1918,#1919);
#1625=AXIS2_PLACEMENT_3D('',#2505,#1920,#1921);
#1626=AXIS2_PLACEMENT_3D('',#2508,#1923,#1924);
#1627=AXIS2_PLACEMENT_3D('',#2509,#1925,#1926);
#1628=AXIS2_PLACEMENT_3D('',#2510,#1927,#1928);
#1629=AXIS2_PLACEMENT_3D('',#2513,#1930,#1931);
#1630=AXIS2_PLACEMENT_3D('',#2517,#1934,#1935);
#1631=AXIS2_PLACEMENT_3D('',#2521,#1938,#1939);
#1632=AXIS2_PLACEMENT_3D('',#2525,#1942,#1943);
#1633=AXIS2_PLACEMENT_3D('',#2526,#1944,#1945);
#1634=AXIS2_PLACEMENT_3D('',#2529,#1947,#1948);
#1635=AXIS2_PLACEMENT_3D('',#2530,#1949,#1950);
#1636=AXIS2_PLACEMENT_3D('',#2531,#1951,#1952);
#1637=AXIS2_PLACEMENT_3D('',#2532,#1953,#1954);
#1638=AXIS2_PLACEMENT_3D('',#2533,#1955,#1956);
#1639=AXIS2_PLACEMENT_3D('',#2550,#1962,#1963);
#1640=AXIS2_PLACEMENT_3D('',#2553,#1965,#1966);
#1641=AXIS2_PLACEMENT_3D('',#2568,#1971,#1972);
#1642=AXIS2_PLACEMENT_3D('',#2585,#1973,#1974);
#1643=AXIS2_PLACEMENT_3D('',#2586,#1975,#1976);
#1644=AXIS2_PLACEMENT_3D('',#2595,#1981,#1982);
#1645=AXIS2_PLACEMENT_3D('',#2596,#1983,#1984);
#1646=AXIS2_PLACEMENT_3D('',#2602,#1988,#1989);
#1647=AXIS2_PLACEMENT_3D('',#2608,#1993,#1994);
#1648=AXIS2_PLACEMENT_3D('',#2618,#2000,#2001);
#1649=AXIS2_PLACEMENT_3D('',#2658,#2006,#2007);
#1650=AXIS2_PLACEMENT_3D('',#2663,#2010,#2011);
#1651=AXIS2_PLACEMENT_3D('',#2669,#2014,#2015);
#1652=AXIS2_PLACEMENT_3D('',#2672,#2017,#2018);
#1653=AXIS2_PLACEMENT_3D('',#2673,#2019,#2020);
#1654=AXIS2_PLACEMENT_3D('',#2679,#2024,#2025);
#1655=AXIS2_PLACEMENT_3D('',#2680,#2026,#2027);
#1656=AXIS2_PLACEMENT_3D('',#2683,#2029,#2030);
#1657=AXIS2_PLACEMENT_3D('',#2684,#2031,#2032);
#1658=AXIS2_PLACEMENT_3D('',#2685,#2033,#2034);
#1659=AXIS2_PLACEMENT_3D('',#2688,#2036,#2037);
#1660=AXIS2_PLACEMENT_3D('',#2689,#2038,#2039);
#1661=AXIS2_PLACEMENT_3D('',#2692,#2041,#2042);
#1662=AXIS2_PLACEMENT_3D('',#2696,#2045,#2046);
#1663=AXIS2_PLACEMENT_3D('',#2697,#2047,#2048);
#1664=AXIS2_PLACEMENT_3D('',#2698,#2049,#2050);
#1665=AXIS2_PLACEMENT_3D('',#2699,#2051,#2052);
#1666=AXIS2_PLACEMENT_3D('',#2700,#2053,#2054);
#1667=AXIS2_PLACEMENT_3D('',#2701,#2055,#2056);
#1668=AXIS2_PLACEMENT_3D('',#2702,#2057,#2058);
#1669=AXIS2_PLACEMENT_3D('',#2703,#2059,#2060);
#1670=AXIS2_PLACEMENT_3D('',#2704,#2061,#2062);
#1671=AXIS2_PLACEMENT_3D('',#2705,#2063,#2064);
#1672=AXIS2_PLACEMENT_3D('',#2706,#2065,#2066);
#1673=AXIS2_PLACEMENT_3D('',#2707,#2067,#2068);
#1674=AXIS2_PLACEMENT_3D('',#2709,#2069,#2070);
#1675=AXIS2_PLACEMENT_3D('',#2710,#2071,#2072);
#1676=AXIS2_PLACEMENT_3D('',#2712,#2073,#2074);
#1677=AXIS2_PLACEMENT_3D('',#2713,#2075,#2076);
#1678=AXIS2_PLACEMENT_3D('',#2714,#2077,#2078);
#1679=AXIS2_PLACEMENT_3D('',#2716,#2079,#2080);
#1680=AXIS2_PLACEMENT_3D('',#2717,#2081,#2082);
#1681=AXIS2_PLACEMENT_3D('',#2719,#2083,#2084);
#1682=AXIS2_PLACEMENT_3D('',#2720,#2085,#2086);
#1683=AXIS2_PLACEMENT_3D('',#2722,#2087,#2088);
#1684=AXIS2_PLACEMENT_3D('',#2723,#2089,#2090);
#1685=AXIS2_PLACEMENT_3D('',#2725,#2091,#2092);
#1686=AXIS2_PLACEMENT_3D('',#2726,#2093,#2094);
#1687=AXIS2_PLACEMENT_3D('',#2728,#2095,#2096);
#1688=AXIS2_PLACEMENT_3D('',#2729,#2097,#2098);
#1689=AXIS2_PLACEMENT_3D('',#2731,#2099,#2100);
#1690=AXIS2_PLACEMENT_3D('',#2732,#2101,#2102);
#1691=AXIS2_PLACEMENT_3D('',#2734,#2103,#2104);
#1692=AXIS2_PLACEMENT_3D('',#2735,#2105,#2106);
#1693=DIRECTION('',(0.,0.,1.));
#1694=DIRECTION('',(1.,0.,0.));
#1695=DIRECTION('',(1.,0.,0.));
#1696=DIRECTION('',(0.,0.,-1.));
#1697=DIRECTION('',(1.,0.,0.));
#1698=DIRECTION('',(0.,0.,-1.));
#1699=DIRECTION('',(1.,0.,0.));
#1700=DIRECTION('',(0.,0.,-1.));
#1701=DIRECTION('',(0.,0.,-1.));
#1702=DIRECTION('',(0.,-1.,0.));
#1703=DIRECTION('',(0.,0.,1.));
#1704=DIRECTION('',(1.,0.,0.));
#1705=DIRECTION('',(0.,0.,-1.));
#1706=DIRECTION('',(0.,-1.,0.));
#1707=DIRECTION('',(-1.,0.,0.));
#1708=DIRECTION('',(0.,0.,1.));
#1709=DIRECTION('',(-1.,0.,0.));
#1710=DIRECTION('',(0.,0.,1.));
#1711=DIRECTION('',(-1.,0.,0.));
#1712=DIRECTION('',(0.,0.,1.));
#1713=DIRECTION('',(0.,1.,0.));
#1714=DIRECTION('',(-1.,0.,0.));
#1715=DIRECTION('',(0.,0.,1.));
#1716=DIRECTION('',(0.,0.,-1.));
#1717=DIRECTION('',(0.,-1.,0.));
#1718=DIRECTION('',(0.,0.,1.));
#1719=DIRECTION('',(-1.,0.,-3.27306316222039E-17));
#1720=DIRECTION('',(-3.27306316222039E-17,0.,1.));
#1721=DIRECTION('',(-1.,0.,-3.27306316222039E-17));
#1722=DIRECTION('',(-3.27306316222039E-17,0.,1.));
#1723=DIRECTION('',(-1.,0.,-3.27306316222039E-17));
#1724=DIRECTION('',(-3.27306316222039E-17,0.,1.));
#1725=DIRECTION('',(-3.27306316222039E-17,0.,1.));
#1726=DIRECTION('',(3.27306316222039E-17,0.,-1.));
#1727=DIRECTION('',(1.,0.,6.54612632444078E-17));
#1728=DIRECTION('',(6.54612632444078E-17,0.,-1.));
#1729=DIRECTION('',(1.,0.,6.54612632444078E-17));
#1730=DIRECTION('',(6.54612632444078E-17,0.,-1.));
#1731=DIRECTION('',(1.,0.,6.54612632444078E-17));
#1732=DIRECTION('',(6.54612632444078E-17,0.,-1.));
#1733=DIRECTION('',(-6.54612632444078E-17,0.,1.));
#1734=DIRECTION('',(6.54612632444078E-17,0.,-1.));
#1735=DIRECTION('',(0.,0.,1.));
#1736=DIRECTION('',(1.,0.,0.));
#1737=DIRECTION('',(0.,-1.,0.));
#1738=DIRECTION('',(0.,0.,1.));
#1739=DIRECTION('',(1.,0.,0.));
#1740=DIRECTION('',(0.,-1.,0.));
#1741=DIRECTION('',(1.,0.,0.));
#1742=DIRECTION('',(0.,0.,-1.));
#1743=DIRECTION('',(-1.,0.,0.));
#1744=DIRECTION('',(0.,0.,-1.));
#1745=DIRECTION('',(-1.,0.,0.));
#1746=DIRECTION('',(0.,0.,1.));
#1747=DIRECTION('',(1.,0.,0.));
#1748=DIRECTION('',(0.,0.,-1.));
#1749=DIRECTION('',(-1.,0.,0.));
#1750=DIRECTION('',(0.,0.,1.));
#1751=DIRECTION('',(1.,0.,0.));
#1752=DIRECTION('',(0.,0.,-1.));
#1753=DIRECTION('',(-1.,0.,0.));
#1754=DIRECTION('',(0.,0.,1.));
#1755=DIRECTION('',(1.,0.,0.));
#1756=DIRECTION('',(0.,0.,-1.));
#1757=DIRECTION('',(-1.,0.,0.));
#1758=DIRECTION('',(0.,0.,1.));
#1759=DIRECTION('',(1.,0.,0.));
#1760=DIRECTION('',(0.,0.,-1.));
#1761=DIRECTION('',(-1.,0.,0.));
#1762=DIRECTION('',(0.,0.,-1.));
#1763=DIRECTION('',(-1.,0.,0.));
#1764=DIRECTION('',(0.,0.,-1.));
#1765=DIRECTION('',(-1.,0.,0.));
#1766=DIRECTION('',(0.,1.,0.));
#1767=DIRECTION('',(0.,0.,1.));
#1768=DIRECTION('',(-0.707106781186547,0.,0.707106781186548));
#1769=DIRECTION('',(-1.,0.,0.));
#1770=DIRECTION('',(-0.707106781186547,0.,-0.707106781186548));
#1771=DIRECTION('',(0.,-1.,0.));
#1772=DIRECTION('',(0.,0.,-1.));
#1773=DIRECTION('',(0.707106781186547,0.,0.707106781186548));
#1774=DIRECTION('',(0.707106781186547,0.,-0.707106781186548));
#1775=DIRECTION('',(0.707106781186548,0.,0.707106781186547));
#1776=DIRECTION('',(0.707106781186547,0.,-0.707106781186548));
#1777=DIRECTION('',(0.707106781186548,0.,0.707106781186547));
#1778=DIRECTION('',(0.707106781186547,0.,-0.707106781186548));
#1779=DIRECTION('',(0.,-1.,0.));
#1780=DIRECTION('',(-0.707106781186548,0.,0.707106781186547));
#1781=DIRECTION('',(0.707106781186547,0.,0.707106781186548));
#1782=DIRECTION('',(0.,-1.,0.));
#1783=DIRECTION('',(-0.707106781186548,0.,0.707106781186547));
#1784=DIRECTION('',(-0.707106781186547,0.,-0.707106781186548));
#1785=DIRECTION('',(0.,0.,1.));
#1786=DIRECTION('',(1.,0.,0.));
#1787=DIRECTION('',(0.,0.,1.));
#1788=DIRECTION('',(1.,0.,0.));
#1789=DIRECTION('',(0.,0.,-1.));
#1790=DIRECTION('',(-1.,0.,0.));
#1791=DIRECTION('',(0.,0.,-1.));
#1792=DIRECTION('',(-1.,0.,0.));
#1793=DIRECTION('',(0.,0.,-1.));
#1794=DIRECTION('',(-1.,0.,0.));
#1795=DIRECTION('',(0.,0.,-1.));
#1796=DIRECTION('',(-1.,0.,0.));
#1797=DIRECTION('',(0.,0.,1.));
#1798=DIRECTION('',(1.,0.,0.));
#1799=DIRECTION('',(0.,0.,1.));
#1800=DIRECTION('',(1.,0.,0.));
#1801=DIRECTION('',(1.,0.,0.));
#1802=DIRECTION('',(0.,0.,-1.));
#1803=DIRECTION('',(1.,0.,0.));
#1804=DIRECTION('',(0.,0.,-1.));
#1805=DIRECTION('',(0.,0.,-1.));
#1806=DIRECTION('',(-1.,0.,0.));
#1807=DIRECTION('',(0.,0.,-1.));
#1808=DIRECTION('',(-1.,0.,0.));
#1809=DIRECTION('',(0.,0.,-1.));
#1810=DIRECTION('',(-1.,0.,0.));
#1811=DIRECTION('',(-1.,0.,0.));
#1812=DIRECTION('',(0.,0.,1.));
#1813=DIRECTION('',(1.,0.,0.));
#1814=DIRECTION('',(0.,0.,-1.));
#1815=DIRECTION('',(0.,0.,1.));
#1816=DIRECTION('',(-1.,0.,0.));
#1817=DIRECTION('',(0.,-1.,0.));
#1818=DIRECTION('',(0.,0.,-1.));
#1819=DIRECTION('',(0.,-1.,0.));
#1820=DIRECTION('',(0.,0.,-1.));
#1821=DIRECTION('',(0.,-1.,0.));
#1822=DIRECTION('',(0.,0.,-1.));
#1823=DIRECTION('',(0.,-1.,0.));
#1824=DIRECTION('',(0.,0.,-1.));
#1825=DIRECTION('',(1.,0.,0.));
#1826=DIRECTION('',(0.,0.,-1.));
#1827=DIRECTION('',(0.,-1.,0.));
#1828=DIRECTION('',(0.,-1.,0.));
#1829=DIRECTION('',(0.5,0.,0.866025403784439));
#1830=DIRECTION('',(0.866025403784439,0.,-0.5));
#1831=DIRECTION('',(0.,-1.,0.));
#1832=DIRECTION('',(-0.5,0.,0.866025403784439));
#1833=DIRECTION('',(0.866025403784439,0.,0.5));
#1834=DIRECTION('',(0.,-1.,0.));
#1835=DIRECTION('',(-1.,0.,0.));
#1836=DIRECTION('',(0.,0.,1.));
#1837=DIRECTION('',(0.,-1.,0.));
#1838=DIRECTION('',(-0.5,0.,-0.866025403784439));
#1839=DIRECTION('',(-0.866025403784439,0.,0.5));
#1840=DIRECTION('',(0.,-1.,0.));
#1841=DIRECTION('',(0.5,0.,-0.866025403784439));
#1842=DIRECTION('',(-0.866025403784439,0.,-0.5));
#1843=DIRECTION('',(0.,1.,0.));
#1844=DIRECTION('',(0.,0.,1.));
#1845=DIRECTION('',(0.,-1.,0.));
#1846=DIRECTION('',(0.,0.,-1.));
#1847=DIRECTION('',(0.,-1.,0.));
#1848=DIRECTION('',(0.,0.,-1.));
#1849=DIRECTION('',(0.,1.,0.));
#1850=DIRECTION('',(0.,0.,1.));
#1851=DIRECTION('',(0.,1.,0.));
#1852=DIRECTION('',(0.,0.,1.));
#1853=DIRECTION('',(0.,-1.,0.));
#1854=DIRECTION('',(0.,0.,-1.));
#1855=DIRECTION('',(0.,-1.,0.));
#1856=DIRECTION('',(0.,0.,-1.));
#1857=DIRECTION('',(0.,-1.,0.));
#1858=DIRECTION('',(0.,0.,-1.));
#1859=DIRECTION('',(0.,-1.,0.));
#1860=DIRECTION('',(0.,0.,-1.));
#1861=DIRECTION('',(-1.,0.,0.));
#1862=DIRECTION('',(0.,-1.,0.));
#1863=DIRECTION('',(0.,0.998670709336372,-0.0515442946754257));
#1864=DIRECTION('',(0.,0.0515442946754257,0.998670709336372));
#1865=DIRECTION('',(-1.,0.,0.));
#1866=DIRECTION('',(0.,0.998670709336372,-0.0515442946754257));
#1867=DIRECTION('',(0.,-0.0515442946754257,-0.998670709336372));
#1868=DIRECTION('',(-1.,0.,0.));
#1869=DIRECTION('',(0.,0.0515442946754257,0.998670709336372));
#1870=DIRECTION('',(-1.,0.,0.));
#1871=DIRECTION('',(0.,0.,1.));
#1872=DIRECTION('',(1.,0.,0.));
#1873=DIRECTION('',(-1.,0.,0.));
#1874=DIRECTION('',(0.,0.0515442946754257,0.998670709336372));
#1875=DIRECTION('',(0.,0.,1.));
#1876=DIRECTION('',(1.,0.,0.));
#1877=DIRECTION('',(0.,1.,0.));
#1878=DIRECTION('',(0.,0.,1.));
#1879=DIRECTION('',(1.,0.,0.));
#1880=DIRECTION('',(-0.707106781186548,-0.707106781186547,0.));
#1881=DIRECTION('',(-0.707106781186548,0.707106781186548,0.));
#1882=DIRECTION('',(0.707106781186547,0.707106781186547,0.));
#1883=DIRECTION('',(0.,0.,1.));
#1884=DIRECTION('',(1.,0.,0.));
#1885=DIRECTION('',(0.,0.,1.));
#1886=DIRECTION('',(1.,0.,0.));
#1887=DIRECTION('',(0.,-1.,0.));
#1888=DIRECTION('',(0.,0.,1.));
#1889=DIRECTION('',(1.,0.,0.));
#1890=DIRECTION('',(-0.707106781186547,0.707106781186547,0.));
#1891=DIRECTION('',(0.707106781186537,0.707106781186558,0.));
#1892=DIRECTION('',(0.707106781186548,-0.707106781186547,0.));
#1893=DIRECTION('',(0.,0.,1.));
#1894=DIRECTION('',(1.,0.,0.));
#1895=DIRECTION('',(0.,0.,-1.));
#1896=DIRECTION('',(-1.,0.,0.));
#1897=DIRECTION('',(0.,0.,-1.));
#1898=DIRECTION('',(0.,0.,1.));
#1899=DIRECTION('',(1.,0.,0.));
#1900=DIRECTION('',(0.,0.,-1.));
#1901=DIRECTION('',(0.707106781186547,-0.707106781186548,0.));
#1902=DIRECTION('',(0.707106781186548,0.707106781186547,0.));
#1903=DIRECTION('',(-0.707106781186548,-0.707106781186547,0.));
#1904=DIRECTION('',(0.,0.,-1.));
#1905=DIRECTION('',(-0.707106781186548,-0.707106781186548,0.));
#1906=DIRECTION('',(0.707106781186548,-0.707106781186548,0.));
#1907=DIRECTION('',(-0.707106781186548,0.707106781186548,0.));
#1908=DIRECTION('',(0.,0.,-1.));
#1909=DIRECTION('',(-0.707106781186548,0.707106781186548,0.));
#1910=DIRECTION('',(-0.707106781186548,-0.707106781186548,0.));
#1911=DIRECTION('',(0.707106781186547,0.707106781186547,0.));
#1912=DIRECTION('',(0.,0.,-1.));
#1913=DIRECTION('',(0.,0.,-1.));
#1914=DIRECTION('',(-1.,0.,0.));
#1915=DIRECTION('',(0.,0.,1.));
#1916=DIRECTION('',(1.,0.,0.));
#1917=DIRECTION('',(0.,0.,-1.));
#1918=DIRECTION('',(0.,0.,-1.));
#1919=DIRECTION('',(-1.,0.,0.));
#1920=DIRECTION('',(0.,0.,1.));
#1921=DIRECTION('',(1.,0.,0.));
#1922=DIRECTION('',(0.,0.,-1.));
#1923=DIRECTION('',(0.,0.,1.));
#1924=DIRECTION('',(1.,0.,0.));
#1925=DIRECTION('',(0.,0.,-1.));
#1926=DIRECTION('',(-1.,0.,0.));
#1927=DIRECTION('',(0.,0.,1.));
#1928=DIRECTION('',(1.,0.,0.));
#1929=DIRECTION('',(0.,0.,-1.));
#1930=DIRECTION('',(-0.707106781186548,-0.707106781186548,0.));
#1931=DIRECTION('',(0.707106781186548,-0.707106781186548,0.));
#1932=DIRECTION('',(-0.707106781186547,0.707106781186547,0.));
#1933=DIRECTION('',(0.,0.,-1.));
#1934=DIRECTION('',(-0.707106781186558,0.707106781186537,0.));
#1935=DIRECTION('',(-0.707106781186537,-0.707106781186558,0.));
#1936=DIRECTION('',(0.707106781186537,0.707106781186558,0.));
#1937=DIRECTION('',(0.,0.,-1.));
#1938=DIRECTION('',(0.707106781186547,0.707106781186548,0.));
#1939=DIRECTION('',(-0.707106781186548,0.707106781186547,0.));
#1940=DIRECTION('',(0.707106781186548,-0.707106781186547,0.));
#1941=DIRECTION('',(0.,0.,-1.));
#1942=DIRECTION('',(0.,0.,-1.));
#1943=DIRECTION('',(-1.,0.,0.));
#1944=DIRECTION('',(0.,0.,1.));
#1945=DIRECTION('',(1.,0.,0.));
#1946=DIRECTION('',(0.,0.,-1.));
#1947=DIRECTION('',(0.,0.,-1.));
#1948=DIRECTION('',(-1.,0.,0.));
#1949=DIRECTION('',(0.,0.,1.));
#1950=DIRECTION('',(1.,0.,0.));
#1951=DIRECTION('',(0.,0.,1.));
#1952=DIRECTION('',(1.,0.,0.));
#1953=DIRECTION('',(0.,0.,1.));
#1954=DIRECTION('',(1.,0.,0.));
#1955=DIRECTION('',(1.,0.,0.));
#1956=DIRECTION('',(0.,0.,-1.));
#1957=DIRECTION('',(-9.75747476136366E-16,-0.536783240565554,0.843720186227604));
#1958=DIRECTION('',(1.90949698211684E-13,-0.032541053938468,0.99947039966603));
#1959=DIRECTION('',(0.,1.,0.));
#1960=DIRECTION('',(-8.43793850009409E-14,-0.0322169570286121,0.99948089910704));
#1961=DIRECTION('',(-1.07836939641569E-15,-0.530495611353183,0.847687682071064));
#1962=DIRECTION('',(0.,0.,1.));
#1963=DIRECTION('',(1.,0.,0.));
#1964=DIRECTION('',(-7.84268651938687E-16,-0.530495611353182,0.847687682071064));
#1965=DIRECTION('',(-1.,0.,-9.25185853854297E-16));
#1966=DIRECTION('',(-9.25185853854297E-16,0.,1.));
#1967=DIRECTION('',(-2.73019325167428E-13,-0.0322169570286121,0.99948089910704));
#1968=DIRECTION('',(0.,-1.,0.));
#1969=DIRECTION('',(1.0229448118483E-13,-0.0325410539384699,0.99947039966603));
#1970=DIRECTION('',(-4.87873738068183E-16,-0.536783240565553,0.843720186227605));
#1971=DIRECTION('',(0.,0.,1.));
#1972=DIRECTION('',(1.,0.,0.));
#1973=DIRECTION('',(0.,0.,1.));
#1974=DIRECTION('',(1.,0.,0.));
#1975=DIRECTION('',(0.,0.,1.));
#1976=DIRECTION('',(1.,0.,0.));
#1977=DIRECTION('',(1.,0.,0.));
#1978=DIRECTION('',(0.,1.,0.));
#1979=DIRECTION('',(-1.,0.,0.));
#1980=DIRECTION('',(0.,-1.,0.));
#1981=DIRECTION('',(0.,0.,1.));
#1982=DIRECTION('',(1.,0.,0.));
#1983=DIRECTION('',(0.,0.998670709336372,-0.0515442946754257));
#1984=DIRECTION('',(0.,0.0515442946754257,0.998670709336372));
#1985=DIRECTION('',(0.,0.0515442946754257,0.998670709336372));
#1986=DIRECTION('',(-1.,0.,0.));
#1987=DIRECTION('',(0.,0.0515442946754257,0.998670709336372));
#1988=DIRECTION('',(1.,0.,0.));
#1989=DIRECTION('',(0.,0.,-1.));
#1990=DIRECTION('',(0.,0.,-1.));
#1991=DIRECTION('',(0.,1.,0.));
#1992=DIRECTION('',(0.,0.,-1.));
#1993=DIRECTION('',(-1.,0.,0.));
#1994=DIRECTION('',(0.,0.,1.));
#1995=DIRECTION('',(0.,-1.,0.));
#1996=DIRECTION('',(0.,0.0515442946754257,0.998670709336372));
#1997=DIRECTION('',(0.,0.,-1.));
#1998=DIRECTION('',(0.,-1.,0.));
#1999=DIRECTION('',(0.,0.,-1.));
#2000=DIRECTION('',(0.,0.998670709336372,-0.0515442946754257));
#2001=DIRECTION('',(0.,0.0515442946754257,0.998670709336372));
#2002=DIRECTION('',(-1.,0.,0.));
#2003=DIRECTION('',(0.,0.0515442946754257,0.998670709336372));
#2004=DIRECTION('',(-1.,0.,0.));
#2005=DIRECTION('',(0.,1.,0.));
#2006=DIRECTION('',(0.,0.,1.));
#2007=DIRECTION('',(1.,0.,0.));
#2008=DIRECTION('',(1.,0.,0.));
#2009=DIRECTION('',(0.,-1.,0.));
#2010=DIRECTION('',(0.,0.,1.));
#2011=DIRECTION('',(1.,0.,0.));
#2012=DIRECTION('',(1.,0.,0.));
#2013=DIRECTION('',(1.,0.,0.));
#2014=DIRECTION('',(0.,0.,1.));
#2015=DIRECTION('',(1.,0.,0.));
#2016=DIRECTION('',(0.,1.,0.));
#2017=DIRECTION('',(0.,0.,1.));
#2018=DIRECTION('',(1.,0.,0.));
#2019=DIRECTION('',(1.,0.,0.));
#2020=DIRECTION('',(0.,0.,-1.));
#2021=DIRECTION('',(0.,-1.,0.));
#2022=DIRECTION('',(0.,0.,-1.));
#2023=DIRECTION('',(0.,0.,-1.));
#2024=DIRECTION('',(0.,0.,-1.));
#2025=DIRECTION('',(-1.,0.,0.));
#2026=DIRECTION('',(0.,0.,1.));
#2027=DIRECTION('',(1.,0.,0.));
#2028=DIRECTION('',(0.,0.,-1.));
#2029=DIRECTION('',(0.,1.,0.));
#2030=DIRECTION('',(0.,0.,1.));
#2031=DIRECTION('',(0.,1.,0.));
#2032=DIRECTION('',(0.,0.,1.));
#2033=DIRECTION('',(0.,-1.,0.));
#2034=DIRECTION('',(0.,0.,-1.));
#2035=DIRECTION('',(0.,0.,-1.));
#2036=DIRECTION('',(0.,0.,-1.));
#2037=DIRECTION('',(-1.,0.,0.));
#2038=DIRECTION('',(0.,0.,1.));
#2039=DIRECTION('',(1.,0.,0.));
#2040=DIRECTION('',(0.,0.,-1.));
#2041=DIRECTION('',(-1.,0.,0.));
#2042=DIRECTION('',(0.,0.,1.));
#2043=DIRECTION('',(0.,1.,0.));
#2044=DIRECTION('',(0.,0.,-1.));
#2045=DIRECTION('',(0.,-1.,0.));
#2046=DIRECTION('',(0.,0.,-1.));
#2047=DIRECTION('',(0.,-1.,0.));
#2048=DIRECTION('',(0.,0.,-1.));
#2049=DIRECTION('',(0.,-1.,0.));
#2050=DIRECTION('',(0.,0.,-1.));
#2051=DIRECTION('',(0.,-1.,0.));
#2052=DIRECTION('',(0.,0.,-1.));
#2053=DIRECTION('',(0.,-1.,0.));
#2054=DIRECTION('',(0.,0.,-1.));
#2055=DIRECTION('',(0.,-1.,0.));
#2056=DIRECTION('',(0.,0.,-1.));
#2057=DIRECTION('',(0.,-1.,0.));
#2058=DIRECTION('',(0.,0.,-1.));
#2059=DIRECTION('',(0.,-1.,0.));
#2060=DIRECTION('',(0.,0.,-1.));
#2061=DIRECTION('',(0.,-1.,0.));
#2062=DIRECTION('',(0.,0.,-1.));
#2063=DIRECTION('',(0.,-1.,0.));
#2064=DIRECTION('',(0.,0.,-1.));
#2065=DIRECTION('',(0.,-1.,0.));
#2066=DIRECTION('',(0.,0.,-1.));
#2067=DIRECTION('',(0.,-1.,0.));
#2068=DIRECTION('',(0.,0.,-1.));
#2069=DIRECTION('',(0.,1.,0.));
#2070=DIRECTION('',(0.,0.,1.));
#2071=DIRECTION('',(0.,-1.,0.));
#2072=DIRECTION('',(0.,0.,-1.));
#2073=DIRECTION('',(0.,1.,0.));
#2074=DIRECTION('',(0.,0.,1.));
#2075=DIRECTION('',(0.,-1.,0.));
#2076=DIRECTION('',(0.,0.,-1.));
#2077=DIRECTION('',(0.,-1.,0.));
#2078=DIRECTION('',(0.,0.,-1.));
#2079=DIRECTION('',(0.,-1.,0.));
#2080=DIRECTION('',(0.,0.,-1.));
#2081=DIRECTION('',(0.,-1.,0.));
#2082=DIRECTION('',(0.,0.,-1.));
#2083=DIRECTION('',(0.,-1.,0.));
#2084=DIRECTION('',(0.,0.,-1.));
#2085=DIRECTION('',(0.,-1.,0.));
#2086=DIRECTION('',(0.,0.,-1.));
#2087=DIRECTION('',(0.,-1.,0.));
#2088=DIRECTION('',(0.,0.,-1.));
#2089=DIRECTION('',(0.,-1.,0.));
#2090=DIRECTION('',(0.,0.,-1.));
#2091=DIRECTION('',(0.,-1.,0.));
#2092=DIRECTION('',(0.,0.,-1.));
#2093=DIRECTION('',(0.,-1.,0.));
#2094=DIRECTION('',(0.,0.,-1.));
#2095=DIRECTION('',(0.,-1.,0.));
#2096=DIRECTION('',(0.,0.,-1.));
#2097=DIRECTION('',(0.,-1.,0.));
#2098=DIRECTION('',(0.,0.,-1.));
#2099=DIRECTION('',(0.,-1.,0.));
#2100=DIRECTION('',(0.,0.,-1.));
#2101=DIRECTION('',(0.,-1.,0.));
#2102=DIRECTION('',(0.,0.,-1.));
#2103=DIRECTION('',(0.,-1.,0.));
#2104=DIRECTION('',(0.,0.,-1.));
#2105=DIRECTION('',(0.,0.,-1.));
#2106=DIRECTION('',(0.,1.,0.));
#2107=CARTESIAN_POINT('',(0.,0.,0.));
#2108=CARTESIAN_POINT('',(-5.,21.,-19.));
#2109=CARTESIAN_POINT('',(-5.,0.,0.));
#2110=CARTESIAN_POINT('',(-5.,0.,-5.));
#2111=CARTESIAN_POINT('',(-5.,0.,-20.));
#2112=CARTESIAN_POINT('',(-5.,-10.,10.4418584288991));
#2113=CARTESIAN_POINT('',(-5.,-1.6452187104261,12.));
#2114=CARTESIAN_POINT('',(-5.,-10.,-19.));
#2115=CARTESIAN_POINT('',(-5.,-10.,-19.));
#2116=CARTESIAN_POINT('',(-5.,21.,-19.));
#2117=CARTESIAN_POINT('',(-5.,10.,-19.));
#2118=CARTESIAN_POINT('',(-5.,10.,-19.));
#2119=CARTESIAN_POINT('',(-5.,10.,10.4418584288991));
#2120=CARTESIAN_POINT('',(-5.,0.,-20.));
#2121=CARTESIAN_POINT('',(-5.,1.6452187104261,12.));
#2122=CARTESIAN_POINT('',(-5.,0.,12.));
#2123=CARTESIAN_POINT('',(5.,21.,13.));
#2124=CARTESIAN_POINT('',(5.,0.,0.));
#2125=CARTESIAN_POINT('',(5.,0.,5.));
#2126=CARTESIAN_POINT('',(5.,0.,-20.));
#2127=CARTESIAN_POINT('',(5.,-1.64521871042623,12.));
#2128=CARTESIAN_POINT('',(5.,-10.,10.4418584288991));
#2129=CARTESIAN_POINT('',(5.,0.,12.));
#2130=CARTESIAN_POINT('',(5.,1.64521871042623,12.));
#2131=CARTESIAN_POINT('',(5.,0.,-20.));
#2132=CARTESIAN_POINT('',(5.,10.,10.4418584288991));
#2133=CARTESIAN_POINT('',(5.,10.,13.));
#2134=CARTESIAN_POINT('',(5.,10.,-19.));
#2135=CARTESIAN_POINT('',(5.,21.,-19.));
#2136=CARTESIAN_POINT('',(5.,-10.,-19.));
#2137=CARTESIAN_POINT('',(5.,-10.,13.));
#2138=CARTESIAN_POINT('',(-10.,21.,13.));
#2139=CARTESIAN_POINT('',(-10.,0.,0.));
#2140=CARTESIAN_POINT('',(-10.,0.,5.));
#2141=CARTESIAN_POINT('',(-9.99999999999999,0.,-20.));
#2142=CARTESIAN_POINT('',(-10.,10.,7.38693073095145));
#2143=CARTESIAN_POINT('',(-10.,-10.,7.38693073095145));
#2144=CARTESIAN_POINT('',(-10.,10.,13.));
#2145=CARTESIAN_POINT('',(-10.,10.,-23.9571054027889));
#2146=CARTESIAN_POINT('',(-10.,10.,-23.9571054027889));
#2147=CARTESIAN_POINT('',(-10.,7.42493074709858,-24.4450004033228));
#2148=CARTESIAN_POINT('',(-10.,4.84482292198093,-24.847377405902));
#2149=CARTESIAN_POINT('',(-10.,2.25000000000002,-25.));
#2150=CARTESIAN_POINT('',(-10.,2.25000000000003,-25.));
#2151=CARTESIAN_POINT('',(-10.,2.25000000000003,-25.));
#2152=CARTESIAN_POINT('',(-10.,1.50137577321857,-25.));
#2153=CARTESIAN_POINT('',(-10.,0.00604431955694088,-25.0505099785015));
#2154=CARTESIAN_POINT('',(-10.,-1.49868376129911,-25.));
#2155=CARTESIAN_POINT('',(-10.,-2.25000000000003,-25.));
#2156=CARTESIAN_POINT('',(-10.,-2.25000000000003,-25.));
#2157=CARTESIAN_POINT('',(-10.,-2.25000000000002,-25.));
#2158=CARTESIAN_POINT('',(-10.,-4.83920909333146,-24.8477076007234));
#2159=CARTESIAN_POINT('',(-10.,-7.43415906712742,-24.443251925607));
#2160=CARTESIAN_POINT('',(-10.,-10.,-23.9571054027889));
#2161=CARTESIAN_POINT('',(-9.99999999999999,-10.,-23.9571054027889));
#2162=CARTESIAN_POINT('',(-9.99999999999999,-10.,-40.));
#2163=CARTESIAN_POINT('',(10.,21.,-40.));
#2164=CARTESIAN_POINT('',(10.,0.,0.));
#2165=CARTESIAN_POINT('',(10.,0.,-5.));
#2166=CARTESIAN_POINT('',(10.,0.,-20.));
#2167=CARTESIAN_POINT('',(10.,-10.,7.38693073095145));
#2168=CARTESIAN_POINT('',(10.,10.,7.38693073095145));
#2169=CARTESIAN_POINT('',(10.,-10.,-40.));
#2170=CARTESIAN_POINT('',(10.,-10.,-23.9571054027889));
#2171=CARTESIAN_POINT('',(10.,-10.,-23.9571054027889));
#2172=CARTESIAN_POINT('',(10.,-7.42493074709857,-24.4450004033228));
#2173=CARTESIAN_POINT('',(10.,-4.84482292198091,-24.847377405902));
#2174=CARTESIAN_POINT('',(10.,-2.25000000000001,-25.));
#2175=CARTESIAN_POINT('',(10.,-2.25000000000001,-25.));
#2176=CARTESIAN_POINT('',(10.,-2.25000000000001,-25.));
#2177=CARTESIAN_POINT('',(10.,-1.50137577321848,-25.));
#2178=CARTESIAN_POINT('',(10.,-0.00604431955666626,-25.0505099785015));
#2179=CARTESIAN_POINT('',(10.,1.49868376129916,-25.));
#2180=CARTESIAN_POINT('',(10.,2.25000000000001,-25.));
#2181=CARTESIAN_POINT('',(10.,2.25000000000001,-25.));
#2182=CARTESIAN_POINT('',(10.,2.25,-25.));
#2183=CARTESIAN_POINT('',(10.,4.83920909333144,-24.8477076007234));
#2184=CARTESIAN_POINT('',(10.,7.43415906712741,-24.443251925607));
#2185=CARTESIAN_POINT('',(10.,10.,-23.9571054027889));
#2186=CARTESIAN_POINT('',(10.,10.,-23.9571054027889));
#2187=CARTESIAN_POINT('',(10.,10.,13.));
#2188=CARTESIAN_POINT('',(4.,21.,-20.));
#2189=CARTESIAN_POINT('',(4.,21.,-20.));
#2190=CARTESIAN_POINT('',(4.,-1.24070302651359,-20.));
#2191=CARTESIAN_POINT('',(4.,-9.99999999999999,-20.));
#2192=CARTESIAN_POINT('',(0.,0.,-20.));
#2193=CARTESIAN_POINT('',(-4.,-1.24070302651359,-20.));
#2194=CARTESIAN_POINT('',(-4.,21.,-20.));
#2195=CARTESIAN_POINT('',(-4.,-10.,-20.));
#2196=CARTESIAN_POINT('',(4.,-10.,-20.));
#2197=CARTESIAN_POINT('',(0.,0.,12.));
#2198=CARTESIAN_POINT('',(-5.,1.6452187104261,12.));
#2199=CARTESIAN_POINT('',(-5.0984128989406,0.538617947797961,12.));
#2200=CARTESIAN_POINT('',(-5.09668716740319,-0.55802288206921,12.));
#2201=CARTESIAN_POINT('',(-5.,-1.64521871042608,12.));
#2202=CARTESIAN_POINT('',(0.,0.,12.));
#2203=CARTESIAN_POINT('',(4.99999999999999,-1.64521871042623,12.));
#2204=CARTESIAN_POINT('',(5.09841289894061,-0.538617947798002,12.));
#2205=CARTESIAN_POINT('',(5.09668716740321,0.558022882069263,12.));
#2206=CARTESIAN_POINT('',(5.,1.64521871042622,12.));
#2207=CARTESIAN_POINT('',(0.,0.,-22.3874953737966));
#2208=CARTESIAN_POINT('',(-2.25000000000001,10.,-25.));
#2209=CARTESIAN_POINT('',(-4.85467429952193,10.,-24.8467979664408));
#2210=CARTESIAN_POINT('',(-7.44055714021912,10.,-24.4420396910735));
#2211=CARTESIAN_POINT('',(-10.,10.,-23.9571054027889));
#2212=CARTESIAN_POINT('',(-2.25000000000002,10.,-25.));
#2213=CARTESIAN_POINT('',(0.,0.,-25.));
#2214=CARTESIAN_POINT('',(0.,0.,-22.3874953737966));
#2215=CARTESIAN_POINT('',(0.,0.,-25.));
#2216=CARTESIAN_POINT('',(-2.25000000000002,-10.,-25.));
#2217=CARTESIAN_POINT('',(-10.,-10.,-23.9571054027889));
#2218=CARTESIAN_POINT('',(-7.43416872878974,-10.,-24.4432500950245));
#2219=CARTESIAN_POINT('',(-4.85787699542008,-10.,-24.8466095899038));
#2220=CARTESIAN_POINT('',(-2.25000000000002,-10.,-25.));
#2221=CARTESIAN_POINT('',(0.,0.,-22.3874953737966));
#2222=CARTESIAN_POINT('',(2.25000000000001,-10.,-25.));
#2223=CARTESIAN_POINT('',(4.85467429952194,-10.,-24.8467979664408));
#2224=CARTESIAN_POINT('',(7.44055714021911,-10.,-24.4420396910735));
#2225=CARTESIAN_POINT('',(10.,-10.,-23.9571054027889));
#2226=CARTESIAN_POINT('',(2.25000000000002,-10.,-25.));
#2227=CARTESIAN_POINT('',(0.,0.,-25.));
#2228=CARTESIAN_POINT('',(0.,0.,-22.3874953737966));
#2229=CARTESIAN_POINT('',(0.,0.,-25.));
#2230=CARTESIAN_POINT('',(2.25000000000002,10.,-25.));
#2231=CARTESIAN_POINT('',(10.,10.,-23.9571054027889));
#2232=CARTESIAN_POINT('',(7.43416872878974,10.,-24.4432500950245));
#2233=CARTESIAN_POINT('',(4.85787699542008,10.,-24.8466095899038));
#2234=CARTESIAN_POINT('',(2.25000000000001,10.,-25.));
#2235=CARTESIAN_POINT('',(0.,0.,-26.25));
#2236=CARTESIAN_POINT('',(0.,0.,-26.25));
#2237=CARTESIAN_POINT('',(-9.,0.,-26.25));
#2238=CARTESIAN_POINT('',(-2.25000000000002,-10.,-25.));
#2239=CARTESIAN_POINT('',(-1.50137577321852,-10.,-25.));
#2240=CARTESIAN_POINT('',(-0.00604431955680937,-10.,-25.0505099785015));
#2241=CARTESIAN_POINT('',(1.49868376129914,-10.,-25.));
#2242=CARTESIAN_POINT('',(2.25000000000002,-10.,-25.));
#2243=CARTESIAN_POINT('',(2.25000000000002,10.,-25.));
#2244=CARTESIAN_POINT('',(1.50137577321852,10.,-25.));
#2245=CARTESIAN_POINT('',(0.00604431955680937,10.,-25.0505099785015));
#2246=CARTESIAN_POINT('',(-1.49868376129914,10.,-25.));
#2247=CARTESIAN_POINT('',(-2.25000000000002,10.,-25.));
#2248=CARTESIAN_POINT('',(21.,10.,13.));
#2249=CARTESIAN_POINT('',(-5.,10.,10.4418584288991));
#2250=CARTESIAN_POINT('',(-6.66909992610723,10.,9.42754130796393));
#2251=CARTESIAN_POINT('',(-8.33602970308955,10.,8.40966374559025));
#2252=CARTESIAN_POINT('',(-10.,10.,7.38693073095144));
#2253=CARTESIAN_POINT('',(-4.,10.,-20.));
#2254=CARTESIAN_POINT('',(-4.,10.,-20.));
#2255=CARTESIAN_POINT('',(4.,10.,-20.));
#2256=CARTESIAN_POINT('',(4.,10.,-20.));
#2257=CARTESIAN_POINT('',(5.,10.,-19.));
#2258=CARTESIAN_POINT('',(10.,10.,7.38693073095145));
#2259=CARTESIAN_POINT('',(8.33598828390647,10.,8.40968920323577));
#2260=CARTESIAN_POINT('',(6.66906243513511,10.,9.42756409134216));
#2261=CARTESIAN_POINT('',(5.00000000000001,10.,10.4418584288991));
#2262=CARTESIAN_POINT('',(21.,-10.,-40.));
#2263=CARTESIAN_POINT('',(-9.99999999999999,-10.,7.38693073095145));
#2264=CARTESIAN_POINT('',(-8.33598828390647,-10.,8.40968920323577));
#2265=CARTESIAN_POINT('',(-6.6690624351351,-10.,9.42756409134215));
#2266=CARTESIAN_POINT('',(-5.,-10.,10.4418584288991));
#2267=CARTESIAN_POINT('',(5.,-10.,10.4418584288991));
#2268=CARTESIAN_POINT('',(6.66909992610723,-10.,9.42754130796394));
#2269=CARTESIAN_POINT('',(8.33602970308953,-10.,8.40966374559027));
#2270=CARTESIAN_POINT('',(9.99999999999999,-10.,7.38693073095146));
#2271=CARTESIAN_POINT('',(5.,-10.,-19.));
#2272=CARTESIAN_POINT('',(-4.,-10.,-20.));
#2273=CARTESIAN_POINT('',(-4.,21.,-20.));
#2274=CARTESIAN_POINT('',(0.,0.,-24.));
#2275=CARTESIAN_POINT('',(-4.,1.2407030265136,-20.));
#2276=CARTESIAN_POINT('',(-4.,21.,-20.));
#2277=CARTESIAN_POINT('',(5.,21.,-19.));
#2278=CARTESIAN_POINT('',(4.,21.,-20.));
#2279=CARTESIAN_POINT('',(4.,1.2407030265136,-20.));
#2280=CARTESIAN_POINT('',(0.,0.,-24.));
#2281=CARTESIAN_POINT('',(4.,21.,-20.));
#2282=CARTESIAN_POINT('',(0.,0.,-20.));
#2283=CARTESIAN_POINT('',(0.,0.,-40.));
#2284=CARTESIAN_POINT('',(0.,0.,-39.1));
#2285=CARTESIAN_POINT('',(-9.,0.,-39.1));
#2286=CARTESIAN_POINT('',(0.,0.,-39.1));
#2287=CARTESIAN_POINT('',(0.,0.,-40.));
#2288=CARTESIAN_POINT('',(-8.1,0.,-40.));
#2289=CARTESIAN_POINT('',(0.,8.1,-40.));
#2290=CARTESIAN_POINT('',(0.,0.,-40.));
#2291=CARTESIAN_POINT('',(4.9,0.,-40.));
#2292=CARTESIAN_POINT('',(13.,0.,0.));
#2293=CARTESIAN_POINT('',(13.,0.,0.));
#2294=CARTESIAN_POINT('',(0.,0.,-39.288));
#2295=CARTESIAN_POINT('',(0.,0.,-39.288));
#2296=CARTESIAN_POINT('',(-4.188,0.,-39.288));
#2297=CARTESIAN_POINT('',(0.,0.,-40.1));
#2298=CARTESIAN_POINT('',(12.,0.,-20.));
#2299=CARTESIAN_POINT('',(5.20417042793042E-15,0.,-20.));
#2300=CARTESIAN_POINT('',(-4.89858719658941E-15,8.99855869597115E-31,40.));
#2301=CARTESIAN_POINT('',(0.,0.,0.));
#2302=CARTESIAN_POINT('',(0.,0.,0.));
#2303=CARTESIAN_POINT('',(0.,0.,-8.45));
#2304=CARTESIAN_POINT('',(0.,0.,0.));
#2305=CARTESIAN_POINT('',(0.,0.,-5.));
#2306=CARTESIAN_POINT('',(0.,0.,0.));
#2307=CARTESIAN_POINT('',(8.5,-0.365738476404289,4.90747728811182));
#2308=CARTESIAN_POINT('',(8.5,-0.149794061242195,3.29564623012046));
#2309=CARTESIAN_POINT('',(8.5,0.121173903577409,0.0545171752437926));
#2310=CARTESIAN_POINT('',(8.5,-0.146216187847457,-3.26894061953604));
#2311=CARTESIAN_POINT('',(8.5,-0.36573847640429,-4.90747728811183));
#2312=CARTESIAN_POINT('',(8.5,-0.365738476404289,4.90747728811182));
#2313=CARTESIAN_POINT('',(8.5,-0.365738476404289,-4.90747728811182));
#2314=CARTESIAN_POINT('',(8.5,-0.365738476404119,-4.90747728811182));
#2315=CARTESIAN_POINT('',(7.08333333333333,-0.146579380366846,-5.72539016946379));
#2316=CARTESIAN_POINT('',(4.25,0.119784461123734,-7.36121593216773));
#2317=CARTESIAN_POINT('',(1.41666666666667,-0.146579380366846,-8.99704169487167));
#2318=CARTESIAN_POINT('',(1.46732493525985E-15,-0.365738476404119,-9.81495457622364));
#2319=CARTESIAN_POINT('',(0.,-0.365738476404289,-9.81495457622364));
#2320=CARTESIAN_POINT('',(-5.2947417419213E-17,-0.365738476404119,-9.81495457622364));
#2321=CARTESIAN_POINT('',(-1.41666666666667,-0.146579380366846,-8.99704169487167));
#2322=CARTESIAN_POINT('',(-4.25,0.119784461123734,-7.36121593216773));
#2323=CARTESIAN_POINT('',(-7.08333333333333,-0.146579380366846,-5.72539016946379));
#2324=CARTESIAN_POINT('',(-8.5,-0.365738476404119,-4.90747728811182));
#2325=CARTESIAN_POINT('',(-8.5,-0.365738476404289,-4.90747728811182));
#2326=CARTESIAN_POINT('',(-8.5,-0.365738476404289,-4.90747728811182));
#2327=CARTESIAN_POINT('',(-8.5,-0.149794061242195,-3.29564623012046));
#2328=CARTESIAN_POINT('',(-8.5,0.121173903577409,-0.0545171752437926));
#2329=CARTESIAN_POINT('',(-8.5,-0.146216187847457,3.26894061953604));
#2330=CARTESIAN_POINT('',(-8.5,-0.36573847640429,4.90747728811183));
#2331=CARTESIAN_POINT('',(-8.5,-0.365738476404289,4.90747728811182));
#2332=CARTESIAN_POINT('',(-8.5,-0.365738476404119,4.90747728811182));
#2333=CARTESIAN_POINT('',(-7.08333333333333,-0.146579380366846,5.72539016946379));
#2334=CARTESIAN_POINT('',(-4.25,0.119784461123734,7.36121593216773));
#2335=CARTESIAN_POINT('',(-1.41666666666667,-0.146579380366846,8.99704169487167));
#2336=CARTESIAN_POINT('',(-1.46732493525985E-15,-0.365738476404119,9.81495457622364));
#2337=CARTESIAN_POINT('',(1.45724783443278E-16,-0.365738476404289,9.81495457622364));
#2338=CARTESIAN_POINT('',(1.14390393319652E-16,-0.365738476404119,9.81495457622364));
#2339=CARTESIAN_POINT('',(1.41666666666667,-0.146579380366846,8.99704169487167));
#2340=CARTESIAN_POINT('',(4.25,0.119784461123734,7.36121593216773));
#2341=CARTESIAN_POINT('',(7.08333333333333,-0.146579380366846,5.72539016946379));
#2342=CARTESIAN_POINT('',(8.5,-0.365738476404119,4.90747728811182));
#2343=CARTESIAN_POINT('',(-8.5,6.,-4.90747728811182));
#2344=CARTESIAN_POINT('',(-8.5,6.,-4.90747728811182));
#2345=CARTESIAN_POINT('',(-8.5,-4.63426152359571,-4.90747728811182));
#2346=CARTESIAN_POINT('',(-8.5,-4.63426152359571,4.90747728811182));
#2347=CARTESIAN_POINT('',(-8.5,-4.8502059387578,3.29564623012046));
#2348=CARTESIAN_POINT('',(-8.5,-5.12117390357741,0.0545171752437926));
#2349=CARTESIAN_POINT('',(-8.5,-4.85378381215254,-3.26894061953604));
#2350=CARTESIAN_POINT('',(-8.5,-4.63426152359571,-4.90747728811183));
#2351=CARTESIAN_POINT('',(-8.5,-4.63426152359571,4.90747728811182));
#2352=CARTESIAN_POINT('',(-8.5,6.,4.90747728811182));
#2353=CARTESIAN_POINT('',(0.,6.,-9.81495457622364));
#2354=CARTESIAN_POINT('',(0.,6.,-9.81495457622364));
#2355=CARTESIAN_POINT('',(0.,-4.63426152359571,-9.81495457622364));
#2356=CARTESIAN_POINT('',(-8.5,-4.63426152359588,-4.90747728811182));
#2357=CARTESIAN_POINT('',(-7.08333333333333,-4.85342061963315,-5.72539016946379));
#2358=CARTESIAN_POINT('',(-4.25,-5.11978446112373,-7.36121593216773));
#2359=CARTESIAN_POINT('',(-1.41666666666667,-4.85342061963315,-8.99704169487167));
#2360=CARTESIAN_POINT('',(-1.3010421933923E-15,-4.63426152359588,-9.81495457622364));
#2361=CARTESIAN_POINT('',(8.5,6.,-4.90747728811182));
#2362=CARTESIAN_POINT('',(8.5,6.,-4.90747728811182));
#2363=CARTESIAN_POINT('',(8.5,-4.63426152359571,-4.90747728811182));
#2364=CARTESIAN_POINT('',(1.76554257123931E-16,-4.63426152359588,-9.81495457622364));
#2365=CARTESIAN_POINT('',(1.41666666666667,-4.85342061963315,-8.99704169487167));
#2366=CARTESIAN_POINT('',(4.25,-5.11978446112373,-7.36121593216773));
#2367=CARTESIAN_POINT('',(7.08333333333333,-4.85342061963315,-5.72539016946379));
#2368=CARTESIAN_POINT('',(8.5,-4.63426152359588,-4.90747728811182));
#2369=CARTESIAN_POINT('',(8.5,6.,4.90747728811182));
#2370=CARTESIAN_POINT('',(8.5,6.,4.90747728811182));
#2371=CARTESIAN_POINT('',(8.5,-4.63426152359571,4.90747728811182));
#2372=CARTESIAN_POINT('',(8.5,-4.63426152359571,-4.90747728811182));
#2373=CARTESIAN_POINT('',(8.5,-4.8502059387578,-3.29564623012046));
#2374=CARTESIAN_POINT('',(8.5,-5.12117390357741,-0.0545171752437926));
#2375=CARTESIAN_POINT('',(8.5,-4.85378381215254,3.26894061953604));
#2376=CARTESIAN_POINT('',(8.5,-4.63426152359571,4.90747728811183));
#2377=CARTESIAN_POINT('',(0.,6.,9.81495457622364));
#2378=CARTESIAN_POINT('',(0.,6.,9.81495457622364));
#2379=CARTESIAN_POINT('',(0.,-4.63426152359571,9.81495457622364));
#2380=CARTESIAN_POINT('',(8.5,-4.63426152359588,4.90747728811182));
#2381=CARTESIAN_POINT('',(7.08333333333333,-4.85342061963315,5.72539016946379));
#2382=CARTESIAN_POINT('',(4.25,-5.11978446112373,7.36121593216773));
#2383=CARTESIAN_POINT('',(1.41666666666667,-4.85342061963315,8.99704169487167));
#2384=CARTESIAN_POINT('',(1.3010421933923E-15,-4.63426152359588,9.81495457622364));
#2385=CARTESIAN_POINT('',(-8.5,6.,4.90747728811182));
#2386=CARTESIAN_POINT('',(-1.76554257123931E-16,-4.63426152359588,9.81495457622364));
#2387=CARTESIAN_POINT('',(-1.41666666666667,-4.85342061963315,8.99704169487167));
#2388=CARTESIAN_POINT('',(-4.25,-5.11978446112373,7.36121593216773));
#2389=CARTESIAN_POINT('',(-7.08333333333333,-4.85342061963315,5.72539016946379));
#2390=CARTESIAN_POINT('',(-8.5,-4.63426152359588,4.90747728811182));
#2391=CARTESIAN_POINT('',(8.45,-5.,0.));
#2392=CARTESIAN_POINT('',(0.,-5.,0.));
#2393=CARTESIAN_POINT('',(0.,-5.,-5.));
#2394=CARTESIAN_POINT('',(0.,-5.,0.));
#2395=CARTESIAN_POINT('',(0.,-5.,-8.45));
#2396=CARTESIAN_POINT('',(0.,-2.5,0.));
#2397=CARTESIAN_POINT('',(0.,0.,0.));
#2398=CARTESIAN_POINT('',(0.,-0.812,0.));
#2399=CARTESIAN_POINT('',(0.,-0.812,-4.188));
#2400=CARTESIAN_POINT('',(0.,-5.,0.));
#2401=CARTESIAN_POINT('',(0.,-4.188,0.));
#2402=CARTESIAN_POINT('',(0.,-4.188,-4.188));
#2403=CARTESIAN_POINT('',(0.,-4.188,0.));
#2404=CARTESIAN_POINT('',(0.,0.,0.));
#2405=CARTESIAN_POINT('',(0.,11.6560463281996,-0.601602391132883));
#2406=CARTESIAN_POINT('',(6.65,10.5,-23.));
#2407=CARTESIAN_POINT('',(6.65,10.5,-23.));
#2408=CARTESIAN_POINT('',(2.29128784747792,10.5,-23.));
#2409=CARTESIAN_POINT('',(0.,10.241935483871,-28.));
#2410=CARTESIAN_POINT('',(-2.29128784747792,10.5,-23.));
#2411=CARTESIAN_POINT('',(6.65,10.5,-23.));
#2412=CARTESIAN_POINT('',(-6.65,10.5,-23.));
#2413=CARTESIAN_POINT('',(-6.65,10.5,-23.));
#2414=CARTESIAN_POINT('',(-6.65,11.3,-7.5));
#2415=CARTESIAN_POINT('',(6.65,11.3,-7.5));
#2416=CARTESIAN_POINT('',(-3.49999999999958,11.2997216035556,-7.5));
#2417=CARTESIAN_POINT('',(4.33680868994202E-16,-10989.1999941826,-7.5));
#2418=CARTESIAN_POINT('',(3.5000000000001,11.2997216035556,-7.5));
#2419=CARTESIAN_POINT('',(6.65,11.3,-7.5));
#2420=CARTESIAN_POINT('',(6.65,11.3,-7.5));
#2421=CARTESIAN_POINT('',(6.65,10.5,-23.));
#2422=CARTESIAN_POINT('',(6.44348413348232,8.29044704594159,0.));
#2423=CARTESIAN_POINT('',(3.5,8.2915619758885,0.));
#2424=CARTESIAN_POINT('',(3.50000026328633,8.83175999719855,0.));
#2425=CARTESIAN_POINT('',(3.49999762411656,8.29156960679773,0.));
#2426=CARTESIAN_POINT('',(3.50000000133446,8.83175933621958,0.));
#2427=CARTESIAN_POINT('',(4.33957119412381,8.4990297689168,0.));
#2428=CARTESIAN_POINT('',(5.11651640377451,8.05527222173331,0.));
#2429=CARTESIAN_POINT('',(5.8298190264228,7.5008806229108,0.));
#2430=CARTESIAN_POINT('',(5.8298190264228,7.5008806229108,0.));
#2431=CARTESIAN_POINT('',(6.44348413348232,8.29044704594159,0.));
#2432=CARTESIAN_POINT('',(7.15059091466887,7.58334026475504,0.));
#2433=CARTESIAN_POINT('',(9.40027754909397,9.83302689918014,0.));
#2434=CARTESIAN_POINT('',(9.40027754909397,9.83302689918014,0.));
#2435=CARTESIAN_POINT('',(9.75383093968725,9.47947350858686,0.));
#2436=CARTESIAN_POINT('',(9.75383093968725,9.47947350858686,0.));
#2437=CARTESIAN_POINT('',(7.50414430526215,7.22978687416176,0.));
#2438=CARTESIAN_POINT('',(7.50414430526215,7.22978687416176,0.));
#2439=CARTESIAN_POINT('',(6.44348413348233,8.29044704594158,0.));
#2440=CARTESIAN_POINT('',(5.52298640012771,7.10609746794993,0.));
#2441=CARTESIAN_POINT('',(5.52298640012771,7.10609746794993,0.));
#2442=CARTESIAN_POINT('',(4.90002591705117,7.59027352820896,0.));
#2443=CARTESIAN_POINT('',(4.22569711660204,7.9854327830347,0.));
#2444=CARTESIAN_POINT('',(3.4999999987803,8.29157523242714,0.));
#2445=CARTESIAN_POINT('',(6.44348413348232,8.29044704594159,0.));
#2446=CARTESIAN_POINT('',(-3.5,8.83176086632785,0.));
#2447=CARTESIAN_POINT('',(-3.50000006638993,8.2916452934356,0.));
#2448=CARTESIAN_POINT('',(-3.50000008412585,8.83192787032873,0.));
#2449=CARTESIAN_POINT('',(-3.50002992699038,8.2917160344363,0.));
#2450=CARTESIAN_POINT('',(-4.67613469819915,7.79454800985071,0.));
#2451=CARTESIAN_POINT('',(-6.81523240235515,6.29246037210628,0.));
#2452=CARTESIAN_POINT('',(-8.80178676334267,2.92568322512738,0.));
#2453=CARTESIAN_POINT('',(-9.22510969451796,-0.973026986788739,0.));
#2454=CARTESIAN_POINT('',(-8.00329905617669,-4.68768825676195,0.));
#2455=CARTESIAN_POINT('',(-5.35312335599604,-7.5757528889702,0.));
#2456=CARTESIAN_POINT('',(-1.75370542050882,-9.10842479942515,0.));
#2457=CARTESIAN_POINT('',(2.16653622194399,-9.0182326928623,0.));
#2458=CARTESIAN_POINT('',(4.50861038547856,-7.89448869939461,0.));
#2459=CARTESIAN_POINT('',(5.52298640012771,-7.10609746794993,0.));
#2460=CARTESIAN_POINT('',(5.52298640012771,-7.10609746794993,0.));
#2461=CARTESIAN_POINT('',(6.44348413348233,-8.29044704594158,0.));
#2462=CARTESIAN_POINT('',(7.50414430526215,-7.22978687416176,0.));
#2463=CARTESIAN_POINT('',(9.75383093968724,-9.47947350858686,0.));
#2464=CARTESIAN_POINT('',(9.75383093968724,-9.47947350858686,0.));
#2465=CARTESIAN_POINT('',(9.40027754909397,-9.83302689918014,0.));
#2466=CARTESIAN_POINT('',(9.40027754909397,-9.83302689918014,0.));
#2467=CARTESIAN_POINT('',(7.15059091466887,-7.58334026475504,0.));
#2468=CARTESIAN_POINT('',(7.15059091466887,-7.58334026475504,0.));
#2469=CARTESIAN_POINT('',(6.44348413348231,-8.29044704594158,0.));
#2470=CARTESIAN_POINT('',(5.82981911102351,-7.50088055715761,0.));
#2471=CARTESIAN_POINT('',(5.82981911102351,-7.50088055715761,0.));
#2472=CARTESIAN_POINT('',(4.75274152310572,-8.33800460656091,0.));
#2473=CARTESIAN_POINT('',(2.26279560635108,-9.52919524865351,0.));
#2474=CARTESIAN_POINT('',(-1.90603053761115,-9.60763678352888,0.));
#2475=CARTESIAN_POINT('',(-5.7175382780681,-7.9534717030705,0.));
#2476=CARTESIAN_POINT('',(-8.50620160014137,-4.85545348006384,0.));
#2477=CARTESIAN_POINT('',(-9.75438819895108,-0.894077245679008,0.));
#2478=CARTESIAN_POINT('',(-9.24170216248456,3.24418744659783,0.));
#2479=CARTESIAN_POINT('',(-7.0682095759413,6.78127665035868,0.));
#2480=CARTESIAN_POINT('',(-4.75816854729746,8.33281046278039,0.));
#2481=CARTESIAN_POINT('',(-3.50005736252242,8.83207220862816,0.));
#2482=CARTESIAN_POINT('',(6.44348413348232,8.29044704594159,10.));
#2483=CARTESIAN_POINT('',(5.8298190264228,7.5008806229108,10.));
#2484=CARTESIAN_POINT('',(5.8298190264228,7.5008806229108,10.));
#2485=CARTESIAN_POINT('',(6.44348413348232,8.29044704594159,10.));
#2486=CARTESIAN_POINT('',(7.15059091466887,7.58334026475504,10.));
#2487=CARTESIAN_POINT('',(7.15059091466887,7.58334026475504,10.));
#2488=CARTESIAN_POINT('',(9.40027754909397,9.83302689918014,10.));
#2489=CARTESIAN_POINT('',(9.40027754909397,9.83302689918014,10.));
#2490=CARTESIAN_POINT('',(9.40027754909397,9.83302689918014,10.));
#2491=CARTESIAN_POINT('',(9.40027754909397,9.83302689918014,10.));
#2492=CARTESIAN_POINT('',(9.75383093968725,9.47947350858686,10.));
#2493=CARTESIAN_POINT('',(9.75383093968725,9.47947350858686,10.));
#2494=CARTESIAN_POINT('',(9.75383093968725,9.47947350858686,10.));
#2495=CARTESIAN_POINT('',(9.75383093968725,9.47947350858686,10.));
#2496=CARTESIAN_POINT('',(7.50414430526215,7.22978687416176,10.));
#2497=CARTESIAN_POINT('',(7.50414430526215,7.22978687416176,10.));
#2498=CARTESIAN_POINT('',(7.50414430526215,7.22978687416176,10.));
#2499=CARTESIAN_POINT('',(7.50414430526215,7.22978687416176,10.));
#2500=CARTESIAN_POINT('',(6.44348413348233,8.29044704594158,10.));
#2501=CARTESIAN_POINT('',(6.44348413348233,8.29044704594158,10.));
#2502=CARTESIAN_POINT('',(5.52298640012771,7.10609746794993,10.));
#2503=CARTESIAN_POINT('',(5.52298640012771,7.10609746794993,10.));
#2504=CARTESIAN_POINT('',(-1.30104260698261E-15,4.33680868994202E-16,10.));
#2505=CARTESIAN_POINT('',(-1.30104260698261E-15,4.33680868994202E-16,10.));
#2506=CARTESIAN_POINT('',(5.52298640012771,-7.10609746794993,10.));
#2507=CARTESIAN_POINT('',(5.52298640012771,-7.10609746794993,10.));
#2508=CARTESIAN_POINT('',(0.,-8.67361737988404E-15,0.));
#2509=CARTESIAN_POINT('',(6.44348413348233,-8.29044704594158,10.));
#2510=CARTESIAN_POINT('',(6.44348413348233,-8.29044704594158,10.));
#2511=CARTESIAN_POINT('',(7.50414430526215,-7.22978687416176,10.));
#2512=CARTESIAN_POINT('',(7.50414430526215,-7.22978687416176,10.));
#2513=CARTESIAN_POINT('',(9.75383093968724,-9.47947350858686,10.));
#2514=CARTESIAN_POINT('',(9.75383093968724,-9.47947350858686,10.));
#2515=CARTESIAN_POINT('',(9.75383093968724,-9.47947350858686,10.));
#2516=CARTESIAN_POINT('',(9.75383093968724,-9.47947350858686,10.));
#2517=CARTESIAN_POINT('',(9.40027754909397,-9.83302689918014,10.));
#2518=CARTESIAN_POINT('',(9.40027754909397,-9.83302689918014,10.));
#2519=CARTESIAN_POINT('',(9.40027754909397,-9.83302689918014,10.));
#2520=CARTESIAN_POINT('',(9.40027754909397,-9.83302689918014,10.));
#2521=CARTESIAN_POINT('',(7.15059091466887,-7.58334026475504,10.));
#2522=CARTESIAN_POINT('',(7.15059091466887,-7.58334026475504,10.));
#2523=CARTESIAN_POINT('',(7.15059091466887,-7.58334026475504,10.));
#2524=CARTESIAN_POINT('',(7.15059091466887,-7.58334026475504,10.));
#2525=CARTESIAN_POINT('',(6.44348413348231,-8.29044704594158,10.));
#2526=CARTESIAN_POINT('',(6.44348413348231,-8.29044704594158,10.));
#2527=CARTESIAN_POINT('',(5.82981911102351,-7.50088055715761,10.));
#2528=CARTESIAN_POINT('',(5.82981911102351,-7.50088055715761,10.));
#2529=CARTESIAN_POINT('',(6.50521303491303E-16,4.33680868994202E-16,10.));
#2530=CARTESIAN_POINT('',(0.,-1.04083408558608E-14,0.));
#2531=CARTESIAN_POINT('',(6.50521303491303E-16,4.33680868994202E-16,10.));
#2532=CARTESIAN_POINT('',(6.44348413348232,8.29044704594159,10.));
#2533=CARTESIAN_POINT('',(3.5,0.,0.));
#2534=CARTESIAN_POINT('',(3.5,9.48445577230279,-1.875));
#2535=CARTESIAN_POINT('',(3.5,10.6773495687171,-3.75));
#2536=CARTESIAN_POINT('',(3.49999999999965,10.7383963752608,-5.625));
#2537=CARTESIAN_POINT('',(3.49999999999977,10.7997215909023,-7.5));
#2538=CARTESIAN_POINT('',(3.5,10.7994431818042,-7.5));
#2539=CARTESIAN_POINT('',(3.50000000000016,11.2390050391756,-5.625));
#2540=CARTESIAN_POINT('',(3.5,11.17856687124,-3.75));
#2541=CARTESIAN_POINT('',(3.5,10.0051638687839,-1.875));
#2542=CARTESIAN_POINT('',(-3.5,11.17856687124,-3.75));
#2543=CARTESIAN_POINT('',(-3.5,8.83176086632785,0.));
#2544=CARTESIAN_POINT('',(-1.17038414811317,11.3404145772782,-3.75));
#2545=CARTESIAN_POINT('',(-1.2666833893192,9.71681745421448,0.));
#2546=CARTESIAN_POINT('',(1.17038414811317,11.3404145772782,-3.75));
#2547=CARTESIAN_POINT('',(1.2666833893192,9.71681745421448,0.));
#2548=CARTESIAN_POINT('',(3.5,11.17856687124,-3.75));
#2549=CARTESIAN_POINT('',(3.5,8.83176086632785,0.));
#2550=CARTESIAN_POINT('',(2.16840434497101E-16,-39.2000000000005,-3.75));
#2551=CARTESIAN_POINT('',(-3.5,11.17856687124,-3.75));
#2552=CARTESIAN_POINT('',(-3.5,11.17856687124,-3.75));
#2553=CARTESIAN_POINT('',(-3.5,0.,-3.23815048849004E-15));
#2554=CARTESIAN_POINT('',(-3.49999999999897,11.2994432071112,-7.5));
#2555=CARTESIAN_POINT('',(-3.5,11.2994432071118,-7.5));
#2556=CARTESIAN_POINT('',(-3.50000000000004,10.7997215909023,-7.5));
#2557=CARTESIAN_POINT('',(-3.50000000000019,10.7383963752608,-5.625));
#2558=CARTESIAN_POINT('',(-3.5,10.6773495687171,-3.75));
#2559=CARTESIAN_POINT('',(-3.5,9.48445577230278,-1.875));
#2560=CARTESIAN_POINT('',(3.5,10.6773495687171,-3.75));
#2561=CARTESIAN_POINT('',(3.5,8.2915619758885,0.));
#2562=CARTESIAN_POINT('',(1.17045850473389,10.8408184639958,-3.75));
#2563=CARTESIAN_POINT('',(1.27817053810516,9.22943147975826,0.));
#2564=CARTESIAN_POINT('',(-1.17045850473388,10.8408184639958,-3.75));
#2565=CARTESIAN_POINT('',(-1.27817053810516,9.22943147975826,0.));
#2566=CARTESIAN_POINT('',(-3.5,10.6773495687171,-3.75));
#2567=CARTESIAN_POINT('',(-3.5,8.2915619758885,0.));
#2568=CARTESIAN_POINT('',(4.96564594998361E-14,-39.2000000000002,-3.75));
#2569=CARTESIAN_POINT('',(-3.49999999999897,11.2994432071112,-7.5));
#2570=CARTESIAN_POINT('',(-3.5,11.17856687124,-3.75));
#2571=CARTESIAN_POINT('',(-1.16666674540067,11.3001855976215,-7.5));
#2572=CARTESIAN_POINT('',(-1.17038414811317,11.3404145772782,-3.75));
#2573=CARTESIAN_POINT('',(1.16666674540202,11.3001855976215,-7.5));
#2574=CARTESIAN_POINT('',(1.17038414811317,11.3404145772782,-3.75));
#2575=CARTESIAN_POINT('',(3.50000000000032,11.2994432071112,-7.5));
#2576=CARTESIAN_POINT('',(3.5,11.17856687124,-3.75));
#2577=CARTESIAN_POINT('',(3.49999999999929,10.7994431818046,-7.5));
#2578=CARTESIAN_POINT('',(3.5,10.6773495687171,-3.75));
#2579=CARTESIAN_POINT('',(1.16666674540865,10.8001856060584,-7.5));
#2580=CARTESIAN_POINT('',(1.17045850473389,10.8408184639958,-3.75));
#2581=CARTESIAN_POINT('',(-1.16666674540974,10.8001856060584,-7.5));
#2582=CARTESIAN_POINT('',(-1.17045850473388,10.8408184639958,-3.75));
#2583=CARTESIAN_POINT('',(-3.50000000000038,10.7994431818046,-7.5));
#2584=CARTESIAN_POINT('',(-3.5,10.6773495687171,-3.75));
#2585=CARTESIAN_POINT('',(4.33680868994202E-16,-10989.200017279,-7.5));
#2586=CARTESIAN_POINT('',(-6.4,11.55,-7.5));
#2587=CARTESIAN_POINT('',(-6.4,10.8,-7.5));
#2588=CARTESIAN_POINT('',(-6.4,10.8,-7.5));
#2589=CARTESIAN_POINT('',(-6.65,11.3,-7.5));
#2590=CARTESIAN_POINT('',(-6.65,13.8,-7.5));
#2591=CARTESIAN_POINT('',(-6.65,13.8,-7.5));
#2592=CARTESIAN_POINT('',(-7.15,13.8,-7.5));
#2593=CARTESIAN_POINT('',(-7.15,13.8,-7.5));
#2594=CARTESIAN_POINT('',(-7.15,11.55,-7.5));
#2595=CARTESIAN_POINT('',(-6.4,11.55,-7.5));
#2596=CARTESIAN_POINT('',(0.,14.1494042924156,-0.730291834447259));
#2597=CARTESIAN_POINT('',(-6.65,13.,-23.));
#2598=CARTESIAN_POINT('',(-6.65,13.,-23.));
#2599=CARTESIAN_POINT('',(-6.65,13.,-23.));
#2600=CARTESIAN_POINT('',(-7.15,13.,-23.));
#2601=CARTESIAN_POINT('',(-7.15,13.4,-15.25));
#2602=CARTESIAN_POINT('',(-6.65,0.,0.));
#2603=CARTESIAN_POINT('',(-6.65,10.5,-23.));
#2604=CARTESIAN_POINT('',(-6.65,10.5,-28.));
#2605=CARTESIAN_POINT('',(-6.65,10.5,-28.));
#2606=CARTESIAN_POINT('',(-6.65,13.,-28.));
#2607=CARTESIAN_POINT('',(-6.65,13.,-23.));
#2608=CARTESIAN_POINT('',(6.65,0.,0.));
#2609=CARTESIAN_POINT('',(6.65,13.8,-7.5));
#2610=CARTESIAN_POINT('',(6.65,13.8,-7.5));
#2611=CARTESIAN_POINT('',(6.65,13.,-23.));
#2612=CARTESIAN_POINT('',(6.65,13.,-23.));
#2613=CARTESIAN_POINT('',(6.65,13.,-23.));
#2614=CARTESIAN_POINT('',(6.65,13.,-28.));
#2615=CARTESIAN_POINT('',(6.65,13.,-28.));
#2616=CARTESIAN_POINT('',(6.65,10.5,-28.));
#2617=CARTESIAN_POINT('',(6.65,10.5,-23.));
#2618=CARTESIAN_POINT('',(0.,14.1494042924156,-0.730291834447259));
#2619=CARTESIAN_POINT('',(7.15,13.8,-7.5));
#2620=CARTESIAN_POINT('',(7.15,13.8,-7.5));
#2621=CARTESIAN_POINT('',(7.15,13.4,-15.25));
#2622=CARTESIAN_POINT('',(7.15,13.,-23.));
#2623=CARTESIAN_POINT('',(7.15,13.,-23.));
#2624=CARTESIAN_POINT('',(-7.15,13.,-23.));
#2625=CARTESIAN_POINT('',(-7.15,13.8,-7.5));
#2626=CARTESIAN_POINT('',(-7.15,12.25,-23.));
#2627=CARTESIAN_POINT('',(-7.15,13.05,-7.5));
#2628=CARTESIAN_POINT('',(-7.15,11.5,-23.));
#2629=CARTESIAN_POINT('',(-7.15,12.3,-7.5));
#2630=CARTESIAN_POINT('',(-7.15,10.5536504591506,-23.));
#2631=CARTESIAN_POINT('',(-7.15,11.3536504591506,-7.5));
#2632=CARTESIAN_POINT('',(-7.06917017770736,10.3585100059275,-23.));
#2633=CARTESIAN_POINT('',(-7.06917017770736,11.1585100059275,-7.5));
#2634=CARTESIAN_POINT('',(-6.79148999407246,10.0808298222926,-23.));
#2635=CARTESIAN_POINT('',(-6.79148999407246,10.8808298222926,-7.5));
#2636=CARTESIAN_POINT('',(-6.59634954084936,10.,-23.));
#2637=CARTESIAN_POINT('',(-6.59634954084936,10.8,-7.5));
#2638=CARTESIAN_POINT('',(-2.13333333333334,10.,-23.));
#2639=CARTESIAN_POINT('',(-2.13333333333333,10.8,-7.5));
#2640=CARTESIAN_POINT('',(2.13333333333334,10.,-23.));
#2641=CARTESIAN_POINT('',(2.13333333333333,10.8,-7.5));
#2642=CARTESIAN_POINT('',(6.59634954084936,10.,-23.));
#2643=CARTESIAN_POINT('',(6.59634954084936,10.8,-7.5));
#2644=CARTESIAN_POINT('',(6.79148999407246,10.0808298222926,-23.));
#2645=CARTESIAN_POINT('',(6.79148999407246,10.8808298222926,-7.5));
#2646=CARTESIAN_POINT('',(7.06917017770736,10.3585100059275,-23.));
#2647=CARTESIAN_POINT('',(7.06917017770736,11.1585100059275,-7.5));
#2648=CARTESIAN_POINT('',(7.15,10.5536504591506,-23.));
#2649=CARTESIAN_POINT('',(7.15,11.3536504591506,-7.5));
#2650=CARTESIAN_POINT('',(7.15,11.5,-23.));
#2651=CARTESIAN_POINT('',(7.15,12.3,-7.5));
#2652=CARTESIAN_POINT('',(7.15,12.25,-23.));
#2653=CARTESIAN_POINT('',(7.15,13.05,-7.5));
#2654=CARTESIAN_POINT('',(7.15,13.,-23.));
#2655=CARTESIAN_POINT('',(7.15,13.8,-7.5));
#2656=CARTESIAN_POINT('',(7.15,11.55,-7.5));
#2657=CARTESIAN_POINT('',(7.15,11.55,-7.5));
#2658=CARTESIAN_POINT('',(6.4,11.55,-7.5));
#2659=CARTESIAN_POINT('',(6.4,10.8,-7.5));
#2660=CARTESIAN_POINT('',(-6.4,10.8,-7.5));
#2661=CARTESIAN_POINT('',(-7.15,13.,-23.));
#2662=CARTESIAN_POINT('',(-7.15,10.75,-23.));
#2663=CARTESIAN_POINT('',(-6.4,10.75,-23.));
#2664=CARTESIAN_POINT('',(-6.4,10.,-23.));
#2665=CARTESIAN_POINT('',(-6.4,10.,-23.));
#2666=CARTESIAN_POINT('',(0.,10.,-23.));
#2667=CARTESIAN_POINT('',(-6.4,10.,-23.));
#2668=CARTESIAN_POINT('',(6.4,10.,-23.));
#2669=CARTESIAN_POINT('',(6.4,10.75,-23.));
#2670=CARTESIAN_POINT('',(7.15,10.75,-23.));
#2671=CARTESIAN_POINT('',(7.15,10.75,-23.));
#2672=CARTESIAN_POINT('',(-6.4,11.55,-7.5));
#2673=CARTESIAN_POINT('',(-7.15,13.,-23.));
#2674=CARTESIAN_POINT('',(-7.15,13.,-28.));
#2675=CARTESIAN_POINT('',(-7.15,13.,-28.));
#2676=CARTESIAN_POINT('',(-7.15,10.75,-28.));
#2677=CARTESIAN_POINT('',(-7.15,10.75,-23.));
#2678=CARTESIAN_POINT('',(-7.15,13.,-23.));
#2679=CARTESIAN_POINT('',(-6.4,10.75,-23.));
#2680=CARTESIAN_POINT('',(-6.4,10.75,-28.));
#2681=CARTESIAN_POINT('',(-6.4,10.,-28.));
#2682=CARTESIAN_POINT('',(-6.4,10.,-23.));
#2683=CARTESIAN_POINT('',(-6.4,10.,-23.));
#2684=CARTESIAN_POINT('',(0.,10.,-28.));
#2685=CARTESIAN_POINT('',(0.,10.,-28.));
#2686=CARTESIAN_POINT('',(6.4,10.,-28.));
#2687=CARTESIAN_POINT('',(6.4,10.,-23.));
#2688=CARTESIAN_POINT('',(6.4,10.75,-23.));
#2689=CARTESIAN_POINT('',(6.4,10.75,-28.));
#2690=CARTESIAN_POINT('',(7.15,10.75,-28.));
#2691=CARTESIAN_POINT('',(7.15,10.75,-23.));
#2692=CARTESIAN_POINT('',(7.15,10.75,-23.));
#2693=CARTESIAN_POINT('',(7.15,10.75,-28.));
#2694=CARTESIAN_POINT('',(7.15,13.,-28.));
#2695=CARTESIAN_POINT('',(7.15,13.,-23.));
#2696=CARTESIAN_POINT('',(7.15,13.,-23.));
#2697=CARTESIAN_POINT('',(0.,13.,-28.));
#2698=CARTESIAN_POINT('',(0.,13.,-28.));
#2699=CARTESIAN_POINT('',(6.65,10.5,-23.));
#2700=CARTESIAN_POINT('',(0.,10.5,-28.));
#2701=CARTESIAN_POINT('',(0.,10.5,-28.));
#2702=CARTESIAN_POINT('',(0.,10.,-28.));
#2703=CARTESIAN_POINT('',(0.,10.,-28.));
#2704=CARTESIAN_POINT('',(0.,10.75,-28.));
#2705=CARTESIAN_POINT('',(0.,10.75,-28.));
#2706=CARTESIAN_POINT('',(0.,-13.,-28.));
#2707=CARTESIAN_POINT('',(0.,-11.,-28.));
#2708=CARTESIAN_POINT('',(0.,-11.,-33.));
#2709=CARTESIAN_POINT('',(0.,-11.,-28.));
#2710=CARTESIAN_POINT('',(0.,-13.,-28.));
#2711=CARTESIAN_POINT('',(0.,-13.,-31.8452994616207));
#2712=CARTESIAN_POINT('',(3.84529946162075,-13.,-28.));
#2713=CARTESIAN_POINT('',(0.,12.1,-28.));
#2714=CARTESIAN_POINT('',(0.,12.1,-28.));
#2715=CARTESIAN_POINT('',(0.,12.1,-29.55));
#2716=CARTESIAN_POINT('',(0.,10.5,-28.));
#2717=CARTESIAN_POINT('',(0.,12.4,-28.));
#2718=CARTESIAN_POINT('',(0.,12.4,-29.55));
#2719=CARTESIAN_POINT('',(0.,12.4,-28.));
#2720=CARTESIAN_POINT('',(0.,13.2,-28.));
#2721=CARTESIAN_POINT('',(0.,13.2,-30.35));
#2722=CARTESIAN_POINT('',(2.35,13.2,-28.));
#2723=CARTESIAN_POINT('',(0.,13.2,-28.));
#2724=CARTESIAN_POINT('',(0.,13.2,-30.7));
#2725=CARTESIAN_POINT('',(0.,12.4,-28.));
#2726=CARTESIAN_POINT('',(0.,12.4,-28.));
#2727=CARTESIAN_POINT('',(0.,12.4,-31.5));
#2728=CARTESIAN_POINT('',(0.,10.5,-28.));
#2729=CARTESIAN_POINT('',(0.,12.1,-28.));
#2730=CARTESIAN_POINT('',(0.,12.1,-31.5));
#2731=CARTESIAN_POINT('',(3.5,12.1,-28.));
#2732=CARTESIAN_POINT('',(0.,12.1,-28.));
#2733=CARTESIAN_POINT('',(0.,12.1,-33.5));
#2734=CARTESIAN_POINT('',(0.,10.5,-28.));
#2735=CARTESIAN_POINT('',(-5.32907051820075E-15,1.22464679914735E-15,12.));
#2736=MECHANICAL_DESIGN_GEOMETRIC_PRESENTATION_REPRESENTATION('',(#1502,
#1503,#1504),#2737);
#2737=(
GEOMETRIC_REPRESENTATION_CONTEXT(3)
GLOBAL_UNCERTAINTY_ASSIGNED_CONTEXT((#2741))
GLOBAL_UNIT_ASSIGNED_CONTEXT((#2747,#2746,#2745))
REPRESENTATION_CONTEXT('2674 SG-M10','TOP_LEVEL_ASSEMBLY_PART')
);
#2738=(
GEOMETRIC_REPRESENTATION_CONTEXT(3)
GLOBAL_UNCERTAINTY_ASSIGNED_CONTEXT((#2742))
GLOBAL_UNIT_ASSIGNED_CONTEXT((#2747,#2746,#2745))
REPRESENTATION_CONTEXT('2674 SG-M10---(GK)','COMPONENT_PART')
);
#2739=(
GEOMETRIC_REPRESENTATION_CONTEXT(3)
GLOBAL_UNCERTAINTY_ASSIGNED_CONTEXT((#2743))
GLOBAL_UNIT_ASSIGNED_CONTEXT((#2747,#2746,#2745))
REPRESENTATION_CONTEXT('DIN-439-B - M10(F)','COMPONENT_PART')
);
#2740=(
GEOMETRIC_REPRESENTATION_CONTEXT(3)
GLOBAL_UNCERTAINTY_ASSIGNED_CONTEXT((#2744))
GLOBAL_UNIT_ASSIGNED_CONTEXT((#2747,#2746,#2745))
REPRESENTATION_CONTEXT('200063 FKB-10X20','COMPONENT_PART')
);
#2741=UNCERTAINTY_MEASURE_WITH_UNIT(LENGTH_MEASURE(1.E-5),#2747,
'DISTANCE_ACCURACY_VALUE','Maximum Tolerance applied to model');
#2742=UNCERTAINTY_MEASURE_WITH_UNIT(LENGTH_MEASURE(1.E-5),#2747,
'DISTANCE_ACCURACY_VALUE','Maximum Tolerance applied to model');
#2743=UNCERTAINTY_MEASURE_WITH_UNIT(LENGTH_MEASURE(1.E-5),#2747,
'DISTANCE_ACCURACY_VALUE','Maximum Tolerance applied to model');
#2744=UNCERTAINTY_MEASURE_WITH_UNIT(LENGTH_MEASURE(0.0305568448620685),
#2747,'DISTANCE_ACCURACY_VALUE','Maximum Tolerance applied to model');
#2745=(
NAMED_UNIT(*)
SI_UNIT($,.STERADIAN.)
SOLID_ANGLE_UNIT()
);
#2746=(
NAMED_UNIT(*)
PLANE_ANGLE_UNIT()
SI_UNIT($,.RADIAN.)
);
#2747=(
LENGTH_UNIT()
NAMED_UNIT(*)
SI_UNIT(.MILLI.,.METRE.)
);
#2748=PRODUCT_DEFINITION_SHAPE('','',#2755);
#2749=PRODUCT_DEFINITION_SHAPE('','',#2756);
#2750=PRODUCT_DEFINITION_SHAPE(' ','NAUO PRDDFN',#18);
#2751=PRODUCT_DEFINITION_SHAPE('','',#2757);
#2752=PRODUCT_DEFINITION_SHAPE(' ','NAUO PRDDFN',#19);
#2753=PRODUCT_DEFINITION_SHAPE('','',#2758);
#2754=PRODUCT_DEFINITION_SHAPE(' ','NAUO PRDDFN',#20);
#2755=PRODUCT_DEFINITION('','',#2763,#2759);
#2756=PRODUCT_DEFINITION('','',#2764,#2760);
#2757=PRODUCT_DEFINITION('','',#2765,#2761);
#2758=PRODUCT_DEFINITION('','',#2766,#2762);
#2759=PRODUCT_DEFINITION_CONTEXT('',#2784,'design');
#2760=PRODUCT_DEFINITION_CONTEXT('',#2784,'design');
#2761=PRODUCT_DEFINITION_CONTEXT('',#2784,'design');
#2762=PRODUCT_DEFINITION_CONTEXT('',#2784,'design');
#2763=PRODUCT_DEFINITION_FORMATION_WITH_SPECIFIED_SOURCE('','',#2771,
 .NOT_KNOWN.);
#2764=PRODUCT_DEFINITION_FORMATION_WITH_SPECIFIED_SOURCE('','',#2772,
 .NOT_KNOWN.);
#2765=PRODUCT_DEFINITION_FORMATION_WITH_SPECIFIED_SOURCE('','',#2773,
 .NOT_KNOWN.);
#2766=PRODUCT_DEFINITION_FORMATION_WITH_SPECIFIED_SOURCE('','',#2774,
 .NOT_KNOWN.);
#2767=PRODUCT_RELATED_PRODUCT_CATEGORY('','',(#2771));
#2768=PRODUCT_RELATED_PRODUCT_CATEGORY('','',(#2772));
#2769=PRODUCT_RELATED_PRODUCT_CATEGORY('','',(#2773));
#2770=PRODUCT_RELATED_PRODUCT_CATEGORY('','',(#2774));
#2771=PRODUCT('2674 SG-M10','2674 SG-M10','2674 SG-M10',(#2779));
#2772=PRODUCT('2674 SG-M10---(GK)','2674 SG-M10---(GK)',
'2674 SG-M10---(GK)',(#2780));
#2773=PRODUCT('DIN-439-B - M10(F)','DIN-439-B - M10(F)',
'DIN-439-B - M10(F)',(#2781));
#2774=PRODUCT('200063 FKB-10X20','200063 FKB-10X20','200063 FKB-10X20',
(#2782));
#2775=PRODUCT_CATEGORY('','');
#2776=PRODUCT_CATEGORY('','');
#2777=PRODUCT_CATEGORY('','');
#2778=PRODUCT_CATEGORY('','');
#2779=PRODUCT_CONTEXT('',#2784,'mechanical');
#2780=PRODUCT_CONTEXT('',#2784,'mechanical');
#2781=PRODUCT_CONTEXT('',#2784,'mechanical');
#2782=PRODUCT_CONTEXT('',#2784,'mechanical');
#2783=APPLICATION_PROTOCOL_DEFINITION('international standard',
'ap242_managed_model_based_3d_engineering',2011,#2784);
#2784=APPLICATION_CONTEXT('managed model based 3d engineering');
ENDSEC;
END-ISO-10303-21;
