ISO-10303-21;
HEADER;
FILE_DESCRIPTION(('CATIA V5 STEP Exchange','CAx-IF Rec.Pracs.--- Model Styling and Organization---1.4--- 2014-01-23','CAx-IF Rec.Pracs.---3D Tessellated Data Validation Properties---0.5---2014-09-14'),'2;1');

FILE_NAME('C:\\Users\\PCKT-13\\Documents\\GrabCAD\\I+D\\IKOT-1360-170921A-LEXA_WAIST_SUPPORT\\3DN\\1360.001.000.000.SOPORTE_POLEA_PIERNA_VERSION_LIGAS.stp','2021-10-21T13:59:37+00:00',('none'),('none'),'CATIA Version 5-6 Release 2018','CATIA V5 STEP AP242','none');

FILE_SCHEMA(('AP242_MANAGED_MODEL_BASED_3D_ENGINEERING_MIM_LF  {1 0 10303 442 1 1 4}'));

ENDSEC;
DATA;
#5=PRODUCT('1360.001.000.000.SOPORTE_POLEA_PIERNA','','',(#2)) ;
#26=PRODUCT('1360.001.001.000.SOPORTE_PIERNA','','',(#2)) ;
#930=PRODUCT('1360.001.002.000.ESLABON','','',(#2)) ;
#1276=PRODUCT('1360.001.003.000.SOPORTE_POLEA','','',(#2)) ;
#2251=PRODUCT('1360.001.004.000.POLEA','','',(#2)) ;
#3353=PRODUCT('1069F.201.000.000.KVT','','',(#2)) ;
#3361=PRODUCT('1069F.201.001.000.ANILLO_EXTERIOR','','',(#2)) ;
#4346=PRODUCT('1069F.201.002.000.BUJE','','',(#2)) ;
#4592=PRODUCT('1069F.201.003.000.NUCLEO_ENTERO.1','','',(#2)) ;
#5175=PRODUCT('1069F.201.004.000.TAPA','','',(#2)) ;
#2=PRODUCT_CONTEXT(' ',#1,'mechanical') ;
#1=APPLICATION_CONTEXT('managed model based 3d engineering') ;
#13=PRODUCT_DEFINITION('',' ',#6,#3) ;
#28=PRODUCT_DEFINITION('',' ',#27,#3) ;
#932=PRODUCT_DEFINITION('',' ',#931,#3) ;
#1278=PRODUCT_DEFINITION('',' ',#1277,#3) ;
#2253=PRODUCT_DEFINITION('',' ',#2252,#3) ;
#3355=PRODUCT_DEFINITION('',' ',#3354,#3) ;
#3363=PRODUCT_DEFINITION('',' ',#3362,#3) ;
#4348=PRODUCT_DEFINITION('',' ',#4347,#3) ;
#4594=PRODUCT_DEFINITION('',' ',#4593,#3) ;
#5177=PRODUCT_DEFINITION('',' ',#5176,#3) ;
#3=PRODUCT_DEFINITION_CONTEXT('part definition',#1,' ') ;
#16=PRODUCT_DEFINITION_SHAPE(' ',' ',#13) ;
#29=PRODUCT_DEFINITION_SHAPE(' ',' ',#28) ;
#914=PRODUCT_DEFINITION_SHAPE(' ',' ',#913) ;
#933=PRODUCT_DEFINITION_SHAPE(' ',' ',#932) ;
#1260=PRODUCT_DEFINITION_SHAPE(' ',' ',#1259) ;
#1279=PRODUCT_DEFINITION_SHAPE(' ',' ',#1278) ;
#2235=PRODUCT_DEFINITION_SHAPE(' ',' ',#2234) ;
#2254=PRODUCT_DEFINITION_SHAPE(' ',' ',#2253) ;
#3337=PRODUCT_DEFINITION_SHAPE(' ',' ',#3336) ;
#3356=PRODUCT_DEFINITION_SHAPE(' ',' ',#3355) ;
#3364=PRODUCT_DEFINITION_SHAPE(' ',' ',#3363) ;
#4330=PRODUCT_DEFINITION_SHAPE(' ',' ',#4329) ;
#4349=PRODUCT_DEFINITION_SHAPE(' ',' ',#4348) ;
#4576=PRODUCT_DEFINITION_SHAPE(' ',' ',#4575) ;
#4595=PRODUCT_DEFINITION_SHAPE(' ',' ',#4594) ;
#5159=PRODUCT_DEFINITION_SHAPE(' ',' ',#5158) ;
#5178=PRODUCT_DEFINITION_SHAPE(' ',' ',#5177) ;
#6090=PRODUCT_DEFINITION_SHAPE(' ',' ',#6089) ;
#6103=PRODUCT_DEFINITION_SHAPE(' ',' ',#6102) ;
#6116=PRODUCT_DEFINITION_SHAPE(' ',' ',#6115) ;
#6128=MECHANICAL_DESIGN_GEOMETRIC_PRESENTATION_REPRESENTATION(' ',(#38,#935,#1281,#2256,#3833,#3841,#3901,#3909,#3998,#4006,#4095,#4103,#4192,#4200,#4289,#4297,#3373,#4358,#4646,#4782,#5023,#5031,#5054,#5062,#5085,#5093,#5116,#5124,#5147,#5155,#4597,#5231,#5263,#5276,#5578,#5586,#5624,#5647,#5655,#5678,#5686,#5724,#5747,#5755,#5778,#5786,#5824,#5847,#5855,#5878,#5886,#5924,#5947,#5955,#5978,#5986,#6024,#6047,#6055,#6078,#6086,#5180),#21) ;
#15=SHAPE_REPRESENTATION(' ',(#918,#1264,#2239,#3341,#6120),#21) ;
#24=SHAPE_REPRESENTATION(' ',(#919),#23) ;
#928=SHAPE_REPRESENTATION(' ',(#1265),#927) ;
#1274=SHAPE_REPRESENTATION(' ',(#2240),#1273) ;
#2249=SHAPE_REPRESENTATION(' ',(#3342),#2248) ;
#3351=SHAPE_REPRESENTATION(' ',(#4334,#4580,#5163,#6094,#6107,#6121),#3350) ;
#3359=SHAPE_REPRESENTATION(' ',(#4335),#3358) ;
#4344=SHAPE_REPRESENTATION(' ',(#4581,#6108),#4343) ;
#4590=SHAPE_REPRESENTATION(' ',(#5164),#4589) ;
#5173=SHAPE_REPRESENTATION(' ',(#6095),#5172) ;
#7=PRODUCT_CATEGORY('part','specification') ;
#10=PRODUCT_CATEGORY('part','specification') ;
#40=CARTESIAN_POINT('Axis2P3D Location',(3.2,-17.5,70.)) ;
#45=CARTESIAN_POINT('Line Origine',(1.6,-17.5,180.)) ;
#49=CARTESIAN_POINT('Vertex',(0.,-17.5,180.)) ;
#51=CARTESIAN_POINT('Vertex',(3.2,-17.5,180.)) ;
#54=CARTESIAN_POINT('Line Origine',(0.,-17.5,125.)) ;
#58=CARTESIAN_POINT('Vertex',(0.,-17.5,70.)) ;
#61=CARTESIAN_POINT('Line Origine',(1.6,-17.5,70.)) ;
#65=CARTESIAN_POINT('Vertex',(3.2,-17.5,70.)) ;
#68=CARTESIAN_POINT('Line Origine',(3.2,-17.5,125.)) ;
#80=CARTESIAN_POINT('Axis2P3D Location',(1.6,-7.5,180.)) ;
#85=CARTESIAN_POINT('Axis2P3D Location',(3.2,-7.5,180.)) ;
#89=CARTESIAN_POINT('Vertex',(3.2,-7.5,190.)) ;
#92=CARTESIAN_POINT('Line Origine',(1.6,-7.5,190.)) ;
#96=CARTESIAN_POINT('Vertex',(0.,-7.5,190.)) ;
#99=CARTESIAN_POINT('Axis2P3D Location',(4.4408920985E-016,-7.5,180.)) ;
#111=CARTESIAN_POINT('Axis2P3D Location',(0.,0.,190.)) ;
#116=CARTESIAN_POINT('Line Origine',(3.2,-1.7763568394E-015,190.)) ;
#120=CARTESIAN_POINT('Vertex',(3.2,7.5,190.)) ;
#123=CARTESIAN_POINT('Line Origine',(1.6,7.5,190.)) ;
#127=CARTESIAN_POINT('Vertex',(0.,7.5,190.)) ;
#130=CARTESIAN_POINT('Line Origine',(0.,-8.881784197E-016,190.)) ;
#142=CARTESIAN_POINT('Axis2P3D Location',(1.6,7.5,180.)) ;
#147=CARTESIAN_POINT('Axis2P3D Location',(0.,7.5,180.)) ;
#151=CARTESIAN_POINT('Vertex',(0.,17.5,180.)) ;
#154=CARTESIAN_POINT('Axis2P3D Location',(3.2,7.5,180.)) ;
#158=CARTESIAN_POINT('Vertex',(3.2,17.5,180.)) ;
#161=CARTESIAN_POINT('Line Origine',(1.6,17.5,180.)) ;
#173=CARTESIAN_POINT('Axis2P3D Location',(0.,17.5,70.)) ;
#178=CARTESIAN_POINT('Line Origine',(3.2,17.5,125.)) ;
#182=CARTESIAN_POINT('Vertex',(3.2,17.5,70.)) ;
#185=CARTESIAN_POINT('Line Origine',(1.6,17.5,70.)) ;
#189=CARTESIAN_POINT('Vertex',(0.,17.5,70.)) ;
#192=CARTESIAN_POINT('Line Origine',(0.,17.5,125.)) ;
#204=CARTESIAN_POINT('Axis2P3D Location',(6.5,33.904755158,60.)) ;
#209=CARTESIAN_POINT('Line Origine',(3.85487110483,35.8778981148,60.)) ;
#213=CARTESIAN_POINT('Vertex',(3.85487110483,35.8778981148,70.)) ;
#215=CARTESIAN_POINT('Vertex',(3.85487110483,35.8778981148,-70.)) ;
#218=CARTESIAN_POINT('Axis2P3D Location',(6.5,33.904755158,70.)) ;
#222=CARTESIAN_POINT('Vertex',(3.2,33.904755158,70.)) ;
#225=CARTESIAN_POINT('Line Origine',(3.2,33.904755158,60.)) ;
#229=CARTESIAN_POINT('Vertex',(3.2,33.904755158,-70.)) ;
#232=CARTESIAN_POINT('Axis2P3D Location',(6.5,33.904755158,-70.)) ;
#244=CARTESIAN_POINT('Axis2P3D Location',(6.7,-32.7763210784,60.)) ;
#249=CARTESIAN_POINT('Axis2P3D Location',(6.7,-32.7763210784,-70.)) ;
#253=CARTESIAN_POINT('Vertex',(0.,-32.7763210784,-70.)) ;
#255=CARTESIAN_POINT('Vertex',(1.3295867886,-36.7823992028,-70.)) ;
#258=CARTESIAN_POINT('Line Origine',(1.3295867886,-36.7823992028,60.)) ;
#262=CARTESIAN_POINT('Vertex',(1.3295867886,-36.7823992028,70.)) ;
#265=CARTESIAN_POINT('Axis2P3D Location',(6.7,-32.7763210784,70.)) ;
#269=CARTESIAN_POINT('Vertex',(0.,-32.7763210784,70.)) ;
#272=CARTESIAN_POINT('Line Origine',(0.,-32.7763210784,60.)) ;
#284=CARTESIAN_POINT('Axis2P3D Location',(6.5,-33.904755158,60.)) ;
#289=CARTESIAN_POINT('Line Origine',(3.85487110483,-35.8778981148,60.)) ;
#293=CARTESIAN_POINT('Vertex',(3.85487110483,-35.8778981148,-70.)) ;
#295=CARTESIAN_POINT('Vertex',(3.85487110483,-35.8778981148,70.)) ;
#298=CARTESIAN_POINT('Axis2P3D Location',(6.5,-33.904755158,-70.)) ;
#302=CARTESIAN_POINT('Vertex',(3.2,-33.904755158,-70.)) ;
#305=CARTESIAN_POINT('Line Origine',(3.2,-33.904755158,60.)) ;
#309=CARTESIAN_POINT('Vertex',(3.2,-33.904755158,70.)) ;
#312=CARTESIAN_POINT('Axis2P3D Location',(6.5,-33.904755158,70.)) ;
#324=CARTESIAN_POINT('Axis2P3D Location',(6.7,32.7763210784,60.)) ;
#329=CARTESIAN_POINT('Axis2P3D Location',(6.7,32.7763210784,70.)) ;
#333=CARTESIAN_POINT('Vertex',(0.,32.7763210784,70.)) ;
#335=CARTESIAN_POINT('Vertex',(1.3295867886,36.7823992028,70.)) ;
#338=CARTESIAN_POINT('Line Origine',(1.3295867886,36.7823992028,60.)) ;
#342=CARTESIAN_POINT('Vertex',(1.3295867886,36.7823992028,-70.)) ;
#345=CARTESIAN_POINT('Axis2P3D Location',(6.7,32.7763210784,-70.)) ;
#349=CARTESIAN_POINT('Vertex',(0.,32.7763210784,-70.)) ;
#352=CARTESIAN_POINT('Line Origine',(0.,32.7763210784,60.)) ;
#364=CARTESIAN_POINT('Axis2P3D Location',(1.6,0.,175.)) ;
#369=CARTESIAN_POINT('Line Origine',(1.6,4.5,175.)) ;
#373=CARTESIAN_POINT('Vertex',(3.2,4.5,175.)) ;
#375=CARTESIAN_POINT('Vertex',(0.,4.5,175.)) ;
#378=CARTESIAN_POINT('Axis2P3D Location',(3.2,0.,175.)) ;
#382=CARTESIAN_POINT('Vertex',(3.2,-4.5,175.)) ;
#385=CARTESIAN_POINT('Line Origine',(1.6,-4.5,175.)) ;
#389=CARTESIAN_POINT('Vertex',(0.,-4.5,175.)) ;
#392=CARTESIAN_POINT('Axis2P3D Location',(0.,0.,175.)) ;
#404=CARTESIAN_POINT('Axis2P3D Location',(3.2,4.5,175.)) ;
#409=CARTESIAN_POINT('Line Origine',(1.6,4.5,110.)) ;
#413=CARTESIAN_POINT('Vertex',(3.2,4.5,110.)) ;
#415=CARTESIAN_POINT('Vertex',(0.,4.5,110.)) ;
#418=CARTESIAN_POINT('Line Origine',(3.2,4.5,142.5)) ;
#423=CARTESIAN_POINT('Line Origine',(0.,4.5,142.5)) ;
#435=CARTESIAN_POINT('Axis2P3D Location',(3.2,-4.5,110.)) ;
#440=CARTESIAN_POINT('Line Origine',(3.2,-4.5,142.5)) ;
#444=CARTESIAN_POINT('Vertex',(3.2,-4.5,110.)) ;
#447=CARTESIAN_POINT('Line Origine',(1.6,-4.5,110.)) ;
#451=CARTESIAN_POINT('Vertex',(0.,-4.5,110.)) ;
#454=CARTESIAN_POINT('Line Origine',(0.,-4.5,142.5)) ;
#466=CARTESIAN_POINT('Axis2P3D Location',(1.6,0.,110.)) ;
#471=CARTESIAN_POINT('Axis2P3D Location',(3.2,0.,110.)) ;
#476=CARTESIAN_POINT('Axis2P3D Location',(0.,0.,110.)) ;
#488=CARTESIAN_POINT('Axis2P3D Location',(0.,-35.,70.)) ;
#493=CARTESIAN_POINT('Line Origine',(26.8321659615,-68.825390625,70.)) ;
#497=CARTESIAN_POINT('Vertex',(25.2321659615,-68.825390625,70.)) ;
#499=CARTESIAN_POINT('Vertex',(28.4321659615,-68.825390625,70.)) ;
#502=CARTESIAN_POINT('Line Origine',(16.1435185332,-52.3516443699,70.)) ;
#507=CARTESIAN_POINT('Line Origine',(3.2,-25.702377579,70.)) ;
#512=CARTESIAN_POINT('Line Origine',(0.,-25.1381605392,70.)) ;
#517=CARTESIAN_POINT('Line Origine',(13.2808763751,-52.8038949139,70.)) ;
#533=CARTESIAN_POINT('Axis2P3D Location',(-8.881784197E-015,35.,70.)) ;
#538=CARTESIAN_POINT('Line Origine',(7.0148676118,44.4038949139,-70.)) ;
#542=CARTESIAN_POINT('Vertex',(12.700148435,52.025390625,-70.)) ;
#545=CARTESIAN_POINT('Line Origine',(13.2808763751,52.8038949139,70.)) ;
#549=CARTESIAN_POINT('Vertex',(25.2321659615,68.825390625,70.)) ;
#552=CARTESIAN_POINT('Line Origine',(18.9661571983,60.425390625,1.42108547152E-014)) ;
#564=CARTESIAN_POINT('Axis2P3D Location',(29.423655753,-70.1545483972,70.)) ;
#569=CARTESIAN_POINT('Line Origine',(22.1661571983,-60.425390625,0.)) ;
#573=CARTESIAN_POINT('Vertex',(15.900148435,-52.025390625,-70.)) ;
#576=CARTESIAN_POINT('Line Origine',(9.87750976992,-43.9516443699,-70.)) ;
#588=CARTESIAN_POINT('Axis2P3D Location',(8.881784197E-015,-35.,70.)) ;
#593=CARTESIAN_POINT('Line Origine',(18.9661571983,-60.425390625,0.)) ;
#597=CARTESIAN_POINT('Vertex',(12.700148435,-52.025390625,-70.)) ;
#600=CARTESIAN_POINT('Line Origine',(7.0148676118,-44.4038949139,-70.)) ;
#612=CARTESIAN_POINT('Line Origine',(26.8321659615,68.825390625,70.)) ;
#616=CARTESIAN_POINT('Vertex',(28.4321659615,68.825390625,70.)) ;
#619=CARTESIAN_POINT('Line Origine',(0.,25.1381605392,70.)) ;
#624=CARTESIAN_POINT('Line Origine',(3.2,25.702377579,70.)) ;
#629=CARTESIAN_POINT('Line Origine',(16.1435185332,52.3516443699,70.)) ;
#645=CARTESIAN_POINT('Axis2P3D Location',(0.,35.,-70.)) ;
#650=CARTESIAN_POINT('Line Origine',(14.300148435,-52.025390625,-70.)) ;
#655=CARTESIAN_POINT('Line Origine',(0.,2.13162820728E-014,-70.)) ;
#660=CARTESIAN_POINT('Line Origine',(14.300148435,52.025390625,-70.)) ;
#664=CARTESIAN_POINT('Vertex',(15.900148435,52.025390625,-70.)) ;
#667=CARTESIAN_POINT('Line Origine',(9.87750976992,43.9516443699,-70.)) ;
#672=CARTESIAN_POINT('Line Origine',(3.2,-2.13162820728E-014,-70.)) ;
#692=CARTESIAN_POINT('Axis2P3D Location',(29.423655753,70.1545483972,70.)) ;
#697=CARTESIAN_POINT('Line Origine',(22.1661571983,60.425390625,0.)) ;
#709=CARTESIAN_POINT('Axis2P3D Location',(0.,-68.825390625,70.)) ;
#721=CARTESIAN_POINT('Axis2P3D Location',(0.,68.825390625,70.)) ;
#733=CARTESIAN_POINT('Axis2P3D Location',(0.,0.,0.)) ;
#756=CARTESIAN_POINT('Axis2P3D Location',(0.,0.,35.)) ;
#760=CARTESIAN_POINT('Vertex',(0.,-3.25,35.)) ;
#762=CARTESIAN_POINT('Vertex',(0.,3.25,35.)) ;
#765=CARTESIAN_POINT('Axis2P3D Location',(0.,0.,35.)) ;
#774=CARTESIAN_POINT('Axis2P3D Location',(0.,0.,-35.)) ;
#778=CARTESIAN_POINT('Vertex',(0.,-3.25,-35.)) ;
#780=CARTESIAN_POINT('Vertex',(0.,3.25,-35.)) ;
#783=CARTESIAN_POINT('Axis2P3D Location',(0.,0.,-35.)) ;
#793=CARTESIAN_POINT('Axis2P3D Location',(3.2,0.,0.)) ;
#816=CARTESIAN_POINT('Axis2P3D Location',(3.2,0.,35.)) ;
#820=CARTESIAN_POINT('Vertex',(3.2,3.25,35.)) ;
#822=CARTESIAN_POINT('Vertex',(3.2,-3.25,35.)) ;
#825=CARTESIAN_POINT('Axis2P3D Location',(3.2,0.,35.)) ;
#834=CARTESIAN_POINT('Axis2P3D Location',(3.2,0.,-35.)) ;
#838=CARTESIAN_POINT('Vertex',(3.2,3.25,-35.)) ;
#840=CARTESIAN_POINT('Vertex',(3.2,-3.25,-35.)) ;
#843=CARTESIAN_POINT('Axis2P3D Location',(3.2,0.,-35.)) ;
#853=CARTESIAN_POINT('Axis2P3D Location',(1.6,0.,-35.)) ;
#858=CARTESIAN_POINT('Line Origine',(1.6,-3.25,-35.)) ;
#863=CARTESIAN_POINT('Line Origine',(1.6,3.25,-35.)) ;
#882=CARTESIAN_POINT('Axis2P3D Location',(1.6,0.,35.)) ;
#887=CARTESIAN_POINT('Line Origine',(1.6,-3.25,35.)) ;
#892=CARTESIAN_POINT('Line Origine',(1.6,3.25,35.)) ;
#920=CARTESIAN_POINT('NONE',(0.,0.,0.)) ;
#921=CARTESIAN_POINT('NONE',(97.0879962736,0.,0.)) ;
#937=CARTESIAN_POINT('Axis2P3D Location',(0.,0.,-50.)) ;
#942=CARTESIAN_POINT('Axis2P3D Location',(0.,0.,-50.)) ;
#946=CARTESIAN_POINT('Vertex',(0.,4.25,-50.)) ;
#948=CARTESIAN_POINT('Vertex',(0.,-4.25,-50.)) ;
#951=CARTESIAN_POINT('Line Origine',(1.6,4.25,-50.)) ;
#955=CARTESIAN_POINT('Vertex',(3.2,4.25,-50.)) ;
#958=CARTESIAN_POINT('Axis2P3D Location',(3.2,0.,-50.)) ;
#962=CARTESIAN_POINT('Vertex',(3.2,-4.25,-50.)) ;
#965=CARTESIAN_POINT('Line Origine',(1.6,-4.25,-50.)) ;
#977=CARTESIAN_POINT('Axis2P3D Location',(0.,0.,0.)) ;
#982=CARTESIAN_POINT('Line Origine',(0.,17.5,-50.)) ;
#986=CARTESIAN_POINT('Vertex',(0.,17.5,-100.)) ;
#988=CARTESIAN_POINT('Vertex',(0.,17.5,0.)) ;
#991=CARTESIAN_POINT('Axis2P3D Location',(0.,0.,-100.)) ;
#995=CARTESIAN_POINT('Vertex',(0.,-17.5,-100.)) ;
#998=CARTESIAN_POINT('Line Origine',(0.,-17.5,-50.)) ;
#1002=CARTESIAN_POINT('Vertex',(0.,-17.5,2.14313189851E-015)) ;
#1005=CARTESIAN_POINT('Axis2P3D Location',(0.,0.,0.)) ;
#1016=CARTESIAN_POINT('Axis2P3D Location',(0.,0.,-100.)) ;
#1020=CARTESIAN_POINT('Vertex',(0.,-4.25,-100.)) ;
#1022=CARTESIAN_POINT('Vertex',(0.,4.25,-100.)) ;
#1025=CARTESIAN_POINT('Line Origine',(0.,4.25,-75.)) ;
#1030=CARTESIAN_POINT('Line Origine',(0.,-4.25,-75.)) ;
#1042=CARTESIAN_POINT('Axis2P3D Location',(0.,4.25,-50.)) ;
#1047=CARTESIAN_POINT('Line Origine',(1.6,4.25,-100.)) ;
#1051=CARTESIAN_POINT('Vertex',(3.2,4.25,-100.)) ;
#1054=CARTESIAN_POINT('Line Origine',(3.2,4.25,-75.)) ;
#1066=CARTESIAN_POINT('Axis2P3D Location',(3.2,0.,0.)) ;
#1071=CARTESIAN_POINT('Line Origine',(3.2,-17.5,-50.)) ;
#1075=CARTESIAN_POINT('Vertex',(3.2,-17.5,0.)) ;
#1077=CARTESIAN_POINT('Vertex',(3.2,-17.5,-100.)) ;
#1081=CARTESIAN_POINT('Control Point',(3.2,-17.5,-100.)) ;
#1082=CARTESIAN_POINT('Control Point',(3.2,-17.5,-102.748893572)) ;
#1083=CARTESIAN_POINT('Control Point',(3.2,-16.9602560093,-105.497787144)) ;
#1084=CARTESIAN_POINT('Control Point',(3.2,-15.8802346057,-108.105189464)) ;
#1085=CARTESIAN_POINT('Control Point',(3.2,-12.7560253067,-112.756025307)) ;
#1086=CARTESIAN_POINT('Control Point',(3.2,-8.10518946396,-115.880234606)) ;
#1087=CARTESIAN_POINT('Control Point',(3.2,-5.49778714378,-116.960256009)) ;
#1088=CARTESIAN_POINT('Control Point',(3.2,-2.21126736331E-014,-118.039743991)) ;
#1089=CARTESIAN_POINT('Control Point',(3.2,5.49778714378,-116.960256009)) ;
#1090=CARTESIAN_POINT('Control Point',(3.2,8.10518946396,-115.880234606)) ;
#1091=CARTESIAN_POINT('Control Point',(3.2,12.7560253067,-112.756025307)) ;
#1092=CARTESIAN_POINT('Control Point',(3.2,15.8802346057,-108.105189464)) ;
#1093=CARTESIAN_POINT('Control Point',(3.2,16.9602560093,-105.497787144)) ;
#1094=CARTESIAN_POINT('Control Point',(3.2,17.5,-102.748893572)) ;
#1095=CARTESIAN_POINT('Control Point',(3.2,17.5,-100.)) ;
#1096=CARTESIAN_POINT('Vertex',(3.2,17.5,-100.)) ;
#1099=CARTESIAN_POINT('Line Origine',(3.2,17.5,-50.)) ;
#1103=CARTESIAN_POINT('Vertex',(3.2,17.5,0.)) ;
#1107=CARTESIAN_POINT('Control Point',(3.2,17.5,0.)) ;
#1108=CARTESIAN_POINT('Control Point',(3.2,17.5,2.74889357189)) ;
#1109=CARTESIAN_POINT('Control Point',(3.2,16.9602560093,5.49778714378)) ;
#1110=CARTESIAN_POINT('Control Point',(3.2,15.8802346057,8.10518946396)) ;
#1111=CARTESIAN_POINT('Control Point',(3.2,12.7560253067,12.7560253067)) ;
#1112=CARTESIAN_POINT('Control Point',(3.2,8.10518946396,15.8802346057)) ;
#1113=CARTESIAN_POINT('Control Point',(3.2,5.49778714378,16.9602560093)) ;
#1114=CARTESIAN_POINT('Control Point',(3.2,6.23690794779E-015,18.0397439907)) ;
#1115=CARTESIAN_POINT('Control Point',(3.2,-5.49778714378,16.9602560093)) ;
#1116=CARTESIAN_POINT('Control Point',(3.2,-8.10518946396,15.8802346057)) ;
#1117=CARTESIAN_POINT('Control Point',(3.2,-12.7560253067,12.7560253067)) ;
#1118=CARTESIAN_POINT('Control Point',(3.2,-15.8802346057,8.10518946396)) ;
#1119=CARTESIAN_POINT('Control Point',(3.2,-16.9602560093,5.49778714378)) ;
#1120=CARTESIAN_POINT('Control Point',(3.2,-17.5,2.74889357189)) ;
#1121=CARTESIAN_POINT('Control Point',(3.2,-17.5,1.7763568394E-015)) ;
#1130=CARTESIAN_POINT('Control Point',(3.2,-4.25,-100.)) ;
#1131=CARTESIAN_POINT('Control Point',(3.2,-4.25,-100.667588439)) ;
#1132=CARTESIAN_POINT('Control Point',(3.2,-4.11891931655,-101.335176878)) ;
#1133=CARTESIAN_POINT('Control Point',(3.2,-3.85662840425,-101.968403156)) ;
#1134=CARTESIAN_POINT('Control Point',(3.2,-3.09789186019,-103.09789186)) ;
#1135=CARTESIAN_POINT('Control Point',(3.2,-1.96840315553,-103.856628404)) ;
#1136=CARTESIAN_POINT('Control Point',(3.2,-1.33517687778,-104.118919317)) ;
#1137=CARTESIAN_POINT('Control Point',(3.2,-5.66991631617E-016,-104.381080683)) ;
#1138=CARTESIAN_POINT('Control Point',(3.2,1.33517687778,-104.118919317)) ;
#1139=CARTESIAN_POINT('Control Point',(3.2,1.96840315553,-103.856628404)) ;
#1140=CARTESIAN_POINT('Control Point',(3.2,3.09789186019,-103.09789186)) ;
#1141=CARTESIAN_POINT('Control Point',(3.2,3.85662840425,-101.968403156)) ;
#1142=CARTESIAN_POINT('Control Point',(3.2,4.11891931655,-101.335176878)) ;
#1143=CARTESIAN_POINT('Control Point',(3.2,4.25,-100.667588439)) ;
#1144=CARTESIAN_POINT('Control Point',(3.2,4.25,-100.)) ;
#1145=CARTESIAN_POINT('Vertex',(3.2,-4.25,-100.)) ;
#1148=CARTESIAN_POINT('Line Origine',(3.2,-4.25,-50.)) ;
#1160=CARTESIAN_POINT('Axis2P3D Location',(0.,-4.25,-100.)) ;
#1165=CARTESIAN_POINT('Line Origine',(1.6,-4.25,-100.)) ;
#1177=CARTESIAN_POINT('Axis2P3D Location',(0.,0.,0.)) ;
#1182=CARTESIAN_POINT('Line Origine',(1.6,-17.5,2.14313189851E-015)) ;
#1187=CARTESIAN_POINT('Line Origine',(1.6,17.5,0.)) ;
#1199=CARTESIAN_POINT('Axis2P3D Location',(0.,-17.5,0.)) ;
#1204=CARTESIAN_POINT('Line Origine',(1.6,-17.5,-100.)) ;
#1216=CARTESIAN_POINT('Axis2P3D Location',(0.,0.,-100.)) ;
#1221=CARTESIAN_POINT('Line Origine',(1.6,17.5,-100.)) ;
#1233=CARTESIAN_POINT('Axis2P3D Location',(0.,17.5,-100.)) ;
#1245=CARTESIAN_POINT('Axis2P3D Location',(0.,0.,-100.)) ;
#1266=CARTESIAN_POINT('NONE',(0.,0.,0.)) ;
#1267=CARTESIAN_POINT('NONE',(93.8879962736,0.,275.)) ;
#1283=CARTESIAN_POINT('Axis2P3D Location',(1.6,1.98951966013E-013,-70.)) ;
#1288=CARTESIAN_POINT('Line Origine',(1.6,-15.,-70.)) ;
#1292=CARTESIAN_POINT('Vertex',(0.,-15.,-70.)) ;
#1294=CARTESIAN_POINT('Vertex',(3.2,-15.,-70.)) ;
#1297=CARTESIAN_POINT('Axis2P3D Location',(0.,1.98951966013E-013,-70.)) ;
#1301=CARTESIAN_POINT('Vertex',(0.,1.96196510715E-013,-85.)) ;
#1304=CARTESIAN_POINT('Line Origine',(1.6,1.96196510715E-013,-85.)) ;
#1308=CARTESIAN_POINT('Vertex',(3.2,1.96196510715E-013,-85.)) ;
#1311=CARTESIAN_POINT('Axis2P3D Location',(3.2,1.98951966013E-013,-70.)) ;
#1323=CARTESIAN_POINT('Axis2P3D Location',(0.,1.98951966013E-013,-70.)) ;
#1327=CARTESIAN_POINT('Vertex',(0.,15.,-70.)) ;
#1330=CARTESIAN_POINT('Line Origine',(1.6,15.,-70.)) ;
#1334=CARTESIAN_POINT('Vertex',(3.2,15.,-70.)) ;
#1337=CARTESIAN_POINT('Axis2P3D Location',(3.2,1.98951966013E-013,-70.)) ;
#1349=CARTESIAN_POINT('Axis2P3D Location',(0.,15.,-33.8190574097)) ;
#1354=CARTESIAN_POINT('Line Origine',(0.,15.,-51.9095287048)) ;
#1358=CARTESIAN_POINT('Vertex',(0.,15.,-33.8190574097)) ;
#1361=CARTESIAN_POINT('Line Origine',(1.6,15.,-33.8190574097)) ;
#1365=CARTESIAN_POINT('Vertex',(3.2,15.,-33.8190574097)) ;
#1368=CARTESIAN_POINT('Line Origine',(3.2,15.,-51.9095287048)) ;
#1380=CARTESIAN_POINT('Line Origine',(0.,15.,-24.4095287048)) ;
#1384=CARTESIAN_POINT('Vertex',(0.,15.,-15.)) ;
#1387=CARTESIAN_POINT('Line Origine',(1.6,15.,-15.)) ;
#1391=CARTESIAN_POINT('Vertex',(3.2,15.,-15.)) ;
#1394=CARTESIAN_POINT('Line Origine',(3.2,15.,-24.4095287048)) ;
#1406=CARTESIAN_POINT('Axis2P3D Location',(0.,15.,-15.)) ;
#1411=CARTESIAN_POINT('Line Origine',(0.,55.2525512861,-15.)) ;
#1415=CARTESIAN_POINT('Vertex',(0.,95.5051025722,-15.)) ;
#1418=CARTESIAN_POINT('Line Origine',(1.6,95.5051025722,-15.)) ;
#1422=CARTESIAN_POINT('Vertex',(3.2,95.5051025722,-15.)) ;
#1425=CARTESIAN_POINT('Line Origine',(3.2,55.2525512861,-15.)) ;
#1437=CARTESIAN_POINT('Axis2P3D Location',(1.6,120.,-10.)) ;
#1442=CARTESIAN_POINT('Axis2P3D Location',(0.,120.,-10.)) ;
#1446=CARTESIAN_POINT('Vertex',(0.,125.302577716,-34.4311823202)) ;
#1449=CARTESIAN_POINT('Line Origine',(1.6,125.302577716,-34.4311823202)) ;
#1453=CARTESIAN_POINT('Vertex',(3.2,125.302577716,-34.4311823202)) ;
#1456=CARTESIAN_POINT('Axis2P3D Location',(3.2,120.,-10.)) ;
#1468=CARTESIAN_POINT('Axis2P3D Location',(0.,120.,-10.)) ;
#1472=CARTESIAN_POINT('Vertex',(0.,145.,-10.)) ;
#1475=CARTESIAN_POINT('Line Origine',(1.6,145.,-10.)) ;
#1479=CARTESIAN_POINT('Vertex',(3.2,145.,-10.)) ;
#1482=CARTESIAN_POINT('Axis2P3D Location',(3.2,120.,-10.)) ;
#1494=CARTESIAN_POINT('Axis2P3D Location',(1.6,120.,-10.)) ;
#1499=CARTESIAN_POINT('Axis2P3D Location',(0.,120.,-10.)) ;
#1503=CARTESIAN_POINT('Vertex',(0.,120.,15.)) ;
#1506=CARTESIAN_POINT('Line Origine',(1.6,120.,15.)) ;
#1510=CARTESIAN_POINT('Vertex',(3.2,120.,15.)) ;
#1513=CARTESIAN_POINT('Axis2P3D Location',(3.2,120.,-10.)) ;
#1525=CARTESIAN_POINT('Axis2P3D Location',(0.,0.,15.)) ;
#1530=CARTESIAN_POINT('Line Origine',(0.,60.,15.)) ;
#1534=CARTESIAN_POINT('Vertex',(0.,0.,15.)) ;
#1537=CARTESIAN_POINT('Line Origine',(1.6,0.,15.)) ;
#1541=CARTESIAN_POINT('Vertex',(3.2,0.,15.)) ;
#1544=CARTESIAN_POINT('Line Origine',(3.2,60.,15.)) ;
#1556=CARTESIAN_POINT('Axis2P3D Location',(1.6,0.,7.1054273576E-015)) ;
#1561=CARTESIAN_POINT('Axis2P3D Location',(0.,0.,7.1054273576E-015)) ;
#1565=CARTESIAN_POINT('Vertex',(0.,-15.,1.56037357041E-014)) ;
#1568=CARTESIAN_POINT('Line Origine',(1.6,-15.,1.56037357041E-014)) ;
#1572=CARTESIAN_POINT('Vertex',(3.2,-15.,1.56037357041E-014)) ;
#1575=CARTESIAN_POINT('Axis2P3D Location',(3.2,0.,7.1054273576E-015)) ;
#1587=CARTESIAN_POINT('Axis2P3D Location',(0.,-15.,-70.)) ;
#1592=CARTESIAN_POINT('Line Origine',(0.,-15.,-35.)) ;
#1597=CARTESIAN_POINT('Line Origine',(3.2,-15.,-35.)) ;
#1609=CARTESIAN_POINT('Axis2P3D Location',(1.6,120.,-10.)) ;
#1614=CARTESIAN_POINT('Axis2P3D Location',(3.2,120.,-10.)) ;
#1618=CARTESIAN_POINT('Vertex',(3.2,104.9,-10.)) ;
#1620=CARTESIAN_POINT('Vertex',(3.2,135.1,-10.)) ;
#1623=CARTESIAN_POINT('Line Origine',(1.6,135.1,-10.)) ;
#1627=CARTESIAN_POINT('Vertex',(0.,135.1,-10.)) ;
#1630=CARTESIAN_POINT('Axis2P3D Location',(0.,120.,-10.)) ;
#1634=CARTESIAN_POINT('Vertex',(0.,104.9,-10.)) ;
#1637=CARTESIAN_POINT('Line Origine',(1.6,104.9,-10.)) ;
#1649=CARTESIAN_POINT('Axis2P3D Location',(3.2,120.,-10.)) ;
#1654=CARTESIAN_POINT('Axis2P3D Location',(0.,120.,-10.)) ;
#1666=CARTESIAN_POINT('Axis2P3D Location',(1.6,0.,7.1054273576E-015)) ;
#1671=CARTESIAN_POINT('Axis2P3D Location',(3.2,0.,7.1054273576E-015)) ;
#1675=CARTESIAN_POINT('Vertex',(3.2,-3.25,7.50343756732E-015)) ;
#1677=CARTESIAN_POINT('Vertex',(3.2,3.25,7.1054273576E-015)) ;
#1680=CARTESIAN_POINT('Line Origine',(1.6,3.25,6.30940693816E-015)) ;
#1684=CARTESIAN_POINT('Vertex',(0.,3.25,7.1054273576E-015)) ;
#1687=CARTESIAN_POINT('Axis2P3D Location',(0.,0.,7.1054273576E-015)) ;
#1691=CARTESIAN_POINT('Vertex',(0.,-3.25,7.50343756732E-015)) ;
#1694=CARTESIAN_POINT('Line Origine',(1.6,-3.25,7.50343756732E-015)) ;
#1706=CARTESIAN_POINT('Axis2P3D Location',(3.2,0.,7.1054273576E-015)) ;
#1711=CARTESIAN_POINT('Axis2P3D Location',(0.,0.,7.1054273576E-015)) ;
#1723=CARTESIAN_POINT('Axis2P3D Location',(1.6,-7.1054273576E-015,-70.)) ;
#1728=CARTESIAN_POINT('Axis2P3D Location',(3.2,-7.1054273576E-015,-70.)) ;
#1732=CARTESIAN_POINT('Vertex',(3.2,-3.25,-70.)) ;
#1734=CARTESIAN_POINT('Vertex',(3.2,3.25,-70.)) ;
#1737=CARTESIAN_POINT('Line Origine',(1.6,3.25,-70.)) ;
#1741=CARTESIAN_POINT('Vertex',(0.,3.25,-70.)) ;
#1744=CARTESIAN_POINT('Axis2P3D Location',(0.,-7.1054273576E-015,-70.)) ;
#1748=CARTESIAN_POINT('Vertex',(0.,-3.25,-70.)) ;
#1751=CARTESIAN_POINT('Line Origine',(1.6,-3.25,-70.)) ;
#1763=CARTESIAN_POINT('Axis2P3D Location',(3.2,-7.1054273576E-015,-70.)) ;
#1768=CARTESIAN_POINT('Axis2P3D Location',(0.,-7.1054273576E-015,-70.)) ;
#1780=CARTESIAN_POINT('Axis2P3D Location',(3.2,0.,0.)) ;
#1810=CARTESIAN_POINT('Axis2P3D Location',(3.2,110.,7.32050807569)) ;
#1814=CARTESIAN_POINT('Vertex',(3.2,112.75,7.32050807569)) ;
#1816=CARTESIAN_POINT('Vertex',(3.2,107.25,7.32050807569)) ;
#1819=CARTESIAN_POINT('Axis2P3D Location',(3.2,110.,7.32050807569)) ;
#1828=CARTESIAN_POINT('Axis2P3D Location',(3.2,100.,-10.)) ;
#1832=CARTESIAN_POINT('Vertex',(3.2,101.375,-7.61843013959)) ;
#1834=CARTESIAN_POINT('Vertex',(3.2,98.625,-12.3815698604)) ;
#1837=CARTESIAN_POINT('Axis2P3D Location',(3.2,100.,-10.)) ;
#1846=CARTESIAN_POINT('Axis2P3D Location',(3.2,110.,-27.3205080757)) ;
#1850=CARTESIAN_POINT('Vertex',(3.2,108.625,-24.9389382153)) ;
#1852=CARTESIAN_POINT('Vertex',(3.2,111.375,-29.7020779361)) ;
#1855=CARTESIAN_POINT('Axis2P3D Location',(3.2,110.,-27.3205080757)) ;
#1864=CARTESIAN_POINT('Axis2P3D Location',(3.2,130.,-27.3205080757)) ;
#1868=CARTESIAN_POINT('Vertex',(3.2,127.25,-27.3205080757)) ;
#1870=CARTESIAN_POINT('Vertex',(3.2,132.75,-27.3205080757)) ;
#1873=CARTESIAN_POINT('Axis2P3D Location',(3.2,130.,-27.3205080757)) ;
#1882=CARTESIAN_POINT('Axis2P3D Location',(3.2,140.,-10.)) ;
#1886=CARTESIAN_POINT('Vertex',(3.2,138.625,-12.3815698604)) ;
#1888=CARTESIAN_POINT('Vertex',(3.2,141.375,-7.61843013959)) ;
#1891=CARTESIAN_POINT('Axis2P3D Location',(3.2,140.,-10.)) ;
#1900=CARTESIAN_POINT('Axis2P3D Location',(3.2,130.,7.32050807569)) ;
#1904=CARTESIAN_POINT('Vertex',(3.2,131.375,4.93893821528)) ;
#1906=CARTESIAN_POINT('Vertex',(3.2,128.625,9.7020779361)) ;
#1909=CARTESIAN_POINT('Axis2P3D Location',(3.2,130.,7.32050807569)) ;
#1919=CARTESIAN_POINT('Axis2P3D Location',(0.,0.,0.)) ;
#1949=CARTESIAN_POINT('Axis2P3D Location',(0.,110.,7.32050807569)) ;
#1953=CARTESIAN_POINT('Vertex',(0.,107.25,7.32050807569)) ;
#1955=CARTESIAN_POINT('Vertex',(0.,112.75,7.32050807569)) ;
#1958=CARTESIAN_POINT('Axis2P3D Location',(0.,110.,7.32050807569)) ;
#1967=CARTESIAN_POINT('Axis2P3D Location',(0.,100.,-10.)) ;
#1971=CARTESIAN_POINT('Vertex',(0.,98.625,-12.3815698604)) ;
#1973=CARTESIAN_POINT('Vertex',(0.,101.375,-7.61843013959)) ;
#1976=CARTESIAN_POINT('Axis2P3D Location',(0.,100.,-10.)) ;
#1985=CARTESIAN_POINT('Axis2P3D Location',(0.,110.,-27.3205080757)) ;
#1989=CARTESIAN_POINT('Vertex',(0.,111.375,-29.7020779361)) ;
#1991=CARTESIAN_POINT('Vertex',(0.,108.625,-24.9389382153)) ;
#1994=CARTESIAN_POINT('Axis2P3D Location',(0.,110.,-27.3205080757)) ;
#2003=CARTESIAN_POINT('Axis2P3D Location',(0.,130.,-27.3205080757)) ;
#2007=CARTESIAN_POINT('Vertex',(0.,132.75,-27.3205080757)) ;
#2009=CARTESIAN_POINT('Vertex',(0.,127.25,-27.3205080757)) ;
#2012=CARTESIAN_POINT('Axis2P3D Location',(0.,130.,-27.3205080757)) ;
#2021=CARTESIAN_POINT('Axis2P3D Location',(0.,140.,-10.)) ;
#2025=CARTESIAN_POINT('Vertex',(0.,141.375,-7.61843013959)) ;
#2027=CARTESIAN_POINT('Vertex',(0.,138.625,-12.3815698604)) ;
#2030=CARTESIAN_POINT('Axis2P3D Location',(0.,140.,-10.)) ;
#2039=CARTESIAN_POINT('Axis2P3D Location',(0.,130.,7.32050807569)) ;
#2043=CARTESIAN_POINT('Vertex',(0.,128.625,9.7020779361)) ;
#2045=CARTESIAN_POINT('Vertex',(0.,131.375,4.93893821528)) ;
#2048=CARTESIAN_POINT('Axis2P3D Location',(0.,130.,7.32050807569)) ;
#2058=CARTESIAN_POINT('Axis2P3D Location',(1.6,130.,-27.3205080757)) ;
#2063=CARTESIAN_POINT('Line Origine',(1.6,127.25,-27.3205080757)) ;
#2068=CARTESIAN_POINT('Line Origine',(1.6,132.75,-27.3205080757)) ;
#2087=CARTESIAN_POINT('Axis2P3D Location',(1.6,100.,-10.)) ;
#2092=CARTESIAN_POINT('Line Origine',(1.6,101.375,-7.61843013959)) ;
#2097=CARTESIAN_POINT('Line Origine',(1.6,98.625,-12.3815698604)) ;
#2116=CARTESIAN_POINT('Axis2P3D Location',(1.6,130.,7.32050807569)) ;
#2121=CARTESIAN_POINT('Line Origine',(1.6,131.375,4.93893821528)) ;
#2126=CARTESIAN_POINT('Line Origine',(1.6,128.625,9.7020779361)) ;
#2145=CARTESIAN_POINT('Axis2P3D Location',(1.6,110.,-27.3205080757)) ;
#2150=CARTESIAN_POINT('Line Origine',(1.6,108.625,-24.9389382153)) ;
#2155=CARTESIAN_POINT('Line Origine',(1.6,111.375,-29.7020779361)) ;
#2174=CARTESIAN_POINT('Axis2P3D Location',(1.6,140.,-10.)) ;
#2179=CARTESIAN_POINT('Line Origine',(1.6,138.625,-12.3815698604)) ;
#2184=CARTESIAN_POINT('Line Origine',(1.6,141.375,-7.61843013959)) ;
#2203=CARTESIAN_POINT('Axis2P3D Location',(1.6,110.,7.32050807569)) ;
#2208=CARTESIAN_POINT('Line Origine',(1.6,112.75,7.32050807569)) ;
#2213=CARTESIAN_POINT('Line Origine',(1.6,107.25,7.32050807569)) ;
#2241=CARTESIAN_POINT('NONE',(0.,0.,0.)) ;
#2242=CARTESIAN_POINT('NONE',(93.8879962736,7.88860905221E-031,35.)) ;
#2258=CARTESIAN_POINT('Axis2P3D Location',(1.7,-4.3,-7.)) ;
#2263=CARTESIAN_POINT('Axis2P3D Location',(0.,-4.3,-7.)) ;
#2267=CARTESIAN_POINT('Vertex',(3.,-4.3,-7.)) ;
#2269=CARTESIAN_POINT('Vertex',(-3.,-4.3,-7.)) ;
#2272=CARTESIAN_POINT('Axis2P3D Location',(0.,-4.3,-7.)) ;
#2281=CARTESIAN_POINT('Axis2P3D Location',(0.,-4.3,-7.)) ;
#2285=CARTESIAN_POINT('Vertex',(-1.7,-4.3,-7.)) ;
#2287=CARTESIAN_POINT('Vertex',(1.7,-4.3,-7.)) ;
#2290=CARTESIAN_POINT('Axis2P3D Location',(0.,-4.3,-7.)) ;
#2300=CARTESIAN_POINT('Axis2P3D Location',(0.,0.,-7.)) ;
#2305=CARTESIAN_POINT('Axis2P3D Location',(0.,-8.,-7.)) ;
#2309=CARTESIAN_POINT('Vertex',(-1.7,-8.,-7.)) ;
#2311=CARTESIAN_POINT('Vertex',(1.7,-8.,-7.)) ;
#2314=CARTESIAN_POINT('Line Origine',(-1.7,-9.65,-7.)) ;
#2319=CARTESIAN_POINT('Line Origine',(1.7,-9.65,-7.)) ;
#2331=CARTESIAN_POINT('Axis2P3D Location',(0.,-8.,-7.)) ;
#2343=CARTESIAN_POINT('Axis2P3D Location',(0.,0.,0.)) ;
#2348=CARTESIAN_POINT('Axis2P3D Location',(0.,0.,0.)) ;
#2352=CARTESIAN_POINT('Vertex',(19.1770215442,0.,35.1033024756)) ;
#2354=CARTESIAN_POINT('Vertex',(-19.1770215442,0.,-35.1033024756)) ;
#2357=CARTESIAN_POINT('Axis2P3D Location',(0.,0.,0.)) ;
#2366=CARTESIAN_POINT('Axis2P3D Location',(-6.06217782649,0.,-3.5)) ;
#2370=CARTESIAN_POINT('Vertex',(-4.56217782649,0.,-6.09807621135)) ;
#2372=CARTESIAN_POINT('Vertex',(-7.56217782649,0.,-0.901923788647)) ;
#2375=CARTESIAN_POINT('Axis2P3D Location',(-6.06217782649,0.,-3.5)) ;
#2384=CARTESIAN_POINT('Axis2P3D Location',(6.06217782649,0.,-3.5)) ;
#2388=CARTESIAN_POINT('Vertex',(7.56217782649,0.,-0.901923788647)) ;
#2390=CARTESIAN_POINT('Vertex',(4.56217782649,0.,-6.09807621135)) ;
#2393=CARTESIAN_POINT('Axis2P3D Location',(6.06217782649,0.,-3.5)) ;
#2402=CARTESIAN_POINT('Axis2P3D Location',(0.,0.,-7.)) ;
#2406=CARTESIAN_POINT('Vertex',(-3.,0.,-7.)) ;
#2408=CARTESIAN_POINT('Vertex',(3.,0.,-7.)) ;
#2411=CARTESIAN_POINT('Axis2P3D Location',(0.,0.,-7.)) ;
#2420=CARTESIAN_POINT('Axis2P3D Location',(-6.06217782649,0.,3.5)) ;
#2424=CARTESIAN_POINT('Vertex',(-7.56217782649,0.,0.901923788647)) ;
#2426=CARTESIAN_POINT('Vertex',(-4.56217782649,0.,6.09807621135)) ;
#2429=CARTESIAN_POINT('Axis2P3D Location',(-6.06217782649,0.,3.5)) ;
#2438=CARTESIAN_POINT('Axis2P3D Location',(-8.881784197E-016,0.,7.)) ;
#2442=CARTESIAN_POINT('Vertex',(-3.,0.,7.)) ;
#2444=CARTESIAN_POINT('Vertex',(3.,0.,7.)) ;
#2447=CARTESIAN_POINT('Axis2P3D Location',(-8.881784197E-016,0.,7.)) ;
#2456=CARTESIAN_POINT('Axis2P3D Location',(6.06217782649,0.,3.5)) ;
#2460=CARTESIAN_POINT('Vertex',(4.56217782649,0.,6.09807621135)) ;
#2462=CARTESIAN_POINT('Vertex',(7.56217782649,0.,0.901923788647)) ;
#2465=CARTESIAN_POINT('Axis2P3D Location',(6.06217782649,0.,3.5)) ;
#2475=CARTESIAN_POINT('Axis2P3D Location',(0.,-7.5,0.)) ;
#2480=CARTESIAN_POINT('Line Origine',(19.1770215442,-7.5,35.1033024756)) ;
#2484=CARTESIAN_POINT('Vertex',(19.1770215442,-3.,35.1033024756)) ;
#2487=CARTESIAN_POINT('Axis2P3D Location',(0.,-3.,0.)) ;
#2491=CARTESIAN_POINT('Vertex',(-19.1770215442,-3.,-35.1033024756)) ;
#2494=CARTESIAN_POINT('Line Origine',(-19.1770215442,-7.5,-35.1033024756)) ;
#2506=CARTESIAN_POINT('Axis2P3D Location',(0.,-3.,0.)) ;
#2518=CARTESIAN_POINT('Axis2P3D Location',(0.,-3.,40.)) ;
#2527=CARTESIAN_POINT('Axis2P3D Location',(0.,-3.,0.)) ;
#2531=CARTESIAN_POINT('Vertex',(-11.9856384651,-3.,-21.9395640473)) ;
#2533=CARTESIAN_POINT('Vertex',(11.9856384651,-3.,21.9395640473)) ;
#2536=CARTESIAN_POINT('Axis2P3D Location',(0.,-3.,0.)) ;
#2546=CARTESIAN_POINT('Axis2P3D Location',(0.,-7.5,0.)) ;
#2551=CARTESIAN_POINT('Line Origine',(11.9856384651,-7.5,21.9395640473)) ;
#2555=CARTESIAN_POINT('Vertex',(11.9856384651,-12.,21.9395640473)) ;
#2558=CARTESIAN_POINT('Axis2P3D Location',(0.,-12.,0.)) ;
#2562=CARTESIAN_POINT('Vertex',(-11.9856384651,-12.,-21.9395640473)) ;
#2565=CARTESIAN_POINT('Line Origine',(-11.9856384651,-7.5,-21.9395640473)) ;
#2577=CARTESIAN_POINT('Axis2P3D Location',(0.,-12.,0.)) ;
#2589=CARTESIAN_POINT('Axis2P3D Location',(0.,-12.,25.)) ;
#2594=CARTESIAN_POINT('Axis2P3D Location',(0.,-12.,0.)) ;
#2598=CARTESIAN_POINT('Vertex',(-19.1770215442,-12.,-35.1033024756)) ;
#2600=CARTESIAN_POINT('Vertex',(19.1770215442,-12.,35.1033024756)) ;
#2603=CARTESIAN_POINT('Axis2P3D Location',(0.,-12.,0.)) ;
#2617=CARTESIAN_POINT('Line Origine',(-19.1770215442,-7.5,-35.1033024756)) ;
#2621=CARTESIAN_POINT('Vertex',(-19.1770215442,-15.,-35.1033024756)) ;
#2624=CARTESIAN_POINT('Axis2P3D Location',(0.,-15.,0.)) ;
#2628=CARTESIAN_POINT('Vertex',(19.1770215442,-15.,35.1033024756)) ;
#2631=CARTESIAN_POINT('Line Origine',(19.1770215442,-7.5,35.1033024756)) ;
#2643=CARTESIAN_POINT('Axis2P3D Location',(0.,-15.,0.)) ;
#2655=CARTESIAN_POINT('Axis2P3D Location',(0.,-15.,40.)) ;
#2664=CARTESIAN_POINT('Axis2P3D Location',(0.,-15.,0.)) ;
#2668=CARTESIAN_POINT('Vertex',(-7.26329690985,-15.,-13.2953758126)) ;
#2670=CARTESIAN_POINT('Vertex',(7.26329690985,-15.,13.2953758126)) ;
#2673=CARTESIAN_POINT('Axis2P3D Location',(0.,-15.,0.)) ;
#2683=CARTESIAN_POINT('Axis2P3D Location',(0.,-7.5,0.)) ;
#2688=CARTESIAN_POINT('Line Origine',(7.26329690985,-11.5,13.2953758126)) ;
#2692=CARTESIAN_POINT('Vertex',(7.26329690985,-8.,13.2953758126)) ;
#2695=CARTESIAN_POINT('Axis2P3D Location',(0.,-8.,0.)) ;
#2699=CARTESIAN_POINT('Vertex',(-7.26329690985,-8.,-13.2953758126)) ;
#2702=CARTESIAN_POINT('Line Origine',(-7.26329690985,-11.5,-13.2953758126)) ;
#2714=CARTESIAN_POINT('Axis2P3D Location',(0.,-8.,0.)) ;
#2726=CARTESIAN_POINT('Axis2P3D Location',(0.,-8.,15.15)) ;
#2735=CARTESIAN_POINT('Axis2P3D Location',(-6.06217782649,-8.,-3.5)) ;
#2739=CARTESIAN_POINT('Vertex',(-5.21217782649,-8.,-4.97224318643)) ;
#2741=CARTESIAN_POINT('Vertex',(-6.91217782649,-8.,-2.02775681357)) ;
#2744=CARTESIAN_POINT('Axis2P3D Location',(-6.06217782649,-8.,-3.5)) ;
#2753=CARTESIAN_POINT('Axis2P3D Location',(6.06217782649,-8.,-3.5)) ;
#2757=CARTESIAN_POINT('Vertex',(6.91217782649,-8.,-2.02775681357)) ;
#2759=CARTESIAN_POINT('Vertex',(5.21217782649,-8.,-4.97224318643)) ;
#2762=CARTESIAN_POINT('Axis2P3D Location',(6.06217782649,-8.,-3.5)) ;
#2775=CARTESIAN_POINT('Axis2P3D Location',(-6.06217782649,-8.,3.5)) ;
#2779=CARTESIAN_POINT('Vertex',(-6.91217782649,-8.,2.02775681357)) ;
#2781=CARTESIAN_POINT('Vertex',(-5.21217782649,-8.,4.97224318643)) ;
#2784=CARTESIAN_POINT('Axis2P3D Location',(-6.06217782649,-8.,3.5)) ;
#2793=CARTESIAN_POINT('Axis2P3D Location',(0.,-8.,7.)) ;
#2797=CARTESIAN_POINT('Vertex',(-1.7,-8.,7.)) ;
#2799=CARTESIAN_POINT('Vertex',(1.7,-8.,7.)) ;
#2802=CARTESIAN_POINT('Axis2P3D Location',(0.,-8.,7.)) ;
#2811=CARTESIAN_POINT('Axis2P3D Location',(6.06217782649,-8.,3.5)) ;
#2815=CARTESIAN_POINT('Vertex',(5.21217782649,-8.,4.97224318643)) ;
#2817=CARTESIAN_POINT('Vertex',(6.91217782649,-8.,2.02775681357)) ;
#2820=CARTESIAN_POINT('Axis2P3D Location',(6.06217782649,-8.,3.5)) ;
#2830=CARTESIAN_POINT('Axis2P3D Location',(0.,0.,-7.)) ;
#2835=CARTESIAN_POINT('Line Origine',(3.,-1.99499999998,-7.)) ;
#2840=CARTESIAN_POINT('Line Origine',(-3.,-1.99499999998,-7.)) ;
#2859=CARTESIAN_POINT('Axis2P3D Location',(6.06217782649,-4.3,-3.5)) ;
#2863=CARTESIAN_POINT('Vertex',(7.56217782649,-4.3,-0.901923788647)) ;
#2865=CARTESIAN_POINT('Vertex',(4.56217782649,-4.3,-6.09807621135)) ;
#2868=CARTESIAN_POINT('Axis2P3D Location',(6.06217782649,-4.3,-3.5)) ;
#2877=CARTESIAN_POINT('Axis2P3D Location',(6.06217782649,-4.3,-3.5)) ;
#2881=CARTESIAN_POINT('Vertex',(5.21217782649,-4.3,-4.97224318643)) ;
#2883=CARTESIAN_POINT('Vertex',(6.91217782649,-4.3,-2.02775681357)) ;
#2886=CARTESIAN_POINT('Axis2P3D Location',(6.06217782649,-4.3,-3.5)) ;
#2896=CARTESIAN_POINT('Axis2P3D Location',(6.06217782649,0.,-3.5)) ;
#2901=CARTESIAN_POINT('Line Origine',(4.56217782649,-1.99499999998,-6.09807621135)) ;
#2906=CARTESIAN_POINT('Line Origine',(7.56217782649,-1.99499999998,-0.901923788647)) ;
#2925=CARTESIAN_POINT('Axis2P3D Location',(6.06217782649,0.,-3.5)) ;
#2930=CARTESIAN_POINT('Line Origine',(6.91217782649,-9.65,-2.02775681357)) ;
#2935=CARTESIAN_POINT('Line Origine',(5.21217782649,-9.65,-4.97224318643)) ;
#2954=CARTESIAN_POINT('Axis2P3D Location',(-6.06217782649,-4.3,-3.5)) ;
#2958=CARTESIAN_POINT('Vertex',(-4.56217782649,-4.3,-6.09807621135)) ;
#2960=CARTESIAN_POINT('Vertex',(-7.56217782649,-4.3,-0.901923788647)) ;
#2963=CARTESIAN_POINT('Axis2P3D Location',(-6.06217782649,-4.3,-3.5)) ;
#2972=CARTESIAN_POINT('Axis2P3D Location',(-6.06217782649,-4.3,-3.5)) ;
#2976=CARTESIAN_POINT('Vertex',(-6.91217782649,-4.3,-2.02775681357)) ;
#2978=CARTESIAN_POINT('Vertex',(-5.21217782649,-4.3,-4.97224318643)) ;
#2981=CARTESIAN_POINT('Axis2P3D Location',(-6.06217782649,-4.3,-3.5)) ;
#2991=CARTESIAN_POINT('Axis2P3D Location',(-6.06217782649,0.,-3.5)) ;
#2996=CARTESIAN_POINT('Line Origine',(-7.56217782649,-1.99499999998,-0.901923788647)) ;
#3001=CARTESIAN_POINT('Line Origine',(-4.56217782649,-1.99499999998,-6.09807621135)) ;
#3020=CARTESIAN_POINT('Axis2P3D Location',(-6.06217782649,0.,-3.5)) ;
#3025=CARTESIAN_POINT('Line Origine',(-5.21217782649,-9.65,-4.97224318643)) ;
#3030=CARTESIAN_POINT('Line Origine',(-6.91217782649,-9.65,-2.02775681357)) ;
#3049=CARTESIAN_POINT('Axis2P3D Location',(-6.06217782649,-4.3,3.5)) ;
#3053=CARTESIAN_POINT('Vertex',(-7.56217782649,-4.3,0.901923788647)) ;
#3055=CARTESIAN_POINT('Vertex',(-4.56217782649,-4.3,6.09807621135)) ;
#3058=CARTESIAN_POINT('Axis2P3D Location',(-6.06217782649,-4.3,3.5)) ;
#3067=CARTESIAN_POINT('Axis2P3D Location',(-6.06217782649,-4.3,3.5)) ;
#3071=CARTESIAN_POINT('Vertex',(-5.21217782649,-4.3,4.97224318643)) ;
#3073=CARTESIAN_POINT('Vertex',(-6.91217782649,-4.3,2.02775681357)) ;
#3076=CARTESIAN_POINT('Axis2P3D Location',(-6.06217782649,-4.3,3.5)) ;
#3086=CARTESIAN_POINT('Axis2P3D Location',(-6.06217782649,0.,3.5)) ;
#3091=CARTESIAN_POINT('Line Origine',(-4.56217782649,-1.99499999998,6.09807621135)) ;
#3096=CARTESIAN_POINT('Line Origine',(-7.56217782649,-1.99499999998,0.901923788647)) ;
#3115=CARTESIAN_POINT('Axis2P3D Location',(-6.06217782649,0.,3.5)) ;
#3120=CARTESIAN_POINT('Line Origine',(-6.91217782649,-9.65,2.02775681357)) ;
#3125=CARTESIAN_POINT('Line Origine',(-5.21217782649,-9.65,4.97224318643)) ;
#3144=CARTESIAN_POINT('Axis2P3D Location',(-2.22044604925E-016,-4.3,7.)) ;
#3148=CARTESIAN_POINT('Vertex',(-3.,-4.3,7.)) ;
#3150=CARTESIAN_POINT('Vertex',(3.,-4.3,7.)) ;
#3153=CARTESIAN_POINT('Axis2P3D Location',(-2.22044604925E-016,-4.3,7.)) ;
#3162=CARTESIAN_POINT('Axis2P3D Location',(-2.22044604925E-016,-4.3,7.)) ;
#3166=CARTESIAN_POINT('Vertex',(1.7,-4.3,7.)) ;
#3168=CARTESIAN_POINT('Vertex',(-1.7,-4.3,7.)) ;
#3171=CARTESIAN_POINT('Axis2P3D Location',(-2.22044604925E-016,-4.3,7.)) ;
#3181=CARTESIAN_POINT('Axis2P3D Location',(-8.881784197E-016,0.,7.)) ;
#3186=CARTESIAN_POINT('Line Origine',(3.,-1.99499999998,7.)) ;
#3191=CARTESIAN_POINT('Line Origine',(-3.,-1.99499999998,7.)) ;
#3210=CARTESIAN_POINT('Axis2P3D Location',(-8.881784197E-016,0.,7.)) ;
#3215=CARTESIAN_POINT('Line Origine',(-1.7,-9.65,7.)) ;
#3220=CARTESIAN_POINT('Line Origine',(1.7,-9.65,7.)) ;
#3239=CARTESIAN_POINT('Axis2P3D Location',(6.06217782649,-4.3,3.5)) ;
#3243=CARTESIAN_POINT('Vertex',(4.56217782649,-4.3,6.09807621135)) ;
#3245=CARTESIAN_POINT('Vertex',(7.56217782649,-4.3,0.901923788647)) ;
#3248=CARTESIAN_POINT('Axis2P3D Location',(6.06217782649,-4.3,3.5)) ;
#3257=CARTESIAN_POINT('Axis2P3D Location',(6.06217782649,-4.3,3.5)) ;
#3261=CARTESIAN_POINT('Vertex',(6.91217782649,-4.3,2.02775681357)) ;
#3263=CARTESIAN_POINT('Vertex',(5.21217782649,-4.3,4.97224318643)) ;
#3266=CARTESIAN_POINT('Axis2P3D Location',(6.06217782649,-4.3,3.5)) ;
#3276=CARTESIAN_POINT('Axis2P3D Location',(6.06217782649,0.,3.5)) ;
#3281=CARTESIAN_POINT('Line Origine',(7.56217782649,-1.99499999998,0.901923788647)) ;
#3286=CARTESIAN_POINT('Line Origine',(4.56217782649,-1.99499999998,6.09807621135)) ;
#3305=CARTESIAN_POINT('Axis2P3D Location',(6.06217782649,0.,3.5)) ;
#3310=CARTESIAN_POINT('Line Origine',(5.21217782649,-9.65,4.97224318643)) ;
#3315=CARTESIAN_POINT('Line Origine',(6.91217782649,-9.65,2.02775681357)) ;
#3343=CARTESIAN_POINT('NONE',(0.,0.,0.)) ;
#3344=CARTESIAN_POINT('NONE',(69.8879962736,119.92798233,25.)) ;
#3375=CARTESIAN_POINT('Axis2P3D Location',(2.25,-22.5720176697,2.5)) ;
#3380=CARTESIAN_POINT('Axis2P3D Location',(0.,-22.5720176697,2.5)) ;
#3384=CARTESIAN_POINT('Vertex',(4.,-22.5720176697,2.5)) ;
#3386=CARTESIAN_POINT('Vertex',(-4.,-22.5720176697,2.5)) ;
#3389=CARTESIAN_POINT('Axis2P3D Location',(0.,-22.5720176697,2.5)) ;
#3398=CARTESIAN_POINT('Axis2P3D Location',(0.,-22.5720176697,2.5)) ;
#3402=CARTESIAN_POINT('Vertex',(-2.25,-22.5720176697,2.5)) ;
#3404=CARTESIAN_POINT('Vertex',(2.25,-22.5720176697,2.5)) ;
#3407=CARTESIAN_POINT('Axis2P3D Location',(0.,-22.5720176697,2.5)) ;
#3417=CARTESIAN_POINT('Axis2P3D Location',(0.,-22.5720176697,8.)) ;
#3422=CARTESIAN_POINT('Axis2P3D Location',(0.,-22.5720176697,0.)) ;
#3426=CARTESIAN_POINT('Vertex',(-2.25,-22.5720176697,0.)) ;
#3428=CARTESIAN_POINT('Vertex',(2.25,-22.5720176697,0.)) ;
#3431=CARTESIAN_POINT('Line Origine',(-2.25,-22.5720176697,0.25)) ;
#3436=CARTESIAN_POINT('Line Origine',(2.25,-22.5720176697,0.25)) ;
#3448=CARTESIAN_POINT('Axis2P3D Location',(0.,-22.5720176697,0.)) ;
#3460=CARTESIAN_POINT('Axis2P3D Location',(0.,0.,8.)) ;
#3465=CARTESIAN_POINT('Axis2P3D Location',(0.,-0.0720176696777,8.)) ;
#3469=CARTESIAN_POINT('Vertex',(30.,-0.0720176696777,8.)) ;
#3471=CARTESIAN_POINT('Vertex',(-30.,-0.0720176696777,8.)) ;
#3474=CARTESIAN_POINT('Axis2P3D Location',(0.,-0.0720176696777,8.)) ;
#3483=CARTESIAN_POINT('Axis2P3D Location',(19.5479407166,-11.2860088348,8.)) ;
#3487=CARTESIAN_POINT('Vertex',(21.5479407166,-7.8219072197,8.)) ;
#3489=CARTESIAN_POINT('Vertex',(17.5479407166,-14.75011045,8.)) ;
#3492=CARTESIAN_POINT('Axis2P3D Location',(19.5479407166,-11.2860088348,8.)) ;
#3501=CARTESIAN_POINT('Axis2P3D Location',(0.,-22.5720176697,8.)) ;
#3505=CARTESIAN_POINT('Vertex',(-4.,-22.5720176697,8.)) ;
#3507=CARTESIAN_POINT('Vertex',(4.,-22.5720176697,8.)) ;
#3510=CARTESIAN_POINT('Axis2P3D Location',(0.,-22.5720176697,8.)) ;
#3519=CARTESIAN_POINT('Axis2P3D Location',(0.,0.,8.)) ;
#3523=CARTESIAN_POINT('Vertex',(-11.5,1.40834381902E-015,8.)) ;
#3525=CARTESIAN_POINT('Vertex',(11.5,0.,8.)) ;
#3528=CARTESIAN_POINT('Axis2P3D Location',(0.,0.,8.)) ;
#3537=CARTESIAN_POINT('Axis2P3D Location',(19.5479407166,11.2860088348,8.)) ;
#3541=CARTESIAN_POINT('Vertex',(17.5479407166,14.75011045,8.)) ;
#3543=CARTESIAN_POINT('Vertex',(21.5479407166,7.8219072197,8.)) ;
#3546=CARTESIAN_POINT('Axis2P3D Location',(19.5479407166,11.2860088348,8.)) ;
#3555=CARTESIAN_POINT('Axis2P3D Location',(3.5527136788E-015,22.5720176697,8.)) ;
#3559=CARTESIAN_POINT('Vertex',(-4.,22.5720176697,8.)) ;
#3561=CARTESIAN_POINT('Vertex',(4.,22.5720176697,8.)) ;
#3564=CARTESIAN_POINT('Axis2P3D Location',(3.5527136788E-015,22.5720176697,8.)) ;
#3573=CARTESIAN_POINT('Axis2P3D Location',(-19.5479407166,11.2860088348,8.)) ;
#3577=CARTESIAN_POINT('Vertex',(-21.5479407166,7.8219072197,8.)) ;
#3579=CARTESIAN_POINT('Vertex',(-17.5479407166,14.75011045,8.)) ;
#3582=CARTESIAN_POINT('Axis2P3D Location',(-19.5479407166,11.2860088348,8.)) ;
#3591=CARTESIAN_POINT('Axis2P3D Location',(-19.5479407166,-11.2860088348,8.)) ;
#3595=CARTESIAN_POINT('Vertex',(-17.5479407166,-14.75011045,8.)) ;
#3597=CARTESIAN_POINT('Vertex',(-21.5479407166,-7.8219072197,8.)) ;
#3600=CARTESIAN_POINT('Axis2P3D Location',(-19.5479407166,-11.2860088348,8.)) ;
#3610=CARTESIAN_POINT('Axis2P3D Location',(0.,-0.0720176696777,4.)) ;
#3615=CARTESIAN_POINT('Line Origine',(30.,-0.0720176696777,4.)) ;
#3619=CARTESIAN_POINT('Vertex',(30.,-0.0720176696777,0.)) ;
#3622=CARTESIAN_POINT('Axis2P3D Location',(0.,-0.0720176696777,0.)) ;
#3626=CARTESIAN_POINT('Vertex',(-30.,-0.0720176696777,0.)) ;
#3629=CARTESIAN_POINT('Line Origine',(-30.,-0.0720176696777,4.)) ;
#3641=CARTESIAN_POINT('Axis2P3D Location',(0.,-0.0720176696777,0.)) ;
#3653=CARTESIAN_POINT('Axis2P3D Location',(0.,0.,4.)) ;
#3658=CARTESIAN_POINT('Line Origine',(-11.5,1.40834381902E-015,4.)) ;
#3662=CARTESIAN_POINT('Vertex',(-11.5,1.40834381902E-015,0.)) ;
#3665=CARTESIAN_POINT('Axis2P3D Location',(0.,0.,0.)) ;
#3669=CARTESIAN_POINT('Vertex',(11.5,0.,0.)) ;
#3672=CARTESIAN_POINT('Line Origine',(11.5,0.,4.)) ;
#3684=CARTESIAN_POINT('Axis2P3D Location',(0.,0.,0.)) ;
#3696=CARTESIAN_POINT('Axis2P3D Location',(0.,0.,0.)) ;
#3705=CARTESIAN_POINT('Axis2P3D Location',(19.5479407166,-11.2860088348,0.)) ;
#3709=CARTESIAN_POINT('Vertex',(18.4229407166,-13.2345659934,0.)) ;
#3711=CARTESIAN_POINT('Vertex',(20.6729407166,-9.33745167632,0.)) ;
#3714=CARTESIAN_POINT('Axis2P3D Location',(19.5479407166,-11.2860088348,0.)) ;
#3731=CARTESIAN_POINT('Axis2P3D Location',(19.5479407166,11.2860088348,0.)) ;
#3735=CARTESIAN_POINT('Vertex',(20.6729407166,9.33745167632,0.)) ;
#3737=CARTESIAN_POINT('Vertex',(18.4229407166,13.2345659934,0.)) ;
#3740=CARTESIAN_POINT('Axis2P3D Location',(19.5479407166,11.2860088348,0.)) ;
#3749=CARTESIAN_POINT('Axis2P3D Location',(3.5527136788E-015,22.5720176697,0.)) ;
#3753=CARTESIAN_POINT('Vertex',(2.25,22.5720176697,0.)) ;
#3755=CARTESIAN_POINT('Vertex',(-2.25,22.5720176697,0.)) ;
#3758=CARTESIAN_POINT('Axis2P3D Location',(3.5527136788E-015,22.5720176697,0.)) ;
#3767=CARTESIAN_POINT('Axis2P3D Location',(-19.5479407166,11.2860088348,0.)) ;
#3771=CARTESIAN_POINT('Vertex',(-18.4229407166,13.2345659934,0.)) ;
#3773=CARTESIAN_POINT('Vertex',(-20.6729407166,9.33745167632,0.)) ;
#3776=CARTESIAN_POINT('Axis2P3D Location',(-19.5479407166,11.2860088348,0.)) ;
#3785=CARTESIAN_POINT('Axis2P3D Location',(-19.5479407166,-11.2860088348,0.)) ;
#3789=CARTESIAN_POINT('Vertex',(-20.6729407166,-9.33745167632,0.)) ;
#3791=CARTESIAN_POINT('Vertex',(-18.4229407166,-13.2345659934,0.)) ;
#3794=CARTESIAN_POINT('Axis2P3D Location',(-19.5479407166,-11.2860088348,0.)) ;
#3804=CARTESIAN_POINT('Axis2P3D Location',(0.,-22.5720176697,8.)) ;
#3809=CARTESIAN_POINT('Line Origine',(4.,-22.5720176697,5.40500000004)) ;
#3814=CARTESIAN_POINT('Line Origine',(-4.,-22.5720176697,5.40500000004)) ;
#3842=CARTESIAN_POINT('Axis2P3D Location',(19.5479407166,-11.2860088348,2.5)) ;
#3846=CARTESIAN_POINT('Vertex',(21.5479407166,-7.8219072197,2.5)) ;
#3848=CARTESIAN_POINT('Vertex',(17.5479407166,-14.75011045,2.5)) ;
#3851=CARTESIAN_POINT('Axis2P3D Location',(19.5479407166,-11.2860088348,2.5)) ;
#3860=CARTESIAN_POINT('Axis2P3D Location',(19.5479407166,-11.2860088348,2.5)) ;
#3864=CARTESIAN_POINT('Vertex',(18.4229407166,-13.2345659934,2.5)) ;
#3866=CARTESIAN_POINT('Vertex',(20.6729407166,-9.33745167632,2.5)) ;
#3869=CARTESIAN_POINT('Axis2P3D Location',(19.5479407166,-11.2860088348,2.5)) ;
#3879=CARTESIAN_POINT('Axis2P3D Location',(19.5479407166,-11.2860088348,8.)) ;
#3884=CARTESIAN_POINT('Line Origine',(17.5479407166,-14.75011045,5.40500000004)) ;
#3889=CARTESIAN_POINT('Line Origine',(21.5479407166,-7.8219072197,5.40500000004)) ;
#3910=CARTESIAN_POINT('Axis2P3D Location',(19.5479407166,-11.2860088348,8.)) ;
#3915=CARTESIAN_POINT('Line Origine',(20.6729407166,-9.33745167632,0.25)) ;
#3920=CARTESIAN_POINT('Line Origine',(18.4229407166,-13.2345659934,0.25)) ;
#3939=CARTESIAN_POINT('Axis2P3D Location',(19.5479407166,11.2860088348,2.5)) ;
#3943=CARTESIAN_POINT('Vertex',(17.5479407166,14.75011045,2.5)) ;
#3945=CARTESIAN_POINT('Vertex',(21.5479407166,7.8219072197,2.5)) ;
#3948=CARTESIAN_POINT('Axis2P3D Location',(19.5479407166,11.2860088348,2.5)) ;
#3957=CARTESIAN_POINT('Axis2P3D Location',(19.5479407166,11.2860088348,2.5)) ;
#3961=CARTESIAN_POINT('Vertex',(20.6729407166,9.33745167632,2.5)) ;
#3963=CARTESIAN_POINT('Vertex',(18.4229407166,13.2345659934,2.5)) ;
#3966=CARTESIAN_POINT('Axis2P3D Location',(19.5479407166,11.2860088348,2.5)) ;
#3976=CARTESIAN_POINT('Axis2P3D Location',(19.5479407166,11.2860088348,8.)) ;
#3981=CARTESIAN_POINT('Line Origine',(21.5479407166,7.8219072197,5.40500000004)) ;
#3986=CARTESIAN_POINT('Line Origine',(17.5479407166,14.75011045,5.40500000004)) ;
#4007=CARTESIAN_POINT('Axis2P3D Location',(19.5479407166,11.2860088348,8.)) ;
#4012=CARTESIAN_POINT('Line Origine',(18.4229407166,13.2345659934,0.25)) ;
#4017=CARTESIAN_POINT('Line Origine',(20.6729407166,9.33745167632,0.25)) ;
#4036=CARTESIAN_POINT('Axis2P3D Location',(3.5527136788E-015,22.5720176697,2.5)) ;
#4040=CARTESIAN_POINT('Vertex',(-4.,22.5720176697,2.5)) ;
#4042=CARTESIAN_POINT('Vertex',(4.,22.5720176697,2.5)) ;
#4045=CARTESIAN_POINT('Axis2P3D Location',(3.5527136788E-015,22.5720176697,2.5)) ;
#4054=CARTESIAN_POINT('Axis2P3D Location',(3.5527136788E-015,22.5720176697,2.5)) ;
#4058=CARTESIAN_POINT('Vertex',(2.25,22.5720176697,2.5)) ;
#4060=CARTESIAN_POINT('Vertex',(-2.25,22.5720176697,2.5)) ;
#4063=CARTESIAN_POINT('Axis2P3D Location',(3.5527136788E-015,22.5720176697,2.5)) ;
#4073=CARTESIAN_POINT('Axis2P3D Location',(3.5527136788E-015,22.5720176697,8.)) ;
#4078=CARTESIAN_POINT('Line Origine',(4.,22.5720176697,5.40500000004)) ;
#4083=CARTESIAN_POINT('Line Origine',(-4.,22.5720176697,5.40500000004)) ;
#4104=CARTESIAN_POINT('Axis2P3D Location',(3.5527136788E-015,22.5720176697,8.)) ;
#4109=CARTESIAN_POINT('Line Origine',(-2.25,22.5720176697,0.25)) ;
#4114=CARTESIAN_POINT('Line Origine',(2.25,22.5720176697,0.25)) ;
#4133=CARTESIAN_POINT('Axis2P3D Location',(-19.5479407166,11.2860088348,2.5)) ;
#4137=CARTESIAN_POINT('Vertex',(-21.5479407166,7.8219072197,2.5)) ;
#4139=CARTESIAN_POINT('Vertex',(-17.5479407166,14.75011045,2.5)) ;
#4142=CARTESIAN_POINT('Axis2P3D Location',(-19.5479407166,11.2860088348,2.5)) ;
#4151=CARTESIAN_POINT('Axis2P3D Location',(-19.5479407166,11.2860088348,2.5)) ;
#4155=CARTESIAN_POINT('Vertex',(-18.4229407166,13.2345659934,2.5)) ;
#4157=CARTESIAN_POINT('Vertex',(-20.6729407166,9.33745167632,2.5)) ;
#4160=CARTESIAN_POINT('Axis2P3D Location',(-19.5479407166,11.2860088348,2.5)) ;
#4170=CARTESIAN_POINT('Axis2P3D Location',(-19.5479407166,11.2860088348,8.)) ;
#4175=CARTESIAN_POINT('Line Origine',(-17.5479407166,14.75011045,5.40500000004)) ;
#4180=CARTESIAN_POINT('Line Origine',(-21.5479407166,7.8219072197,5.40500000004)) ;
#4201=CARTESIAN_POINT('Axis2P3D Location',(-19.5479407166,11.2860088348,8.)) ;
#4206=CARTESIAN_POINT('Line Origine',(-20.6729407166,9.33745167632,0.25)) ;
#4211=CARTESIAN_POINT('Line Origine',(-18.4229407166,13.2345659934,0.25)) ;
#4230=CARTESIAN_POINT('Axis2P3D Location',(-19.5479407166,-11.2860088348,2.5)) ;
#4234=CARTESIAN_POINT('Vertex',(-17.5479407166,-14.75011045,2.5)) ;
#4236=CARTESIAN_POINT('Vertex',(-21.5479407166,-7.8219072197,2.5)) ;
#4239=CARTESIAN_POINT('Axis2P3D Location',(-19.5479407166,-11.2860088348,2.5)) ;
#4248=CARTESIAN_POINT('Axis2P3D Location',(-19.5479407166,-11.2860088348,2.5)) ;
#4252=CARTESIAN_POINT('Vertex',(-20.6729407166,-9.33745167632,2.5)) ;
#4254=CARTESIAN_POINT('Vertex',(-18.4229407166,-13.2345659934,2.5)) ;
#4257=CARTESIAN_POINT('Axis2P3D Location',(-19.5479407166,-11.2860088348,2.5)) ;
#4267=CARTESIAN_POINT('Axis2P3D Location',(-19.5479407166,-11.2860088348,8.)) ;
#4272=CARTESIAN_POINT('Line Origine',(-21.5479407166,-7.8219072197,5.40500000004)) ;
#4277=CARTESIAN_POINT('Line Origine',(-17.5479407166,-14.75011045,5.40500000004)) ;
#4298=CARTESIAN_POINT('Axis2P3D Location',(-19.5479407166,-11.2860088348,8.)) ;
#4303=CARTESIAN_POINT('Line Origine',(-18.4229407166,-13.2345659934,0.25)) ;
#4308=CARTESIAN_POINT('Line Origine',(-20.6729407166,-9.33745167632,0.25)) ;
#4336=CARTESIAN_POINT('NONE',(0.,0.,0.)) ;
#4337=CARTESIAN_POINT('NONE',(0.,0.,0.)) ;
#4360=CARTESIAN_POINT('Axis2P3D Location',(0.,2.5,-10.)) ;
#4365=CARTESIAN_POINT('Axis2P3D Location',(0.,0.,-10.)) ;
#4369=CARTESIAN_POINT('Vertex',(-1.83697019872E-015,0.,0.)) ;
#4371=CARTESIAN_POINT('Vertex',(1.19434011949E-014,0.,-20.)) ;
#4374=CARTESIAN_POINT('Line Origine',(-1.83697019872E-015,2.5,0.)) ;
#4378=CARTESIAN_POINT('Vertex',(-1.83697019872E-015,5.,0.)) ;
#4381=CARTESIAN_POINT('Axis2P3D Location',(0.,5.,-10.)) ;
#4385=CARTESIAN_POINT('Vertex',(1.19434011949E-014,5.,-20.)) ;
#4388=CARTESIAN_POINT('Line Origine',(1.19434011949E-014,2.5,-20.)) ;
#4400=CARTESIAN_POINT('Axis2P3D Location',(0.,0.,-10.)) ;
#4405=CARTESIAN_POINT('Axis2P3D Location',(0.,5.,-10.)) ;
#4417=CARTESIAN_POINT('Axis2P3D Location',(0.,2.5,-10.)) ;
#4422=CARTESIAN_POINT('Axis2P3D Location',(0.,5.,-10.)) ;
#4426=CARTESIAN_POINT('Vertex',(-2.11251572853E-015,5.,1.5)) ;
#4428=CARTESIAN_POINT('Vertex',(-6.693192279E-015,5.,-21.5)) ;
#4431=CARTESIAN_POINT('Line Origine',(-2.11251572853E-015,3.25,1.5)) ;
#4435=CARTESIAN_POINT('Vertex',(-2.11251572853E-015,1.5,1.5)) ;
#4438=CARTESIAN_POINT('Axis2P3D Location',(0.,1.5,-10.)) ;
#4442=CARTESIAN_POINT('Vertex',(-6.693192279E-015,1.5,-21.5)) ;
#4445=CARTESIAN_POINT('Line Origine',(-6.693192279E-015,3.25,-21.5)) ;
#4457=CARTESIAN_POINT('Axis2P3D Location',(0.,5.,-10.)) ;
#4462=CARTESIAN_POINT('Axis2P3D Location',(0.,1.5,-10.)) ;
#4474=CARTESIAN_POINT('Axis2P3D Location',(0.,2.5,-10.)) ;
#4479=CARTESIAN_POINT('Axis2P3D Location',(0.,1.5,-10.)) ;
#4483=CARTESIAN_POINT('Vertex',(1.04545039734E-014,1.5,4.84)) ;
#4485=CARTESIAN_POINT('Vertex',(4.54343962484E-015,1.5,-24.84)) ;
#4488=CARTESIAN_POINT('Line Origine',(1.04545039734E-014,0.75,4.84)) ;
#4492=CARTESIAN_POINT('Vertex',(1.04545039734E-014,0.,4.84)) ;
#4495=CARTESIAN_POINT('Axis2P3D Location',(0.,0.,-10.)) ;
#4499=CARTESIAN_POINT('Vertex',(4.54343962484E-015,0.,-24.84)) ;
#4502=CARTESIAN_POINT('Line Origine',(4.54343962484E-015,0.75,-24.84)) ;
#4514=CARTESIAN_POINT('Axis2P3D Location',(0.,1.5,-10.)) ;
#4519=CARTESIAN_POINT('Axis2P3D Location',(0.,0.,-10.)) ;
#4531=CARTESIAN_POINT('Axis2P3D Location',(0.,5.,0.)) ;
#4545=CARTESIAN_POINT('Axis2P3D Location',(0.,1.5,1.5)) ;
#4559=CARTESIAN_POINT('Axis2P3D Location',(0.,0.,4.84)) ;
#4582=CARTESIAN_POINT('NONE',(0.,0.,0.)) ;
#4583=CARTESIAN_POINT('NONE',(0.,10.,9.5)) ;
#4599=CARTESIAN_POINT('Axis2P3D Location',(0.,7.,18.3)) ;
#4604=CARTESIAN_POINT('Line Origine',(-1.2295,7.,7.4550000001)) ;
#4608=CARTESIAN_POINT('Vertex',(-1.2295,7.,0.)) ;
#4610=CARTESIAN_POINT('Vertex',(-1.2295,7.,18.3)) ;
#4613=CARTESIAN_POINT('Axis2P3D Location',(0.,7.,0.)) ;
#4617=CARTESIAN_POINT('Vertex',(1.2295,7.,0.)) ;
#4620=CARTESIAN_POINT('Line Origine',(1.2295,7.,7.4550000001)) ;
#4624=CARTESIAN_POINT('Vertex',(1.2295,7.,18.3)) ;
#4627=CARTESIAN_POINT('Axis2P3D Location',(0.,7.,18.3)) ;
#4647=CARTESIAN_POINT('Axis2P3D Location',(0.,0.,18.3)) ;
#4652=CARTESIAN_POINT('Axis2P3D Location',(0.,0.,18.3)) ;
#4656=CARTESIAN_POINT('Vertex',(15.,0.,18.3)) ;
#4658=CARTESIAN_POINT('Vertex',(-15.,8.49830834647E-015,18.3)) ;
#4661=CARTESIAN_POINT('Axis2P3D Location',(0.,0.,18.3)) ;
#4670=CARTESIAN_POINT('Axis2P3D Location',(-6.06217782649,3.5,18.3)) ;
#4674=CARTESIAN_POINT('Vertex',(-5.44742782649,4.56477823395,18.3)) ;
#4676=CARTESIAN_POINT('Vertex',(-6.67692782649,2.43522176605,18.3)) ;
#4679=CARTESIAN_POINT('Axis2P3D Location',(-6.06217782649,3.5,18.3)) ;
#4688=CARTESIAN_POINT('Axis2P3D Location',(0.,7.,18.3)) ;
#4697=CARTESIAN_POINT('Axis2P3D Location',(-6.06217782649,-3.5,18.3)) ;
#4701=CARTESIAN_POINT('Vertex',(-6.67692782649,-2.43522176605,18.3)) ;
#4703=CARTESIAN_POINT('Vertex',(-5.44742782649,-4.56477823395,18.3)) ;
#4706=CARTESIAN_POINT('Axis2P3D Location',(-6.06217782649,-3.5,18.3)) ;
#4715=CARTESIAN_POINT('Axis2P3D Location',(-8.881784197E-016,-7.,18.3)) ;
#4719=CARTESIAN_POINT('Vertex',(-1.2295,-7.,18.3)) ;
#4721=CARTESIAN_POINT('Vertex',(1.2295,-7.,18.3)) ;
#4724=CARTESIAN_POINT('Axis2P3D Location',(-8.881784197E-016,-7.,18.3)) ;
#4733=CARTESIAN_POINT('Axis2P3D Location',(6.06217782649,-3.5,18.3)) ;
#4737=CARTESIAN_POINT('Vertex',(5.44742782649,-4.56477823395,18.3)) ;
#4739=CARTESIAN_POINT('Vertex',(6.67692782649,-2.43522176605,18.3)) ;
#4742=CARTESIAN_POINT('Axis2P3D Location',(6.06217782649,-3.5,18.3)) ;
#4751=CARTESIAN_POINT('Axis2P3D Location',(6.06217782649,3.5,18.3)) ;
#4755=CARTESIAN_POINT('Vertex',(6.67692782649,2.43522176605,18.3)) ;
#4757=CARTESIAN_POINT('Vertex',(5.44742782649,4.56477823395,18.3)) ;
#4760=CARTESIAN_POINT('Axis2P3D Location',(6.06217782649,3.5,18.3)) ;
#4770=CARTESIAN_POINT('Axis2P3D Location',(0.,7.,0.)) ;
#4783=CARTESIAN_POINT('Axis2P3D Location',(0.,0.,14.8)) ;
#4788=CARTESIAN_POINT('Line Origine',(15.,0.,14.8)) ;
#4792=CARTESIAN_POINT('Vertex',(15.,0.,11.3)) ;
#4795=CARTESIAN_POINT('Axis2P3D Location',(0.,0.,11.3)) ;
#4799=CARTESIAN_POINT('Vertex',(-15.,8.49830834647E-015,11.3)) ;
#4802=CARTESIAN_POINT('Line Origine',(-15.,8.49830834647E-015,14.8)) ;
#4814=CARTESIAN_POINT('Axis2P3D Location',(0.,0.,11.3)) ;
#4826=CARTESIAN_POINT('Axis2P3D Location',(0.,0.,11.3)) ;
#4835=CARTESIAN_POINT('Axis2P3D Location',(0.,0.,11.3)) ;
#4839=CARTESIAN_POINT('Vertex',(-10.075,1.23383165014E-015,11.3)) ;
#4841=CARTESIAN_POINT('Vertex',(10.075,0.,11.3)) ;
#4844=CARTESIAN_POINT('Axis2P3D Location',(0.,0.,11.3)) ;
#4854=CARTESIAN_POINT('Axis2P3D Location',(0.,0.,5.65)) ;
#4859=CARTESIAN_POINT('Line Origine',(10.075,0.,5.65)) ;
#4863=CARTESIAN_POINT('Vertex',(10.075,0.,0.)) ;
#4866=CARTESIAN_POINT('Axis2P3D Location',(0.,0.,0.)) ;
#4870=CARTESIAN_POINT('Vertex',(-10.075,1.23383165014E-015,0.)) ;
#4873=CARTESIAN_POINT('Line Origine',(-10.075,1.23383165014E-015,5.65)) ;
#4885=CARTESIAN_POINT('Axis2P3D Location',(0.,0.,0.)) ;
#4897=CARTESIAN_POINT('Axis2P3D Location',(0.,0.,0.)) ;
#4906=CARTESIAN_POINT('Axis2P3D Location',(-6.06217782649,3.5,0.)) ;
#4910=CARTESIAN_POINT('Vertex',(-6.67692782649,2.43522176605,0.)) ;
#4912=CARTESIAN_POINT('Vertex',(-5.44742782649,4.56477823395,0.)) ;
#4915=CARTESIAN_POINT('Axis2P3D Location',(-6.06217782649,3.5,0.)) ;
#4928=CARTESIAN_POINT('Axis2P3D Location',(-6.06217782649,-3.5,0.)) ;
#4932=CARTESIAN_POINT('Vertex',(-5.44742782649,-4.56477823395,0.)) ;
#4934=CARTESIAN_POINT('Vertex',(-6.67692782649,-2.43522176605,0.)) ;
#4937=CARTESIAN_POINT('Axis2P3D Location',(-6.06217782649,-3.5,0.)) ;
#4946=CARTESIAN_POINT('Axis2P3D Location',(-8.881784197E-016,-7.,0.)) ;
#4950=CARTESIAN_POINT('Vertex',(1.2295,-7.,0.)) ;
#4952=CARTESIAN_POINT('Vertex',(-1.2295,-7.,0.)) ;
#4955=CARTESIAN_POINT('Axis2P3D Location',(-8.881784197E-016,-7.,0.)) ;
#4964=CARTESIAN_POINT('Axis2P3D Location',(6.06217782649,-3.5,0.)) ;
#4968=CARTESIAN_POINT('Vertex',(6.67692782649,-2.43522176605,0.)) ;
#4970=CARTESIAN_POINT('Vertex',(5.44742782649,-4.56477823395,0.)) ;
#4973=CARTESIAN_POINT('Axis2P3D Location',(6.06217782649,-3.5,0.)) ;
#4982=CARTESIAN_POINT('Axis2P3D Location',(6.06217782649,3.5,0.)) ;
#4986=CARTESIAN_POINT('Vertex',(5.44742782649,4.56477823395,0.)) ;
#4988=CARTESIAN_POINT('Vertex',(6.67692782649,2.43522176605,0.)) ;
#4991=CARTESIAN_POINT('Axis2P3D Location',(6.06217782649,3.5,0.)) ;
#5001=CARTESIAN_POINT('Axis2P3D Location',(-6.06217782649,3.5,18.3)) ;
#5006=CARTESIAN_POINT('Line Origine',(-6.67692782649,2.43522176605,7.4550000001)) ;
#5011=CARTESIAN_POINT('Line Origine',(-5.44742782649,4.56477823395,7.4550000001)) ;
#5032=CARTESIAN_POINT('Axis2P3D Location',(-6.06217782649,-3.5,18.3)) ;
#5037=CARTESIAN_POINT('Line Origine',(-5.44742782649,-4.56477823395,7.4550000001)) ;
#5042=CARTESIAN_POINT('Line Origine',(-6.67692782649,-2.43522176605,7.4550000001)) ;
#5063=CARTESIAN_POINT('Axis2P3D Location',(-8.881784197E-016,-7.,18.3)) ;
#5068=CARTESIAN_POINT('Line Origine',(1.2295,-7.,7.4550000001)) ;
#5073=CARTESIAN_POINT('Line Origine',(-1.2295,-7.,7.4550000001)) ;
#5094=CARTESIAN_POINT('Axis2P3D Location',(6.06217782649,-3.5,18.3)) ;
#5099=CARTESIAN_POINT('Line Origine',(6.67692782649,-2.43522176605,7.4550000001)) ;
#5104=CARTESIAN_POINT('Line Origine',(5.44742782649,-4.56477823395,7.4550000001)) ;
#5125=CARTESIAN_POINT('Axis2P3D Location',(6.06217782649,3.5,18.3)) ;
#5130=CARTESIAN_POINT('Line Origine',(5.44742782649,4.56477823395,7.4550000001)) ;
#5135=CARTESIAN_POINT('Line Origine',(6.67692782649,2.43522176605,7.4550000001)) ;
#5165=CARTESIAN_POINT('NONE',(0.,0.,0.)) ;
#5166=CARTESIAN_POINT('NONE',(0.,0.,9.5)) ;
#5182=CARTESIAN_POINT('Axis2P3D Location',(1.7,7.,2.7)) ;
#5187=CARTESIAN_POINT('Axis2P3D Location',(0.,7.,2.7)) ;
#5191=CARTESIAN_POINT('Vertex',(3.,7.,2.7)) ;
#5193=CARTESIAN_POINT('Vertex',(-3.,7.,2.7)) ;
#5196=CARTESIAN_POINT('Axis2P3D Location',(0.,7.,2.7)) ;
#5205=CARTESIAN_POINT('Axis2P3D Location',(0.,7.,2.7)) ;
#5209=CARTESIAN_POINT('Vertex',(-1.7,7.,2.7)) ;
#5211=CARTESIAN_POINT('Vertex',(1.7,7.,2.7)) ;
#5214=CARTESIAN_POINT('Axis2P3D Location',(0.,7.,2.7)) ;
#5232=CARTESIAN_POINT('Axis2P3D Location',(0.,7.,7.)) ;
#5237=CARTESIAN_POINT('Axis2P3D Location',(0.,7.,0.)) ;
#5241=CARTESIAN_POINT('Vertex',(-1.7,7.,0.)) ;
#5243=CARTESIAN_POINT('Vertex',(1.7,7.,0.)) ;
#5246=CARTESIAN_POINT('Line Origine',(-1.7,7.,-0.15)) ;
#5251=CARTESIAN_POINT('Line Origine',(1.7,7.,-0.15)) ;
#5264=CARTESIAN_POINT('Axis2P3D Location',(0.,7.,0.)) ;
#5277=CARTESIAN_POINT('Axis2P3D Location',(0.,0.,7.)) ;
#5282=CARTESIAN_POINT('Axis2P3D Location',(0.,0.,7.)) ;
#5286=CARTESIAN_POINT('Vertex',(15.,0.,7.)) ;
#5288=CARTESIAN_POINT('Vertex',(-15.,8.49830834647E-015,7.)) ;
#5291=CARTESIAN_POINT('Axis2P3D Location',(0.,0.,7.)) ;
#5300=CARTESIAN_POINT('Axis2P3D Location',(-6.06217782649,3.5,7.)) ;
#5304=CARTESIAN_POINT('Vertex',(-4.56217782649,6.09807621135,7.)) ;
#5306=CARTESIAN_POINT('Vertex',(-7.56217782649,0.901923788647,7.)) ;
#5309=CARTESIAN_POINT('Axis2P3D Location',(-6.06217782649,3.5,7.)) ;
#5318=CARTESIAN_POINT('Axis2P3D Location',(6.06217782649,3.5,7.)) ;
#5322=CARTESIAN_POINT('Vertex',(7.56217782649,0.901923788647,7.)) ;
#5324=CARTESIAN_POINT('Vertex',(4.56217782649,6.09807621135,7.)) ;
#5327=CARTESIAN_POINT('Axis2P3D Location',(6.06217782649,3.5,7.)) ;
#5336=CARTESIAN_POINT('Axis2P3D Location',(0.,7.,7.)) ;
#5340=CARTESIAN_POINT('Vertex',(-3.,7.,7.)) ;
#5342=CARTESIAN_POINT('Vertex',(3.,7.,7.)) ;
#5345=CARTESIAN_POINT('Axis2P3D Location',(0.,7.,7.)) ;
#5354=CARTESIAN_POINT('Axis2P3D Location',(-6.06217782649,-3.5,7.)) ;
#5358=CARTESIAN_POINT('Vertex',(-7.56217782649,-0.901923788647,7.)) ;
#5360=CARTESIAN_POINT('Vertex',(-4.56217782649,-6.09807621135,7.)) ;
#5363=CARTESIAN_POINT('Axis2P3D Location',(-6.06217782649,-3.5,7.)) ;
#5372=CARTESIAN_POINT('Axis2P3D Location',(-8.881784197E-016,-7.,7.)) ;
#5376=CARTESIAN_POINT('Vertex',(-3.,-7.,7.)) ;
#5378=CARTESIAN_POINT('Vertex',(3.,-7.,7.)) ;
#5381=CARTESIAN_POINT('Axis2P3D Location',(-8.881784197E-016,-7.,7.)) ;
#5390=CARTESIAN_POINT('Axis2P3D Location',(6.06217782649,-3.5,7.)) ;
#5394=CARTESIAN_POINT('Vertex',(4.56217782649,-6.09807621135,7.)) ;
#5396=CARTESIAN_POINT('Vertex',(7.56217782649,-0.901923788647,7.)) ;
#5399=CARTESIAN_POINT('Axis2P3D Location',(6.06217782649,-3.5,7.)) ;
#5409=CARTESIAN_POINT('Axis2P3D Location',(0.,0.,3.5)) ;
#5414=CARTESIAN_POINT('Line Origine',(15.,0.,3.5)) ;
#5418=CARTESIAN_POINT('Vertex',(15.,0.,0.)) ;
#5421=CARTESIAN_POINT('Axis2P3D Location',(0.,0.,0.)) ;
#5425=CARTESIAN_POINT('Vertex',(-15.,8.49830834647E-015,0.)) ;
#5428=CARTESIAN_POINT('Line Origine',(-15.,8.49830834647E-015,3.5)) ;
#5440=CARTESIAN_POINT('Axis2P3D Location',(0.,0.,0.)) ;
#5452=CARTESIAN_POINT('Axis2P3D Location',(0.,0.,0.)) ;
#5461=CARTESIAN_POINT('Axis2P3D Location',(-6.06217782649,3.5,0.)) ;
#5465=CARTESIAN_POINT('Vertex',(-6.91217782649,2.02775681357,0.)) ;
#5467=CARTESIAN_POINT('Vertex',(-5.21217782649,4.97224318643,0.)) ;
#5470=CARTESIAN_POINT('Axis2P3D Location',(-6.06217782649,3.5,0.)) ;
#5479=CARTESIAN_POINT('Axis2P3D Location',(6.06217782649,3.5,0.)) ;
#5483=CARTESIAN_POINT('Vertex',(5.21217782649,4.97224318643,0.)) ;
#5485=CARTESIAN_POINT('Vertex',(6.91217782649,2.02775681357,0.)) ;
#5488=CARTESIAN_POINT('Axis2P3D Location',(6.06217782649,3.5,0.)) ;
#5501=CARTESIAN_POINT('Axis2P3D Location',(-6.06217782649,-3.5,0.)) ;
#5505=CARTESIAN_POINT('Vertex',(-5.21217782649,-4.97224318643,0.)) ;
#5507=CARTESIAN_POINT('Vertex',(-6.91217782649,-2.02775681357,0.)) ;
#5510=CARTESIAN_POINT('Axis2P3D Location',(-6.06217782649,-3.5,0.)) ;
#5519=CARTESIAN_POINT('Axis2P3D Location',(-8.881784197E-016,-7.,0.)) ;
#5523=CARTESIAN_POINT('Vertex',(1.7,-7.,0.)) ;
#5525=CARTESIAN_POINT('Vertex',(-1.7,-7.,0.)) ;
#5528=CARTESIAN_POINT('Axis2P3D Location',(-8.881784197E-016,-7.,0.)) ;
#5537=CARTESIAN_POINT('Axis2P3D Location',(6.06217782649,-3.5,0.)) ;
#5541=CARTESIAN_POINT('Vertex',(6.91217782649,-2.02775681357,0.)) ;
#5543=CARTESIAN_POINT('Vertex',(5.21217782649,-4.97224318643,0.)) ;
#5546=CARTESIAN_POINT('Axis2P3D Location',(6.06217782649,-3.5,0.)) ;
#5556=CARTESIAN_POINT('Axis2P3D Location',(0.,7.,7.)) ;
#5561=CARTESIAN_POINT('Line Origine',(3.,7.,5.00499995232)) ;
#5566=CARTESIAN_POINT('Line Origine',(-3.,7.,5.00499995232)) ;
#5587=CARTESIAN_POINT('Axis2P3D Location',(6.06217782649,3.5,2.7)) ;
#5591=CARTESIAN_POINT('Vertex',(7.56217782649,0.901923788647,2.7)) ;
#5593=CARTESIAN_POINT('Vertex',(4.56217782649,6.09807621135,2.7)) ;
#5596=CARTESIAN_POINT('Axis2P3D Location',(6.06217782649,3.5,2.7)) ;
#5605=CARTESIAN_POINT('Axis2P3D Location',(6.06217782649,3.5,2.7)) ;
#5609=CARTESIAN_POINT('Vertex',(5.21217782649,4.97224318643,2.7)) ;
#5611=CARTESIAN_POINT('Vertex',(6.91217782649,2.02775681357,2.7)) ;
#5614=CARTESIAN_POINT('Axis2P3D Location',(6.06217782649,3.5,2.7)) ;
#5625=CARTESIAN_POINT('Axis2P3D Location',(6.06217782649,3.5,7.)) ;
#5630=CARTESIAN_POINT('Line Origine',(4.56217782649,6.09807621135,5.00499995232)) ;
#5635=CARTESIAN_POINT('Line Origine',(7.56217782649,0.901923788647,5.00499995232)) ;
#5656=CARTESIAN_POINT('Axis2P3D Location',(6.06217782649,3.5,7.)) ;
#5661=CARTESIAN_POINT('Line Origine',(6.91217782649,2.02775681357,-0.15)) ;
#5666=CARTESIAN_POINT('Line Origine',(5.21217782649,4.97224318643,-0.15)) ;
#5687=CARTESIAN_POINT('Axis2P3D Location',(-6.06217782649,3.5,2.7)) ;
#5691=CARTESIAN_POINT('Vertex',(-4.56217782649,6.09807621135,2.7)) ;
#5693=CARTESIAN_POINT('Vertex',(-7.56217782649,0.901923788647,2.7)) ;
#5696=CARTESIAN_POINT('Axis2P3D Location',(-6.06217782649,3.5,2.7)) ;
#5705=CARTESIAN_POINT('Axis2P3D Location',(-6.06217782649,3.5,2.7)) ;
#5709=CARTESIAN_POINT('Vertex',(-6.91217782649,2.02775681357,2.7)) ;
#5711=CARTESIAN_POINT('Vertex',(-5.21217782649,4.97224318643,2.7)) ;
#5714=CARTESIAN_POINT('Axis2P3D Location',(-6.06217782649,3.5,2.7)) ;
#5725=CARTESIAN_POINT('Axis2P3D Location',(-6.06217782649,3.5,7.)) ;
#5730=CARTESIAN_POINT('Line Origine',(-7.56217782649,0.901923788647,5.00499995232)) ;
#5735=CARTESIAN_POINT('Line Origine',(-4.56217782649,6.09807621135,5.00499995232)) ;
#5756=CARTESIAN_POINT('Axis2P3D Location',(-6.06217782649,3.5,7.)) ;
#5761=CARTESIAN_POINT('Line Origine',(-5.21217782649,4.97224318643,-0.15)) ;
#5766=CARTESIAN_POINT('Line Origine',(-6.91217782649,2.02775681357,-0.15)) ;
#5787=CARTESIAN_POINT('Axis2P3D Location',(-6.06217782649,-3.5,2.7)) ;
#5791=CARTESIAN_POINT('Vertex',(-7.56217782649,-0.901923788647,2.7)) ;
#5793=CARTESIAN_POINT('Vertex',(-4.56217782649,-6.09807621135,2.7)) ;
#5796=CARTESIAN_POINT('Axis2P3D Location',(-6.06217782649,-3.5,2.7)) ;
#5805=CARTESIAN_POINT('Axis2P3D Location',(-6.06217782649,-3.5,2.7)) ;
#5809=CARTESIAN_POINT('Vertex',(-5.21217782649,-4.97224318643,2.7)) ;
#5811=CARTESIAN_POINT('Vertex',(-6.91217782649,-2.02775681357,2.7)) ;
#5814=CARTESIAN_POINT('Axis2P3D Location',(-6.06217782649,-3.5,2.7)) ;
#5825=CARTESIAN_POINT('Axis2P3D Location',(-6.06217782649,-3.5,7.)) ;
#5830=CARTESIAN_POINT('Line Origine',(-4.56217782649,-6.09807621135,5.00499995232)) ;
#5835=CARTESIAN_POINT('Line Origine',(-7.56217782649,-0.901923788647,5.00499995232)) ;
#5856=CARTESIAN_POINT('Axis2P3D Location',(-6.06217782649,-3.5,7.)) ;
#5861=CARTESIAN_POINT('Line Origine',(-6.91217782649,-2.02775681357,-0.15)) ;
#5866=CARTESIAN_POINT('Line Origine',(-5.21217782649,-4.97224318643,-0.15)) ;
#5887=CARTESIAN_POINT('Axis2P3D Location',(-2.22044604925E-016,-7.,2.7)) ;
#5891=CARTESIAN_POINT('Vertex',(-3.,-7.,2.7)) ;
#5893=CARTESIAN_POINT('Vertex',(3.,-7.,2.7)) ;
#5896=CARTESIAN_POINT('Axis2P3D Location',(-2.22044604925E-016,-7.,2.7)) ;
#5905=CARTESIAN_POINT('Axis2P3D Location',(-2.22044604925E-016,-7.,2.7)) ;
#5909=CARTESIAN_POINT('Vertex',(1.7,-7.,2.7)) ;
#5911=CARTESIAN_POINT('Vertex',(-1.7,-7.,2.7)) ;
#5914=CARTESIAN_POINT('Axis2P3D Location',(-2.22044604925E-016,-7.,2.7)) ;
#5925=CARTESIAN_POINT('Axis2P3D Location',(-8.881784197E-016,-7.,7.)) ;
#5930=CARTESIAN_POINT('Line Origine',(3.,-7.,5.00499995232)) ;
#5935=CARTESIAN_POINT('Line Origine',(-3.,-7.,5.00499995232)) ;
#5956=CARTESIAN_POINT('Axis2P3D Location',(-8.881784197E-016,-7.,7.)) ;
#5961=CARTESIAN_POINT('Line Origine',(-1.7,-7.,-0.15)) ;
#5966=CARTESIAN_POINT('Line Origine',(1.7,-7.,-0.15)) ;
#5987=CARTESIAN_POINT('Axis2P3D Location',(6.06217782649,-3.5,2.7)) ;
#5991=CARTESIAN_POINT('Vertex',(4.56217782649,-6.09807621135,2.7)) ;
#5993=CARTESIAN_POINT('Vertex',(7.56217782649,-0.901923788647,2.7)) ;
#5996=CARTESIAN_POINT('Axis2P3D Location',(6.06217782649,-3.5,2.7)) ;
#6005=CARTESIAN_POINT('Axis2P3D Location',(6.06217782649,-3.5,2.7)) ;
#6009=CARTESIAN_POINT('Vertex',(6.91217782649,-2.02775681357,2.7)) ;
#6011=CARTESIAN_POINT('Vertex',(5.21217782649,-4.97224318643,2.7)) ;
#6014=CARTESIAN_POINT('Axis2P3D Location',(6.06217782649,-3.5,2.7)) ;
#6025=CARTESIAN_POINT('Axis2P3D Location',(6.06217782649,-3.5,7.)) ;
#6030=CARTESIAN_POINT('Line Origine',(7.56217782649,-0.901923788647,5.00499995232)) ;
#6035=CARTESIAN_POINT('Line Origine',(4.56217782649,-6.09807621135,5.00499995232)) ;
#6056=CARTESIAN_POINT('Axis2P3D Location',(6.06217782649,-3.5,7.)) ;
#6061=CARTESIAN_POINT('Line Origine',(5.21217782649,-4.97224318643,-0.15)) ;
#6066=CARTESIAN_POINT('Line Origine',(6.91217782649,-2.02775681357,-0.15)) ;
#6096=CARTESIAN_POINT('NONE',(0.,0.,0.)) ;
#6097=CARTESIAN_POINT('NONE',(0.,0.,9.5)) ;
#6109=CARTESIAN_POINT('NONE',(0.,0.,0.)) ;
#6110=CARTESIAN_POINT('NONE',(0.,-10.,-1.5)) ;
#6122=CARTESIAN_POINT('NONE',(0.,0.,0.)) ;
#6123=CARTESIAN_POINT('NONE',(93.8879962736,119.92798233,25.)) ;
#8=PRODUCT_RELATED_PRODUCT_CATEGORY('part',$,(#26,#930,#1276,#2251,#3361,#4346,#4592,#5175)) ;
#11=PRODUCT_RELATED_PRODUCT_CATEGORY('part',$,(#5,#3353)) ;
#917=ITEM_DEFINED_TRANSFORMATION(' ',' ',#919,#918) ;
#1263=ITEM_DEFINED_TRANSFORMATION(' ',' ',#1265,#1264) ;
#2238=ITEM_DEFINED_TRANSFORMATION(' ',' ',#2240,#2239) ;
#3340=ITEM_DEFINED_TRANSFORMATION(' ',' ',#3342,#3341) ;
#4333=ITEM_DEFINED_TRANSFORMATION(' ',' ',#4335,#4334) ;
#4579=ITEM_DEFINED_TRANSFORMATION(' ',' ',#4581,#4580) ;
#5162=ITEM_DEFINED_TRANSFORMATION(' ',' ',#5164,#5163) ;
#6093=ITEM_DEFINED_TRANSFORMATION(' ',' ',#6095,#6094) ;
#6106=ITEM_DEFINED_TRANSFORMATION(' ',' ',#6108,#6107) ;
#6119=ITEM_DEFINED_TRANSFORMATION(' ',' ',#6121,#6120) ;
#38=STYLED_ITEM(' ',(#37),#30) ;
#935=STYLED_ITEM(' ',(#37),#934) ;
#1281=STYLED_ITEM(' ',(#37),#1280) ;
#2256=STYLED_ITEM(' ',(#37),#2255) ;
#3373=STYLED_ITEM(' ',(#3372),#3365) ;
#4358=STYLED_ITEM(' ',(#4357),#4350) ;
#4597=STYLED_ITEM(' ',(#3372),#4596) ;
#5180=STYLED_ITEM(' ',(#3372),#5179) ;
#37=PRESENTATION_STYLE_ASSIGNMENT((#36)) ;
#3372=PRESENTATION_STYLE_ASSIGNMENT((#3371)) ;
#3832=PRESENTATION_STYLE_ASSIGNMENT((#3831)) ;
#4357=PRESENTATION_STYLE_ASSIGNMENT((#4356)) ;
#4645=PRESENTATION_STYLE_ASSIGNMENT((#4644)) ;
#5230=PRESENTATION_STYLE_ASSIGNMENT((#5229)) ;
#36=SURFACE_STYLE_USAGE(.BOTH.,#35) ;
#3371=SURFACE_STYLE_USAGE(.BOTH.,#3370) ;
#3831=SURFACE_STYLE_USAGE(.BOTH.,#3830) ;
#4356=SURFACE_STYLE_USAGE(.BOTH.,#4355) ;
#4644=SURFACE_STYLE_USAGE(.BOTH.,#4643) ;
#5229=SURFACE_STYLE_USAGE(.BOTH.,#5228) ;
#35=SURFACE_SIDE_STYLE(' ',(#34)) ;
#3370=SURFACE_SIDE_STYLE(' ',(#3369)) ;
#3830=SURFACE_SIDE_STYLE(' ',(#3829)) ;
#4355=SURFACE_SIDE_STYLE(' ',(#4354)) ;
#4643=SURFACE_SIDE_STYLE(' ',(#4642)) ;
#5228=SURFACE_SIDE_STYLE(' ',(#5227)) ;
#34=SURFACE_STYLE_FILL_AREA(#33) ;
#3369=SURFACE_STYLE_FILL_AREA(#3368) ;
#3829=SURFACE_STYLE_FILL_AREA(#3828) ;
#4354=SURFACE_STYLE_FILL_AREA(#4353) ;
#4642=SURFACE_STYLE_FILL_AREA(#4641) ;
#5227=SURFACE_STYLE_FILL_AREA(#5226) ;
#33=FILL_AREA_STYLE(' ',(#32)) ;
#3368=FILL_AREA_STYLE(' ',(#3367)) ;
#3828=FILL_AREA_STYLE(' ',(#3827)) ;
#4353=FILL_AREA_STYLE(' ',(#4352)) ;
#4641=FILL_AREA_STYLE(' ',(#4640)) ;
#5226=FILL_AREA_STYLE(' ',(#5225)) ;
#32=FILL_AREA_STYLE_COLOUR(' ',#31) ;
#3367=FILL_AREA_STYLE_COLOUR(' ',#3366) ;
#3827=FILL_AREA_STYLE_COLOUR(' ',#3826) ;
#4352=FILL_AREA_STYLE_COLOUR(' ',#4351) ;
#4640=FILL_AREA_STYLE_COLOUR(' ',#4639) ;
#5225=FILL_AREA_STYLE_COLOUR(' ',#5224) ;
#47=VECTOR('Line Direction',#46,1.) ;
#56=VECTOR('Line Direction',#55,1.) ;
#63=VECTOR('Line Direction',#62,1.) ;
#70=VECTOR('Line Direction',#69,1.) ;
#94=VECTOR('Line Direction',#93,1.) ;
#118=VECTOR('Line Direction',#117,1.) ;
#125=VECTOR('Line Direction',#124,1.) ;
#132=VECTOR('Line Direction',#131,1.) ;
#163=VECTOR('Line Direction',#162,1.) ;
#180=VECTOR('Line Direction',#179,1.) ;
#187=VECTOR('Line Direction',#186,1.) ;
#194=VECTOR('Line Direction',#193,1.) ;
#211=VECTOR('Line Direction',#210,1.) ;
#227=VECTOR('Line Direction',#226,1.) ;
#260=VECTOR('Line Direction',#259,1.) ;
#274=VECTOR('Line Direction',#273,1.) ;
#291=VECTOR('Line Direction',#290,1.) ;
#307=VECTOR('Line Direction',#306,1.) ;
#340=VECTOR('Line Direction',#339,1.) ;
#354=VECTOR('Line Direction',#353,1.) ;
#371=VECTOR('Line Direction',#370,1.) ;
#387=VECTOR('Line Direction',#386,1.) ;
#411=VECTOR('Line Direction',#410,1.) ;
#420=VECTOR('Line Direction',#419,1.) ;
#425=VECTOR('Line Direction',#424,1.) ;
#442=VECTOR('Line Direction',#441,1.) ;
#449=VECTOR('Line Direction',#448,1.) ;
#456=VECTOR('Line Direction',#455,1.) ;
#495=VECTOR('Line Direction',#494,1.) ;
#504=VECTOR('Line Direction',#503,1.) ;
#509=VECTOR('Line Direction',#508,1.) ;
#514=VECTOR('Line Direction',#513,1.) ;
#519=VECTOR('Line Direction',#518,1.) ;
#540=VECTOR('Line Direction',#539,1.) ;
#547=VECTOR('Line Direction',#546,1.) ;
#554=VECTOR('Line Direction',#553,1.) ;
#571=VECTOR('Line Direction',#570,1.) ;
#578=VECTOR('Line Direction',#577,1.) ;
#595=VECTOR('Line Direction',#594,1.) ;
#602=VECTOR('Line Direction',#601,1.) ;
#614=VECTOR('Line Direction',#613,1.) ;
#621=VECTOR('Line Direction',#620,1.) ;
#626=VECTOR('Line Direction',#625,1.) ;
#631=VECTOR('Line Direction',#630,1.) ;
#652=VECTOR('Line Direction',#651,1.) ;
#657=VECTOR('Line Direction',#656,1.) ;
#662=VECTOR('Line Direction',#661,1.) ;
#669=VECTOR('Line Direction',#668,1.) ;
#674=VECTOR('Line Direction',#673,1.) ;
#699=VECTOR('Line Direction',#698,1.) ;
#860=VECTOR('Line Direction',#859,1.) ;
#865=VECTOR('Line Direction',#864,1.) ;
#889=VECTOR('Line Direction',#888,1.) ;
#894=VECTOR('Line Direction',#893,1.) ;
#953=VECTOR('Line Direction',#952,1.) ;
#967=VECTOR('Line Direction',#966,1.) ;
#984=VECTOR('Line Direction',#983,1.) ;
#1000=VECTOR('Line Direction',#999,1.) ;
#1027=VECTOR('Line Direction',#1026,1.) ;
#1032=VECTOR('Line Direction',#1031,1.) ;
#1049=VECTOR('Line Direction',#1048,1.) ;
#1056=VECTOR('Line Direction',#1055,1.) ;
#1073=VECTOR('Line Direction',#1072,1.) ;
#1101=VECTOR('Line Direction',#1100,1.) ;
#1150=VECTOR('Line Direction',#1149,1.) ;
#1167=VECTOR('Line Direction',#1166,1.) ;
#1184=VECTOR('Line Direction',#1183,1.) ;
#1189=VECTOR('Line Direction',#1188,1.) ;
#1206=VECTOR('Line Direction',#1205,1.) ;
#1223=VECTOR('Line Direction',#1222,1.) ;
#1290=VECTOR('Line Direction',#1289,1.) ;
#1306=VECTOR('Line Direction',#1305,1.) ;
#1332=VECTOR('Line Direction',#1331,1.) ;
#1356=VECTOR('Line Direction',#1355,1.) ;
#1363=VECTOR('Line Direction',#1362,1.) ;
#1370=VECTOR('Line Direction',#1369,1.) ;
#1382=VECTOR('Line Direction',#1381,1.) ;
#1389=VECTOR('Line Direction',#1388,1.) ;
#1396=VECTOR('Line Direction',#1395,1.) ;
#1413=VECTOR('Line Direction',#1412,1.) ;
#1420=VECTOR('Line Direction',#1419,1.) ;
#1427=VECTOR('Line Direction',#1426,1.) ;
#1451=VECTOR('Line Direction',#1450,1.) ;
#1477=VECTOR('Line Direction',#1476,1.) ;
#1508=VECTOR('Line Direction',#1507,1.) ;
#1532=VECTOR('Line Direction',#1531,1.) ;
#1539=VECTOR('Line Direction',#1538,1.) ;
#1546=VECTOR('Line Direction',#1545,1.) ;
#1570=VECTOR('Line Direction',#1569,1.) ;
#1594=VECTOR('Line Direction',#1593,1.) ;
#1599=VECTOR('Line Direction',#1598,1.) ;
#1625=VECTOR('Line Direction',#1624,1.) ;
#1639=VECTOR('Line Direction',#1638,1.) ;
#1682=VECTOR('Line Direction',#1681,1.) ;
#1696=VECTOR('Line Direction',#1695,1.) ;
#1739=VECTOR('Line Direction',#1738,1.) ;
#1753=VECTOR('Line Direction',#1752,1.) ;
#2065=VECTOR('Line Direction',#2064,1.) ;
#2070=VECTOR('Line Direction',#2069,1.) ;
#2094=VECTOR('Line Direction',#2093,1.) ;
#2099=VECTOR('Line Direction',#2098,1.) ;
#2123=VECTOR('Line Direction',#2122,1.) ;
#2128=VECTOR('Line Direction',#2127,1.) ;
#2152=VECTOR('Line Direction',#2151,1.) ;
#2157=VECTOR('Line Direction',#2156,1.) ;
#2181=VECTOR('Line Direction',#2180,1.) ;
#2186=VECTOR('Line Direction',#2185,1.) ;
#2210=VECTOR('Line Direction',#2209,1.) ;
#2215=VECTOR('Line Direction',#2214,1.) ;
#2316=VECTOR('Line Direction',#2315,1.) ;
#2321=VECTOR('Line Direction',#2320,1.) ;
#2482=VECTOR('Line Direction',#2481,1.) ;
#2496=VECTOR('Line Direction',#2495,1.) ;
#2553=VECTOR('Line Direction',#2552,1.) ;
#2567=VECTOR('Line Direction',#2566,1.) ;
#2619=VECTOR('Line Direction',#2618,1.) ;
#2633=VECTOR('Line Direction',#2632,1.) ;
#2690=VECTOR('Line Direction',#2689,1.) ;
#2704=VECTOR('Line Direction',#2703,1.) ;
#2837=VECTOR('Line Direction',#2836,1.) ;
#2842=VECTOR('Line Direction',#2841,1.) ;
#2903=VECTOR('Line Direction',#2902,1.) ;
#2908=VECTOR('Line Direction',#2907,1.) ;
#2932=VECTOR('Line Direction',#2931,1.) ;
#2937=VECTOR('Line Direction',#2936,1.) ;
#2998=VECTOR('Line Direction',#2997,1.) ;
#3003=VECTOR('Line Direction',#3002,1.) ;
#3027=VECTOR('Line Direction',#3026,1.) ;
#3032=VECTOR('Line Direction',#3031,1.) ;
#3093=VECTOR('Line Direction',#3092,1.) ;
#3098=VECTOR('Line Direction',#3097,1.) ;
#3122=VECTOR('Line Direction',#3121,1.) ;
#3127=VECTOR('Line Direction',#3126,1.) ;
#3188=VECTOR('Line Direction',#3187,1.) ;
#3193=VECTOR('Line Direction',#3192,1.) ;
#3217=VECTOR('Line Direction',#3216,1.) ;
#3222=VECTOR('Line Direction',#3221,1.) ;
#3283=VECTOR('Line Direction',#3282,1.) ;
#3288=VECTOR('Line Direction',#3287,1.) ;
#3312=VECTOR('Line Direction',#3311,1.) ;
#3317=VECTOR('Line Direction',#3316,1.) ;
#3433=VECTOR('Line Direction',#3432,1.) ;
#3438=VECTOR('Line Direction',#3437,1.) ;
#3617=VECTOR('Line Direction',#3616,1.) ;
#3631=VECTOR('Line Direction',#3630,1.) ;
#3660=VECTOR('Line Direction',#3659,1.) ;
#3674=VECTOR('Line Direction',#3673,1.) ;
#3811=VECTOR('Line Direction',#3810,1.) ;
#3816=VECTOR('Line Direction',#3815,1.) ;
#3886=VECTOR('Line Direction',#3885,1.) ;
#3891=VECTOR('Line Direction',#3890,1.) ;
#3917=VECTOR('Line Direction',#3916,1.) ;
#3922=VECTOR('Line Direction',#3921,1.) ;
#3983=VECTOR('Line Direction',#3982,1.) ;
#3988=VECTOR('Line Direction',#3987,1.) ;
#4014=VECTOR('Line Direction',#4013,1.) ;
#4019=VECTOR('Line Direction',#4018,1.) ;
#4080=VECTOR('Line Direction',#4079,1.) ;
#4085=VECTOR('Line Direction',#4084,1.) ;
#4111=VECTOR('Line Direction',#4110,1.) ;
#4116=VECTOR('Line Direction',#4115,1.) ;
#4177=VECTOR('Line Direction',#4176,1.) ;
#4182=VECTOR('Line Direction',#4181,1.) ;
#4208=VECTOR('Line Direction',#4207,1.) ;
#4213=VECTOR('Line Direction',#4212,1.) ;
#4274=VECTOR('Line Direction',#4273,1.) ;
#4279=VECTOR('Line Direction',#4278,1.) ;
#4305=VECTOR('Line Direction',#4304,1.) ;
#4310=VECTOR('Line Direction',#4309,1.) ;
#4376=VECTOR('Line Direction',#4375,1.) ;
#4390=VECTOR('Line Direction',#4389,1.) ;
#4433=VECTOR('Line Direction',#4432,1.) ;
#4447=VECTOR('Line Direction',#4446,1.) ;
#4490=VECTOR('Line Direction',#4489,1.) ;
#4504=VECTOR('Line Direction',#4503,1.) ;
#4606=VECTOR('Line Direction',#4605,1.) ;
#4622=VECTOR('Line Direction',#4621,1.) ;
#4790=VECTOR('Line Direction',#4789,1.) ;
#4804=VECTOR('Line Direction',#4803,1.) ;
#4861=VECTOR('Line Direction',#4860,1.) ;
#4875=VECTOR('Line Direction',#4874,1.) ;
#5008=VECTOR('Line Direction',#5007,1.) ;
#5013=VECTOR('Line Direction',#5012,1.) ;
#5039=VECTOR('Line Direction',#5038,1.) ;
#5044=VECTOR('Line Direction',#5043,1.) ;
#5070=VECTOR('Line Direction',#5069,1.) ;
#5075=VECTOR('Line Direction',#5074,1.) ;
#5101=VECTOR('Line Direction',#5100,1.) ;
#5106=VECTOR('Line Direction',#5105,1.) ;
#5132=VECTOR('Line Direction',#5131,1.) ;
#5137=VECTOR('Line Direction',#5136,1.) ;
#5248=VECTOR('Line Direction',#5247,1.) ;
#5253=VECTOR('Line Direction',#5252,1.) ;
#5416=VECTOR('Line Direction',#5415,1.) ;
#5430=VECTOR('Line Direction',#5429,1.) ;
#5563=VECTOR('Line Direction',#5562,1.) ;
#5568=VECTOR('Line Direction',#5567,1.) ;
#5632=VECTOR('Line Direction',#5631,1.) ;
#5637=VECTOR('Line Direction',#5636,1.) ;
#5663=VECTOR('Line Direction',#5662,1.) ;
#5668=VECTOR('Line Direction',#5667,1.) ;
#5732=VECTOR('Line Direction',#5731,1.) ;
#5737=VECTOR('Line Direction',#5736,1.) ;
#5763=VECTOR('Line Direction',#5762,1.) ;
#5768=VECTOR('Line Direction',#5767,1.) ;
#5832=VECTOR('Line Direction',#5831,1.) ;
#5837=VECTOR('Line Direction',#5836,1.) ;
#5863=VECTOR('Line Direction',#5862,1.) ;
#5868=VECTOR('Line Direction',#5867,1.) ;
#5932=VECTOR('Line Direction',#5931,1.) ;
#5937=VECTOR('Line Direction',#5936,1.) ;
#5963=VECTOR('Line Direction',#5962,1.) ;
#5968=VECTOR('Line Direction',#5967,1.) ;
#6032=VECTOR('Line Direction',#6031,1.) ;
#6037=VECTOR('Line Direction',#6036,1.) ;
#6063=VECTOR('Line Direction',#6062,1.) ;
#6068=VECTOR('Line Direction',#6067,1.) ;
#41=DIRECTION('Axis2P3D Direction',(0.,1.,-0.)) ;
#42=DIRECTION('Axis2P3D XDirection',(-1.,0.,0.)) ;
#46=DIRECTION('Vector Direction',(-1.,0.,0.)) ;
#55=DIRECTION('Vector Direction',(0.,0.,1.)) ;
#62=DIRECTION('Vector Direction',(-1.,0.,0.)) ;
#69=DIRECTION('Vector Direction',(0.,0.,1.)) ;
#81=DIRECTION('Axis2P3D Direction',(-1.,0.,0.)) ;
#82=DIRECTION('Axis2P3D XDirection',(0.,-1.,0.)) ;
#86=DIRECTION('Axis2P3D Direction',(-1.,0.,0.)) ;
#93=DIRECTION('Vector Direction',(-1.,0.,0.)) ;
#100=DIRECTION('Axis2P3D Direction',(-1.,0.,0.)) ;
#112=DIRECTION('Axis2P3D Direction',(0.,0.,1.)) ;
#113=DIRECTION('Axis2P3D XDirection',(1.,0.,0.)) ;
#117=DIRECTION('Vector Direction',(0.,-1.,0.)) ;
#124=DIRECTION('Vector Direction',(1.,0.,0.)) ;
#131=DIRECTION('Vector Direction',(0.,1.,0.)) ;
#143=DIRECTION('Axis2P3D Direction',(1.,0.,0.)) ;
#144=DIRECTION('Axis2P3D XDirection',(0.,1.,0.)) ;
#148=DIRECTION('Axis2P3D Direction',(1.,0.,0.)) ;
#155=DIRECTION('Axis2P3D Direction',(1.,0.,0.)) ;
#162=DIRECTION('Vector Direction',(1.,0.,0.)) ;
#174=DIRECTION('Axis2P3D Direction',(0.,-1.,0.)) ;
#175=DIRECTION('Axis2P3D XDirection',(1.,0.,0.)) ;
#179=DIRECTION('Vector Direction',(0.,0.,1.)) ;
#186=DIRECTION('Vector Direction',(1.,0.,0.)) ;
#193=DIRECTION('Vector Direction',(0.,0.,1.)) ;
#205=DIRECTION('Axis2P3D Direction',(0.,0.,-1.)) ;
#206=DIRECTION('Axis2P3D XDirection',(-1.,-4.99600361081E-016,0.)) ;
#210=DIRECTION('Vector Direction',(0.,0.,-1.)) ;
#219=DIRECTION('Axis2P3D Direction',(0.,0.,-1.)) ;
#226=DIRECTION('Vector Direction',(0.,0.,-1.)) ;
#233=DIRECTION('Axis2P3D Direction',(0.,0.,-1.)) ;
#245=DIRECTION('Axis2P3D Direction',(0.,0.,1.)) ;
#246=DIRECTION('Axis2P3D XDirection',(-1.,0.,0.)) ;
#250=DIRECTION('Axis2P3D Direction',(0.,0.,1.)) ;
#259=DIRECTION('Vector Direction',(0.,0.,1.)) ;
#266=DIRECTION('Axis2P3D Direction',(0.,0.,1.)) ;
#273=DIRECTION('Vector Direction',(0.,0.,1.)) ;
#285=DIRECTION('Axis2P3D Direction',(-0.,0.,-1.)) ;
#286=DIRECTION('Axis2P3D XDirection',(-0.801554210657,-0.597922108119,0.)) ;
#290=DIRECTION('Vector Direction',(0.,0.,-1.)) ;
#299=DIRECTION('Axis2P3D Direction',(-0.,0.,-1.)) ;
#306=DIRECTION('Vector Direction',(0.,0.,-1.)) ;
#313=DIRECTION('Axis2P3D Direction',(-0.,0.,-1.)) ;
#325=DIRECTION('Axis2P3D Direction',(0.,0.,-1.)) ;
#326=DIRECTION('Axis2P3D XDirection',(-1.,0.,0.)) ;
#330=DIRECTION('Axis2P3D Direction',(0.,0.,-1.)) ;
#339=DIRECTION('Vector Direction',(0.,0.,-1.)) ;
#346=DIRECTION('Axis2P3D Direction',(0.,0.,-1.)) ;
#353=DIRECTION('Vector Direction',(0.,0.,-1.)) ;
#365=DIRECTION('Axis2P3D Direction',(1.,0.,0.)) ;
#366=DIRECTION('Axis2P3D XDirection',(0.,1.,0.)) ;
#370=DIRECTION('Vector Direction',(1.,0.,0.)) ;
#379=DIRECTION('Axis2P3D Direction',(1.,0.,0.)) ;
#386=DIRECTION('Vector Direction',(1.,0.,0.)) ;
#393=DIRECTION('Axis2P3D Direction',(1.,0.,0.)) ;
#405=DIRECTION('Axis2P3D Direction',(0.,1.,0.)) ;
#406=DIRECTION('Axis2P3D XDirection',(0.,0.,-1.)) ;
#410=DIRECTION('Vector Direction',(-1.,0.,0.)) ;
#419=DIRECTION('Vector Direction',(0.,0.,-1.)) ;
#424=DIRECTION('Vector Direction',(0.,0.,-1.)) ;
#436=DIRECTION('Axis2P3D Direction',(0.,-1.,0.)) ;
#437=DIRECTION('Axis2P3D XDirection',(0.,0.,1.)) ;
#441=DIRECTION('Vector Direction',(0.,0.,1.)) ;
#448=DIRECTION('Vector Direction',(-1.,0.,0.)) ;
#455=DIRECTION('Vector Direction',(0.,0.,1.)) ;
#467=DIRECTION('Axis2P3D Direction',(1.,0.,0.)) ;
#468=DIRECTION('Axis2P3D XDirection',(0.,-1.,1.22464679915E-016)) ;
#472=DIRECTION('Axis2P3D Direction',(1.,0.,0.)) ;
#477=DIRECTION('Axis2P3D Direction',(1.,0.,0.)) ;
#489=DIRECTION('Axis2P3D Direction',(0.,0.,-1.)) ;
#490=DIRECTION('Axis2P3D XDirection',(0.,1.,0.)) ;
#494=DIRECTION('Vector Direction',(1.,0.,0.)) ;
#503=DIRECTION('Vector Direction',(-0.597922108119,0.801554210657,0.)) ;
#508=DIRECTION('Vector Direction',(0.,1.,0.)) ;
#513=DIRECTION('Vector Direction',(0.,1.,0.)) ;
#518=DIRECTION('Vector Direction',(0.597922108119,-0.801554210657,0.)) ;
#534=DIRECTION('Axis2P3D Direction',(-0.801554210657,0.597922108119,0.)) ;
#535=DIRECTION('Axis2P3D XDirection',(0.597922108119,0.801554210657,0.)) ;
#539=DIRECTION('Vector Direction',(0.597922108119,0.801554210657,0.)) ;
#546=DIRECTION('Vector Direction',(0.597922108119,0.801554210657,0.)) ;
#553=DIRECTION('Vector Direction',(0.0885278287189,0.1186774212,0.988978509999)) ;
#565=DIRECTION('Axis2P3D Direction',(-0.801554210657,-0.597922108119,-0.)) ;
#566=DIRECTION('Axis2P3D XDirection',(-0.597922108119,0.801554210657,0.)) ;
#570=DIRECTION('Vector Direction',(0.0885278287189,-0.1186774212,0.988978509999)) ;
#577=DIRECTION('Vector Direction',(-0.597922108119,0.801554210657,0.)) ;
#589=DIRECTION('Axis2P3D Direction',(0.801554210657,0.597922108119,0.)) ;
#590=DIRECTION('Axis2P3D XDirection',(0.597922108119,-0.801554210657,0.)) ;
#594=DIRECTION('Vector Direction',(0.0885278287189,-0.1186774212,0.988978509999)) ;
#601=DIRECTION('Vector Direction',(0.597922108119,-0.801554210657,0.)) ;
#613=DIRECTION('Vector Direction',(1.,0.,0.)) ;
#620=DIRECTION('Vector Direction',(0.,1.,0.)) ;
#625=DIRECTION('Vector Direction',(0.,1.,0.)) ;
#630=DIRECTION('Vector Direction',(-0.597922108119,-0.801554210657,0.)) ;
#646=DIRECTION('Axis2P3D Direction',(-0.,0.,1.)) ;
#647=DIRECTION('Axis2P3D XDirection',(0.,-1.,0.)) ;
#651=DIRECTION('Vector Direction',(1.,0.,0.)) ;
#656=DIRECTION('Vector Direction',(0.,-1.,0.)) ;
#661=DIRECTION('Vector Direction',(1.,0.,0.)) ;
#668=DIRECTION('Vector Direction',(-0.597922108119,-0.801554210657,0.)) ;
#673=DIRECTION('Vector Direction',(0.,-1.,0.)) ;
#693=DIRECTION('Axis2P3D Direction',(0.801554210657,-0.597922108119,0.)) ;
#694=DIRECTION('Axis2P3D XDirection',(-0.597922108119,-0.801554210657,0.)) ;
#698=DIRECTION('Vector Direction',(0.0885278287189,0.1186774212,0.988978509999)) ;
#710=DIRECTION('Axis2P3D Direction',(0.,-0.992876838487,-0.119145220618)) ;
#711=DIRECTION('Axis2P3D XDirection',(0.,0.119145220618,-0.992876838487)) ;
#722=DIRECTION('Axis2P3D Direction',(0.,-0.992876838487,0.119145220618)) ;
#723=DIRECTION('Axis2P3D XDirection',(0.,-0.119145220618,-0.992876838487)) ;
#734=DIRECTION('Axis2P3D Direction',(1.,0.,0.)) ;
#735=DIRECTION('Axis2P3D XDirection',(0.,1.,0.)) ;
#757=DIRECTION('Axis2P3D Direction',(1.,0.,0.)) ;
#766=DIRECTION('Axis2P3D Direction',(1.,0.,0.)) ;
#775=DIRECTION('Axis2P3D Direction',(1.,0.,0.)) ;
#784=DIRECTION('Axis2P3D Direction',(1.,0.,0.)) ;
#794=DIRECTION('Axis2P3D Direction',(1.,0.,0.)) ;
#795=DIRECTION('Axis2P3D XDirection',(0.,1.,0.)) ;
#817=DIRECTION('Axis2P3D Direction',(1.,0.,0.)) ;
#826=DIRECTION('Axis2P3D Direction',(1.,0.,0.)) ;
#835=DIRECTION('Axis2P3D Direction',(1.,0.,0.)) ;
#844=DIRECTION('Axis2P3D Direction',(1.,0.,0.)) ;
#854=DIRECTION('Axis2P3D Direction',(1.,0.,0.)) ;
#855=DIRECTION('Axis2P3D XDirection',(0.,1.,0.)) ;
#859=DIRECTION('Vector Direction',(1.,0.,0.)) ;
#864=DIRECTION('Vector Direction',(1.,0.,0.)) ;
#883=DIRECTION('Axis2P3D Direction',(1.,0.,0.)) ;
#884=DIRECTION('Axis2P3D XDirection',(0.,1.,0.)) ;
#888=DIRECTION('Vector Direction',(1.,0.,0.)) ;
#893=DIRECTION('Vector Direction',(1.,0.,0.)) ;
#922=DIRECTION('NONE',(1.,0.,0.)) ;
#923=DIRECTION('NONE',(0.,0.,1.)) ;
#924=DIRECTION('NONE',(1.,0.,0.)) ;
#925=DIRECTION('NONE',(0.,0.,1.)) ;
#938=DIRECTION('Axis2P3D Direction',(1.,0.,0.)) ;
#939=DIRECTION('Axis2P3D XDirection',(0.,1.,0.)) ;
#943=DIRECTION('Axis2P3D Direction',(1.,0.,0.)) ;
#952=DIRECTION('Vector Direction',(1.,0.,0.)) ;
#959=DIRECTION('Axis2P3D Direction',(1.,0.,0.)) ;
#966=DIRECTION('Vector Direction',(1.,0.,0.)) ;
#978=DIRECTION('Axis2P3D Direction',(1.,0.,0.)) ;
#979=DIRECTION('Axis2P3D XDirection',(0.,1.,0.)) ;
#983=DIRECTION('Vector Direction',(0.,0.,-1.)) ;
#992=DIRECTION('Axis2P3D Direction',(1.,0.,0.)) ;
#999=DIRECTION('Vector Direction',(0.,0.,-1.)) ;
#1006=DIRECTION('Axis2P3D Direction',(1.,0.,0.)) ;
#1017=DIRECTION('Axis2P3D Direction',(1.,0.,0.)) ;
#1026=DIRECTION('Vector Direction',(0.,0.,-1.)) ;
#1031=DIRECTION('Vector Direction',(0.,0.,1.)) ;
#1043=DIRECTION('Axis2P3D Direction',(0.,-1.,0.)) ;
#1044=DIRECTION('Axis2P3D XDirection',(0.,0.,-1.)) ;
#1048=DIRECTION('Vector Direction',(1.,0.,0.)) ;
#1055=DIRECTION('Vector Direction',(0.,0.,-1.)) ;
#1067=DIRECTION('Axis2P3D Direction',(1.,0.,0.)) ;
#1068=DIRECTION('Axis2P3D XDirection',(0.,1.,0.)) ;
#1072=DIRECTION('Vector Direction',(0.,0.,1.)) ;
#1100=DIRECTION('Vector Direction',(0.,0.,1.)) ;
#1149=DIRECTION('Vector Direction',(0.,0.,1.)) ;
#1161=DIRECTION('Axis2P3D Direction',(0.,1.,0.)) ;
#1162=DIRECTION('Axis2P3D XDirection',(0.,0.,1.)) ;
#1166=DIRECTION('Vector Direction',(-1.,0.,0.)) ;
#1178=DIRECTION('Axis2P3D Direction',(1.,0.,0.)) ;
#1179=DIRECTION('Axis2P3D XDirection',(0.,1.,0.)) ;
#1183=DIRECTION('Vector Direction',(1.,0.,0.)) ;
#1188=DIRECTION('Vector Direction',(1.,0.,0.)) ;
#1200=DIRECTION('Axis2P3D Direction',(0.,-1.,0.)) ;
#1201=DIRECTION('Axis2P3D XDirection',(0.,0.,-1.)) ;
#1205=DIRECTION('Vector Direction',(1.,0.,0.)) ;
#1217=DIRECTION('Axis2P3D Direction',(1.,0.,0.)) ;
#1218=DIRECTION('Axis2P3D XDirection',(0.,-1.,1.22464679915E-016)) ;
#1222=DIRECTION('Vector Direction',(1.,0.,0.)) ;
#1234=DIRECTION('Axis2P3D Direction',(0.,1.,0.)) ;
#1235=DIRECTION('Axis2P3D XDirection',(0.,0.,1.)) ;
#1246=DIRECTION('Axis2P3D Direction',(1.,0.,0.)) ;
#1247=DIRECTION('Axis2P3D XDirection',(0.,-1.,1.22464679915E-016)) ;
#1268=DIRECTION('NONE',(1.,0.,0.)) ;
#1269=DIRECTION('NONE',(0.,0.,1.)) ;
#1270=DIRECTION('NONE',(1.,0.,0.)) ;
#1271=DIRECTION('NONE',(0.,0.,1.)) ;
#1284=DIRECTION('Axis2P3D Direction',(1.,0.,0.)) ;
#1285=DIRECTION('Axis2P3D XDirection',(0.,-1.,5.66553889765E-016)) ;
#1289=DIRECTION('Vector Direction',(1.,0.,0.)) ;
#1298=DIRECTION('Axis2P3D Direction',(1.,0.,0.)) ;
#1305=DIRECTION('Vector Direction',(1.,0.,0.)) ;
#1312=DIRECTION('Axis2P3D Direction',(1.,0.,0.)) ;
#1324=DIRECTION('Axis2P3D Direction',(1.,0.,0.)) ;
#1331=DIRECTION('Vector Direction',(1.,0.,0.)) ;
#1338=DIRECTION('Axis2P3D Direction',(1.,0.,0.)) ;
#1350=DIRECTION('Axis2P3D Direction',(0.,-1.,0.)) ;
#1351=DIRECTION('Axis2P3D XDirection',(0.,0.,-1.)) ;
#1355=DIRECTION('Vector Direction',(0.,0.,-1.)) ;
#1362=DIRECTION('Vector Direction',(1.,0.,0.)) ;
#1369=DIRECTION('Vector Direction',(0.,0.,-1.)) ;
#1381=DIRECTION('Vector Direction',(0.,0.,1.)) ;
#1388=DIRECTION('Vector Direction',(1.,0.,0.)) ;
#1395=DIRECTION('Vector Direction',(0.,0.,1.)) ;
#1407=DIRECTION('Axis2P3D Direction',(0.,0.,-1.)) ;
#1408=DIRECTION('Axis2P3D XDirection',(0.,1.,0.)) ;
#1412=DIRECTION('Vector Direction',(0.,1.,0.)) ;
#1419=DIRECTION('Vector Direction',(1.,0.,0.)) ;
#1426=DIRECTION('Vector Direction',(0.,1.,0.)) ;
#1438=DIRECTION('Axis2P3D Direction',(1.,0.,0.)) ;
#1439=DIRECTION('Axis2P3D XDirection',(-0.,-0.979795897113,-0.2)) ;
#1443=DIRECTION('Axis2P3D Direction',(1.,0.,0.)) ;
#1450=DIRECTION('Vector Direction',(1.,0.,0.)) ;
#1457=DIRECTION('Axis2P3D Direction',(1.,0.,0.)) ;
#1469=DIRECTION('Axis2P3D Direction',(1.,0.,0.)) ;
#1476=DIRECTION('Vector Direction',(1.,0.,0.)) ;
#1483=DIRECTION('Axis2P3D Direction',(1.,0.,0.)) ;
#1495=DIRECTION('Axis2P3D Direction',(1.,0.,0.)) ;
#1496=DIRECTION('Axis2P3D XDirection',(0.,1.,6.39488462184E-016)) ;
#1500=DIRECTION('Axis2P3D Direction',(1.,0.,0.)) ;
#1507=DIRECTION('Vector Direction',(1.,0.,0.)) ;
#1514=DIRECTION('Axis2P3D Direction',(1.,0.,0.)) ;
#1526=DIRECTION('Axis2P3D Direction',(0.,0.,-1.)) ;
#1527=DIRECTION('Axis2P3D XDirection',(0.,1.,0.)) ;
#1531=DIRECTION('Vector Direction',(0.,1.,0.)) ;
#1538=DIRECTION('Vector Direction',(1.,0.,0.)) ;
#1545=DIRECTION('Vector Direction',(0.,1.,0.)) ;
#1557=DIRECTION('Axis2P3D Direction',(1.,0.,0.)) ;
#1558=DIRECTION('Axis2P3D XDirection',(0.,-6.04901474818E-016,1.)) ;
#1562=DIRECTION('Axis2P3D Direction',(1.,0.,0.)) ;
#1569=DIRECTION('Vector Direction',(1.,0.,0.)) ;
#1576=DIRECTION('Axis2P3D Direction',(1.,0.,0.)) ;
#1588=DIRECTION('Axis2P3D Direction',(0.,1.,0.)) ;
#1589=DIRECTION('Axis2P3D XDirection',(0.,0.,1.)) ;
#1593=DIRECTION('Vector Direction',(0.,0.,1.)) ;
#1598=DIRECTION('Vector Direction',(0.,0.,1.)) ;
#1610=DIRECTION('Axis2P3D Direction',(1.,0.,0.)) ;
#1611=DIRECTION('Axis2P3D XDirection',(0.,1.,0.)) ;
#1615=DIRECTION('Axis2P3D Direction',(1.,0.,0.)) ;
#1624=DIRECTION('Vector Direction',(1.,0.,0.)) ;
#1631=DIRECTION('Axis2P3D Direction',(1.,0.,0.)) ;
#1638=DIRECTION('Vector Direction',(1.,0.,0.)) ;
#1650=DIRECTION('Axis2P3D Direction',(1.,0.,0.)) ;
#1655=DIRECTION('Axis2P3D Direction',(1.,0.,0.)) ;
#1667=DIRECTION('Axis2P3D Direction',(1.,0.,0.)) ;
#1668=DIRECTION('Axis2P3D XDirection',(0.,1.,0.)) ;
#1672=DIRECTION('Axis2P3D Direction',(1.,0.,0.)) ;
#1681=DIRECTION('Vector Direction',(1.,0.,0.)) ;
#1688=DIRECTION('Axis2P3D Direction',(1.,0.,0.)) ;
#1695=DIRECTION('Vector Direction',(1.,0.,0.)) ;
#1707=DIRECTION('Axis2P3D Direction',(1.,0.,0.)) ;
#1712=DIRECTION('Axis2P3D Direction',(1.,0.,0.)) ;
#1724=DIRECTION('Axis2P3D Direction',(1.,0.,0.)) ;
#1725=DIRECTION('Axis2P3D XDirection',(0.,1.,0.)) ;
#1729=DIRECTION('Axis2P3D Direction',(1.,0.,0.)) ;
#1738=DIRECTION('Vector Direction',(1.,0.,0.)) ;
#1745=DIRECTION('Axis2P3D Direction',(1.,0.,0.)) ;
#1752=DIRECTION('Vector Direction',(1.,0.,0.)) ;
#1764=DIRECTION('Axis2P3D Direction',(1.,0.,0.)) ;
#1769=DIRECTION('Axis2P3D Direction',(1.,0.,0.)) ;
#1781=DIRECTION('Axis2P3D Direction',(1.,0.,0.)) ;
#1782=DIRECTION('Axis2P3D XDirection',(0.,1.,0.)) ;
#1811=DIRECTION('Axis2P3D Direction',(1.,0.,0.)) ;
#1820=DIRECTION('Axis2P3D Direction',(1.,0.,0.)) ;
#1829=DIRECTION('Axis2P3D Direction',(1.,0.,0.)) ;
#1838=DIRECTION('Axis2P3D Direction',(1.,0.,0.)) ;
#1847=DIRECTION('Axis2P3D Direction',(1.,0.,0.)) ;
#1856=DIRECTION('Axis2P3D Direction',(1.,0.,0.)) ;
#1865=DIRECTION('Axis2P3D Direction',(1.,0.,0.)) ;
#1874=DIRECTION('Axis2P3D Direction',(1.,0.,0.)) ;
#1883=DIRECTION('Axis2P3D Direction',(1.,0.,0.)) ;
#1892=DIRECTION('Axis2P3D Direction',(1.,0.,0.)) ;
#1901=DIRECTION('Axis2P3D Direction',(1.,0.,0.)) ;
#1910=DIRECTION('Axis2P3D Direction',(1.,0.,0.)) ;
#1920=DIRECTION('Axis2P3D Direction',(1.,0.,0.)) ;
#1921=DIRECTION('Axis2P3D XDirection',(0.,1.,0.)) ;
#1950=DIRECTION('Axis2P3D Direction',(1.,0.,0.)) ;
#1959=DIRECTION('Axis2P3D Direction',(1.,0.,0.)) ;
#1968=DIRECTION('Axis2P3D Direction',(1.,0.,0.)) ;
#1977=DIRECTION('Axis2P3D Direction',(1.,0.,0.)) ;
#1986=DIRECTION('Axis2P3D Direction',(1.,0.,0.)) ;
#1995=DIRECTION('Axis2P3D Direction',(1.,0.,0.)) ;
#2004=DIRECTION('Axis2P3D Direction',(1.,0.,0.)) ;
#2013=DIRECTION('Axis2P3D Direction',(1.,0.,0.)) ;
#2022=DIRECTION('Axis2P3D Direction',(1.,0.,0.)) ;
#2031=DIRECTION('Axis2P3D Direction',(1.,0.,0.)) ;
#2040=DIRECTION('Axis2P3D Direction',(1.,0.,0.)) ;
#2049=DIRECTION('Axis2P3D Direction',(1.,0.,0.)) ;
#2059=DIRECTION('Axis2P3D Direction',(1.,0.,0.)) ;
#2060=DIRECTION('Axis2P3D XDirection',(0.,-1.,5.66553889765E-016)) ;
#2064=DIRECTION('Vector Direction',(1.,0.,0.)) ;
#2069=DIRECTION('Vector Direction',(1.,0.,0.)) ;
#2088=DIRECTION('Axis2P3D Direction',(1.,0.,0.)) ;
#2089=DIRECTION('Axis2P3D XDirection',(0.,0.5,0.866025403784)) ;
#2093=DIRECTION('Vector Direction',(1.,0.,0.)) ;
#2098=DIRECTION('Vector Direction',(1.,0.,0.)) ;
#2117=DIRECTION('Axis2P3D Direction',(1.,0.,0.)) ;
#2118=DIRECTION('Axis2P3D XDirection',(0.,0.5,-0.866025403784)) ;
#2122=DIRECTION('Vector Direction',(1.,0.,0.)) ;
#2127=DIRECTION('Vector Direction',(1.,0.,0.)) ;
#2146=DIRECTION('Axis2P3D Direction',(1.,0.,0.)) ;
#2147=DIRECTION('Axis2P3D XDirection',(0.,-0.5,0.866025403784)) ;
#2151=DIRECTION('Vector Direction',(1.,0.,0.)) ;
#2156=DIRECTION('Vector Direction',(1.,0.,0.)) ;
#2175=DIRECTION('Axis2P3D Direction',(1.,0.,0.)) ;
#2176=DIRECTION('Axis2P3D XDirection',(-0.,-0.5,-0.866025403784)) ;
#2180=DIRECTION('Vector Direction',(1.,0.,0.)) ;
#2185=DIRECTION('Vector Direction',(1.,0.,0.)) ;
#2204=DIRECTION('Axis2P3D Direction',(1.,0.,0.)) ;
#2205=DIRECTION('Axis2P3D XDirection',(0.,1.,0.)) ;
#2209=DIRECTION('Vector Direction',(1.,0.,0.)) ;
#2214=DIRECTION('Vector Direction',(1.,0.,0.)) ;
#2243=DIRECTION('NONE',(1.,0.,0.)) ;
#2244=DIRECTION('NONE',(0.,0.,1.)) ;
#2245=DIRECTION('NONE',(1.,0.,0.)) ;
#2246=DIRECTION('NONE',(0.,-1.01506105109E-016,1.)) ;
#2259=DIRECTION('Axis2P3D Direction',(0.,-1.,0.)) ;
#2260=DIRECTION('Axis2P3D XDirection',(1.,0.,0.)) ;
#2264=DIRECTION('Axis2P3D Direction',(0.,-1.,0.)) ;
#2273=DIRECTION('Axis2P3D Direction',(0.,-1.,0.)) ;
#2282=DIRECTION('Axis2P3D Direction',(0.,-1.,0.)) ;
#2291=DIRECTION('Axis2P3D Direction',(0.,-1.,0.)) ;
#2301=DIRECTION('Axis2P3D Direction',(0.,-1.,-0.)) ;
#2302=DIRECTION('Axis2P3D XDirection',(1.,0.,0.)) ;
#2306=DIRECTION('Axis2P3D Direction',(0.,-1.,-0.)) ;
#2315=DIRECTION('Vector Direction',(0.,-1.,0.)) ;
#2320=DIRECTION('Vector Direction',(0.,-1.,0.)) ;
#2332=DIRECTION('Axis2P3D Direction',(0.,-1.,-0.)) ;
#2344=DIRECTION('Axis2P3D Direction',(-0.,1.,0.)) ;
#2345=DIRECTION('Axis2P3D XDirection',(1.,0.,0.)) ;
#2349=DIRECTION('Axis2P3D Direction',(-0.,1.,0.)) ;
#2358=DIRECTION('Axis2P3D Direction',(-0.,1.,0.)) ;
#2367=DIRECTION('Axis2P3D Direction',(-0.,1.,0.)) ;
#2376=DIRECTION('Axis2P3D Direction',(-0.,1.,0.)) ;
#2385=DIRECTION('Axis2P3D Direction',(-0.,1.,0.)) ;
#2394=DIRECTION('Axis2P3D Direction',(-0.,1.,0.)) ;
#2403=DIRECTION('Axis2P3D Direction',(-0.,1.,0.)) ;
#2412=DIRECTION('Axis2P3D Direction',(-0.,1.,0.)) ;
#2421=DIRECTION('Axis2P3D Direction',(-0.,1.,0.)) ;
#2430=DIRECTION('Axis2P3D Direction',(-0.,1.,0.)) ;
#2439=DIRECTION('Axis2P3D Direction',(-0.,1.,0.)) ;
#2448=DIRECTION('Axis2P3D Direction',(-0.,1.,0.)) ;
#2457=DIRECTION('Axis2P3D Direction',(-0.,1.,0.)) ;
#2466=DIRECTION('Axis2P3D Direction',(-0.,1.,0.)) ;
#2476=DIRECTION('Axis2P3D Direction',(0.,1.,0.)) ;
#2477=DIRECTION('Axis2P3D XDirection',(0.479425538604,-0.,0.87758256189)) ;
#2481=DIRECTION('Vector Direction',(0.,1.,0.)) ;
#2488=DIRECTION('Axis2P3D Direction',(0.,1.,0.)) ;
#2495=DIRECTION('Vector Direction',(0.,1.,0.)) ;
#2507=DIRECTION('Axis2P3D Direction',(0.,1.,0.)) ;
#2519=DIRECTION('Axis2P3D Direction',(-0.,1.,0.)) ;
#2520=DIRECTION('Axis2P3D XDirection',(1.,0.,0.)) ;
#2528=DIRECTION('Axis2P3D Direction',(-0.,1.,0.)) ;
#2537=DIRECTION('Axis2P3D Direction',(-0.,1.,0.)) ;
#2547=DIRECTION('Axis2P3D Direction',(0.,1.,0.)) ;
#2548=DIRECTION('Axis2P3D XDirection',(0.479425538604,-0.,0.87758256189)) ;
#2552=DIRECTION('Vector Direction',(0.,1.,0.)) ;
#2559=DIRECTION('Axis2P3D Direction',(0.,1.,0.)) ;
#2566=DIRECTION('Vector Direction',(0.,1.,0.)) ;
#2578=DIRECTION('Axis2P3D Direction',(0.,1.,0.)) ;
#2590=DIRECTION('Axis2P3D Direction',(-0.,1.,0.)) ;
#2591=DIRECTION('Axis2P3D XDirection',(1.,0.,0.)) ;
#2595=DIRECTION('Axis2P3D Direction',(-0.,1.,0.)) ;
#2604=DIRECTION('Axis2P3D Direction',(-0.,1.,0.)) ;
#2618=DIRECTION('Vector Direction',(0.,1.,0.)) ;
#2625=DIRECTION('Axis2P3D Direction',(0.,1.,0.)) ;
#2632=DIRECTION('Vector Direction',(0.,1.,0.)) ;
#2644=DIRECTION('Axis2P3D Direction',(0.,1.,0.)) ;
#2656=DIRECTION('Axis2P3D Direction',(-0.,1.,0.)) ;
#2657=DIRECTION('Axis2P3D XDirection',(1.,0.,0.)) ;
#2665=DIRECTION('Axis2P3D Direction',(-0.,1.,0.)) ;
#2674=DIRECTION('Axis2P3D Direction',(-0.,1.,0.)) ;
#2684=DIRECTION('Axis2P3D Direction',(0.,1.,0.)) ;
#2685=DIRECTION('Axis2P3D XDirection',(0.479425538604,-0.,0.87758256189)) ;
#2689=DIRECTION('Vector Direction',(0.,1.,0.)) ;
#2696=DIRECTION('Axis2P3D Direction',(0.,1.,0.)) ;
#2703=DIRECTION('Vector Direction',(0.,1.,0.)) ;
#2715=DIRECTION('Axis2P3D Direction',(0.,1.,0.)) ;
#2727=DIRECTION('Axis2P3D Direction',(-0.,1.,0.)) ;
#2728=DIRECTION('Axis2P3D XDirection',(1.,0.,0.)) ;
#2736=DIRECTION('Axis2P3D Direction',(-0.,1.,0.)) ;
#2745=DIRECTION('Axis2P3D Direction',(-0.,1.,0.)) ;
#2754=DIRECTION('Axis2P3D Direction',(-0.,1.,0.)) ;
#2763=DIRECTION('Axis2P3D Direction',(-0.,1.,0.)) ;
#2776=DIRECTION('Axis2P3D Direction',(-0.,1.,0.)) ;
#2785=DIRECTION('Axis2P3D Direction',(-0.,1.,0.)) ;
#2794=DIRECTION('Axis2P3D Direction',(-0.,1.,0.)) ;
#2803=DIRECTION('Axis2P3D Direction',(-0.,1.,0.)) ;
#2812=DIRECTION('Axis2P3D Direction',(-0.,1.,0.)) ;
#2821=DIRECTION('Axis2P3D Direction',(-0.,1.,0.)) ;
#2831=DIRECTION('Axis2P3D Direction',(0.,-1.,-0.)) ;
#2832=DIRECTION('Axis2P3D XDirection',(1.,0.,0.)) ;
#2836=DIRECTION('Vector Direction',(0.,-1.,0.)) ;
#2841=DIRECTION('Vector Direction',(0.,-1.,0.)) ;
#2860=DIRECTION('Axis2P3D Direction',(0.,-1.,0.)) ;
#2869=DIRECTION('Axis2P3D Direction',(0.,-1.,0.)) ;
#2878=DIRECTION('Axis2P3D Direction',(0.,-1.,0.)) ;
#2887=DIRECTION('Axis2P3D Direction',(0.,-1.,0.)) ;
#2897=DIRECTION('Axis2P3D Direction',(0.,-1.,0.)) ;
#2898=DIRECTION('Axis2P3D XDirection',(0.5,0.,0.866025403784)) ;
#2902=DIRECTION('Vector Direction',(0.,-1.,0.)) ;
#2907=DIRECTION('Vector Direction',(0.,-1.,0.)) ;
#2926=DIRECTION('Axis2P3D Direction',(0.,-1.,0.)) ;
#2927=DIRECTION('Axis2P3D XDirection',(0.5,0.,0.866025403784)) ;
#2931=DIRECTION('Vector Direction',(0.,-1.,0.)) ;
#2936=DIRECTION('Vector Direction',(0.,-1.,0.)) ;
#2955=DIRECTION('Axis2P3D Direction',(0.,-1.,0.)) ;
#2964=DIRECTION('Axis2P3D Direction',(0.,-1.,0.)) ;
#2973=DIRECTION('Axis2P3D Direction',(0.,-1.,0.)) ;
#2982=DIRECTION('Axis2P3D Direction',(0.,-1.,0.)) ;
#2992=DIRECTION('Axis2P3D Direction',(0.,-1.,0.)) ;
#2993=DIRECTION('Axis2P3D XDirection',(0.5,0.,-0.866025403784)) ;
#2997=DIRECTION('Vector Direction',(0.,-1.,0.)) ;
#3002=DIRECTION('Vector Direction',(0.,-1.,0.)) ;
#3021=DIRECTION('Axis2P3D Direction',(0.,-1.,0.)) ;
#3022=DIRECTION('Axis2P3D XDirection',(0.5,0.,-0.866025403784)) ;
#3026=DIRECTION('Vector Direction',(0.,-1.,0.)) ;
#3031=DIRECTION('Vector Direction',(0.,-1.,0.)) ;
#3050=DIRECTION('Axis2P3D Direction',(0.,-1.,0.)) ;
#3059=DIRECTION('Axis2P3D Direction',(0.,-1.,0.)) ;
#3068=DIRECTION('Axis2P3D Direction',(0.,-1.,0.)) ;
#3077=DIRECTION('Axis2P3D Direction',(0.,-1.,0.)) ;
#3087=DIRECTION('Axis2P3D Direction',(0.,-1.,-0.)) ;
#3088=DIRECTION('Axis2P3D XDirection',(-0.5,0.,-0.866025403784)) ;
#3092=DIRECTION('Vector Direction',(0.,-1.,0.)) ;
#3097=DIRECTION('Vector Direction',(0.,-1.,0.)) ;
#3116=DIRECTION('Axis2P3D Direction',(0.,-1.,-0.)) ;
#3117=DIRECTION('Axis2P3D XDirection',(-0.5,0.,-0.866025403784)) ;
#3121=DIRECTION('Vector Direction',(0.,-1.,0.)) ;
#3126=DIRECTION('Vector Direction',(0.,-1.,0.)) ;
#3145=DIRECTION('Axis2P3D Direction',(0.,-1.,0.)) ;
#3154=DIRECTION('Axis2P3D Direction',(0.,-1.,0.)) ;
#3163=DIRECTION('Axis2P3D Direction',(0.,-1.,0.)) ;
#3172=DIRECTION('Axis2P3D Direction',(0.,-1.,0.)) ;
#3182=DIRECTION('Axis2P3D Direction',(0.,-1.,-0.)) ;
#3183=DIRECTION('Axis2P3D XDirection',(-1.,0.,-1.66533453694E-016)) ;
#3187=DIRECTION('Vector Direction',(0.,-1.,0.)) ;
#3192=DIRECTION('Vector Direction',(0.,-1.,0.)) ;
#3211=DIRECTION('Axis2P3D Direction',(0.,-1.,-0.)) ;
#3212=DIRECTION('Axis2P3D XDirection',(-1.,0.,-1.66533453694E-016)) ;
#3216=DIRECTION('Vector Direction',(0.,-1.,0.)) ;
#3221=DIRECTION('Vector Direction',(0.,-1.,0.)) ;
#3240=DIRECTION('Axis2P3D Direction',(0.,-1.,0.)) ;
#3249=DIRECTION('Axis2P3D Direction',(0.,-1.,0.)) ;
#3258=DIRECTION('Axis2P3D Direction',(0.,-1.,0.)) ;
#3267=DIRECTION('Axis2P3D Direction',(0.,-1.,0.)) ;
#3277=DIRECTION('Axis2P3D Direction',(-0.,-1.,0.)) ;
#3278=DIRECTION('Axis2P3D XDirection',(-0.5,0.,0.866025403784)) ;
#3282=DIRECTION('Vector Direction',(0.,-1.,0.)) ;
#3287=DIRECTION('Vector Direction',(0.,-1.,0.)) ;
#3306=DIRECTION('Axis2P3D Direction',(-0.,-1.,0.)) ;
#3307=DIRECTION('Axis2P3D XDirection',(-0.5,0.,0.866025403784)) ;
#3311=DIRECTION('Vector Direction',(0.,-1.,0.)) ;
#3316=DIRECTION('Vector Direction',(0.,-1.,0.)) ;
#3345=DIRECTION('NONE',(1.,0.,0.)) ;
#3346=DIRECTION('NONE',(0.,0.,1.)) ;
#3347=DIRECTION('NONE',(5.8332395443E-018,0.420329207009,0.90737167563)) ;
#3348=DIRECTION('NONE',(-1.25923115772E-017,-0.90737167563,0.420329207009)) ;
#3376=DIRECTION('Axis2P3D Direction',(0.,0.,-1.)) ;
#3377=DIRECTION('Axis2P3D XDirection',(1.,0.,0.)) ;
#3381=DIRECTION('Axis2P3D Direction',(0.,0.,-1.)) ;
#3390=DIRECTION('Axis2P3D Direction',(0.,0.,-1.)) ;
#3399=DIRECTION('Axis2P3D Direction',(0.,0.,-1.)) ;
#3408=DIRECTION('Axis2P3D Direction',(0.,0.,-1.)) ;
#3418=DIRECTION('Axis2P3D Direction',(0.,-0.,-1.)) ;
#3419=DIRECTION('Axis2P3D XDirection',(1.,0.,0.)) ;
#3423=DIRECTION('Axis2P3D Direction',(0.,-0.,-1.)) ;
#3432=DIRECTION('Vector Direction',(0.,0.,-1.)) ;
#3437=DIRECTION('Vector Direction',(0.,0.,-1.)) ;
#3449=DIRECTION('Axis2P3D Direction',(0.,-0.,-1.)) ;
#3461=DIRECTION('Axis2P3D Direction',(0.,0.,1.)) ;
#3462=DIRECTION('Axis2P3D XDirection',(1.,0.,0.)) ;
#3466=DIRECTION('Axis2P3D Direction',(0.,0.,1.)) ;
#3475=DIRECTION('Axis2P3D Direction',(0.,0.,1.)) ;
#3484=DIRECTION('Axis2P3D Direction',(0.,0.,1.)) ;
#3493=DIRECTION('Axis2P3D Direction',(0.,0.,1.)) ;
#3502=DIRECTION('Axis2P3D Direction',(0.,0.,1.)) ;
#3511=DIRECTION('Axis2P3D Direction',(0.,0.,1.)) ;
#3520=DIRECTION('Axis2P3D Direction',(0.,0.,1.)) ;
#3529=DIRECTION('Axis2P3D Direction',(0.,0.,1.)) ;
#3538=DIRECTION('Axis2P3D Direction',(0.,0.,1.)) ;
#3547=DIRECTION('Axis2P3D Direction',(0.,0.,1.)) ;
#3556=DIRECTION('Axis2P3D Direction',(0.,0.,1.)) ;
#3565=DIRECTION('Axis2P3D Direction',(0.,0.,1.)) ;
#3574=DIRECTION('Axis2P3D Direction',(0.,0.,1.)) ;
#3583=DIRECTION('Axis2P3D Direction',(0.,0.,1.)) ;
#3592=DIRECTION('Axis2P3D Direction',(0.,0.,1.)) ;
#3601=DIRECTION('Axis2P3D Direction',(0.,0.,1.)) ;
#3611=DIRECTION('Axis2P3D Direction',(0.,0.,1.)) ;
#3612=DIRECTION('Axis2P3D XDirection',(1.,0.,0.)) ;
#3616=DIRECTION('Vector Direction',(0.,0.,1.)) ;
#3623=DIRECTION('Axis2P3D Direction',(0.,0.,1.)) ;
#3630=DIRECTION('Vector Direction',(0.,0.,1.)) ;
#3642=DIRECTION('Axis2P3D Direction',(0.,0.,1.)) ;
#3654=DIRECTION('Axis2P3D Direction',(0.,0.,1.)) ;
#3655=DIRECTION('Axis2P3D XDirection',(1.,0.,0.)) ;
#3659=DIRECTION('Vector Direction',(0.,0.,1.)) ;
#3666=DIRECTION('Axis2P3D Direction',(0.,0.,1.)) ;
#3673=DIRECTION('Vector Direction',(0.,0.,1.)) ;
#3685=DIRECTION('Axis2P3D Direction',(0.,0.,1.)) ;
#3697=DIRECTION('Axis2P3D Direction',(0.,0.,1.)) ;
#3698=DIRECTION('Axis2P3D XDirection',(1.,0.,0.)) ;
#3706=DIRECTION('Axis2P3D Direction',(0.,0.,1.)) ;
#3715=DIRECTION('Axis2P3D Direction',(0.,0.,1.)) ;
#3732=DIRECTION('Axis2P3D Direction',(0.,0.,1.)) ;
#3741=DIRECTION('Axis2P3D Direction',(0.,0.,1.)) ;
#3750=DIRECTION('Axis2P3D Direction',(0.,0.,1.)) ;
#3759=DIRECTION('Axis2P3D Direction',(0.,0.,1.)) ;
#3768=DIRECTION('Axis2P3D Direction',(0.,0.,1.)) ;
#3777=DIRECTION('Axis2P3D Direction',(0.,0.,1.)) ;
#3786=DIRECTION('Axis2P3D Direction',(0.,0.,1.)) ;
#3795=DIRECTION('Axis2P3D Direction',(0.,0.,1.)) ;
#3805=DIRECTION('Axis2P3D Direction',(0.,-0.,-1.)) ;
#3806=DIRECTION('Axis2P3D XDirection',(1.,0.,0.)) ;
#3810=DIRECTION('Vector Direction',(0.,0.,-1.)) ;
#3815=DIRECTION('Vector Direction',(0.,0.,-1.)) ;
#3843=DIRECTION('Axis2P3D Direction',(0.,0.,-1.)) ;
#3852=DIRECTION('Axis2P3D Direction',(0.,0.,-1.)) ;
#3861=DIRECTION('Axis2P3D Direction',(0.,0.,-1.)) ;
#3870=DIRECTION('Axis2P3D Direction',(0.,0.,-1.)) ;
#3880=DIRECTION('Axis2P3D Direction',(0.,0.,-1.)) ;
#3881=DIRECTION('Axis2P3D XDirection',(0.5,0.866025403784,0.)) ;
#3885=DIRECTION('Vector Direction',(0.,0.,-1.)) ;
#3890=DIRECTION('Vector Direction',(0.,0.,-1.)) ;
#3911=DIRECTION('Axis2P3D Direction',(0.,0.,-1.)) ;
#3912=DIRECTION('Axis2P3D XDirection',(0.5,0.866025403784,0.)) ;
#3916=DIRECTION('Vector Direction',(0.,0.,-1.)) ;
#3921=DIRECTION('Vector Direction',(0.,0.,-1.)) ;
#3940=DIRECTION('Axis2P3D Direction',(0.,0.,-1.)) ;
#3949=DIRECTION('Axis2P3D Direction',(0.,0.,-1.)) ;
#3958=DIRECTION('Axis2P3D Direction',(0.,0.,-1.)) ;
#3967=DIRECTION('Axis2P3D Direction',(0.,0.,-1.)) ;
#3977=DIRECTION('Axis2P3D Direction',(0.,0.,-1.)) ;
#3978=DIRECTION('Axis2P3D XDirection',(-0.5,0.866025403784,0.)) ;
#3982=DIRECTION('Vector Direction',(0.,0.,-1.)) ;
#3987=DIRECTION('Vector Direction',(0.,0.,-1.)) ;
#4008=DIRECTION('Axis2P3D Direction',(0.,0.,-1.)) ;
#4009=DIRECTION('Axis2P3D XDirection',(-0.5,0.866025403784,0.)) ;
#4013=DIRECTION('Vector Direction',(0.,0.,-1.)) ;
#4018=DIRECTION('Vector Direction',(0.,0.,-1.)) ;
#4037=DIRECTION('Axis2P3D Direction',(0.,0.,-1.)) ;
#4046=DIRECTION('Axis2P3D Direction',(0.,0.,-1.)) ;
#4055=DIRECTION('Axis2P3D Direction',(0.,0.,-1.)) ;
#4064=DIRECTION('Axis2P3D Direction',(0.,0.,-1.)) ;
#4074=DIRECTION('Axis2P3D Direction',(0.,0.,-1.)) ;
#4075=DIRECTION('Axis2P3D XDirection',(-1.,1.66533453694E-016,0.)) ;
#4079=DIRECTION('Vector Direction',(0.,0.,-1.)) ;
#4084=DIRECTION('Vector Direction',(0.,0.,-1.)) ;
#4105=DIRECTION('Axis2P3D Direction',(0.,0.,-1.)) ;
#4106=DIRECTION('Axis2P3D XDirection',(-1.,1.66533453694E-016,0.)) ;
#4110=DIRECTION('Vector Direction',(0.,0.,-1.)) ;
#4115=DIRECTION('Vector Direction',(0.,0.,-1.)) ;
#4134=DIRECTION('Axis2P3D Direction',(0.,0.,-1.)) ;
#4143=DIRECTION('Axis2P3D Direction',(0.,0.,-1.)) ;
#4152=DIRECTION('Axis2P3D Direction',(0.,0.,-1.)) ;
#4161=DIRECTION('Axis2P3D Direction',(0.,0.,-1.)) ;
#4171=DIRECTION('Axis2P3D Direction',(-0.,0.,-1.)) ;
#4172=DIRECTION('Axis2P3D XDirection',(-0.5,-0.866025403784,0.)) ;
#4176=DIRECTION('Vector Direction',(0.,0.,-1.)) ;
#4181=DIRECTION('Vector Direction',(0.,0.,-1.)) ;
#4202=DIRECTION('Axis2P3D Direction',(-0.,0.,-1.)) ;
#4203=DIRECTION('Axis2P3D XDirection',(-0.5,-0.866025403784,0.)) ;
#4207=DIRECTION('Vector Direction',(0.,0.,-1.)) ;
#4212=DIRECTION('Vector Direction',(0.,0.,-1.)) ;
#4231=DIRECTION('Axis2P3D Direction',(0.,0.,-1.)) ;
#4240=DIRECTION('Axis2P3D Direction',(0.,0.,-1.)) ;
#4249=DIRECTION('Axis2P3D Direction',(0.,0.,-1.)) ;
#4258=DIRECTION('Axis2P3D Direction',(0.,0.,-1.)) ;
#4268=DIRECTION('Axis2P3D Direction',(0.,-0.,-1.)) ;
#4269=DIRECTION('Axis2P3D XDirection',(0.5,-0.866025403784,0.)) ;
#4273=DIRECTION('Vector Direction',(0.,0.,-1.)) ;
#4278=DIRECTION('Vector Direction',(0.,0.,-1.)) ;
#4299=DIRECTION('Axis2P3D Direction',(0.,-0.,-1.)) ;
#4300=DIRECTION('Axis2P3D XDirection',(0.5,-0.866025403784,0.)) ;
#4304=DIRECTION('Vector Direction',(0.,0.,-1.)) ;
#4309=DIRECTION('Vector Direction',(0.,0.,-1.)) ;
#4338=DIRECTION('NONE',(1.,0.,0.)) ;
#4339=DIRECTION('NONE',(0.,0.,1.)) ;
#4340=DIRECTION('NONE',(1.,0.,0.)) ;
#4341=DIRECTION('NONE',(0.,0.,1.)) ;
#4361=DIRECTION('Axis2P3D Direction',(0.,1.,0.)) ;
#4362=DIRECTION('Axis2P3D XDirection',(-1.83697019872E-016,0.,1.)) ;
#4366=DIRECTION('Axis2P3D Direction',(0.,1.,0.)) ;
#4375=DIRECTION('Vector Direction',(0.,1.,0.)) ;
#4382=DIRECTION('Axis2P3D Direction',(0.,1.,0.)) ;
#4389=DIRECTION('Vector Direction',(0.,1.,0.)) ;
#4401=DIRECTION('Axis2P3D Direction',(0.,1.,0.)) ;
#4406=DIRECTION('Axis2P3D Direction',(0.,1.,0.)) ;
#4418=DIRECTION('Axis2P3D Direction',(0.,1.,0.)) ;
#4419=DIRECTION('Axis2P3D XDirection',(-1.83697019872E-016,0.,1.)) ;
#4423=DIRECTION('Axis2P3D Direction',(0.,1.,0.)) ;
#4432=DIRECTION('Vector Direction',(0.,1.,0.)) ;
#4439=DIRECTION('Axis2P3D Direction',(0.,1.,0.)) ;
#4446=DIRECTION('Vector Direction',(0.,1.,0.)) ;
#4458=DIRECTION('Axis2P3D Direction',(0.,1.,0.)) ;
#4463=DIRECTION('Axis2P3D Direction',(0.,1.,0.)) ;
#4475=DIRECTION('Axis2P3D Direction',(0.,1.,0.)) ;
#4476=DIRECTION('Axis2P3D XDirection',(7.04481399828E-016,-0.,1.)) ;
#4480=DIRECTION('Axis2P3D Direction',(0.,1.,0.)) ;
#4489=DIRECTION('Vector Direction',(0.,1.,0.)) ;
#4496=DIRECTION('Axis2P3D Direction',(0.,1.,0.)) ;
#4503=DIRECTION('Vector Direction',(0.,1.,0.)) ;
#4515=DIRECTION('Axis2P3D Direction',(0.,1.,0.)) ;
#4520=DIRECTION('Axis2P3D Direction',(0.,1.,0.)) ;
#4532=DIRECTION('Axis2P3D Direction',(-0.,1.,0.)) ;
#4533=DIRECTION('Axis2P3D XDirection',(1.,0.,0.)) ;
#4546=DIRECTION('Axis2P3D Direction',(-0.,1.,0.)) ;
#4547=DIRECTION('Axis2P3D XDirection',(1.,0.,0.)) ;
#4560=DIRECTION('Axis2P3D Direction',(-0.,1.,0.)) ;
#4561=DIRECTION('Axis2P3D XDirection',(1.,0.,0.)) ;
#4584=DIRECTION('NONE',(1.,0.,0.)) ;
#4585=DIRECTION('NONE',(0.,0.,1.)) ;
#4586=DIRECTION('NONE',(1.,0.,0.)) ;
#4587=DIRECTION('NONE',(0.,1.,0.)) ;
#4600=DIRECTION('Axis2P3D Direction',(0.,-0.,-1.)) ;
#4601=DIRECTION('Axis2P3D XDirection',(1.,0.,0.)) ;
#4605=DIRECTION('Vector Direction',(0.,0.,-1.)) ;
#4614=DIRECTION('Axis2P3D Direction',(0.,-0.,-1.)) ;
#4621=DIRECTION('Vector Direction',(0.,0.,-1.)) ;
#4628=DIRECTION('Axis2P3D Direction',(0.,-0.,-1.)) ;
#4648=DIRECTION('Axis2P3D Direction',(0.,0.,1.)) ;
#4649=DIRECTION('Axis2P3D XDirection',(1.,0.,0.)) ;
#4653=DIRECTION('Axis2P3D Direction',(0.,0.,1.)) ;
#4662=DIRECTION('Axis2P3D Direction',(0.,0.,1.)) ;
#4671=DIRECTION('Axis2P3D Direction',(0.,0.,1.)) ;
#4680=DIRECTION('Axis2P3D Direction',(0.,0.,1.)) ;
#4689=DIRECTION('Axis2P3D Direction',(0.,0.,1.)) ;
#4698=DIRECTION('Axis2P3D Direction',(0.,0.,1.)) ;
#4707=DIRECTION('Axis2P3D Direction',(0.,0.,1.)) ;
#4716=DIRECTION('Axis2P3D Direction',(0.,0.,1.)) ;
#4725=DIRECTION('Axis2P3D Direction',(0.,0.,1.)) ;
#4734=DIRECTION('Axis2P3D Direction',(0.,0.,1.)) ;
#4743=DIRECTION('Axis2P3D Direction',(0.,0.,1.)) ;
#4752=DIRECTION('Axis2P3D Direction',(0.,0.,1.)) ;
#4761=DIRECTION('Axis2P3D Direction',(0.,0.,1.)) ;
#4771=DIRECTION('Axis2P3D Direction',(0.,-0.,-1.)) ;
#4784=DIRECTION('Axis2P3D Direction',(0.,0.,1.)) ;
#4785=DIRECTION('Axis2P3D XDirection',(1.,0.,0.)) ;
#4789=DIRECTION('Vector Direction',(0.,0.,1.)) ;
#4796=DIRECTION('Axis2P3D Direction',(0.,0.,1.)) ;
#4803=DIRECTION('Vector Direction',(0.,0.,1.)) ;
#4815=DIRECTION('Axis2P3D Direction',(0.,0.,1.)) ;
#4827=DIRECTION('Axis2P3D Direction',(0.,0.,1.)) ;
#4828=DIRECTION('Axis2P3D XDirection',(1.,0.,0.)) ;
#4836=DIRECTION('Axis2P3D Direction',(0.,0.,1.)) ;
#4845=DIRECTION('Axis2P3D Direction',(0.,0.,1.)) ;
#4855=DIRECTION('Axis2P3D Direction',(0.,0.,1.)) ;
#4856=DIRECTION('Axis2P3D XDirection',(1.,0.,0.)) ;
#4860=DIRECTION('Vector Direction',(0.,0.,1.)) ;
#4867=DIRECTION('Axis2P3D Direction',(0.,0.,1.)) ;
#4874=DIRECTION('Vector Direction',(0.,0.,1.)) ;
#4886=DIRECTION('Axis2P3D Direction',(0.,0.,1.)) ;
#4898=DIRECTION('Axis2P3D Direction',(0.,0.,1.)) ;
#4899=DIRECTION('Axis2P3D XDirection',(1.,0.,0.)) ;
#4907=DIRECTION('Axis2P3D Direction',(0.,0.,1.)) ;
#4916=DIRECTION('Axis2P3D Direction',(0.,0.,1.)) ;
#4929=DIRECTION('Axis2P3D Direction',(0.,0.,1.)) ;
#4938=DIRECTION('Axis2P3D Direction',(0.,0.,1.)) ;
#4947=DIRECTION('Axis2P3D Direction',(0.,0.,1.)) ;
#4956=DIRECTION('Axis2P3D Direction',(0.,0.,1.)) ;
#4965=DIRECTION('Axis2P3D Direction',(0.,0.,1.)) ;
#4974=DIRECTION('Axis2P3D Direction',(0.,0.,1.)) ;
#4983=DIRECTION('Axis2P3D Direction',(0.,0.,1.)) ;
#4992=DIRECTION('Axis2P3D Direction',(0.,0.,1.)) ;
#5002=DIRECTION('Axis2P3D Direction',(0.,0.,-1.)) ;
#5003=DIRECTION('Axis2P3D XDirection',(0.5,0.866025403784,0.)) ;
#5007=DIRECTION('Vector Direction',(0.,0.,-1.)) ;
#5012=DIRECTION('Vector Direction',(0.,0.,-1.)) ;
#5033=DIRECTION('Axis2P3D Direction',(0.,0.,-1.)) ;
#5034=DIRECTION('Axis2P3D XDirection',(-0.5,0.866025403784,0.)) ;
#5038=DIRECTION('Vector Direction',(0.,0.,-1.)) ;
#5043=DIRECTION('Vector Direction',(0.,0.,-1.)) ;
#5064=DIRECTION('Axis2P3D Direction',(0.,0.,-1.)) ;
#5065=DIRECTION('Axis2P3D XDirection',(-1.,1.66533453694E-016,0.)) ;
#5069=DIRECTION('Vector Direction',(0.,0.,-1.)) ;
#5074=DIRECTION('Vector Direction',(0.,0.,-1.)) ;
#5095=DIRECTION('Axis2P3D Direction',(-0.,0.,-1.)) ;
#5096=DIRECTION('Axis2P3D XDirection',(-0.5,-0.866025403784,0.)) ;
#5100=DIRECTION('Vector Direction',(0.,0.,-1.)) ;
#5105=DIRECTION('Vector Direction',(0.,0.,-1.)) ;
#5126=DIRECTION('Axis2P3D Direction',(0.,-0.,-1.)) ;
#5127=DIRECTION('Axis2P3D XDirection',(0.5,-0.866025403784,0.)) ;
#5131=DIRECTION('Vector Direction',(0.,0.,-1.)) ;
#5136=DIRECTION('Vector Direction',(0.,0.,-1.)) ;
#5167=DIRECTION('NONE',(1.,0.,0.)) ;
#5168=DIRECTION('NONE',(0.,0.,1.)) ;
#5169=DIRECTION('NONE',(1.,0.,0.)) ;
#5170=DIRECTION('NONE',(0.,0.,-1.)) ;
#5183=DIRECTION('Axis2P3D Direction',(0.,0.,-1.)) ;
#5184=DIRECTION('Axis2P3D XDirection',(1.,0.,0.)) ;
#5188=DIRECTION('Axis2P3D Direction',(0.,0.,-1.)) ;
#5197=DIRECTION('Axis2P3D Direction',(0.,0.,-1.)) ;
#5206=DIRECTION('Axis2P3D Direction',(0.,0.,-1.)) ;
#5215=DIRECTION('Axis2P3D Direction',(0.,0.,-1.)) ;
#5233=DIRECTION('Axis2P3D Direction',(0.,-0.,-1.)) ;
#5234=DIRECTION('Axis2P3D XDirection',(1.,0.,0.)) ;
#5238=DIRECTION('Axis2P3D Direction',(0.,-0.,-1.)) ;
#5247=DIRECTION('Vector Direction',(0.,0.,-1.)) ;
#5252=DIRECTION('Vector Direction',(0.,0.,-1.)) ;
#5265=DIRECTION('Axis2P3D Direction',(0.,-0.,-1.)) ;
#5278=DIRECTION('Axis2P3D Direction',(0.,0.,1.)) ;
#5279=DIRECTION('Axis2P3D XDirection',(1.,0.,0.)) ;
#5283=DIRECTION('Axis2P3D Direction',(0.,0.,1.)) ;
#5292=DIRECTION('Axis2P3D Direction',(0.,0.,1.)) ;
#5301=DIRECTION('Axis2P3D Direction',(0.,0.,1.)) ;
#5310=DIRECTION('Axis2P3D Direction',(0.,0.,1.)) ;
#5319=DIRECTION('Axis2P3D Direction',(0.,0.,1.)) ;
#5328=DIRECTION('Axis2P3D Direction',(0.,0.,1.)) ;
#5337=DIRECTION('Axis2P3D Direction',(0.,0.,1.)) ;
#5346=DIRECTION('Axis2P3D Direction',(0.,0.,1.)) ;
#5355=DIRECTION('Axis2P3D Direction',(0.,0.,1.)) ;
#5364=DIRECTION('Axis2P3D Direction',(0.,0.,1.)) ;
#5373=DIRECTION('Axis2P3D Direction',(0.,0.,1.)) ;
#5382=DIRECTION('Axis2P3D Direction',(0.,0.,1.)) ;
#5391=DIRECTION('Axis2P3D Direction',(0.,0.,1.)) ;
#5400=DIRECTION('Axis2P3D Direction',(0.,0.,1.)) ;
#5410=DIRECTION('Axis2P3D Direction',(0.,0.,1.)) ;
#5411=DIRECTION('Axis2P3D XDirection',(1.,0.,0.)) ;
#5415=DIRECTION('Vector Direction',(0.,0.,1.)) ;
#5422=DIRECTION('Axis2P3D Direction',(0.,0.,1.)) ;
#5429=DIRECTION('Vector Direction',(0.,0.,1.)) ;
#5441=DIRECTION('Axis2P3D Direction',(0.,0.,1.)) ;
#5453=DIRECTION('Axis2P3D Direction',(0.,0.,1.)) ;
#5454=DIRECTION('Axis2P3D XDirection',(1.,0.,0.)) ;
#5462=DIRECTION('Axis2P3D Direction',(0.,0.,1.)) ;
#5471=DIRECTION('Axis2P3D Direction',(0.,0.,1.)) ;
#5480=DIRECTION('Axis2P3D Direction',(0.,0.,1.)) ;
#5489=DIRECTION('Axis2P3D Direction',(0.,0.,1.)) ;
#5502=DIRECTION('Axis2P3D Direction',(0.,0.,1.)) ;
#5511=DIRECTION('Axis2P3D Direction',(0.,0.,1.)) ;
#5520=DIRECTION('Axis2P3D Direction',(0.,0.,1.)) ;
#5529=DIRECTION('Axis2P3D Direction',(0.,0.,1.)) ;
#5538=DIRECTION('Axis2P3D Direction',(0.,0.,1.)) ;
#5547=DIRECTION('Axis2P3D Direction',(0.,0.,1.)) ;
#5557=DIRECTION('Axis2P3D Direction',(0.,-0.,-1.)) ;
#5558=DIRECTION('Axis2P3D XDirection',(1.,0.,0.)) ;
#5562=DIRECTION('Vector Direction',(0.,0.,-1.)) ;
#5567=DIRECTION('Vector Direction',(0.,0.,-1.)) ;
#5588=DIRECTION('Axis2P3D Direction',(0.,0.,-1.)) ;
#5597=DIRECTION('Axis2P3D Direction',(0.,0.,-1.)) ;
#5606=DIRECTION('Axis2P3D Direction',(0.,0.,-1.)) ;
#5615=DIRECTION('Axis2P3D Direction',(0.,0.,-1.)) ;
#5626=DIRECTION('Axis2P3D Direction',(0.,-0.,-1.)) ;
#5627=DIRECTION('Axis2P3D XDirection',(0.5,-0.866025403784,0.)) ;
#5631=DIRECTION('Vector Direction',(0.,0.,-1.)) ;
#5636=DIRECTION('Vector Direction',(0.,0.,-1.)) ;
#5657=DIRECTION('Axis2P3D Direction',(0.,-0.,-1.)) ;
#5658=DIRECTION('Axis2P3D XDirection',(0.5,-0.866025403784,0.)) ;
#5662=DIRECTION('Vector Direction',(0.,0.,-1.)) ;
#5667=DIRECTION('Vector Direction',(0.,0.,-1.)) ;
#5688=DIRECTION('Axis2P3D Direction',(0.,0.,-1.)) ;
#5697=DIRECTION('Axis2P3D Direction',(0.,0.,-1.)) ;
#5706=DIRECTION('Axis2P3D Direction',(0.,0.,-1.)) ;
#5715=DIRECTION('Axis2P3D Direction',(0.,0.,-1.)) ;
#5726=DIRECTION('Axis2P3D Direction',(0.,0.,-1.)) ;
#5727=DIRECTION('Axis2P3D XDirection',(0.5,0.866025403784,0.)) ;
#5731=DIRECTION('Vector Direction',(0.,0.,-1.)) ;
#5736=DIRECTION('Vector Direction',(0.,0.,-1.)) ;
#5757=DIRECTION('Axis2P3D Direction',(0.,0.,-1.)) ;
#5758=DIRECTION('Axis2P3D XDirection',(0.5,0.866025403784,0.)) ;
#5762=DIRECTION('Vector Direction',(0.,0.,-1.)) ;
#5767=DIRECTION('Vector Direction',(0.,0.,-1.)) ;
#5788=DIRECTION('Axis2P3D Direction',(0.,0.,-1.)) ;
#5797=DIRECTION('Axis2P3D Direction',(0.,0.,-1.)) ;
#5806=DIRECTION('Axis2P3D Direction',(0.,0.,-1.)) ;
#5815=DIRECTION('Axis2P3D Direction',(0.,0.,-1.)) ;
#5826=DIRECTION('Axis2P3D Direction',(0.,0.,-1.)) ;
#5827=DIRECTION('Axis2P3D XDirection',(-0.5,0.866025403784,0.)) ;
#5831=DIRECTION('Vector Direction',(0.,0.,-1.)) ;
#5836=DIRECTION('Vector Direction',(0.,0.,-1.)) ;
#5857=DIRECTION('Axis2P3D Direction',(0.,0.,-1.)) ;
#5858=DIRECTION('Axis2P3D XDirection',(-0.5,0.866025403784,0.)) ;
#5862=DIRECTION('Vector Direction',(0.,0.,-1.)) ;
#5867=DIRECTION('Vector Direction',(0.,0.,-1.)) ;
#5888=DIRECTION('Axis2P3D Direction',(0.,0.,-1.)) ;
#5897=DIRECTION('Axis2P3D Direction',(0.,0.,-1.)) ;
#5906=DIRECTION('Axis2P3D Direction',(0.,0.,-1.)) ;
#5915=DIRECTION('Axis2P3D Direction',(0.,0.,-1.)) ;
#5926=DIRECTION('Axis2P3D Direction',(0.,0.,-1.)) ;
#5927=DIRECTION('Axis2P3D XDirection',(-1.,1.66533453694E-016,0.)) ;
#5931=DIRECTION('Vector Direction',(0.,0.,-1.)) ;
#5936=DIRECTION('Vector Direction',(0.,0.,-1.)) ;
#5957=DIRECTION('Axis2P3D Direction',(0.,0.,-1.)) ;
#5958=DIRECTION('Axis2P3D XDirection',(-1.,1.66533453694E-016,0.)) ;
#5962=DIRECTION('Vector Direction',(0.,0.,-1.)) ;
#5967=DIRECTION('Vector Direction',(0.,0.,-1.)) ;
#5988=DIRECTION('Axis2P3D Direction',(0.,0.,-1.)) ;
#5997=DIRECTION('Axis2P3D Direction',(0.,0.,-1.)) ;
#6006=DIRECTION('Axis2P3D Direction',(0.,0.,-1.)) ;
#6015=DIRECTION('Axis2P3D Direction',(0.,0.,-1.)) ;
#6026=DIRECTION('Axis2P3D Direction',(-0.,0.,-1.)) ;
#6027=DIRECTION('Axis2P3D XDirection',(-0.5,-0.866025403784,0.)) ;
#6031=DIRECTION('Vector Direction',(0.,0.,-1.)) ;
#6036=DIRECTION('Vector Direction',(0.,0.,-1.)) ;
#6057=DIRECTION('Axis2P3D Direction',(-0.,0.,-1.)) ;
#6058=DIRECTION('Axis2P3D XDirection',(-0.5,-0.866025403784,0.)) ;
#6062=DIRECTION('Vector Direction',(0.,0.,-1.)) ;
#6067=DIRECTION('Vector Direction',(0.,0.,-1.)) ;
#6098=DIRECTION('NONE',(1.,0.,0.)) ;
#6099=DIRECTION('NONE',(0.,0.,1.)) ;
#6100=DIRECTION('NONE',(1.,0.,0.)) ;
#6101=DIRECTION('NONE',(0.,1.38777878078E-017,1.)) ;
#6111=DIRECTION('NONE',(1.,0.,0.)) ;
#6112=DIRECTION('NONE',(0.,0.,1.)) ;
#6113=DIRECTION('NONE',(1.,0.,0.)) ;
#6114=DIRECTION('NONE',(0.,-1.,0.)) ;
#6124=DIRECTION('NONE',(1.,0.,0.)) ;
#6125=DIRECTION('NONE',(0.,0.,1.)) ;
#6126=DIRECTION('NONE',(0.,0.,1.)) ;
#6127=DIRECTION('NONE',(-1.,0.,0.)) ;
#20=UNCERTAINTY_MEASURE_WITH_UNIT(LENGTH_MEASURE(0.005),#17,'distance_accuracy_value','CONFUSED CURVE UNCERTAINTY') ;
#22=UNCERTAINTY_MEASURE_WITH_UNIT(LENGTH_MEASURE(0.005),#17,'distance_accuracy_value','CONFUSED CURVE UNCERTAINTY') ;
#926=UNCERTAINTY_MEASURE_WITH_UNIT(LENGTH_MEASURE(0.005),#17,'distance_accuracy_value','CONFUSED CURVE UNCERTAINTY') ;
#1272=UNCERTAINTY_MEASURE_WITH_UNIT(LENGTH_MEASURE(0.005),#17,'distance_accuracy_value','CONFUSED CURVE UNCERTAINTY') ;
#2247=UNCERTAINTY_MEASURE_WITH_UNIT(LENGTH_MEASURE(0.005),#17,'distance_accuracy_value','CONFUSED CURVE UNCERTAINTY') ;
#3349=UNCERTAINTY_MEASURE_WITH_UNIT(LENGTH_MEASURE(0.005),#17,'distance_accuracy_value','CONFUSED CURVE UNCERTAINTY') ;
#3357=UNCERTAINTY_MEASURE_WITH_UNIT(LENGTH_MEASURE(0.005),#17,'distance_accuracy_value','CONFUSED CURVE UNCERTAINTY') ;
#4342=UNCERTAINTY_MEASURE_WITH_UNIT(LENGTH_MEASURE(0.005),#17,'distance_accuracy_value','CONFUSED CURVE UNCERTAINTY') ;
#4588=UNCERTAINTY_MEASURE_WITH_UNIT(LENGTH_MEASURE(0.005),#17,'distance_accuracy_value','CONFUSED CURVE UNCERTAINTY') ;
#5171=UNCERTAINTY_MEASURE_WITH_UNIT(LENGTH_MEASURE(0.005),#17,'distance_accuracy_value','CONFUSED CURVE UNCERTAINTY') ;
#43=AXIS2_PLACEMENT_3D('Plane Axis2P3D',#40,#41,#42) ;
#83=AXIS2_PLACEMENT_3D('Cylinder Axis2P3D',#80,#81,#82) ;
#87=AXIS2_PLACEMENT_3D('Circle Axis2P3D',#85,#86,$) ;
#101=AXIS2_PLACEMENT_3D('Circle Axis2P3D',#99,#100,$) ;
#114=AXIS2_PLACEMENT_3D('Plane Axis2P3D',#111,#112,#113) ;
#145=AXIS2_PLACEMENT_3D('Cylinder Axis2P3D',#142,#143,#144) ;
#149=AXIS2_PLACEMENT_3D('Circle Axis2P3D',#147,#148,$) ;
#156=AXIS2_PLACEMENT_3D('Circle Axis2P3D',#154,#155,$) ;
#176=AXIS2_PLACEMENT_3D('Plane Axis2P3D',#173,#174,#175) ;
#207=AXIS2_PLACEMENT_3D('Cylinder Axis2P3D',#204,#205,#206) ;
#220=AXIS2_PLACEMENT_3D('Circle Axis2P3D',#218,#219,$) ;
#234=AXIS2_PLACEMENT_3D('Circle Axis2P3D',#232,#233,$) ;
#247=AXIS2_PLACEMENT_3D('Cylinder Axis2P3D',#244,#245,#246) ;
#251=AXIS2_PLACEMENT_3D('Circle Axis2P3D',#249,#250,$) ;
#267=AXIS2_PLACEMENT_3D('Circle Axis2P3D',#265,#266,$) ;
#287=AXIS2_PLACEMENT_3D('Cylinder Axis2P3D',#284,#285,#286) ;
#300=AXIS2_PLACEMENT_3D('Circle Axis2P3D',#298,#299,$) ;
#314=AXIS2_PLACEMENT_3D('Circle Axis2P3D',#312,#313,$) ;
#327=AXIS2_PLACEMENT_3D('Cylinder Axis2P3D',#324,#325,#326) ;
#331=AXIS2_PLACEMENT_3D('Circle Axis2P3D',#329,#330,$) ;
#347=AXIS2_PLACEMENT_3D('Circle Axis2P3D',#345,#346,$) ;
#367=AXIS2_PLACEMENT_3D('Cylinder Axis2P3D',#364,#365,#366) ;
#380=AXIS2_PLACEMENT_3D('Circle Axis2P3D',#378,#379,$) ;
#394=AXIS2_PLACEMENT_3D('Circle Axis2P3D',#392,#393,$) ;
#407=AXIS2_PLACEMENT_3D('Plane Axis2P3D',#404,#405,#406) ;
#438=AXIS2_PLACEMENT_3D('Plane Axis2P3D',#435,#436,#437) ;
#469=AXIS2_PLACEMENT_3D('Cylinder Axis2P3D',#466,#467,#468) ;
#473=AXIS2_PLACEMENT_3D('Circle Axis2P3D',#471,#472,$) ;
#478=AXIS2_PLACEMENT_3D('Circle Axis2P3D',#476,#477,$) ;
#491=AXIS2_PLACEMENT_3D('Plane Axis2P3D',#488,#489,#490) ;
#536=AXIS2_PLACEMENT_3D('Plane Axis2P3D',#533,#534,#535) ;
#567=AXIS2_PLACEMENT_3D('Plane Axis2P3D',#564,#565,#566) ;
#591=AXIS2_PLACEMENT_3D('Plane Axis2P3D',#588,#589,#590) ;
#648=AXIS2_PLACEMENT_3D('Plane Axis2P3D',#645,#646,#647) ;
#695=AXIS2_PLACEMENT_3D('Plane Axis2P3D',#692,#693,#694) ;
#712=AXIS2_PLACEMENT_3D('Plane Axis2P3D',#709,#710,#711) ;
#724=AXIS2_PLACEMENT_3D('Plane Axis2P3D',#721,#722,#723) ;
#736=AXIS2_PLACEMENT_3D('Plane Axis2P3D',#733,#734,#735) ;
#758=AXIS2_PLACEMENT_3D('Circle Axis2P3D',#756,#757,$) ;
#767=AXIS2_PLACEMENT_3D('Circle Axis2P3D',#765,#766,$) ;
#776=AXIS2_PLACEMENT_3D('Circle Axis2P3D',#774,#775,$) ;
#785=AXIS2_PLACEMENT_3D('Circle Axis2P3D',#783,#784,$) ;
#796=AXIS2_PLACEMENT_3D('Plane Axis2P3D',#793,#794,#795) ;
#818=AXIS2_PLACEMENT_3D('Circle Axis2P3D',#816,#817,$) ;
#827=AXIS2_PLACEMENT_3D('Circle Axis2P3D',#825,#826,$) ;
#836=AXIS2_PLACEMENT_3D('Circle Axis2P3D',#834,#835,$) ;
#845=AXIS2_PLACEMENT_3D('Circle Axis2P3D',#843,#844,$) ;
#856=AXIS2_PLACEMENT_3D('Cylinder Axis2P3D',#853,#854,#855) ;
#885=AXIS2_PLACEMENT_3D('Cylinder Axis2P3D',#882,#883,#884) ;
#918=AXIS2_PLACEMENT_3D(' ',#921,#925,#924) ;
#919=AXIS2_PLACEMENT_3D(' ',#920,#923,#922) ;
#940=AXIS2_PLACEMENT_3D('Cylinder Axis2P3D',#937,#938,#939) ;
#944=AXIS2_PLACEMENT_3D('Circle Axis2P3D',#942,#943,$) ;
#960=AXIS2_PLACEMENT_3D('Circle Axis2P3D',#958,#959,$) ;
#980=AXIS2_PLACEMENT_3D('Plane Axis2P3D',#977,#978,#979) ;
#993=AXIS2_PLACEMENT_3D('Circle Axis2P3D',#991,#992,$) ;
#1007=AXIS2_PLACEMENT_3D('Circle Axis2P3D',#1005,#1006,$) ;
#1018=AXIS2_PLACEMENT_3D('Circle Axis2P3D',#1016,#1017,$) ;
#1045=AXIS2_PLACEMENT_3D('Plane Axis2P3D',#1042,#1043,#1044) ;
#1069=AXIS2_PLACEMENT_3D('Plane Axis2P3D',#1066,#1067,#1068) ;
#1163=AXIS2_PLACEMENT_3D('Plane Axis2P3D',#1160,#1161,#1162) ;
#1180=AXIS2_PLACEMENT_3D('Cylinder Axis2P3D',#1177,#1178,#1179) ;
#1202=AXIS2_PLACEMENT_3D('Plane Axis2P3D',#1199,#1200,#1201) ;
#1219=AXIS2_PLACEMENT_3D('Cylinder Axis2P3D',#1216,#1217,#1218) ;
#1236=AXIS2_PLACEMENT_3D('Plane Axis2P3D',#1233,#1234,#1235) ;
#1248=AXIS2_PLACEMENT_3D('Cylinder Axis2P3D',#1245,#1246,#1247) ;
#1264=AXIS2_PLACEMENT_3D(' ',#1267,#1271,#1270) ;
#1265=AXIS2_PLACEMENT_3D(' ',#1266,#1269,#1268) ;
#1286=AXIS2_PLACEMENT_3D('Cylinder Axis2P3D',#1283,#1284,#1285) ;
#1299=AXIS2_PLACEMENT_3D('Circle Axis2P3D',#1297,#1298,$) ;
#1313=AXIS2_PLACEMENT_3D('Circle Axis2P3D',#1311,#1312,$) ;
#1325=AXIS2_PLACEMENT_3D('Circle Axis2P3D',#1323,#1324,$) ;
#1339=AXIS2_PLACEMENT_3D('Circle Axis2P3D',#1337,#1338,$) ;
#1352=AXIS2_PLACEMENT_3D('Plane Axis2P3D',#1349,#1350,#1351) ;
#1409=AXIS2_PLACEMENT_3D('Plane Axis2P3D',#1406,#1407,#1408) ;
#1440=AXIS2_PLACEMENT_3D('Cylinder Axis2P3D',#1437,#1438,#1439) ;
#1444=AXIS2_PLACEMENT_3D('Circle Axis2P3D',#1442,#1443,$) ;
#1458=AXIS2_PLACEMENT_3D('Circle Axis2P3D',#1456,#1457,$) ;
#1470=AXIS2_PLACEMENT_3D('Circle Axis2P3D',#1468,#1469,$) ;
#1484=AXIS2_PLACEMENT_3D('Circle Axis2P3D',#1482,#1483,$) ;
#1497=AXIS2_PLACEMENT_3D('Cylinder Axis2P3D',#1494,#1495,#1496) ;
#1501=AXIS2_PLACEMENT_3D('Circle Axis2P3D',#1499,#1500,$) ;
#1515=AXIS2_PLACEMENT_3D('Circle Axis2P3D',#1513,#1514,$) ;
#1528=AXIS2_PLACEMENT_3D('Plane Axis2P3D',#1525,#1526,#1527) ;
#1559=AXIS2_PLACEMENT_3D('Cylinder Axis2P3D',#1556,#1557,#1558) ;
#1563=AXIS2_PLACEMENT_3D('Circle Axis2P3D',#1561,#1562,$) ;
#1577=AXIS2_PLACEMENT_3D('Circle Axis2P3D',#1575,#1576,$) ;
#1590=AXIS2_PLACEMENT_3D('Plane Axis2P3D',#1587,#1588,#1589) ;
#1612=AXIS2_PLACEMENT_3D('Cylinder Axis2P3D',#1609,#1610,#1611) ;
#1616=AXIS2_PLACEMENT_3D('Circle Axis2P3D',#1614,#1615,$) ;
#1632=AXIS2_PLACEMENT_3D('Circle Axis2P3D',#1630,#1631,$) ;
#1651=AXIS2_PLACEMENT_3D('Circle Axis2P3D',#1649,#1650,$) ;
#1656=AXIS2_PLACEMENT_3D('Circle Axis2P3D',#1654,#1655,$) ;
#1669=AXIS2_PLACEMENT_3D('Cylinder Axis2P3D',#1666,#1667,#1668) ;
#1673=AXIS2_PLACEMENT_3D('Circle Axis2P3D',#1671,#1672,$) ;
#1689=AXIS2_PLACEMENT_3D('Circle Axis2P3D',#1687,#1688,$) ;
#1708=AXIS2_PLACEMENT_3D('Circle Axis2P3D',#1706,#1707,$) ;
#1713=AXIS2_PLACEMENT_3D('Circle Axis2P3D',#1711,#1712,$) ;
#1726=AXIS2_PLACEMENT_3D('Cylinder Axis2P3D',#1723,#1724,#1725) ;
#1730=AXIS2_PLACEMENT_3D('Circle Axis2P3D',#1728,#1729,$) ;
#1746=AXIS2_PLACEMENT_3D('Circle Axis2P3D',#1744,#1745,$) ;
#1765=AXIS2_PLACEMENT_3D('Circle Axis2P3D',#1763,#1764,$) ;
#1770=AXIS2_PLACEMENT_3D('Circle Axis2P3D',#1768,#1769,$) ;
#1783=AXIS2_PLACEMENT_3D('Plane Axis2P3D',#1780,#1781,#1782) ;
#1812=AXIS2_PLACEMENT_3D('Circle Axis2P3D',#1810,#1811,$) ;
#1821=AXIS2_PLACEMENT_3D('Circle Axis2P3D',#1819,#1820,$) ;
#1830=AXIS2_PLACEMENT_3D('Circle Axis2P3D',#1828,#1829,$) ;
#1839=AXIS2_PLACEMENT_3D('Circle Axis2P3D',#1837,#1838,$) ;
#1848=AXIS2_PLACEMENT_3D('Circle Axis2P3D',#1846,#1847,$) ;
#1857=AXIS2_PLACEMENT_3D('Circle Axis2P3D',#1855,#1856,$) ;
#1866=AXIS2_PLACEMENT_3D('Circle Axis2P3D',#1864,#1865,$) ;
#1875=AXIS2_PLACEMENT_3D('Circle Axis2P3D',#1873,#1874,$) ;
#1884=AXIS2_PLACEMENT_3D('Circle Axis2P3D',#1882,#1883,$) ;
#1893=AXIS2_PLACEMENT_3D('Circle Axis2P3D',#1891,#1892,$) ;
#1902=AXIS2_PLACEMENT_3D('Circle Axis2P3D',#1900,#1901,$) ;
#1911=AXIS2_PLACEMENT_3D('Circle Axis2P3D',#1909,#1910,$) ;
#1922=AXIS2_PLACEMENT_3D('Plane Axis2P3D',#1919,#1920,#1921) ;
#1951=AXIS2_PLACEMENT_3D('Circle Axis2P3D',#1949,#1950,$) ;
#1960=AXIS2_PLACEMENT_3D('Circle Axis2P3D',#1958,#1959,$) ;
#1969=AXIS2_PLACEMENT_3D('Circle Axis2P3D',#1967,#1968,$) ;
#1978=AXIS2_PLACEMENT_3D('Circle Axis2P3D',#1976,#1977,$) ;
#1987=AXIS2_PLACEMENT_3D('Circle Axis2P3D',#1985,#1986,$) ;
#1996=AXIS2_PLACEMENT_3D('Circle Axis2P3D',#1994,#1995,$) ;
#2005=AXIS2_PLACEMENT_3D('Circle Axis2P3D',#2003,#2004,$) ;
#2014=AXIS2_PLACEMENT_3D('Circle Axis2P3D',#2012,#2013,$) ;
#2023=AXIS2_PLACEMENT_3D('Circle Axis2P3D',#2021,#2022,$) ;
#2032=AXIS2_PLACEMENT_3D('Circle Axis2P3D',#2030,#2031,$) ;
#2041=AXIS2_PLACEMENT_3D('Circle Axis2P3D',#2039,#2040,$) ;
#2050=AXIS2_PLACEMENT_3D('Circle Axis2P3D',#2048,#2049,$) ;
#2061=AXIS2_PLACEMENT_3D('Cylinder Axis2P3D',#2058,#2059,#2060) ;
#2090=AXIS2_PLACEMENT_3D('Cylinder Axis2P3D',#2087,#2088,#2089) ;
#2119=AXIS2_PLACEMENT_3D('Cylinder Axis2P3D',#2116,#2117,#2118) ;
#2148=AXIS2_PLACEMENT_3D('Cylinder Axis2P3D',#2145,#2146,#2147) ;
#2177=AXIS2_PLACEMENT_3D('Cylinder Axis2P3D',#2174,#2175,#2176) ;
#2206=AXIS2_PLACEMENT_3D('Cylinder Axis2P3D',#2203,#2204,#2205) ;
#2239=AXIS2_PLACEMENT_3D(' ',#2242,#2246,#2245) ;
#2240=AXIS2_PLACEMENT_3D(' ',#2241,#2244,#2243) ;
#2261=AXIS2_PLACEMENT_3D('Plane Axis2P3D',#2258,#2259,#2260) ;
#2265=AXIS2_PLACEMENT_3D('Circle Axis2P3D',#2263,#2264,$) ;
#2274=AXIS2_PLACEMENT_3D('Circle Axis2P3D',#2272,#2273,$) ;
#2283=AXIS2_PLACEMENT_3D('Circle Axis2P3D',#2281,#2282,$) ;
#2292=AXIS2_PLACEMENT_3D('Circle Axis2P3D',#2290,#2291,$) ;
#2303=AXIS2_PLACEMENT_3D('Cylinder Axis2P3D',#2300,#2301,#2302) ;
#2307=AXIS2_PLACEMENT_3D('Circle Axis2P3D',#2305,#2306,$) ;
#2333=AXIS2_PLACEMENT_3D('Circle Axis2P3D',#2331,#2332,$) ;
#2346=AXIS2_PLACEMENT_3D('Plane Axis2P3D',#2343,#2344,#2345) ;
#2350=AXIS2_PLACEMENT_3D('Circle Axis2P3D',#2348,#2349,$) ;
#2359=AXIS2_PLACEMENT_3D('Circle Axis2P3D',#2357,#2358,$) ;
#2368=AXIS2_PLACEMENT_3D('Circle Axis2P3D',#2366,#2367,$) ;
#2377=AXIS2_PLACEMENT_3D('Circle Axis2P3D',#2375,#2376,$) ;
#2386=AXIS2_PLACEMENT_3D('Circle Axis2P3D',#2384,#2385,$) ;
#2395=AXIS2_PLACEMENT_3D('Circle Axis2P3D',#2393,#2394,$) ;
#2404=AXIS2_PLACEMENT_3D('Circle Axis2P3D',#2402,#2403,$) ;
#2413=AXIS2_PLACEMENT_3D('Circle Axis2P3D',#2411,#2412,$) ;
#2422=AXIS2_PLACEMENT_3D('Circle Axis2P3D',#2420,#2421,$) ;
#2431=AXIS2_PLACEMENT_3D('Circle Axis2P3D',#2429,#2430,$) ;
#2440=AXIS2_PLACEMENT_3D('Circle Axis2P3D',#2438,#2439,$) ;
#2449=AXIS2_PLACEMENT_3D('Circle Axis2P3D',#2447,#2448,$) ;
#2458=AXIS2_PLACEMENT_3D('Circle Axis2P3D',#2456,#2457,$) ;
#2467=AXIS2_PLACEMENT_3D('Circle Axis2P3D',#2465,#2466,$) ;
#2478=AXIS2_PLACEMENT_3D('Cylinder Axis2P3D',#2475,#2476,#2477) ;
#2489=AXIS2_PLACEMENT_3D('Circle Axis2P3D',#2487,#2488,$) ;
#2508=AXIS2_PLACEMENT_3D('Circle Axis2P3D',#2506,#2507,$) ;
#2521=AXIS2_PLACEMENT_3D('Plane Axis2P3D',#2518,#2519,#2520) ;
#2529=AXIS2_PLACEMENT_3D('Circle Axis2P3D',#2527,#2528,$) ;
#2538=AXIS2_PLACEMENT_3D('Circle Axis2P3D',#2536,#2537,$) ;
#2549=AXIS2_PLACEMENT_3D('Cylinder Axis2P3D',#2546,#2547,#2548) ;
#2560=AXIS2_PLACEMENT_3D('Circle Axis2P3D',#2558,#2559,$) ;
#2579=AXIS2_PLACEMENT_3D('Circle Axis2P3D',#2577,#2578,$) ;
#2592=AXIS2_PLACEMENT_3D('Plane Axis2P3D',#2589,#2590,#2591) ;
#2596=AXIS2_PLACEMENT_3D('Circle Axis2P3D',#2594,#2595,$) ;
#2605=AXIS2_PLACEMENT_3D('Circle Axis2P3D',#2603,#2604,$) ;
#2626=AXIS2_PLACEMENT_3D('Circle Axis2P3D',#2624,#2625,$) ;
#2645=AXIS2_PLACEMENT_3D('Circle Axis2P3D',#2643,#2644,$) ;
#2658=AXIS2_PLACEMENT_3D('Plane Axis2P3D',#2655,#2656,#2657) ;
#2666=AXIS2_PLACEMENT_3D('Circle Axis2P3D',#2664,#2665,$) ;
#2675=AXIS2_PLACEMENT_3D('Circle Axis2P3D',#2673,#2674,$) ;
#2686=AXIS2_PLACEMENT_3D('Cylinder Axis2P3D',#2683,#2684,#2685) ;
#2697=AXIS2_PLACEMENT_3D('Circle Axis2P3D',#2695,#2696,$) ;
#2716=AXIS2_PLACEMENT_3D('Circle Axis2P3D',#2714,#2715,$) ;
#2729=AXIS2_PLACEMENT_3D('Plane Axis2P3D',#2726,#2727,#2728) ;
#2737=AXIS2_PLACEMENT_3D('Circle Axis2P3D',#2735,#2736,$) ;
#2746=AXIS2_PLACEMENT_3D('Circle Axis2P3D',#2744,#2745,$) ;
#2755=AXIS2_PLACEMENT_3D('Circle Axis2P3D',#2753,#2754,$) ;
#2764=AXIS2_PLACEMENT_3D('Circle Axis2P3D',#2762,#2763,$) ;
#2777=AXIS2_PLACEMENT_3D('Circle Axis2P3D',#2775,#2776,$) ;
#2786=AXIS2_PLACEMENT_3D('Circle Axis2P3D',#2784,#2785,$) ;
#2795=AXIS2_PLACEMENT_3D('Circle Axis2P3D',#2793,#2794,$) ;
#2804=AXIS2_PLACEMENT_3D('Circle Axis2P3D',#2802,#2803,$) ;
#2813=AXIS2_PLACEMENT_3D('Circle Axis2P3D',#2811,#2812,$) ;
#2822=AXIS2_PLACEMENT_3D('Circle Axis2P3D',#2820,#2821,$) ;
#2833=AXIS2_PLACEMENT_3D('Cylinder Axis2P3D',#2830,#2831,#2832) ;
#2861=AXIS2_PLACEMENT_3D('Circle Axis2P3D',#2859,#2860,$) ;
#2870=AXIS2_PLACEMENT_3D('Circle Axis2P3D',#2868,#2869,$) ;
#2879=AXIS2_PLACEMENT_3D('Circle Axis2P3D',#2877,#2878,$) ;
#2888=AXIS2_PLACEMENT_3D('Circle Axis2P3D',#2886,#2887,$) ;
#2899=AXIS2_PLACEMENT_3D('Cylinder Axis2P3D',#2896,#2897,#2898) ;
#2928=AXIS2_PLACEMENT_3D('Cylinder Axis2P3D',#2925,#2926,#2927) ;
#2956=AXIS2_PLACEMENT_3D('Circle Axis2P3D',#2954,#2955,$) ;
#2965=AXIS2_PLACEMENT_3D('Circle Axis2P3D',#2963,#2964,$) ;
#2974=AXIS2_PLACEMENT_3D('Circle Axis2P3D',#2972,#2973,$) ;
#2983=AXIS2_PLACEMENT_3D('Circle Axis2P3D',#2981,#2982,$) ;
#2994=AXIS2_PLACEMENT_3D('Cylinder Axis2P3D',#2991,#2992,#2993) ;
#3023=AXIS2_PLACEMENT_3D('Cylinder Axis2P3D',#3020,#3021,#3022) ;
#3051=AXIS2_PLACEMENT_3D('Circle Axis2P3D',#3049,#3050,$) ;
#3060=AXIS2_PLACEMENT_3D('Circle Axis2P3D',#3058,#3059,$) ;
#3069=AXIS2_PLACEMENT_3D('Circle Axis2P3D',#3067,#3068,$) ;
#3078=AXIS2_PLACEMENT_3D('Circle Axis2P3D',#3076,#3077,$) ;
#3089=AXIS2_PLACEMENT_3D('Cylinder Axis2P3D',#3086,#3087,#3088) ;
#3118=AXIS2_PLACEMENT_3D('Cylinder Axis2P3D',#3115,#3116,#3117) ;
#3146=AXIS2_PLACEMENT_3D('Circle Axis2P3D',#3144,#3145,$) ;
#3155=AXIS2_PLACEMENT_3D('Circle Axis2P3D',#3153,#3154,$) ;
#3164=AXIS2_PLACEMENT_3D('Circle Axis2P3D',#3162,#3163,$) ;
#3173=AXIS2_PLACEMENT_3D('Circle Axis2P3D',#3171,#3172,$) ;
#3184=AXIS2_PLACEMENT_3D('Cylinder Axis2P3D',#3181,#3182,#3183) ;
#3213=AXIS2_PLACEMENT_3D('Cylinder Axis2P3D',#3210,#3211,#3212) ;
#3241=AXIS2_PLACEMENT_3D('Circle Axis2P3D',#3239,#3240,$) ;
#3250=AXIS2_PLACEMENT_3D('Circle Axis2P3D',#3248,#3249,$) ;
#3259=AXIS2_PLACEMENT_3D('Circle Axis2P3D',#3257,#3258,$) ;
#3268=AXIS2_PLACEMENT_3D('Circle Axis2P3D',#3266,#3267,$) ;
#3279=AXIS2_PLACEMENT_3D('Cylinder Axis2P3D',#3276,#3277,#3278) ;
#3308=AXIS2_PLACEMENT_3D('Cylinder Axis2P3D',#3305,#3306,#3307) ;
#3341=AXIS2_PLACEMENT_3D(' ',#3344,#3348,#3347) ;
#3342=AXIS2_PLACEMENT_3D(' ',#3343,#3346,#3345) ;
#3378=AXIS2_PLACEMENT_3D('Plane Axis2P3D',#3375,#3376,#3377) ;
#3382=AXIS2_PLACEMENT_3D('Circle Axis2P3D',#3380,#3381,$) ;
#3391=AXIS2_PLACEMENT_3D('Circle Axis2P3D',#3389,#3390,$) ;
#3400=AXIS2_PLACEMENT_3D('Circle Axis2P3D',#3398,#3399,$) ;
#3409=AXIS2_PLACEMENT_3D('Circle Axis2P3D',#3407,#3408,$) ;
#3420=AXIS2_PLACEMENT_3D('Cylinder Axis2P3D',#3417,#3418,#3419) ;
#3424=AXIS2_PLACEMENT_3D('Circle Axis2P3D',#3422,#3423,$) ;
#3450=AXIS2_PLACEMENT_3D('Circle Axis2P3D',#3448,#3449,$) ;
#3463=AXIS2_PLACEMENT_3D('Plane Axis2P3D',#3460,#3461,#3462) ;
#3467=AXIS2_PLACEMENT_3D('Circle Axis2P3D',#3465,#3466,$) ;
#3476=AXIS2_PLACEMENT_3D('Circle Axis2P3D',#3474,#3475,$) ;
#3485=AXIS2_PLACEMENT_3D('Circle Axis2P3D',#3483,#3484,$) ;
#3494=AXIS2_PLACEMENT_3D('Circle Axis2P3D',#3492,#3493,$) ;
#3503=AXIS2_PLACEMENT_3D('Circle Axis2P3D',#3501,#3502,$) ;
#3512=AXIS2_PLACEMENT_3D('Circle Axis2P3D',#3510,#3511,$) ;
#3521=AXIS2_PLACEMENT_3D('Circle Axis2P3D',#3519,#3520,$) ;
#3530=AXIS2_PLACEMENT_3D('Circle Axis2P3D',#3528,#3529,$) ;
#3539=AXIS2_PLACEMENT_3D('Circle Axis2P3D',#3537,#3538,$) ;
#3548=AXIS2_PLACEMENT_3D('Circle Axis2P3D',#3546,#3547,$) ;
#3557=AXIS2_PLACEMENT_3D('Circle Axis2P3D',#3555,#3556,$) ;
#3566=AXIS2_PLACEMENT_3D('Circle Axis2P3D',#3564,#3565,$) ;
#3575=AXIS2_PLACEMENT_3D('Circle Axis2P3D',#3573,#3574,$) ;
#3584=AXIS2_PLACEMENT_3D('Circle Axis2P3D',#3582,#3583,$) ;
#3593=AXIS2_PLACEMENT_3D('Circle Axis2P3D',#3591,#3592,$) ;
#3602=AXIS2_PLACEMENT_3D('Circle Axis2P3D',#3600,#3601,$) ;
#3613=AXIS2_PLACEMENT_3D('Cylinder Axis2P3D',#3610,#3611,#3612) ;
#3624=AXIS2_PLACEMENT_3D('Circle Axis2P3D',#3622,#3623,$) ;
#3643=AXIS2_PLACEMENT_3D('Circle Axis2P3D',#3641,#3642,$) ;
#3656=AXIS2_PLACEMENT_3D('Cylinder Axis2P3D',#3653,#3654,#3655) ;
#3667=AXIS2_PLACEMENT_3D('Circle Axis2P3D',#3665,#3666,$) ;
#3686=AXIS2_PLACEMENT_3D('Circle Axis2P3D',#3684,#3685,$) ;
#3699=AXIS2_PLACEMENT_3D('Plane Axis2P3D',#3696,#3697,#3698) ;
#3707=AXIS2_PLACEMENT_3D('Circle Axis2P3D',#3705,#3706,$) ;
#3716=AXIS2_PLACEMENT_3D('Circle Axis2P3D',#3714,#3715,$) ;
#3733=AXIS2_PLACEMENT_3D('Circle Axis2P3D',#3731,#3732,$) ;
#3742=AXIS2_PLACEMENT_3D('Circle Axis2P3D',#3740,#3741,$) ;
#3751=AXIS2_PLACEMENT_3D('Circle Axis2P3D',#3749,#3750,$) ;
#3760=AXIS2_PLACEMENT_3D('Circle Axis2P3D',#3758,#3759,$) ;
#3769=AXIS2_PLACEMENT_3D('Circle Axis2P3D',#3767,#3768,$) ;
#3778=AXIS2_PLACEMENT_3D('Circle Axis2P3D',#3776,#3777,$) ;
#3787=AXIS2_PLACEMENT_3D('Circle Axis2P3D',#3785,#3786,$) ;
#3796=AXIS2_PLACEMENT_3D('Circle Axis2P3D',#3794,#3795,$) ;
#3807=AXIS2_PLACEMENT_3D('Cylinder Axis2P3D',#3804,#3805,#3806) ;
#3844=AXIS2_PLACEMENT_3D('Circle Axis2P3D',#3842,#3843,$) ;
#3853=AXIS2_PLACEMENT_3D('Circle Axis2P3D',#3851,#3852,$) ;
#3862=AXIS2_PLACEMENT_3D('Circle Axis2P3D',#3860,#3861,$) ;
#3871=AXIS2_PLACEMENT_3D('Circle Axis2P3D',#3869,#3870,$) ;
#3882=AXIS2_PLACEMENT_3D('Cylinder Axis2P3D',#3879,#3880,#3881) ;
#3913=AXIS2_PLACEMENT_3D('Cylinder Axis2P3D',#3910,#3911,#3912) ;
#3941=AXIS2_PLACEMENT_3D('Circle Axis2P3D',#3939,#3940,$) ;
#3950=AXIS2_PLACEMENT_3D('Circle Axis2P3D',#3948,#3949,$) ;
#3959=AXIS2_PLACEMENT_3D('Circle Axis2P3D',#3957,#3958,$) ;
#3968=AXIS2_PLACEMENT_3D('Circle Axis2P3D',#3966,#3967,$) ;
#3979=AXIS2_PLACEMENT_3D('Cylinder Axis2P3D',#3976,#3977,#3978) ;
#4010=AXIS2_PLACEMENT_3D('Cylinder Axis2P3D',#4007,#4008,#4009) ;
#4038=AXIS2_PLACEMENT_3D('Circle Axis2P3D',#4036,#4037,$) ;
#4047=AXIS2_PLACEMENT_3D('Circle Axis2P3D',#4045,#4046,$) ;
#4056=AXIS2_PLACEMENT_3D('Circle Axis2P3D',#4054,#4055,$) ;
#4065=AXIS2_PLACEMENT_3D('Circle Axis2P3D',#4063,#4064,$) ;
#4076=AXIS2_PLACEMENT_3D('Cylinder Axis2P3D',#4073,#4074,#4075) ;
#4107=AXIS2_PLACEMENT_3D('Cylinder Axis2P3D',#4104,#4105,#4106) ;
#4135=AXIS2_PLACEMENT_3D('Circle Axis2P3D',#4133,#4134,$) ;
#4144=AXIS2_PLACEMENT_3D('Circle Axis2P3D',#4142,#4143,$) ;
#4153=AXIS2_PLACEMENT_3D('Circle Axis2P3D',#4151,#4152,$) ;
#4162=AXIS2_PLACEMENT_3D('Circle Axis2P3D',#4160,#4161,$) ;
#4173=AXIS2_PLACEMENT_3D('Cylinder Axis2P3D',#4170,#4171,#4172) ;
#4204=AXIS2_PLACEMENT_3D('Cylinder Axis2P3D',#4201,#4202,#4203) ;
#4232=AXIS2_PLACEMENT_3D('Circle Axis2P3D',#4230,#4231,$) ;
#4241=AXIS2_PLACEMENT_3D('Circle Axis2P3D',#4239,#4240,$) ;
#4250=AXIS2_PLACEMENT_3D('Circle Axis2P3D',#4248,#4249,$) ;
#4259=AXIS2_PLACEMENT_3D('Circle Axis2P3D',#4257,#4258,$) ;
#4270=AXIS2_PLACEMENT_3D('Cylinder Axis2P3D',#4267,#4268,#4269) ;
#4301=AXIS2_PLACEMENT_3D('Cylinder Axis2P3D',#4298,#4299,#4300) ;
#4334=AXIS2_PLACEMENT_3D(' ',#4337,#4341,#4340) ;
#4335=AXIS2_PLACEMENT_3D(' ',#4336,#4339,#4338) ;
#4363=AXIS2_PLACEMENT_3D('Cylinder Axis2P3D',#4360,#4361,#4362) ;
#4367=AXIS2_PLACEMENT_3D('Circle Axis2P3D',#4365,#4366,$) ;
#4383=AXIS2_PLACEMENT_3D('Circle Axis2P3D',#4381,#4382,$) ;
#4402=AXIS2_PLACEMENT_3D('Circle Axis2P3D',#4400,#4401,$) ;
#4407=AXIS2_PLACEMENT_3D('Circle Axis2P3D',#4405,#4406,$) ;
#4420=AXIS2_PLACEMENT_3D('Cylinder Axis2P3D',#4417,#4418,#4419) ;
#4424=AXIS2_PLACEMENT_3D('Circle Axis2P3D',#4422,#4423,$) ;
#4440=AXIS2_PLACEMENT_3D('Circle Axis2P3D',#4438,#4439,$) ;
#4459=AXIS2_PLACEMENT_3D('Circle Axis2P3D',#4457,#4458,$) ;
#4464=AXIS2_PLACEMENT_3D('Circle Axis2P3D',#4462,#4463,$) ;
#4477=AXIS2_PLACEMENT_3D('Cylinder Axis2P3D',#4474,#4475,#4476) ;
#4481=AXIS2_PLACEMENT_3D('Circle Axis2P3D',#4479,#4480,$) ;
#4497=AXIS2_PLACEMENT_3D('Circle Axis2P3D',#4495,#4496,$) ;
#4516=AXIS2_PLACEMENT_3D('Circle Axis2P3D',#4514,#4515,$) ;
#4521=AXIS2_PLACEMENT_3D('Circle Axis2P3D',#4519,#4520,$) ;
#4534=AXIS2_PLACEMENT_3D('Plane Axis2P3D',#4531,#4532,#4533) ;
#4548=AXIS2_PLACEMENT_3D('Plane Axis2P3D',#4545,#4546,#4547) ;
#4562=AXIS2_PLACEMENT_3D('Plane Axis2P3D',#4559,#4560,#4561) ;
#4580=AXIS2_PLACEMENT_3D(' ',#4583,#4587,#4586) ;
#4581=AXIS2_PLACEMENT_3D(' ',#4582,#4585,#4584) ;
#4602=AXIS2_PLACEMENT_3D('Cylinder Axis2P3D',#4599,#4600,#4601) ;
#4615=AXIS2_PLACEMENT_3D('Circle Axis2P3D',#4613,#4614,$) ;
#4629=AXIS2_PLACEMENT_3D('Circle Axis2P3D',#4627,#4628,$) ;
#4650=AXIS2_PLACEMENT_3D('Plane Axis2P3D',#4647,#4648,#4649) ;
#4654=AXIS2_PLACEMENT_3D('Circle Axis2P3D',#4652,#4653,$) ;
#4663=AXIS2_PLACEMENT_3D('Circle Axis2P3D',#4661,#4662,$) ;
#4672=AXIS2_PLACEMENT_3D('Circle Axis2P3D',#4670,#4671,$) ;
#4681=AXIS2_PLACEMENT_3D('Circle Axis2P3D',#4679,#4680,$) ;
#4690=AXIS2_PLACEMENT_3D('Circle Axis2P3D',#4688,#4689,$) ;
#4699=AXIS2_PLACEMENT_3D('Circle Axis2P3D',#4697,#4698,$) ;
#4708=AXIS2_PLACEMENT_3D('Circle Axis2P3D',#4706,#4707,$) ;
#4717=AXIS2_PLACEMENT_3D('Circle Axis2P3D',#4715,#4716,$) ;
#4726=AXIS2_PLACEMENT_3D('Circle Axis2P3D',#4724,#4725,$) ;
#4735=AXIS2_PLACEMENT_3D('Circle Axis2P3D',#4733,#4734,$) ;
#4744=AXIS2_PLACEMENT_3D('Circle Axis2P3D',#4742,#4743,$) ;
#4753=AXIS2_PLACEMENT_3D('Circle Axis2P3D',#4751,#4752,$) ;
#4762=AXIS2_PLACEMENT_3D('Circle Axis2P3D',#4760,#4761,$) ;
#4772=AXIS2_PLACEMENT_3D('Circle Axis2P3D',#4770,#4771,$) ;
#4786=AXIS2_PLACEMENT_3D('Cylinder Axis2P3D',#4783,#4784,#4785) ;
#4797=AXIS2_PLACEMENT_3D('Circle Axis2P3D',#4795,#4796,$) ;
#4816=AXIS2_PLACEMENT_3D('Circle Axis2P3D',#4814,#4815,$) ;
#4829=AXIS2_PLACEMENT_3D('Plane Axis2P3D',#4826,#4827,#4828) ;
#4837=AXIS2_PLACEMENT_3D('Circle Axis2P3D',#4835,#4836,$) ;
#4846=AXIS2_PLACEMENT_3D('Circle Axis2P3D',#4844,#4845,$) ;
#4857=AXIS2_PLACEMENT_3D('Cylinder Axis2P3D',#4854,#4855,#4856) ;
#4868=AXIS2_PLACEMENT_3D('Circle Axis2P3D',#4866,#4867,$) ;
#4887=AXIS2_PLACEMENT_3D('Circle Axis2P3D',#4885,#4886,$) ;
#4900=AXIS2_PLACEMENT_3D('Plane Axis2P3D',#4897,#4898,#4899) ;
#4908=AXIS2_PLACEMENT_3D('Circle Axis2P3D',#4906,#4907,$) ;
#4917=AXIS2_PLACEMENT_3D('Circle Axis2P3D',#4915,#4916,$) ;
#4930=AXIS2_PLACEMENT_3D('Circle Axis2P3D',#4928,#4929,$) ;
#4939=AXIS2_PLACEMENT_3D('Circle Axis2P3D',#4937,#4938,$) ;
#4948=AXIS2_PLACEMENT_3D('Circle Axis2P3D',#4946,#4947,$) ;
#4957=AXIS2_PLACEMENT_3D('Circle Axis2P3D',#4955,#4956,$) ;
#4966=AXIS2_PLACEMENT_3D('Circle Axis2P3D',#4964,#4965,$) ;
#4975=AXIS2_PLACEMENT_3D('Circle Axis2P3D',#4973,#4974,$) ;
#4984=AXIS2_PLACEMENT_3D('Circle Axis2P3D',#4982,#4983,$) ;
#4993=AXIS2_PLACEMENT_3D('Circle Axis2P3D',#4991,#4992,$) ;
#5004=AXIS2_PLACEMENT_3D('Cylinder Axis2P3D',#5001,#5002,#5003) ;
#5035=AXIS2_PLACEMENT_3D('Cylinder Axis2P3D',#5032,#5033,#5034) ;
#5066=AXIS2_PLACEMENT_3D('Cylinder Axis2P3D',#5063,#5064,#5065) ;
#5097=AXIS2_PLACEMENT_3D('Cylinder Axis2P3D',#5094,#5095,#5096) ;
#5128=AXIS2_PLACEMENT_3D('Cylinder Axis2P3D',#5125,#5126,#5127) ;
#5163=AXIS2_PLACEMENT_3D(' ',#5166,#5170,#5169) ;
#5164=AXIS2_PLACEMENT_3D(' ',#5165,#5168,#5167) ;
#5185=AXIS2_PLACEMENT_3D('Plane Axis2P3D',#5182,#5183,#5184) ;
#5189=AXIS2_PLACEMENT_3D('Circle Axis2P3D',#5187,#5188,$) ;
#5198=AXIS2_PLACEMENT_3D('Circle Axis2P3D',#5196,#5197,$) ;
#5207=AXIS2_PLACEMENT_3D('Circle Axis2P3D',#5205,#5206,$) ;
#5216=AXIS2_PLACEMENT_3D('Circle Axis2P3D',#5214,#5215,$) ;
#5235=AXIS2_PLACEMENT_3D('Cylinder Axis2P3D',#5232,#5233,#5234) ;
#5239=AXIS2_PLACEMENT_3D('Circle Axis2P3D',#5237,#5238,$) ;
#5266=AXIS2_PLACEMENT_3D('Circle Axis2P3D',#5264,#5265,$) ;
#5280=AXIS2_PLACEMENT_3D('Plane Axis2P3D',#5277,#5278,#5279) ;
#5284=AXIS2_PLACEMENT_3D('Circle Axis2P3D',#5282,#5283,$) ;
#5293=AXIS2_PLACEMENT_3D('Circle Axis2P3D',#5291,#5292,$) ;
#5302=AXIS2_PLACEMENT_3D('Circle Axis2P3D',#5300,#5301,$) ;
#5311=AXIS2_PLACEMENT_3D('Circle Axis2P3D',#5309,#5310,$) ;
#5320=AXIS2_PLACEMENT_3D('Circle Axis2P3D',#5318,#5319,$) ;
#5329=AXIS2_PLACEMENT_3D('Circle Axis2P3D',#5327,#5328,$) ;
#5338=AXIS2_PLACEMENT_3D('Circle Axis2P3D',#5336,#5337,$) ;
#5347=AXIS2_PLACEMENT_3D('Circle Axis2P3D',#5345,#5346,$) ;
#5356=AXIS2_PLACEMENT_3D('Circle Axis2P3D',#5354,#5355,$) ;
#5365=AXIS2_PLACEMENT_3D('Circle Axis2P3D',#5363,#5364,$) ;
#5374=AXIS2_PLACEMENT_3D('Circle Axis2P3D',#5372,#5373,$) ;
#5383=AXIS2_PLACEMENT_3D('Circle Axis2P3D',#5381,#5382,$) ;
#5392=AXIS2_PLACEMENT_3D('Circle Axis2P3D',#5390,#5391,$) ;
#5401=AXIS2_PLACEMENT_3D('Circle Axis2P3D',#5399,#5400,$) ;
#5412=AXIS2_PLACEMENT_3D('Cylinder Axis2P3D',#5409,#5410,#5411) ;
#5423=AXIS2_PLACEMENT_3D('Circle Axis2P3D',#5421,#5422,$) ;
#5442=AXIS2_PLACEMENT_3D('Circle Axis2P3D',#5440,#5441,$) ;
#5455=AXIS2_PLACEMENT_3D('Plane Axis2P3D',#5452,#5453,#5454) ;
#5463=AXIS2_PLACEMENT_3D('Circle Axis2P3D',#5461,#5462,$) ;
#5472=AXIS2_PLACEMENT_3D('Circle Axis2P3D',#5470,#5471,$) ;
#5481=AXIS2_PLACEMENT_3D('Circle Axis2P3D',#5479,#5480,$) ;
#5490=AXIS2_PLACEMENT_3D('Circle Axis2P3D',#5488,#5489,$) ;
#5503=AXIS2_PLACEMENT_3D('Circle Axis2P3D',#5501,#5502,$) ;
#5512=AXIS2_PLACEMENT_3D('Circle Axis2P3D',#5510,#5511,$) ;
#5521=AXIS2_PLACEMENT_3D('Circle Axis2P3D',#5519,#5520,$) ;
#5530=AXIS2_PLACEMENT_3D('Circle Axis2P3D',#5528,#5529,$) ;
#5539=AXIS2_PLACEMENT_3D('Circle Axis2P3D',#5537,#5538,$) ;
#5548=AXIS2_PLACEMENT_3D('Circle Axis2P3D',#5546,#5547,$) ;
#5559=AXIS2_PLACEMENT_3D('Cylinder Axis2P3D',#5556,#5557,#5558) ;
#5589=AXIS2_PLACEMENT_3D('Circle Axis2P3D',#5587,#5588,$) ;
#5598=AXIS2_PLACEMENT_3D('Circle Axis2P3D',#5596,#5597,$) ;
#5607=AXIS2_PLACEMENT_3D('Circle Axis2P3D',#5605,#5606,$) ;
#5616=AXIS2_PLACEMENT_3D('Circle Axis2P3D',#5614,#5615,$) ;
#5628=AXIS2_PLACEMENT_3D('Cylinder Axis2P3D',#5625,#5626,#5627) ;
#5659=AXIS2_PLACEMENT_3D('Cylinder Axis2P3D',#5656,#5657,#5658) ;
#5689=AXIS2_PLACEMENT_3D('Circle Axis2P3D',#5687,#5688,$) ;
#5698=AXIS2_PLACEMENT_3D('Circle Axis2P3D',#5696,#5697,$) ;
#5707=AXIS2_PLACEMENT_3D('Circle Axis2P3D',#5705,#5706,$) ;
#5716=AXIS2_PLACEMENT_3D('Circle Axis2P3D',#5714,#5715,$) ;
#5728=AXIS2_PLACEMENT_3D('Cylinder Axis2P3D',#5725,#5726,#5727) ;
#5759=AXIS2_PLACEMENT_3D('Cylinder Axis2P3D',#5756,#5757,#5758) ;
#5789=AXIS2_PLACEMENT_3D('Circle Axis2P3D',#5787,#5788,$) ;
#5798=AXIS2_PLACEMENT_3D('Circle Axis2P3D',#5796,#5797,$) ;
#5807=AXIS2_PLACEMENT_3D('Circle Axis2P3D',#5805,#5806,$) ;
#5816=AXIS2_PLACEMENT_3D('Circle Axis2P3D',#5814,#5815,$) ;
#5828=AXIS2_PLACEMENT_3D('Cylinder Axis2P3D',#5825,#5826,#5827) ;
#5859=AXIS2_PLACEMENT_3D('Cylinder Axis2P3D',#5856,#5857,#5858) ;
#5889=AXIS2_PLACEMENT_3D('Circle Axis2P3D',#5887,#5888,$) ;
#5898=AXIS2_PLACEMENT_3D('Circle Axis2P3D',#5896,#5897,$) ;
#5907=AXIS2_PLACEMENT_3D('Circle Axis2P3D',#5905,#5906,$) ;
#5916=AXIS2_PLACEMENT_3D('Circle Axis2P3D',#5914,#5915,$) ;
#5928=AXIS2_PLACEMENT_3D('Cylinder Axis2P3D',#5925,#5926,#5927) ;
#5959=AXIS2_PLACEMENT_3D('Cylinder Axis2P3D',#5956,#5957,#5958) ;
#5989=AXIS2_PLACEMENT_3D('Circle Axis2P3D',#5987,#5988,$) ;
#5998=AXIS2_PLACEMENT_3D('Circle Axis2P3D',#5996,#5997,$) ;
#6007=AXIS2_PLACEMENT_3D('Circle Axis2P3D',#6005,#6006,$) ;
#6016=AXIS2_PLACEMENT_3D('Circle Axis2P3D',#6014,#6015,$) ;
#6028=AXIS2_PLACEMENT_3D('Cylinder Axis2P3D',#6025,#6026,#6027) ;
#6059=AXIS2_PLACEMENT_3D('Cylinder Axis2P3D',#6056,#6057,#6058) ;
#6094=AXIS2_PLACEMENT_3D(' ',#6097,#6101,#6100) ;
#6095=AXIS2_PLACEMENT_3D(' ',#6096,#6099,#6098) ;
#6107=AXIS2_PLACEMENT_3D(' ',#6110,#6114,#6113) ;
#6108=AXIS2_PLACEMENT_3D(' ',#6109,#6112,#6111) ;
#6120=AXIS2_PLACEMENT_3D(' ',#6123,#6127,#6126) ;
#6121=AXIS2_PLACEMENT_3D(' ',#6122,#6125,#6124) ;
#48=LINE('Line',#45,#47) ;
#57=LINE('Line',#54,#56) ;
#64=LINE('Line',#61,#63) ;
#71=LINE('Line',#68,#70) ;
#95=LINE('Line',#92,#94) ;
#119=LINE('Line',#116,#118) ;
#126=LINE('Line',#123,#125) ;
#133=LINE('Line',#130,#132) ;
#164=LINE('Line',#161,#163) ;
#181=LINE('Line',#178,#180) ;
#188=LINE('Line',#185,#187) ;
#195=LINE('Line',#192,#194) ;
#212=LINE('Line',#209,#211) ;
#228=LINE('Line',#225,#227) ;
#261=LINE('Line',#258,#260) ;
#275=LINE('Line',#272,#274) ;
#292=LINE('Line',#289,#291) ;
#308=LINE('Line',#305,#307) ;
#341=LINE('Line',#338,#340) ;
#355=LINE('Line',#352,#354) ;
#372=LINE('Line',#369,#371) ;
#388=LINE('Line',#385,#387) ;
#412=LINE('Line',#409,#411) ;
#421=LINE('Line',#418,#420) ;
#426=LINE('Line',#423,#425) ;
#443=LINE('Line',#440,#442) ;
#450=LINE('Line',#447,#449) ;
#457=LINE('Line',#454,#456) ;
#496=LINE('Line',#493,#495) ;
#505=LINE('Line',#502,#504) ;
#510=LINE('Line',#507,#509) ;
#515=LINE('Line',#512,#514) ;
#520=LINE('Line',#517,#519) ;
#541=LINE('Line',#538,#540) ;
#548=LINE('Line',#545,#547) ;
#555=LINE('Line',#552,#554) ;
#572=LINE('Line',#569,#571) ;
#579=LINE('Line',#576,#578) ;
#596=LINE('Line',#593,#595) ;
#603=LINE('Line',#600,#602) ;
#615=LINE('Line',#612,#614) ;
#622=LINE('Line',#619,#621) ;
#627=LINE('Line',#624,#626) ;
#632=LINE('Line',#629,#631) ;
#653=LINE('Line',#650,#652) ;
#658=LINE('Line',#655,#657) ;
#663=LINE('Line',#660,#662) ;
#670=LINE('Line',#667,#669) ;
#675=LINE('Line',#672,#674) ;
#700=LINE('Line',#697,#699) ;
#861=LINE('Line',#858,#860) ;
#866=LINE('Line',#863,#865) ;
#890=LINE('Line',#887,#889) ;
#895=LINE('Line',#892,#894) ;
#954=LINE('Line',#951,#953) ;
#968=LINE('Line',#965,#967) ;
#985=LINE('Line',#982,#984) ;
#1001=LINE('Line',#998,#1000) ;
#1028=LINE('Line',#1025,#1027) ;
#1033=LINE('Line',#1030,#1032) ;
#1050=LINE('Line',#1047,#1049) ;
#1057=LINE('Line',#1054,#1056) ;
#1074=LINE('Line',#1071,#1073) ;
#1102=LINE('Line',#1099,#1101) ;
#1151=LINE('Line',#1148,#1150) ;
#1168=LINE('Line',#1165,#1167) ;
#1185=LINE('Line',#1182,#1184) ;
#1190=LINE('Line',#1187,#1189) ;
#1207=LINE('Line',#1204,#1206) ;
#1224=LINE('Line',#1221,#1223) ;
#1291=LINE('Line',#1288,#1290) ;
#1307=LINE('Line',#1304,#1306) ;
#1333=LINE('Line',#1330,#1332) ;
#1357=LINE('Line',#1354,#1356) ;
#1364=LINE('Line',#1361,#1363) ;
#1371=LINE('Line',#1368,#1370) ;
#1383=LINE('Line',#1380,#1382) ;
#1390=LINE('Line',#1387,#1389) ;
#1397=LINE('Line',#1394,#1396) ;
#1414=LINE('Line',#1411,#1413) ;
#1421=LINE('Line',#1418,#1420) ;
#1428=LINE('Line',#1425,#1427) ;
#1452=LINE('Line',#1449,#1451) ;
#1478=LINE('Line',#1475,#1477) ;
#1509=LINE('Line',#1506,#1508) ;
#1533=LINE('Line',#1530,#1532) ;
#1540=LINE('Line',#1537,#1539) ;
#1547=LINE('Line',#1544,#1546) ;
#1571=LINE('Line',#1568,#1570) ;
#1595=LINE('Line',#1592,#1594) ;
#1600=LINE('Line',#1597,#1599) ;
#1626=LINE('Line',#1623,#1625) ;
#1640=LINE('Line',#1637,#1639) ;
#1683=LINE('Line',#1680,#1682) ;
#1697=LINE('Line',#1694,#1696) ;
#1740=LINE('Line',#1737,#1739) ;
#1754=LINE('Line',#1751,#1753) ;
#2066=LINE('Line',#2063,#2065) ;
#2071=LINE('Line',#2068,#2070) ;
#2095=LINE('Line',#2092,#2094) ;
#2100=LINE('Line',#2097,#2099) ;
#2124=LINE('Line',#2121,#2123) ;
#2129=LINE('Line',#2126,#2128) ;
#2153=LINE('Line',#2150,#2152) ;
#2158=LINE('Line',#2155,#2157) ;
#2182=LINE('Line',#2179,#2181) ;
#2187=LINE('Line',#2184,#2186) ;
#2211=LINE('Line',#2208,#2210) ;
#2216=LINE('Line',#2213,#2215) ;
#2317=LINE('Line',#2314,#2316) ;
#2322=LINE('Line',#2319,#2321) ;
#2483=LINE('Line',#2480,#2482) ;
#2497=LINE('Line',#2494,#2496) ;
#2554=LINE('Line',#2551,#2553) ;
#2568=LINE('Line',#2565,#2567) ;
#2620=LINE('Line',#2617,#2619) ;
#2634=LINE('Line',#2631,#2633) ;
#2691=LINE('Line',#2688,#2690) ;
#2705=LINE('Line',#2702,#2704) ;
#2838=LINE('Line',#2835,#2837) ;
#2843=LINE('Line',#2840,#2842) ;
#2904=LINE('Line',#2901,#2903) ;
#2909=LINE('Line',#2906,#2908) ;
#2933=LINE('Line',#2930,#2932) ;
#2938=LINE('Line',#2935,#2937) ;
#2999=LINE('Line',#2996,#2998) ;
#3004=LINE('Line',#3001,#3003) ;
#3028=LINE('Line',#3025,#3027) ;
#3033=LINE('Line',#3030,#3032) ;
#3094=LINE('Line',#3091,#3093) ;
#3099=LINE('Line',#3096,#3098) ;
#3123=LINE('Line',#3120,#3122) ;
#3128=LINE('Line',#3125,#3127) ;
#3189=LINE('Line',#3186,#3188) ;
#3194=LINE('Line',#3191,#3193) ;
#3218=LINE('Line',#3215,#3217) ;
#3223=LINE('Line',#3220,#3222) ;
#3284=LINE('Line',#3281,#3283) ;
#3289=LINE('Line',#3286,#3288) ;
#3313=LINE('Line',#3310,#3312) ;
#3318=LINE('Line',#3315,#3317) ;
#3434=LINE('Line',#3431,#3433) ;
#3439=LINE('Line',#3436,#3438) ;
#3618=LINE('Line',#3615,#3617) ;
#3632=LINE('Line',#3629,#3631) ;
#3661=LINE('Line',#3658,#3660) ;
#3675=LINE('Line',#3672,#3674) ;
#3812=LINE('Line',#3809,#3811) ;
#3817=LINE('Line',#3814,#3816) ;
#3887=LINE('Line',#3884,#3886) ;
#3892=LINE('Line',#3889,#3891) ;
#3918=LINE('Line',#3915,#3917) ;
#3923=LINE('Line',#3920,#3922) ;
#3984=LINE('Line',#3981,#3983) ;
#3989=LINE('Line',#3986,#3988) ;
#4015=LINE('Line',#4012,#4014) ;
#4020=LINE('Line',#4017,#4019) ;
#4081=LINE('Line',#4078,#4080) ;
#4086=LINE('Line',#4083,#4085) ;
#4112=LINE('Line',#4109,#4111) ;
#4117=LINE('Line',#4114,#4116) ;
#4178=LINE('Line',#4175,#4177) ;
#4183=LINE('Line',#4180,#4182) ;
#4209=LINE('Line',#4206,#4208) ;
#4214=LINE('Line',#4211,#4213) ;
#4275=LINE('Line',#4272,#4274) ;
#4280=LINE('Line',#4277,#4279) ;
#4306=LINE('Line',#4303,#4305) ;
#4311=LINE('Line',#4308,#4310) ;
#4377=LINE('Line',#4374,#4376) ;
#4391=LINE('Line',#4388,#4390) ;
#4434=LINE('Line',#4431,#4433) ;
#4448=LINE('Line',#4445,#4447) ;
#4491=LINE('Line',#4488,#4490) ;
#4505=LINE('Line',#4502,#4504) ;
#4607=LINE('Line',#4604,#4606) ;
#4623=LINE('Line',#4620,#4622) ;
#4791=LINE('Line',#4788,#4790) ;
#4805=LINE('Line',#4802,#4804) ;
#4862=LINE('Line',#4859,#4861) ;
#4876=LINE('Line',#4873,#4875) ;
#5009=LINE('Line',#5006,#5008) ;
#5014=LINE('Line',#5011,#5013) ;
#5040=LINE('Line',#5037,#5039) ;
#5045=LINE('Line',#5042,#5044) ;
#5071=LINE('Line',#5068,#5070) ;
#5076=LINE('Line',#5073,#5075) ;
#5102=LINE('Line',#5099,#5101) ;
#5107=LINE('Line',#5104,#5106) ;
#5133=LINE('Line',#5130,#5132) ;
#5138=LINE('Line',#5135,#5137) ;
#5249=LINE('Line',#5246,#5248) ;
#5254=LINE('Line',#5251,#5253) ;
#5417=LINE('Line',#5414,#5416) ;
#5431=LINE('Line',#5428,#5430) ;
#5564=LINE('Line',#5561,#5563) ;
#5569=LINE('Line',#5566,#5568) ;
#5633=LINE('Line',#5630,#5632) ;
#5638=LINE('Line',#5635,#5637) ;
#5664=LINE('Line',#5661,#5663) ;
#5669=LINE('Line',#5666,#5668) ;
#5733=LINE('Line',#5730,#5732) ;
#5738=LINE('Line',#5735,#5737) ;
#5764=LINE('Line',#5761,#5763) ;
#5769=LINE('Line',#5766,#5768) ;
#5833=LINE('Line',#5830,#5832) ;
#5838=LINE('Line',#5835,#5837) ;
#5864=LINE('Line',#5861,#5863) ;
#5869=LINE('Line',#5866,#5868) ;
#5933=LINE('Line',#5930,#5932) ;
#5938=LINE('Line',#5935,#5937) ;
#5964=LINE('Line',#5961,#5963) ;
#5969=LINE('Line',#5966,#5968) ;
#6033=LINE('Line',#6030,#6032) ;
#6038=LINE('Line',#6035,#6037) ;
#6064=LINE('Line',#6061,#6063) ;
#6069=LINE('Line',#6066,#6068) ;
#88=CIRCLE('generated circle',#87,10.) ;
#102=CIRCLE('generated circle',#101,10.) ;
#150=CIRCLE('generated circle',#149,10.) ;
#157=CIRCLE('generated circle',#156,10.) ;
#221=CIRCLE('generated circle',#220,3.3) ;
#235=CIRCLE('generated circle',#234,3.3) ;
#252=CIRCLE('generated circle',#251,6.7) ;
#268=CIRCLE('generated circle',#267,6.7) ;
#301=CIRCLE('generated circle',#300,3.3) ;
#315=CIRCLE('generated circle',#314,3.3) ;
#332=CIRCLE('generated circle',#331,6.7) ;
#348=CIRCLE('generated circle',#347,6.7) ;
#381=CIRCLE('generated circle',#380,4.5) ;
#395=CIRCLE('generated circle',#394,4.5) ;
#474=CIRCLE('generated circle',#473,4.5) ;
#479=CIRCLE('generated circle',#478,4.5) ;
#759=CIRCLE('generated circle',#758,3.25) ;
#768=CIRCLE('generated circle',#767,3.25) ;
#777=CIRCLE('generated circle',#776,3.25) ;
#786=CIRCLE('generated circle',#785,3.25) ;
#819=CIRCLE('generated circle',#818,3.25) ;
#828=CIRCLE('generated circle',#827,3.25) ;
#837=CIRCLE('generated circle',#836,3.25) ;
#846=CIRCLE('generated circle',#845,3.25) ;
#945=CIRCLE('generated circle',#944,4.25) ;
#961=CIRCLE('generated circle',#960,4.25) ;
#994=CIRCLE('generated circle',#993,17.5) ;
#1008=CIRCLE('generated circle',#1007,17.5) ;
#1019=CIRCLE('generated circle',#1018,4.25) ;
#1300=CIRCLE('generated circle',#1299,15.) ;
#1314=CIRCLE('generated circle',#1313,15.) ;
#1326=CIRCLE('generated circle',#1325,15.) ;
#1340=CIRCLE('generated circle',#1339,15.) ;
#1445=CIRCLE('generated circle',#1444,25.) ;
#1459=CIRCLE('generated circle',#1458,25.) ;
#1471=CIRCLE('generated circle',#1470,25.) ;
#1485=CIRCLE('generated circle',#1484,25.) ;
#1502=CIRCLE('generated circle',#1501,25.) ;
#1516=CIRCLE('generated circle',#1515,25.) ;
#1564=CIRCLE('generated circle',#1563,15.) ;
#1578=CIRCLE('generated circle',#1577,15.) ;
#1617=CIRCLE('generated circle',#1616,15.1) ;
#1633=CIRCLE('generated circle',#1632,15.1) ;
#1652=CIRCLE('generated circle',#1651,15.1) ;
#1657=CIRCLE('generated circle',#1656,15.1) ;
#1674=CIRCLE('generated circle',#1673,3.25) ;
#1690=CIRCLE('generated circle',#1689,3.25) ;
#1709=CIRCLE('generated circle',#1708,3.25) ;
#1714=CIRCLE('generated circle',#1713,3.25) ;
#1731=CIRCLE('generated circle',#1730,3.25) ;
#1747=CIRCLE('generated circle',#1746,3.25) ;
#1766=CIRCLE('generated circle',#1765,3.25) ;
#1771=CIRCLE('generated circle',#1770,3.25) ;
#1813=CIRCLE('generated circle',#1812,2.75) ;
#1822=CIRCLE('generated circle',#1821,2.75) ;
#1831=CIRCLE('generated circle',#1830,2.75) ;
#1840=CIRCLE('generated circle',#1839,2.75) ;
#1849=CIRCLE('generated circle',#1848,2.75) ;
#1858=CIRCLE('generated circle',#1857,2.75) ;
#1867=CIRCLE('generated circle',#1866,2.75) ;
#1876=CIRCLE('generated circle',#1875,2.75) ;
#1885=CIRCLE('generated circle',#1884,2.75) ;
#1894=CIRCLE('generated circle',#1893,2.75) ;
#1903=CIRCLE('generated circle',#1902,2.75) ;
#1912=CIRCLE('generated circle',#1911,2.75) ;
#1952=CIRCLE('generated circle',#1951,2.75) ;
#1961=CIRCLE('generated circle',#1960,2.75) ;
#1970=CIRCLE('generated circle',#1969,2.75) ;
#1979=CIRCLE('generated circle',#1978,2.75) ;
#1988=CIRCLE('generated circle',#1987,2.75) ;
#1997=CIRCLE('generated circle',#1996,2.75) ;
#2006=CIRCLE('generated circle',#2005,2.75) ;
#2015=CIRCLE('generated circle',#2014,2.75) ;
#2024=CIRCLE('generated circle',#2023,2.75) ;
#2033=CIRCLE('generated circle',#2032,2.75) ;
#2042=CIRCLE('generated circle',#2041,2.75) ;
#2051=CIRCLE('generated circle',#2050,2.75) ;
#2266=CIRCLE('generated circle',#2265,3.) ;
#2275=CIRCLE('generated circle',#2274,3.) ;
#2284=CIRCLE('generated circle',#2283,1.7) ;
#2293=CIRCLE('generated circle',#2292,1.7) ;
#2308=CIRCLE('generated circle',#2307,1.7) ;
#2334=CIRCLE('generated circle',#2333,1.7) ;
#2351=CIRCLE('generated circle',#2350,40.) ;
#2360=CIRCLE('generated circle',#2359,40.) ;
#2369=CIRCLE('generated circle',#2368,3.) ;
#2378=CIRCLE('generated circle',#2377,3.) ;
#2387=CIRCLE('generated circle',#2386,3.) ;
#2396=CIRCLE('generated circle',#2395,3.) ;
#2405=CIRCLE('generated circle',#2404,3.) ;
#2414=CIRCLE('generated circle',#2413,3.) ;
#2423=CIRCLE('generated circle',#2422,3.) ;
#2432=CIRCLE('generated circle',#2431,3.) ;
#2441=CIRCLE('generated circle',#2440,3.) ;
#2450=CIRCLE('generated circle',#2449,3.) ;
#2459=CIRCLE('generated circle',#2458,3.) ;
#2468=CIRCLE('generated circle',#2467,3.) ;
#2490=CIRCLE('generated circle',#2489,40.) ;
#2509=CIRCLE('generated circle',#2508,40.) ;
#2530=CIRCLE('generated circle',#2529,25.) ;
#2539=CIRCLE('generated circle',#2538,25.) ;
#2561=CIRCLE('generated circle',#2560,25.) ;
#2580=CIRCLE('generated circle',#2579,25.) ;
#2597=CIRCLE('generated circle',#2596,40.) ;
#2606=CIRCLE('generated circle',#2605,40.) ;
#2627=CIRCLE('generated circle',#2626,40.) ;
#2646=CIRCLE('generated circle',#2645,40.) ;
#2667=CIRCLE('generated circle',#2666,15.15) ;
#2676=CIRCLE('generated circle',#2675,15.15) ;
#2698=CIRCLE('generated circle',#2697,15.15) ;
#2717=CIRCLE('generated circle',#2716,15.15) ;
#2738=CIRCLE('generated circle',#2737,1.7) ;
#2747=CIRCLE('generated circle',#2746,1.7) ;
#2756=CIRCLE('generated circle',#2755,1.7) ;
#2765=CIRCLE('generated circle',#2764,1.7) ;
#2778=CIRCLE('generated circle',#2777,1.7) ;
#2787=CIRCLE('generated circle',#2786,1.7) ;
#2796=CIRCLE('generated circle',#2795,1.7) ;
#2805=CIRCLE('generated circle',#2804,1.7) ;
#2814=CIRCLE('generated circle',#2813,1.7) ;
#2823=CIRCLE('generated circle',#2822,1.7) ;
#2862=CIRCLE('generated circle',#2861,3.) ;
#2871=CIRCLE('generated circle',#2870,3.) ;
#2880=CIRCLE('generated circle',#2879,1.7) ;
#2889=CIRCLE('generated circle',#2888,1.7) ;
#2957=CIRCLE('generated circle',#2956,3.) ;
#2966=CIRCLE('generated circle',#2965,3.) ;
#2975=CIRCLE('generated circle',#2974,1.7) ;
#2984=CIRCLE('generated circle',#2983,1.7) ;
#3052=CIRCLE('generated circle',#3051,3.) ;
#3061=CIRCLE('generated circle',#3060,3.) ;
#3070=CIRCLE('generated circle',#3069,1.7) ;
#3079=CIRCLE('generated circle',#3078,1.7) ;
#3147=CIRCLE('generated circle',#3146,3.) ;
#3156=CIRCLE('generated circle',#3155,3.) ;
#3165=CIRCLE('generated circle',#3164,1.7) ;
#3174=CIRCLE('generated circle',#3173,1.7) ;
#3242=CIRCLE('generated circle',#3241,3.) ;
#3251=CIRCLE('generated circle',#3250,3.) ;
#3260=CIRCLE('generated circle',#3259,1.7) ;
#3269=CIRCLE('generated circle',#3268,1.7) ;
#3383=CIRCLE('generated circle',#3382,4.) ;
#3392=CIRCLE('generated circle',#3391,4.) ;
#3401=CIRCLE('generated circle',#3400,2.25) ;
#3410=CIRCLE('generated circle',#3409,2.25) ;
#3425=CIRCLE('generated circle',#3424,2.25) ;
#3451=CIRCLE('generated circle',#3450,2.25) ;
#3468=CIRCLE('generated circle',#3467,30.) ;
#3477=CIRCLE('generated circle',#3476,30.) ;
#3486=CIRCLE('generated circle',#3485,4.) ;
#3495=CIRCLE('generated circle',#3494,4.) ;
#3504=CIRCLE('generated circle',#3503,4.) ;
#3513=CIRCLE('generated circle',#3512,4.) ;
#3522=CIRCLE('generated circle',#3521,11.5) ;
#3531=CIRCLE('generated circle',#3530,11.5) ;
#3540=CIRCLE('generated circle',#3539,4.) ;
#3549=CIRCLE('generated circle',#3548,4.) ;
#3558=CIRCLE('generated circle',#3557,4.) ;
#3567=CIRCLE('generated circle',#3566,4.) ;
#3576=CIRCLE('generated circle',#3575,4.) ;
#3585=CIRCLE('generated circle',#3584,4.) ;
#3594=CIRCLE('generated circle',#3593,4.) ;
#3603=CIRCLE('generated circle',#3602,4.) ;
#3625=CIRCLE('generated circle',#3624,30.) ;
#3644=CIRCLE('generated circle',#3643,30.) ;
#3668=CIRCLE('generated circle',#3667,11.5) ;
#3687=CIRCLE('generated circle',#3686,11.5) ;
#3708=CIRCLE('generated circle',#3707,2.25) ;
#3717=CIRCLE('generated circle',#3716,2.25) ;
#3734=CIRCLE('generated circle',#3733,2.25) ;
#3743=CIRCLE('generated circle',#3742,2.25) ;
#3752=CIRCLE('generated circle',#3751,2.25) ;
#3761=CIRCLE('generated circle',#3760,2.25) ;
#3770=CIRCLE('generated circle',#3769,2.25) ;
#3779=CIRCLE('generated circle',#3778,2.25) ;
#3788=CIRCLE('generated circle',#3787,2.25) ;
#3797=CIRCLE('generated circle',#3796,2.25) ;
#3845=CIRCLE('generated circle',#3844,4.) ;
#3854=CIRCLE('generated circle',#3853,4.) ;
#3863=CIRCLE('generated circle',#3862,2.25) ;
#3872=CIRCLE('generated circle',#3871,2.25) ;
#3942=CIRCLE('generated circle',#3941,4.) ;
#3951=CIRCLE('generated circle',#3950,4.) ;
#3960=CIRCLE('generated circle',#3959,2.25) ;
#3969=CIRCLE('generated circle',#3968,2.25) ;
#4039=CIRCLE('generated circle',#4038,4.) ;
#4048=CIRCLE('generated circle',#4047,4.) ;
#4057=CIRCLE('generated circle',#4056,2.25) ;
#4066=CIRCLE('generated circle',#4065,2.25) ;
#4136=CIRCLE('generated circle',#4135,4.) ;
#4145=CIRCLE('generated circle',#4144,4.) ;
#4154=CIRCLE('generated circle',#4153,2.25) ;
#4163=CIRCLE('generated circle',#4162,2.25) ;
#4233=CIRCLE('generated circle',#4232,4.) ;
#4242=CIRCLE('generated circle',#4241,4.) ;
#4251=CIRCLE('generated circle',#4250,2.25) ;
#4260=CIRCLE('generated circle',#4259,2.25) ;
#4368=CIRCLE('generated circle',#4367,10.) ;
#4384=CIRCLE('generated circle',#4383,10.) ;
#4403=CIRCLE('generated circle',#4402,10.) ;
#4408=CIRCLE('generated circle',#4407,10.) ;
#4425=CIRCLE('generated circle',#4424,11.5) ;
#4441=CIRCLE('generated circle',#4440,11.5) ;
#4460=CIRCLE('generated circle',#4459,11.5) ;
#4465=CIRCLE('generated circle',#4464,11.5) ;
#4482=CIRCLE('generated circle',#4481,14.84) ;
#4498=CIRCLE('generated circle',#4497,14.84) ;
#4517=CIRCLE('generated circle',#4516,14.84) ;
#4522=CIRCLE('generated circle',#4521,14.84) ;
#4616=CIRCLE('generated circle',#4615,1.2295) ;
#4630=CIRCLE('generated circle',#4629,1.2295) ;
#4655=CIRCLE('generated circle',#4654,15.) ;
#4664=CIRCLE('generated circle',#4663,15.) ;
#4673=CIRCLE('generated circle',#4672,1.2295) ;
#4682=CIRCLE('generated circle',#4681,1.2295) ;
#4691=CIRCLE('generated circle',#4690,1.2295) ;
#4700=CIRCLE('generated circle',#4699,1.2295) ;
#4709=CIRCLE('generated circle',#4708,1.2295) ;
#4718=CIRCLE('generated circle',#4717,1.2295) ;
#4727=CIRCLE('generated circle',#4726,1.2295) ;
#4736=CIRCLE('generated circle',#4735,1.2295) ;
#4745=CIRCLE('generated circle',#4744,1.2295) ;
#4754=CIRCLE('generated circle',#4753,1.2295) ;
#4763=CIRCLE('generated circle',#4762,1.2295) ;
#4773=CIRCLE('generated circle',#4772,1.2295) ;
#4798=CIRCLE('generated circle',#4797,15.) ;
#4817=CIRCLE('generated circle',#4816,15.) ;
#4838=CIRCLE('generated circle',#4837,10.075) ;
#4847=CIRCLE('generated circle',#4846,10.075) ;
#4869=CIRCLE('generated circle',#4868,10.075) ;
#4888=CIRCLE('generated circle',#4887,10.075) ;
#4909=CIRCLE('generated circle',#4908,1.2295) ;
#4918=CIRCLE('generated circle',#4917,1.2295) ;
#4931=CIRCLE('generated circle',#4930,1.2295) ;
#4940=CIRCLE('generated circle',#4939,1.2295) ;
#4949=CIRCLE('generated circle',#4948,1.2295) ;
#4958=CIRCLE('generated circle',#4957,1.2295) ;
#4967=CIRCLE('generated circle',#4966,1.2295) ;
#4976=CIRCLE('generated circle',#4975,1.2295) ;
#4985=CIRCLE('generated circle',#4984,1.2295) ;
#4994=CIRCLE('generated circle',#4993,1.2295) ;
#5190=CIRCLE('generated circle',#5189,3.) ;
#5199=CIRCLE('generated circle',#5198,3.) ;
#5208=CIRCLE('generated circle',#5207,1.7) ;
#5217=CIRCLE('generated circle',#5216,1.7) ;
#5240=CIRCLE('generated circle',#5239,1.7) ;
#5267=CIRCLE('generated circle',#5266,1.7) ;
#5285=CIRCLE('generated circle',#5284,15.) ;
#5294=CIRCLE('generated circle',#5293,15.) ;
#5303=CIRCLE('generated circle',#5302,3.) ;
#5312=CIRCLE('generated circle',#5311,3.) ;
#5321=CIRCLE('generated circle',#5320,3.) ;
#5330=CIRCLE('generated circle',#5329,3.) ;
#5339=CIRCLE('generated circle',#5338,3.) ;
#5348=CIRCLE('generated circle',#5347,3.) ;
#5357=CIRCLE('generated circle',#5356,3.) ;
#5366=CIRCLE('generated circle',#5365,3.) ;
#5375=CIRCLE('generated circle',#5374,3.) ;
#5384=CIRCLE('generated circle',#5383,3.) ;
#5393=CIRCLE('generated circle',#5392,3.) ;
#5402=CIRCLE('generated circle',#5401,3.) ;
#5424=CIRCLE('generated circle',#5423,15.) ;
#5443=CIRCLE('generated circle',#5442,15.) ;
#5464=CIRCLE('generated circle',#5463,1.7) ;
#5473=CIRCLE('generated circle',#5472,1.7) ;
#5482=CIRCLE('generated circle',#5481,1.7) ;
#5491=CIRCLE('generated circle',#5490,1.7) ;
#5504=CIRCLE('generated circle',#5503,1.7) ;
#5513=CIRCLE('generated circle',#5512,1.7) ;
#5522=CIRCLE('generated circle',#5521,1.7) ;
#5531=CIRCLE('generated circle',#5530,1.7) ;
#5540=CIRCLE('generated circle',#5539,1.7) ;
#5549=CIRCLE('generated circle',#5548,1.7) ;
#5590=CIRCLE('generated circle',#5589,3.) ;
#5599=CIRCLE('generated circle',#5598,3.) ;
#5608=CIRCLE('generated circle',#5607,1.7) ;
#5617=CIRCLE('generated circle',#5616,1.7) ;
#5690=CIRCLE('generated circle',#5689,3.) ;
#5699=CIRCLE('generated circle',#5698,3.) ;
#5708=CIRCLE('generated circle',#5707,1.7) ;
#5717=CIRCLE('generated circle',#5716,1.7) ;
#5790=CIRCLE('generated circle',#5789,3.) ;
#5799=CIRCLE('generated circle',#5798,3.) ;
#5808=CIRCLE('generated circle',#5807,1.7) ;
#5817=CIRCLE('generated circle',#5816,1.7) ;
#5890=CIRCLE('generated circle',#5889,3.) ;
#5899=CIRCLE('generated circle',#5898,3.) ;
#5908=CIRCLE('generated circle',#5907,1.7) ;
#5917=CIRCLE('generated circle',#5916,1.7) ;
#5990=CIRCLE('generated circle',#5989,3.) ;
#5999=CIRCLE('generated circle',#5998,3.) ;
#6008=CIRCLE('generated circle',#6007,1.7) ;
#6017=CIRCLE('generated circle',#6016,1.7) ;
#44=PLANE('',#43) ;
#115=PLANE('',#114) ;
#177=PLANE('',#176) ;
#408=PLANE('',#407) ;
#439=PLANE('',#438) ;
#492=PLANE('',#491) ;
#537=PLANE('',#536) ;
#568=PLANE('',#567) ;
#592=PLANE('',#591) ;
#649=PLANE('',#648) ;
#696=PLANE('',#695) ;
#713=PLANE('',#712) ;
#725=PLANE('',#724) ;
#737=PLANE('',#736) ;
#797=PLANE('',#796) ;
#981=PLANE('',#980) ;
#1046=PLANE('',#1045) ;
#1070=PLANE('',#1069) ;
#1164=PLANE('',#1163) ;
#1203=PLANE('',#1202) ;
#1237=PLANE('',#1236) ;
#1353=PLANE('',#1352) ;
#1410=PLANE('',#1409) ;
#1529=PLANE('',#1528) ;
#1591=PLANE('',#1590) ;
#1784=PLANE('',#1783) ;
#1923=PLANE('',#1922) ;
#2262=PLANE('',#2261) ;
#2347=PLANE('',#2346) ;
#2522=PLANE('',#2521) ;
#2593=PLANE('',#2592) ;
#2659=PLANE('',#2658) ;
#2730=PLANE('',#2729) ;
#3379=PLANE('',#3378) ;
#3464=PLANE('',#3463) ;
#3700=PLANE('',#3699) ;
#4535=PLANE('',#4534) ;
#4549=PLANE('',#4548) ;
#4563=PLANE('',#4562) ;
#4651=PLANE('',#4650) ;
#4830=PLANE('',#4829) ;
#4901=PLANE('',#4900) ;
#5186=PLANE('',#5185) ;
#5281=PLANE('',#5280) ;
#5456=PLANE('',#5455) ;
#84=CYLINDRICAL_SURFACE('generated cylinder',#83,10.) ;
#146=CYLINDRICAL_SURFACE('generated cylinder',#145,10.) ;
#208=CYLINDRICAL_SURFACE('generated cylinder',#207,3.3) ;
#248=CYLINDRICAL_SURFACE('generated cylinder',#247,6.7) ;
#288=CYLINDRICAL_SURFACE('generated cylinder',#287,3.3) ;
#328=CYLINDRICAL_SURFACE('generated cylinder',#327,6.7) ;
#368=CYLINDRICAL_SURFACE('generated cylinder',#367,4.5) ;
#470=CYLINDRICAL_SURFACE('generated cylinder',#469,4.5) ;
#857=CYLINDRICAL_SURFACE('generated cylinder',#856,3.25) ;
#886=CYLINDRICAL_SURFACE('generated cylinder',#885,3.25) ;
#941=CYLINDRICAL_SURFACE('generated cylinder',#940,4.25) ;
#1181=CYLINDRICAL_SURFACE('generated cylinder',#1180,17.5) ;
#1220=CYLINDRICAL_SURFACE('generated cylinder',#1219,17.5) ;
#1249=CYLINDRICAL_SURFACE('generated cylinder',#1248,4.25) ;
#1287=CYLINDRICAL_SURFACE('generated cylinder',#1286,15.) ;
#1441=CYLINDRICAL_SURFACE('generated cylinder',#1440,25.) ;
#1498=CYLINDRICAL_SURFACE('generated cylinder',#1497,25.) ;
#1560=CYLINDRICAL_SURFACE('generated cylinder',#1559,15.) ;
#1613=CYLINDRICAL_SURFACE('generated cylinder',#1612,15.1) ;
#1670=CYLINDRICAL_SURFACE('generated cylinder',#1669,3.25) ;
#1727=CYLINDRICAL_SURFACE('generated cylinder',#1726,3.25) ;
#2062=CYLINDRICAL_SURFACE('generated cylinder',#2061,2.75) ;
#2091=CYLINDRICAL_SURFACE('generated cylinder',#2090,2.75) ;
#2120=CYLINDRICAL_SURFACE('generated cylinder',#2119,2.75) ;
#2149=CYLINDRICAL_SURFACE('generated cylinder',#2148,2.75) ;
#2178=CYLINDRICAL_SURFACE('generated cylinder',#2177,2.75) ;
#2207=CYLINDRICAL_SURFACE('generated cylinder',#2206,2.75) ;
#2304=CYLINDRICAL_SURFACE('generated cylinder',#2303,1.7) ;
#2479=CYLINDRICAL_SURFACE('generated cylinder',#2478,40.) ;
#2550=CYLINDRICAL_SURFACE('generated cylinder',#2549,25.) ;
#2687=CYLINDRICAL_SURFACE('generated cylinder',#2686,15.15) ;
#2834=CYLINDRICAL_SURFACE('generated cylinder',#2833,3.) ;
#2900=CYLINDRICAL_SURFACE('generated cylinder',#2899,3.) ;
#2929=CYLINDRICAL_SURFACE('generated cylinder',#2928,1.7) ;
#2995=CYLINDRICAL_SURFACE('generated cylinder',#2994,3.) ;
#3024=CYLINDRICAL_SURFACE('generated cylinder',#3023,1.7) ;
#3090=CYLINDRICAL_SURFACE('generated cylinder',#3089,3.) ;
#3119=CYLINDRICAL_SURFACE('generated cylinder',#3118,1.7) ;
#3185=CYLINDRICAL_SURFACE('generated cylinder',#3184,3.) ;
#3214=CYLINDRICAL_SURFACE('generated cylinder',#3213,1.7) ;
#3280=CYLINDRICAL_SURFACE('generated cylinder',#3279,3.) ;
#3309=CYLINDRICAL_SURFACE('generated cylinder',#3308,1.7) ;
#3421=CYLINDRICAL_SURFACE('generated cylinder',#3420,2.25) ;
#3614=CYLINDRICAL_SURFACE('generated cylinder',#3613,30.) ;
#3657=CYLINDRICAL_SURFACE('generated cylinder',#3656,11.5) ;
#3808=CYLINDRICAL_SURFACE('generated cylinder',#3807,4.) ;
#3883=CYLINDRICAL_SURFACE('generated cylinder',#3882,4.) ;
#3914=CYLINDRICAL_SURFACE('generated cylinder',#3913,2.25) ;
#3980=CYLINDRICAL_SURFACE('generated cylinder',#3979,4.) ;
#4011=CYLINDRICAL_SURFACE('generated cylinder',#4010,2.25) ;
#4077=CYLINDRICAL_SURFACE('generated cylinder',#4076,4.) ;
#4108=CYLINDRICAL_SURFACE('generated cylinder',#4107,2.25) ;
#4174=CYLINDRICAL_SURFACE('generated cylinder',#4173,4.) ;
#4205=CYLINDRICAL_SURFACE('generated cylinder',#4204,2.25) ;
#4271=CYLINDRICAL_SURFACE('generated cylinder',#4270,4.) ;
#4302=CYLINDRICAL_SURFACE('generated cylinder',#4301,2.25) ;
#4364=CYLINDRICAL_SURFACE('generated cylinder',#4363,10.) ;
#4421=CYLINDRICAL_SURFACE('generated cylinder',#4420,11.5) ;
#4478=CYLINDRICAL_SURFACE('generated cylinder',#4477,14.84) ;
#4603=CYLINDRICAL_SURFACE('generated cylinder',#4602,1.2295) ;
#4787=CYLINDRICAL_SURFACE('generated cylinder',#4786,15.) ;
#4858=CYLINDRICAL_SURFACE('generated cylinder',#4857,10.075) ;
#5005=CYLINDRICAL_SURFACE('generated cylinder',#5004,1.2295) ;
#5036=CYLINDRICAL_SURFACE('generated cylinder',#5035,1.2295) ;
#5067=CYLINDRICAL_SURFACE('generated cylinder',#5066,1.2295) ;
#5098=CYLINDRICAL_SURFACE('generated cylinder',#5097,1.2295) ;
#5129=CYLINDRICAL_SURFACE('generated cylinder',#5128,1.2295) ;
#5236=CYLINDRICAL_SURFACE('generated cylinder',#5235,1.7) ;
#5413=CYLINDRICAL_SURFACE('generated cylinder',#5412,15.) ;
#5560=CYLINDRICAL_SURFACE('generated cylinder',#5559,3.) ;
#5629=CYLINDRICAL_SURFACE('generated cylinder',#5628,3.) ;
#5660=CYLINDRICAL_SURFACE('generated cylinder',#5659,1.7) ;
#5729=CYLINDRICAL_SURFACE('generated cylinder',#5728,3.) ;
#5760=CYLINDRICAL_SURFACE('generated cylinder',#5759,1.7) ;
#5829=CYLINDRICAL_SURFACE('generated cylinder',#5828,3.) ;
#5860=CYLINDRICAL_SURFACE('generated cylinder',#5859,1.7) ;
#5929=CYLINDRICAL_SURFACE('generated cylinder',#5928,3.) ;
#5960=CYLINDRICAL_SURFACE('generated cylinder',#5959,1.7) ;
#6029=CYLINDRICAL_SURFACE('generated cylinder',#6028,3.) ;
#6060=CYLINDRICAL_SURFACE('generated cylinder',#6059,1.7) ;
#755=FACE_BOUND('',#750,.T.) ;
#773=FACE_BOUND('',#770,.T.) ;
#791=FACE_BOUND('',#788,.T.) ;
#815=FACE_BOUND('',#810,.T.) ;
#833=FACE_BOUND('',#830,.T.) ;
#851=FACE_BOUND('',#848,.T.) ;
#1040=FACE_BOUND('',#1035,.T.) ;
#1158=FACE_BOUND('',#1153,.T.) ;
#1801=FACE_BOUND('',#1798,.T.) ;
#1805=FACE_BOUND('',#1802,.T.) ;
#1809=FACE_BOUND('',#1806,.T.) ;
#1827=FACE_BOUND('',#1824,.T.) ;
#1845=FACE_BOUND('',#1842,.T.) ;
#1863=FACE_BOUND('',#1860,.T.) ;
#1881=FACE_BOUND('',#1878,.T.) ;
#1899=FACE_BOUND('',#1896,.T.) ;
#1917=FACE_BOUND('',#1914,.T.) ;
#1940=FACE_BOUND('',#1937,.T.) ;
#1944=FACE_BOUND('',#1941,.T.) ;
#1948=FACE_BOUND('',#1945,.T.) ;
#1966=FACE_BOUND('',#1963,.T.) ;
#1984=FACE_BOUND('',#1981,.T.) ;
#2002=FACE_BOUND('',#1999,.T.) ;
#2020=FACE_BOUND('',#2017,.T.) ;
#2038=FACE_BOUND('',#2035,.T.) ;
#2056=FACE_BOUND('',#2053,.T.) ;
#2298=FACE_BOUND('',#2295,.T.) ;
#2383=FACE_BOUND('',#2380,.T.) ;
#2401=FACE_BOUND('',#2398,.T.) ;
#2419=FACE_BOUND('',#2416,.T.) ;
#2437=FACE_BOUND('',#2434,.T.) ;
#2455=FACE_BOUND('',#2452,.T.) ;
#2473=FACE_BOUND('',#2470,.T.) ;
#2544=FACE_BOUND('',#2541,.T.) ;
#2615=FACE_BOUND('',#2612,.T.) ;
#2681=FACE_BOUND('',#2678,.T.) ;
#2752=FACE_BOUND('',#2749,.T.) ;
#2770=FACE_BOUND('',#2767,.T.) ;
#2774=FACE_BOUND('',#2771,.T.) ;
#2792=FACE_BOUND('',#2789,.T.) ;
#2810=FACE_BOUND('',#2807,.T.) ;
#2828=FACE_BOUND('',#2825,.T.) ;
#2894=FACE_BOUND('',#2891,.T.) ;
#2989=FACE_BOUND('',#2986,.T.) ;
#3084=FACE_BOUND('',#3081,.T.) ;
#3179=FACE_BOUND('',#3176,.T.) ;
#3274=FACE_BOUND('',#3271,.T.) ;
#3415=FACE_BOUND('',#3412,.T.) ;
#3500=FACE_BOUND('',#3497,.T.) ;
#3518=FACE_BOUND('',#3515,.T.) ;
#3536=FACE_BOUND('',#3533,.T.) ;
#3554=FACE_BOUND('',#3551,.T.) ;
#3572=FACE_BOUND('',#3569,.T.) ;
#3590=FACE_BOUND('',#3587,.T.) ;
#3608=FACE_BOUND('',#3605,.T.) ;
#3722=FACE_BOUND('',#3719,.T.) ;
#3726=FACE_BOUND('',#3723,.T.) ;
#3730=FACE_BOUND('',#3727,.T.) ;
#3748=FACE_BOUND('',#3745,.T.) ;
#3766=FACE_BOUND('',#3763,.T.) ;
#3784=FACE_BOUND('',#3781,.T.) ;
#3802=FACE_BOUND('',#3799,.T.) ;
#3877=FACE_BOUND('',#3874,.T.) ;
#3974=FACE_BOUND('',#3971,.T.) ;
#4071=FACE_BOUND('',#4068,.T.) ;
#4168=FACE_BOUND('',#4165,.T.) ;
#4265=FACE_BOUND('',#4262,.T.) ;
#4543=FACE_BOUND('',#4540,.T.) ;
#4557=FACE_BOUND('',#4554,.T.) ;
#4571=FACE_BOUND('',#4568,.T.) ;
#4687=FACE_BOUND('',#4684,.T.) ;
#4696=FACE_BOUND('',#4693,.T.) ;
#4714=FACE_BOUND('',#4711,.T.) ;
#4732=FACE_BOUND('',#4729,.T.) ;
#4750=FACE_BOUND('',#4747,.T.) ;
#4768=FACE_BOUND('',#4765,.T.) ;
#4852=FACE_BOUND('',#4849,.T.) ;
#4923=FACE_BOUND('',#4920,.T.) ;
#4927=FACE_BOUND('',#4924,.T.) ;
#4945=FACE_BOUND('',#4942,.T.) ;
#4963=FACE_BOUND('',#4960,.T.) ;
#4981=FACE_BOUND('',#4978,.T.) ;
#4999=FACE_BOUND('',#4996,.T.) ;
#5222=FACE_BOUND('',#5219,.T.) ;
#5317=FACE_BOUND('',#5314,.T.) ;
#5335=FACE_BOUND('',#5332,.T.) ;
#5353=FACE_BOUND('',#5350,.T.) ;
#5371=FACE_BOUND('',#5368,.T.) ;
#5389=FACE_BOUND('',#5386,.T.) ;
#5407=FACE_BOUND('',#5404,.T.) ;
#5478=FACE_BOUND('',#5475,.T.) ;
#5496=FACE_BOUND('',#5493,.T.) ;
#5500=FACE_BOUND('',#5497,.T.) ;
#5518=FACE_BOUND('',#5515,.T.) ;
#5536=FACE_BOUND('',#5533,.T.) ;
#5554=FACE_BOUND('',#5551,.T.) ;
#5622=FACE_BOUND('',#5619,.T.) ;
#5722=FACE_BOUND('',#5719,.T.) ;
#5822=FACE_BOUND('',#5819,.T.) ;
#5922=FACE_BOUND('',#5919,.T.) ;
#6022=FACE_BOUND('',#6019,.T.) ;
#53=EDGE_CURVE('',#50,#52,#48,.F.) ;
#60=EDGE_CURVE('',#59,#50,#57,.T.) ;
#67=EDGE_CURVE('',#59,#66,#64,.F.) ;
#72=EDGE_CURVE('',#66,#52,#71,.T.) ;
#91=EDGE_CURVE('',#52,#90,#88,.T.) ;
#98=EDGE_CURVE('',#97,#90,#95,.F.) ;
#103=EDGE_CURVE('',#97,#50,#102,.F.) ;
#122=EDGE_CURVE('',#90,#121,#119,.F.) ;
#129=EDGE_CURVE('',#121,#128,#126,.F.) ;
#134=EDGE_CURVE('',#128,#97,#133,.F.) ;
#153=EDGE_CURVE('',#152,#128,#150,.T.) ;
#160=EDGE_CURVE('',#121,#159,#157,.F.) ;
#165=EDGE_CURVE('',#159,#152,#164,.F.) ;
#184=EDGE_CURVE('',#183,#159,#181,.T.) ;
#191=EDGE_CURVE('',#183,#190,#188,.F.) ;
#196=EDGE_CURVE('',#190,#152,#195,.T.) ;
#217=EDGE_CURVE('',#214,#216,#212,.T.) ;
#224=EDGE_CURVE('',#223,#214,#221,.T.) ;
#231=EDGE_CURVE('',#223,#230,#228,.T.) ;
#236=EDGE_CURVE('',#216,#230,#235,.F.) ;
#257=EDGE_CURVE('',#254,#256,#252,.T.) ;
#264=EDGE_CURVE('',#263,#256,#261,.F.) ;
#271=EDGE_CURVE('',#263,#270,#268,.F.) ;
#276=EDGE_CURVE('',#270,#254,#275,.F.) ;
#297=EDGE_CURVE('',#294,#296,#292,.F.) ;
#304=EDGE_CURVE('',#303,#294,#301,.F.) ;
#311=EDGE_CURVE('',#303,#310,#308,.F.) ;
#316=EDGE_CURVE('',#296,#310,#315,.T.) ;
#337=EDGE_CURVE('',#334,#336,#332,.T.) ;
#344=EDGE_CURVE('',#343,#336,#341,.F.) ;
#351=EDGE_CURVE('',#343,#350,#348,.F.) ;
#356=EDGE_CURVE('',#350,#334,#355,.F.) ;
#377=EDGE_CURVE('',#374,#376,#372,.F.) ;
#384=EDGE_CURVE('',#374,#383,#381,.T.) ;
#391=EDGE_CURVE('',#383,#390,#388,.F.) ;
#396=EDGE_CURVE('',#376,#390,#395,.T.) ;
#417=EDGE_CURVE('',#414,#416,#412,.T.) ;
#422=EDGE_CURVE('',#414,#374,#421,.F.) ;
#427=EDGE_CURVE('',#416,#376,#426,.F.) ;
#446=EDGE_CURVE('',#383,#445,#443,.F.) ;
#453=EDGE_CURVE('',#445,#452,#450,.T.) ;
#458=EDGE_CURVE('',#390,#452,#457,.F.) ;
#475=EDGE_CURVE('',#445,#414,#474,.T.) ;
#480=EDGE_CURVE('',#452,#416,#479,.T.) ;
#501=EDGE_CURVE('',#498,#500,#496,.T.) ;
#506=EDGE_CURVE('',#500,#296,#505,.T.) ;
#511=EDGE_CURVE('',#66,#310,#510,.F.) ;
#516=EDGE_CURVE('',#59,#270,#515,.F.) ;
#521=EDGE_CURVE('',#263,#498,#520,.T.) ;
#544=EDGE_CURVE('',#543,#343,#541,.F.) ;
#551=EDGE_CURVE('',#550,#336,#548,.F.) ;
#556=EDGE_CURVE('',#543,#550,#555,.T.) ;
#575=EDGE_CURVE('',#574,#500,#572,.T.) ;
#580=EDGE_CURVE('',#574,#294,#579,.T.) ;
#599=EDGE_CURVE('',#598,#498,#596,.T.) ;
#604=EDGE_CURVE('',#256,#598,#603,.T.) ;
#618=EDGE_CURVE('',#550,#617,#615,.T.) ;
#623=EDGE_CURVE('',#334,#190,#622,.F.) ;
#628=EDGE_CURVE('',#223,#183,#627,.F.) ;
#633=EDGE_CURVE('',#214,#617,#632,.F.) ;
#654=EDGE_CURVE('',#598,#574,#653,.T.) ;
#659=EDGE_CURVE('',#254,#350,#658,.F.) ;
#666=EDGE_CURVE('',#543,#665,#663,.T.) ;
#671=EDGE_CURVE('',#216,#665,#670,.F.) ;
#676=EDGE_CURVE('',#303,#230,#675,.F.) ;
#701=EDGE_CURVE('',#665,#617,#700,.T.) ;
#764=EDGE_CURVE('',#761,#763,#759,.T.) ;
#769=EDGE_CURVE('',#763,#761,#768,.T.) ;
#782=EDGE_CURVE('',#779,#781,#777,.T.) ;
#787=EDGE_CURVE('',#781,#779,#786,.T.) ;
#824=EDGE_CURVE('',#821,#823,#819,.T.) ;
#829=EDGE_CURVE('',#823,#821,#828,.T.) ;
#842=EDGE_CURVE('',#839,#841,#837,.T.) ;
#847=EDGE_CURVE('',#841,#839,#846,.T.) ;
#862=EDGE_CURVE('',#779,#841,#861,.T.) ;
#867=EDGE_CURVE('',#781,#839,#866,.T.) ;
#891=EDGE_CURVE('',#761,#823,#890,.T.) ;
#896=EDGE_CURVE('',#763,#821,#895,.T.) ;
#950=EDGE_CURVE('',#947,#949,#945,.T.) ;
#957=EDGE_CURVE('',#947,#956,#954,.T.) ;
#964=EDGE_CURVE('',#956,#963,#961,.T.) ;
#969=EDGE_CURVE('',#963,#949,#968,.F.) ;
#990=EDGE_CURVE('',#987,#989,#985,.F.) ;
#997=EDGE_CURVE('',#996,#987,#994,.T.) ;
#1004=EDGE_CURVE('',#1003,#996,#1001,.T.) ;
#1009=EDGE_CURVE('',#989,#1003,#1008,.T.) ;
#1024=EDGE_CURVE('',#1021,#1023,#1019,.T.) ;
#1029=EDGE_CURVE('',#1023,#947,#1028,.F.) ;
#1034=EDGE_CURVE('',#949,#1021,#1033,.F.) ;
#1053=EDGE_CURVE('',#1023,#1052,#1050,.T.) ;
#1058=EDGE_CURVE('',#956,#1052,#1057,.T.) ;
#1079=EDGE_CURVE('',#1076,#1078,#1074,.F.) ;
#1098=EDGE_CURVE('',#1078,#1097,#1080,.T.) ;
#1105=EDGE_CURVE('',#1104,#1097,#1102,.F.) ;
#1122=EDGE_CURVE('',#1104,#1076,#1106,.T.) ;
#1147=EDGE_CURVE('',#1146,#1052,#1129,.T.) ;
#1152=EDGE_CURVE('',#1146,#963,#1151,.T.) ;
#1169=EDGE_CURVE('',#1021,#1146,#1168,.F.) ;
#1186=EDGE_CURVE('',#1076,#1003,#1185,.F.) ;
#1191=EDGE_CURVE('',#989,#1104,#1190,.T.) ;
#1208=EDGE_CURVE('',#996,#1078,#1207,.T.) ;
#1225=EDGE_CURVE('',#987,#1097,#1224,.T.) ;
#1296=EDGE_CURVE('',#1293,#1295,#1291,.T.) ;
#1303=EDGE_CURVE('',#1293,#1302,#1300,.T.) ;
#1310=EDGE_CURVE('',#1302,#1309,#1307,.T.) ;
#1315=EDGE_CURVE('',#1295,#1309,#1314,.T.) ;
#1329=EDGE_CURVE('',#1302,#1328,#1326,.T.) ;
#1336=EDGE_CURVE('',#1328,#1335,#1333,.T.) ;
#1341=EDGE_CURVE('',#1309,#1335,#1340,.T.) ;
#1360=EDGE_CURVE('',#1328,#1359,#1357,.F.) ;
#1367=EDGE_CURVE('',#1359,#1366,#1364,.T.) ;
#1372=EDGE_CURVE('',#1335,#1366,#1371,.F.) ;
#1386=EDGE_CURVE('',#1359,#1385,#1383,.T.) ;
#1393=EDGE_CURVE('',#1385,#1392,#1390,.T.) ;
#1398=EDGE_CURVE('',#1366,#1392,#1397,.T.) ;
#1417=EDGE_CURVE('',#1385,#1416,#1414,.T.) ;
#1424=EDGE_CURVE('',#1416,#1423,#1421,.T.) ;
#1429=EDGE_CURVE('',#1392,#1423,#1428,.T.) ;
#1448=EDGE_CURVE('',#1416,#1447,#1445,.T.) ;
#1455=EDGE_CURVE('',#1447,#1454,#1452,.T.) ;
#1460=EDGE_CURVE('',#1423,#1454,#1459,.T.) ;
#1474=EDGE_CURVE('',#1447,#1473,#1471,.T.) ;
#1481=EDGE_CURVE('',#1473,#1480,#1478,.T.) ;
#1486=EDGE_CURVE('',#1454,#1480,#1485,.T.) ;
#1505=EDGE_CURVE('',#1473,#1504,#1502,.T.) ;
#1512=EDGE_CURVE('',#1504,#1511,#1509,.T.) ;
#1517=EDGE_CURVE('',#1480,#1511,#1516,.T.) ;
#1536=EDGE_CURVE('',#1504,#1535,#1533,.F.) ;
#1543=EDGE_CURVE('',#1535,#1542,#1540,.T.) ;
#1548=EDGE_CURVE('',#1511,#1542,#1547,.F.) ;
#1567=EDGE_CURVE('',#1535,#1566,#1564,.T.) ;
#1574=EDGE_CURVE('',#1566,#1573,#1571,.T.) ;
#1579=EDGE_CURVE('',#1542,#1573,#1578,.T.) ;
#1596=EDGE_CURVE('',#1566,#1293,#1595,.F.) ;
#1601=EDGE_CURVE('',#1573,#1295,#1600,.F.) ;
#1622=EDGE_CURVE('',#1619,#1621,#1617,.T.) ;
#1629=EDGE_CURVE('',#1628,#1621,#1626,.T.) ;
#1636=EDGE_CURVE('',#1635,#1628,#1633,.T.) ;
#1641=EDGE_CURVE('',#1635,#1619,#1640,.T.) ;
#1653=EDGE_CURVE('',#1621,#1619,#1652,.T.) ;
#1658=EDGE_CURVE('',#1628,#1635,#1657,.T.) ;
#1679=EDGE_CURVE('',#1676,#1678,#1674,.T.) ;
#1686=EDGE_CURVE('',#1685,#1678,#1683,.T.) ;
#1693=EDGE_CURVE('',#1692,#1685,#1690,.T.) ;
#1698=EDGE_CURVE('',#1692,#1676,#1697,.T.) ;
#1710=EDGE_CURVE('',#1678,#1676,#1709,.T.) ;
#1715=EDGE_CURVE('',#1685,#1692,#1714,.T.) ;
#1736=EDGE_CURVE('',#1733,#1735,#1731,.T.) ;
#1743=EDGE_CURVE('',#1742,#1735,#1740,.T.) ;
#1750=EDGE_CURVE('',#1749,#1742,#1747,.T.) ;
#1755=EDGE_CURVE('',#1749,#1733,#1754,.T.) ;
#1767=EDGE_CURVE('',#1735,#1733,#1766,.T.) ;
#1772=EDGE_CURVE('',#1742,#1749,#1771,.T.) ;
#1818=EDGE_CURVE('',#1815,#1817,#1813,.T.) ;
#1823=EDGE_CURVE('',#1817,#1815,#1822,.T.) ;
#1836=EDGE_CURVE('',#1833,#1835,#1831,.T.) ;
#1841=EDGE_CURVE('',#1835,#1833,#1840,.T.) ;
#1854=EDGE_CURVE('',#1851,#1853,#1849,.T.) ;
#1859=EDGE_CURVE('',#1853,#1851,#1858,.T.) ;
#1872=EDGE_CURVE('',#1869,#1871,#1867,.T.) ;
#1877=EDGE_CURVE('',#1871,#1869,#1876,.T.) ;
#1890=EDGE_CURVE('',#1887,#1889,#1885,.T.) ;
#1895=EDGE_CURVE('',#1889,#1887,#1894,.T.) ;
#1908=EDGE_CURVE('',#1905,#1907,#1903,.T.) ;
#1913=EDGE_CURVE('',#1907,#1905,#1912,.T.) ;
#1957=EDGE_CURVE('',#1954,#1956,#1952,.T.) ;
#1962=EDGE_CURVE('',#1956,#1954,#1961,.T.) ;
#1975=EDGE_CURVE('',#1972,#1974,#1970,.T.) ;
#1980=EDGE_CURVE('',#1974,#1972,#1979,.T.) ;
#1993=EDGE_CURVE('',#1990,#1992,#1988,.T.) ;
#1998=EDGE_CURVE('',#1992,#1990,#1997,.T.) ;
#2011=EDGE_CURVE('',#2008,#2010,#2006,.T.) ;
#2016=EDGE_CURVE('',#2010,#2008,#2015,.T.) ;
#2029=EDGE_CURVE('',#2026,#2028,#2024,.T.) ;
#2034=EDGE_CURVE('',#2028,#2026,#2033,.T.) ;
#2047=EDGE_CURVE('',#2044,#2046,#2042,.T.) ;
#2052=EDGE_CURVE('',#2046,#2044,#2051,.T.) ;
#2067=EDGE_CURVE('',#1869,#2010,#2066,.F.) ;
#2072=EDGE_CURVE('',#1871,#2008,#2071,.F.) ;
#2096=EDGE_CURVE('',#1833,#1974,#2095,.F.) ;
#2101=EDGE_CURVE('',#1835,#1972,#2100,.F.) ;
#2125=EDGE_CURVE('',#1905,#2046,#2124,.F.) ;
#2130=EDGE_CURVE('',#1907,#2044,#2129,.F.) ;
#2154=EDGE_CURVE('',#1851,#1992,#2153,.F.) ;
#2159=EDGE_CURVE('',#1853,#1990,#2158,.F.) ;
#2183=EDGE_CURVE('',#1887,#2028,#2182,.F.) ;
#2188=EDGE_CURVE('',#1889,#2026,#2187,.F.) ;
#2212=EDGE_CURVE('',#1815,#1956,#2211,.F.) ;
#2217=EDGE_CURVE('',#1817,#1954,#2216,.F.) ;
#2271=EDGE_CURVE('',#2268,#2270,#2266,.T.) ;
#2276=EDGE_CURVE('',#2270,#2268,#2275,.T.) ;
#2289=EDGE_CURVE('',#2286,#2288,#2284,.T.) ;
#2294=EDGE_CURVE('',#2288,#2286,#2293,.T.) ;
#2313=EDGE_CURVE('',#2310,#2312,#2308,.F.) ;
#2318=EDGE_CURVE('',#2310,#2286,#2317,.F.) ;
#2323=EDGE_CURVE('',#2312,#2288,#2322,.F.) ;
#2335=EDGE_CURVE('',#2312,#2310,#2334,.F.) ;
#2356=EDGE_CURVE('',#2353,#2355,#2351,.T.) ;
#2361=EDGE_CURVE('',#2355,#2353,#2360,.T.) ;
#2374=EDGE_CURVE('',#2371,#2373,#2369,.T.) ;
#2379=EDGE_CURVE('',#2373,#2371,#2378,.T.) ;
#2392=EDGE_CURVE('',#2389,#2391,#2387,.T.) ;
#2397=EDGE_CURVE('',#2391,#2389,#2396,.T.) ;
#2410=EDGE_CURVE('',#2407,#2409,#2405,.T.) ;
#2415=EDGE_CURVE('',#2409,#2407,#2414,.T.) ;
#2428=EDGE_CURVE('',#2425,#2427,#2423,.T.) ;
#2433=EDGE_CURVE('',#2427,#2425,#2432,.T.) ;
#2446=EDGE_CURVE('',#2443,#2445,#2441,.T.) ;
#2451=EDGE_CURVE('',#2445,#2443,#2450,.T.) ;
#2464=EDGE_CURVE('',#2461,#2463,#2459,.T.) ;
#2469=EDGE_CURVE('',#2463,#2461,#2468,.T.) ;
#2486=EDGE_CURVE('',#2353,#2485,#2483,.F.) ;
#2493=EDGE_CURVE('',#2485,#2492,#2490,.T.) ;
#2498=EDGE_CURVE('',#2355,#2492,#2497,.F.) ;
#2510=EDGE_CURVE('',#2492,#2485,#2509,.T.) ;
#2535=EDGE_CURVE('',#2532,#2534,#2530,.T.) ;
#2540=EDGE_CURVE('',#2534,#2532,#2539,.T.) ;
#2557=EDGE_CURVE('',#2534,#2556,#2554,.F.) ;
#2564=EDGE_CURVE('',#2556,#2563,#2561,.T.) ;
#2569=EDGE_CURVE('',#2532,#2563,#2568,.F.) ;
#2581=EDGE_CURVE('',#2563,#2556,#2580,.T.) ;
#2602=EDGE_CURVE('',#2599,#2601,#2597,.T.) ;
#2607=EDGE_CURVE('',#2601,#2599,#2606,.T.) ;
#2623=EDGE_CURVE('',#2599,#2622,#2620,.F.) ;
#2630=EDGE_CURVE('',#2622,#2629,#2627,.T.) ;
#2635=EDGE_CURVE('',#2601,#2629,#2634,.F.) ;
#2647=EDGE_CURVE('',#2629,#2622,#2646,.T.) ;
#2672=EDGE_CURVE('',#2669,#2671,#2667,.T.) ;
#2677=EDGE_CURVE('',#2671,#2669,#2676,.T.) ;
#2694=EDGE_CURVE('',#2671,#2693,#2691,.T.) ;
#2701=EDGE_CURVE('',#2693,#2700,#2698,.T.) ;
#2706=EDGE_CURVE('',#2669,#2700,#2705,.T.) ;
#2718=EDGE_CURVE('',#2700,#2693,#2717,.T.) ;
#2743=EDGE_CURVE('',#2740,#2742,#2738,.T.) ;
#2748=EDGE_CURVE('',#2742,#2740,#2747,.T.) ;
#2761=EDGE_CURVE('',#2758,#2760,#2756,.T.) ;
#2766=EDGE_CURVE('',#2760,#2758,#2765,.T.) ;
#2783=EDGE_CURVE('',#2780,#2782,#2778,.T.) ;
#2788=EDGE_CURVE('',#2782,#2780,#2787,.T.) ;
#2801=EDGE_CURVE('',#2798,#2800,#2796,.T.) ;
#2806=EDGE_CURVE('',#2800,#2798,#2805,.T.) ;
#2819=EDGE_CURVE('',#2816,#2818,#2814,.T.) ;
#2824=EDGE_CURVE('',#2818,#2816,#2823,.T.) ;
#2839=EDGE_CURVE('',#2268,#2409,#2838,.F.) ;
#2844=EDGE_CURVE('',#2270,#2407,#2843,.F.) ;
#2867=EDGE_CURVE('',#2864,#2866,#2862,.T.) ;
#2872=EDGE_CURVE('',#2866,#2864,#2871,.T.) ;
#2885=EDGE_CURVE('',#2882,#2884,#2880,.T.) ;
#2890=EDGE_CURVE('',#2884,#2882,#2889,.T.) ;
#2905=EDGE_CURVE('',#2866,#2391,#2904,.F.) ;
#2910=EDGE_CURVE('',#2864,#2389,#2909,.F.) ;
#2934=EDGE_CURVE('',#2758,#2884,#2933,.F.) ;
#2939=EDGE_CURVE('',#2760,#2882,#2938,.F.) ;
#2962=EDGE_CURVE('',#2959,#2961,#2957,.T.) ;
#2967=EDGE_CURVE('',#2961,#2959,#2966,.T.) ;
#2980=EDGE_CURVE('',#2977,#2979,#2975,.T.) ;
#2985=EDGE_CURVE('',#2979,#2977,#2984,.T.) ;
#3000=EDGE_CURVE('',#2961,#2373,#2999,.F.) ;
#3005=EDGE_CURVE('',#2959,#2371,#3004,.F.) ;
#3029=EDGE_CURVE('',#2740,#2979,#3028,.F.) ;
#3034=EDGE_CURVE('',#2742,#2977,#3033,.F.) ;
#3057=EDGE_CURVE('',#3054,#3056,#3052,.T.) ;
#3062=EDGE_CURVE('',#3056,#3054,#3061,.T.) ;
#3075=EDGE_CURVE('',#3072,#3074,#3070,.T.) ;
#3080=EDGE_CURVE('',#3074,#3072,#3079,.T.) ;
#3095=EDGE_CURVE('',#3056,#2427,#3094,.F.) ;
#3100=EDGE_CURVE('',#3054,#2425,#3099,.F.) ;
#3124=EDGE_CURVE('',#2780,#3074,#3123,.F.) ;
#3129=EDGE_CURVE('',#2782,#3072,#3128,.F.) ;
#3152=EDGE_CURVE('',#3149,#3151,#3147,.T.) ;
#3157=EDGE_CURVE('',#3151,#3149,#3156,.T.) ;
#3170=EDGE_CURVE('',#3167,#3169,#3165,.T.) ;
#3175=EDGE_CURVE('',#3169,#3167,#3174,.T.) ;
#3190=EDGE_CURVE('',#3151,#2445,#3189,.F.) ;
#3195=EDGE_CURVE('',#3149,#2443,#3194,.F.) ;
#3219=EDGE_CURVE('',#2798,#3169,#3218,.F.) ;
#3224=EDGE_CURVE('',#2800,#3167,#3223,.F.) ;
#3247=EDGE_CURVE('',#3244,#3246,#3242,.T.) ;
#3252=EDGE_CURVE('',#3246,#3244,#3251,.T.) ;
#3265=EDGE_CURVE('',#3262,#3264,#3260,.T.) ;
#3270=EDGE_CURVE('',#3264,#3262,#3269,.T.) ;
#3285=EDGE_CURVE('',#3246,#2463,#3284,.F.) ;
#3290=EDGE_CURVE('',#3244,#2461,#3289,.F.) ;
#3314=EDGE_CURVE('',#2816,#3264,#3313,.F.) ;
#3319=EDGE_CURVE('',#2818,#3262,#3318,.F.) ;
#3388=EDGE_CURVE('',#3385,#3387,#3383,.T.) ;
#3393=EDGE_CURVE('',#3387,#3385,#3392,.T.) ;
#3406=EDGE_CURVE('',#3403,#3405,#3401,.T.) ;
#3411=EDGE_CURVE('',#3405,#3403,#3410,.T.) ;
#3430=EDGE_CURVE('',#3427,#3429,#3425,.F.) ;
#3435=EDGE_CURVE('',#3427,#3403,#3434,.F.) ;
#3440=EDGE_CURVE('',#3429,#3405,#3439,.F.) ;
#3452=EDGE_CURVE('',#3429,#3427,#3451,.F.) ;
#3473=EDGE_CURVE('',#3470,#3472,#3468,.T.) ;
#3478=EDGE_CURVE('',#3472,#3470,#3477,.T.) ;
#3491=EDGE_CURVE('',#3488,#3490,#3486,.T.) ;
#3496=EDGE_CURVE('',#3490,#3488,#3495,.T.) ;
#3509=EDGE_CURVE('',#3506,#3508,#3504,.T.) ;
#3514=EDGE_CURVE('',#3508,#3506,#3513,.T.) ;
#3527=EDGE_CURVE('',#3524,#3526,#3522,.T.) ;
#3532=EDGE_CURVE('',#3526,#3524,#3531,.T.) ;
#3545=EDGE_CURVE('',#3542,#3544,#3540,.T.) ;
#3550=EDGE_CURVE('',#3544,#3542,#3549,.T.) ;
#3563=EDGE_CURVE('',#3560,#3562,#3558,.T.) ;
#3568=EDGE_CURVE('',#3562,#3560,#3567,.T.) ;
#3581=EDGE_CURVE('',#3578,#3580,#3576,.T.) ;
#3586=EDGE_CURVE('',#3580,#3578,#3585,.T.) ;
#3599=EDGE_CURVE('',#3596,#3598,#3594,.T.) ;
#3604=EDGE_CURVE('',#3598,#3596,#3603,.T.) ;
#3621=EDGE_CURVE('',#3620,#3470,#3618,.T.) ;
#3628=EDGE_CURVE('',#3620,#3627,#3625,.T.) ;
#3633=EDGE_CURVE('',#3627,#3472,#3632,.T.) ;
#3645=EDGE_CURVE('',#3627,#3620,#3644,.T.) ;
#3664=EDGE_CURVE('',#3663,#3524,#3661,.T.) ;
#3671=EDGE_CURVE('',#3670,#3663,#3668,.T.) ;
#3676=EDGE_CURVE('',#3670,#3526,#3675,.T.) ;
#3688=EDGE_CURVE('',#3663,#3670,#3687,.T.) ;
#3713=EDGE_CURVE('',#3710,#3712,#3708,.T.) ;
#3718=EDGE_CURVE('',#3712,#3710,#3717,.T.) ;
#3739=EDGE_CURVE('',#3736,#3738,#3734,.T.) ;
#3744=EDGE_CURVE('',#3738,#3736,#3743,.T.) ;
#3757=EDGE_CURVE('',#3754,#3756,#3752,.T.) ;
#3762=EDGE_CURVE('',#3756,#3754,#3761,.T.) ;
#3775=EDGE_CURVE('',#3772,#3774,#3770,.T.) ;
#3780=EDGE_CURVE('',#3774,#3772,#3779,.T.) ;
#3793=EDGE_CURVE('',#3790,#3792,#3788,.T.) ;
#3798=EDGE_CURVE('',#3792,#3790,#3797,.T.) ;
#3813=EDGE_CURVE('',#3385,#3508,#3812,.F.) ;
#3818=EDGE_CURVE('',#3387,#3506,#3817,.F.) ;
#3850=EDGE_CURVE('',#3847,#3849,#3845,.T.) ;
#3855=EDGE_CURVE('',#3849,#3847,#3854,.T.) ;
#3868=EDGE_CURVE('',#3865,#3867,#3863,.T.) ;
#3873=EDGE_CURVE('',#3867,#3865,#3872,.T.) ;
#3888=EDGE_CURVE('',#3849,#3490,#3887,.F.) ;
#3893=EDGE_CURVE('',#3847,#3488,#3892,.F.) ;
#3919=EDGE_CURVE('',#3712,#3867,#3918,.F.) ;
#3924=EDGE_CURVE('',#3710,#3865,#3923,.F.) ;
#3947=EDGE_CURVE('',#3944,#3946,#3942,.T.) ;
#3952=EDGE_CURVE('',#3946,#3944,#3951,.T.) ;
#3965=EDGE_CURVE('',#3962,#3964,#3960,.T.) ;
#3970=EDGE_CURVE('',#3964,#3962,#3969,.T.) ;
#3985=EDGE_CURVE('',#3946,#3544,#3984,.F.) ;
#3990=EDGE_CURVE('',#3944,#3542,#3989,.F.) ;
#4016=EDGE_CURVE('',#3738,#3964,#4015,.F.) ;
#4021=EDGE_CURVE('',#3736,#3962,#4020,.F.) ;
#4044=EDGE_CURVE('',#4041,#4043,#4039,.T.) ;
#4049=EDGE_CURVE('',#4043,#4041,#4048,.T.) ;
#4062=EDGE_CURVE('',#4059,#4061,#4057,.T.) ;
#4067=EDGE_CURVE('',#4061,#4059,#4066,.T.) ;
#4082=EDGE_CURVE('',#4043,#3562,#4081,.F.) ;
#4087=EDGE_CURVE('',#4041,#3560,#4086,.F.) ;
#4113=EDGE_CURVE('',#3756,#4061,#4112,.F.) ;
#4118=EDGE_CURVE('',#3754,#4059,#4117,.F.) ;
#4141=EDGE_CURVE('',#4138,#4140,#4136,.T.) ;
#4146=EDGE_CURVE('',#4140,#4138,#4145,.T.) ;
#4159=EDGE_CURVE('',#4156,#4158,#4154,.T.) ;
#4164=EDGE_CURVE('',#4158,#4156,#4163,.T.) ;
#4179=EDGE_CURVE('',#4140,#3580,#4178,.F.) ;
#4184=EDGE_CURVE('',#4138,#3578,#4183,.F.) ;
#4210=EDGE_CURVE('',#3774,#4158,#4209,.F.) ;
#4215=EDGE_CURVE('',#3772,#4156,#4214,.F.) ;
#4238=EDGE_CURVE('',#4235,#4237,#4233,.T.) ;
#4243=EDGE_CURVE('',#4237,#4235,#4242,.T.) ;
#4256=EDGE_CURVE('',#4253,#4255,#4251,.T.) ;
#4261=EDGE_CURVE('',#4255,#4253,#4260,.T.) ;
#4276=EDGE_CURVE('',#4237,#3598,#4275,.F.) ;
#4281=EDGE_CURVE('',#4235,#3596,#4280,.F.) ;
#4307=EDGE_CURVE('',#3792,#4255,#4306,.F.) ;
#4312=EDGE_CURVE('',#3790,#4253,#4311,.F.) ;
#4373=EDGE_CURVE('',#4370,#4372,#4368,.T.) ;
#4380=EDGE_CURVE('',#4370,#4379,#4377,.T.) ;
#4387=EDGE_CURVE('',#4379,#4386,#4384,.T.) ;
#4392=EDGE_CURVE('',#4372,#4386,#4391,.T.) ;
#4404=EDGE_CURVE('',#4372,#4370,#4403,.T.) ;
#4409=EDGE_CURVE('',#4386,#4379,#4408,.T.) ;
#4430=EDGE_CURVE('',#4427,#4429,#4425,.T.) ;
#4437=EDGE_CURVE('',#4427,#4436,#4434,.F.) ;
#4444=EDGE_CURVE('',#4436,#4443,#4441,.T.) ;
#4449=EDGE_CURVE('',#4429,#4443,#4448,.F.) ;
#4461=EDGE_CURVE('',#4429,#4427,#4460,.T.) ;
#4466=EDGE_CURVE('',#4443,#4436,#4465,.T.) ;
#4487=EDGE_CURVE('',#4484,#4486,#4482,.T.) ;
#4494=EDGE_CURVE('',#4484,#4493,#4491,.F.) ;
#4501=EDGE_CURVE('',#4493,#4500,#4498,.T.) ;
#4506=EDGE_CURVE('',#4486,#4500,#4505,.F.) ;
#4518=EDGE_CURVE('',#4486,#4484,#4517,.T.) ;
#4523=EDGE_CURVE('',#4500,#4493,#4522,.T.) ;
#4612=EDGE_CURVE('',#4609,#4611,#4607,.F.) ;
#4619=EDGE_CURVE('',#4618,#4609,#4616,.F.) ;
#4626=EDGE_CURVE('',#4618,#4625,#4623,.F.) ;
#4631=EDGE_CURVE('',#4625,#4611,#4630,.F.) ;
#4660=EDGE_CURVE('',#4657,#4659,#4655,.T.) ;
#4665=EDGE_CURVE('',#4659,#4657,#4664,.T.) ;
#4678=EDGE_CURVE('',#4675,#4677,#4673,.T.) ;
#4683=EDGE_CURVE('',#4677,#4675,#4682,.T.) ;
#4692=EDGE_CURVE('',#4611,#4625,#4691,.T.) ;
#4705=EDGE_CURVE('',#4702,#4704,#4700,.T.) ;
#4710=EDGE_CURVE('',#4704,#4702,#4709,.T.) ;
#4723=EDGE_CURVE('',#4720,#4722,#4718,.T.) ;
#4728=EDGE_CURVE('',#4722,#4720,#4727,.T.) ;
#4741=EDGE_CURVE('',#4738,#4740,#4736,.T.) ;
#4746=EDGE_CURVE('',#4740,#4738,#4745,.T.) ;
#4759=EDGE_CURVE('',#4756,#4758,#4754,.T.) ;
#4764=EDGE_CURVE('',#4758,#4756,#4763,.T.) ;
#4774=EDGE_CURVE('',#4609,#4618,#4773,.F.) ;
#4794=EDGE_CURVE('',#4793,#4657,#4791,.T.) ;
#4801=EDGE_CURVE('',#4793,#4800,#4798,.T.) ;
#4806=EDGE_CURVE('',#4800,#4659,#4805,.T.) ;
#4818=EDGE_CURVE('',#4800,#4793,#4817,.T.) ;
#4843=EDGE_CURVE('',#4840,#4842,#4838,.T.) ;
#4848=EDGE_CURVE('',#4842,#4840,#4847,.T.) ;
#4865=EDGE_CURVE('',#4864,#4842,#4862,.T.) ;
#4872=EDGE_CURVE('',#4864,#4871,#4869,.T.) ;
#4877=EDGE_CURVE('',#4871,#4840,#4876,.T.) ;
#4889=EDGE_CURVE('',#4871,#4864,#4888,.T.) ;
#4914=EDGE_CURVE('',#4911,#4913,#4909,.T.) ;
#4919=EDGE_CURVE('',#4913,#4911,#4918,.T.) ;
#4936=EDGE_CURVE('',#4933,#4935,#4931,.T.) ;
#4941=EDGE_CURVE('',#4935,#4933,#4940,.T.) ;
#4954=EDGE_CURVE('',#4951,#4953,#4949,.T.) ;
#4959=EDGE_CURVE('',#4953,#4951,#4958,.T.) ;
#4972=EDGE_CURVE('',#4969,#4971,#4967,.T.) ;
#4977=EDGE_CURVE('',#4971,#4969,#4976,.T.) ;
#4990=EDGE_CURVE('',#4987,#4989,#4985,.T.) ;
#4995=EDGE_CURVE('',#4989,#4987,#4994,.T.) ;
#5010=EDGE_CURVE('',#4911,#4677,#5009,.F.) ;
#5015=EDGE_CURVE('',#4913,#4675,#5014,.F.) ;
#5041=EDGE_CURVE('',#4933,#4704,#5040,.F.) ;
#5046=EDGE_CURVE('',#4935,#4702,#5045,.F.) ;
#5072=EDGE_CURVE('',#4951,#4722,#5071,.F.) ;
#5077=EDGE_CURVE('',#4953,#4720,#5076,.F.) ;
#5103=EDGE_CURVE('',#4969,#4740,#5102,.F.) ;
#5108=EDGE_CURVE('',#4971,#4738,#5107,.F.) ;
#5134=EDGE_CURVE('',#4987,#4758,#5133,.F.) ;
#5139=EDGE_CURVE('',#4989,#4756,#5138,.F.) ;
#5195=EDGE_CURVE('',#5192,#5194,#5190,.T.) ;
#5200=EDGE_CURVE('',#5194,#5192,#5199,.T.) ;
#5213=EDGE_CURVE('',#5210,#5212,#5208,.T.) ;
#5218=EDGE_CURVE('',#5212,#5210,#5217,.T.) ;
#5245=EDGE_CURVE('',#5242,#5244,#5240,.F.) ;
#5250=EDGE_CURVE('',#5242,#5210,#5249,.F.) ;
#5255=EDGE_CURVE('',#5244,#5212,#5254,.F.) ;
#5268=EDGE_CURVE('',#5244,#5242,#5267,.F.) ;
#5290=EDGE_CURVE('',#5287,#5289,#5285,.T.) ;
#5295=EDGE_CURVE('',#5289,#5287,#5294,.T.) ;
#5308=EDGE_CURVE('',#5305,#5307,#5303,.T.) ;
#5313=EDGE_CURVE('',#5307,#5305,#5312,.T.) ;
#5326=EDGE_CURVE('',#5323,#5325,#5321,.T.) ;
#5331=EDGE_CURVE('',#5325,#5323,#5330,.T.) ;
#5344=EDGE_CURVE('',#5341,#5343,#5339,.T.) ;
#5349=EDGE_CURVE('',#5343,#5341,#5348,.T.) ;
#5362=EDGE_CURVE('',#5359,#5361,#5357,.T.) ;
#5367=EDGE_CURVE('',#5361,#5359,#5366,.T.) ;
#5380=EDGE_CURVE('',#5377,#5379,#5375,.T.) ;
#5385=EDGE_CURVE('',#5379,#5377,#5384,.T.) ;
#5398=EDGE_CURVE('',#5395,#5397,#5393,.T.) ;
#5403=EDGE_CURVE('',#5397,#5395,#5402,.T.) ;
#5420=EDGE_CURVE('',#5419,#5287,#5417,.T.) ;
#5427=EDGE_CURVE('',#5419,#5426,#5424,.T.) ;
#5432=EDGE_CURVE('',#5426,#5289,#5431,.T.) ;
#5444=EDGE_CURVE('',#5426,#5419,#5443,.T.) ;
#5469=EDGE_CURVE('',#5466,#5468,#5464,.T.) ;
#5474=EDGE_CURVE('',#5468,#5466,#5473,.T.) ;
#5487=EDGE_CURVE('',#5484,#5486,#5482,.T.) ;
#5492=EDGE_CURVE('',#5486,#5484,#5491,.T.) ;
#5509=EDGE_CURVE('',#5506,#5508,#5504,.T.) ;
#5514=EDGE_CURVE('',#5508,#5506,#5513,.T.) ;
#5527=EDGE_CURVE('',#5524,#5526,#5522,.T.) ;
#5532=EDGE_CURVE('',#5526,#5524,#5531,.T.) ;
#5545=EDGE_CURVE('',#5542,#5544,#5540,.T.) ;
#5550=EDGE_CURVE('',#5544,#5542,#5549,.T.) ;
#5565=EDGE_CURVE('',#5192,#5343,#5564,.F.) ;
#5570=EDGE_CURVE('',#5194,#5341,#5569,.F.) ;
#5595=EDGE_CURVE('',#5592,#5594,#5590,.T.) ;
#5600=EDGE_CURVE('',#5594,#5592,#5599,.T.) ;
#5613=EDGE_CURVE('',#5610,#5612,#5608,.T.) ;
#5618=EDGE_CURVE('',#5612,#5610,#5617,.T.) ;
#5634=EDGE_CURVE('',#5594,#5325,#5633,.F.) ;
#5639=EDGE_CURVE('',#5592,#5323,#5638,.F.) ;
#5665=EDGE_CURVE('',#5486,#5612,#5664,.F.) ;
#5670=EDGE_CURVE('',#5484,#5610,#5669,.F.) ;
#5695=EDGE_CURVE('',#5692,#5694,#5690,.T.) ;
#5700=EDGE_CURVE('',#5694,#5692,#5699,.T.) ;
#5713=EDGE_CURVE('',#5710,#5712,#5708,.T.) ;
#5718=EDGE_CURVE('',#5712,#5710,#5717,.T.) ;
#5734=EDGE_CURVE('',#5694,#5307,#5733,.F.) ;
#5739=EDGE_CURVE('',#5692,#5305,#5738,.F.) ;
#5765=EDGE_CURVE('',#5468,#5712,#5764,.F.) ;
#5770=EDGE_CURVE('',#5466,#5710,#5769,.F.) ;
#5795=EDGE_CURVE('',#5792,#5794,#5790,.T.) ;
#5800=EDGE_CURVE('',#5794,#5792,#5799,.T.) ;
#5813=EDGE_CURVE('',#5810,#5812,#5808,.T.) ;
#5818=EDGE_CURVE('',#5812,#5810,#5817,.T.) ;
#5834=EDGE_CURVE('',#5794,#5361,#5833,.F.) ;
#5839=EDGE_CURVE('',#5792,#5359,#5838,.F.) ;
#5865=EDGE_CURVE('',#5508,#5812,#5864,.F.) ;
#5870=EDGE_CURVE('',#5506,#5810,#5869,.F.) ;
#5895=EDGE_CURVE('',#5892,#5894,#5890,.T.) ;
#5900=EDGE_CURVE('',#5894,#5892,#5899,.T.) ;
#5913=EDGE_CURVE('',#5910,#5912,#5908,.T.) ;
#5918=EDGE_CURVE('',#5912,#5910,#5917,.T.) ;
#5934=EDGE_CURVE('',#5894,#5379,#5933,.F.) ;
#5939=EDGE_CURVE('',#5892,#5377,#5938,.F.) ;
#5965=EDGE_CURVE('',#5526,#5912,#5964,.F.) ;
#5970=EDGE_CURVE('',#5524,#5910,#5969,.F.) ;
#5995=EDGE_CURVE('',#5992,#5994,#5990,.T.) ;
#6000=EDGE_CURVE('',#5994,#5992,#5999,.T.) ;
#6013=EDGE_CURVE('',#6010,#6012,#6008,.T.) ;
#6018=EDGE_CURVE('',#6012,#6010,#6017,.T.) ;
#6034=EDGE_CURVE('',#5994,#5397,#6033,.F.) ;
#6039=EDGE_CURVE('',#5992,#5395,#6038,.F.) ;
#6065=EDGE_CURVE('',#5544,#6012,#6064,.F.) ;
#6070=EDGE_CURVE('',#5542,#6010,#6069,.F.) ;
#39=CLOSED_SHELL('Closed Shell',(#79,#110,#141,#172,#203,#243,#283,#323,#363,#403,#434,#465,#487,#532,#563,#587,#611,#644,#691,#708,#720,#732,#792,#852,#874,#881,#903,#910)) ;
#936=CLOSED_SHELL('Closed Shell',(#976,#1041,#1065,#1159,#1176,#1198,#1215,#1232,#1244,#1256)) ;
#1282=CLOSED_SHELL('Closed Shell',(#1322,#1348,#1379,#1405,#1436,#1467,#1493,#1524,#1555,#1586,#1608,#1648,#1665,#1705,#1722,#1762,#1779,#1918,#2057,#2079,#2086,#2108,#2115,#2137,#2144,#2166,#2173,#2195,#2202,#2224,#2231)) ;
#2257=CLOSED_SHELL('Closed Shell',(#2299,#2330,#2342,#2474,#2505,#2517,#2545,#2576,#2588,#2616,#2642,#2654,#2682,#2713,#2725,#2829,#2851,#2858,#2895,#2917,#2924,#2946,#2953,#2990,#3012,#3019,#3041,#3048,#3085,#3107,#3114,#3136,#3143,#3180,#3202,#3209,#3231,#3238,#3275,#3297,#3304,#3326,#3333)) ;
#3374=CLOSED_SHELL('Closed Shell',(#3416,#3447,#3459,#3609,#3640,#3652,#3683,#3695,#3803,#3825,#3840,#3878,#3900,#3908,#3931,#3938,#3975,#3997,#4005,#4028,#4035,#4072,#4094,#4102,#4125,#4132,#4169,#4191,#4199,#4222,#4229,#4266,#4288,#4296,#4319,#4326)) ;
#4359=CLOSED_SHELL('Closed Shell',(#4399,#4416,#4456,#4473,#4513,#4530,#4544,#4558,#4572)) ;
#4598=CLOSED_SHELL('Closed Shell',(#4638,#4769,#4781,#4813,#4825,#4853,#4884,#4896,#5000,#5022,#5030,#5053,#5061,#5084,#5092,#5115,#5123,#5146,#5154)) ;
#5181=CLOSED_SHELL('Closed Shell',(#5223,#5262,#5275,#5408,#5439,#5451,#5555,#5577,#5585,#5623,#5646,#5654,#5677,#5685,#5723,#5746,#5754,#5777,#5785,#5823,#5846,#5854,#5877,#5885,#5923,#5946,#5954,#5977,#5985,#6023,#6046,#6054,#6077,#6085)) ;
#915=CONTEXT_DEPENDENT_SHAPE_REPRESENTATION(#916,#914) ;
#1261=CONTEXT_DEPENDENT_SHAPE_REPRESENTATION(#1262,#1260) ;
#2236=CONTEXT_DEPENDENT_SHAPE_REPRESENTATION(#2237,#2235) ;
#3338=CONTEXT_DEPENDENT_SHAPE_REPRESENTATION(#3339,#3337) ;
#4331=CONTEXT_DEPENDENT_SHAPE_REPRESENTATION(#4332,#4330) ;
#4577=CONTEXT_DEPENDENT_SHAPE_REPRESENTATION(#4578,#4576) ;
#5160=CONTEXT_DEPENDENT_SHAPE_REPRESENTATION(#5161,#5159) ;
#6091=CONTEXT_DEPENDENT_SHAPE_REPRESENTATION(#6092,#6090) ;
#6104=CONTEXT_DEPENDENT_SHAPE_REPRESENTATION(#6105,#6103) ;
#6117=CONTEXT_DEPENDENT_SHAPE_REPRESENTATION(#6118,#6116) ;
#912=SHAPE_REPRESENTATION_RELATIONSHIP(' ',' ',#24,#911) ;
#1258=SHAPE_REPRESENTATION_RELATIONSHIP(' ',' ',#928,#1257) ;
#2233=SHAPE_REPRESENTATION_RELATIONSHIP(' ',' ',#1274,#2232) ;
#3335=SHAPE_REPRESENTATION_RELATIONSHIP(' ',' ',#2249,#3334) ;
#4328=SHAPE_REPRESENTATION_RELATIONSHIP(' ',' ',#3359,#4327) ;
#4574=SHAPE_REPRESENTATION_RELATIONSHIP(' ',' ',#4344,#4573) ;
#5157=SHAPE_REPRESENTATION_RELATIONSHIP(' ',' ',#4590,#5156) ;
#6088=SHAPE_REPRESENTATION_RELATIONSHIP(' ',' ',#5173,#6087) ;
#73=EDGE_LOOP('',(#74,#75,#76,#77)) ;
#104=EDGE_LOOP('',(#105,#106,#107,#108)) ;
#135=EDGE_LOOP('',(#136,#137,#138,#139)) ;
#166=EDGE_LOOP('',(#167,#168,#169,#170)) ;
#197=EDGE_LOOP('',(#198,#199,#200,#201)) ;
#237=EDGE_LOOP('',(#238,#239,#240,#241)) ;
#277=EDGE_LOOP('',(#278,#279,#280,#281)) ;
#317=EDGE_LOOP('',(#318,#319,#320,#321)) ;
#357=EDGE_LOOP('',(#358,#359,#360,#361)) ;
#397=EDGE_LOOP('',(#398,#399,#400,#401)) ;
#428=EDGE_LOOP('',(#429,#430,#431,#432)) ;
#459=EDGE_LOOP('',(#460,#461,#462,#463)) ;
#481=EDGE_LOOP('',(#482,#483,#484,#485)) ;
#522=EDGE_LOOP('',(#523,#524,#525,#526,#527,#528,#529,#530)) ;
#557=EDGE_LOOP('',(#558,#559,#560,#561)) ;
#581=EDGE_LOOP('',(#582,#583,#584,#585)) ;
#605=EDGE_LOOP('',(#606,#607,#608,#609)) ;
#634=EDGE_LOOP('',(#635,#636,#637,#638,#639,#640,#641,#642)) ;
#677=EDGE_LOOP('',(#678,#679,#680,#681,#682,#683,#684,#685,#686,#687,#688,#689)) ;
#702=EDGE_LOOP('',(#703,#704,#705,#706)) ;
#714=EDGE_LOOP('',(#715,#716,#717,#718)) ;
#726=EDGE_LOOP('',(#727,#728,#729,#730)) ;
#738=EDGE_LOOP('',(#739,#740,#741,#742,#743,#744,#745,#746,#747,#748)) ;
#750=EDGE_LOOP('',(#751,#752,#753,#754)) ;
#770=EDGE_LOOP('',(#771,#772)) ;
#788=EDGE_LOOP('',(#789,#790)) ;
#798=EDGE_LOOP('',(#799,#800,#801,#802,#803,#804,#805,#806,#807,#808)) ;
#810=EDGE_LOOP('',(#811,#812,#813,#814)) ;
#830=EDGE_LOOP('',(#831,#832)) ;
#848=EDGE_LOOP('',(#849,#850)) ;
#868=EDGE_LOOP('',(#869,#870,#871,#872)) ;
#875=EDGE_LOOP('',(#876,#877,#878,#879)) ;
#897=EDGE_LOOP('',(#898,#899,#900,#901)) ;
#904=EDGE_LOOP('',(#905,#906,#907,#908)) ;
#970=EDGE_LOOP('',(#971,#972,#973,#974)) ;
#1010=EDGE_LOOP('',(#1011,#1012,#1013,#1014)) ;
#1035=EDGE_LOOP('',(#1036,#1037,#1038,#1039)) ;
#1059=EDGE_LOOP('',(#1060,#1061,#1062,#1063)) ;
#1123=EDGE_LOOP('',(#1124,#1125,#1126,#1127)) ;
#1153=EDGE_LOOP('',(#1154,#1155,#1156,#1157)) ;
#1170=EDGE_LOOP('',(#1171,#1172,#1173,#1174)) ;
#1192=EDGE_LOOP('',(#1193,#1194,#1195,#1196)) ;
#1209=EDGE_LOOP('',(#1210,#1211,#1212,#1213)) ;
#1226=EDGE_LOOP('',(#1227,#1228,#1229,#1230)) ;
#1238=EDGE_LOOP('',(#1239,#1240,#1241,#1242)) ;
#1250=EDGE_LOOP('',(#1251,#1252,#1253,#1254)) ;
#1316=EDGE_LOOP('',(#1317,#1318,#1319,#1320)) ;
#1342=EDGE_LOOP('',(#1343,#1344,#1345,#1346)) ;
#1373=EDGE_LOOP('',(#1374,#1375,#1376,#1377)) ;
#1399=EDGE_LOOP('',(#1400,#1401,#1402,#1403)) ;
#1430=EDGE_LOOP('',(#1431,#1432,#1433,#1434)) ;
#1461=EDGE_LOOP('',(#1462,#1463,#1464,#1465)) ;
#1487=EDGE_LOOP('',(#1488,#1489,#1490,#1491)) ;
#1518=EDGE_LOOP('',(#1519,#1520,#1521,#1522)) ;
#1549=EDGE_LOOP('',(#1550,#1551,#1552,#1553)) ;
#1580=EDGE_LOOP('',(#1581,#1582,#1583,#1584)) ;
#1602=EDGE_LOOP('',(#1603,#1604,#1605,#1606)) ;
#1642=EDGE_LOOP('',(#1643,#1644,#1645,#1646)) ;
#1659=EDGE_LOOP('',(#1660,#1661,#1662,#1663)) ;
#1699=EDGE_LOOP('',(#1700,#1701,#1702,#1703)) ;
#1716=EDGE_LOOP('',(#1717,#1718,#1719,#1720)) ;
#1756=EDGE_LOOP('',(#1757,#1758,#1759,#1760)) ;
#1773=EDGE_LOOP('',(#1774,#1775,#1776,#1777)) ;
#1785=EDGE_LOOP('',(#1786,#1787,#1788,#1789,#1790,#1791,#1792,#1793,#1794,#1795,#1796)) ;
#1798=EDGE_LOOP('',(#1799,#1800)) ;
#1802=EDGE_LOOP('',(#1803,#1804)) ;
#1806=EDGE_LOOP('',(#1807,#1808)) ;
#1824=EDGE_LOOP('',(#1825,#1826)) ;
#1842=EDGE_LOOP('',(#1843,#1844)) ;
#1860=EDGE_LOOP('',(#1861,#1862)) ;
#1878=EDGE_LOOP('',(#1879,#1880)) ;
#1896=EDGE_LOOP('',(#1897,#1898)) ;
#1914=EDGE_LOOP('',(#1915,#1916)) ;
#1924=EDGE_LOOP('',(#1925,#1926,#1927,#1928,#1929,#1930,#1931,#1932,#1933,#1934,#1935)) ;
#1937=EDGE_LOOP('',(#1938,#1939)) ;
#1941=EDGE_LOOP('',(#1942,#1943)) ;
#1945=EDGE_LOOP('',(#1946,#1947)) ;
#1963=EDGE_LOOP('',(#1964,#1965)) ;
#1981=EDGE_LOOP('',(#1982,#1983)) ;
#1999=EDGE_LOOP('',(#2000,#2001)) ;
#2017=EDGE_LOOP('',(#2018,#2019)) ;
#2035=EDGE_LOOP('',(#2036,#2037)) ;
#2053=EDGE_LOOP('',(#2054,#2055)) ;
#2073=EDGE_LOOP('',(#2074,#2075,#2076,#2077)) ;
#2080=EDGE_LOOP('',(#2081,#2082,#2083,#2084)) ;
#2102=EDGE_LOOP('',(#2103,#2104,#2105,#2106)) ;
#2109=EDGE_LOOP('',(#2110,#2111,#2112,#2113)) ;
#2131=EDGE_LOOP('',(#2132,#2133,#2134,#2135)) ;
#2138=EDGE_LOOP('',(#2139,#2140,#2141,#2142)) ;
#2160=EDGE_LOOP('',(#2161,#2162,#2163,#2164)) ;
#2167=EDGE_LOOP('',(#2168,#2169,#2170,#2171)) ;
#2189=EDGE_LOOP('',(#2190,#2191,#2192,#2193)) ;
#2196=EDGE_LOOP('',(#2197,#2198,#2199,#2200)) ;
#2218=EDGE_LOOP('',(#2219,#2220,#2221,#2222)) ;
#2225=EDGE_LOOP('',(#2226,#2227,#2228,#2229)) ;
#2277=EDGE_LOOP('',(#2278,#2279)) ;
#2295=EDGE_LOOP('',(#2296,#2297)) ;
#2324=EDGE_LOOP('',(#2325,#2326,#2327,#2328)) ;
#2336=EDGE_LOOP('',(#2337,#2338,#2339,#2340)) ;
#2362=EDGE_LOOP('',(#2363,#2364)) ;
#2380=EDGE_LOOP('',(#2381,#2382)) ;
#2398=EDGE_LOOP('',(#2399,#2400)) ;
#2416=EDGE_LOOP('',(#2417,#2418)) ;
#2434=EDGE_LOOP('',(#2435,#2436)) ;
#2452=EDGE_LOOP('',(#2453,#2454)) ;
#2470=EDGE_LOOP('',(#2471,#2472)) ;
#2499=EDGE_LOOP('',(#2500,#2501,#2502,#2503)) ;
#2511=EDGE_LOOP('',(#2512,#2513,#2514,#2515)) ;
#2523=EDGE_LOOP('',(#2524,#2525)) ;
#2541=EDGE_LOOP('',(#2542,#2543)) ;
#2570=EDGE_LOOP('',(#2571,#2572,#2573,#2574)) ;
#2582=EDGE_LOOP('',(#2583,#2584,#2585,#2586)) ;
#2608=EDGE_LOOP('',(#2609,#2610)) ;
#2612=EDGE_LOOP('',(#2613,#2614)) ;
#2636=EDGE_LOOP('',(#2637,#2638,#2639,#2640)) ;
#2648=EDGE_LOOP('',(#2649,#2650,#2651,#2652)) ;
#2660=EDGE_LOOP('',(#2661,#2662)) ;
#2678=EDGE_LOOP('',(#2679,#2680)) ;
#2707=EDGE_LOOP('',(#2708,#2709,#2710,#2711)) ;
#2719=EDGE_LOOP('',(#2720,#2721,#2722,#2723)) ;
#2731=EDGE_LOOP('',(#2732,#2733)) ;
#2749=EDGE_LOOP('',(#2750,#2751)) ;
#2767=EDGE_LOOP('',(#2768,#2769)) ;
#2771=EDGE_LOOP('',(#2772,#2773)) ;
#2789=EDGE_LOOP('',(#2790,#2791)) ;
#2807=EDGE_LOOP('',(#2808,#2809)) ;
#2825=EDGE_LOOP('',(#2826,#2827)) ;
#2845=EDGE_LOOP('',(#2846,#2847,#2848,#2849)) ;
#2852=EDGE_LOOP('',(#2853,#2854,#2855,#2856)) ;
#2873=EDGE_LOOP('',(#2874,#2875)) ;
#2891=EDGE_LOOP('',(#2892,#2893)) ;
#2911=EDGE_LOOP('',(#2912,#2913,#2914,#2915)) ;
#2918=EDGE_LOOP('',(#2919,#2920,#2921,#2922)) ;
#2940=EDGE_LOOP('',(#2941,#2942,#2943,#2944)) ;
#2947=EDGE_LOOP('',(#2948,#2949,#2950,#2951)) ;
#2968=EDGE_LOOP('',(#2969,#2970)) ;
#2986=EDGE_LOOP('',(#2987,#2988)) ;
#3006=EDGE_LOOP('',(#3007,#3008,#3009,#3010)) ;
#3013=EDGE_LOOP('',(#3014,#3015,#3016,#3017)) ;
#3035=EDGE_LOOP('',(#3036,#3037,#3038,#3039)) ;
#3042=EDGE_LOOP('',(#3043,#3044,#3045,#3046)) ;
#3063=EDGE_LOOP('',(#3064,#3065)) ;
#3081=EDGE_LOOP('',(#3082,#3083)) ;
#3101=EDGE_LOOP('',(#3102,#3103,#3104,#3105)) ;
#3108=EDGE_LOOP('',(#3109,#3110,#3111,#3112)) ;
#3130=EDGE_LOOP('',(#3131,#3132,#3133,#3134)) ;
#3137=EDGE_LOOP('',(#3138,#3139,#3140,#3141)) ;
#3158=EDGE_LOOP('',(#3159,#3160)) ;
#3176=EDGE_LOOP('',(#3177,#3178)) ;
#3196=EDGE_LOOP('',(#3197,#3198,#3199,#3200)) ;
#3203=EDGE_LOOP('',(#3204,#3205,#3206,#3207)) ;
#3225=EDGE_LOOP('',(#3226,#3227,#3228,#3229)) ;
#3232=EDGE_LOOP('',(#3233,#3234,#3235,#3236)) ;
#3253=EDGE_LOOP('',(#3254,#3255)) ;
#3271=EDGE_LOOP('',(#3272,#3273)) ;
#3291=EDGE_LOOP('',(#3292,#3293,#3294,#3295)) ;
#3298=EDGE_LOOP('',(#3299,#3300,#3301,#3302)) ;
#3320=EDGE_LOOP('',(#3321,#3322,#3323,#3324)) ;
#3327=EDGE_LOOP('',(#3328,#3329,#3330,#3331)) ;
#3394=EDGE_LOOP('',(#3395,#3396)) ;
#3412=EDGE_LOOP('',(#3413,#3414)) ;
#3441=EDGE_LOOP('',(#3442,#3443,#3444,#3445)) ;
#3453=EDGE_LOOP('',(#3454,#3455,#3456,#3457)) ;
#3479=EDGE_LOOP('',(#3480,#3481)) ;
#3497=EDGE_LOOP('',(#3498,#3499)) ;
#3515=EDGE_LOOP('',(#3516,#3517)) ;
#3533=EDGE_LOOP('',(#3534,#3535)) ;
#3551=EDGE_LOOP('',(#3552,#3553)) ;
#3569=EDGE_LOOP('',(#3570,#3571)) ;
#3587=EDGE_LOOP('',(#3588,#3589)) ;
#3605=EDGE_LOOP('',(#3606,#3607)) ;
#3634=EDGE_LOOP('',(#3635,#3636,#3637,#3638)) ;
#3646=EDGE_LOOP('',(#3647,#3648,#3649,#3650)) ;
#3677=EDGE_LOOP('',(#3678,#3679,#3680,#3681)) ;
#3689=EDGE_LOOP('',(#3690,#3691,#3692,#3693)) ;
#3701=EDGE_LOOP('',(#3702,#3703)) ;
#3719=EDGE_LOOP('',(#3720,#3721)) ;
#3723=EDGE_LOOP('',(#3724,#3725)) ;
#3727=EDGE_LOOP('',(#3728,#3729)) ;
#3745=EDGE_LOOP('',(#3746,#3747)) ;
#3763=EDGE_LOOP('',(#3764,#3765)) ;
#3781=EDGE_LOOP('',(#3782,#3783)) ;
#3799=EDGE_LOOP('',(#3800,#3801)) ;
#3819=EDGE_LOOP('',(#3820,#3821,#3822,#3823)) ;
#3834=EDGE_LOOP('',(#3835,#3836,#3837,#3838)) ;
#3856=EDGE_LOOP('',(#3857,#3858)) ;
#3874=EDGE_LOOP('',(#3875,#3876)) ;
#3894=EDGE_LOOP('',(#3895,#3896,#3897,#3898)) ;
#3902=EDGE_LOOP('',(#3903,#3904,#3905,#3906)) ;
#3925=EDGE_LOOP('',(#3926,#3927,#3928,#3929)) ;
#3932=EDGE_LOOP('',(#3933,#3934,#3935,#3936)) ;
#3953=EDGE_LOOP('',(#3954,#3955)) ;
#3971=EDGE_LOOP('',(#3972,#3973)) ;
#3991=EDGE_LOOP('',(#3992,#3993,#3994,#3995)) ;
#3999=EDGE_LOOP('',(#4000,#4001,#4002,#4003)) ;
#4022=EDGE_LOOP('',(#4023,#4024,#4025,#4026)) ;
#4029=EDGE_LOOP('',(#4030,#4031,#4032,#4033)) ;
#4050=EDGE_LOOP('',(#4051,#4052)) ;
#4068=EDGE_LOOP('',(#4069,#4070)) ;
#4088=EDGE_LOOP('',(#4089,#4090,#4091,#4092)) ;
#4096=EDGE_LOOP('',(#4097,#4098,#4099,#4100)) ;
#4119=EDGE_LOOP('',(#4120,#4121,#4122,#4123)) ;
#4126=EDGE_LOOP('',(#4127,#4128,#4129,#4130)) ;
#4147=EDGE_LOOP('',(#4148,#4149)) ;
#4165=EDGE_LOOP('',(#4166,#4167)) ;
#4185=EDGE_LOOP('',(#4186,#4187,#4188,#4189)) ;
#4193=EDGE_LOOP('',(#4194,#4195,#4196,#4197)) ;
#4216=EDGE_LOOP('',(#4217,#4218,#4219,#4220)) ;
#4223=EDGE_LOOP('',(#4224,#4225,#4226,#4227)) ;
#4244=EDGE_LOOP('',(#4245,#4246)) ;
#4262=EDGE_LOOP('',(#4263,#4264)) ;
#4282=EDGE_LOOP('',(#4283,#4284,#4285,#4286)) ;
#4290=EDGE_LOOP('',(#4291,#4292,#4293,#4294)) ;
#4313=EDGE_LOOP('',(#4314,#4315,#4316,#4317)) ;
#4320=EDGE_LOOP('',(#4321,#4322,#4323,#4324)) ;
#4393=EDGE_LOOP('',(#4394,#4395,#4396,#4397)) ;
#4410=EDGE_LOOP('',(#4411,#4412,#4413,#4414)) ;
#4450=EDGE_LOOP('',(#4451,#4452,#4453,#4454)) ;
#4467=EDGE_LOOP('',(#4468,#4469,#4470,#4471)) ;
#4507=EDGE_LOOP('',(#4508,#4509,#4510,#4511)) ;
#4524=EDGE_LOOP('',(#4525,#4526,#4527,#4528)) ;
#4536=EDGE_LOOP('',(#4537,#4538)) ;
#4540=EDGE_LOOP('',(#4541,#4542)) ;
#4550=EDGE_LOOP('',(#4551,#4552)) ;
#4554=EDGE_LOOP('',(#4555,#4556)) ;
#4564=EDGE_LOOP('',(#4565,#4566)) ;
#4568=EDGE_LOOP('',(#4569,#4570)) ;
#4632=EDGE_LOOP('',(#4633,#4634,#4635,#4636)) ;
#4666=EDGE_LOOP('',(#4667,#4668)) ;
#4684=EDGE_LOOP('',(#4685,#4686)) ;
#4693=EDGE_LOOP('',(#4694,#4695)) ;
#4711=EDGE_LOOP('',(#4712,#4713)) ;
#4729=EDGE_LOOP('',(#4730,#4731)) ;
#4747=EDGE_LOOP('',(#4748,#4749)) ;
#4765=EDGE_LOOP('',(#4766,#4767)) ;
#4775=EDGE_LOOP('',(#4776,#4777,#4778,#4779)) ;
#4807=EDGE_LOOP('',(#4808,#4809,#4810,#4811)) ;
#4819=EDGE_LOOP('',(#4820,#4821,#4822,#4823)) ;
#4831=EDGE_LOOP('',(#4832,#4833)) ;
#4849=EDGE_LOOP('',(#4850,#4851)) ;
#4878=EDGE_LOOP('',(#4879,#4880,#4881,#4882)) ;
#4890=EDGE_LOOP('',(#4891,#4892,#4893,#4894)) ;
#4902=EDGE_LOOP('',(#4903,#4904)) ;
#4920=EDGE_LOOP('',(#4921,#4922)) ;
#4924=EDGE_LOOP('',(#4925,#4926)) ;
#4942=EDGE_LOOP('',(#4943,#4944)) ;
#4960=EDGE_LOOP('',(#4961,#4962)) ;
#4978=EDGE_LOOP('',(#4979,#4980)) ;
#4996=EDGE_LOOP('',(#4997,#4998)) ;
#5016=EDGE_LOOP('',(#5017,#5018,#5019,#5020)) ;
#5024=EDGE_LOOP('',(#5025,#5026,#5027,#5028)) ;
#5047=EDGE_LOOP('',(#5048,#5049,#5050,#5051)) ;
#5055=EDGE_LOOP('',(#5056,#5057,#5058,#5059)) ;
#5078=EDGE_LOOP('',(#5079,#5080,#5081,#5082)) ;
#5086=EDGE_LOOP('',(#5087,#5088,#5089,#5090)) ;
#5109=EDGE_LOOP('',(#5110,#5111,#5112,#5113)) ;
#5117=EDGE_LOOP('',(#5118,#5119,#5120,#5121)) ;
#5140=EDGE_LOOP('',(#5141,#5142,#5143,#5144)) ;
#5148=EDGE_LOOP('',(#5149,#5150,#5151,#5152)) ;
#5201=EDGE_LOOP('',(#5202,#5203)) ;
#5219=EDGE_LOOP('',(#5220,#5221)) ;
#5256=EDGE_LOOP('',(#5257,#5258,#5259,#5260)) ;
#5269=EDGE_LOOP('',(#5270,#5271,#5272,#5273)) ;
#5296=EDGE_LOOP('',(#5297,#5298)) ;
#5314=EDGE_LOOP('',(#5315,#5316)) ;
#5332=EDGE_LOOP('',(#5333,#5334)) ;
#5350=EDGE_LOOP('',(#5351,#5352)) ;
#5368=EDGE_LOOP('',(#5369,#5370)) ;
#5386=EDGE_LOOP('',(#5387,#5388)) ;
#5404=EDGE_LOOP('',(#5405,#5406)) ;
#5433=EDGE_LOOP('',(#5434,#5435,#5436,#5437)) ;
#5445=EDGE_LOOP('',(#5446,#5447,#5448,#5449)) ;
#5457=EDGE_LOOP('',(#5458,#5459)) ;
#5475=EDGE_LOOP('',(#5476,#5477)) ;
#5493=EDGE_LOOP('',(#5494,#5495)) ;
#5497=EDGE_LOOP('',(#5498,#5499)) ;
#5515=EDGE_LOOP('',(#5516,#5517)) ;
#5533=EDGE_LOOP('',(#5534,#5535)) ;
#5551=EDGE_LOOP('',(#5552,#5553)) ;
#5571=EDGE_LOOP('',(#5572,#5573,#5574,#5575)) ;
#5579=EDGE_LOOP('',(#5580,#5581,#5582,#5583)) ;
#5601=EDGE_LOOP('',(#5602,#5603)) ;
#5619=EDGE_LOOP('',(#5620,#5621)) ;
#5640=EDGE_LOOP('',(#5641,#5642,#5643,#5644)) ;
#5648=EDGE_LOOP('',(#5649,#5650,#5651,#5652)) ;
#5671=EDGE_LOOP('',(#5672,#5673,#5674,#5675)) ;
#5679=EDGE_LOOP('',(#5680,#5681,#5682,#5683)) ;
#5701=EDGE_LOOP('',(#5702,#5703)) ;
#5719=EDGE_LOOP('',(#5720,#5721)) ;
#5740=EDGE_LOOP('',(#5741,#5742,#5743,#5744)) ;
#5748=EDGE_LOOP('',(#5749,#5750,#5751,#5752)) ;
#5771=EDGE_LOOP('',(#5772,#5773,#5774,#5775)) ;
#5779=EDGE_LOOP('',(#5780,#5781,#5782,#5783)) ;
#5801=EDGE_LOOP('',(#5802,#5803)) ;
#5819=EDGE_LOOP('',(#5820,#5821)) ;
#5840=EDGE_LOOP('',(#5841,#5842,#5843,#5844)) ;
#5848=EDGE_LOOP('',(#5849,#5850,#5851,#5852)) ;
#5871=EDGE_LOOP('',(#5872,#5873,#5874,#5875)) ;
#5879=EDGE_LOOP('',(#5880,#5881,#5882,#5883)) ;
#5901=EDGE_LOOP('',(#5902,#5903)) ;
#5919=EDGE_LOOP('',(#5920,#5921)) ;
#5940=EDGE_LOOP('',(#5941,#5942,#5943,#5944)) ;
#5948=EDGE_LOOP('',(#5949,#5950,#5951,#5952)) ;
#5971=EDGE_LOOP('',(#5972,#5973,#5974,#5975)) ;
#5979=EDGE_LOOP('',(#5980,#5981,#5982,#5983)) ;
#6001=EDGE_LOOP('',(#6002,#6003)) ;
#6019=EDGE_LOOP('',(#6020,#6021)) ;
#6040=EDGE_LOOP('',(#6041,#6042,#6043,#6044)) ;
#6048=EDGE_LOOP('',(#6049,#6050,#6051,#6052)) ;
#6071=EDGE_LOOP('',(#6072,#6073,#6074,#6075)) ;
#6079=EDGE_LOOP('',(#6080,#6081,#6082,#6083)) ;
#74=ORIENTED_EDGE('',*,*,#53,.F.) ;
#75=ORIENTED_EDGE('',*,*,#60,.F.) ;
#76=ORIENTED_EDGE('',*,*,#67,.T.) ;
#77=ORIENTED_EDGE('',*,*,#72,.T.) ;
#105=ORIENTED_EDGE('',*,*,#91,.T.) ;
#106=ORIENTED_EDGE('',*,*,#98,.F.) ;
#107=ORIENTED_EDGE('',*,*,#103,.T.) ;
#108=ORIENTED_EDGE('',*,*,#53,.T.) ;
#136=ORIENTED_EDGE('',*,*,#122,.T.) ;
#137=ORIENTED_EDGE('',*,*,#129,.T.) ;
#138=ORIENTED_EDGE('',*,*,#134,.T.) ;
#139=ORIENTED_EDGE('',*,*,#98,.T.) ;
#167=ORIENTED_EDGE('',*,*,#153,.T.) ;
#168=ORIENTED_EDGE('',*,*,#129,.F.) ;
#169=ORIENTED_EDGE('',*,*,#160,.T.) ;
#170=ORIENTED_EDGE('',*,*,#165,.T.) ;
#198=ORIENTED_EDGE('',*,*,#165,.F.) ;
#199=ORIENTED_EDGE('',*,*,#184,.F.) ;
#200=ORIENTED_EDGE('',*,*,#191,.T.) ;
#201=ORIENTED_EDGE('',*,*,#196,.T.) ;
#238=ORIENTED_EDGE('',*,*,#217,.F.) ;
#239=ORIENTED_EDGE('',*,*,#224,.F.) ;
#240=ORIENTED_EDGE('',*,*,#231,.T.) ;
#241=ORIENTED_EDGE('',*,*,#236,.F.) ;
#278=ORIENTED_EDGE('',*,*,#257,.T.) ;
#279=ORIENTED_EDGE('',*,*,#264,.F.) ;
#280=ORIENTED_EDGE('',*,*,#271,.T.) ;
#281=ORIENTED_EDGE('',*,*,#276,.T.) ;
#318=ORIENTED_EDGE('',*,*,#297,.F.) ;
#319=ORIENTED_EDGE('',*,*,#304,.F.) ;
#320=ORIENTED_EDGE('',*,*,#311,.T.) ;
#321=ORIENTED_EDGE('',*,*,#316,.F.) ;
#358=ORIENTED_EDGE('',*,*,#337,.T.) ;
#359=ORIENTED_EDGE('',*,*,#344,.F.) ;
#360=ORIENTED_EDGE('',*,*,#351,.T.) ;
#361=ORIENTED_EDGE('',*,*,#356,.T.) ;
#398=ORIENTED_EDGE('',*,*,#377,.F.) ;
#399=ORIENTED_EDGE('',*,*,#384,.T.) ;
#400=ORIENTED_EDGE('',*,*,#391,.T.) ;
#401=ORIENTED_EDGE('',*,*,#396,.F.) ;
#429=ORIENTED_EDGE('',*,*,#417,.F.) ;
#430=ORIENTED_EDGE('',*,*,#422,.T.) ;
#431=ORIENTED_EDGE('',*,*,#377,.T.) ;
#432=ORIENTED_EDGE('',*,*,#427,.F.) ;
#460=ORIENTED_EDGE('',*,*,#391,.F.) ;
#461=ORIENTED_EDGE('',*,*,#446,.T.) ;
#462=ORIENTED_EDGE('',*,*,#453,.T.) ;
#463=ORIENTED_EDGE('',*,*,#458,.F.) ;
#482=ORIENTED_EDGE('',*,*,#453,.F.) ;
#483=ORIENTED_EDGE('',*,*,#475,.T.) ;
#484=ORIENTED_EDGE('',*,*,#417,.T.) ;
#485=ORIENTED_EDGE('',*,*,#480,.F.) ;
#523=ORIENTED_EDGE('',*,*,#501,.T.) ;
#524=ORIENTED_EDGE('',*,*,#506,.T.) ;
#525=ORIENTED_EDGE('',*,*,#316,.T.) ;
#526=ORIENTED_EDGE('',*,*,#511,.F.) ;
#527=ORIENTED_EDGE('',*,*,#67,.F.) ;
#528=ORIENTED_EDGE('',*,*,#516,.T.) ;
#529=ORIENTED_EDGE('',*,*,#271,.F.) ;
#530=ORIENTED_EDGE('',*,*,#521,.T.) ;
#558=ORIENTED_EDGE('',*,*,#544,.T.) ;
#559=ORIENTED_EDGE('',*,*,#344,.T.) ;
#560=ORIENTED_EDGE('',*,*,#551,.F.) ;
#561=ORIENTED_EDGE('',*,*,#556,.F.) ;
#582=ORIENTED_EDGE('',*,*,#575,.F.) ;
#583=ORIENTED_EDGE('',*,*,#580,.T.) ;
#584=ORIENTED_EDGE('',*,*,#297,.T.) ;
#585=ORIENTED_EDGE('',*,*,#506,.F.) ;
#606=ORIENTED_EDGE('',*,*,#599,.T.) ;
#607=ORIENTED_EDGE('',*,*,#521,.F.) ;
#608=ORIENTED_EDGE('',*,*,#264,.T.) ;
#609=ORIENTED_EDGE('',*,*,#604,.T.) ;
#635=ORIENTED_EDGE('',*,*,#618,.F.) ;
#636=ORIENTED_EDGE('',*,*,#551,.T.) ;
#637=ORIENTED_EDGE('',*,*,#337,.F.) ;
#638=ORIENTED_EDGE('',*,*,#623,.T.) ;
#639=ORIENTED_EDGE('',*,*,#191,.F.) ;
#640=ORIENTED_EDGE('',*,*,#628,.F.) ;
#641=ORIENTED_EDGE('',*,*,#224,.T.) ;
#642=ORIENTED_EDGE('',*,*,#633,.T.) ;
#678=ORIENTED_EDGE('',*,*,#654,.F.) ;
#679=ORIENTED_EDGE('',*,*,#604,.F.) ;
#680=ORIENTED_EDGE('',*,*,#257,.F.) ;
#681=ORIENTED_EDGE('',*,*,#659,.T.) ;
#682=ORIENTED_EDGE('',*,*,#351,.F.) ;
#683=ORIENTED_EDGE('',*,*,#544,.F.) ;
#684=ORIENTED_EDGE('',*,*,#666,.T.) ;
#685=ORIENTED_EDGE('',*,*,#671,.F.) ;
#686=ORIENTED_EDGE('',*,*,#236,.T.) ;
#687=ORIENTED_EDGE('',*,*,#676,.F.) ;
#688=ORIENTED_EDGE('',*,*,#304,.T.) ;
#689=ORIENTED_EDGE('',*,*,#580,.F.) ;
#703=ORIENTED_EDGE('',*,*,#633,.F.) ;
#704=ORIENTED_EDGE('',*,*,#217,.T.) ;
#705=ORIENTED_EDGE('',*,*,#671,.T.) ;
#706=ORIENTED_EDGE('',*,*,#701,.T.) ;
#715=ORIENTED_EDGE('',*,*,#599,.F.) ;
#716=ORIENTED_EDGE('',*,*,#654,.T.) ;
#717=ORIENTED_EDGE('',*,*,#575,.T.) ;
#718=ORIENTED_EDGE('',*,*,#501,.F.) ;
#727=ORIENTED_EDGE('',*,*,#618,.T.) ;
#728=ORIENTED_EDGE('',*,*,#701,.F.) ;
#729=ORIENTED_EDGE('',*,*,#666,.F.) ;
#730=ORIENTED_EDGE('',*,*,#556,.T.) ;
#739=ORIENTED_EDGE('',*,*,#103,.F.) ;
#740=ORIENTED_EDGE('',*,*,#134,.F.) ;
#741=ORIENTED_EDGE('',*,*,#153,.F.) ;
#742=ORIENTED_EDGE('',*,*,#196,.F.) ;
#743=ORIENTED_EDGE('',*,*,#623,.F.) ;
#744=ORIENTED_EDGE('',*,*,#356,.F.) ;
#745=ORIENTED_EDGE('',*,*,#659,.F.) ;
#746=ORIENTED_EDGE('',*,*,#276,.F.) ;
#747=ORIENTED_EDGE('',*,*,#516,.F.) ;
#748=ORIENTED_EDGE('',*,*,#60,.T.) ;
#751=ORIENTED_EDGE('',*,*,#427,.T.) ;
#752=ORIENTED_EDGE('',*,*,#396,.T.) ;
#753=ORIENTED_EDGE('',*,*,#458,.T.) ;
#754=ORIENTED_EDGE('',*,*,#480,.T.) ;
#771=ORIENTED_EDGE('',*,*,#764,.T.) ;
#772=ORIENTED_EDGE('',*,*,#769,.T.) ;
#789=ORIENTED_EDGE('',*,*,#782,.T.) ;
#790=ORIENTED_EDGE('',*,*,#787,.T.) ;
#799=ORIENTED_EDGE('',*,*,#72,.F.) ;
#800=ORIENTED_EDGE('',*,*,#511,.T.) ;
#801=ORIENTED_EDGE('',*,*,#311,.F.) ;
#802=ORIENTED_EDGE('',*,*,#676,.T.) ;
#803=ORIENTED_EDGE('',*,*,#231,.F.) ;
#804=ORIENTED_EDGE('',*,*,#628,.T.) ;
#805=ORIENTED_EDGE('',*,*,#184,.T.) ;
#806=ORIENTED_EDGE('',*,*,#160,.F.) ;
#807=ORIENTED_EDGE('',*,*,#122,.F.) ;
#808=ORIENTED_EDGE('',*,*,#91,.F.) ;
#811=ORIENTED_EDGE('',*,*,#475,.F.) ;
#812=ORIENTED_EDGE('',*,*,#446,.F.) ;
#813=ORIENTED_EDGE('',*,*,#384,.F.) ;
#814=ORIENTED_EDGE('',*,*,#422,.F.) ;
#831=ORIENTED_EDGE('',*,*,#824,.F.) ;
#832=ORIENTED_EDGE('',*,*,#829,.F.) ;
#849=ORIENTED_EDGE('',*,*,#842,.F.) ;
#850=ORIENTED_EDGE('',*,*,#847,.F.) ;
#869=ORIENTED_EDGE('',*,*,#842,.T.) ;
#870=ORIENTED_EDGE('',*,*,#862,.F.) ;
#871=ORIENTED_EDGE('',*,*,#787,.F.) ;
#872=ORIENTED_EDGE('',*,*,#867,.T.) ;
#876=ORIENTED_EDGE('',*,*,#847,.T.) ;
#877=ORIENTED_EDGE('',*,*,#867,.F.) ;
#878=ORIENTED_EDGE('',*,*,#782,.F.) ;
#879=ORIENTED_EDGE('',*,*,#862,.T.) ;
#898=ORIENTED_EDGE('',*,*,#824,.T.) ;
#899=ORIENTED_EDGE('',*,*,#891,.F.) ;
#900=ORIENTED_EDGE('',*,*,#769,.F.) ;
#901=ORIENTED_EDGE('',*,*,#896,.T.) ;
#905=ORIENTED_EDGE('',*,*,#829,.T.) ;
#906=ORIENTED_EDGE('',*,*,#896,.F.) ;
#907=ORIENTED_EDGE('',*,*,#764,.F.) ;
#908=ORIENTED_EDGE('',*,*,#891,.T.) ;
#971=ORIENTED_EDGE('',*,*,#950,.F.) ;
#972=ORIENTED_EDGE('',*,*,#957,.T.) ;
#973=ORIENTED_EDGE('',*,*,#964,.T.) ;
#974=ORIENTED_EDGE('',*,*,#969,.T.) ;
#1011=ORIENTED_EDGE('',*,*,#990,.F.) ;
#1012=ORIENTED_EDGE('',*,*,#997,.F.) ;
#1013=ORIENTED_EDGE('',*,*,#1004,.F.) ;
#1014=ORIENTED_EDGE('',*,*,#1009,.F.) ;
#1036=ORIENTED_EDGE('',*,*,#1024,.T.) ;
#1037=ORIENTED_EDGE('',*,*,#1029,.T.) ;
#1038=ORIENTED_EDGE('',*,*,#950,.T.) ;
#1039=ORIENTED_EDGE('',*,*,#1034,.T.) ;
#1060=ORIENTED_EDGE('',*,*,#1029,.F.) ;
#1061=ORIENTED_EDGE('',*,*,#1053,.T.) ;
#1062=ORIENTED_EDGE('',*,*,#1058,.F.) ;
#1063=ORIENTED_EDGE('',*,*,#957,.F.) ;
#1124=ORIENTED_EDGE('',*,*,#1079,.T.) ;
#1125=ORIENTED_EDGE('',*,*,#1098,.T.) ;
#1126=ORIENTED_EDGE('',*,*,#1105,.F.) ;
#1127=ORIENTED_EDGE('',*,*,#1122,.T.) ;
#1154=ORIENTED_EDGE('',*,*,#964,.F.) ;
#1155=ORIENTED_EDGE('',*,*,#1058,.T.) ;
#1156=ORIENTED_EDGE('',*,*,#1147,.F.) ;
#1157=ORIENTED_EDGE('',*,*,#1152,.T.) ;
#1171=ORIENTED_EDGE('',*,*,#1034,.F.) ;
#1172=ORIENTED_EDGE('',*,*,#969,.F.) ;
#1173=ORIENTED_EDGE('',*,*,#1152,.F.) ;
#1174=ORIENTED_EDGE('',*,*,#1169,.F.) ;
#1193=ORIENTED_EDGE('',*,*,#1009,.T.) ;
#1194=ORIENTED_EDGE('',*,*,#1186,.F.) ;
#1195=ORIENTED_EDGE('',*,*,#1122,.F.) ;
#1196=ORIENTED_EDGE('',*,*,#1191,.F.) ;
#1210=ORIENTED_EDGE('',*,*,#1004,.T.) ;
#1211=ORIENTED_EDGE('',*,*,#1208,.T.) ;
#1212=ORIENTED_EDGE('',*,*,#1079,.F.) ;
#1213=ORIENTED_EDGE('',*,*,#1186,.T.) ;
#1227=ORIENTED_EDGE('',*,*,#997,.T.) ;
#1228=ORIENTED_EDGE('',*,*,#1225,.T.) ;
#1229=ORIENTED_EDGE('',*,*,#1098,.F.) ;
#1230=ORIENTED_EDGE('',*,*,#1208,.F.) ;
#1239=ORIENTED_EDGE('',*,*,#990,.T.) ;
#1240=ORIENTED_EDGE('',*,*,#1191,.T.) ;
#1241=ORIENTED_EDGE('',*,*,#1105,.T.) ;
#1242=ORIENTED_EDGE('',*,*,#1225,.F.) ;
#1251=ORIENTED_EDGE('',*,*,#1024,.F.) ;
#1252=ORIENTED_EDGE('',*,*,#1169,.T.) ;
#1253=ORIENTED_EDGE('',*,*,#1147,.T.) ;
#1254=ORIENTED_EDGE('',*,*,#1053,.F.) ;
#1317=ORIENTED_EDGE('',*,*,#1296,.F.) ;
#1318=ORIENTED_EDGE('',*,*,#1303,.T.) ;
#1319=ORIENTED_EDGE('',*,*,#1310,.T.) ;
#1320=ORIENTED_EDGE('',*,*,#1315,.F.) ;
#1343=ORIENTED_EDGE('',*,*,#1310,.F.) ;
#1344=ORIENTED_EDGE('',*,*,#1329,.T.) ;
#1345=ORIENTED_EDGE('',*,*,#1336,.T.) ;
#1346=ORIENTED_EDGE('',*,*,#1341,.F.) ;
#1374=ORIENTED_EDGE('',*,*,#1336,.F.) ;
#1375=ORIENTED_EDGE('',*,*,#1360,.T.) ;
#1376=ORIENTED_EDGE('',*,*,#1367,.T.) ;
#1377=ORIENTED_EDGE('',*,*,#1372,.F.) ;
#1400=ORIENTED_EDGE('',*,*,#1367,.F.) ;
#1401=ORIENTED_EDGE('',*,*,#1386,.T.) ;
#1402=ORIENTED_EDGE('',*,*,#1393,.T.) ;
#1403=ORIENTED_EDGE('',*,*,#1398,.F.) ;
#1431=ORIENTED_EDGE('',*,*,#1393,.F.) ;
#1432=ORIENTED_EDGE('',*,*,#1417,.T.) ;
#1433=ORIENTED_EDGE('',*,*,#1424,.T.) ;
#1434=ORIENTED_EDGE('',*,*,#1429,.F.) ;
#1462=ORIENTED_EDGE('',*,*,#1424,.F.) ;
#1463=ORIENTED_EDGE('',*,*,#1448,.T.) ;
#1464=ORIENTED_EDGE('',*,*,#1455,.T.) ;
#1465=ORIENTED_EDGE('',*,*,#1460,.F.) ;
#1488=ORIENTED_EDGE('',*,*,#1455,.F.) ;
#1489=ORIENTED_EDGE('',*,*,#1474,.T.) ;
#1490=ORIENTED_EDGE('',*,*,#1481,.T.) ;
#1491=ORIENTED_EDGE('',*,*,#1486,.F.) ;
#1519=ORIENTED_EDGE('',*,*,#1481,.F.) ;
#1520=ORIENTED_EDGE('',*,*,#1505,.T.) ;
#1521=ORIENTED_EDGE('',*,*,#1512,.T.) ;
#1522=ORIENTED_EDGE('',*,*,#1517,.F.) ;
#1550=ORIENTED_EDGE('',*,*,#1512,.F.) ;
#1551=ORIENTED_EDGE('',*,*,#1536,.T.) ;
#1552=ORIENTED_EDGE('',*,*,#1543,.T.) ;
#1553=ORIENTED_EDGE('',*,*,#1548,.F.) ;
#1581=ORIENTED_EDGE('',*,*,#1543,.F.) ;
#1582=ORIENTED_EDGE('',*,*,#1567,.T.) ;
#1583=ORIENTED_EDGE('',*,*,#1574,.T.) ;
#1584=ORIENTED_EDGE('',*,*,#1579,.F.) ;
#1603=ORIENTED_EDGE('',*,*,#1574,.F.) ;
#1604=ORIENTED_EDGE('',*,*,#1596,.T.) ;
#1605=ORIENTED_EDGE('',*,*,#1296,.T.) ;
#1606=ORIENTED_EDGE('',*,*,#1601,.F.) ;
#1643=ORIENTED_EDGE('',*,*,#1622,.T.) ;
#1644=ORIENTED_EDGE('',*,*,#1629,.F.) ;
#1645=ORIENTED_EDGE('',*,*,#1636,.F.) ;
#1646=ORIENTED_EDGE('',*,*,#1641,.T.) ;
#1660=ORIENTED_EDGE('',*,*,#1653,.T.) ;
#1661=ORIENTED_EDGE('',*,*,#1641,.F.) ;
#1662=ORIENTED_EDGE('',*,*,#1658,.F.) ;
#1663=ORIENTED_EDGE('',*,*,#1629,.T.) ;
#1700=ORIENTED_EDGE('',*,*,#1679,.T.) ;
#1701=ORIENTED_EDGE('',*,*,#1686,.F.) ;
#1702=ORIENTED_EDGE('',*,*,#1693,.F.) ;
#1703=ORIENTED_EDGE('',*,*,#1698,.T.) ;
#1717=ORIENTED_EDGE('',*,*,#1710,.T.) ;
#1718=ORIENTED_EDGE('',*,*,#1698,.F.) ;
#1719=ORIENTED_EDGE('',*,*,#1715,.F.) ;
#1720=ORIENTED_EDGE('',*,*,#1686,.T.) ;
#1757=ORIENTED_EDGE('',*,*,#1736,.T.) ;
#1758=ORIENTED_EDGE('',*,*,#1743,.F.) ;
#1759=ORIENTED_EDGE('',*,*,#1750,.F.) ;
#1760=ORIENTED_EDGE('',*,*,#1755,.T.) ;
#1774=ORIENTED_EDGE('',*,*,#1767,.T.) ;
#1775=ORIENTED_EDGE('',*,*,#1755,.F.) ;
#1776=ORIENTED_EDGE('',*,*,#1772,.F.) ;
#1777=ORIENTED_EDGE('',*,*,#1743,.T.) ;
#1786=ORIENTED_EDGE('',*,*,#1315,.T.) ;
#1787=ORIENTED_EDGE('',*,*,#1341,.T.) ;
#1788=ORIENTED_EDGE('',*,*,#1372,.T.) ;
#1789=ORIENTED_EDGE('',*,*,#1398,.T.) ;
#1790=ORIENTED_EDGE('',*,*,#1429,.T.) ;
#1791=ORIENTED_EDGE('',*,*,#1460,.T.) ;
#1792=ORIENTED_EDGE('',*,*,#1486,.T.) ;
#1793=ORIENTED_EDGE('',*,*,#1517,.T.) ;
#1794=ORIENTED_EDGE('',*,*,#1548,.T.) ;
#1795=ORIENTED_EDGE('',*,*,#1579,.T.) ;
#1796=ORIENTED_EDGE('',*,*,#1601,.T.) ;
#1799=ORIENTED_EDGE('',*,*,#1622,.F.) ;
#1800=ORIENTED_EDGE('',*,*,#1653,.F.) ;
#1803=ORIENTED_EDGE('',*,*,#1679,.F.) ;
#1804=ORIENTED_EDGE('',*,*,#1710,.F.) ;
#1807=ORIENTED_EDGE('',*,*,#1736,.F.) ;
#1808=ORIENTED_EDGE('',*,*,#1767,.F.) ;
#1825=ORIENTED_EDGE('',*,*,#1818,.F.) ;
#1826=ORIENTED_EDGE('',*,*,#1823,.F.) ;
#1843=ORIENTED_EDGE('',*,*,#1836,.F.) ;
#1844=ORIENTED_EDGE('',*,*,#1841,.F.) ;
#1861=ORIENTED_EDGE('',*,*,#1854,.F.) ;
#1862=ORIENTED_EDGE('',*,*,#1859,.F.) ;
#1879=ORIENTED_EDGE('',*,*,#1872,.F.) ;
#1880=ORIENTED_EDGE('',*,*,#1877,.F.) ;
#1897=ORIENTED_EDGE('',*,*,#1890,.F.) ;
#1898=ORIENTED_EDGE('',*,*,#1895,.F.) ;
#1915=ORIENTED_EDGE('',*,*,#1908,.F.) ;
#1916=ORIENTED_EDGE('',*,*,#1913,.F.) ;
#1925=ORIENTED_EDGE('',*,*,#1596,.F.) ;
#1926=ORIENTED_EDGE('',*,*,#1567,.F.) ;
#1927=ORIENTED_EDGE('',*,*,#1536,.F.) ;
#1928=ORIENTED_EDGE('',*,*,#1505,.F.) ;
#1929=ORIENTED_EDGE('',*,*,#1474,.F.) ;
#1930=ORIENTED_EDGE('',*,*,#1448,.F.) ;
#1931=ORIENTED_EDGE('',*,*,#1417,.F.) ;
#1932=ORIENTED_EDGE('',*,*,#1386,.F.) ;
#1933=ORIENTED_EDGE('',*,*,#1360,.F.) ;
#1934=ORIENTED_EDGE('',*,*,#1329,.F.) ;
#1935=ORIENTED_EDGE('',*,*,#1303,.F.) ;
#1938=ORIENTED_EDGE('',*,*,#1658,.T.) ;
#1939=ORIENTED_EDGE('',*,*,#1636,.T.) ;
#1942=ORIENTED_EDGE('',*,*,#1715,.T.) ;
#1943=ORIENTED_EDGE('',*,*,#1693,.T.) ;
#1946=ORIENTED_EDGE('',*,*,#1772,.T.) ;
#1947=ORIENTED_EDGE('',*,*,#1750,.T.) ;
#1964=ORIENTED_EDGE('',*,*,#1957,.T.) ;
#1965=ORIENTED_EDGE('',*,*,#1962,.T.) ;
#1982=ORIENTED_EDGE('',*,*,#1975,.T.) ;
#1983=ORIENTED_EDGE('',*,*,#1980,.T.) ;
#2000=ORIENTED_EDGE('',*,*,#1993,.T.) ;
#2001=ORIENTED_EDGE('',*,*,#1998,.T.) ;
#2018=ORIENTED_EDGE('',*,*,#2011,.T.) ;
#2019=ORIENTED_EDGE('',*,*,#2016,.T.) ;
#2036=ORIENTED_EDGE('',*,*,#2029,.T.) ;
#2037=ORIENTED_EDGE('',*,*,#2034,.T.) ;
#2054=ORIENTED_EDGE('',*,*,#2047,.T.) ;
#2055=ORIENTED_EDGE('',*,*,#2052,.T.) ;
#2074=ORIENTED_EDGE('',*,*,#2067,.F.) ;
#2075=ORIENTED_EDGE('',*,*,#1872,.T.) ;
#2076=ORIENTED_EDGE('',*,*,#2072,.T.) ;
#2077=ORIENTED_EDGE('',*,*,#2016,.F.) ;
#2081=ORIENTED_EDGE('',*,*,#2072,.F.) ;
#2082=ORIENTED_EDGE('',*,*,#1877,.T.) ;
#2083=ORIENTED_EDGE('',*,*,#2067,.T.) ;
#2084=ORIENTED_EDGE('',*,*,#2011,.F.) ;
#2103=ORIENTED_EDGE('',*,*,#2096,.F.) ;
#2104=ORIENTED_EDGE('',*,*,#1836,.T.) ;
#2105=ORIENTED_EDGE('',*,*,#2101,.T.) ;
#2106=ORIENTED_EDGE('',*,*,#1980,.F.) ;
#2110=ORIENTED_EDGE('',*,*,#2101,.F.) ;
#2111=ORIENTED_EDGE('',*,*,#1841,.T.) ;
#2112=ORIENTED_EDGE('',*,*,#2096,.T.) ;
#2113=ORIENTED_EDGE('',*,*,#1975,.F.) ;
#2132=ORIENTED_EDGE('',*,*,#2125,.F.) ;
#2133=ORIENTED_EDGE('',*,*,#1908,.T.) ;
#2134=ORIENTED_EDGE('',*,*,#2130,.T.) ;
#2135=ORIENTED_EDGE('',*,*,#2052,.F.) ;
#2139=ORIENTED_EDGE('',*,*,#2130,.F.) ;
#2140=ORIENTED_EDGE('',*,*,#1913,.T.) ;
#2141=ORIENTED_EDGE('',*,*,#2125,.T.) ;
#2142=ORIENTED_EDGE('',*,*,#2047,.F.) ;
#2161=ORIENTED_EDGE('',*,*,#2154,.F.) ;
#2162=ORIENTED_EDGE('',*,*,#1854,.T.) ;
#2163=ORIENTED_EDGE('',*,*,#2159,.T.) ;
#2164=ORIENTED_EDGE('',*,*,#1998,.F.) ;
#2168=ORIENTED_EDGE('',*,*,#2159,.F.) ;
#2169=ORIENTED_EDGE('',*,*,#1859,.T.) ;
#2170=ORIENTED_EDGE('',*,*,#2154,.T.) ;
#2171=ORIENTED_EDGE('',*,*,#1993,.F.) ;
#2190=ORIENTED_EDGE('',*,*,#2183,.F.) ;
#2191=ORIENTED_EDGE('',*,*,#1890,.T.) ;
#2192=ORIENTED_EDGE('',*,*,#2188,.T.) ;
#2193=ORIENTED_EDGE('',*,*,#2034,.F.) ;
#2197=ORIENTED_EDGE('',*,*,#2188,.F.) ;
#2198=ORIENTED_EDGE('',*,*,#1895,.T.) ;
#2199=ORIENTED_EDGE('',*,*,#2183,.T.) ;
#2200=ORIENTED_EDGE('',*,*,#2029,.F.) ;
#2219=ORIENTED_EDGE('',*,*,#2212,.F.) ;
#2220=ORIENTED_EDGE('',*,*,#1818,.T.) ;
#2221=ORIENTED_EDGE('',*,*,#2217,.T.) ;
#2222=ORIENTED_EDGE('',*,*,#1962,.F.) ;
#2226=ORIENTED_EDGE('',*,*,#2217,.F.) ;
#2227=ORIENTED_EDGE('',*,*,#1823,.T.) ;
#2228=ORIENTED_EDGE('',*,*,#2212,.T.) ;
#2229=ORIENTED_EDGE('',*,*,#1957,.F.) ;
#2278=ORIENTED_EDGE('',*,*,#2271,.F.) ;
#2279=ORIENTED_EDGE('',*,*,#2276,.F.) ;
#2296=ORIENTED_EDGE('',*,*,#2289,.T.) ;
#2297=ORIENTED_EDGE('',*,*,#2294,.T.) ;
#2325=ORIENTED_EDGE('',*,*,#2313,.F.) ;
#2326=ORIENTED_EDGE('',*,*,#2318,.T.) ;
#2327=ORIENTED_EDGE('',*,*,#2294,.F.) ;
#2328=ORIENTED_EDGE('',*,*,#2323,.F.) ;
#2337=ORIENTED_EDGE('',*,*,#2335,.F.) ;
#2338=ORIENTED_EDGE('',*,*,#2323,.T.) ;
#2339=ORIENTED_EDGE('',*,*,#2289,.F.) ;
#2340=ORIENTED_EDGE('',*,*,#2318,.F.) ;
#2363=ORIENTED_EDGE('',*,*,#2356,.T.) ;
#2364=ORIENTED_EDGE('',*,*,#2361,.T.) ;
#2381=ORIENTED_EDGE('',*,*,#2374,.F.) ;
#2382=ORIENTED_EDGE('',*,*,#2379,.F.) ;
#2399=ORIENTED_EDGE('',*,*,#2392,.F.) ;
#2400=ORIENTED_EDGE('',*,*,#2397,.F.) ;
#2417=ORIENTED_EDGE('',*,*,#2410,.F.) ;
#2418=ORIENTED_EDGE('',*,*,#2415,.F.) ;
#2435=ORIENTED_EDGE('',*,*,#2428,.F.) ;
#2436=ORIENTED_EDGE('',*,*,#2433,.F.) ;
#2453=ORIENTED_EDGE('',*,*,#2446,.F.) ;
#2454=ORIENTED_EDGE('',*,*,#2451,.F.) ;
#2471=ORIENTED_EDGE('',*,*,#2464,.F.) ;
#2472=ORIENTED_EDGE('',*,*,#2469,.F.) ;
#2500=ORIENTED_EDGE('',*,*,#2356,.F.) ;
#2501=ORIENTED_EDGE('',*,*,#2486,.T.) ;
#2502=ORIENTED_EDGE('',*,*,#2493,.T.) ;
#2503=ORIENTED_EDGE('',*,*,#2498,.F.) ;
#2512=ORIENTED_EDGE('',*,*,#2361,.F.) ;
#2513=ORIENTED_EDGE('',*,*,#2498,.T.) ;
#2514=ORIENTED_EDGE('',*,*,#2510,.T.) ;
#2515=ORIENTED_EDGE('',*,*,#2486,.F.) ;
#2524=ORIENTED_EDGE('',*,*,#2493,.F.) ;
#2525=ORIENTED_EDGE('',*,*,#2510,.F.) ;
#2542=ORIENTED_EDGE('',*,*,#2535,.T.) ;
#2543=ORIENTED_EDGE('',*,*,#2540,.T.) ;
#2571=ORIENTED_EDGE('',*,*,#2540,.F.) ;
#2572=ORIENTED_EDGE('',*,*,#2557,.T.) ;
#2573=ORIENTED_EDGE('',*,*,#2564,.T.) ;
#2574=ORIENTED_EDGE('',*,*,#2569,.F.) ;
#2583=ORIENTED_EDGE('',*,*,#2535,.F.) ;
#2584=ORIENTED_EDGE('',*,*,#2569,.T.) ;
#2585=ORIENTED_EDGE('',*,*,#2581,.T.) ;
#2586=ORIENTED_EDGE('',*,*,#2557,.F.) ;
#2609=ORIENTED_EDGE('',*,*,#2602,.T.) ;
#2610=ORIENTED_EDGE('',*,*,#2607,.T.) ;
#2613=ORIENTED_EDGE('',*,*,#2564,.F.) ;
#2614=ORIENTED_EDGE('',*,*,#2581,.F.) ;
#2637=ORIENTED_EDGE('',*,*,#2602,.F.) ;
#2638=ORIENTED_EDGE('',*,*,#2623,.T.) ;
#2639=ORIENTED_EDGE('',*,*,#2630,.T.) ;
#2640=ORIENTED_EDGE('',*,*,#2635,.F.) ;
#2649=ORIENTED_EDGE('',*,*,#2607,.F.) ;
#2650=ORIENTED_EDGE('',*,*,#2635,.T.) ;
#2651=ORIENTED_EDGE('',*,*,#2647,.T.) ;
#2652=ORIENTED_EDGE('',*,*,#2623,.F.) ;
#2661=ORIENTED_EDGE('',*,*,#2647,.F.) ;
#2662=ORIENTED_EDGE('',*,*,#2630,.F.) ;
#2679=ORIENTED_EDGE('',*,*,#2672,.T.) ;
#2680=ORIENTED_EDGE('',*,*,#2677,.T.) ;
#2708=ORIENTED_EDGE('',*,*,#2677,.F.) ;
#2709=ORIENTED_EDGE('',*,*,#2694,.T.) ;
#2710=ORIENTED_EDGE('',*,*,#2701,.T.) ;
#2711=ORIENTED_EDGE('',*,*,#2706,.F.) ;
#2720=ORIENTED_EDGE('',*,*,#2672,.F.) ;
#2721=ORIENTED_EDGE('',*,*,#2706,.T.) ;
#2722=ORIENTED_EDGE('',*,*,#2718,.T.) ;
#2723=ORIENTED_EDGE('',*,*,#2694,.F.) ;
#2732=ORIENTED_EDGE('',*,*,#2701,.F.) ;
#2733=ORIENTED_EDGE('',*,*,#2718,.F.) ;
#2750=ORIENTED_EDGE('',*,*,#2743,.T.) ;
#2751=ORIENTED_EDGE('',*,*,#2748,.T.) ;
#2768=ORIENTED_EDGE('',*,*,#2761,.T.) ;
#2769=ORIENTED_EDGE('',*,*,#2766,.T.) ;
#2772=ORIENTED_EDGE('',*,*,#2335,.T.) ;
#2773=ORIENTED_EDGE('',*,*,#2313,.T.) ;
#2790=ORIENTED_EDGE('',*,*,#2783,.T.) ;
#2791=ORIENTED_EDGE('',*,*,#2788,.T.) ;
#2808=ORIENTED_EDGE('',*,*,#2801,.T.) ;
#2809=ORIENTED_EDGE('',*,*,#2806,.T.) ;
#2826=ORIENTED_EDGE('',*,*,#2819,.T.) ;
#2827=ORIENTED_EDGE('',*,*,#2824,.T.) ;
#2846=ORIENTED_EDGE('',*,*,#2410,.T.) ;
#2847=ORIENTED_EDGE('',*,*,#2839,.F.) ;
#2848=ORIENTED_EDGE('',*,*,#2271,.T.) ;
#2849=ORIENTED_EDGE('',*,*,#2844,.T.) ;
#2853=ORIENTED_EDGE('',*,*,#2415,.T.) ;
#2854=ORIENTED_EDGE('',*,*,#2844,.F.) ;
#2855=ORIENTED_EDGE('',*,*,#2276,.T.) ;
#2856=ORIENTED_EDGE('',*,*,#2839,.T.) ;
#2874=ORIENTED_EDGE('',*,*,#2867,.F.) ;
#2875=ORIENTED_EDGE('',*,*,#2872,.F.) ;
#2892=ORIENTED_EDGE('',*,*,#2885,.T.) ;
#2893=ORIENTED_EDGE('',*,*,#2890,.T.) ;
#2912=ORIENTED_EDGE('',*,*,#2392,.T.) ;
#2913=ORIENTED_EDGE('',*,*,#2905,.F.) ;
#2914=ORIENTED_EDGE('',*,*,#2872,.T.) ;
#2915=ORIENTED_EDGE('',*,*,#2910,.T.) ;
#2919=ORIENTED_EDGE('',*,*,#2397,.T.) ;
#2920=ORIENTED_EDGE('',*,*,#2910,.F.) ;
#2921=ORIENTED_EDGE('',*,*,#2867,.T.) ;
#2922=ORIENTED_EDGE('',*,*,#2905,.T.) ;
#2941=ORIENTED_EDGE('',*,*,#2761,.F.) ;
#2942=ORIENTED_EDGE('',*,*,#2934,.T.) ;
#2943=ORIENTED_EDGE('',*,*,#2885,.F.) ;
#2944=ORIENTED_EDGE('',*,*,#2939,.F.) ;
#2948=ORIENTED_EDGE('',*,*,#2766,.F.) ;
#2949=ORIENTED_EDGE('',*,*,#2939,.T.) ;
#2950=ORIENTED_EDGE('',*,*,#2890,.F.) ;
#2951=ORIENTED_EDGE('',*,*,#2934,.F.) ;
#2969=ORIENTED_EDGE('',*,*,#2962,.F.) ;
#2970=ORIENTED_EDGE('',*,*,#2967,.F.) ;
#2987=ORIENTED_EDGE('',*,*,#2980,.T.) ;
#2988=ORIENTED_EDGE('',*,*,#2985,.T.) ;
#3007=ORIENTED_EDGE('',*,*,#2374,.T.) ;
#3008=ORIENTED_EDGE('',*,*,#3000,.F.) ;
#3009=ORIENTED_EDGE('',*,*,#2967,.T.) ;
#3010=ORIENTED_EDGE('',*,*,#3005,.T.) ;
#3014=ORIENTED_EDGE('',*,*,#2379,.T.) ;
#3015=ORIENTED_EDGE('',*,*,#3005,.F.) ;
#3016=ORIENTED_EDGE('',*,*,#2962,.T.) ;
#3017=ORIENTED_EDGE('',*,*,#3000,.T.) ;
#3036=ORIENTED_EDGE('',*,*,#2743,.F.) ;
#3037=ORIENTED_EDGE('',*,*,#3029,.T.) ;
#3038=ORIENTED_EDGE('',*,*,#2980,.F.) ;
#3039=ORIENTED_EDGE('',*,*,#3034,.F.) ;
#3043=ORIENTED_EDGE('',*,*,#2748,.F.) ;
#3044=ORIENTED_EDGE('',*,*,#3034,.T.) ;
#3045=ORIENTED_EDGE('',*,*,#2985,.F.) ;
#3046=ORIENTED_EDGE('',*,*,#3029,.F.) ;
#3064=ORIENTED_EDGE('',*,*,#3057,.F.) ;
#3065=ORIENTED_EDGE('',*,*,#3062,.F.) ;
#3082=ORIENTED_EDGE('',*,*,#3075,.T.) ;
#3083=ORIENTED_EDGE('',*,*,#3080,.T.) ;
#3102=ORIENTED_EDGE('',*,*,#2428,.T.) ;
#3103=ORIENTED_EDGE('',*,*,#3095,.F.) ;
#3104=ORIENTED_EDGE('',*,*,#3062,.T.) ;
#3105=ORIENTED_EDGE('',*,*,#3100,.T.) ;
#3109=ORIENTED_EDGE('',*,*,#2433,.T.) ;
#3110=ORIENTED_EDGE('',*,*,#3100,.F.) ;
#3111=ORIENTED_EDGE('',*,*,#3057,.T.) ;
#3112=ORIENTED_EDGE('',*,*,#3095,.T.) ;
#3131=ORIENTED_EDGE('',*,*,#2783,.F.) ;
#3132=ORIENTED_EDGE('',*,*,#3124,.T.) ;
#3133=ORIENTED_EDGE('',*,*,#3075,.F.) ;
#3134=ORIENTED_EDGE('',*,*,#3129,.F.) ;
#3138=ORIENTED_EDGE('',*,*,#2788,.F.) ;
#3139=ORIENTED_EDGE('',*,*,#3129,.T.) ;
#3140=ORIENTED_EDGE('',*,*,#3080,.F.) ;
#3141=ORIENTED_EDGE('',*,*,#3124,.F.) ;
#3159=ORIENTED_EDGE('',*,*,#3152,.F.) ;
#3160=ORIENTED_EDGE('',*,*,#3157,.F.) ;
#3177=ORIENTED_EDGE('',*,*,#3170,.T.) ;
#3178=ORIENTED_EDGE('',*,*,#3175,.T.) ;
#3197=ORIENTED_EDGE('',*,*,#2446,.T.) ;
#3198=ORIENTED_EDGE('',*,*,#3190,.F.) ;
#3199=ORIENTED_EDGE('',*,*,#3157,.T.) ;
#3200=ORIENTED_EDGE('',*,*,#3195,.T.) ;
#3204=ORIENTED_EDGE('',*,*,#2451,.T.) ;
#3205=ORIENTED_EDGE('',*,*,#3195,.F.) ;
#3206=ORIENTED_EDGE('',*,*,#3152,.T.) ;
#3207=ORIENTED_EDGE('',*,*,#3190,.T.) ;
#3226=ORIENTED_EDGE('',*,*,#2801,.F.) ;
#3227=ORIENTED_EDGE('',*,*,#3219,.T.) ;
#3228=ORIENTED_EDGE('',*,*,#3170,.F.) ;
#3229=ORIENTED_EDGE('',*,*,#3224,.F.) ;
#3233=ORIENTED_EDGE('',*,*,#2806,.F.) ;
#3234=ORIENTED_EDGE('',*,*,#3224,.T.) ;
#3235=ORIENTED_EDGE('',*,*,#3175,.F.) ;
#3236=ORIENTED_EDGE('',*,*,#3219,.F.) ;
#3254=ORIENTED_EDGE('',*,*,#3247,.F.) ;
#3255=ORIENTED_EDGE('',*,*,#3252,.F.) ;
#3272=ORIENTED_EDGE('',*,*,#3265,.T.) ;
#3273=ORIENTED_EDGE('',*,*,#3270,.T.) ;
#3292=ORIENTED_EDGE('',*,*,#2464,.T.) ;
#3293=ORIENTED_EDGE('',*,*,#3285,.F.) ;
#3294=ORIENTED_EDGE('',*,*,#3252,.T.) ;
#3295=ORIENTED_EDGE('',*,*,#3290,.T.) ;
#3299=ORIENTED_EDGE('',*,*,#2469,.T.) ;
#3300=ORIENTED_EDGE('',*,*,#3290,.F.) ;
#3301=ORIENTED_EDGE('',*,*,#3247,.T.) ;
#3302=ORIENTED_EDGE('',*,*,#3285,.T.) ;
#3321=ORIENTED_EDGE('',*,*,#2819,.F.) ;
#3322=ORIENTED_EDGE('',*,*,#3314,.T.) ;
#3323=ORIENTED_EDGE('',*,*,#3265,.F.) ;
#3324=ORIENTED_EDGE('',*,*,#3319,.F.) ;
#3328=ORIENTED_EDGE('',*,*,#2824,.F.) ;
#3329=ORIENTED_EDGE('',*,*,#3319,.T.) ;
#3330=ORIENTED_EDGE('',*,*,#3270,.F.) ;
#3331=ORIENTED_EDGE('',*,*,#3314,.F.) ;
#3395=ORIENTED_EDGE('',*,*,#3388,.F.) ;
#3396=ORIENTED_EDGE('',*,*,#3393,.F.) ;
#3413=ORIENTED_EDGE('',*,*,#3406,.T.) ;
#3414=ORIENTED_EDGE('',*,*,#3411,.T.) ;
#3442=ORIENTED_EDGE('',*,*,#3430,.F.) ;
#3443=ORIENTED_EDGE('',*,*,#3435,.T.) ;
#3444=ORIENTED_EDGE('',*,*,#3411,.F.) ;
#3445=ORIENTED_EDGE('',*,*,#3440,.F.) ;
#3454=ORIENTED_EDGE('',*,*,#3452,.F.) ;
#3455=ORIENTED_EDGE('',*,*,#3440,.T.) ;
#3456=ORIENTED_EDGE('',*,*,#3406,.F.) ;
#3457=ORIENTED_EDGE('',*,*,#3435,.F.) ;
#3480=ORIENTED_EDGE('',*,*,#3473,.T.) ;
#3481=ORIENTED_EDGE('',*,*,#3478,.T.) ;
#3498=ORIENTED_EDGE('',*,*,#3491,.F.) ;
#3499=ORIENTED_EDGE('',*,*,#3496,.F.) ;
#3516=ORIENTED_EDGE('',*,*,#3509,.F.) ;
#3517=ORIENTED_EDGE('',*,*,#3514,.F.) ;
#3534=ORIENTED_EDGE('',*,*,#3527,.F.) ;
#3535=ORIENTED_EDGE('',*,*,#3532,.F.) ;
#3552=ORIENTED_EDGE('',*,*,#3545,.F.) ;
#3553=ORIENTED_EDGE('',*,*,#3550,.F.) ;
#3570=ORIENTED_EDGE('',*,*,#3563,.F.) ;
#3571=ORIENTED_EDGE('',*,*,#3568,.F.) ;
#3588=ORIENTED_EDGE('',*,*,#3581,.F.) ;
#3589=ORIENTED_EDGE('',*,*,#3586,.F.) ;
#3606=ORIENTED_EDGE('',*,*,#3599,.F.) ;
#3607=ORIENTED_EDGE('',*,*,#3604,.F.) ;
#3635=ORIENTED_EDGE('',*,*,#3621,.F.) ;
#3636=ORIENTED_EDGE('',*,*,#3628,.T.) ;
#3637=ORIENTED_EDGE('',*,*,#3633,.T.) ;
#3638=ORIENTED_EDGE('',*,*,#3473,.F.) ;
#3647=ORIENTED_EDGE('',*,*,#3633,.F.) ;
#3648=ORIENTED_EDGE('',*,*,#3645,.T.) ;
#3649=ORIENTED_EDGE('',*,*,#3621,.T.) ;
#3650=ORIENTED_EDGE('',*,*,#3478,.F.) ;
#3678=ORIENTED_EDGE('',*,*,#3532,.T.) ;
#3679=ORIENTED_EDGE('',*,*,#3664,.F.) ;
#3680=ORIENTED_EDGE('',*,*,#3671,.F.) ;
#3681=ORIENTED_EDGE('',*,*,#3676,.T.) ;
#3690=ORIENTED_EDGE('',*,*,#3527,.T.) ;
#3691=ORIENTED_EDGE('',*,*,#3676,.F.) ;
#3692=ORIENTED_EDGE('',*,*,#3688,.F.) ;
#3693=ORIENTED_EDGE('',*,*,#3664,.T.) ;
#3702=ORIENTED_EDGE('',*,*,#3645,.F.) ;
#3703=ORIENTED_EDGE('',*,*,#3628,.F.) ;
#3720=ORIENTED_EDGE('',*,*,#3713,.T.) ;
#3721=ORIENTED_EDGE('',*,*,#3718,.T.) ;
#3724=ORIENTED_EDGE('',*,*,#3452,.T.) ;
#3725=ORIENTED_EDGE('',*,*,#3430,.T.) ;
#3728=ORIENTED_EDGE('',*,*,#3671,.T.) ;
#3729=ORIENTED_EDGE('',*,*,#3688,.T.) ;
#3746=ORIENTED_EDGE('',*,*,#3739,.T.) ;
#3747=ORIENTED_EDGE('',*,*,#3744,.T.) ;
#3764=ORIENTED_EDGE('',*,*,#3757,.T.) ;
#3765=ORIENTED_EDGE('',*,*,#3762,.T.) ;
#3782=ORIENTED_EDGE('',*,*,#3775,.T.) ;
#3783=ORIENTED_EDGE('',*,*,#3780,.T.) ;
#3800=ORIENTED_EDGE('',*,*,#3793,.T.) ;
#3801=ORIENTED_EDGE('',*,*,#3798,.T.) ;
#3820=ORIENTED_EDGE('',*,*,#3509,.T.) ;
#3821=ORIENTED_EDGE('',*,*,#3813,.F.) ;
#3822=ORIENTED_EDGE('',*,*,#3388,.T.) ;
#3823=ORIENTED_EDGE('',*,*,#3818,.T.) ;
#3835=ORIENTED_EDGE('',*,*,#3514,.T.) ;
#3836=ORIENTED_EDGE('',*,*,#3818,.F.) ;
#3837=ORIENTED_EDGE('',*,*,#3393,.T.) ;
#3838=ORIENTED_EDGE('',*,*,#3813,.T.) ;
#3857=ORIENTED_EDGE('',*,*,#3850,.F.) ;
#3858=ORIENTED_EDGE('',*,*,#3855,.F.) ;
#3875=ORIENTED_EDGE('',*,*,#3868,.T.) ;
#3876=ORIENTED_EDGE('',*,*,#3873,.T.) ;
#3895=ORIENTED_EDGE('',*,*,#3491,.T.) ;
#3896=ORIENTED_EDGE('',*,*,#3888,.F.) ;
#3897=ORIENTED_EDGE('',*,*,#3855,.T.) ;
#3898=ORIENTED_EDGE('',*,*,#3893,.T.) ;
#3903=ORIENTED_EDGE('',*,*,#3496,.T.) ;
#3904=ORIENTED_EDGE('',*,*,#3893,.F.) ;
#3905=ORIENTED_EDGE('',*,*,#3850,.T.) ;
#3906=ORIENTED_EDGE('',*,*,#3888,.T.) ;
#3926=ORIENTED_EDGE('',*,*,#3718,.F.) ;
#3927=ORIENTED_EDGE('',*,*,#3919,.T.) ;
#3928=ORIENTED_EDGE('',*,*,#3868,.F.) ;
#3929=ORIENTED_EDGE('',*,*,#3924,.F.) ;
#3933=ORIENTED_EDGE('',*,*,#3713,.F.) ;
#3934=ORIENTED_EDGE('',*,*,#3924,.T.) ;
#3935=ORIENTED_EDGE('',*,*,#3873,.F.) ;
#3936=ORIENTED_EDGE('',*,*,#3919,.F.) ;
#3954=ORIENTED_EDGE('',*,*,#3947,.F.) ;
#3955=ORIENTED_EDGE('',*,*,#3952,.F.) ;
#3972=ORIENTED_EDGE('',*,*,#3965,.T.) ;
#3973=ORIENTED_EDGE('',*,*,#3970,.T.) ;
#3992=ORIENTED_EDGE('',*,*,#3545,.T.) ;
#3993=ORIENTED_EDGE('',*,*,#3985,.F.) ;
#3994=ORIENTED_EDGE('',*,*,#3952,.T.) ;
#3995=ORIENTED_EDGE('',*,*,#3990,.T.) ;
#4000=ORIENTED_EDGE('',*,*,#3550,.T.) ;
#4001=ORIENTED_EDGE('',*,*,#3990,.F.) ;
#4002=ORIENTED_EDGE('',*,*,#3947,.T.) ;
#4003=ORIENTED_EDGE('',*,*,#3985,.T.) ;
#4023=ORIENTED_EDGE('',*,*,#3744,.F.) ;
#4024=ORIENTED_EDGE('',*,*,#4016,.T.) ;
#4025=ORIENTED_EDGE('',*,*,#3965,.F.) ;
#4026=ORIENTED_EDGE('',*,*,#4021,.F.) ;
#4030=ORIENTED_EDGE('',*,*,#3739,.F.) ;
#4031=ORIENTED_EDGE('',*,*,#4021,.T.) ;
#4032=ORIENTED_EDGE('',*,*,#3970,.F.) ;
#4033=ORIENTED_EDGE('',*,*,#4016,.F.) ;
#4051=ORIENTED_EDGE('',*,*,#4044,.F.) ;
#4052=ORIENTED_EDGE('',*,*,#4049,.F.) ;
#4069=ORIENTED_EDGE('',*,*,#4062,.T.) ;
#4070=ORIENTED_EDGE('',*,*,#4067,.T.) ;
#4089=ORIENTED_EDGE('',*,*,#3563,.T.) ;
#4090=ORIENTED_EDGE('',*,*,#4082,.F.) ;
#4091=ORIENTED_EDGE('',*,*,#4049,.T.) ;
#4092=ORIENTED_EDGE('',*,*,#4087,.T.) ;
#4097=ORIENTED_EDGE('',*,*,#3568,.T.) ;
#4098=ORIENTED_EDGE('',*,*,#4087,.F.) ;
#4099=ORIENTED_EDGE('',*,*,#4044,.T.) ;
#4100=ORIENTED_EDGE('',*,*,#4082,.T.) ;
#4120=ORIENTED_EDGE('',*,*,#3762,.F.) ;
#4121=ORIENTED_EDGE('',*,*,#4113,.T.) ;
#4122=ORIENTED_EDGE('',*,*,#4062,.F.) ;
#4123=ORIENTED_EDGE('',*,*,#4118,.F.) ;
#4127=ORIENTED_EDGE('',*,*,#3757,.F.) ;
#4128=ORIENTED_EDGE('',*,*,#4118,.T.) ;
#4129=ORIENTED_EDGE('',*,*,#4067,.F.) ;
#4130=ORIENTED_EDGE('',*,*,#4113,.F.) ;
#4148=ORIENTED_EDGE('',*,*,#4141,.F.) ;
#4149=ORIENTED_EDGE('',*,*,#4146,.F.) ;
#4166=ORIENTED_EDGE('',*,*,#4159,.T.) ;
#4167=ORIENTED_EDGE('',*,*,#4164,.T.) ;
#4186=ORIENTED_EDGE('',*,*,#3581,.T.) ;
#4187=ORIENTED_EDGE('',*,*,#4179,.F.) ;
#4188=ORIENTED_EDGE('',*,*,#4146,.T.) ;
#4189=ORIENTED_EDGE('',*,*,#4184,.T.) ;
#4194=ORIENTED_EDGE('',*,*,#3586,.T.) ;
#4195=ORIENTED_EDGE('',*,*,#4184,.F.) ;
#4196=ORIENTED_EDGE('',*,*,#4141,.T.) ;
#4197=ORIENTED_EDGE('',*,*,#4179,.T.) ;
#4217=ORIENTED_EDGE('',*,*,#3780,.F.) ;
#4218=ORIENTED_EDGE('',*,*,#4210,.T.) ;
#4219=ORIENTED_EDGE('',*,*,#4159,.F.) ;
#4220=ORIENTED_EDGE('',*,*,#4215,.F.) ;
#4224=ORIENTED_EDGE('',*,*,#3775,.F.) ;
#4225=ORIENTED_EDGE('',*,*,#4215,.T.) ;
#4226=ORIENTED_EDGE('',*,*,#4164,.F.) ;
#4227=ORIENTED_EDGE('',*,*,#4210,.F.) ;
#4245=ORIENTED_EDGE('',*,*,#4238,.F.) ;
#4246=ORIENTED_EDGE('',*,*,#4243,.F.) ;
#4263=ORIENTED_EDGE('',*,*,#4256,.T.) ;
#4264=ORIENTED_EDGE('',*,*,#4261,.T.) ;
#4283=ORIENTED_EDGE('',*,*,#3599,.T.) ;
#4284=ORIENTED_EDGE('',*,*,#4276,.F.) ;
#4285=ORIENTED_EDGE('',*,*,#4243,.T.) ;
#4286=ORIENTED_EDGE('',*,*,#4281,.T.) ;
#4291=ORIENTED_EDGE('',*,*,#3604,.T.) ;
#4292=ORIENTED_EDGE('',*,*,#4281,.F.) ;
#4293=ORIENTED_EDGE('',*,*,#4238,.T.) ;
#4294=ORIENTED_EDGE('',*,*,#4276,.T.) ;
#4314=ORIENTED_EDGE('',*,*,#3798,.F.) ;
#4315=ORIENTED_EDGE('',*,*,#4307,.T.) ;
#4316=ORIENTED_EDGE('',*,*,#4256,.F.) ;
#4317=ORIENTED_EDGE('',*,*,#4312,.F.) ;
#4321=ORIENTED_EDGE('',*,*,#3793,.F.) ;
#4322=ORIENTED_EDGE('',*,*,#4312,.T.) ;
#4323=ORIENTED_EDGE('',*,*,#4261,.F.) ;
#4324=ORIENTED_EDGE('',*,*,#4307,.F.) ;
#4394=ORIENTED_EDGE('',*,*,#4373,.F.) ;
#4395=ORIENTED_EDGE('',*,*,#4380,.T.) ;
#4396=ORIENTED_EDGE('',*,*,#4387,.T.) ;
#4397=ORIENTED_EDGE('',*,*,#4392,.F.) ;
#4411=ORIENTED_EDGE('',*,*,#4404,.F.) ;
#4412=ORIENTED_EDGE('',*,*,#4392,.T.) ;
#4413=ORIENTED_EDGE('',*,*,#4409,.T.) ;
#4414=ORIENTED_EDGE('',*,*,#4380,.F.) ;
#4451=ORIENTED_EDGE('',*,*,#4430,.F.) ;
#4452=ORIENTED_EDGE('',*,*,#4437,.T.) ;
#4453=ORIENTED_EDGE('',*,*,#4444,.T.) ;
#4454=ORIENTED_EDGE('',*,*,#4449,.F.) ;
#4468=ORIENTED_EDGE('',*,*,#4461,.F.) ;
#4469=ORIENTED_EDGE('',*,*,#4449,.T.) ;
#4470=ORIENTED_EDGE('',*,*,#4466,.T.) ;
#4471=ORIENTED_EDGE('',*,*,#4437,.F.) ;
#4508=ORIENTED_EDGE('',*,*,#4487,.F.) ;
#4509=ORIENTED_EDGE('',*,*,#4494,.T.) ;
#4510=ORIENTED_EDGE('',*,*,#4501,.T.) ;
#4511=ORIENTED_EDGE('',*,*,#4506,.F.) ;
#4525=ORIENTED_EDGE('',*,*,#4518,.F.) ;
#4526=ORIENTED_EDGE('',*,*,#4506,.T.) ;
#4527=ORIENTED_EDGE('',*,*,#4523,.T.) ;
#4528=ORIENTED_EDGE('',*,*,#4494,.F.) ;
#4537=ORIENTED_EDGE('',*,*,#4461,.T.) ;
#4538=ORIENTED_EDGE('',*,*,#4430,.T.) ;
#4541=ORIENTED_EDGE('',*,*,#4387,.F.) ;
#4542=ORIENTED_EDGE('',*,*,#4409,.F.) ;
#4551=ORIENTED_EDGE('',*,*,#4518,.T.) ;
#4552=ORIENTED_EDGE('',*,*,#4487,.T.) ;
#4555=ORIENTED_EDGE('',*,*,#4444,.F.) ;
#4556=ORIENTED_EDGE('',*,*,#4466,.F.) ;
#4565=ORIENTED_EDGE('',*,*,#4501,.F.) ;
#4566=ORIENTED_EDGE('',*,*,#4523,.F.) ;
#4569=ORIENTED_EDGE('',*,*,#4404,.T.) ;
#4570=ORIENTED_EDGE('',*,*,#4373,.T.) ;
#4633=ORIENTED_EDGE('',*,*,#4612,.F.) ;
#4634=ORIENTED_EDGE('',*,*,#4619,.F.) ;
#4635=ORIENTED_EDGE('',*,*,#4626,.T.) ;
#4636=ORIENTED_EDGE('',*,*,#4631,.T.) ;
#4667=ORIENTED_EDGE('',*,*,#4660,.T.) ;
#4668=ORIENTED_EDGE('',*,*,#4665,.T.) ;
#4685=ORIENTED_EDGE('',*,*,#4678,.F.) ;
#4686=ORIENTED_EDGE('',*,*,#4683,.F.) ;
#4694=ORIENTED_EDGE('',*,*,#4692,.F.) ;
#4695=ORIENTED_EDGE('',*,*,#4631,.F.) ;
#4712=ORIENTED_EDGE('',*,*,#4705,.F.) ;
#4713=ORIENTED_EDGE('',*,*,#4710,.F.) ;
#4730=ORIENTED_EDGE('',*,*,#4723,.F.) ;
#4731=ORIENTED_EDGE('',*,*,#4728,.F.) ;
#4748=ORIENTED_EDGE('',*,*,#4741,.F.) ;
#4749=ORIENTED_EDGE('',*,*,#4746,.F.) ;
#4766=ORIENTED_EDGE('',*,*,#4759,.F.) ;
#4767=ORIENTED_EDGE('',*,*,#4764,.F.) ;
#4776=ORIENTED_EDGE('',*,*,#4626,.F.) ;
#4777=ORIENTED_EDGE('',*,*,#4774,.F.) ;
#4778=ORIENTED_EDGE('',*,*,#4612,.T.) ;
#4779=ORIENTED_EDGE('',*,*,#4692,.T.) ;
#4808=ORIENTED_EDGE('',*,*,#4794,.F.) ;
#4809=ORIENTED_EDGE('',*,*,#4801,.T.) ;
#4810=ORIENTED_EDGE('',*,*,#4806,.T.) ;
#4811=ORIENTED_EDGE('',*,*,#4660,.F.) ;
#4820=ORIENTED_EDGE('',*,*,#4806,.F.) ;
#4821=ORIENTED_EDGE('',*,*,#4818,.T.) ;
#4822=ORIENTED_EDGE('',*,*,#4794,.T.) ;
#4823=ORIENTED_EDGE('',*,*,#4665,.F.) ;
#4832=ORIENTED_EDGE('',*,*,#4818,.F.) ;
#4833=ORIENTED_EDGE('',*,*,#4801,.F.) ;
#4850=ORIENTED_EDGE('',*,*,#4843,.T.) ;
#4851=ORIENTED_EDGE('',*,*,#4848,.T.) ;
#4879=ORIENTED_EDGE('',*,*,#4865,.F.) ;
#4880=ORIENTED_EDGE('',*,*,#4872,.T.) ;
#4881=ORIENTED_EDGE('',*,*,#4877,.T.) ;
#4882=ORIENTED_EDGE('',*,*,#4848,.F.) ;
#4891=ORIENTED_EDGE('',*,*,#4877,.F.) ;
#4892=ORIENTED_EDGE('',*,*,#4889,.T.) ;
#4893=ORIENTED_EDGE('',*,*,#4865,.T.) ;
#4894=ORIENTED_EDGE('',*,*,#4843,.F.) ;
#4903=ORIENTED_EDGE('',*,*,#4889,.F.) ;
#4904=ORIENTED_EDGE('',*,*,#4872,.F.) ;
#4921=ORIENTED_EDGE('',*,*,#4914,.T.) ;
#4922=ORIENTED_EDGE('',*,*,#4919,.T.) ;
#4925=ORIENTED_EDGE('',*,*,#4619,.T.) ;
#4926=ORIENTED_EDGE('',*,*,#4774,.T.) ;
#4943=ORIENTED_EDGE('',*,*,#4936,.T.) ;
#4944=ORIENTED_EDGE('',*,*,#4941,.T.) ;
#4961=ORIENTED_EDGE('',*,*,#4954,.T.) ;
#4962=ORIENTED_EDGE('',*,*,#4959,.T.) ;
#4979=ORIENTED_EDGE('',*,*,#4972,.T.) ;
#4980=ORIENTED_EDGE('',*,*,#4977,.T.) ;
#4997=ORIENTED_EDGE('',*,*,#4990,.T.) ;
#4998=ORIENTED_EDGE('',*,*,#4995,.T.) ;
#5017=ORIENTED_EDGE('',*,*,#5010,.F.) ;
#5018=ORIENTED_EDGE('',*,*,#4919,.F.) ;
#5019=ORIENTED_EDGE('',*,*,#5015,.T.) ;
#5020=ORIENTED_EDGE('',*,*,#4678,.T.) ;
#5025=ORIENTED_EDGE('',*,*,#5015,.F.) ;
#5026=ORIENTED_EDGE('',*,*,#4914,.F.) ;
#5027=ORIENTED_EDGE('',*,*,#5010,.T.) ;
#5028=ORIENTED_EDGE('',*,*,#4683,.T.) ;
#5048=ORIENTED_EDGE('',*,*,#5041,.F.) ;
#5049=ORIENTED_EDGE('',*,*,#4941,.F.) ;
#5050=ORIENTED_EDGE('',*,*,#5046,.T.) ;
#5051=ORIENTED_EDGE('',*,*,#4705,.T.) ;
#5056=ORIENTED_EDGE('',*,*,#5046,.F.) ;
#5057=ORIENTED_EDGE('',*,*,#4936,.F.) ;
#5058=ORIENTED_EDGE('',*,*,#5041,.T.) ;
#5059=ORIENTED_EDGE('',*,*,#4710,.T.) ;
#5079=ORIENTED_EDGE('',*,*,#5072,.F.) ;
#5080=ORIENTED_EDGE('',*,*,#4959,.F.) ;
#5081=ORIENTED_EDGE('',*,*,#5077,.T.) ;
#5082=ORIENTED_EDGE('',*,*,#4723,.T.) ;
#5087=ORIENTED_EDGE('',*,*,#5077,.F.) ;
#5088=ORIENTED_EDGE('',*,*,#4954,.F.) ;
#5089=ORIENTED_EDGE('',*,*,#5072,.T.) ;
#5090=ORIENTED_EDGE('',*,*,#4728,.T.) ;
#5110=ORIENTED_EDGE('',*,*,#5103,.F.) ;
#5111=ORIENTED_EDGE('',*,*,#4977,.F.) ;
#5112=ORIENTED_EDGE('',*,*,#5108,.T.) ;
#5113=ORIENTED_EDGE('',*,*,#4741,.T.) ;
#5118=ORIENTED_EDGE('',*,*,#5108,.F.) ;
#5119=ORIENTED_EDGE('',*,*,#4972,.F.) ;
#5120=ORIENTED_EDGE('',*,*,#5103,.T.) ;
#5121=ORIENTED_EDGE('',*,*,#4746,.T.) ;
#5141=ORIENTED_EDGE('',*,*,#5134,.F.) ;
#5142=ORIENTED_EDGE('',*,*,#4995,.F.) ;
#5143=ORIENTED_EDGE('',*,*,#5139,.T.) ;
#5144=ORIENTED_EDGE('',*,*,#4759,.T.) ;
#5149=ORIENTED_EDGE('',*,*,#5139,.F.) ;
#5150=ORIENTED_EDGE('',*,*,#4990,.F.) ;
#5151=ORIENTED_EDGE('',*,*,#5134,.T.) ;
#5152=ORIENTED_EDGE('',*,*,#4764,.T.) ;
#5202=ORIENTED_EDGE('',*,*,#5195,.F.) ;
#5203=ORIENTED_EDGE('',*,*,#5200,.F.) ;
#5220=ORIENTED_EDGE('',*,*,#5213,.T.) ;
#5221=ORIENTED_EDGE('',*,*,#5218,.T.) ;
#5257=ORIENTED_EDGE('',*,*,#5245,.F.) ;
#5258=ORIENTED_EDGE('',*,*,#5250,.T.) ;
#5259=ORIENTED_EDGE('',*,*,#5218,.F.) ;
#5260=ORIENTED_EDGE('',*,*,#5255,.F.) ;
#5270=ORIENTED_EDGE('',*,*,#5268,.F.) ;
#5271=ORIENTED_EDGE('',*,*,#5255,.T.) ;
#5272=ORIENTED_EDGE('',*,*,#5213,.F.) ;
#5273=ORIENTED_EDGE('',*,*,#5250,.F.) ;
#5297=ORIENTED_EDGE('',*,*,#5290,.T.) ;
#5298=ORIENTED_EDGE('',*,*,#5295,.T.) ;
#5315=ORIENTED_EDGE('',*,*,#5308,.F.) ;
#5316=ORIENTED_EDGE('',*,*,#5313,.F.) ;
#5333=ORIENTED_EDGE('',*,*,#5326,.F.) ;
#5334=ORIENTED_EDGE('',*,*,#5331,.F.) ;
#5351=ORIENTED_EDGE('',*,*,#5344,.F.) ;
#5352=ORIENTED_EDGE('',*,*,#5349,.F.) ;
#5369=ORIENTED_EDGE('',*,*,#5362,.F.) ;
#5370=ORIENTED_EDGE('',*,*,#5367,.F.) ;
#5387=ORIENTED_EDGE('',*,*,#5380,.F.) ;
#5388=ORIENTED_EDGE('',*,*,#5385,.F.) ;
#5405=ORIENTED_EDGE('',*,*,#5398,.F.) ;
#5406=ORIENTED_EDGE('',*,*,#5403,.F.) ;
#5434=ORIENTED_EDGE('',*,*,#5420,.F.) ;
#5435=ORIENTED_EDGE('',*,*,#5427,.T.) ;
#5436=ORIENTED_EDGE('',*,*,#5432,.T.) ;
#5437=ORIENTED_EDGE('',*,*,#5290,.F.) ;
#5446=ORIENTED_EDGE('',*,*,#5432,.F.) ;
#5447=ORIENTED_EDGE('',*,*,#5444,.T.) ;
#5448=ORIENTED_EDGE('',*,*,#5420,.T.) ;
#5449=ORIENTED_EDGE('',*,*,#5295,.F.) ;
#5458=ORIENTED_EDGE('',*,*,#5444,.F.) ;
#5459=ORIENTED_EDGE('',*,*,#5427,.F.) ;
#5476=ORIENTED_EDGE('',*,*,#5469,.T.) ;
#5477=ORIENTED_EDGE('',*,*,#5474,.T.) ;
#5494=ORIENTED_EDGE('',*,*,#5487,.T.) ;
#5495=ORIENTED_EDGE('',*,*,#5492,.T.) ;
#5498=ORIENTED_EDGE('',*,*,#5268,.T.) ;
#5499=ORIENTED_EDGE('',*,*,#5245,.T.) ;
#5516=ORIENTED_EDGE('',*,*,#5509,.T.) ;
#5517=ORIENTED_EDGE('',*,*,#5514,.T.) ;
#5534=ORIENTED_EDGE('',*,*,#5527,.T.) ;
#5535=ORIENTED_EDGE('',*,*,#5532,.T.) ;
#5552=ORIENTED_EDGE('',*,*,#5545,.T.) ;
#5553=ORIENTED_EDGE('',*,*,#5550,.T.) ;
#5572=ORIENTED_EDGE('',*,*,#5344,.T.) ;
#5573=ORIENTED_EDGE('',*,*,#5565,.F.) ;
#5574=ORIENTED_EDGE('',*,*,#5195,.T.) ;
#5575=ORIENTED_EDGE('',*,*,#5570,.T.) ;
#5580=ORIENTED_EDGE('',*,*,#5349,.T.) ;
#5581=ORIENTED_EDGE('',*,*,#5570,.F.) ;
#5582=ORIENTED_EDGE('',*,*,#5200,.T.) ;
#5583=ORIENTED_EDGE('',*,*,#5565,.T.) ;
#5602=ORIENTED_EDGE('',*,*,#5595,.F.) ;
#5603=ORIENTED_EDGE('',*,*,#5600,.F.) ;
#5620=ORIENTED_EDGE('',*,*,#5613,.T.) ;
#5621=ORIENTED_EDGE('',*,*,#5618,.T.) ;
#5641=ORIENTED_EDGE('',*,*,#5326,.T.) ;
#5642=ORIENTED_EDGE('',*,*,#5634,.F.) ;
#5643=ORIENTED_EDGE('',*,*,#5600,.T.) ;
#5644=ORIENTED_EDGE('',*,*,#5639,.T.) ;
#5649=ORIENTED_EDGE('',*,*,#5331,.T.) ;
#5650=ORIENTED_EDGE('',*,*,#5639,.F.) ;
#5651=ORIENTED_EDGE('',*,*,#5595,.T.) ;
#5652=ORIENTED_EDGE('',*,*,#5634,.T.) ;
#5672=ORIENTED_EDGE('',*,*,#5492,.F.) ;
#5673=ORIENTED_EDGE('',*,*,#5665,.T.) ;
#5674=ORIENTED_EDGE('',*,*,#5613,.F.) ;
#5675=ORIENTED_EDGE('',*,*,#5670,.F.) ;
#5680=ORIENTED_EDGE('',*,*,#5487,.F.) ;
#5681=ORIENTED_EDGE('',*,*,#5670,.T.) ;
#5682=ORIENTED_EDGE('',*,*,#5618,.F.) ;
#5683=ORIENTED_EDGE('',*,*,#5665,.F.) ;
#5702=ORIENTED_EDGE('',*,*,#5695,.F.) ;
#5703=ORIENTED_EDGE('',*,*,#5700,.F.) ;
#5720=ORIENTED_EDGE('',*,*,#5713,.T.) ;
#5721=ORIENTED_EDGE('',*,*,#5718,.T.) ;
#5741=ORIENTED_EDGE('',*,*,#5308,.T.) ;
#5742=ORIENTED_EDGE('',*,*,#5734,.F.) ;
#5743=ORIENTED_EDGE('',*,*,#5700,.T.) ;
#5744=ORIENTED_EDGE('',*,*,#5739,.T.) ;
#5749=ORIENTED_EDGE('',*,*,#5313,.T.) ;
#5750=ORIENTED_EDGE('',*,*,#5739,.F.) ;
#5751=ORIENTED_EDGE('',*,*,#5695,.T.) ;
#5752=ORIENTED_EDGE('',*,*,#5734,.T.) ;
#5772=ORIENTED_EDGE('',*,*,#5474,.F.) ;
#5773=ORIENTED_EDGE('',*,*,#5765,.T.) ;
#5774=ORIENTED_EDGE('',*,*,#5713,.F.) ;
#5775=ORIENTED_EDGE('',*,*,#5770,.F.) ;
#5780=ORIENTED_EDGE('',*,*,#5469,.F.) ;
#5781=ORIENTED_EDGE('',*,*,#5770,.T.) ;
#5782=ORIENTED_EDGE('',*,*,#5718,.F.) ;
#5783=ORIENTED_EDGE('',*,*,#5765,.F.) ;
#5802=ORIENTED_EDGE('',*,*,#5795,.F.) ;
#5803=ORIENTED_EDGE('',*,*,#5800,.F.) ;
#5820=ORIENTED_EDGE('',*,*,#5813,.T.) ;
#5821=ORIENTED_EDGE('',*,*,#5818,.T.) ;
#5841=ORIENTED_EDGE('',*,*,#5362,.T.) ;
#5842=ORIENTED_EDGE('',*,*,#5834,.F.) ;
#5843=ORIENTED_EDGE('',*,*,#5800,.T.) ;
#5844=ORIENTED_EDGE('',*,*,#5839,.T.) ;
#5849=ORIENTED_EDGE('',*,*,#5367,.T.) ;
#5850=ORIENTED_EDGE('',*,*,#5839,.F.) ;
#5851=ORIENTED_EDGE('',*,*,#5795,.T.) ;
#5852=ORIENTED_EDGE('',*,*,#5834,.T.) ;
#5872=ORIENTED_EDGE('',*,*,#5514,.F.) ;
#5873=ORIENTED_EDGE('',*,*,#5865,.T.) ;
#5874=ORIENTED_EDGE('',*,*,#5813,.F.) ;
#5875=ORIENTED_EDGE('',*,*,#5870,.F.) ;
#5880=ORIENTED_EDGE('',*,*,#5509,.F.) ;
#5881=ORIENTED_EDGE('',*,*,#5870,.T.) ;
#5882=ORIENTED_EDGE('',*,*,#5818,.F.) ;
#5883=ORIENTED_EDGE('',*,*,#5865,.F.) ;
#5902=ORIENTED_EDGE('',*,*,#5895,.F.) ;
#5903=ORIENTED_EDGE('',*,*,#5900,.F.) ;
#5920=ORIENTED_EDGE('',*,*,#5913,.T.) ;
#5921=ORIENTED_EDGE('',*,*,#5918,.T.) ;
#5941=ORIENTED_EDGE('',*,*,#5380,.T.) ;
#5942=ORIENTED_EDGE('',*,*,#5934,.F.) ;
#5943=ORIENTED_EDGE('',*,*,#5900,.T.) ;
#5944=ORIENTED_EDGE('',*,*,#5939,.T.) ;
#5949=ORIENTED_EDGE('',*,*,#5385,.T.) ;
#5950=ORIENTED_EDGE('',*,*,#5939,.F.) ;
#5951=ORIENTED_EDGE('',*,*,#5895,.T.) ;
#5952=ORIENTED_EDGE('',*,*,#5934,.T.) ;
#5972=ORIENTED_EDGE('',*,*,#5532,.F.) ;
#5973=ORIENTED_EDGE('',*,*,#5965,.T.) ;
#5974=ORIENTED_EDGE('',*,*,#5913,.F.) ;
#5975=ORIENTED_EDGE('',*,*,#5970,.F.) ;
#5980=ORIENTED_EDGE('',*,*,#5527,.F.) ;
#5981=ORIENTED_EDGE('',*,*,#5970,.T.) ;
#5982=ORIENTED_EDGE('',*,*,#5918,.F.) ;
#5983=ORIENTED_EDGE('',*,*,#5965,.F.) ;
#6002=ORIENTED_EDGE('',*,*,#5995,.F.) ;
#6003=ORIENTED_EDGE('',*,*,#6000,.F.) ;
#6020=ORIENTED_EDGE('',*,*,#6013,.T.) ;
#6021=ORIENTED_EDGE('',*,*,#6018,.T.) ;
#6041=ORIENTED_EDGE('',*,*,#5398,.T.) ;
#6042=ORIENTED_EDGE('',*,*,#6034,.F.) ;
#6043=ORIENTED_EDGE('',*,*,#6000,.T.) ;
#6044=ORIENTED_EDGE('',*,*,#6039,.T.) ;
#6049=ORIENTED_EDGE('',*,*,#5403,.T.) ;
#6050=ORIENTED_EDGE('',*,*,#6039,.F.) ;
#6051=ORIENTED_EDGE('',*,*,#5995,.T.) ;
#6052=ORIENTED_EDGE('',*,*,#6034,.T.) ;
#6072=ORIENTED_EDGE('',*,*,#5550,.F.) ;
#6073=ORIENTED_EDGE('',*,*,#6065,.T.) ;
#6074=ORIENTED_EDGE('',*,*,#6013,.F.) ;
#6075=ORIENTED_EDGE('',*,*,#6070,.F.) ;
#6080=ORIENTED_EDGE('',*,*,#5545,.F.) ;
#6081=ORIENTED_EDGE('',*,*,#6070,.T.) ;
#6082=ORIENTED_EDGE('',*,*,#6018,.F.) ;
#6083=ORIENTED_EDGE('',*,*,#6065,.F.) ;
#30=MANIFOLD_SOLID_BREP('PartBody',#39) ;
#934=MANIFOLD_SOLID_BREP('PartBody',#936) ;
#1280=MANIFOLD_SOLID_BREP('PartBody',#1282) ;
#2255=MANIFOLD_SOLID_BREP('PartBody',#2257) ;
#3365=MANIFOLD_SOLID_BREP('PartBody',#3374) ;
#4350=MANIFOLD_SOLID_BREP('PartBody',#4359) ;
#4596=MANIFOLD_SOLID_BREP('PartBody',#4598) ;
#5179=MANIFOLD_SOLID_BREP('PartBody',#5181) ;
#50=VERTEX_POINT('',#49) ;
#52=VERTEX_POINT('',#51) ;
#59=VERTEX_POINT('',#58) ;
#66=VERTEX_POINT('',#65) ;
#90=VERTEX_POINT('',#89) ;
#97=VERTEX_POINT('',#96) ;
#121=VERTEX_POINT('',#120) ;
#128=VERTEX_POINT('',#127) ;
#152=VERTEX_POINT('',#151) ;
#159=VERTEX_POINT('',#158) ;
#183=VERTEX_POINT('',#182) ;
#190=VERTEX_POINT('',#189) ;
#214=VERTEX_POINT('',#213) ;
#216=VERTEX_POINT('',#215) ;
#223=VERTEX_POINT('',#222) ;
#230=VERTEX_POINT('',#229) ;
#254=VERTEX_POINT('',#253) ;
#256=VERTEX_POINT('',#255) ;
#263=VERTEX_POINT('',#262) ;
#270=VERTEX_POINT('',#269) ;
#294=VERTEX_POINT('',#293) ;
#296=VERTEX_POINT('',#295) ;
#303=VERTEX_POINT('',#302) ;
#310=VERTEX_POINT('',#309) ;
#334=VERTEX_POINT('',#333) ;
#336=VERTEX_POINT('',#335) ;
#343=VERTEX_POINT('',#342) ;
#350=VERTEX_POINT('',#349) ;
#374=VERTEX_POINT('',#373) ;
#376=VERTEX_POINT('',#375) ;
#383=VERTEX_POINT('',#382) ;
#390=VERTEX_POINT('',#389) ;
#414=VERTEX_POINT('',#413) ;
#416=VERTEX_POINT('',#415) ;
#445=VERTEX_POINT('',#444) ;
#452=VERTEX_POINT('',#451) ;
#498=VERTEX_POINT('',#497) ;
#500=VERTEX_POINT('',#499) ;
#543=VERTEX_POINT('',#542) ;
#550=VERTEX_POINT('',#549) ;
#574=VERTEX_POINT('',#573) ;
#598=VERTEX_POINT('',#597) ;
#617=VERTEX_POINT('',#616) ;
#665=VERTEX_POINT('',#664) ;
#761=VERTEX_POINT('',#760) ;
#763=VERTEX_POINT('',#762) ;
#779=VERTEX_POINT('',#778) ;
#781=VERTEX_POINT('',#780) ;
#821=VERTEX_POINT('',#820) ;
#823=VERTEX_POINT('',#822) ;
#839=VERTEX_POINT('',#838) ;
#841=VERTEX_POINT('',#840) ;
#947=VERTEX_POINT('',#946) ;
#949=VERTEX_POINT('',#948) ;
#956=VERTEX_POINT('',#955) ;
#963=VERTEX_POINT('',#962) ;
#987=VERTEX_POINT('',#986) ;
#989=VERTEX_POINT('',#988) ;
#996=VERTEX_POINT('',#995) ;
#1003=VERTEX_POINT('',#1002) ;
#1021=VERTEX_POINT('',#1020) ;
#1023=VERTEX_POINT('',#1022) ;
#1052=VERTEX_POINT('',#1051) ;
#1076=VERTEX_POINT('',#1075) ;
#1078=VERTEX_POINT('',#1077) ;
#1097=VERTEX_POINT('',#1096) ;
#1104=VERTEX_POINT('',#1103) ;
#1146=VERTEX_POINT('',#1145) ;
#1293=VERTEX_POINT('',#1292) ;
#1295=VERTEX_POINT('',#1294) ;
#1302=VERTEX_POINT('',#1301) ;
#1309=VERTEX_POINT('',#1308) ;
#1328=VERTEX_POINT('',#1327) ;
#1335=VERTEX_POINT('',#1334) ;
#1359=VERTEX_POINT('',#1358) ;
#1366=VERTEX_POINT('',#1365) ;
#1385=VERTEX_POINT('',#1384) ;
#1392=VERTEX_POINT('',#1391) ;
#1416=VERTEX_POINT('',#1415) ;
#1423=VERTEX_POINT('',#1422) ;
#1447=VERTEX_POINT('',#1446) ;
#1454=VERTEX_POINT('',#1453) ;
#1473=VERTEX_POINT('',#1472) ;
#1480=VERTEX_POINT('',#1479) ;
#1504=VERTEX_POINT('',#1503) ;
#1511=VERTEX_POINT('',#1510) ;
#1535=VERTEX_POINT('',#1534) ;
#1542=VERTEX_POINT('',#1541) ;
#1566=VERTEX_POINT('',#1565) ;
#1573=VERTEX_POINT('',#1572) ;
#1619=VERTEX_POINT('',#1618) ;
#1621=VERTEX_POINT('',#1620) ;
#1628=VERTEX_POINT('',#1627) ;
#1635=VERTEX_POINT('',#1634) ;
#1676=VERTEX_POINT('',#1675) ;
#1678=VERTEX_POINT('',#1677) ;
#1685=VERTEX_POINT('',#1684) ;
#1692=VERTEX_POINT('',#1691) ;
#1733=VERTEX_POINT('',#1732) ;
#1735=VERTEX_POINT('',#1734) ;
#1742=VERTEX_POINT('',#1741) ;
#1749=VERTEX_POINT('',#1748) ;
#1815=VERTEX_POINT('',#1814) ;
#1817=VERTEX_POINT('',#1816) ;
#1833=VERTEX_POINT('',#1832) ;
#1835=VERTEX_POINT('',#1834) ;
#1851=VERTEX_POINT('',#1850) ;
#1853=VERTEX_POINT('',#1852) ;
#1869=VERTEX_POINT('',#1868) ;
#1871=VERTEX_POINT('',#1870) ;
#1887=VERTEX_POINT('',#1886) ;
#1889=VERTEX_POINT('',#1888) ;
#1905=VERTEX_POINT('',#1904) ;
#1907=VERTEX_POINT('',#1906) ;
#1954=VERTEX_POINT('',#1953) ;
#1956=VERTEX_POINT('',#1955) ;
#1972=VERTEX_POINT('',#1971) ;
#1974=VERTEX_POINT('',#1973) ;
#1990=VERTEX_POINT('',#1989) ;
#1992=VERTEX_POINT('',#1991) ;
#2008=VERTEX_POINT('',#2007) ;
#2010=VERTEX_POINT('',#2009) ;
#2026=VERTEX_POINT('',#2025) ;
#2028=VERTEX_POINT('',#2027) ;
#2044=VERTEX_POINT('',#2043) ;
#2046=VERTEX_POINT('',#2045) ;
#2268=VERTEX_POINT('',#2267) ;
#2270=VERTEX_POINT('',#2269) ;
#2286=VERTEX_POINT('',#2285) ;
#2288=VERTEX_POINT('',#2287) ;
#2310=VERTEX_POINT('',#2309) ;
#2312=VERTEX_POINT('',#2311) ;
#2353=VERTEX_POINT('',#2352) ;
#2355=VERTEX_POINT('',#2354) ;
#2371=VERTEX_POINT('',#2370) ;
#2373=VERTEX_POINT('',#2372) ;
#2389=VERTEX_POINT('',#2388) ;
#2391=VERTEX_POINT('',#2390) ;
#2407=VERTEX_POINT('',#2406) ;
#2409=VERTEX_POINT('',#2408) ;
#2425=VERTEX_POINT('',#2424) ;
#2427=VERTEX_POINT('',#2426) ;
#2443=VERTEX_POINT('',#2442) ;
#2445=VERTEX_POINT('',#2444) ;
#2461=VERTEX_POINT('',#2460) ;
#2463=VERTEX_POINT('',#2462) ;
#2485=VERTEX_POINT('',#2484) ;
#2492=VERTEX_POINT('',#2491) ;
#2532=VERTEX_POINT('',#2531) ;
#2534=VERTEX_POINT('',#2533) ;
#2556=VERTEX_POINT('',#2555) ;
#2563=VERTEX_POINT('',#2562) ;
#2599=VERTEX_POINT('',#2598) ;
#2601=VERTEX_POINT('',#2600) ;
#2622=VERTEX_POINT('',#2621) ;
#2629=VERTEX_POINT('',#2628) ;
#2669=VERTEX_POINT('',#2668) ;
#2671=VERTEX_POINT('',#2670) ;
#2693=VERTEX_POINT('',#2692) ;
#2700=VERTEX_POINT('',#2699) ;
#2740=VERTEX_POINT('',#2739) ;
#2742=VERTEX_POINT('',#2741) ;
#2758=VERTEX_POINT('',#2757) ;
#2760=VERTEX_POINT('',#2759) ;
#2780=VERTEX_POINT('',#2779) ;
#2782=VERTEX_POINT('',#2781) ;
#2798=VERTEX_POINT('',#2797) ;
#2800=VERTEX_POINT('',#2799) ;
#2816=VERTEX_POINT('',#2815) ;
#2818=VERTEX_POINT('',#2817) ;
#2864=VERTEX_POINT('',#2863) ;
#2866=VERTEX_POINT('',#2865) ;
#2882=VERTEX_POINT('',#2881) ;
#2884=VERTEX_POINT('',#2883) ;
#2959=VERTEX_POINT('',#2958) ;
#2961=VERTEX_POINT('',#2960) ;
#2977=VERTEX_POINT('',#2976) ;
#2979=VERTEX_POINT('',#2978) ;
#3054=VERTEX_POINT('',#3053) ;
#3056=VERTEX_POINT('',#3055) ;
#3072=VERTEX_POINT('',#3071) ;
#3074=VERTEX_POINT('',#3073) ;
#3149=VERTEX_POINT('',#3148) ;
#3151=VERTEX_POINT('',#3150) ;
#3167=VERTEX_POINT('',#3166) ;
#3169=VERTEX_POINT('',#3168) ;
#3244=VERTEX_POINT('',#3243) ;
#3246=VERTEX_POINT('',#3245) ;
#3262=VERTEX_POINT('',#3261) ;
#3264=VERTEX_POINT('',#3263) ;
#3385=VERTEX_POINT('',#3384) ;
#3387=VERTEX_POINT('',#3386) ;
#3403=VERTEX_POINT('',#3402) ;
#3405=VERTEX_POINT('',#3404) ;
#3427=VERTEX_POINT('',#3426) ;
#3429=VERTEX_POINT('',#3428) ;
#3470=VERTEX_POINT('',#3469) ;
#3472=VERTEX_POINT('',#3471) ;
#3488=VERTEX_POINT('',#3487) ;
#3490=VERTEX_POINT('',#3489) ;
#3506=VERTEX_POINT('',#3505) ;
#3508=VERTEX_POINT('',#3507) ;
#3524=VERTEX_POINT('',#3523) ;
#3526=VERTEX_POINT('',#3525) ;
#3542=VERTEX_POINT('',#3541) ;
#3544=VERTEX_POINT('',#3543) ;
#3560=VERTEX_POINT('',#3559) ;
#3562=VERTEX_POINT('',#3561) ;
#3578=VERTEX_POINT('',#3577) ;
#3580=VERTEX_POINT('',#3579) ;
#3596=VERTEX_POINT('',#3595) ;
#3598=VERTEX_POINT('',#3597) ;
#3620=VERTEX_POINT('',#3619) ;
#3627=VERTEX_POINT('',#3626) ;
#3663=VERTEX_POINT('',#3662) ;
#3670=VERTEX_POINT('',#3669) ;
#3710=VERTEX_POINT('',#3709) ;
#3712=VERTEX_POINT('',#3711) ;
#3736=VERTEX_POINT('',#3735) ;
#3738=VERTEX_POINT('',#3737) ;
#3754=VERTEX_POINT('',#3753) ;
#3756=VERTEX_POINT('',#3755) ;
#3772=VERTEX_POINT('',#3771) ;
#3774=VERTEX_POINT('',#3773) ;
#3790=VERTEX_POINT('',#3789) ;
#3792=VERTEX_POINT('',#3791) ;
#3847=VERTEX_POINT('',#3846) ;
#3849=VERTEX_POINT('',#3848) ;
#3865=VERTEX_POINT('',#3864) ;
#3867=VERTEX_POINT('',#3866) ;
#3944=VERTEX_POINT('',#3943) ;
#3946=VERTEX_POINT('',#3945) ;
#3962=VERTEX_POINT('',#3961) ;
#3964=VERTEX_POINT('',#3963) ;
#4041=VERTEX_POINT('',#4040) ;
#4043=VERTEX_POINT('',#4042) ;
#4059=VERTEX_POINT('',#4058) ;
#4061=VERTEX_POINT('',#4060) ;
#4138=VERTEX_POINT('',#4137) ;
#4140=VERTEX_POINT('',#4139) ;
#4156=VERTEX_POINT('',#4155) ;
#4158=VERTEX_POINT('',#4157) ;
#4235=VERTEX_POINT('',#4234) ;
#4237=VERTEX_POINT('',#4236) ;
#4253=VERTEX_POINT('',#4252) ;
#4255=VERTEX_POINT('',#4254) ;
#4370=VERTEX_POINT('',#4369) ;
#4372=VERTEX_POINT('',#4371) ;
#4379=VERTEX_POINT('',#4378) ;
#4386=VERTEX_POINT('',#4385) ;
#4427=VERTEX_POINT('',#4426) ;
#4429=VERTEX_POINT('',#4428) ;
#4436=VERTEX_POINT('',#4435) ;
#4443=VERTEX_POINT('',#4442) ;
#4484=VERTEX_POINT('',#4483) ;
#4486=VERTEX_POINT('',#4485) ;
#4493=VERTEX_POINT('',#4492) ;
#4500=VERTEX_POINT('',#4499) ;
#4609=VERTEX_POINT('',#4608) ;
#4611=VERTEX_POINT('',#4610) ;
#4618=VERTEX_POINT('',#4617) ;
#4625=VERTEX_POINT('',#4624) ;
#4657=VERTEX_POINT('',#4656) ;
#4659=VERTEX_POINT('',#4658) ;
#4675=VERTEX_POINT('',#4674) ;
#4677=VERTEX_POINT('',#4676) ;
#4702=VERTEX_POINT('',#4701) ;
#4704=VERTEX_POINT('',#4703) ;
#4720=VERTEX_POINT('',#4719) ;
#4722=VERTEX_POINT('',#4721) ;
#4738=VERTEX_POINT('',#4737) ;
#4740=VERTEX_POINT('',#4739) ;
#4756=VERTEX_POINT('',#4755) ;
#4758=VERTEX_POINT('',#4757) ;
#4793=VERTEX_POINT('',#4792) ;
#4800=VERTEX_POINT('',#4799) ;
#4840=VERTEX_POINT('',#4839) ;
#4842=VERTEX_POINT('',#4841) ;
#4864=VERTEX_POINT('',#4863) ;
#4871=VERTEX_POINT('',#4870) ;
#4911=VERTEX_POINT('',#4910) ;
#4913=VERTEX_POINT('',#4912) ;
#4933=VERTEX_POINT('',#4932) ;
#4935=VERTEX_POINT('',#4934) ;
#4951=VERTEX_POINT('',#4950) ;
#4953=VERTEX_POINT('',#4952) ;
#4969=VERTEX_POINT('',#4968) ;
#4971=VERTEX_POINT('',#4970) ;
#4987=VERTEX_POINT('',#4986) ;
#4989=VERTEX_POINT('',#4988) ;
#5192=VERTEX_POINT('',#5191) ;
#5194=VERTEX_POINT('',#5193) ;
#5210=VERTEX_POINT('',#5209) ;
#5212=VERTEX_POINT('',#5211) ;
#5242=VERTEX_POINT('',#5241) ;
#5244=VERTEX_POINT('',#5243) ;
#5287=VERTEX_POINT('',#5286) ;
#5289=VERTEX_POINT('',#5288) ;
#5305=VERTEX_POINT('',#5304) ;
#5307=VERTEX_POINT('',#5306) ;
#5323=VERTEX_POINT('',#5322) ;
#5325=VERTEX_POINT('',#5324) ;
#5341=VERTEX_POINT('',#5340) ;
#5343=VERTEX_POINT('',#5342) ;
#5359=VERTEX_POINT('',#5358) ;
#5361=VERTEX_POINT('',#5360) ;
#5377=VERTEX_POINT('',#5376) ;
#5379=VERTEX_POINT('',#5378) ;
#5395=VERTEX_POINT('',#5394) ;
#5397=VERTEX_POINT('',#5396) ;
#5419=VERTEX_POINT('',#5418) ;
#5426=VERTEX_POINT('',#5425) ;
#5466=VERTEX_POINT('',#5465) ;
#5468=VERTEX_POINT('',#5467) ;
#5484=VERTEX_POINT('',#5483) ;
#5486=VERTEX_POINT('',#5485) ;
#5506=VERTEX_POINT('',#5505) ;
#5508=VERTEX_POINT('',#5507) ;
#5524=VERTEX_POINT('',#5523) ;
#5526=VERTEX_POINT('',#5525) ;
#5542=VERTEX_POINT('',#5541) ;
#5544=VERTEX_POINT('',#5543) ;
#5592=VERTEX_POINT('',#5591) ;
#5594=VERTEX_POINT('',#5593) ;
#5610=VERTEX_POINT('',#5609) ;
#5612=VERTEX_POINT('',#5611) ;
#5692=VERTEX_POINT('',#5691) ;
#5694=VERTEX_POINT('',#5693) ;
#5710=VERTEX_POINT('',#5709) ;
#5712=VERTEX_POINT('',#5711) ;
#5792=VERTEX_POINT('',#5791) ;
#5794=VERTEX_POINT('',#5793) ;
#5810=VERTEX_POINT('',#5809) ;
#5812=VERTEX_POINT('',#5811) ;
#5892=VERTEX_POINT('',#5891) ;
#5894=VERTEX_POINT('',#5893) ;
#5910=VERTEX_POINT('',#5909) ;
#5912=VERTEX_POINT('',#5911) ;
#5992=VERTEX_POINT('',#5991) ;
#5994=VERTEX_POINT('',#5993) ;
#6010=VERTEX_POINT('',#6009) ;
#6012=VERTEX_POINT('',#6011) ;
#913=NEXT_ASSEMBLY_USAGE_OCCURRENCE('1360.001.001.000.SOPORTE_PIERNA','1360.001.001.000.SOPORTE_PIERNA','',#13,#28,'1360.001.001.000.SOPORTE_PIERNA') ;
#1259=NEXT_ASSEMBLY_USAGE_OCCURRENCE('1360.001.002.000.ESLABON','1360.001.002.000.ESLABON','',#13,#932,'1360.001.002.000.ESLABON') ;
#2234=NEXT_ASSEMBLY_USAGE_OCCURRENCE('1360.001.003.000.SOPORTE_POLEA','1360.001.003.000.SOPORTE_POLEA','',#13,#1278,'1360.001.003.000.SOPORTE_POLEA') ;
#3336=NEXT_ASSEMBLY_USAGE_OCCURRENCE('1360.001.004.000.POLEA','1360.001.004.000.POLEA','',#13,#2253,'1360.001.004.000.POLEA') ;
#4329=NEXT_ASSEMBLY_USAGE_OCCURRENCE('1069F.201.001.000.ANILLO_EXTERIOR.1','1069F.201.001.000.ANILLO_EXTERIOR.1','',#3355,#3363,'1069F.201.001.000.ANILLO_EXTERIOR.1') ;
#4575=NEXT_ASSEMBLY_USAGE_OCCURRENCE('1069F.201.002.000.BUJE.1','1069F.201.002.000.BUJE.1','',#3355,#4348,'1069F.201.002.000.BUJE.1') ;
#5158=NEXT_ASSEMBLY_USAGE_OCCURRENCE('1069F.201.003.000.NUCLEO_ENTERO.1','1069F.201.003.000.NUCLEO_ENTERO.1','',#3355,#4594,'1069F.201.003.000.NUCLEO_ENTERO.1') ;
#6089=NEXT_ASSEMBLY_USAGE_OCCURRENCE('1069F.201.004.000.TAPA.1','1069F.201.004.000.TAPA.1','',#3355,#5177,'1069F.201.004.000.TAPA.1') ;
#6102=NEXT_ASSEMBLY_USAGE_OCCURRENCE('1069F.201.002.000.BUJE.2','1069F.201.002.000.BUJE.2','',#3355,#4348,'1069F.201.002.000.BUJE.2') ;
#6115=NEXT_ASSEMBLY_USAGE_OCCURRENCE('1069F.201.000.000.KVT.1','1069F.201.000.000.KVT.1','',#13,#3355,'1069F.201.000.000.KVT.1') ;
#911=ADVANCED_BREP_SHAPE_REPRESENTATION('NONE',(#30),#23) ;
#1257=ADVANCED_BREP_SHAPE_REPRESENTATION('NONE',(#934),#927) ;
#2232=ADVANCED_BREP_SHAPE_REPRESENTATION('NONE',(#1280),#1273) ;
#3334=ADVANCED_BREP_SHAPE_REPRESENTATION('NONE',(#2255),#2248) ;
#4327=ADVANCED_BREP_SHAPE_REPRESENTATION('NONE',(#3365),#3358) ;
#4573=ADVANCED_BREP_SHAPE_REPRESENTATION('NONE',(#4350),#4343) ;
#5156=ADVANCED_BREP_SHAPE_REPRESENTATION('NONE',(#4596),#4589) ;
#6087=ADVANCED_BREP_SHAPE_REPRESENTATION('NONE',(#5179),#5172) ;
#79=ADVANCED_FACE('PartBody',(#78),#44,.F.) ;
#110=ADVANCED_FACE('PartBody',(#109),#84,.T.) ;
#141=ADVANCED_FACE('PartBody',(#140),#115,.T.) ;
#172=ADVANCED_FACE('PartBody',(#171),#146,.T.) ;
#203=ADVANCED_FACE('PartBody',(#202),#177,.F.) ;
#243=ADVANCED_FACE('PartBody',(#242),#208,.F.) ;
#283=ADVANCED_FACE('PartBody',(#282),#248,.T.) ;
#323=ADVANCED_FACE('PartBody',(#322),#288,.F.) ;
#363=ADVANCED_FACE('PartBody',(#362),#328,.T.) ;
#403=ADVANCED_FACE('PartBody',(#402),#368,.F.) ;
#434=ADVANCED_FACE('PartBody',(#433),#408,.F.) ;
#465=ADVANCED_FACE('PartBody',(#464),#439,.F.) ;
#487=ADVANCED_FACE('PartBody',(#486),#470,.F.) ;
#532=ADVANCED_FACE('PartBody',(#531),#492,.F.) ;
#563=ADVANCED_FACE('PartBody',(#562),#537,.T.) ;
#587=ADVANCED_FACE('PartBody',(#586),#568,.F.) ;
#611=ADVANCED_FACE('PartBody',(#610),#592,.F.) ;
#644=ADVANCED_FACE('PartBody',(#643),#492,.F.) ;
#691=ADVANCED_FACE('PartBody',(#690),#649,.F.) ;
#708=ADVANCED_FACE('PartBody',(#707),#696,.T.) ;
#720=ADVANCED_FACE('PartBody',(#719),#713,.T.) ;
#732=ADVANCED_FACE('PartBody',(#731),#725,.F.) ;
#792=ADVANCED_FACE('PartBody',(#749,#755,#773,#791),#737,.F.) ;
#852=ADVANCED_FACE('PartBody',(#809,#815,#833,#851),#797,.T.) ;
#874=ADVANCED_FACE('PartBody',(#873),#857,.F.) ;
#881=ADVANCED_FACE('PartBody',(#880),#857,.F.) ;
#903=ADVANCED_FACE('PartBody',(#902),#886,.F.) ;
#910=ADVANCED_FACE('PartBody',(#909),#886,.F.) ;
#976=ADVANCED_FACE('PartBody',(#975),#941,.F.) ;
#1041=ADVANCED_FACE('PartBody',(#1015,#1040),#981,.F.) ;
#1065=ADVANCED_FACE('PartBody',(#1064),#1046,.T.) ;
#1159=ADVANCED_FACE('PartBody',(#1128,#1158),#1070,.T.) ;
#1176=ADVANCED_FACE('PartBody',(#1175),#1164,.T.) ;
#1198=ADVANCED_FACE('PartBody',(#1197),#1181,.T.) ;
#1215=ADVANCED_FACE('PartBody',(#1214),#1203,.T.) ;
#1232=ADVANCED_FACE('PartBody',(#1231),#1220,.T.) ;
#1244=ADVANCED_FACE('PartBody',(#1243),#1237,.T.) ;
#1256=ADVANCED_FACE('PartBody',(#1255),#1249,.F.) ;
#1322=ADVANCED_FACE('PartBody',(#1321),#1287,.T.) ;
#1348=ADVANCED_FACE('PartBody',(#1347),#1287,.T.) ;
#1379=ADVANCED_FACE('PartBody',(#1378),#1353,.F.) ;
#1405=ADVANCED_FACE('PartBody',(#1404),#1353,.F.) ;
#1436=ADVANCED_FACE('PartBody',(#1435),#1410,.T.) ;
#1467=ADVANCED_FACE('PartBody',(#1466),#1441,.T.) ;
#1493=ADVANCED_FACE('PartBody',(#1492),#1441,.T.) ;
#1524=ADVANCED_FACE('PartBody',(#1523),#1498,.T.) ;
#1555=ADVANCED_FACE('PartBody',(#1554),#1529,.F.) ;
#1586=ADVANCED_FACE('PartBody',(#1585),#1560,.T.) ;
#1608=ADVANCED_FACE('PartBody',(#1607),#1591,.F.) ;
#1648=ADVANCED_FACE('PartBody',(#1647),#1613,.F.) ;
#1665=ADVANCED_FACE('PartBody',(#1664),#1613,.F.) ;
#1705=ADVANCED_FACE('PartBody',(#1704),#1670,.F.) ;
#1722=ADVANCED_FACE('PartBody',(#1721),#1670,.F.) ;
#1762=ADVANCED_FACE('PartBody',(#1761),#1727,.F.) ;
#1779=ADVANCED_FACE('PartBody',(#1778),#1727,.F.) ;
#1918=ADVANCED_FACE('PartBody',(#1797,#1801,#1805,#1809,#1827,#1845,#1863,#1881,#1899,#1917),#1784,.T.) ;
#2057=ADVANCED_FACE('PartBody',(#1936,#1940,#1944,#1948,#1966,#1984,#2002,#2020,#2038,#2056),#1923,.F.) ;
#2079=ADVANCED_FACE('PartBody',(#2078),#2062,.F.) ;
#2086=ADVANCED_FACE('PartBody',(#2085),#2062,.F.) ;
#2108=ADVANCED_FACE('PartBody',(#2107),#2091,.F.) ;
#2115=ADVANCED_FACE('PartBody',(#2114),#2091,.F.) ;
#2137=ADVANCED_FACE('PartBody',(#2136),#2120,.F.) ;
#2144=ADVANCED_FACE('PartBody',(#2143),#2120,.F.) ;
#2166=ADVANCED_FACE('PartBody',(#2165),#2149,.F.) ;
#2173=ADVANCED_FACE('PartBody',(#2172),#2149,.F.) ;
#2195=ADVANCED_FACE('PartBody',(#2194),#2178,.F.) ;
#2202=ADVANCED_FACE('PartBody',(#2201),#2178,.F.) ;
#2224=ADVANCED_FACE('PartBody',(#2223),#2207,.F.) ;
#2231=ADVANCED_FACE('PartBody',(#2230),#2207,.F.) ;
#2299=ADVANCED_FACE('PartBody',(#2280,#2298),#2262,.F.) ;
#2330=ADVANCED_FACE('PartBody',(#2329),#2304,.F.) ;
#2342=ADVANCED_FACE('PartBody',(#2341),#2304,.F.) ;
#2474=ADVANCED_FACE('PartBody',(#2365,#2383,#2401,#2419,#2437,#2455,#2473),#2347,.T.) ;
#2505=ADVANCED_FACE('PartBody',(#2504),#2479,.T.) ;
#2517=ADVANCED_FACE('PartBody',(#2516),#2479,.T.) ;
#2545=ADVANCED_FACE('PartBody',(#2526,#2544),#2522,.F.) ;
#2576=ADVANCED_FACE('PartBody',(#2575),#2550,.T.) ;
#2588=ADVANCED_FACE('PartBody',(#2587),#2550,.T.) ;
#2616=ADVANCED_FACE('PartBody',(#2611,#2615),#2593,.T.) ;
#2642=ADVANCED_FACE('PartBody',(#2641),#2479,.T.) ;
#2654=ADVANCED_FACE('PartBody',(#2653),#2479,.T.) ;
#2682=ADVANCED_FACE('PartBody',(#2663,#2681),#2659,.F.) ;
#2713=ADVANCED_FACE('PartBody',(#2712),#2687,.F.) ;
#2725=ADVANCED_FACE('PartBody',(#2724),#2687,.F.) ;
#2829=ADVANCED_FACE('PartBody',(#2734,#2752,#2770,#2774,#2792,#2810,#2828),#2730,.F.) ;
#2851=ADVANCED_FACE('PartBody',(#2850),#2834,.F.) ;
#2858=ADVANCED_FACE('PartBody',(#2857),#2834,.F.) ;
#2895=ADVANCED_FACE('PartBody',(#2876,#2894),#2262,.F.) ;
#2917=ADVANCED_FACE('PartBody',(#2916),#2900,.F.) ;
#2924=ADVANCED_FACE('PartBody',(#2923),#2900,.F.) ;
#2946=ADVANCED_FACE('PartBody',(#2945),#2929,.F.) ;
#2953=ADVANCED_FACE('PartBody',(#2952),#2929,.F.) ;
#2990=ADVANCED_FACE('PartBody',(#2971,#2989),#2262,.F.) ;
#3012=ADVANCED_FACE('PartBody',(#3011),#2995,.F.) ;
#3019=ADVANCED_FACE('PartBody',(#3018),#2995,.F.) ;
#3041=ADVANCED_FACE('PartBody',(#3040),#3024,.F.) ;
#3048=ADVANCED_FACE('PartBody',(#3047),#3024,.F.) ;
#3085=ADVANCED_FACE('PartBody',(#3066,#3084),#2262,.F.) ;
#3107=ADVANCED_FACE('PartBody',(#3106),#3090,.F.) ;
#3114=ADVANCED_FACE('PartBody',(#3113),#3090,.F.) ;
#3136=ADVANCED_FACE('PartBody',(#3135),#3119,.F.) ;
#3143=ADVANCED_FACE('PartBody',(#3142),#3119,.F.) ;
#3180=ADVANCED_FACE('PartBody',(#3161,#3179),#2262,.F.) ;
#3202=ADVANCED_FACE('PartBody',(#3201),#3185,.F.) ;
#3209=ADVANCED_FACE('PartBody',(#3208),#3185,.F.) ;
#3231=ADVANCED_FACE('PartBody',(#3230),#3214,.F.) ;
#3238=ADVANCED_FACE('PartBody',(#3237),#3214,.F.) ;
#3275=ADVANCED_FACE('PartBody',(#3256,#3274),#2262,.F.) ;
#3297=ADVANCED_FACE('PartBody',(#3296),#3280,.F.) ;
#3304=ADVANCED_FACE('PartBody',(#3303),#3280,.F.) ;
#3326=ADVANCED_FACE('PartBody',(#3325),#3309,.F.) ;
#3333=ADVANCED_FACE('PartBody',(#3332),#3309,.F.) ;
#3416=ADVANCED_FACE('PartBody',(#3397,#3415),#3379,.F.) ;
#3447=ADVANCED_FACE('PartBody',(#3446),#3421,.F.) ;
#3459=ADVANCED_FACE('PartBody',(#3458),#3421,.F.) ;
#3609=ADVANCED_FACE('PartBody',(#3482,#3500,#3518,#3536,#3554,#3572,#3590,#3608),#3464,.T.) ;
#3640=ADVANCED_FACE('PartBody',(#3639),#3614,.T.) ;
#3652=ADVANCED_FACE('PartBody',(#3651),#3614,.T.) ;
#3683=ADVANCED_FACE('PartBody',(#3682),#3657,.F.) ;
#3695=ADVANCED_FACE('PartBody',(#3694),#3657,.F.) ;
#3803=ADVANCED_FACE('PartBody',(#3704,#3722,#3726,#3730,#3748,#3766,#3784,#3802),#3700,.F.) ;
#3825=ADVANCED_FACE('PartBody',(#3824),#3808,.F.) ;
#3840=ADVANCED_FACE('PartBody',(#3839),#3808,.F.) ;
#3878=ADVANCED_FACE('PartBody',(#3859,#3877),#3379,.F.) ;
#3900=ADVANCED_FACE('PartBody',(#3899),#3883,.F.) ;
#3908=ADVANCED_FACE('PartBody',(#3907),#3883,.F.) ;
#3931=ADVANCED_FACE('PartBody',(#3930),#3914,.F.) ;
#3938=ADVANCED_FACE('PartBody',(#3937),#3914,.F.) ;
#3975=ADVANCED_FACE('PartBody',(#3956,#3974),#3379,.F.) ;
#3997=ADVANCED_FACE('PartBody',(#3996),#3980,.F.) ;
#4005=ADVANCED_FACE('PartBody',(#4004),#3980,.F.) ;
#4028=ADVANCED_FACE('PartBody',(#4027),#4011,.F.) ;
#4035=ADVANCED_FACE('PartBody',(#4034),#4011,.F.) ;
#4072=ADVANCED_FACE('PartBody',(#4053,#4071),#3379,.F.) ;
#4094=ADVANCED_FACE('PartBody',(#4093),#4077,.F.) ;
#4102=ADVANCED_FACE('PartBody',(#4101),#4077,.F.) ;
#4125=ADVANCED_FACE('PartBody',(#4124),#4108,.F.) ;
#4132=ADVANCED_FACE('PartBody',(#4131),#4108,.F.) ;
#4169=ADVANCED_FACE('PartBody',(#4150,#4168),#3379,.F.) ;
#4191=ADVANCED_FACE('PartBody',(#4190),#4174,.F.) ;
#4199=ADVANCED_FACE('PartBody',(#4198),#4174,.F.) ;
#4222=ADVANCED_FACE('PartBody',(#4221),#4205,.F.) ;
#4229=ADVANCED_FACE('PartBody',(#4228),#4205,.F.) ;
#4266=ADVANCED_FACE('PartBody',(#4247,#4265),#3379,.F.) ;
#4288=ADVANCED_FACE('PartBody',(#4287),#4271,.F.) ;
#4296=ADVANCED_FACE('PartBody',(#4295),#4271,.F.) ;
#4319=ADVANCED_FACE('PartBody',(#4318),#4302,.F.) ;
#4326=ADVANCED_FACE('PartBody',(#4325),#4302,.F.) ;
#4399=ADVANCED_FACE('PartBody',(#4398),#4364,.F.) ;
#4416=ADVANCED_FACE('PartBody',(#4415),#4364,.F.) ;
#4456=ADVANCED_FACE('PartBody',(#4455),#4421,.T.) ;
#4473=ADVANCED_FACE('PartBody',(#4472),#4421,.T.) ;
#4513=ADVANCED_FACE('PartBody',(#4512),#4478,.T.) ;
#4530=ADVANCED_FACE('PartBody',(#4529),#4478,.T.) ;
#4544=ADVANCED_FACE('PartBody',(#4539,#4543),#4535,.T.) ;
#4558=ADVANCED_FACE('PartBody',(#4553,#4557),#4549,.T.) ;
#4572=ADVANCED_FACE('PartBody',(#4567,#4571),#4563,.F.) ;
#4638=ADVANCED_FACE('PartBody',(#4637),#4603,.F.) ;
#4769=ADVANCED_FACE('PartBody',(#4669,#4687,#4696,#4714,#4732,#4750,#4768),#4651,.T.) ;
#4781=ADVANCED_FACE('PartBody',(#4780),#4603,.F.) ;
#4813=ADVANCED_FACE('PartBody',(#4812),#4787,.T.) ;
#4825=ADVANCED_FACE('PartBody',(#4824),#4787,.T.) ;
#4853=ADVANCED_FACE('PartBody',(#4834,#4852),#4830,.F.) ;
#4884=ADVANCED_FACE('PartBody',(#4883),#4858,.T.) ;
#4896=ADVANCED_FACE('PartBody',(#4895),#4858,.T.) ;
#5000=ADVANCED_FACE('PartBody',(#4905,#4923,#4927,#4945,#4963,#4981,#4999),#4901,.F.) ;
#5022=ADVANCED_FACE('PartBody',(#5021),#5005,.F.) ;
#5030=ADVANCED_FACE('PartBody',(#5029),#5005,.F.) ;
#5053=ADVANCED_FACE('PartBody',(#5052),#5036,.F.) ;
#5061=ADVANCED_FACE('PartBody',(#5060),#5036,.F.) ;
#5084=ADVANCED_FACE('PartBody',(#5083),#5067,.F.) ;
#5092=ADVANCED_FACE('PartBody',(#5091),#5067,.F.) ;
#5115=ADVANCED_FACE('PartBody',(#5114),#5098,.F.) ;
#5123=ADVANCED_FACE('PartBody',(#5122),#5098,.F.) ;
#5146=ADVANCED_FACE('PartBody',(#5145),#5129,.F.) ;
#5154=ADVANCED_FACE('PartBody',(#5153),#5129,.F.) ;
#5223=ADVANCED_FACE('PartBody',(#5204,#5222),#5186,.F.) ;
#5262=ADVANCED_FACE('PartBody',(#5261),#5236,.F.) ;
#5275=ADVANCED_FACE('PartBody',(#5274),#5236,.F.) ;
#5408=ADVANCED_FACE('PartBody',(#5299,#5317,#5335,#5353,#5371,#5389,#5407),#5281,.T.) ;
#5439=ADVANCED_FACE('PartBody',(#5438),#5413,.T.) ;
#5451=ADVANCED_FACE('PartBody',(#5450),#5413,.T.) ;
#5555=ADVANCED_FACE('PartBody',(#5460,#5478,#5496,#5500,#5518,#5536,#5554),#5456,.F.) ;
#5577=ADVANCED_FACE('PartBody',(#5576),#5560,.F.) ;
#5585=ADVANCED_FACE('PartBody',(#5584),#5560,.F.) ;
#5623=ADVANCED_FACE('PartBody',(#5604,#5622),#5186,.F.) ;
#5646=ADVANCED_FACE('PartBody',(#5645),#5629,.F.) ;
#5654=ADVANCED_FACE('PartBody',(#5653),#5629,.F.) ;
#5677=ADVANCED_FACE('PartBody',(#5676),#5660,.F.) ;
#5685=ADVANCED_FACE('PartBody',(#5684),#5660,.F.) ;
#5723=ADVANCED_FACE('PartBody',(#5704,#5722),#5186,.F.) ;
#5746=ADVANCED_FACE('PartBody',(#5745),#5729,.F.) ;
#5754=ADVANCED_FACE('PartBody',(#5753),#5729,.F.) ;
#5777=ADVANCED_FACE('PartBody',(#5776),#5760,.F.) ;
#5785=ADVANCED_FACE('PartBody',(#5784),#5760,.F.) ;
#5823=ADVANCED_FACE('PartBody',(#5804,#5822),#5186,.F.) ;
#5846=ADVANCED_FACE('PartBody',(#5845),#5829,.F.) ;
#5854=ADVANCED_FACE('PartBody',(#5853),#5829,.F.) ;
#5877=ADVANCED_FACE('PartBody',(#5876),#5860,.F.) ;
#5885=ADVANCED_FACE('PartBody',(#5884),#5860,.F.) ;
#5923=ADVANCED_FACE('PartBody',(#5904,#5922),#5186,.F.) ;
#5946=ADVANCED_FACE('PartBody',(#5945),#5929,.F.) ;
#5954=ADVANCED_FACE('PartBody',(#5953),#5929,.F.) ;
#5977=ADVANCED_FACE('PartBody',(#5976),#5960,.F.) ;
#5985=ADVANCED_FACE('PartBody',(#5984),#5960,.F.) ;
#6023=ADVANCED_FACE('PartBody',(#6004,#6022),#5186,.F.) ;
#6046=ADVANCED_FACE('PartBody',(#6045),#6029,.F.) ;
#6054=ADVANCED_FACE('PartBody',(#6053),#6029,.F.) ;
#6077=ADVANCED_FACE('PartBody',(#6076),#6060,.F.) ;
#6085=ADVANCED_FACE('PartBody',(#6084),#6060,.F.) ;
#4=APPLICATION_PROTOCOL_DEFINITION('international standard','ap242_managed_model_based_3d_engineering',2014,#1) ;
#1080=B_SPLINE_CURVE_WITH_KNOTS('',5,(#1081,#1082,#1083,#1084,#1085,#1086,#1087,#1088,#1089,#1090,#1091,#1092,#1093,#1094,#1095),.UNSPECIFIED.,.F.,.U.,(6,3,3,3,6),(54.9778714378,68.7223392973,82.4668071567,96.2112750162,109.955742876),.UNSPECIFIED.) ;
#1106=B_SPLINE_CURVE_WITH_KNOTS('',5,(#1107,#1108,#1109,#1110,#1111,#1112,#1113,#1114,#1115,#1116,#1117,#1118,#1119,#1120,#1121),.UNSPECIFIED.,.F.,.U.,(6,3,3,3,6),(0.,13.7444678595,27.4889357189,41.2334035784,54.9778714378),.UNSPECIFIED.) ;
#1129=B_SPLINE_CURVE_WITH_KNOTS('',5,(#1130,#1131,#1132,#1133,#1134,#1135,#1136,#1137,#1138,#1139,#1140,#1141,#1142,#1143,#1144),.UNSPECIFIED.,.F.,.U.,(6,3,3,3,6),(13.3517687778,16.6897109722,20.0276531666,23.3655953611,26.7035375555),.UNSPECIFIED.) ;
#31=COLOUR_RGB('Colour',0.823529411765,0.823529411765,1.) ;
#3366=COLOUR_RGB('Colour',0.517647058824,0.529411764706,0.537254901961) ;
#3826=COLOUR_RGB('Colour',0.,0.686274509804,0.686274509804) ;
#4351=COLOUR_RGB('Colour',0.827450980392,0.698039215686,0.490196078431) ;
#3833=OVER_RIDING_STYLED_ITEM(' ',(#3832),#3825,#3373) ;
#3841=OVER_RIDING_STYLED_ITEM(' ',(#3832),#3840,#3373) ;
#3901=OVER_RIDING_STYLED_ITEM(' ',(#3832),#3900,#3373) ;
#3909=OVER_RIDING_STYLED_ITEM(' ',(#3832),#3908,#3373) ;
#3998=OVER_RIDING_STYLED_ITEM(' ',(#3832),#3997,#3373) ;
#4006=OVER_RIDING_STYLED_ITEM(' ',(#3832),#4005,#3373) ;
#4095=OVER_RIDING_STYLED_ITEM(' ',(#3832),#4094,#3373) ;
#4103=OVER_RIDING_STYLED_ITEM(' ',(#3832),#4102,#3373) ;
#4192=OVER_RIDING_STYLED_ITEM(' ',(#3832),#4191,#3373) ;
#4200=OVER_RIDING_STYLED_ITEM(' ',(#3832),#4199,#3373) ;
#4289=OVER_RIDING_STYLED_ITEM(' ',(#3832),#4288,#3373) ;
#4297=OVER_RIDING_STYLED_ITEM(' ',(#3832),#4296,#3373) ;
#4646=OVER_RIDING_STYLED_ITEM(' ',(#4645),#4638,#4597) ;
#4782=OVER_RIDING_STYLED_ITEM(' ',(#4645),#4781,#4597) ;
#5023=OVER_RIDING_STYLED_ITEM(' ',(#4645),#5022,#4597) ;
#5031=OVER_RIDING_STYLED_ITEM(' ',(#4645),#5030,#4597) ;
#5054=OVER_RIDING_STYLED_ITEM(' ',(#4645),#5053,#4597) ;
#5062=OVER_RIDING_STYLED_ITEM(' ',(#4645),#5061,#4597) ;
#5085=OVER_RIDING_STYLED_ITEM(' ',(#4645),#5084,#4597) ;
#5093=OVER_RIDING_STYLED_ITEM(' ',(#4645),#5092,#4597) ;
#5116=OVER_RIDING_STYLED_ITEM(' ',(#4645),#5115,#4597) ;
#5124=OVER_RIDING_STYLED_ITEM(' ',(#4645),#5123,#4597) ;
#5147=OVER_RIDING_STYLED_ITEM(' ',(#4645),#5146,#4597) ;
#5155=OVER_RIDING_STYLED_ITEM(' ',(#4645),#5154,#4597) ;
#5231=OVER_RIDING_STYLED_ITEM(' ',(#5230),#5223,#5180) ;
#5263=OVER_RIDING_STYLED_ITEM(' ',(#5230),#5262,#5180) ;
#5276=OVER_RIDING_STYLED_ITEM(' ',(#5230),#5275,#5180) ;
#5578=OVER_RIDING_STYLED_ITEM(' ',(#5230),#5577,#5180) ;
#5586=OVER_RIDING_STYLED_ITEM(' ',(#5230),#5585,#5180) ;
#5624=OVER_RIDING_STYLED_ITEM(' ',(#5230),#5623,#5180) ;
#5647=OVER_RIDING_STYLED_ITEM(' ',(#5230),#5646,#5180) ;
#5655=OVER_RIDING_STYLED_ITEM(' ',(#5230),#5654,#5180) ;
#5678=OVER_RIDING_STYLED_ITEM(' ',(#5230),#5677,#5180) ;
#5686=OVER_RIDING_STYLED_ITEM(' ',(#5230),#5685,#5180) ;
#5724=OVER_RIDING_STYLED_ITEM(' ',(#5230),#5723,#5180) ;
#5747=OVER_RIDING_STYLED_ITEM(' ',(#5230),#5746,#5180) ;
#5755=OVER_RIDING_STYLED_ITEM(' ',(#5230),#5754,#5180) ;
#5778=OVER_RIDING_STYLED_ITEM(' ',(#5230),#5777,#5180) ;
#5786=OVER_RIDING_STYLED_ITEM(' ',(#5230),#5785,#5180) ;
#5824=OVER_RIDING_STYLED_ITEM(' ',(#5230),#5823,#5180) ;
#5847=OVER_RIDING_STYLED_ITEM(' ',(#5230),#5846,#5180) ;
#5855=OVER_RIDING_STYLED_ITEM(' ',(#5230),#5854,#5180) ;
#5878=OVER_RIDING_STYLED_ITEM(' ',(#5230),#5877,#5180) ;
#5886=OVER_RIDING_STYLED_ITEM(' ',(#5230),#5885,#5180) ;
#5924=OVER_RIDING_STYLED_ITEM(' ',(#5230),#5923,#5180) ;
#5947=OVER_RIDING_STYLED_ITEM(' ',(#5230),#5946,#5180) ;
#5955=OVER_RIDING_STYLED_ITEM(' ',(#5230),#5954,#5180) ;
#5978=OVER_RIDING_STYLED_ITEM(' ',(#5230),#5977,#5180) ;
#5986=OVER_RIDING_STYLED_ITEM(' ',(#5230),#5985,#5180) ;
#6024=OVER_RIDING_STYLED_ITEM(' ',(#5230),#6023,#5180) ;
#6047=OVER_RIDING_STYLED_ITEM(' ',(#5230),#6046,#5180) ;
#6055=OVER_RIDING_STYLED_ITEM(' ',(#5230),#6054,#5180) ;
#6078=OVER_RIDING_STYLED_ITEM(' ',(#5230),#6077,#5180) ;
#6086=OVER_RIDING_STYLED_ITEM(' ',(#5230),#6085,#5180) ;
#4639=DRAUGHTING_PRE_DEFINED_COLOUR('yellow') ;
#5224=DRAUGHTING_PRE_DEFINED_COLOUR('magenta') ;
#78=FACE_OUTER_BOUND('',#73,.T.) ;
#109=FACE_OUTER_BOUND('',#104,.T.) ;
#140=FACE_OUTER_BOUND('',#135,.T.) ;
#171=FACE_OUTER_BOUND('',#166,.T.) ;
#202=FACE_OUTER_BOUND('',#197,.T.) ;
#242=FACE_OUTER_BOUND('',#237,.T.) ;
#282=FACE_OUTER_BOUND('',#277,.T.) ;
#322=FACE_OUTER_BOUND('',#317,.T.) ;
#362=FACE_OUTER_BOUND('',#357,.T.) ;
#402=FACE_OUTER_BOUND('',#397,.T.) ;
#433=FACE_OUTER_BOUND('',#428,.T.) ;
#464=FACE_OUTER_BOUND('',#459,.T.) ;
#486=FACE_OUTER_BOUND('',#481,.T.) ;
#531=FACE_OUTER_BOUND('',#522,.T.) ;
#562=FACE_OUTER_BOUND('',#557,.T.) ;
#586=FACE_OUTER_BOUND('',#581,.T.) ;
#610=FACE_OUTER_BOUND('',#605,.T.) ;
#643=FACE_OUTER_BOUND('',#634,.T.) ;
#690=FACE_OUTER_BOUND('',#677,.T.) ;
#707=FACE_OUTER_BOUND('',#702,.T.) ;
#719=FACE_OUTER_BOUND('',#714,.T.) ;
#731=FACE_OUTER_BOUND('',#726,.T.) ;
#749=FACE_OUTER_BOUND('',#738,.T.) ;
#809=FACE_OUTER_BOUND('',#798,.T.) ;
#873=FACE_OUTER_BOUND('',#868,.T.) ;
#880=FACE_OUTER_BOUND('',#875,.T.) ;
#902=FACE_OUTER_BOUND('',#897,.T.) ;
#909=FACE_OUTER_BOUND('',#904,.T.) ;
#975=FACE_OUTER_BOUND('',#970,.T.) ;
#1015=FACE_OUTER_BOUND('',#1010,.T.) ;
#1064=FACE_OUTER_BOUND('',#1059,.T.) ;
#1128=FACE_OUTER_BOUND('',#1123,.T.) ;
#1175=FACE_OUTER_BOUND('',#1170,.T.) ;
#1197=FACE_OUTER_BOUND('',#1192,.T.) ;
#1214=FACE_OUTER_BOUND('',#1209,.T.) ;
#1231=FACE_OUTER_BOUND('',#1226,.T.) ;
#1243=FACE_OUTER_BOUND('',#1238,.T.) ;
#1255=FACE_OUTER_BOUND('',#1250,.T.) ;
#1321=FACE_OUTER_BOUND('',#1316,.T.) ;
#1347=FACE_OUTER_BOUND('',#1342,.T.) ;
#1378=FACE_OUTER_BOUND('',#1373,.T.) ;
#1404=FACE_OUTER_BOUND('',#1399,.T.) ;
#1435=FACE_OUTER_BOUND('',#1430,.T.) ;
#1466=FACE_OUTER_BOUND('',#1461,.T.) ;
#1492=FACE_OUTER_BOUND('',#1487,.T.) ;
#1523=FACE_OUTER_BOUND('',#1518,.T.) ;
#1554=FACE_OUTER_BOUND('',#1549,.T.) ;
#1585=FACE_OUTER_BOUND('',#1580,.T.) ;
#1607=FACE_OUTER_BOUND('',#1602,.T.) ;
#1647=FACE_OUTER_BOUND('',#1642,.T.) ;
#1664=FACE_OUTER_BOUND('',#1659,.T.) ;
#1704=FACE_OUTER_BOUND('',#1699,.T.) ;
#1721=FACE_OUTER_BOUND('',#1716,.T.) ;
#1761=FACE_OUTER_BOUND('',#1756,.T.) ;
#1778=FACE_OUTER_BOUND('',#1773,.T.) ;
#1797=FACE_OUTER_BOUND('',#1785,.T.) ;
#1936=FACE_OUTER_BOUND('',#1924,.T.) ;
#2078=FACE_OUTER_BOUND('',#2073,.T.) ;
#2085=FACE_OUTER_BOUND('',#2080,.T.) ;
#2107=FACE_OUTER_BOUND('',#2102,.T.) ;
#2114=FACE_OUTER_BOUND('',#2109,.T.) ;
#2136=FACE_OUTER_BOUND('',#2131,.T.) ;
#2143=FACE_OUTER_BOUND('',#2138,.T.) ;
#2165=FACE_OUTER_BOUND('',#2160,.T.) ;
#2172=FACE_OUTER_BOUND('',#2167,.T.) ;
#2194=FACE_OUTER_BOUND('',#2189,.T.) ;
#2201=FACE_OUTER_BOUND('',#2196,.T.) ;
#2223=FACE_OUTER_BOUND('',#2218,.T.) ;
#2230=FACE_OUTER_BOUND('',#2225,.T.) ;
#2280=FACE_OUTER_BOUND('',#2277,.T.) ;
#2329=FACE_OUTER_BOUND('',#2324,.T.) ;
#2341=FACE_OUTER_BOUND('',#2336,.T.) ;
#2365=FACE_OUTER_BOUND('',#2362,.T.) ;
#2504=FACE_OUTER_BOUND('',#2499,.T.) ;
#2516=FACE_OUTER_BOUND('',#2511,.T.) ;
#2526=FACE_OUTER_BOUND('',#2523,.T.) ;
#2575=FACE_OUTER_BOUND('',#2570,.T.) ;
#2587=FACE_OUTER_BOUND('',#2582,.T.) ;
#2611=FACE_OUTER_BOUND('',#2608,.T.) ;
#2641=FACE_OUTER_BOUND('',#2636,.T.) ;
#2653=FACE_OUTER_BOUND('',#2648,.T.) ;
#2663=FACE_OUTER_BOUND('',#2660,.T.) ;
#2712=FACE_OUTER_BOUND('',#2707,.T.) ;
#2724=FACE_OUTER_BOUND('',#2719,.T.) ;
#2734=FACE_OUTER_BOUND('',#2731,.T.) ;
#2850=FACE_OUTER_BOUND('',#2845,.T.) ;
#2857=FACE_OUTER_BOUND('',#2852,.T.) ;
#2876=FACE_OUTER_BOUND('',#2873,.T.) ;
#2916=FACE_OUTER_BOUND('',#2911,.T.) ;
#2923=FACE_OUTER_BOUND('',#2918,.T.) ;
#2945=FACE_OUTER_BOUND('',#2940,.T.) ;
#2952=FACE_OUTER_BOUND('',#2947,.T.) ;
#2971=FACE_OUTER_BOUND('',#2968,.T.) ;
#3011=FACE_OUTER_BOUND('',#3006,.T.) ;
#3018=FACE_OUTER_BOUND('',#3013,.T.) ;
#3040=FACE_OUTER_BOUND('',#3035,.T.) ;
#3047=FACE_OUTER_BOUND('',#3042,.T.) ;
#3066=FACE_OUTER_BOUND('',#3063,.T.) ;
#3106=FACE_OUTER_BOUND('',#3101,.T.) ;
#3113=FACE_OUTER_BOUND('',#3108,.T.) ;
#3135=FACE_OUTER_BOUND('',#3130,.T.) ;
#3142=FACE_OUTER_BOUND('',#3137,.T.) ;
#3161=FACE_OUTER_BOUND('',#3158,.T.) ;
#3201=FACE_OUTER_BOUND('',#3196,.T.) ;
#3208=FACE_OUTER_BOUND('',#3203,.T.) ;
#3230=FACE_OUTER_BOUND('',#3225,.T.) ;
#3237=FACE_OUTER_BOUND('',#3232,.T.) ;
#3256=FACE_OUTER_BOUND('',#3253,.T.) ;
#3296=FACE_OUTER_BOUND('',#3291,.T.) ;
#3303=FACE_OUTER_BOUND('',#3298,.T.) ;
#3325=FACE_OUTER_BOUND('',#3320,.T.) ;
#3332=FACE_OUTER_BOUND('',#3327,.T.) ;
#3397=FACE_OUTER_BOUND('',#3394,.T.) ;
#3446=FACE_OUTER_BOUND('',#3441,.T.) ;
#3458=FACE_OUTER_BOUND('',#3453,.T.) ;
#3482=FACE_OUTER_BOUND('',#3479,.T.) ;
#3639=FACE_OUTER_BOUND('',#3634,.T.) ;
#3651=FACE_OUTER_BOUND('',#3646,.T.) ;
#3682=FACE_OUTER_BOUND('',#3677,.T.) ;
#3694=FACE_OUTER_BOUND('',#3689,.T.) ;
#3704=FACE_OUTER_BOUND('',#3701,.T.) ;
#3824=FACE_OUTER_BOUND('',#3819,.T.) ;
#3839=FACE_OUTER_BOUND('',#3834,.T.) ;
#3859=FACE_OUTER_BOUND('',#3856,.T.) ;
#3899=FACE_OUTER_BOUND('',#3894,.T.) ;
#3907=FACE_OUTER_BOUND('',#3902,.T.) ;
#3930=FACE_OUTER_BOUND('',#3925,.T.) ;
#3937=FACE_OUTER_BOUND('',#3932,.T.) ;
#3956=FACE_OUTER_BOUND('',#3953,.T.) ;
#3996=FACE_OUTER_BOUND('',#3991,.T.) ;
#4004=FACE_OUTER_BOUND('',#3999,.T.) ;
#4027=FACE_OUTER_BOUND('',#4022,.T.) ;
#4034=FACE_OUTER_BOUND('',#4029,.T.) ;
#4053=FACE_OUTER_BOUND('',#4050,.T.) ;
#4093=FACE_OUTER_BOUND('',#4088,.T.) ;
#4101=FACE_OUTER_BOUND('',#4096,.T.) ;
#4124=FACE_OUTER_BOUND('',#4119,.T.) ;
#4131=FACE_OUTER_BOUND('',#4126,.T.) ;
#4150=FACE_OUTER_BOUND('',#4147,.T.) ;
#4190=FACE_OUTER_BOUND('',#4185,.T.) ;
#4198=FACE_OUTER_BOUND('',#4193,.T.) ;
#4221=FACE_OUTER_BOUND('',#4216,.T.) ;
#4228=FACE_OUTER_BOUND('',#4223,.T.) ;
#4247=FACE_OUTER_BOUND('',#4244,.T.) ;
#4287=FACE_OUTER_BOUND('',#4282,.T.) ;
#4295=FACE_OUTER_BOUND('',#4290,.T.) ;
#4318=FACE_OUTER_BOUND('',#4313,.T.) ;
#4325=FACE_OUTER_BOUND('',#4320,.T.) ;
#4398=FACE_OUTER_BOUND('',#4393,.T.) ;
#4415=FACE_OUTER_BOUND('',#4410,.T.) ;
#4455=FACE_OUTER_BOUND('',#4450,.T.) ;
#4472=FACE_OUTER_BOUND('',#4467,.T.) ;
#4512=FACE_OUTER_BOUND('',#4507,.T.) ;
#4529=FACE_OUTER_BOUND('',#4524,.T.) ;
#4539=FACE_OUTER_BOUND('',#4536,.T.) ;
#4553=FACE_OUTER_BOUND('',#4550,.T.) ;
#4567=FACE_OUTER_BOUND('',#4564,.T.) ;
#4637=FACE_OUTER_BOUND('',#4632,.T.) ;
#4669=FACE_OUTER_BOUND('',#4666,.T.) ;
#4780=FACE_OUTER_BOUND('',#4775,.T.) ;
#4812=FACE_OUTER_BOUND('',#4807,.T.) ;
#4824=FACE_OUTER_BOUND('',#4819,.T.) ;
#4834=FACE_OUTER_BOUND('',#4831,.T.) ;
#4883=FACE_OUTER_BOUND('',#4878,.T.) ;
#4895=FACE_OUTER_BOUND('',#4890,.T.) ;
#4905=FACE_OUTER_BOUND('',#4902,.T.) ;
#5021=FACE_OUTER_BOUND('',#5016,.T.) ;
#5029=FACE_OUTER_BOUND('',#5024,.T.) ;
#5052=FACE_OUTER_BOUND('',#5047,.T.) ;
#5060=FACE_OUTER_BOUND('',#5055,.T.) ;
#5083=FACE_OUTER_BOUND('',#5078,.T.) ;
#5091=FACE_OUTER_BOUND('',#5086,.T.) ;
#5114=FACE_OUTER_BOUND('',#5109,.T.) ;
#5122=FACE_OUTER_BOUND('',#5117,.T.) ;
#5145=FACE_OUTER_BOUND('',#5140,.T.) ;
#5153=FACE_OUTER_BOUND('',#5148,.T.) ;
#5204=FACE_OUTER_BOUND('',#5201,.T.) ;
#5261=FACE_OUTER_BOUND('',#5256,.T.) ;
#5274=FACE_OUTER_BOUND('',#5269,.T.) ;
#5299=FACE_OUTER_BOUND('',#5296,.T.) ;
#5438=FACE_OUTER_BOUND('',#5433,.T.) ;
#5450=FACE_OUTER_BOUND('',#5445,.T.) ;
#5460=FACE_OUTER_BOUND('',#5457,.T.) ;
#5576=FACE_OUTER_BOUND('',#5571,.T.) ;
#5584=FACE_OUTER_BOUND('',#5579,.T.) ;
#5604=FACE_OUTER_BOUND('',#5601,.T.) ;
#5645=FACE_OUTER_BOUND('',#5640,.T.) ;
#5653=FACE_OUTER_BOUND('',#5648,.T.) ;
#5676=FACE_OUTER_BOUND('',#5671,.T.) ;
#5684=FACE_OUTER_BOUND('',#5679,.T.) ;
#5704=FACE_OUTER_BOUND('',#5701,.T.) ;
#5745=FACE_OUTER_BOUND('',#5740,.T.) ;
#5753=FACE_OUTER_BOUND('',#5748,.T.) ;
#5776=FACE_OUTER_BOUND('',#5771,.T.) ;
#5784=FACE_OUTER_BOUND('',#5779,.T.) ;
#5804=FACE_OUTER_BOUND('',#5801,.T.) ;
#5845=FACE_OUTER_BOUND('',#5840,.T.) ;
#5853=FACE_OUTER_BOUND('',#5848,.T.) ;
#5876=FACE_OUTER_BOUND('',#5871,.T.) ;
#5884=FACE_OUTER_BOUND('',#5879,.T.) ;
#5904=FACE_OUTER_BOUND('',#5901,.T.) ;
#5945=FACE_OUTER_BOUND('',#5940,.T.) ;
#5953=FACE_OUTER_BOUND('',#5948,.T.) ;
#5976=FACE_OUTER_BOUND('',#5971,.T.) ;
#5984=FACE_OUTER_BOUND('',#5979,.T.) ;
#6004=FACE_OUTER_BOUND('',#6001,.T.) ;
#6045=FACE_OUTER_BOUND('',#6040,.T.) ;
#6053=FACE_OUTER_BOUND('',#6048,.T.) ;
#6076=FACE_OUTER_BOUND('',#6071,.T.) ;
#6084=FACE_OUTER_BOUND('',#6079,.T.) ;
#9=PRODUCT_CATEGORY_RELATIONSHIP(' ',' ',#7,#8) ;
#12=PRODUCT_CATEGORY_RELATIONSHIP(' ',' ',#10,#11) ;
#6=PRODUCT_DEFINITION_FORMATION_WITH_SPECIFIED_SOURCE('',' ',#5,.NOT_KNOWN.) ;
#27=PRODUCT_DEFINITION_FORMATION_WITH_SPECIFIED_SOURCE('',' ',#26,.NOT_KNOWN.) ;
#931=PRODUCT_DEFINITION_FORMATION_WITH_SPECIFIED_SOURCE('',' ',#930,.NOT_KNOWN.) ;
#1277=PRODUCT_DEFINITION_FORMATION_WITH_SPECIFIED_SOURCE('',' ',#1276,.NOT_KNOWN.) ;
#2252=PRODUCT_DEFINITION_FORMATION_WITH_SPECIFIED_SOURCE('',' ',#2251,.NOT_KNOWN.) ;
#3354=PRODUCT_DEFINITION_FORMATION_WITH_SPECIFIED_SOURCE('',' ',#3353,.NOT_KNOWN.) ;
#3362=PRODUCT_DEFINITION_FORMATION_WITH_SPECIFIED_SOURCE('',' ',#3361,.NOT_KNOWN.) ;
#4347=PRODUCT_DEFINITION_FORMATION_WITH_SPECIFIED_SOURCE('',' ',#4346,.NOT_KNOWN.) ;
#4593=PRODUCT_DEFINITION_FORMATION_WITH_SPECIFIED_SOURCE('',' ',#4592,.NOT_KNOWN.) ;
#5176=PRODUCT_DEFINITION_FORMATION_WITH_SPECIFIED_SOURCE('',' ',#5175,.NOT_KNOWN.) ;
#14=SHAPE_DEFINITION_REPRESENTATION(#16,#15) ;
#25=SHAPE_DEFINITION_REPRESENTATION(#29,#24) ;
#929=SHAPE_DEFINITION_REPRESENTATION(#933,#928) ;
#1275=SHAPE_DEFINITION_REPRESENTATION(#1279,#1274) ;
#2250=SHAPE_DEFINITION_REPRESENTATION(#2254,#2249) ;
#3352=SHAPE_DEFINITION_REPRESENTATION(#3356,#3351) ;
#3360=SHAPE_DEFINITION_REPRESENTATION(#3364,#3359) ;
#4345=SHAPE_DEFINITION_REPRESENTATION(#4349,#4344) ;
#4591=SHAPE_DEFINITION_REPRESENTATION(#4595,#4590) ;
#5174=SHAPE_DEFINITION_REPRESENTATION(#5178,#5173) ;
#17=(LENGTH_UNIT()NAMED_UNIT(*)SI_UNIT(.MILLI.,.METRE.)) ;
#18=(NAMED_UNIT(*)PLANE_ANGLE_UNIT()SI_UNIT($,.RADIAN.)) ;
#19=(NAMED_UNIT(*)SI_UNIT($,.STERADIAN.)SOLID_ANGLE_UNIT()) ;
#21=(GEOMETRIC_REPRESENTATION_CONTEXT(3)GLOBAL_UNCERTAINTY_ASSIGNED_CONTEXT((#20))GLOBAL_UNIT_ASSIGNED_CONTEXT((#17,#18,#19))REPRESENTATION_CONTEXT(' ',' ')) ;
#23=(GEOMETRIC_REPRESENTATION_CONTEXT(3)GLOBAL_UNCERTAINTY_ASSIGNED_CONTEXT((#22))GLOBAL_UNIT_ASSIGNED_CONTEXT((#17,#18,#19))REPRESENTATION_CONTEXT(' ',' ')) ;
#927=(GEOMETRIC_REPRESENTATION_CONTEXT(3)GLOBAL_UNCERTAINTY_ASSIGNED_CONTEXT((#926))GLOBAL_UNIT_ASSIGNED_CONTEXT((#17,#18,#19))REPRESENTATION_CONTEXT(' ',' ')) ;
#1273=(GEOMETRIC_REPRESENTATION_CONTEXT(3)GLOBAL_UNCERTAINTY_ASSIGNED_CONTEXT((#1272))GLOBAL_UNIT_ASSIGNED_CONTEXT((#17,#18,#19))REPRESENTATION_CONTEXT(' ',' ')) ;
#2248=(GEOMETRIC_REPRESENTATION_CONTEXT(3)GLOBAL_UNCERTAINTY_ASSIGNED_CONTEXT((#2247))GLOBAL_UNIT_ASSIGNED_CONTEXT((#17,#18,#19))REPRESENTATION_CONTEXT(' ',' ')) ;
#3350=(GEOMETRIC_REPRESENTATION_CONTEXT(3)GLOBAL_UNCERTAINTY_ASSIGNED_CONTEXT((#3349))GLOBAL_UNIT_ASSIGNED_CONTEXT((#17,#18,#19))REPRESENTATION_CONTEXT(' ',' ')) ;
#3358=(GEOMETRIC_REPRESENTATION_CONTEXT(3)GLOBAL_UNCERTAINTY_ASSIGNED_CONTEXT((#3357))GLOBAL_UNIT_ASSIGNED_CONTEXT((#17,#18,#19))REPRESENTATION_CONTEXT(' ',' ')) ;
#4343=(GEOMETRIC_REPRESENTATION_CONTEXT(3)GLOBAL_UNCERTAINTY_ASSIGNED_CONTEXT((#4342))GLOBAL_UNIT_ASSIGNED_CONTEXT((#17,#18,#19))REPRESENTATION_CONTEXT(' ',' ')) ;
#4589=(GEOMETRIC_REPRESENTATION_CONTEXT(3)GLOBAL_UNCERTAINTY_ASSIGNED_CONTEXT((#4588))GLOBAL_UNIT_ASSIGNED_CONTEXT((#17,#18,#19))REPRESENTATION_CONTEXT(' ',' ')) ;
#5172=(GEOMETRIC_REPRESENTATION_CONTEXT(3)GLOBAL_UNCERTAINTY_ASSIGNED_CONTEXT((#5171))GLOBAL_UNIT_ASSIGNED_CONTEXT((#17,#18,#19))REPRESENTATION_CONTEXT(' ',' ')) ;
#916=(REPRESENTATION_RELATIONSHIP(' ',' ',#24,#15)REPRESENTATION_RELATIONSHIP_WITH_TRANSFORMATION(#917)SHAPE_REPRESENTATION_RELATIONSHIP()) ;
#1262=(REPRESENTATION_RELATIONSHIP(' ',' ',#928,#15)REPRESENTATION_RELATIONSHIP_WITH_TRANSFORMATION(#1263)SHAPE_REPRESENTATION_RELATIONSHIP()) ;
#2237=(REPRESENTATION_RELATIONSHIP(' ',' ',#1274,#15)REPRESENTATION_RELATIONSHIP_WITH_TRANSFORMATION(#2238)SHAPE_REPRESENTATION_RELATIONSHIP()) ;
#3339=(REPRESENTATION_RELATIONSHIP(' ',' ',#2249,#15)REPRESENTATION_RELATIONSHIP_WITH_TRANSFORMATION(#3340)SHAPE_REPRESENTATION_RELATIONSHIP()) ;
#4332=(REPRESENTATION_RELATIONSHIP(' ',' ',#3359,#3351)REPRESENTATION_RELATIONSHIP_WITH_TRANSFORMATION(#4333)SHAPE_REPRESENTATION_RELATIONSHIP()) ;
#4578=(REPRESENTATION_RELATIONSHIP(' ',' ',#4344,#3351)REPRESENTATION_RELATIONSHIP_WITH_TRANSFORMATION(#4579)SHAPE_REPRESENTATION_RELATIONSHIP()) ;
#5161=(REPRESENTATION_RELATIONSHIP(' ',' ',#4590,#3351)REPRESENTATION_RELATIONSHIP_WITH_TRANSFORMATION(#5162)SHAPE_REPRESENTATION_RELATIONSHIP()) ;
#6092=(REPRESENTATION_RELATIONSHIP(' ',' ',#5173,#3351)REPRESENTATION_RELATIONSHIP_WITH_TRANSFORMATION(#6093)SHAPE_REPRESENTATION_RELATIONSHIP()) ;
#6105=(REPRESENTATION_RELATIONSHIP(' ',' ',#4344,#3351)REPRESENTATION_RELATIONSHIP_WITH_TRANSFORMATION(#6106)SHAPE_REPRESENTATION_RELATIONSHIP()) ;
#6118=(REPRESENTATION_RELATIONSHIP(' ',' ',#3351,#15)REPRESENTATION_RELATIONSHIP_WITH_TRANSFORMATION(#6119)SHAPE_REPRESENTATION_RELATIONSHIP()) ;
ENDSEC;
END-ISO-10303-21;
