solid CATIA STL
  facet normal -1.119680e-018 -1.000000e+000  2.955014e-004
    outer loop
      vertex  0.000000e+000 -2.422500e+001 -2.998269e-015
      vertex  7.912913e-001 -2.422500e+001  0.000000e+000
      vertex  0.000000e+000 -2.422500e+001  6.454617e-003
    endloop
  endfacet
  facet normal  0.000000e+000 -1.000000e+000  2.955014e-004
    outer loop
      vertex  0.000000e+000 -2.422500e+001  6.454617e-003
      vertex  7.912913e-001 -2.422500e+001  0.000000e+000
      vertex  7.912913e-001 -2.422500e+001  6.454617e-003
    endloop
  endfacet
  facet normal  0.000000e+000 -9.999999e-001  2.955014e-004
    outer loop
      vertex  5.208709e+000 -2.422500e+001  0.000000e+000
      vertex  6.000000e+000 -2.422500e+001  0.000000e+000
      vertex  5.208709e+000 -2.422500e+001  6.454617e-003
    endloop
  endfacet
  facet normal  0.000000e+000 -9.999999e-001  2.955014e-004
    outer loop
      vertex  5.208709e+000 -2.422500e+001  6.454617e-003
      vertex  6.000000e+000 -2.422500e+001  0.000000e+000
      vertex  6.000000e+000 -2.422500e+001  6.454617e-003
    endloop
  endfacet
  facet normal  -0.000000e+000 -9.998875e-001 -1.499599e-002
    outer loop
      vertex  5.208709e+000 -2.421411e+001 -7.264310e-001
      vertex  6.000000e+000 -2.421411e+001 -7.264310e-001
      vertex  5.208709e+000 -2.422500e+001  0.000000e+000
    endloop
  endfacet
  facet normal  0.000000e+000 -9.998875e-001 -1.499599e-002
    outer loop
      vertex  5.208709e+000 -2.422500e+001  0.000000e+000
      vertex  6.000000e+000 -2.421411e+001 -7.264310e-001
      vertex  6.000000e+000 -2.422500e+001  0.000000e+000
    endloop
  endfacet
  facet normal  -0.000000e+000 -9.998875e-001 -1.499599e-002
    outer loop
      vertex  0.000000e+000 -2.421411e+001 -7.264310e-001
      vertex  7.912913e-001 -2.421411e+001 -7.264310e-001
      vertex  0.000000e+000 -2.422500e+001 -2.998269e-015
    endloop
  endfacet
  facet normal  5.682105e-017 -9.998875e-001 -1.499599e-002
    outer loop
      vertex  0.000000e+000 -2.422500e+001 -2.998269e-015
      vertex  7.912913e-001 -2.421411e+001 -7.264310e-001
      vertex  7.912913e-001 -2.422500e+001  0.000000e+000
    endloop
  endfacet
  facet normal  0.000000e+000 -4.045574e-001  9.145126e-001
    outer loop
      vertex  0.000000e+000 -2.422500e+001  6.454617e-003
      vertex  7.912913e-001 -2.422500e+001  6.454617e-003
      vertex -1.776357e-015 -2.371146e+001  2.336311e-001
    endloop
  endfacet
  facet normal  0.000000e+000 -4.045573e-001  9.145126e-001
    outer loop
      vertex -1.776357e-015 -2.371146e+001  2.336311e-001
      vertex  7.912913e-001 -2.422500e+001  6.454617e-003
      vertex  1.777806e+000 -2.371146e+001  2.336311e-001
    endloop
  endfacet
  facet normal  0.000000e+000 -4.045574e-001  9.145126e-001
    outer loop
      vertex  5.208709e+000 -2.422500e+001  6.454617e-003
      vertex  6.000000e+000 -2.422500e+001  6.454617e-003
      vertex  4.222194e+000 -2.371146e+001  2.336311e-001
    endloop
  endfacet
  facet normal  0.000000e+000 -4.045574e-001  9.145126e-001
    outer loop
      vertex  4.222194e+000 -2.371146e+001  2.336311e-001
      vertex  6.000000e+000 -2.422500e+001  6.454617e-003
      vertex  6.000000e+000 -2.371146e+001  2.336311e-001
    endloop
  endfacet
  facet normal  -0.000000e+000 -3.771976e-001 -9.261329e-001
    outer loop
      vertex  4.222194e+000 -2.369404e+001 -9.382445e-001
      vertex  6.000000e+000 -2.369404e+001 -9.382445e-001
      vertex  5.208709e+000 -2.421411e+001 -7.264310e-001
    endloop
  endfacet
  facet normal  0.000000e+000 -3.771976e-001 -9.261328e-001
    outer loop
      vertex  5.208709e+000 -2.421411e+001 -7.264310e-001
      vertex  6.000000e+000 -2.369404e+001 -9.382445e-001
      vertex  6.000000e+000 -2.421411e+001 -7.264310e-001
    endloop
  endfacet
  facet normal  -0.000000e+000 -3.771976e-001 -9.261328e-001
    outer loop
      vertex  0.000000e+000 -2.369404e+001 -9.382445e-001
      vertex  1.777806e+000 -2.369404e+001 -9.382445e-001
      vertex  0.000000e+000 -2.421411e+001 -7.264310e-001
    endloop
  endfacet
  facet normal  0.000000e+000 -3.771976e-001 -9.261327e-001
    outer loop
      vertex  0.000000e+000 -2.421411e+001 -7.264310e-001
      vertex  1.777806e+000 -2.369404e+001 -9.382445e-001
      vertex  7.912913e-001 -2.421411e+001 -7.264310e-001
    endloop
  endfacet
  facet normal  0.000000e+000 -3.161458e-001  9.487106e-001
    outer loop
      vertex  6.000000e+000 -2.270096e+001  5.703673e-001
      vertex -1.776357e-015 -2.270096e+001  5.703673e-001
      vertex -1.776357e-015 -2.371146e+001  2.336311e-001
    endloop
  endfacet
  facet normal  0.000000e+000 -3.161457e-001  9.487107e-001
    outer loop
      vertex  6.000000e+000 -2.270096e+001  5.703673e-001
      vertex -1.776357e-015 -2.371146e+001  2.336311e-001
      vertex  1.777806e+000 -2.371146e+001  2.336311e-001
    endloop
  endfacet
  facet normal  0.000000e+000 -3.161457e-001  9.487106e-001
    outer loop
      vertex  6.000000e+000 -2.270096e+001  5.703673e-001
      vertex  1.777806e+000 -2.371146e+001  2.336311e-001
      vertex  4.222194e+000 -2.371146e+001  2.336311e-001
    endloop
  endfacet
  facet normal  0.000000e+000 -3.161457e-001  9.487106e-001
    outer loop
      vertex  6.000000e+000 -2.270096e+001  5.703673e-001
      vertex  4.222194e+000 -2.371146e+001  2.336311e-001
      vertex  6.000000e+000 -2.371146e+001  2.336311e-001
    endloop
  endfacet
  facet normal  -0.000000e+000 -2.878105e-001 -9.576874e-001
    outer loop
      vertex -1.776357e-015 -2.267398e+001 -1.244799e+000
      vertex  6.000000e+000 -2.267398e+001 -1.244799e+000
      vertex  6.000000e+000 -2.369404e+001 -9.382445e-001
    endloop
  endfacet
  facet normal  -0.000000e+000 -2.878105e-001 -9.576873e-001
    outer loop
      vertex -1.776357e-015 -2.267398e+001 -1.244799e+000
      vertex  6.000000e+000 -2.369404e+001 -9.382445e-001
      vertex  4.222194e+000 -2.369404e+001 -9.382445e-001
    endloop
  endfacet
  facet normal  -0.000000e+000 -2.878105e-001 -9.576873e-001
    outer loop
      vertex -1.776357e-015 -2.267398e+001 -1.244799e+000
      vertex  4.222194e+000 -2.369404e+001 -9.382445e-001
      vertex  1.777806e+000 -2.369404e+001 -9.382445e-001
    endloop
  endfacet
  facet normal  -0.000000e+000 -2.878105e-001 -9.576874e-001
    outer loop
      vertex -1.776357e-015 -2.267398e+001 -1.244799e+000
      vertex  1.777806e+000 -2.369404e+001 -9.382445e-001
      vertex  0.000000e+000 -2.369404e+001 -9.382445e-001
    endloop
  endfacet
  facet normal  0.000000e+000 -4.348687e-001  9.004939e-001
    outer loop
      vertex  6.000000e+000 -2.258752e+001 -2.337250e+000
      vertex -1.776357e-015 -2.258752e+001 -2.337250e+000
      vertex  0.000000e+000 -2.354667e+001 -2.800441e+000
    endloop
  endfacet
  facet normal  0.000000e+000 -4.348687e-001  9.004939e-001
    outer loop
      vertex  6.000000e+000 -2.258752e+001 -2.337250e+000
      vertex  0.000000e+000 -2.354667e+001 -2.800441e+000
      vertex  1.777806e+000 -2.354667e+001 -2.800441e+000
    endloop
  endfacet
  facet normal  0.000000e+000 -4.348687e-001  9.004940e-001
    outer loop
      vertex  6.000000e+000 -2.258752e+001 -2.337250e+000
      vertex  1.777806e+000 -2.354667e+001 -2.800441e+000
      vertex  4.222194e+000 -2.354667e+001 -2.800441e+000
    endloop
  endfacet
  facet normal  0.000000e+000 -4.348687e-001  9.004939e-001
    outer loop
      vertex  6.000000e+000 -2.258752e+001 -2.337250e+000
      vertex  4.222194e+000 -2.354667e+001 -2.800441e+000
      vertex  6.000000e+000 -2.354667e+001 -2.800441e+000
    endloop
  endfacet
  facet normal  0.000000e+000 -5.181808e-001  8.552711e-001
    outer loop
      vertex  0.000000e+000 -2.402694e+001 -3.091423e+000
      vertex  7.912913e-001 -2.402694e+001 -3.091423e+000
      vertex  0.000000e+000 -2.354667e+001 -2.800441e+000
    endloop
  endfacet
  facet normal  0.000000e+000 -5.181808e-001  8.552711e-001
    outer loop
      vertex  0.000000e+000 -2.354667e+001 -2.800441e+000
      vertex  7.912913e-001 -2.402694e+001 -3.091423e+000
      vertex  1.777806e+000 -2.354667e+001 -2.800441e+000
    endloop
  endfacet
  facet normal  0.000000e+000 -5.181808e-001  8.552712e-001
    outer loop
      vertex  5.208709e+000 -2.402694e+001 -3.091423e+000
      vertex  6.000000e+000 -2.402694e+001 -3.091423e+000
      vertex  4.222194e+000 -2.354667e+001 -2.800441e+000
    endloop
  endfacet
  facet normal  0.000000e+000 -5.181808e-001  8.552711e-001
    outer loop
      vertex  4.222194e+000 -2.354667e+001 -2.800441e+000
      vertex  6.000000e+000 -2.402694e+001 -3.091423e+000
      vertex  6.000000e+000 -2.354667e+001 -2.800441e+000
    endloop
  endfacet
  facet normal  -0.000000e+000 -9.897801e-001 -1.426023e-001
    outer loop
      vertex  5.208709e+000 -2.392241e+001 -3.816898e+000
      vertex  6.000000e+000 -2.392241e+001 -3.816898e+000
      vertex  5.208709e+000 -2.402694e+001 -3.091423e+000
    endloop
  endfacet
  facet normal  0.000000e+000 -9.897801e-001 -1.426023e-001
    outer loop
      vertex  5.208709e+000 -2.402694e+001 -3.091423e+000
      vertex  6.000000e+000 -2.392241e+001 -3.816898e+000
      vertex  6.000000e+000 -2.402694e+001 -3.091423e+000
    endloop
  endfacet
  facet normal  -0.000000e+000 -9.897801e-001 -1.426023e-001
    outer loop
      vertex  0.000000e+000 -2.392241e+001 -3.816898e+000
      vertex  7.912913e-001 -2.392241e+001 -3.816898e+000
      vertex  0.000000e+000 -2.402694e+001 -3.091423e+000
    endloop
  endfacet
  facet normal  0.000000e+000 -9.897801e-001 -1.426023e-001
    outer loop
      vertex  0.000000e+000 -2.402694e+001 -3.091423e+000
      vertex  7.912913e-001 -2.392241e+001 -3.816898e+000
      vertex  7.912913e-001 -2.402694e+001 -3.091423e+000
    endloop
  endfacet
  facet normal  -0.000000e+000 -2.556702e-001 -9.667641e-001
    outer loop
      vertex  4.222194e+000 -2.337953e+001 -3.960468e+000
      vertex  6.000000e+000 -2.337953e+001 -3.960468e+000
      vertex  5.208709e+000 -2.392241e+001 -3.816898e+000
    endloop
  endfacet
  facet normal  0.000000e+000 -2.556702e-001 -9.667640e-001
    outer loop
      vertex  5.208709e+000 -2.392241e+001 -3.816898e+000
      vertex  6.000000e+000 -2.337953e+001 -3.960468e+000
      vertex  6.000000e+000 -2.392241e+001 -3.816898e+000
    endloop
  endfacet
  facet normal  -0.000000e+000 -2.556702e-001 -9.667640e-001
    outer loop
      vertex  0.000000e+000 -2.337953e+001 -3.960468e+000
      vertex  1.777806e+000 -2.337953e+001 -3.960468e+000
      vertex  0.000000e+000 -2.392241e+001 -3.816898e+000
    endloop
  endfacet
  facet normal  0.000000e+000 -2.556702e-001 -9.667641e-001
    outer loop
      vertex  0.000000e+000 -2.392241e+001 -3.816898e+000
      vertex  1.777806e+000 -2.337953e+001 -3.960468e+000
      vertex  7.912913e-001 -2.392241e+001 -3.816898e+000
    endloop
  endfacet
  facet normal  -0.000000e+000 -1.629810e-001 -9.866292e-001
    outer loop
      vertex  0.000000e+000 -2.232865e+001 -4.134064e+000
      vertex  6.000000e+000 -2.232865e+001 -4.134064e+000
      vertex  6.000000e+000 -2.337953e+001 -3.960468e+000
    endloop
  endfacet
  facet normal  -0.000000e+000 -1.629810e-001 -9.866292e-001
    outer loop
      vertex  0.000000e+000 -2.232865e+001 -4.134064e+000
      vertex  6.000000e+000 -2.337953e+001 -3.960468e+000
      vertex  4.222194e+000 -2.337953e+001 -3.960468e+000
    endloop
  endfacet
  facet normal  -0.000000e+000 -1.629810e-001 -9.866291e-001
    outer loop
      vertex  0.000000e+000 -2.232865e+001 -4.134064e+000
      vertex  4.222194e+000 -2.337953e+001 -3.960468e+000
      vertex  1.777806e+000 -2.337953e+001 -3.960468e+000
    endloop
  endfacet
  facet normal  -0.000000e+000 -1.629810e-001 -9.866293e-001
    outer loop
      vertex  0.000000e+000 -2.232865e+001 -4.134064e+000
      vertex  1.777806e+000 -2.337953e+001 -3.960468e+000
      vertex  0.000000e+000 -2.337953e+001 -3.960468e+000
    endloop
  endfacet
  facet normal  0.000000e+000 -5.464512e-001  8.374910e-001
    outer loop
      vertex  6.000000e+000 -2.210320e+001 -5.206489e+000
      vertex -1.776357e-015 -2.210320e+001 -5.206489e+000
      vertex  0.000000e+000 -2.299524e+001 -5.788530e+000
    endloop
  endfacet
  facet normal  0.000000e+000 -5.464511e-001  8.374910e-001
    outer loop
      vertex  6.000000e+000 -2.210320e+001 -5.206489e+000
      vertex  0.000000e+000 -2.299524e+001 -5.788530e+000
      vertex  1.777806e+000 -2.299524e+001 -5.788530e+000
    endloop
  endfacet
  facet normal  0.000000e+000 -5.464512e-001  8.374911e-001
    outer loop
      vertex  6.000000e+000 -2.210320e+001 -5.206489e+000
      vertex  1.777806e+000 -2.299524e+001 -5.788530e+000
      vertex  4.222194e+000 -2.299524e+001 -5.788530e+000
    endloop
  endfacet
  facet normal  0.000000e+000 -5.464511e-001  8.374910e-001
    outer loop
      vertex  6.000000e+000 -2.210320e+001 -5.206489e+000
      vertex  4.222194e+000 -2.299524e+001 -5.788530e+000
      vertex  6.000000e+000 -2.299524e+001 -5.788530e+000
    endloop
  endfacet
  facet normal  0.000000e+000 -6.232960e-001  7.819859e-001
    outer loop
      vertex  0.000000e+000 -2.343435e+001 -6.138538e+000
      vertex  7.912913e-001 -2.343435e+001 -6.138538e+000
      vertex  0.000000e+000 -2.299524e+001 -5.788530e+000
    endloop
  endfacet
  facet normal  0.000000e+000 -6.232961e-001  7.819860e-001
    outer loop
      vertex  0.000000e+000 -2.299524e+001 -5.788530e+000
      vertex  7.912913e-001 -2.343435e+001 -6.138538e+000
      vertex  1.777806e+000 -2.299524e+001 -5.788530e+000
    endloop
  endfacet
  facet normal  0.000000e+000 -6.232960e-001  7.819859e-001
    outer loop
      vertex  5.208709e+000 -2.343435e+001 -6.138538e+000
      vertex  6.000000e+000 -2.343435e+001 -6.138538e+000
      vertex  4.222194e+000 -2.299524e+001 -5.788530e+000
    endloop
  endfacet
  facet normal  0.000000e+000 -6.232960e-001  7.819859e-001
    outer loop
      vertex  4.222194e+000 -2.299524e+001 -5.788530e+000
      vertex  6.000000e+000 -2.343435e+001 -6.138538e+000
      vertex  6.000000e+000 -2.299524e+001 -5.788530e+000
    endloop
  endfacet
  facet normal  -0.000000e+000 -9.634179e-001 -2.680037e-001
    outer loop
      vertex  5.208709e+000 -2.323792e+001 -6.844692e+000
      vertex  6.000000e+000 -2.323792e+001 -6.844692e+000
      vertex  5.208709e+000 -2.343435e+001 -6.138538e+000
    endloop
  endfacet
  facet normal  0.000000e+000 -9.634179e-001 -2.680037e-001
    outer loop
      vertex  5.208709e+000 -2.343435e+001 -6.138538e+000
      vertex  6.000000e+000 -2.323792e+001 -6.844692e+000
      vertex  6.000000e+000 -2.343435e+001 -6.138538e+000
    endloop
  endfacet
  facet normal  -0.000000e+000 -9.634178e-001 -2.680037e-001
    outer loop
      vertex  0.000000e+000 -2.323792e+001 -6.844692e+000
      vertex  7.912913e-001 -2.323792e+001 -6.844692e+000
      vertex  0.000000e+000 -2.343435e+001 -6.138538e+000
    endloop
  endfacet
  facet normal  0.000000e+000 -9.634178e-001 -2.680037e-001
    outer loop
      vertex  0.000000e+000 -2.343435e+001 -6.138538e+000
      vertex  7.912913e-001 -2.323792e+001 -6.844692e+000
      vertex  7.912913e-001 -2.343435e+001 -6.138538e+000
    endloop
  endfacet
  facet normal  -0.000000e+000 -1.299445e-001 -9.915212e-001
    outer loop
      vertex  4.222194e+000 -2.268114e+001 -6.917661e+000
      vertex  6.000000e+000 -2.268114e+001 -6.917661e+000
      vertex  5.208709e+000 -2.323792e+001 -6.844692e+000
    endloop
  endfacet
  facet normal  0.000000e+000 -1.299445e-001 -9.915214e-001
    outer loop
      vertex  5.208709e+000 -2.323792e+001 -6.844692e+000
      vertex  6.000000e+000 -2.268114e+001 -6.917661e+000
      vertex  6.000000e+000 -2.323792e+001 -6.844692e+000
    endloop
  endfacet
  facet normal  -0.000000e+000 -1.299445e-001 -9.915212e-001
    outer loop
      vertex -1.776357e-015 -2.268114e+001 -6.917661e+000
      vertex  1.777806e+000 -2.268114e+001 -6.917661e+000
      vertex  0.000000e+000 -2.323792e+001 -6.844692e+000
    endloop
  endfacet
  facet normal  0.000000e+000 -1.299445e-001 -9.915213e-001
    outer loop
      vertex  0.000000e+000 -2.323792e+001 -6.844692e+000
      vertex  1.777806e+000 -2.268114e+001 -6.917661e+000
      vertex  7.912913e-001 -2.323792e+001 -6.844692e+000
    endloop
  endfacet
  facet normal  -0.000000e+000 -3.547551e-002 -9.993706e-001
    outer loop
      vertex -1.776357e-015 -2.161668e+001 -6.955447e+000
      vertex  6.000000e+000 -2.161668e+001 -6.955447e+000
      vertex  6.000000e+000 -2.268114e+001 -6.917661e+000
    endloop
  endfacet
  facet normal  -0.000000e+000 -3.547551e-002 -9.993705e-001
    outer loop
      vertex -1.776357e-015 -2.161668e+001 -6.955447e+000
      vertex  6.000000e+000 -2.268114e+001 -6.917661e+000
      vertex  4.222194e+000 -2.268114e+001 -6.917661e+000
    endloop
  endfacet
  facet normal  -0.000000e+000 -3.547551e-002 -9.993705e-001
    outer loop
      vertex -1.776357e-015 -2.161668e+001 -6.955447e+000
      vertex  4.222194e+000 -2.268114e+001 -6.917661e+000
      vertex  1.777806e+000 -2.268114e+001 -6.917661e+000
    endloop
  endfacet
  facet normal  -0.000000e+000 -3.547551e-002 -9.993706e-001
    outer loop
      vertex -1.776357e-015 -2.161668e+001 -6.955447e+000
      vertex  1.777806e+000 -2.268114e+001 -6.917661e+000
      vertex -1.776357e-015 -2.268114e+001 -6.917661e+000
    endloop
  endfacet
  facet normal  0.000000e+000 -6.490611e-001  7.607363e-001
    outer loop
      vertex  6.000000e+000 -2.125594e+001 -7.990239e+000
      vertex  0.000000e+000 -2.125594e+001 -7.990239e+000
      vertex -1.776357e-015 -2.206622e+001 -8.681572e+000
    endloop
  endfacet
  facet normal  0.000000e+000 -6.490611e-001  7.607363e-001
    outer loop
      vertex  6.000000e+000 -2.125594e+001 -7.990239e+000
      vertex -1.776357e-015 -2.206622e+001 -8.681572e+000
      vertex  1.777806e+000 -2.206622e+001 -8.681572e+000
    endloop
  endfacet
  facet normal  0.000000e+000 -6.490611e-001  7.607363e-001
    outer loop
      vertex  6.000000e+000 -2.125594e+001 -7.990239e+000
      vertex  1.777806e+000 -2.206622e+001 -8.681572e+000
      vertex  4.222194e+000 -2.206622e+001 -8.681572e+000
    endloop
  endfacet
  facet normal  0.000000e+000 -6.490611e-001  7.607363e-001
    outer loop
      vertex  6.000000e+000 -2.125594e+001 -7.990239e+000
      vertex  4.222194e+000 -2.206622e+001 -8.681572e+000
      vertex  6.000000e+000 -2.206622e+001 -8.681572e+000
    endloop
  endfacet
  facet normal  0.000000e+000 -7.181765e-001  6.958608e-001
    outer loop
      vertex -1.776357e-015 -2.245698e+001 -9.084860e+000
      vertex  7.912913e-001 -2.245698e+001 -9.084860e+000
      vertex -1.776357e-015 -2.206622e+001 -8.681572e+000
    endloop
  endfacet
  facet normal  0.000000e+000 -7.181766e-001  6.958609e-001
    outer loop
      vertex -1.776357e-015 -2.206622e+001 -8.681572e+000
      vertex  7.912913e-001 -2.245698e+001 -9.084860e+000
      vertex  1.777806e+000 -2.206622e+001 -8.681572e+000
    endloop
  endfacet
  facet normal  0.000000e+000 -7.181767e-001  6.958609e-001
    outer loop
      vertex  5.208709e+000 -2.245698e+001 -9.084860e+000
      vertex  6.000000e+000 -2.245698e+001 -9.084860e+000
      vertex  4.222194e+000 -2.206622e+001 -8.681572e+000
    endloop
  endfacet
  facet normal  0.000000e+000 -7.181765e-001  6.958609e-001
    outer loop
      vertex  4.222194e+000 -2.206622e+001 -8.681572e+000
      vertex  6.000000e+000 -2.245698e+001 -9.084860e+000
      vertex  6.000000e+000 -2.206622e+001 -8.681572e+000
    endloop
  endfacet
  facet normal  -0.000000e+000 -9.212369e-001 -3.890019e-001
    outer loop
      vertex  5.208709e+000 -2.217185e+001 -9.760097e+000
      vertex  6.000000e+000 -2.217185e+001 -9.760097e+000
      vertex  5.208709e+000 -2.245698e+001 -9.084860e+000
    endloop
  endfacet
  facet normal  0.000000e+000 -9.212369e-001 -3.890019e-001
    outer loop
      vertex  5.208709e+000 -2.245698e+001 -9.084860e+000
      vertex  6.000000e+000 -2.217185e+001 -9.760097e+000
      vertex  6.000000e+000 -2.245698e+001 -9.084860e+000
    endloop
  endfacet
  facet normal  -0.000000e+000 -9.212369e-001 -3.890019e-001
    outer loop
      vertex  0.000000e+000 -2.217185e+001 -9.760097e+000
      vertex  7.912913e-001 -2.217185e+001 -9.760097e+000
      vertex -1.776357e-015 -2.245698e+001 -9.084860e+000
    endloop
  endfacet
  facet normal  0.000000e+000 -9.212369e-001 -3.890019e-001
    outer loop
      vertex -1.776357e-015 -2.245698e+001 -9.084860e+000
      vertex  7.912913e-001 -2.217185e+001 -9.760097e+000
      vertex  7.912913e-001 -2.245698e+001 -9.084860e+000
    endloop
  endfacet
  facet normal  -0.000000e+000 -2.083824e-003 -9.999977e-001
    outer loop
      vertex  4.222194e+000 -2.161031e+001 -9.761267e+000
      vertex  6.000000e+000 -2.161031e+001 -9.761267e+000
      vertex  5.208709e+000 -2.217185e+001 -9.760097e+000
    endloop
  endfacet
  facet normal  0.000000e+000 -2.083824e-003 -9.999978e-001
    outer loop
      vertex  5.208709e+000 -2.217185e+001 -9.760097e+000
      vertex  6.000000e+000 -2.161031e+001 -9.761267e+000
      vertex  6.000000e+000 -2.217185e+001 -9.760097e+000
    endloop
  endfacet
  facet normal  -0.000000e+000 -2.083824e-003 -9.999978e-001
    outer loop
      vertex -1.776357e-015 -2.161031e+001 -9.761267e+000
      vertex  1.777806e+000 -2.161031e+001 -9.761267e+000
      vertex  0.000000e+000 -2.217185e+001 -9.760097e+000
    endloop
  endfacet
  facet normal  0.000000e+000 -2.083824e-003 -9.999977e-001
    outer loop
      vertex  0.000000e+000 -2.217185e+001 -9.760097e+000
      vertex  1.777806e+000 -2.161031e+001 -9.761267e+000
      vertex  7.912913e-001 -2.217185e+001 -9.760097e+000
    endloop
  endfacet
  facet normal  0.000000e+000  9.261255e-002 -9.957022e-001
    outer loop
      vertex  0.000000e+000 -2.054976e+001 -9.662622e+000
      vertex  6.000000e+000 -2.054976e+001 -9.662622e+000
      vertex  6.000000e+000 -2.161031e+001 -9.761267e+000
    endloop
  endfacet
  facet normal  0.000000e+000  9.261256e-002 -9.957023e-001
    outer loop
      vertex  0.000000e+000 -2.054976e+001 -9.662622e+000
      vertex  6.000000e+000 -2.161031e+001 -9.761267e+000
      vertex  4.222194e+000 -2.161031e+001 -9.761267e+000
    endloop
  endfacet
  facet normal  0.000000e+000  9.261255e-002 -9.957022e-001
    outer loop
      vertex  0.000000e+000 -2.054976e+001 -9.662622e+000
      vertex  4.222194e+000 -2.161031e+001 -9.761267e+000
      vertex  1.777806e+000 -2.161031e+001 -9.761267e+000
    endloop
  endfacet
  facet normal  0.000000e+000  9.261255e-002 -9.957022e-001
    outer loop
      vertex  0.000000e+000 -2.054976e+001 -9.662622e+000
      vertex  1.777806e+000 -2.161031e+001 -9.761267e+000
      vertex -1.776357e-015 -2.161031e+001 -9.761267e+000
    endloop
  endfacet
  facet normal  0.000000e+000 -7.410125e-001  6.714913e-001
    outer loop
      vertex  6.000000e+000 -2.005966e+001 -1.064279e+001
      vertex  0.000000e+000 -2.005966e+001 -1.064279e+001
      vertex -1.776357e-015 -2.077489e+001 -1.143206e+001
    endloop
  endfacet
  facet normal  0.000000e+000 -7.410125e-001  6.714913e-001
    outer loop
      vertex  6.000000e+000 -2.005966e+001 -1.064279e+001
      vertex -1.776357e-015 -2.077489e+001 -1.143206e+001
      vertex  1.777806e+000 -2.077489e+001 -1.143206e+001
    endloop
  endfacet
  facet normal  0.000000e+000 -7.410125e-001  6.714913e-001
    outer loop
      vertex  6.000000e+000 -2.005966e+001 -1.064279e+001
      vertex  1.777806e+000 -2.077489e+001 -1.143206e+001
      vertex  4.222194e+000 -2.077489e+001 -1.143206e+001
    endloop
  endfacet
  facet normal  0.000000e+000 -7.410124e-001  6.714913e-001
    outer loop
      vertex  6.000000e+000 -2.005966e+001 -1.064279e+001
      vertex  4.222194e+000 -2.077489e+001 -1.143206e+001
      vertex  6.000000e+000 -2.077489e+001 -1.143206e+001
    endloop
  endfacet
  facet normal  0.000000e+000 -8.012652e-001  5.983093e-001
    outer loop
      vertex -1.776357e-015 -2.111086e+001 -1.188201e+001
      vertex  7.912913e-001 -2.111086e+001 -1.188201e+001
      vertex -1.776357e-015 -2.077489e+001 -1.143206e+001
    endloop
  endfacet
  facet normal  0.000000e+000 -8.012652e-001  5.983093e-001
    outer loop
      vertex -1.776357e-015 -2.077489e+001 -1.143206e+001
      vertex  7.912913e-001 -2.111086e+001 -1.188201e+001
      vertex  1.777806e+000 -2.077489e+001 -1.143206e+001
    endloop
  endfacet
  facet normal  0.000000e+000 -8.012652e-001  5.983093e-001
    outer loop
      vertex  5.208709e+000 -2.111086e+001 -1.188201e+001
      vertex  6.000000e+000 -2.111086e+001 -1.188201e+001
      vertex  4.222194e+000 -2.077489e+001 -1.143206e+001
    endloop
  endfacet
  facet normal  0.000000e+000 -8.012652e-001  5.983093e-001
    outer loop
      vertex  4.222194e+000 -2.077489e+001 -1.143206e+001
      vertex  6.000000e+000 -2.111086e+001 -1.188201e+001
      vertex  6.000000e+000 -2.077489e+001 -1.143206e+001
    endloop
  endfacet
  facet normal  -0.000000e+000 -8.639295e-001 -5.036127e-001
    outer loop
      vertex  5.208709e+000 -2.074173e+001 -1.251524e+001
      vertex  6.000000e+000 -2.074173e+001 -1.251524e+001
      vertex  5.208709e+000 -2.111086e+001 -1.188201e+001
    endloop
  endfacet
  facet normal  0.000000e+000 -8.639295e-001 -5.036127e-001
    outer loop
      vertex  5.208709e+000 -2.111086e+001 -1.188201e+001
      vertex  6.000000e+000 -2.074173e+001 -1.251524e+001
      vertex  6.000000e+000 -2.111086e+001 -1.188201e+001
    endloop
  endfacet
  facet normal  -0.000000e+000 -8.639296e-001 -5.036127e-001
    outer loop
      vertex  0.000000e+000 -2.074173e+001 -1.251524e+001
      vertex  7.912913e-001 -2.074173e+001 -1.251524e+001
      vertex -1.776357e-015 -2.111086e+001 -1.188201e+001
    endloop
  endfacet
  facet normal  0.000000e+000 -8.639296e-001 -5.036127e-001
    outer loop
      vertex -1.776357e-015 -2.111086e+001 -1.188201e+001
      vertex  7.912913e-001 -2.074173e+001 -1.251524e+001
      vertex  7.912913e-001 -2.111086e+001 -1.188201e+001
    endloop
  endfacet
  facet normal  0.000000e+000  1.258104e-001 -9.920543e-001
    outer loop
      vertex  4.222194e+000 -2.018465e+001 -1.244459e+001
      vertex  6.000000e+000 -2.018465e+001 -1.244459e+001
      vertex  5.208709e+000 -2.074173e+001 -1.251524e+001
    endloop
  endfacet
  facet normal  0.000000e+000  1.258104e-001 -9.920543e-001
    outer loop
      vertex  5.208709e+000 -2.074173e+001 -1.251524e+001
      vertex  6.000000e+000 -2.018465e+001 -1.244459e+001
      vertex  6.000000e+000 -2.074173e+001 -1.251524e+001
    endloop
  endfacet
  facet normal  0.000000e+000  1.258104e-001 -9.920543e-001
    outer loop
      vertex -1.776357e-015 -2.018465e+001 -1.244459e+001
      vertex  1.777806e+000 -2.018465e+001 -1.244459e+001
      vertex  0.000000e+000 -2.074173e+001 -1.251524e+001
    endloop
  endfacet
  facet normal  0.000000e+000  1.258104e-001 -9.920543e-001
    outer loop
      vertex  0.000000e+000 -2.074173e+001 -1.251524e+001
      vertex  1.777806e+000 -2.018465e+001 -1.244459e+001
      vertex  7.912913e-001 -2.074173e+001 -1.251524e+001
    endloop
  endfacet
  facet normal  0.000000e+000  2.191788e-001 -9.756847e-001
    outer loop
      vertex -1.776357e-015 -1.914542e+001 -1.221114e+001
      vertex  6.000000e+000 -1.914542e+001 -1.221114e+001
      vertex  6.000000e+000 -2.018465e+001 -1.244459e+001
    endloop
  endfacet
  facet normal  0.000000e+000  2.191788e-001 -9.756847e-001
    outer loop
      vertex -1.776357e-015 -1.914542e+001 -1.221114e+001
      vertex  6.000000e+000 -2.018465e+001 -1.244459e+001
      vertex  4.222194e+000 -2.018465e+001 -1.244459e+001
    endloop
  endfacet
  facet normal  0.000000e+000  2.191788e-001 -9.756847e-001
    outer loop
      vertex -1.776357e-015 -1.914542e+001 -1.221114e+001
      vertex  4.222194e+000 -2.018465e+001 -1.244459e+001
      vertex  1.777806e+000 -2.018465e+001 -1.244459e+001
    endloop
  endfacet
  facet normal  0.000000e+000  2.191788e-001 -9.756848e-001
    outer loop
      vertex -1.776357e-015 -1.914542e+001 -1.221114e+001
      vertex  1.777806e+000 -2.018465e+001 -1.244459e+001
      vertex -1.776357e-015 -2.018465e+001 -1.244459e+001
    endloop
  endfacet
  facet normal  0.000000e+000 -8.207980e-001  5.712188e-001
    outer loop
      vertex  6.000000e+000 -1.853400e+001 -1.312058e+001
      vertex  0.000000e+000 -1.853400e+001 -1.312058e+001
      vertex -1.776357e-015 -1.914242e+001 -1.399484e+001
    endloop
  endfacet
  facet normal  0.000000e+000 -8.207979e-001  5.712187e-001
    outer loop
      vertex  6.000000e+000 -1.853400e+001 -1.312058e+001
      vertex -1.776357e-015 -1.914242e+001 -1.399484e+001
      vertex  1.777806e+000 -1.914242e+001 -1.399484e+001
    endloop
  endfacet
  facet normal  0.000000e+000 -8.207978e-001  5.712187e-001
    outer loop
      vertex  6.000000e+000 -1.853400e+001 -1.312058e+001
      vertex  1.777806e+000 -1.914242e+001 -1.399484e+001
      vertex  4.222194e+000 -1.914242e+001 -1.399484e+001
    endloop
  endfacet
  facet normal  0.000000e+000 -8.207979e-001  5.712187e-001
    outer loop
      vertex  6.000000e+000 -1.853400e+001 -1.312058e+001
      vertex  4.222194e+000 -1.914242e+001 -1.399484e+001
      vertex  6.000000e+000 -1.914242e+001 -1.399484e+001
    endloop
  endfacet
  facet normal  0.000000e+000 -8.711973e-001  4.909329e-001
    outer loop
      vertex -1.776357e-015 -1.941810e+001 -1.448405e+001
      vertex  7.912913e-001 -1.941810e+001 -1.448405e+001
      vertex -1.776357e-015 -1.914242e+001 -1.399484e+001
    endloop
  endfacet
  facet normal  0.000000e+000 -8.711974e-001  4.909329e-001
    outer loop
      vertex -1.776357e-015 -1.914242e+001 -1.399484e+001
      vertex  7.912913e-001 -1.941810e+001 -1.448405e+001
      vertex  1.777806e+000 -1.914242e+001 -1.399484e+001
    endloop
  endfacet
  facet normal  0.000000e+000 -8.711973e-001  4.909329e-001
    outer loop
      vertex  5.208709e+000 -1.941810e+001 -1.448405e+001
      vertex  6.000000e+000 -1.941810e+001 -1.448405e+001
      vertex  4.222194e+000 -1.914242e+001 -1.399484e+001
    endloop
  endfacet
  facet normal  0.000000e+000 -8.711973e-001  4.909329e-001
    outer loop
      vertex  4.222194e+000 -1.914242e+001 -1.399484e+001
      vertex  6.000000e+000 -1.941810e+001 -1.448405e+001
      vertex  6.000000e+000 -1.914242e+001 -1.399484e+001
    endloop
  endfacet
  facet normal  -0.000000e+000 -7.924357e-001 -6.099555e-001
    outer loop
      vertex  5.208709e+000 -1.897103e+001 -1.506488e+001
      vertex  6.000000e+000 -1.897103e+001 -1.506488e+001
      vertex  5.208709e+000 -1.941810e+001 -1.448405e+001
    endloop
  endfacet
  facet normal  0.000000e+000 -7.924357e-001 -6.099555e-001
    outer loop
      vertex  5.208709e+000 -1.941810e+001 -1.448405e+001
      vertex  6.000000e+000 -1.897103e+001 -1.506488e+001
      vertex  6.000000e+000 -1.941810e+001 -1.448405e+001
    endloop
  endfacet
  facet normal  -0.000000e+000 -7.924357e-001 -6.099555e-001
    outer loop
      vertex  0.000000e+000 -1.897103e+001 -1.506488e+001
      vertex  7.912913e-001 -1.897103e+001 -1.506488e+001
      vertex -1.776357e-015 -1.941810e+001 -1.448405e+001
    endloop
  endfacet
  facet normal  0.000000e+000 -7.924357e-001 -6.099555e-001
    outer loop
      vertex -1.776357e-015 -1.941810e+001 -1.448405e+001
      vertex  7.912913e-001 -1.897103e+001 -1.506488e+001
      vertex  7.912913e-001 -1.941810e+001 -1.448405e+001
    endloop
  endfacet
  facet normal  0.000000e+000  2.516383e-001 -9.678214e-001
    outer loop
      vertex  4.222194e+000 -1.842755e+001 -1.492358e+001
      vertex  6.000000e+000 -1.842755e+001 -1.492358e+001
      vertex  5.208709e+000 -1.897103e+001 -1.506488e+001
    endloop
  endfacet
  facet normal  0.000000e+000  2.516383e-001 -9.678214e-001
    outer loop
      vertex  5.208709e+000 -1.897103e+001 -1.506488e+001
      vertex  6.000000e+000 -1.842755e+001 -1.492358e+001
      vertex  6.000000e+000 -1.897103e+001 -1.506488e+001
    endloop
  endfacet
  facet normal  0.000000e+000  2.516382e-001 -9.678213e-001
    outer loop
      vertex  0.000000e+000 -1.842755e+001 -1.492358e+001
      vertex  1.777806e+000 -1.842755e+001 -1.492358e+001
      vertex  0.000000e+000 -1.897103e+001 -1.506488e+001
    endloop
  endfacet
  facet normal  0.000000e+000  2.516382e-001 -9.678214e-001
    outer loop
      vertex  0.000000e+000 -1.897103e+001 -1.506488e+001
      vertex  1.777806e+000 -1.842755e+001 -1.492358e+001
      vertex  7.912913e-001 -1.897103e+001 -1.506488e+001
    endloop
  endfacet
  facet normal  0.000000e+000  3.421480e-001 -9.396460e-001
    outer loop
      vertex  0.000000e+000 -1.742671e+001 -1.455915e+001
      vertex  6.000000e+000 -1.742671e+001 -1.455915e+001
      vertex  6.000000e+000 -1.842755e+001 -1.492358e+001
    endloop
  endfacet
  facet normal  0.000000e+000  3.421481e-001 -9.396460e-001
    outer loop
      vertex  0.000000e+000 -1.742671e+001 -1.455915e+001
      vertex  6.000000e+000 -1.842755e+001 -1.492358e+001
      vertex  4.222194e+000 -1.842755e+001 -1.492358e+001
    endloop
  endfacet
  facet normal  0.000000e+000  3.421481e-001 -9.396461e-001
    outer loop
      vertex  0.000000e+000 -1.742671e+001 -1.455915e+001
      vertex  4.222194e+000 -1.842755e+001 -1.492358e+001
      vertex  1.777806e+000 -1.842755e+001 -1.492358e+001
    endloop
  endfacet
  facet normal  0.000000e+000  3.421481e-001 -9.396461e-001
    outer loop
      vertex  0.000000e+000 -1.742671e+001 -1.455915e+001
      vertex  1.777806e+000 -1.842755e+001 -1.492358e+001
      vertex  0.000000e+000 -1.842755e+001 -1.492358e+001
    endloop
  endfacet
  facet normal  0.000000e+000 -8.871050e-001  4.615676e-001
    outer loop
      vertex  6.000000e+000 -1.670402e+001 -1.538294e+001
      vertex  0.000000e+000 -1.670402e+001 -1.538294e+001
      vertex -1.776357e-015 -1.719564e+001 -1.632782e+001
    endloop
  endfacet
  facet normal  0.000000e+000 -8.871050e-001  4.615676e-001
    outer loop
      vertex  6.000000e+000 -1.670402e+001 -1.538294e+001
      vertex -1.776357e-015 -1.719564e+001 -1.632782e+001
      vertex  1.777806e+000 -1.719564e+001 -1.632782e+001
    endloop
  endfacet
  facet normal  0.000000e+000 -8.871050e-001  4.615676e-001
    outer loop
      vertex  6.000000e+000 -1.670402e+001 -1.538294e+001
      vertex  1.777806e+000 -1.719564e+001 -1.632782e+001
      vertex  4.222194e+000 -1.719564e+001 -1.632782e+001
    endloop
  endfacet
  facet normal  0.000000e+000 -8.871050e-001  4.615676e-001
    outer loop
      vertex  6.000000e+000 -1.670402e+001 -1.538294e+001
      vertex  4.222194e+000 -1.719564e+001 -1.632782e+001
      vertex  6.000000e+000 -1.719564e+001 -1.632782e+001
    endloop
  endfacet
  facet normal  0.000000e+000 -9.268230e-001  3.754987e-001
    outer loop
      vertex -1.776357e-015 -1.740650e+001 -1.684827e+001
      vertex  7.912913e-001 -1.740650e+001 -1.684827e+001
      vertex -1.776357e-015 -1.719564e+001 -1.632782e+001
    endloop
  endfacet
  facet normal  0.000000e+000 -9.268230e-001  3.754987e-001
    outer loop
      vertex -1.776357e-015 -1.719564e+001 -1.632782e+001
      vertex  7.912913e-001 -1.740650e+001 -1.684827e+001
      vertex  1.777806e+000 -1.719564e+001 -1.632782e+001
    endloop
  endfacet
  facet normal  0.000000e+000 -9.268230e-001  3.754987e-001
    outer loop
      vertex  5.208709e+000 -1.740650e+001 -1.684827e+001
      vertex  6.000000e+000 -1.740650e+001 -1.684827e+001
      vertex  4.222194e+000 -1.719564e+001 -1.632782e+001
    endloop
  endfacet
  facet normal  0.000000e+000 -9.268229e-001  3.754987e-001
    outer loop
      vertex  4.222194e+000 -1.719564e+001 -1.632782e+001
      vertex  6.000000e+000 -1.740650e+001 -1.684827e+001
      vertex  6.000000e+000 -1.719564e+001 -1.632782e+001
    endloop
  endfacet
  facet normal  -0.000000e+000 -7.079312e-001 -7.062814e-001
    outer loop
      vertex  5.208709e+000 -1.688882e+001 -1.736716e+001
      vertex  6.000000e+000 -1.688882e+001 -1.736716e+001
      vertex  5.208709e+000 -1.740650e+001 -1.684827e+001
    endloop
  endfacet
  facet normal  0.000000e+000 -7.079312e-001 -7.062814e-001
    outer loop
      vertex  5.208709e+000 -1.740650e+001 -1.684827e+001
      vertex  6.000000e+000 -1.688882e+001 -1.736716e+001
      vertex  6.000000e+000 -1.740650e+001 -1.684827e+001
    endloop
  endfacet
  facet normal  -0.000000e+000 -7.079312e-001 -7.062814e-001
    outer loop
      vertex  0.000000e+000 -1.688882e+001 -1.736716e+001
      vertex  7.912913e-001 -1.688882e+001 -1.736716e+001
      vertex -1.776357e-015 -1.740650e+001 -1.684827e+001
    endloop
  endfacet
  facet normal  0.000000e+000 -7.079312e-001 -7.062814e-001
    outer loop
      vertex -1.776357e-015 -1.740650e+001 -1.684827e+001
      vertex  7.912913e-001 -1.688882e+001 -1.736716e+001
      vertex  7.912913e-001 -1.740650e+001 -1.684827e+001
    endloop
  endfacet
  facet normal  0.000000e+000  3.733341e-001 -9.276969e-001
    outer loop
      vertex  4.222194e+000 -1.636788e+001 -1.715752e+001
      vertex  6.000000e+000 -1.636788e+001 -1.715752e+001
      vertex  5.208709e+000 -1.688882e+001 -1.736716e+001
    endloop
  endfacet
  facet normal  0.000000e+000  3.733341e-001 -9.276969e-001
    outer loop
      vertex  5.208709e+000 -1.688882e+001 -1.736716e+001
      vertex  6.000000e+000 -1.636788e+001 -1.715752e+001
      vertex  6.000000e+000 -1.688882e+001 -1.736716e+001
    endloop
  endfacet
  facet normal  0.000000e+000  3.733341e-001 -9.276970e-001
    outer loop
      vertex -1.776357e-015 -1.636788e+001 -1.715752e+001
      vertex  1.777806e+000 -1.636788e+001 -1.715752e+001
      vertex  0.000000e+000 -1.688882e+001 -1.736716e+001
    endloop
  endfacet
  facet normal  0.000000e+000  3.733341e-001 -9.276969e-001
    outer loop
      vertex  0.000000e+000 -1.688882e+001 -1.736716e+001
      vertex  1.777806e+000 -1.636788e+001 -1.715752e+001
      vertex  7.912913e-001 -1.688882e+001 -1.736716e+001
    endloop
  endfacet
  facet normal  0.000000e+000  4.594977e-001 -8.881789e-001
    outer loop
      vertex  0.000000e+000 -1.542185e+001 -1.666809e+001
      vertex  6.000000e+000 -1.542185e+001 -1.666809e+001
      vertex  6.000000e+000 -1.636788e+001 -1.715752e+001
    endloop
  endfacet
  facet normal  0.000000e+000  4.594977e-001 -8.881789e-001
    outer loop
      vertex  0.000000e+000 -1.542185e+001 -1.666809e+001
      vertex  6.000000e+000 -1.636788e+001 -1.715752e+001
      vertex  4.222194e+000 -1.636788e+001 -1.715752e+001
    endloop
  endfacet
  facet normal  0.000000e+000  4.594978e-001 -8.881790e-001
    outer loop
      vertex  0.000000e+000 -1.542185e+001 -1.666809e+001
      vertex  4.222194e+000 -1.636788e+001 -1.715752e+001
      vertex  1.777806e+000 -1.636788e+001 -1.715752e+001
    endloop
  endfacet
  facet normal  0.000000e+000  4.594978e-001 -8.881790e-001
    outer loop
      vertex  0.000000e+000 -1.542185e+001 -1.666809e+001
      vertex  1.777806e+000 -1.636788e+001 -1.715752e+001
      vertex -1.776357e-015 -1.636788e+001 -1.715752e+001
    endloop
  endfacet
  facet normal  0.000000e+000 -9.388454e-001  3.443389e-001
    outer loop
      vertex  6.000000e+000 -1.459975e+001 -1.739271e+001
      vertex  0.000000e+000 -1.459975e+001 -1.739271e+001
      vertex -1.776357e-015 -1.496651e+001 -1.839270e+001
    endloop
  endfacet
  facet normal  0.000000e+000 -9.388454e-001  3.443389e-001
    outer loop
      vertex  6.000000e+000 -1.459975e+001 -1.739271e+001
      vertex -1.776357e-015 -1.496651e+001 -1.839270e+001
      vertex  1.777806e+000 -1.496651e+001 -1.839270e+001
    endloop
  endfacet
  facet normal  0.000000e+000 -9.388453e-001  3.443389e-001
    outer loop
      vertex  6.000000e+000 -1.459975e+001 -1.739271e+001
      vertex  1.777806e+000 -1.496651e+001 -1.839270e+001
      vertex  4.222194e+000 -1.496651e+001 -1.839270e+001
    endloop
  endfacet
  facet normal  0.000000e+000 -9.388453e-001  3.443389e-001
    outer loop
      vertex  6.000000e+000 -1.459975e+001 -1.739271e+001
      vertex  4.222194e+000 -1.496651e+001 -1.839270e+001
      vertex  6.000000e+000 -1.496651e+001 -1.839270e+001
    endloop
  endfacet
  facet normal  0.000000e+000 -9.672322e-001  2.538932e-001
    outer loop
      vertex -1.776357e-015 -1.510909e+001 -1.893584e+001
      vertex  7.912913e-001 -1.510909e+001 -1.893584e+001
      vertex -1.776357e-015 -1.496651e+001 -1.839270e+001
    endloop
  endfacet
  facet normal  0.000000e+000 -9.672322e-001  2.538932e-001
    outer loop
      vertex -1.776357e-015 -1.496651e+001 -1.839270e+001
      vertex  7.912913e-001 -1.510909e+001 -1.893584e+001
      vertex  1.777806e+000 -1.496651e+001 -1.839270e+001
    endloop
  endfacet
  facet normal  0.000000e+000 -9.672323e-001  2.538932e-001
    outer loop
      vertex  5.208709e+000 -1.510909e+001 -1.893584e+001
      vertex  6.000000e+000 -1.510909e+001 -1.893584e+001
      vertex  4.222194e+000 -1.496651e+001 -1.839270e+001
    endloop
  endfacet
  facet normal  0.000000e+000 -9.672323e-001  2.538932e-001
    outer loop
      vertex  4.222194e+000 -1.496651e+001 -1.839270e+001
      vertex  6.000000e+000 -1.510909e+001 -1.893584e+001
      vertex  6.000000e+000 -1.496651e+001 -1.839270e+001
    endloop
  endfacet
  facet normal  -0.000000e+000 -6.118026e-001 -7.910104e-001
    outer loop
      vertex  5.208709e+000 -1.452930e+001 -1.938427e+001
      vertex  6.000000e+000 -1.452930e+001 -1.938427e+001
      vertex  5.208709e+000 -1.510909e+001 -1.893584e+001
    endloop
  endfacet
  facet normal  0.000000e+000 -6.118026e-001 -7.910104e-001
    outer loop
      vertex  5.208709e+000 -1.510909e+001 -1.893584e+001
      vertex  6.000000e+000 -1.452930e+001 -1.938427e+001
      vertex  6.000000e+000 -1.510909e+001 -1.893584e+001
    endloop
  endfacet
  facet normal  -0.000000e+000 -6.118026e-001 -7.910104e-001
    outer loop
      vertex  0.000000e+000 -1.452930e+001 -1.938427e+001
      vertex  7.912913e-001 -1.452930e+001 -1.938427e+001
      vertex -1.776357e-015 -1.510909e+001 -1.893584e+001
    endloop
  endfacet
  facet normal  0.000000e+000 -6.118026e-001 -7.910104e-001
    outer loop
      vertex -1.776357e-015 -1.510909e+001 -1.893584e+001
      vertex  7.912913e-001 -1.452930e+001 -1.938427e+001
      vertex  7.912913e-001 -1.510909e+001 -1.893584e+001
    endloop
  endfacet
  facet normal  0.000000e+000  4.889011e-001 -8.723392e-001
    outer loop
      vertex  4.222194e+000 -1.403944e+001 -1.910973e+001
      vertex  6.000000e+000 -1.403944e+001 -1.910973e+001
      vertex  5.208709e+000 -1.452930e+001 -1.938427e+001
    endloop
  endfacet
  facet normal  0.000000e+000  4.889011e-001 -8.723392e-001
    outer loop
      vertex  5.208709e+000 -1.452930e+001 -1.938427e+001
      vertex  6.000000e+000 -1.403944e+001 -1.910973e+001
      vertex  6.000000e+000 -1.452930e+001 -1.938427e+001
    endloop
  endfacet
  facet normal  0.000000e+000  4.889011e-001 -8.723392e-001
    outer loop
      vertex  0.000000e+000 -1.403944e+001 -1.910973e+001
      vertex  1.777806e+000 -1.403944e+001 -1.910973e+001
      vertex  0.000000e+000 -1.452930e+001 -1.938427e+001
    endloop
  endfacet
  facet normal  0.000000e+000  4.889011e-001 -8.723392e-001
    outer loop
      vertex  0.000000e+000 -1.452930e+001 -1.938427e+001
      vertex  1.777806e+000 -1.403944e+001 -1.910973e+001
      vertex  7.912913e-001 -1.452930e+001 -1.938427e+001
    endloop
  endfacet
  facet normal  0.000000e+000  5.693041e-001 -8.221270e-001
    outer loop
      vertex  0.000000e+000 -1.316377e+001 -1.850335e+001
      vertex  6.000000e+000 -1.316377e+001 -1.850335e+001
      vertex  6.000000e+000 -1.403944e+001 -1.910973e+001
    endloop
  endfacet
  facet normal  0.000000e+000  5.693041e-001 -8.221270e-001
    outer loop
      vertex  0.000000e+000 -1.316377e+001 -1.850335e+001
      vertex  6.000000e+000 -1.403944e+001 -1.910973e+001
      vertex  4.222194e+000 -1.403944e+001 -1.910973e+001
    endloop
  endfacet
  facet normal  0.000000e+000  5.693041e-001 -8.221270e-001
    outer loop
      vertex  0.000000e+000 -1.316377e+001 -1.850335e+001
      vertex  4.222194e+000 -1.403944e+001 -1.910973e+001
      vertex  1.777806e+000 -1.403944e+001 -1.910973e+001
    endloop
  endfacet
  facet normal  0.000000e+000  5.693041e-001 -8.221270e-001
    outer loop
      vertex  0.000000e+000 -1.316377e+001 -1.850335e+001
      vertex  1.777806e+000 -1.403944e+001 -1.910973e+001
      vertex  0.000000e+000 -1.403944e+001 -1.910973e+001
    endloop
  endfacet
  facet normal  0.000000e+000 -9.751706e-001  2.214548e-001
    outer loop
      vertex  6.000000e+000 -1.225575e+001 -1.911689e+001
      vertex -1.776357e-015 -1.225575e+001 -1.911689e+001
      vertex -1.776357e-015 -1.249163e+001 -2.015557e+001
    endloop
  endfacet
  facet normal  0.000000e+000 -9.751706e-001  2.214548e-001
    outer loop
      vertex  6.000000e+000 -1.225575e+001 -1.911689e+001
      vertex -1.776357e-015 -1.249163e+001 -2.015557e+001
      vertex  1.777806e+000 -1.249163e+001 -2.015557e+001
    endloop
  endfacet
  facet normal  0.000000e+000 -9.751707e-001  2.214548e-001
    outer loop
      vertex  6.000000e+000 -1.225575e+001 -1.911689e+001
      vertex  1.777806e+000 -1.249163e+001 -2.015557e+001
      vertex  4.222194e+000 -1.249163e+001 -2.015557e+001
    endloop
  endfacet
  facet normal  0.000000e+000 -9.751706e-001  2.214548e-001
    outer loop
      vertex  6.000000e+000 -1.225575e+001 -1.911689e+001
      vertex  4.222194e+000 -1.249163e+001 -2.015557e+001
      vertex  6.000000e+000 -1.249163e+001 -2.015557e+001
    endloop
  endfacet
  facet normal  0.000000e+000 -9.917582e-001  1.281238e-001
    outer loop
      vertex -1.776357e-015 -1.256358e+001 -2.071249e+001
      vertex  7.912913e-001 -1.256358e+001 -2.071249e+001
      vertex -1.776357e-015 -1.249163e+001 -2.015557e+001
    endloop
  endfacet
  facet normal  0.000000e+000 -9.917582e-001  1.281238e-001
    outer loop
      vertex -1.776357e-015 -1.249163e+001 -2.015557e+001
      vertex  7.912913e-001 -1.256358e+001 -2.071249e+001
      vertex  1.777806e+000 -1.249163e+001 -2.015557e+001
    endloop
  endfacet
  facet normal  0.000000e+000 -9.917582e-001  1.281238e-001
    outer loop
      vertex  5.208709e+000 -1.256358e+001 -2.071249e+001
      vertex  6.000000e+000 -1.256358e+001 -2.071249e+001
      vertex  4.222194e+000 -1.249163e+001 -2.015557e+001
    endloop
  endfacet
  facet normal  0.000000e+000 -9.917581e-001  1.281238e-001
    outer loop
      vertex  4.222194e+000 -1.249163e+001 -2.015557e+001
      vertex  6.000000e+000 -1.256358e+001 -2.071249e+001
      vertex  6.000000e+000 -1.249163e+001 -2.015557e+001
    endloop
  endfacet
  facet normal  -0.000000e+000 -5.056264e-001 -8.627526e-001
    outer loop
      vertex  5.208709e+000 -1.193121e+001 -2.108309e+001
      vertex  6.000000e+000 -1.193121e+001 -2.108309e+001
      vertex  5.208709e+000 -1.256358e+001 -2.071249e+001
    endloop
  endfacet
  facet normal  0.000000e+000 -5.056264e-001 -8.627526e-001
    outer loop
      vertex  5.208709e+000 -1.256358e+001 -2.071249e+001
      vertex  6.000000e+000 -1.193121e+001 -2.108309e+001
      vertex  6.000000e+000 -1.256358e+001 -2.071249e+001
    endloop
  endfacet
  facet normal  -0.000000e+000 -5.056263e-001 -8.627526e-001
    outer loop
      vertex  0.000000e+000 -1.193121e+001 -2.108309e+001
      vertex  7.912913e-001 -1.193121e+001 -2.108309e+001
      vertex -1.776357e-015 -1.256358e+001 -2.071249e+001
    endloop
  endfacet
  facet normal  0.000000e+000 -5.056263e-001 -8.627526e-001
    outer loop
      vertex -1.776357e-015 -1.256358e+001 -2.071249e+001
      vertex  7.912913e-001 -1.193121e+001 -2.108309e+001
      vertex  7.912913e-001 -1.256358e+001 -2.071249e+001
    endloop
  endfacet
  facet normal  0.000000e+000  5.964385e-001 -8.026588e-001
    outer loop
      vertex  4.222194e+000 -1.148048e+001 -2.074817e+001
      vertex  6.000000e+000 -1.148048e+001 -2.074817e+001
      vertex  5.208709e+000 -1.193121e+001 -2.108309e+001
    endloop
  endfacet
  facet normal  0.000000e+000  5.964385e-001 -8.026587e-001
    outer loop
      vertex  5.208709e+000 -1.193121e+001 -2.108309e+001
      vertex  6.000000e+000 -1.148048e+001 -2.074817e+001
      vertex  6.000000e+000 -1.193121e+001 -2.108309e+001
    endloop
  endfacet
  facet normal  0.000000e+000  5.964385e-001 -8.026587e-001
    outer loop
      vertex -1.776357e-015 -1.148048e+001 -2.074817e+001
      vertex  1.777806e+000 -1.148048e+001 -2.074817e+001
      vertex  0.000000e+000 -1.193121e+001 -2.108309e+001
    endloop
  endfacet
  facet normal  0.000000e+000  5.964385e-001 -8.026587e-001
    outer loop
      vertex  0.000000e+000 -1.193121e+001 -2.108309e+001
      vertex  1.777806e+000 -1.148048e+001 -2.074817e+001
      vertex  7.912913e-001 -1.193121e+001 -2.108309e+001
    endloop
  endfacet
  facet normal  0.000000e+000  6.697603e-001 -7.425774e-001
    outer loop
      vertex  0.000000e+000 -1.068954e+001 -2.003479e+001
      vertex  6.000000e+000 -1.068954e+001 -2.003479e+001
      vertex  6.000000e+000 -1.148048e+001 -2.074817e+001
    endloop
  endfacet
  facet normal  0.000000e+000  6.697603e-001 -7.425773e-001
    outer loop
      vertex  0.000000e+000 -1.068954e+001 -2.003479e+001
      vertex  6.000000e+000 -1.148048e+001 -2.074817e+001
      vertex  4.222194e+000 -1.148048e+001 -2.074817e+001
    endloop
  endfacet
  facet normal  0.000000e+000  6.697603e-001 -7.425773e-001
    outer loop
      vertex  0.000000e+000 -1.068954e+001 -2.003479e+001
      vertex  4.222194e+000 -1.148048e+001 -2.074817e+001
      vertex  1.777806e+000 -1.148048e+001 -2.074817e+001
    endloop
  endfacet
  facet normal  0.000000e+000  6.697603e-001 -7.425773e-001
    outer loop
      vertex  0.000000e+000 -1.068954e+001 -2.003479e+001
      vertex  1.777806e+000 -1.148048e+001 -2.074817e+001
      vertex -1.776357e-015 -1.148048e+001 -2.074817e+001
    endloop
  endfacet
  facet normal  0.000000e+000 -9.954836e-001  9.493420e-002
    outer loop
      vertex  6.000000e+000 -9.710522e+000 -2.052717e+001
      vertex  0.000000e+000 -9.710522e+000 -2.052717e+001
      vertex -1.776357e-015 -9.811639e+000 -2.158749e+001
    endloop
  endfacet
  facet normal  0.000000e+000 -9.954836e-001  9.493421e-002
    outer loop
      vertex  6.000000e+000 -9.710522e+000 -2.052717e+001
      vertex -1.776357e-015 -9.811639e+000 -2.158749e+001
      vertex  1.777806e+000 -9.811639e+000 -2.158749e+001
    endloop
  endfacet
  facet normal  0.000000e+000 -9.954835e-001  9.493420e-002
    outer loop
      vertex  6.000000e+000 -9.710522e+000 -2.052717e+001
      vertex  1.777806e+000 -9.811639e+000 -2.158749e+001
      vertex  4.222194e+000 -9.811639e+000 -2.158749e+001
    endloop
  endfacet
  facet normal  0.000000e+000 -9.954835e-001  9.493420e-002
    outer loop
      vertex  6.000000e+000 -9.710522e+000 -2.052717e+001
      vertex  4.222194e+000 -9.811639e+000 -2.158749e+001
      vertex  6.000000e+000 -9.811639e+000 -2.158749e+001
    endloop
  endfacet
  facet normal  0.000000e+000 -9.999999e-001  2.479527e-004
    outer loop
      vertex -1.776357e-015 -9.811778e+000 -2.214903e+001
      vertex  7.912913e-001 -9.811778e+000 -2.214903e+001
      vertex -1.776357e-015 -9.811639e+000 -2.158749e+001
    endloop
  endfacet
  facet normal  0.000000e+000 -9.999999e-001  2.479527e-004
    outer loop
      vertex -1.776357e-015 -9.811639e+000 -2.158749e+001
      vertex  7.912913e-001 -9.811778e+000 -2.214903e+001
      vertex  1.777806e+000 -9.811639e+000 -2.158749e+001
    endloop
  endfacet
  facet normal  0.000000e+000 -9.999999e-001  2.479527e-004
    outer loop
      vertex  5.208709e+000 -9.811778e+000 -2.214903e+001
      vertex  6.000000e+000 -9.811778e+000 -2.214903e+001
      vertex  4.222194e+000 -9.811639e+000 -2.158749e+001
    endloop
  endfacet
  facet normal  0.000000e+000 -9.999999e-001  2.479527e-004
    outer loop
      vertex  4.222194e+000 -9.811639e+000 -2.158749e+001
      vertex  6.000000e+000 -9.811778e+000 -2.214903e+001
      vertex  6.000000e+000 -9.811639e+000 -2.158749e+001
    endloop
  endfacet
  facet normal  -0.000000e+000 -3.911492e-001 -9.203272e-001
    outer loop
      vertex  5.208709e+000 -9.137209e+000 -2.243573e+001
      vertex  6.000000e+000 -9.137209e+000 -2.243573e+001
      vertex  5.208709e+000 -9.811778e+000 -2.214903e+001
    endloop
  endfacet
  facet normal  0.000000e+000 -3.911492e-001 -9.203272e-001
    outer loop
      vertex  5.208709e+000 -9.811778e+000 -2.214903e+001
      vertex  6.000000e+000 -9.137209e+000 -2.243573e+001
      vertex  6.000000e+000 -9.811778e+000 -2.214903e+001
    endloop
  endfacet
  facet normal  -0.000000e+000 -3.911492e-001 -9.203272e-001
    outer loop
      vertex  0.000000e+000 -9.137209e+000 -2.243573e+001
      vertex  7.912913e-001 -9.137209e+000 -2.243573e+001
      vertex -1.776357e-015 -9.811778e+000 -2.214903e+001
    endloop
  endfacet
  facet normal  0.000000e+000 -3.911492e-001 -9.203272e-001
    outer loop
      vertex -1.776357e-015 -9.811778e+000 -2.214903e+001
      vertex  7.912913e-001 -9.137209e+000 -2.243573e+001
      vertex  7.912913e-001 -9.811778e+000 -2.214903e+001
    endloop
  endfacet
  facet normal  0.000000e+000  6.941848e-001 -7.197968e-001
    outer loop
      vertex  4.222194e+000 -8.733010e+000 -2.204592e+001
      vertex  6.000000e+000 -8.733010e+000 -2.204592e+001
      vertex  5.208709e+000 -9.137209e+000 -2.243573e+001
    endloop
  endfacet
  facet normal  0.000000e+000  6.941847e-001 -7.197969e-001
    outer loop
      vertex  5.208709e+000 -9.137209e+000 -2.243573e+001
      vertex  6.000000e+000 -8.733010e+000 -2.204592e+001
      vertex  6.000000e+000 -9.137209e+000 -2.243573e+001
    endloop
  endfacet
  facet normal  0.000000e+000  6.941848e-001 -7.197969e-001
    outer loop
      vertex  0.000000e+000 -8.733010e+000 -2.204592e+001
      vertex  1.777806e+000 -8.733010e+000 -2.204592e+001
      vertex  0.000000e+000 -9.137209e+000 -2.243573e+001
    endloop
  endfacet
  facet normal  0.000000e+000  6.941847e-001 -7.197968e-001
    outer loop
      vertex  0.000000e+000 -9.137209e+000 -2.243573e+001
      vertex  1.777806e+000 -8.733010e+000 -2.204592e+001
      vertex  7.912913e-001 -9.137209e+000 -2.243573e+001
    endloop
  endfacet
  facet normal  0.000000e+000  7.592208e-001 -6.508330e-001
    outer loop
      vertex -1.776357e-015 -8.039789e+000 -2.123725e+001
      vertex  6.000000e+000 -8.039789e+000 -2.123725e+001
      vertex  6.000000e+000 -8.733010e+000 -2.204592e+001
    endloop
  endfacet
  facet normal  0.000000e+000  7.592209e-001 -6.508331e-001
    outer loop
      vertex -1.776357e-015 -8.039789e+000 -2.123725e+001
      vertex  6.000000e+000 -8.733010e+000 -2.204592e+001
      vertex  4.222194e+000 -8.733010e+000 -2.204592e+001
    endloop
  endfacet
  facet normal  0.000000e+000  7.592209e-001 -6.508331e-001
    outer loop
      vertex -1.776357e-015 -8.039789e+000 -2.123725e+001
      vertex  4.222194e+000 -8.733010e+000 -2.204592e+001
      vertex  1.777806e+000 -8.733010e+000 -2.204592e+001
    endloop
  endfacet
  facet normal  0.000000e+000  7.592209e-001 -6.508331e-001
    outer loop
      vertex -1.776357e-015 -8.039789e+000 -2.123725e+001
      vertex  1.777806e+000 -8.733010e+000 -2.204592e+001
      vertex  0.000000e+000 -8.733010e+000 -2.204592e+001
    endloop
  endfacet
  facet normal  0.000000e+000 -9.994506e-001 -3.314442e-002
    outer loop
      vertex  6.000000e+000 -7.005842e+000 -2.160040e+001
      vertex  0.000000e+000 -7.005842e+000 -2.160040e+001
      vertex -1.776357e-015 -6.970539e+000 -2.266494e+001
    endloop
  endfacet
  facet normal  0.000000e+000 -9.994506e-001 -3.314443e-002
    outer loop
      vertex  6.000000e+000 -7.005842e+000 -2.160040e+001
      vertex -1.776357e-015 -6.970539e+000 -2.266494e+001
      vertex  1.777806e+000 -6.970539e+000 -2.266494e+001
    endloop
  endfacet
  facet normal  0.000000e+000 -9.994506e-001 -3.314442e-002
    outer loop
      vertex  6.000000e+000 -7.005842e+000 -2.160040e+001
      vertex  1.777806e+000 -6.970539e+000 -2.266494e+001
      vertex  4.222194e+000 -6.970539e+000 -2.266494e+001
    endloop
  endfacet
  facet normal  0.000000e+000 -9.994505e-001 -3.314442e-002
    outer loop
      vertex  6.000000e+000 -7.005842e+000 -2.160040e+001
      vertex  4.222194e+000 -6.970539e+000 -2.266494e+001
      vertex  6.000000e+000 -6.970539e+000 -2.266494e+001
    endloop
  endfacet
  facet normal  -0.000000e+000 -9.918218e-001 -1.276312e-001
    outer loop
      vertex -1.776357e-015 -6.898869e+000 -2.322189e+001
      vertex  7.912913e-001 -6.898869e+000 -2.322189e+001
      vertex -1.776357e-015 -6.970539e+000 -2.266494e+001
    endloop
  endfacet
  facet normal  0.000000e+000 -9.918216e-001 -1.276312e-001
    outer loop
      vertex -1.776357e-015 -6.970539e+000 -2.266494e+001
      vertex  7.912913e-001 -6.898869e+000 -2.322189e+001
      vertex  1.777806e+000 -6.970539e+000 -2.266494e+001
    endloop
  endfacet
  facet normal  -0.000000e+000 -9.918217e-001 -1.276312e-001
    outer loop
      vertex  5.208709e+000 -6.898869e+000 -2.322189e+001
      vertex  6.000000e+000 -6.898869e+000 -2.322189e+001
      vertex  4.222194e+000 -6.970539e+000 -2.266494e+001
    endloop
  endfacet
  facet normal  0.000000e+000 -9.918217e-001 -1.276312e-001
    outer loop
      vertex  4.222194e+000 -6.970539e+000 -2.266494e+001
      vertex  6.000000e+000 -6.898869e+000 -2.322189e+001
      vertex  6.000000e+000 -6.970539e+000 -2.266494e+001
    endloop
  endfacet
  facet normal  -0.000000e+000 -2.702493e-001 -9.627904e-001
    outer loop
      vertex  5.208709e+000 -6.193175e+000 -2.341998e+001
      vertex  6.000000e+000 -6.193175e+000 -2.341998e+001
      vertex  5.208709e+000 -6.898869e+000 -2.322189e+001
    endloop
  endfacet
  facet normal  0.000000e+000 -2.702493e-001 -9.627904e-001
    outer loop
      vertex  5.208709e+000 -6.898869e+000 -2.322189e+001
      vertex  6.000000e+000 -6.193175e+000 -2.341998e+001
      vertex  6.000000e+000 -6.898869e+000 -2.322189e+001
    endloop
  endfacet
  facet normal  -0.000000e+000 -2.702493e-001 -9.627904e-001
    outer loop
      vertex  0.000000e+000 -6.193175e+000 -2.341998e+001
      vertex  7.912913e-001 -6.193175e+000 -2.341998e+001
      vertex -1.776357e-015 -6.898869e+000 -2.322189e+001
    endloop
  endfacet
  facet normal  0.000000e+000 -2.702493e-001 -9.627904e-001
    outer loop
      vertex -1.776357e-015 -6.898869e+000 -2.322189e+001
      vertex  7.912913e-001 -6.193175e+000 -2.341998e+001
      vertex  7.912913e-001 -6.898869e+000 -2.322189e+001
    endloop
  endfacet
  facet normal  0.000000e+000  7.805309e-001 -6.251173e-001
    outer loop
      vertex  4.222194e+000 -5.842144e+000 -2.298167e+001
      vertex  6.000000e+000 -5.842144e+000 -2.298167e+001
      vertex  5.208709e+000 -6.193175e+000 -2.341998e+001
    endloop
  endfacet
  facet normal  0.000000e+000  7.805309e-001 -6.251172e-001
    outer loop
      vertex  5.208709e+000 -6.193175e+000 -2.341998e+001
      vertex  6.000000e+000 -5.842144e+000 -2.298167e+001
      vertex  6.000000e+000 -6.193175e+000 -2.341998e+001
    endloop
  endfacet
  facet normal  0.000000e+000  7.805309e-001 -6.251172e-001
    outer loop
      vertex  0.000000e+000 -5.842144e+000 -2.298167e+001
      vertex  1.777806e+000 -5.842144e+000 -2.298167e+001
      vertex  0.000000e+000 -6.193175e+000 -2.341998e+001
    endloop
  endfacet
  facet normal  0.000000e+000  7.805308e-001 -6.251172e-001
    outer loop
      vertex  0.000000e+000 -6.193175e+000 -2.341998e+001
      vertex  1.777806e+000 -5.842144e+000 -2.298167e+001
      vertex  7.912913e-001 -6.193175e+000 -2.341998e+001
    endloop
  endfacet
  facet normal  0.000000e+000  8.362144e-001 -5.484027e-001
    outer loop
      vertex  0.000000e+000 -5.258024e+000 -2.209100e+001
      vertex  6.000000e+000 -5.258024e+000 -2.209100e+001
      vertex  6.000000e+000 -5.842144e+000 -2.298167e+001
    endloop
  endfacet
  facet normal  0.000000e+000  8.362144e-001 -5.484027e-001
    outer loop
      vertex  0.000000e+000 -5.258024e+000 -2.209100e+001
      vertex  6.000000e+000 -5.842144e+000 -2.298167e+001
      vertex  4.222194e+000 -5.842144e+000 -2.298167e+001
    endloop
  endfacet
  facet normal  0.000000e+000  8.362144e-001 -5.484027e-001
    outer loop
      vertex  0.000000e+000 -5.258024e+000 -2.209100e+001
      vertex  4.222194e+000 -5.842144e+000 -2.298167e+001
      vertex  1.777806e+000 -5.842144e+000 -2.298167e+001
    endloop
  endfacet
  facet normal  0.000000e+000  8.362144e-001 -5.484027e-001
    outer loop
      vertex  0.000000e+000 -5.258024e+000 -2.209100e+001
      vertex  1.777806e+000 -5.842144e+000 -2.298167e+001
      vertex  0.000000e+000 -5.842144e+000 -2.298167e+001
    endloop
  endfacet
  facet normal  0.000000e+000 -9.870066e-001 -1.606797e-001
    outer loop
      vertex  6.000000e+000 -4.186127e+000 -2.231894e+001
      vertex -1.776357e-015 -4.186127e+000 -2.231894e+001
      vertex  0.000000e+000 -4.014983e+000 -2.337023e+001
    endloop
  endfacet
  facet normal  0.000000e+000 -9.870067e-001 -1.606797e-001
    outer loop
      vertex  6.000000e+000 -4.186127e+000 -2.231894e+001
      vertex  0.000000e+000 -4.014983e+000 -2.337023e+001
      vertex  1.777806e+000 -4.014983e+000 -2.337023e+001
    endloop
  endfacet
  facet normal  0.000000e+000 -9.870066e-001 -1.606797e-001
    outer loop
      vertex  6.000000e+000 -4.186127e+000 -2.231894e+001
      vertex  1.777806e+000 -4.014983e+000 -2.337023e+001
      vertex  4.222194e+000 -4.014983e+000 -2.337023e+001
    endloop
  endfacet
  facet normal  0.000000e+000 -9.870066e-001 -1.606797e-001
    outer loop
      vertex  6.000000e+000 -4.186127e+000 -2.231894e+001
      vertex  4.222194e+000 -4.014983e+000 -2.337023e+001
      vertex  6.000000e+000 -4.014983e+000 -2.337023e+001
    endloop
  endfacet
  facet normal  -0.000000e+000 -9.673579e-001 -2.534143e-001
    outer loop
      vertex  0.000000e+000 -3.872679e+000 -2.391345e+001
      vertex  7.912913e-001 -3.872679e+000 -2.391345e+001
      vertex  0.000000e+000 -4.014983e+000 -2.337023e+001
    endloop
  endfacet
  facet normal  0.000000e+000 -9.673579e-001 -2.534143e-001
    outer loop
      vertex  0.000000e+000 -4.014983e+000 -2.337023e+001
      vertex  7.912913e-001 -3.872679e+000 -2.391345e+001
      vertex  1.777806e+000 -4.014983e+000 -2.337023e+001
    endloop
  endfacet
  facet normal  -0.000000e+000 -9.673578e-001 -2.534142e-001
    outer loop
      vertex  5.208709e+000 -3.872679e+000 -2.391345e+001
      vertex  6.000000e+000 -3.872679e+000 -2.391345e+001
      vertex  4.222194e+000 -4.014983e+000 -2.337023e+001
    endloop
  endfacet
  facet normal  0.000000e+000 -9.673578e-001 -2.534142e-001
    outer loop
      vertex  4.222194e+000 -4.014983e+000 -2.337023e+001
      vertex  6.000000e+000 -3.872679e+000 -2.391345e+001
      vertex  6.000000e+000 -4.014983e+000 -2.337023e+001
    endloop
  endfacet
  facet normal  -0.000000e+000 -1.449104e-001 -9.894447e-001
    outer loop
      vertex  5.208709e+000 -3.147449e+000 -2.401966e+001
      vertex  6.000000e+000 -3.147449e+000 -2.401966e+001
      vertex  5.208709e+000 -3.872679e+000 -2.391345e+001
    endloop
  endfacet
  facet normal  0.000000e+000 -1.449104e-001 -9.894447e-001
    outer loop
      vertex  5.208709e+000 -3.872679e+000 -2.391345e+001
      vertex  6.000000e+000 -3.147449e+000 -2.401966e+001
      vertex  6.000000e+000 -3.872679e+000 -2.391345e+001
    endloop
  endfacet
  facet normal  -0.000000e+000 -1.449104e-001 -9.894447e-001
    outer loop
      vertex  0.000000e+000 -3.147449e+000 -2.401966e+001
      vertex  7.912913e-001 -3.147449e+000 -2.401966e+001
      vertex  0.000000e+000 -3.872679e+000 -2.391345e+001
    endloop
  endfacet
  facet normal  0.000000e+000 -1.449104e-001 -9.894447e-001
    outer loop
      vertex  0.000000e+000 -3.872679e+000 -2.391345e+001
      vertex  7.912913e-001 -3.147449e+000 -2.401966e+001
      vertex  7.912913e-001 -3.872679e+000 -2.391345e+001
    endloop
  endfacet
  facet normal  0.000000e+000  8.540607e-001 -5.201735e-001
    outer loop
      vertex  4.222194e+000 -2.855349e+000 -2.354007e+001
      vertex  6.000000e+000 -2.855349e+000 -2.354007e+001
      vertex  5.208709e+000 -3.147449e+000 -2.401966e+001
    endloop
  endfacet
  facet normal  0.000000e+000  8.540606e-001 -5.201734e-001
    outer loop
      vertex  5.208709e+000 -3.147449e+000 -2.401966e+001
      vertex  6.000000e+000 -2.855349e+000 -2.354007e+001
      vertex  6.000000e+000 -3.147449e+000 -2.401966e+001
    endloop
  endfacet
  facet normal  0.000000e+000  8.540606e-001 -5.201735e-001
    outer loop
      vertex  0.000000e+000 -2.855349e+000 -2.354007e+001
      vertex  1.777806e+000 -2.855349e+000 -2.354007e+001
      vertex  0.000000e+000 -3.147449e+000 -2.401966e+001
    endloop
  endfacet
  facet normal  0.000000e+000  8.540606e-001 -5.201734e-001
    outer loop
      vertex  0.000000e+000 -3.147449e+000 -2.401966e+001
      vertex  1.777806e+000 -2.855349e+000 -2.354007e+001
      vertex  7.912913e-001 -3.147449e+000 -2.401966e+001
    endloop
  endfacet
  facet normal  0.000000e+000  8.994772e-001 -4.369676e-001
    outer loop
      vertex -1.776357e-015 -2.389922e+000 -2.258201e+001
      vertex  6.000000e+000 -2.389922e+000 -2.258201e+001
      vertex  6.000000e+000 -2.855349e+000 -2.354007e+001
    endloop
  endfacet
  facet normal  0.000000e+000  8.994772e-001 -4.369676e-001
    outer loop
      vertex -1.776357e-015 -2.389922e+000 -2.258201e+001
      vertex  6.000000e+000 -2.855349e+000 -2.354007e+001
      vertex  4.222194e+000 -2.855349e+000 -2.354007e+001
    endloop
  endfacet
  facet normal  0.000000e+000  8.994772e-001 -4.369676e-001
    outer loop
      vertex -1.776357e-015 -2.389922e+000 -2.258201e+001
      vertex  4.222194e+000 -2.855349e+000 -2.354007e+001
      vertex  1.777806e+000 -2.855349e+000 -2.354007e+001
    endloop
  endfacet
  facet normal  0.000000e+000  8.994772e-001 -4.369676e-001
    outer loop
      vertex -1.776357e-015 -2.389922e+000 -2.258201e+001
      vertex  1.777806e+000 -2.855349e+000 -2.354007e+001
      vertex  0.000000e+000 -2.855349e+000 -2.354007e+001
    endloop
  endfacet
  facet normal  0.000000e+000 -9.583560e-001 -2.855765e-001
    outer loop
      vertex  6.000000e+000 -1.297676e+000 -2.267102e+001
      vertex  0.000000e+000 -1.297676e+000 -2.267102e+001
      vertex -1.776357e-015 -9.935007e-001 -2.369179e+001
    endloop
  endfacet
  facet normal  0.000000e+000 -9.583558e-001 -2.855764e-001
    outer loop
      vertex  6.000000e+000 -1.297676e+000 -2.267102e+001
      vertex -1.776357e-015 -9.935007e-001 -2.369179e+001
      vertex  1.777806e+000 -9.935007e-001 -2.369179e+001
    endloop
  endfacet
  facet normal  0.000000e+000 -9.583559e-001 -2.855764e-001
    outer loop
      vertex  6.000000e+000 -1.297676e+000 -2.267102e+001
      vertex  1.777806e+000 -9.935007e-001 -2.369179e+001
      vertex  4.222194e+000 -9.935007e-001 -2.369179e+001
    endloop
  endfacet
  facet normal  0.000000e+000 -9.583559e-001 -2.855764e-001
    outer loop
      vertex  6.000000e+000 -1.297676e+000 -2.267102e+001
      vertex  4.222194e+000 -9.935007e-001 -2.369179e+001
      vertex  6.000000e+000 -9.935007e-001 -2.369179e+001
    endloop
  endfacet
  facet normal  -0.000000e+000 -9.270099e-001 -3.750370e-001
    outer loop
      vertex -1.776357e-015 -7.829008e-001 -2.421235e+001
      vertex  7.912913e-001 -7.829008e-001 -2.421235e+001
      vertex -1.776357e-015 -9.935007e-001 -2.369179e+001
    endloop
  endfacet
  facet normal  0.000000e+000 -9.270099e-001 -3.750369e-001
    outer loop
      vertex -1.776357e-015 -9.935007e-001 -2.369179e+001
      vertex  7.912913e-001 -7.829008e-001 -2.421235e+001
      vertex  1.777806e+000 -9.935007e-001 -2.369179e+001
    endloop
  endfacet
  facet normal  -0.000000e+000 -9.270099e-001 -3.750369e-001
    outer loop
      vertex  5.208709e+000 -7.829008e-001 -2.421235e+001
      vertex  6.000000e+000 -7.829008e-001 -2.421235e+001
      vertex  4.222194e+000 -9.935007e-001 -2.369179e+001
    endloop
  endfacet
  facet normal  0.000000e+000 -9.270099e-001 -3.750369e-001
    outer loop
      vertex  4.222194e+000 -9.935007e-001 -2.369179e+001
      vertex  6.000000e+000 -7.829008e-001 -2.421235e+001
      vertex  6.000000e+000 -9.935007e-001 -2.369179e+001
    endloop
  endfacet
  facet normal -8.095425e-011 -1.719554e-002 -9.998521e-001
    outer loop
      vertex  5.208709e+000 -5.004249e-002 -2.422495e+001
      vertex  6.000000e+000 -5.004250e-002 -2.422495e+001
      vertex  5.208709e+000 -7.829008e-001 -2.421235e+001
    endloop
  endfacet
  facet normal  0.000000e+000 -1.719554e-002 -9.998521e-001
    outer loop
      vertex  5.208709e+000 -7.829008e-001 -2.421235e+001
      vertex  6.000000e+000 -5.004250e-002 -2.422495e+001
      vertex  6.000000e+000 -7.829008e-001 -2.421235e+001
    endloop
  endfacet
  facet normal  -0.000000e+000 -1.719555e-002 -9.998521e-001
    outer loop
      vertex  0.000000e+000 -5.004249e-002 -2.422495e+001
      vertex  7.912913e-001 -5.004249e-002 -2.422495e+001
      vertex -1.776357e-015 -7.829008e-001 -2.421235e+001
    endloop
  endfacet
  facet normal  0.000000e+000 -1.719555e-002 -9.998521e-001
    outer loop
      vertex -1.776357e-015 -7.829008e-001 -2.421235e+001
      vertex  7.912913e-001 -5.004249e-002 -2.422495e+001
      vertex  7.912913e-001 -7.829008e-001 -2.421235e+001
    endloop
  endfacet
  facet normal  4.300947e-009  9.135669e-001 -4.066885e-001
    outer loop
      vertex  6.000000e+000 -5.004250e-002 -2.422495e+001
      vertex  5.208709e+000 -5.004249e-002 -2.422495e+001
      vertex  6.000000e+000  1.783310e-001 -2.371194e+001
    endloop
  endfacet
  facet normal  7.605330e-003  9.091296e-001 -4.164439e-001
    outer loop
      vertex  6.000000e+000  1.783310e-001 -2.371194e+001
      vertex  5.208709e+000 -5.004249e-002 -2.422495e+001
      vertex  5.053854e+000  2.880573e-014 -2.411853e+001
    endloop
  endfacet
  facet normal -9.439386e-009  9.157863e-001 -4.016657e-001
    outer loop
      vertex  6.000000e+000  1.783310e-001 -2.371194e+001
      vertex  5.053854e+000  2.880573e-014 -2.411853e+001
      vertex  4.222194e+000  1.783310e-001 -2.371194e+001
    endloop
  endfacet
  facet normal  0.000000e+000  9.049394e-001 -4.255405e-001
    outer loop
      vertex  7.912913e-001 -5.004249e-002 -2.422495e+001
      vertex  0.000000e+000 -5.004249e-002 -2.422495e+001
      vertex  9.461458e-001  2.880573e-014 -2.411853e+001
    endloop
  endfacet
  facet normal -2.576705e-003  9.135638e-001 -4.066871e-001
    outer loop
      vertex  9.461458e-001  2.880573e-014 -2.411853e+001
      vertex  0.000000e+000 -5.004249e-002 -2.422495e+001
      vertex -1.776357e-015  1.783310e-001 -2.371194e+001
    endloop
  endfacet
  facet normal  0.000000e+000  9.157863e-001 -4.016658e-001
    outer loop
      vertex  9.461458e-001  2.880573e-014 -2.411853e+001
      vertex -1.776357e-015  1.783310e-001 -2.371194e+001
      vertex  1.777806e+000  1.783310e-001 -2.371194e+001
    endloop
  endfacet
  facet normal  0.000000e+000  9.479707e-001 -3.183573e-001
    outer loop
      vertex -1.776357e-015  5.174230e-001 -2.270223e+001
      vertex  6.000000e+000  5.174230e-001 -2.270223e+001
      vertex  6.000000e+000  1.783310e-001 -2.371194e+001
    endloop
  endfacet
  facet normal -7.945673e-009  9.479707e-001 -3.183574e-001
    outer loop
      vertex -1.776357e-015  5.174230e-001 -2.270223e+001
      vertex  6.000000e+000  1.783310e-001 -2.371194e+001
      vertex  4.222194e+000  1.783310e-001 -2.371194e+001
    endloop
  endfacet
  facet normal  0.000000e+000  9.479707e-001 -3.183573e-001
    outer loop
      vertex -1.776357e-015  5.174230e-001 -2.270223e+001
      vertex  4.222194e+000  1.783310e-001 -2.371194e+001
      vertex  1.777806e+000  1.783310e-001 -2.371194e+001
    endloop
  endfacet
  facet normal  0.000000e+000  9.479707e-001 -3.183573e-001
    outer loop
      vertex -1.776357e-015  5.174230e-001 -2.270223e+001
      vertex  1.777806e+000  1.783310e-001 -2.371194e+001
      vertex -1.776357e-015  1.783310e-001 -2.371194e+001
    endloop
  endfacet
  facet normal  0.000000e+000 -9.139692e-001 -4.057838e-001
    outer loop
      vertex  6.000000e+000  1.612083e+000 -2.265083e+001
      vertex  0.000000e+000  1.612083e+000 -2.265083e+001
      vertex  0.000000e+000  2.044295e+000 -2.362432e+001
    endloop
  endfacet
  facet normal  0.000000e+000 -9.139691e-001 -4.057837e-001
    outer loop
      vertex  6.000000e+000  1.612083e+000 -2.265083e+001
      vertex  0.000000e+000  2.044295e+000 -2.362432e+001
      vertex  1.777806e+000  2.044295e+000 -2.362432e+001
    endloop
  endfacet
  facet normal  0.000000e+000 -9.139691e-001 -4.057837e-001
    outer loop
      vertex  6.000000e+000  1.612083e+000 -2.265083e+001
      vertex  1.777806e+000  2.044295e+000 -2.362432e+001
      vertex  4.222194e+000  2.044295e+000 -2.362432e+001
    endloop
  endfacet
  facet normal  0.000000e+000 -9.139691e-001 -4.057837e-001
    outer loop
      vertex  6.000000e+000  1.612083e+000 -2.265083e+001
      vertex  4.222194e+000  2.044295e+000 -2.362432e+001
      vertex  6.000000e+000  2.044295e+000 -2.362432e+001
    endloop
  endfacet
  facet normal  -0.000000e+000 -8.714408e-001 -4.905009e-001
    outer loop
      vertex  0.000000e+000  2.319733e+000 -2.411368e+001
      vertex  7.912913e-001  2.319733e+000 -2.411368e+001
      vertex  0.000000e+000  2.044295e+000 -2.362432e+001
    endloop
  endfacet
  facet normal  0.000000e+000 -8.714407e-001 -4.905008e-001
    outer loop
      vertex  0.000000e+000  2.044295e+000 -2.362432e+001
      vertex  7.912913e-001  2.319733e+000 -2.411368e+001
      vertex  1.777806e+000  2.044295e+000 -2.362432e+001
    endloop
  endfacet
  facet normal  -0.000000e+000 -8.714407e-001 -4.905008e-001
    outer loop
      vertex  5.208709e+000  2.319733e+000 -2.411368e+001
      vertex  6.000000e+000  2.319733e+000 -2.411368e+001
      vertex  4.222194e+000  2.044295e+000 -2.362432e+001
    endloop
  endfacet
  facet normal  0.000000e+000 -8.714407e-001 -4.905009e-001
    outer loop
      vertex  4.222194e+000  2.044295e+000 -2.362432e+001
      vertex  6.000000e+000  2.319733e+000 -2.411368e+001
      vertex  6.000000e+000  2.044295e+000 -2.362432e+001
    endloop
  endfacet
  facet normal  0.000000e+000  1.108056e-001 -9.938421e-001
    outer loop
      vertex  5.208709e+000  3.048186e+000 -2.403246e+001
      vertex  6.000000e+000  3.048186e+000 -2.403246e+001
      vertex  5.208709e+000  2.319733e+000 -2.411368e+001
    endloop
  endfacet
  facet normal  0.000000e+000  1.108056e-001 -9.938421e-001
    outer loop
      vertex  5.208709e+000  2.319733e+000 -2.411368e+001
      vertex  6.000000e+000  3.048186e+000 -2.403246e+001
      vertex  6.000000e+000  2.319733e+000 -2.411368e+001
    endloop
  endfacet
  facet normal  0.000000e+000  1.108056e-001 -9.938421e-001
    outer loop
      vertex  0.000000e+000  3.048186e+000 -2.403246e+001
      vertex  7.912913e-001  3.048186e+000 -2.403246e+001
      vertex  0.000000e+000  2.319733e+000 -2.411368e+001
    endloop
  endfacet
  facet normal  0.000000e+000  1.108056e-001 -9.938421e-001
    outer loop
      vertex  0.000000e+000  2.319733e+000 -2.411368e+001
      vertex  7.912913e-001  3.048186e+000 -2.403246e+001
      vertex  7.912913e-001  2.319733e+000 -2.411368e+001
    endloop
  endfacet
  facet normal  0.000000e+000  9.580728e-001 -2.865248e-001
    outer loop
      vertex  4.222194e+000  3.209082e+000 -2.349446e+001
      vertex  6.000000e+000  3.209082e+000 -2.349446e+001
      vertex  5.208709e+000  3.048186e+000 -2.403246e+001
    endloop
  endfacet
  facet normal  0.000000e+000  9.580729e-001 -2.865248e-001
    outer loop
      vertex  5.208709e+000  3.048186e+000 -2.403246e+001
      vertex  6.000000e+000  3.209082e+000 -2.349446e+001
      vertex  6.000000e+000  3.048186e+000 -2.403246e+001
    endloop
  endfacet
  facet normal  0.000000e+000  9.580728e-001 -2.865248e-001
    outer loop
      vertex -1.776357e-015  3.209082e+000 -2.349446e+001
      vertex  1.777806e+000  3.209082e+000 -2.349446e+001
      vertex  0.000000e+000  3.048186e+000 -2.403246e+001
    endloop
  endfacet
  facet normal  0.000000e+000  9.580728e-001 -2.865248e-001
    outer loop
      vertex  0.000000e+000  3.048186e+000 -2.403246e+001
      vertex  1.777806e+000  3.209082e+000 -2.349446e+001
      vertex  7.912913e-001  3.048186e+000 -2.403246e+001
    endloop
  endfacet
  facet normal  0.000000e+000  9.808984e-001 -1.945205e-001
    outer loop
      vertex -1.776357e-015  3.416272e+000 -2.244968e+001
      vertex  6.000000e+000  3.416272e+000 -2.244968e+001
      vertex  6.000000e+000  3.209082e+000 -2.349446e+001
    endloop
  endfacet
  facet normal  0.000000e+000  9.808984e-001 -1.945205e-001
    outer loop
      vertex -1.776357e-015  3.416272e+000 -2.244968e+001
      vertex  6.000000e+000  3.209082e+000 -2.349446e+001
      vertex  4.222194e+000  3.209082e+000 -2.349446e+001
    endloop
  endfacet
  facet normal  0.000000e+000  9.808985e-001 -1.945206e-001
    outer loop
      vertex -1.776357e-015  3.416272e+000 -2.244968e+001
      vertex  4.222194e+000  3.209082e+000 -2.349446e+001
      vertex  1.777806e+000  3.209082e+000 -2.349446e+001
    endloop
  endfacet
  facet normal  0.000000e+000  9.808985e-001 -1.945205e-001
    outer loop
      vertex -1.776357e-015  3.416272e+000 -2.244968e+001
      vertex  1.777806e+000  3.209082e+000 -2.349446e+001
      vertex -1.776357e-015  3.209082e+000 -2.349446e+001
    endloop
  endfacet
  facet normal  0.000000e+000 -8.545753e-001 -5.193276e-001
    outer loop
      vertex  6.000000e+000  4.495372e+000 -2.225872e+001
      vertex  0.000000e+000  4.495372e+000 -2.225872e+001
      vertex -1.776357e-015  5.048522e+000 -2.316895e+001
    endloop
  endfacet
  facet normal  0.000000e+000 -8.545753e-001 -5.193276e-001
    outer loop
      vertex  6.000000e+000  4.495372e+000 -2.225872e+001
      vertex -1.776357e-015  5.048522e+000 -2.316895e+001
      vertex  1.777806e+000  5.048522e+000 -2.316895e+001
    endloop
  endfacet
  facet normal  0.000000e+000 -8.545752e-001 -5.193276e-001
    outer loop
      vertex  6.000000e+000  4.495372e+000 -2.225872e+001
      vertex  1.777806e+000  5.048522e+000 -2.316895e+001
      vertex  4.222194e+000  5.048522e+000 -2.316895e+001
    endloop
  endfacet
  facet normal  0.000000e+000 -8.545753e-001 -5.193276e-001
    outer loop
      vertex  6.000000e+000  4.495372e+000 -2.225872e+001
      vertex  4.222194e+000  5.048522e+000 -2.316895e+001
      vertex  6.000000e+000  5.048522e+000 -2.316895e+001
    endloop
  endfacet
  facet normal  -0.000000e+000 -8.015620e-001 -5.979116e-001
    outer loop
      vertex -1.776357e-015  5.384277e+000 -2.361906e+001
      vertex  7.912913e-001  5.384277e+000 -2.361906e+001
      vertex -1.776357e-015  5.048522e+000 -2.316895e+001
    endloop
  endfacet
  facet normal  0.000000e+000 -8.015620e-001 -5.979116e-001
    outer loop
      vertex -1.776357e-015  5.048522e+000 -2.316895e+001
      vertex  7.912913e-001  5.384277e+000 -2.361906e+001
      vertex  1.777806e+000  5.048522e+000 -2.316895e+001
    endloop
  endfacet
  facet normal  -0.000000e+000 -8.015620e-001 -5.979116e-001
    outer loop
      vertex  5.208709e+000  5.384277e+000 -2.361906e+001
      vertex  6.000000e+000  5.384277e+000 -2.361906e+001
      vertex  4.222194e+000  5.048522e+000 -2.316895e+001
    endloop
  endfacet
  facet normal  0.000000e+000 -8.015621e-001 -5.979117e-001
    outer loop
      vertex  4.222194e+000  5.048522e+000 -2.316895e+001
      vertex  6.000000e+000  5.384277e+000 -2.361906e+001
      vertex  6.000000e+000  5.048522e+000 -2.316895e+001
    endloop
  endfacet
  facet normal  0.000000e+000  2.369852e-001 -9.715132e-001
    outer loop
      vertex  5.208709e+000  6.096364e+000 -2.344536e+001
      vertex  6.000000e+000  6.096364e+000 -2.344536e+001
      vertex  5.208709e+000  5.384277e+000 -2.361906e+001
    endloop
  endfacet
  facet normal  0.000000e+000  2.369852e-001 -9.715132e-001
    outer loop
      vertex  5.208709e+000  5.384277e+000 -2.361906e+001
      vertex  6.000000e+000  6.096364e+000 -2.344536e+001
      vertex  6.000000e+000  5.384277e+000 -2.361906e+001
    endloop
  endfacet
  facet normal  0.000000e+000  2.369852e-001 -9.715132e-001
    outer loop
      vertex  0.000000e+000  6.096364e+000 -2.344536e+001
      vertex  7.912913e-001  6.096364e+000 -2.344536e+001
      vertex -1.776357e-015  5.384277e+000 -2.361906e+001
    endloop
  endfacet
  facet normal  0.000000e+000  2.369852e-001 -9.715132e-001
    outer loop
      vertex -1.776357e-015  5.384277e+000 -2.361906e+001
      vertex  7.912913e-001  6.096364e+000 -2.344536e+001
      vertex  7.912913e-001  5.384277e+000 -2.361906e+001
    endloop
  endfacet
  facet normal  0.000000e+000  9.868470e-001 -1.616565e-001
    outer loop
      vertex  4.222194e+000  6.187141e+000 -2.289120e+001
      vertex  6.000000e+000  6.187141e+000 -2.289120e+001
      vertex  5.208709e+000  6.096364e+000 -2.344536e+001
    endloop
  endfacet
  facet normal  0.000000e+000  9.868470e-001 -1.616565e-001
    outer loop
      vertex  5.208709e+000  6.096364e+000 -2.344536e+001
      vertex  6.000000e+000  6.187141e+000 -2.289120e+001
      vertex  6.000000e+000  6.096364e+000 -2.344536e+001
    endloop
  endfacet
  facet normal  0.000000e+000  9.868470e-001 -1.616565e-001
    outer loop
      vertex -1.776357e-015  6.187141e+000 -2.289120e+001
      vertex  1.777806e+000  6.187141e+000 -2.289120e+001
      vertex  0.000000e+000  6.096364e+000 -2.344536e+001
    endloop
  endfacet
  facet normal  0.000000e+000  9.868471e-001 -1.616565e-001
    outer loop
      vertex  0.000000e+000  6.096364e+000 -2.344536e+001
      vertex  1.777806e+000  6.187141e+000 -2.289120e+001
      vertex  7.912913e-001  6.096364e+000 -2.344536e+001
    endloop
  endfacet
  facet normal  0.000000e+000  9.977200e-001 -6.748870e-002
    outer loop
      vertex  0.000000e+000  6.259025e+000 -2.182850e+001
      vertex  6.000000e+000  6.259025e+000 -2.182850e+001
      vertex  6.000000e+000  6.187141e+000 -2.289120e+001
    endloop
  endfacet
  facet normal  0.000000e+000  9.977201e-001 -6.748870e-002
    outer loop
      vertex  0.000000e+000  6.259025e+000 -2.182850e+001
      vertex  6.000000e+000  6.187141e+000 -2.289120e+001
      vertex  4.222194e+000  6.187141e+000 -2.289120e+001
    endloop
  endfacet
  facet normal  0.000000e+000  9.977200e-001 -6.748870e-002
    outer loop
      vertex  0.000000e+000  6.259025e+000 -2.182850e+001
      vertex  4.222194e+000  6.187141e+000 -2.289120e+001
      vertex  1.777806e+000  6.187141e+000 -2.289120e+001
    endloop
  endfacet
  facet normal  0.000000e+000  9.977201e-001 -6.748871e-002
    outer loop
      vertex  0.000000e+000  6.259025e+000 -2.182850e+001
      vertex  1.777806e+000  6.187141e+000 -2.289120e+001
      vertex -1.776357e-015  6.187141e+000 -2.289120e+001
    endloop
  endfacet
  facet normal  0.000000e+000 -7.811489e-001 -6.243448e-001
    outer loop
      vertex  6.000000e+000  7.304847e+000 -2.150112e+001
      vertex  0.000000e+000  7.304847e+000 -2.150112e+001
      vertex -1.776357e-015  7.969854e+000 -2.233314e+001
    endloop
  endfacet
  facet normal  0.000000e+000 -7.811489e-001 -6.243448e-001
    outer loop
      vertex  6.000000e+000  7.304847e+000 -2.150112e+001
      vertex -1.776357e-015  7.969854e+000 -2.233314e+001
      vertex  1.777806e+000  7.969854e+000 -2.233314e+001
    endloop
  endfacet
  facet normal  0.000000e+000 -7.811489e-001 -6.243448e-001
    outer loop
      vertex  6.000000e+000  7.304847e+000 -2.150112e+001
      vertex  1.777806e+000  7.969854e+000 -2.233314e+001
      vertex  4.222194e+000  7.969854e+000 -2.233314e+001
    endloop
  endfacet
  facet normal  0.000000e+000 -7.811489e-001 -6.243448e-001
    outer loop
      vertex  6.000000e+000  7.304847e+000 -2.150112e+001
      vertex  4.222194e+000  7.969854e+000 -2.233314e+001
      vertex  6.000000e+000  7.969854e+000 -2.233314e+001
    endloop
  endfacet
  facet normal  -0.000000e+000 -7.185221e-001 -6.955041e-001
    outer loop
      vertex -1.776357e-015  8.360411e+000 -2.273663e+001
      vertex  7.912913e-001  8.360411e+000 -2.273663e+001
      vertex -1.776357e-015  7.969854e+000 -2.233314e+001
    endloop
  endfacet
  facet normal  0.000000e+000 -7.185221e-001 -6.955042e-001
    outer loop
      vertex -1.776357e-015  7.969854e+000 -2.233314e+001
      vertex  7.912913e-001  8.360411e+000 -2.273663e+001
      vertex  1.777806e+000  7.969854e+000 -2.233314e+001
    endloop
  endfacet
  facet normal  -0.000000e+000 -7.185221e-001 -6.955041e-001
    outer loop
      vertex  5.208709e+000  8.360411e+000 -2.273663e+001
      vertex  6.000000e+000  8.360411e+000 -2.273663e+001
      vertex  4.222194e+000  7.969854e+000 -2.233314e+001
    endloop
  endfacet
  facet normal  0.000000e+000 -7.185221e-001 -6.955041e-001
    outer loop
      vertex  4.222194e+000  7.969854e+000 -2.233314e+001
      vertex  6.000000e+000  8.360411e+000 -2.273663e+001
      vertex  6.000000e+000  7.969854e+000 -2.233314e+001
    endloop
  endfacet
  facet normal  0.000000e+000  3.592745e-001 -9.332318e-001
    outer loop
      vertex  5.208709e+000  9.044438e+000 -2.247329e+001
      vertex  6.000000e+000  9.044438e+000 -2.247329e+001
      vertex  5.208709e+000  8.360411e+000 -2.273663e+001
    endloop
  endfacet
  facet normal  0.000000e+000  3.592745e-001 -9.332318e-001
    outer loop
      vertex  5.208709e+000  8.360411e+000 -2.273663e+001
      vertex  6.000000e+000  9.044438e+000 -2.247329e+001
      vertex  6.000000e+000  8.360411e+000 -2.273663e+001
    endloop
  endfacet
  facet normal  0.000000e+000  3.592745e-001 -9.332318e-001
    outer loop
      vertex  0.000000e+000  9.044438e+000 -2.247329e+001
      vertex  7.912913e-001  9.044438e+000 -2.247329e+001
      vertex -1.776357e-015  8.360411e+000 -2.273663e+001
    endloop
  endfacet
  facet normal  0.000000e+000  3.592745e-001 -9.332318e-001
    outer loop
      vertex -1.776357e-015  8.360411e+000 -2.273663e+001
      vertex  7.912913e-001  9.044438e+000 -2.247329e+001
      vertex  7.912913e-001  8.360411e+000 -2.273663e+001
    endloop
  endfacet
  facet normal  0.000000e+000  9.994173e-001 -3.413430e-002
    outer loop
      vertex  4.222194e+000  9.063606e+000 -2.191207e+001
      vertex  6.000000e+000  9.063606e+000 -2.191207e+001
      vertex  5.208709e+000  9.044438e+000 -2.247329e+001
    endloop
  endfacet
  facet normal  0.000000e+000  9.994172e-001 -3.413430e-002
    outer loop
      vertex  5.208709e+000  9.044438e+000 -2.247329e+001
      vertex  6.000000e+000  9.063606e+000 -2.191207e+001
      vertex  6.000000e+000  9.044438e+000 -2.247329e+001
    endloop
  endfacet
  facet normal  0.000000e+000  9.994172e-001 -3.413430e-002
    outer loop
      vertex  0.000000e+000  9.063606e+000 -2.191207e+001
      vertex  1.777806e+000  9.063606e+000 -2.191207e+001
      vertex  0.000000e+000  9.044438e+000 -2.247329e+001
    endloop
  endfacet
  facet normal  0.000000e+000  9.994174e-001 -3.413431e-002
    outer loop
      vertex  0.000000e+000  9.044438e+000 -2.247329e+001
      vertex  1.777806e+000  9.063606e+000 -2.191207e+001
      vertex  7.912913e-001  9.044438e+000 -2.247329e+001
    endloop
  endfacet
  facet normal  0.000000e+000  9.981591e-001  6.065086e-002
    outer loop
      vertex -1.776357e-015  8.999005e+000 -2.084891e+001
      vertex  6.000000e+000  8.999005e+000 -2.084891e+001
      vertex  6.000000e+000  9.063606e+000 -2.191207e+001
    endloop
  endfacet
  facet normal  0.000000e+000  9.981590e-001  6.065085e-002
    outer loop
      vertex -1.776357e-015  8.999005e+000 -2.084891e+001
      vertex  6.000000e+000  9.063606e+000 -2.191207e+001
      vertex  4.222194e+000  9.063606e+000 -2.191207e+001
    endloop
  endfacet
  facet normal  0.000000e+000  9.981590e-001  6.065084e-002
    outer loop
      vertex -1.776357e-015  8.999005e+000 -2.084891e+001
      vertex  4.222194e+000  9.063606e+000 -2.191207e+001
      vertex  1.777806e+000  9.063606e+000 -2.191207e+001
    endloop
  endfacet
  facet normal  0.000000e+000  9.981591e-001  6.065085e-002
    outer loop
      vertex -1.776357e-015  8.999005e+000 -2.084891e+001
      vertex  1.777806e+000  9.063606e+000 -2.191207e+001
      vertex  0.000000e+000  9.063606e+000 -2.191207e+001
    endloop
  endfacet
  facet normal  0.000000e+000 -6.948965e-001 -7.191098e-001
    outer loop
      vertex  6.000000e+000  9.994376e+000 -2.039047e+001
      vertex -1.776357e-015  9.994376e+000 -2.039047e+001
      vertex -1.776357e-015  1.076032e+001 -2.113063e+001
    endloop
  endfacet
  facet normal  0.000000e+000 -6.948965e-001 -7.191098e-001
    outer loop
      vertex  6.000000e+000  9.994376e+000 -2.039047e+001
      vertex -1.776357e-015  1.076032e+001 -2.113063e+001
      vertex  1.777806e+000  1.076032e+001 -2.113063e+001
    endloop
  endfacet
  facet normal  0.000000e+000 -6.948965e-001 -7.191098e-001
    outer loop
      vertex  6.000000e+000  9.994376e+000 -2.039047e+001
      vertex  1.777806e+000  1.076032e+001 -2.113063e+001
      vertex  4.222194e+000  1.076032e+001 -2.113063e+001
    endloop
  endfacet
  facet normal  0.000000e+000 -6.948965e-001 -7.191098e-001
    outer loop
      vertex  6.000000e+000  9.994376e+000 -2.039047e+001
      vertex  4.222194e+000  1.076032e+001 -2.113063e+001
      vertex  6.000000e+000  1.076032e+001 -2.113063e+001
    endloop
  endfacet
  facet normal  -0.000000e+000 -6.236826e-001 -7.816777e-001
    outer loop
      vertex -1.776357e-015  1.119927e+001 -2.148085e+001
      vertex  7.912913e-001  1.119927e+001 -2.148085e+001
      vertex -1.776357e-015  1.076032e+001 -2.113063e+001
    endloop
  endfacet
  facet normal  0.000000e+000 -6.236826e-001 -7.816777e-001
    outer loop
      vertex -1.776357e-015  1.076032e+001 -2.113063e+001
      vertex  7.912913e-001  1.119927e+001 -2.148085e+001
      vertex  1.777806e+000  1.076032e+001 -2.113063e+001
    endloop
  endfacet
  facet normal  -0.000000e+000 -6.236826e-001 -7.816777e-001
    outer loop
      vertex  5.208709e+000  1.119927e+001 -2.148085e+001
      vertex  6.000000e+000  1.119927e+001 -2.148085e+001
      vertex  4.222194e+000  1.076032e+001 -2.113063e+001
    endloop
  endfacet
  facet normal  0.000000e+000 -6.236826e-001 -7.816777e-001
    outer loop
      vertex  4.222194e+000  1.076032e+001 -2.113063e+001
      vertex  6.000000e+000  1.119927e+001 -2.148085e+001
      vertex  6.000000e+000  1.076032e+001 -2.113063e+001
    endloop
  endfacet
  facet normal  0.000000e+000  4.756624e-001 -8.796280e-001
    outer loop
      vertex  5.208709e+000  1.184400e+001 -2.113221e+001
      vertex  6.000000e+000  1.184400e+001 -2.113221e+001
      vertex  5.208709e+000  1.119927e+001 -2.148085e+001
    endloop
  endfacet
  facet normal  0.000000e+000  4.756624e-001 -8.796280e-001
    outer loop
      vertex  5.208709e+000  1.119927e+001 -2.148085e+001
      vertex  6.000000e+000  1.184400e+001 -2.113221e+001
      vertex  6.000000e+000  1.119927e+001 -2.148085e+001
    endloop
  endfacet
  facet normal  0.000000e+000  4.756624e-001 -8.796279e-001
    outer loop
      vertex  0.000000e+000  1.184400e+001 -2.113221e+001
      vertex  7.912913e-001  1.184400e+001 -2.113221e+001
      vertex -1.776357e-015  1.119927e+001 -2.148085e+001
    endloop
  endfacet
  facet normal  0.000000e+000  4.756624e-001 -8.796279e-001
    outer loop
      vertex -1.776357e-015  1.119927e+001 -2.148085e+001
      vertex  7.912913e-001  1.184400e+001 -2.113221e+001
      vertex  7.912913e-001  1.119927e+001 -2.148085e+001
    endloop
  endfacet
  facet normal  0.000000e+000  9.955771e-001  9.394854e-002
    outer loop
      vertex  4.222194e+000  1.179125e+001 -2.057315e+001
      vertex  6.000000e+000  1.179125e+001 -2.057315e+001
      vertex  5.208709e+000  1.184400e+001 -2.113221e+001
    endloop
  endfacet
  facet normal  -0.000000e+000  9.955770e-001  9.394854e-002
    outer loop
      vertex  5.208709e+000  1.184400e+001 -2.113221e+001
      vertex  6.000000e+000  1.179125e+001 -2.057315e+001
      vertex  6.000000e+000  1.184400e+001 -2.113221e+001
    endloop
  endfacet
  facet normal  0.000000e+000  9.955770e-001  9.394854e-002
    outer loop
      vertex  0.000000e+000  1.179125e+001 -2.057315e+001
      vertex  1.777806e+000  1.179125e+001 -2.057315e+001
      vertex  0.000000e+000  1.184400e+001 -2.113221e+001
    endloop
  endfacet
  facet normal  -0.000000e+000  9.955771e-001  9.394854e-002
    outer loop
      vertex  0.000000e+000  1.184400e+001 -2.113221e+001
      vertex  1.777806e+000  1.179125e+001 -2.057315e+001
      vertex  7.912913e-001  1.184400e+001 -2.113221e+001
    endloop
  endfacet
  facet normal  0.000000e+000  9.822083e-001  1.877946e-001
    outer loop
      vertex  0.000000e+000  1.159122e+001 -1.952697e+001
      vertex  6.000000e+000  1.159122e+001 -1.952697e+001
      vertex  6.000000e+000  1.179125e+001 -2.057315e+001
    endloop
  endfacet
  facet normal  0.000000e+000  9.822084e-001  1.877946e-001
    outer loop
      vertex  0.000000e+000  1.159122e+001 -1.952697e+001
      vertex  6.000000e+000  1.179125e+001 -2.057315e+001
      vertex  4.222194e+000  1.179125e+001 -2.057315e+001
    endloop
  endfacet
  facet normal  0.000000e+000  9.822084e-001  1.877946e-001
    outer loop
      vertex  0.000000e+000  1.159122e+001 -1.952697e+001
      vertex  4.222194e+000  1.179125e+001 -2.057315e+001
      vertex  1.777806e+000  1.179125e+001 -2.057315e+001
    endloop
  endfacet
  facet normal  0.000000e+000  9.822083e-001  1.877946e-001
    outer loop
      vertex  0.000000e+000  1.159122e+001 -1.952697e+001
      vertex  1.777806e+000  1.179125e+001 -2.057315e+001
      vertex  0.000000e+000  1.179125e+001 -2.057315e+001
    endloop
  endfacet
  facet normal  0.000000e+000 -5.972338e-001 -8.020672e-001
    outer loop
      vertex  6.000000e+000  1.251980e+001 -1.894501e+001
      vertex  0.000000e+000  1.251980e+001 -1.894501e+001
      vertex  0.000000e+000  1.337410e+001 -1.958115e+001
    endloop
  endfacet
  facet normal  0.000000e+000 -5.972339e-001 -8.020672e-001
    outer loop
      vertex  6.000000e+000  1.251980e+001 -1.894501e+001
      vertex  0.000000e+000  1.337410e+001 -1.958115e+001
      vertex  1.777806e+000  1.337410e+001 -1.958115e+001
    endloop
  endfacet
  facet normal  0.000000e+000 -5.972338e-001 -8.020672e-001
    outer loop
      vertex  6.000000e+000  1.251980e+001 -1.894501e+001
      vertex  1.777806e+000  1.337410e+001 -1.958115e+001
      vertex  4.222194e+000  1.337410e+001 -1.958115e+001
    endloop
  endfacet
  facet normal  0.000000e+000 -5.972338e-001 -8.020672e-001
    outer loop
      vertex  6.000000e+000  1.251980e+001 -1.894501e+001
      vertex  4.222194e+000  1.337410e+001 -1.958115e+001
      vertex  6.000000e+000  1.337410e+001 -1.958115e+001
    endloop
  endfacet
  facet normal  -0.000000e+000 -5.186024e-001 -8.550154e-001
    outer loop
      vertex  0.000000e+000  1.385423e+001 -1.987236e+001
      vertex  7.912913e-001  1.385423e+001 -1.987236e+001
      vertex  0.000000e+000  1.337410e+001 -1.958115e+001
    endloop
  endfacet
  facet normal  0.000000e+000 -5.186025e-001 -8.550155e-001
    outer loop
      vertex  0.000000e+000  1.337410e+001 -1.958115e+001
      vertex  7.912913e-001  1.385423e+001 -1.987236e+001
      vertex  1.777806e+000  1.337410e+001 -1.958115e+001
    endloop
  endfacet
  facet normal  -0.000000e+000 -5.186025e-001 -8.550155e-001
    outer loop
      vertex  5.208709e+000  1.385423e+001 -1.987236e+001
      vertex  6.000000e+000  1.385423e+001 -1.987236e+001
      vertex  4.222194e+000  1.337410e+001 -1.958115e+001
    endloop
  endfacet
  facet normal  0.000000e+000 -5.186025e-001 -8.550155e-001
    outer loop
      vertex  4.222194e+000  1.337410e+001 -1.958115e+001
      vertex  6.000000e+000  1.385423e+001 -1.987236e+001
      vertex  6.000000e+000  1.337410e+001 -1.958115e+001
    endloop
  endfacet
  facet normal  0.000000e+000  5.842428e-001 -8.115789e-001
    outer loop
      vertex  5.208709e+000  1.444909e+001 -1.944413e+001
      vertex  6.000000e+000  1.444909e+001 -1.944413e+001
      vertex  5.208709e+000  1.385423e+001 -1.987236e+001
    endloop
  endfacet
  facet normal  0.000000e+000  5.842428e-001 -8.115789e-001
    outer loop
      vertex  5.208709e+000  1.385423e+001 -1.987236e+001
      vertex  6.000000e+000  1.444909e+001 -1.944413e+001
      vertex  6.000000e+000  1.385423e+001 -1.987236e+001
    endloop
  endfacet
  facet normal  0.000000e+000  5.842428e-001 -8.115789e-001
    outer loop
      vertex  0.000000e+000  1.444909e+001 -1.944413e+001
      vertex  7.912913e-001  1.444909e+001 -1.944413e+001
      vertex  0.000000e+000  1.385423e+001 -1.987236e+001
    endloop
  endfacet
  facet normal  0.000000e+000  5.842428e-001 -8.115789e-001
    outer loop
      vertex  0.000000e+000  1.385423e+001 -1.987236e+001
      vertex  7.912913e-001  1.444909e+001 -1.944413e+001
      vertex  7.912913e-001  1.385423e+001 -1.987236e+001
    endloop
  endfacet
  facet normal  0.000000e+000  9.753897e-001  2.204880e-001
    outer loop
      vertex  4.222194e+000  1.432528e+001 -1.889641e+001
      vertex  6.000000e+000  1.432528e+001 -1.889641e+001
      vertex  5.208709e+000  1.444909e+001 -1.944413e+001
    endloop
  endfacet
  facet normal  -0.000000e+000  9.753897e-001  2.204880e-001
    outer loop
      vertex  5.208709e+000  1.444909e+001 -1.944413e+001
      vertex  6.000000e+000  1.432528e+001 -1.889641e+001
      vertex  6.000000e+000  1.444909e+001 -1.944413e+001
    endloop
  endfacet
  facet normal  0.000000e+000  9.753897e-001  2.204880e-001
    outer loop
      vertex  0.000000e+000  1.432528e+001 -1.889641e+001
      vertex  1.777806e+000  1.432528e+001 -1.889641e+001
      vertex  0.000000e+000  1.444909e+001 -1.944413e+001
    endloop
  endfacet
  facet normal  -0.000000e+000  9.753897e-001  2.204880e-001
    outer loop
      vertex  0.000000e+000  1.444909e+001 -1.944413e+001
      vertex  1.777806e+000  1.432528e+001 -1.889641e+001
      vertex  7.912913e-001  1.444909e+001 -1.944413e+001
    endloop
  endfacet
  facet normal  0.000000e+000  9.501298e-001  3.118550e-001
    outer loop
      vertex  0.000000e+000  1.399311e+001 -1.788440e+001
      vertex  6.000000e+000  1.399311e+001 -1.788440e+001
      vertex  6.000000e+000  1.432528e+001 -1.889641e+001
    endloop
  endfacet
  facet normal  0.000000e+000  9.501297e-001  3.118550e-001
    outer loop
      vertex  0.000000e+000  1.399311e+001 -1.788440e+001
      vertex  6.000000e+000  1.432528e+001 -1.889641e+001
      vertex  4.222194e+000  1.432528e+001 -1.889641e+001
    endloop
  endfacet
  facet normal  0.000000e+000  9.501297e-001  3.118550e-001
    outer loop
      vertex  0.000000e+000  1.399311e+001 -1.788440e+001
      vertex  4.222194e+000  1.432528e+001 -1.889641e+001
      vertex  1.777806e+000  1.432528e+001 -1.889641e+001
    endloop
  endfacet
  facet normal  0.000000e+000  9.501297e-001  3.118549e-001
    outer loop
      vertex  0.000000e+000  1.399311e+001 -1.788440e+001
      vertex  1.777806e+000  1.432528e+001 -1.889641e+001
      vertex  0.000000e+000  1.432528e+001 -1.889641e+001
    endloop
  endfacet
  facet normal  0.000000e+000 -4.897642e-001 -8.718550e-001
    outer loop
      vertex  6.000000e+000  1.483965e+001 -1.718848e+001
      vertex  0.000000e+000  1.483965e+001 -1.718848e+001
      vertex  0.000000e+000  1.576828e+001 -1.771014e+001
    endloop
  endfacet
  facet normal  0.000000e+000 -4.897642e-001 -8.718550e-001
    outer loop
      vertex  6.000000e+000  1.483965e+001 -1.718848e+001
      vertex  0.000000e+000  1.576828e+001 -1.771014e+001
      vertex  1.777806e+000  1.576828e+001 -1.771014e+001
    endloop
  endfacet
  facet normal  0.000000e+000 -4.897642e-001 -8.718548e-001
    outer loop
      vertex  6.000000e+000  1.483965e+001 -1.718848e+001
      vertex  1.777806e+000  1.576828e+001 -1.771014e+001
      vertex  4.222194e+000  1.576828e+001 -1.771014e+001
    endloop
  endfacet
  facet normal  0.000000e+000 -4.897642e-001 -8.718550e-001
    outer loop
      vertex  6.000000e+000  1.483965e+001 -1.718848e+001
      vertex  4.222194e+000  1.576828e+001 -1.771014e+001
      vertex  6.000000e+000  1.576828e+001 -1.771014e+001
    endloop
  endfacet
  facet normal  -0.000000e+000 -4.050089e-001 -9.143127e-001
    outer loop
      vertex  0.000000e+000  1.628171e+001 -1.793757e+001
      vertex  7.912913e-001  1.628171e+001 -1.793757e+001
      vertex  0.000000e+000  1.576828e+001 -1.771014e+001
    endloop
  endfacet
  facet normal  0.000000e+000 -4.050089e-001 -9.143127e-001
    outer loop
      vertex  0.000000e+000  1.576828e+001 -1.771014e+001
      vertex  7.912913e-001  1.628171e+001 -1.793757e+001
      vertex  1.777806e+000  1.576828e+001 -1.771014e+001
    endloop
  endfacet
  facet normal  -0.000000e+000 -4.050090e-001 -9.143127e-001
    outer loop
      vertex  5.208709e+000  1.628171e+001 -1.793757e+001
      vertex  6.000000e+000  1.628171e+001 -1.793757e+001
      vertex  4.222194e+000  1.576828e+001 -1.771014e+001
    endloop
  endfacet
  facet normal  0.000000e+000 -4.050089e-001 -9.143127e-001
    outer loop
      vertex  4.222194e+000  1.576828e+001 -1.771014e+001
      vertex  6.000000e+000  1.628171e+001 -1.793757e+001
      vertex  6.000000e+000  1.576828e+001 -1.771014e+001
    endloop
  endfacet
  facet normal  0.000000e+000  6.832275e-001 -7.302057e-001
    outer loop
      vertex  5.208709e+000  1.681693e+001 -1.743679e+001
      vertex  6.000000e+000  1.681693e+001 -1.743679e+001
      vertex  5.208709e+000  1.628171e+001 -1.793757e+001
    endloop
  endfacet
  facet normal  0.000000e+000  6.832275e-001 -7.302057e-001
    outer loop
      vertex  5.208709e+000  1.628171e+001 -1.793757e+001
      vertex  6.000000e+000  1.681693e+001 -1.743679e+001
      vertex  6.000000e+000  1.628171e+001 -1.793757e+001
    endloop
  endfacet
  facet normal  0.000000e+000  6.832275e-001 -7.302057e-001
    outer loop
      vertex  0.000000e+000  1.681693e+001 -1.743679e+001
      vertex  7.912913e-001  1.681693e+001 -1.743679e+001
      vertex  0.000000e+000  1.628171e+001 -1.793757e+001
    endloop
  endfacet
  facet normal  0.000000e+000  6.832275e-001 -7.302057e-001
    outer loop
      vertex  0.000000e+000  1.628171e+001 -1.793757e+001
      vertex  7.912913e-001  1.681693e+001 -1.743679e+001
      vertex  7.912913e-001  1.628171e+001 -1.793757e+001
    endloop
  endfacet
  facet normal  0.000000e+000  9.391866e-001  3.434075e-001
    outer loop
      vertex  4.222194e+000  1.662409e+001 -1.690940e+001
      vertex  6.000000e+000  1.662409e+001 -1.690940e+001
      vertex  5.208709e+000  1.681693e+001 -1.743679e+001
    endloop
  endfacet
  facet normal  -0.000000e+000  9.391865e-001  3.434075e-001
    outer loop
      vertex  5.208709e+000  1.681693e+001 -1.743679e+001
      vertex  6.000000e+000  1.662409e+001 -1.690940e+001
      vertex  6.000000e+000  1.681693e+001 -1.743679e+001
    endloop
  endfacet
  facet normal  0.000000e+000  9.391865e-001  3.434075e-001
    outer loop
      vertex  0.000000e+000  1.662409e+001 -1.690940e+001
      vertex  1.777806e+000  1.662409e+001 -1.690940e+001
      vertex  0.000000e+000  1.681693e+001 -1.743679e+001
    endloop
  endfacet
  facet normal  -0.000000e+000  9.391865e-001  3.434075e-001
    outer loop
      vertex  0.000000e+000  1.681693e+001 -1.743679e+001
      vertex  1.777806e+000  1.662409e+001 -1.690940e+001
      vertex  7.912913e-001  1.681693e+001 -1.743679e+001
    endloop
  endfacet
  facet normal  0.000000e+000  9.024504e-001  4.307940e-001
    outer loop
      vertex -1.776357e-015  1.616524e+001 -1.594817e+001
      vertex  6.000000e+000  1.616524e+001 -1.594817e+001
      vertex  6.000000e+000  1.662409e+001 -1.690940e+001
    endloop
  endfacet
  facet normal  0.000000e+000  9.024503e-001  4.307939e-001
    outer loop
      vertex -1.776357e-015  1.616524e+001 -1.594817e+001
      vertex  6.000000e+000  1.662409e+001 -1.690940e+001
      vertex  4.222194e+000  1.662409e+001 -1.690940e+001
    endloop
  endfacet
  facet normal  0.000000e+000  9.024503e-001  4.307939e-001
    outer loop
      vertex -1.776357e-015  1.616524e+001 -1.594817e+001
      vertex  4.222194e+000  1.662409e+001 -1.690940e+001
      vertex  1.777806e+000  1.662409e+001 -1.690940e+001
    endloop
  endfacet
  facet normal  0.000000e+000  9.024503e-001  4.307939e-001
    outer loop
      vertex -1.776357e-015  1.616524e+001 -1.594817e+001
      vertex  1.777806e+000  1.662409e+001 -1.690940e+001
      vertex  0.000000e+000  1.662409e+001 -1.690940e+001
    endloop
  endfacet
  facet normal  0.000000e+000 -3.742527e-001 -9.273267e-001
    outer loop
      vertex  6.000000e+000  1.691583e+001 -1.514971e+001
      vertex -1.776357e-015  1.691583e+001 -1.514971e+001
      vertex -1.776357e-015  1.790355e+001 -1.554834e+001
    endloop
  endfacet
  facet normal  0.000000e+000 -3.742526e-001 -9.273267e-001
    outer loop
      vertex  6.000000e+000  1.691583e+001 -1.514971e+001
      vertex -1.776357e-015  1.790355e+001 -1.554834e+001
      vertex  1.777806e+000  1.790355e+001 -1.554834e+001
    endloop
  endfacet
  facet normal  0.000000e+000 -3.742527e-001 -9.273268e-001
    outer loop
      vertex  6.000000e+000  1.691583e+001 -1.514971e+001
      vertex  1.777806e+000  1.790355e+001 -1.554834e+001
      vertex  4.222194e+000  1.790355e+001 -1.554834e+001
    endloop
  endfacet
  facet normal  0.000000e+000 -3.742527e-001 -9.273267e-001
    outer loop
      vertex  6.000000e+000  1.691583e+001 -1.514971e+001
      vertex  4.222194e+000  1.790355e+001 -1.554834e+001
      vertex  6.000000e+000  1.790355e+001 -1.554834e+001
    endloop
  endfacet
  facet normal  -0.000000e+000 -2.847658e-001 -9.585971e-001
    outer loop
      vertex -1.776357e-015  1.844184e+001 -1.570825e+001
      vertex  7.912913e-001  1.844184e+001 -1.570825e+001
      vertex -1.776357e-015  1.790355e+001 -1.554834e+001
    endloop
  endfacet
  facet normal  0.000000e+000 -2.847657e-001 -9.585971e-001
    outer loop
      vertex -1.776357e-015  1.790355e+001 -1.554834e+001
      vertex  7.912913e-001  1.844184e+001 -1.570825e+001
      vertex  1.777806e+000  1.790355e+001 -1.554834e+001
    endloop
  endfacet
  facet normal  -0.000000e+000 -2.847657e-001 -9.585972e-001
    outer loop
      vertex  5.208709e+000  1.844184e+001 -1.570825e+001
      vertex  6.000000e+000  1.844184e+001 -1.570825e+001
      vertex  4.222194e+000  1.790355e+001 -1.554834e+001
    endloop
  endfacet
  facet normal  0.000000e+000 -2.847658e-001 -9.585972e-001
    outer loop
      vertex  4.222194e+000  1.790355e+001 -1.554834e+001
      vertex  6.000000e+000  1.844184e+001 -1.570825e+001
      vertex  6.000000e+000  1.790355e+001 -1.554834e+001
    endloop
  endfacet
  facet normal  0.000000e+000  7.709951e-001 -6.368410e-001
    outer loop
      vertex  5.208709e+000  1.890863e+001 -1.514313e+001
      vertex  6.000000e+000  1.890863e+001 -1.514313e+001
      vertex  5.208709e+000  1.844184e+001 -1.570825e+001
    endloop
  endfacet
  facet normal  0.000000e+000  7.709951e-001 -6.368410e-001
    outer loop
      vertex  5.208709e+000  1.844184e+001 -1.570825e+001
      vertex  6.000000e+000  1.890863e+001 -1.514313e+001
      vertex  6.000000e+000  1.844184e+001 -1.570825e+001
    endloop
  endfacet
  facet normal  0.000000e+000  7.709951e-001 -6.368411e-001
    outer loop
      vertex  0.000000e+000  1.890863e+001 -1.514313e+001
      vertex  7.912913e-001  1.890863e+001 -1.514313e+001
      vertex -1.776357e-015  1.844184e+001 -1.570825e+001
    endloop
  endfacet
  facet normal  0.000000e+000  7.709951e-001 -6.368411e-001
    outer loop
      vertex -1.776357e-015  1.844184e+001 -1.570825e+001
      vertex  7.912913e-001  1.890863e+001 -1.514313e+001
      vertex  7.912913e-001  1.844184e+001 -1.570825e+001
    endloop
  endfacet
  facet normal  0.000000e+000  8.875616e-001  4.606891e-001
    outer loop
      vertex  4.222194e+000  1.864993e+001 -1.464473e+001
      vertex  6.000000e+000  1.864993e+001 -1.464473e+001
      vertex  5.208709e+000  1.890863e+001 -1.514313e+001
    endloop
  endfacet
  facet normal  -0.000000e+000  8.875616e-001  4.606891e-001
    outer loop
      vertex  5.208709e+000  1.890863e+001 -1.514313e+001
      vertex  6.000000e+000  1.864993e+001 -1.464473e+001
      vertex  6.000000e+000  1.890863e+001 -1.514313e+001
    endloop
  endfacet
  facet normal  0.000000e+000  8.875615e-001  4.606891e-001
    outer loop
      vertex  0.000000e+000  1.864993e+001 -1.464473e+001
      vertex  1.777806e+000  1.864993e+001 -1.464473e+001
      vertex  0.000000e+000  1.890863e+001 -1.514313e+001
    endloop
  endfacet
  facet normal  -0.000000e+000  8.875616e-001  4.606891e-001
    outer loop
      vertex  0.000000e+000  1.890863e+001 -1.514313e+001
      vertex  1.777806e+000  1.864993e+001 -1.464473e+001
      vertex  7.912913e-001  1.890863e+001 -1.514313e+001
    endloop
  endfacet
  facet normal  0.000000e+000  8.399522e-001  5.426602e-001
    outer loop
      vertex -1.776357e-015  1.807193e+001 -1.375007e+001
      vertex  6.000000e+000  1.807193e+001 -1.375007e+001
      vertex  6.000000e+000  1.864993e+001 -1.464473e+001
    endloop
  endfacet
  facet normal  0.000000e+000  8.399522e-001  5.426602e-001
    outer loop
      vertex -1.776357e-015  1.807193e+001 -1.375007e+001
      vertex  6.000000e+000  1.864993e+001 -1.464473e+001
      vertex  4.222194e+000  1.864993e+001 -1.464473e+001
    endloop
  endfacet
  facet normal  0.000000e+000  8.399522e-001  5.426602e-001
    outer loop
      vertex -1.776357e-015  1.807193e+001 -1.375007e+001
      vertex  4.222194e+000  1.864993e+001 -1.464473e+001
      vertex  1.777806e+000  1.864993e+001 -1.464473e+001
    endloop
  endfacet
  facet normal  0.000000e+000  8.399522e-001  5.426602e-001
    outer loop
      vertex -1.776357e-015  1.807193e+001 -1.375007e+001
      vertex  1.777806e+000  1.864993e+001 -1.464473e+001
      vertex  0.000000e+000  1.864993e+001 -1.464473e+001
    endloop
  endfacet
  facet normal  0.000000e+000 -2.525965e-001 -9.675718e-001
    outer loop
      vertex  6.000000e+000  1.871425e+001 -1.286218e+001
      vertex -1.776357e-015  1.871425e+001 -1.286218e+001
      vertex  0.000000e+000  1.974484e+001 -1.313123e+001
    endloop
  endfacet
  facet normal  0.000000e+000 -2.525965e-001 -9.675716e-001
    outer loop
      vertex  6.000000e+000  1.871425e+001 -1.286218e+001
      vertex  0.000000e+000  1.974484e+001 -1.313123e+001
      vertex  1.777806e+000  1.974484e+001 -1.313123e+001
    endloop
  endfacet
  facet normal  0.000000e+000 -2.525965e-001 -9.675716e-001
    outer loop
      vertex  6.000000e+000  1.871425e+001 -1.286218e+001
      vertex  1.777806e+000  1.974484e+001 -1.313123e+001
      vertex  4.222194e+000  1.974484e+001 -1.313123e+001
    endloop
  endfacet
  facet normal  0.000000e+000 -2.525965e-001 -9.675717e-001
    outer loop
      vertex  6.000000e+000  1.871425e+001 -1.286218e+001
      vertex  4.222194e+000  1.974484e+001 -1.313123e+001
      vertex  6.000000e+000  1.974484e+001 -1.313123e+001
    endloop
  endfacet
  facet normal  -0.000000e+000 -1.598448e-001 -9.871421e-001
    outer loop
      vertex  0.000000e+000  2.029916e+001 -1.322099e+001
      vertex  7.912913e-001  2.029916e+001 -1.322099e+001
      vertex  0.000000e+000  1.974484e+001 -1.313123e+001
    endloop
  endfacet
  facet normal  0.000000e+000 -1.598448e-001 -9.871421e-001
    outer loop
      vertex  0.000000e+000  1.974484e+001 -1.313123e+001
      vertex  7.912913e-001  2.029916e+001 -1.322099e+001
      vertex  1.777806e+000  1.974484e+001 -1.313123e+001
    endloop
  endfacet
  facet normal  -0.000000e+000 -1.598448e-001 -9.871421e-001
    outer loop
      vertex  5.208709e+000  2.029916e+001 -1.322099e+001
      vertex  6.000000e+000  2.029916e+001 -1.322099e+001
      vertex  4.222194e+000  1.974484e+001 -1.313123e+001
    endloop
  endfacet
  facet normal  0.000000e+000 -1.598448e-001 -9.871421e-001
    outer loop
      vertex  4.222194e+000  1.974484e+001 -1.313123e+001
      vertex  6.000000e+000  2.029916e+001 -1.322099e+001
      vertex  6.000000e+000  1.974484e+001 -1.313123e+001
    endloop
  endfacet
  facet normal  0.000000e+000  8.461029e-001 -5.330197e-001
    outer loop
      vertex  5.208709e+000  2.068985e+001 -1.260083e+001
      vertex  6.000000e+000  2.068985e+001 -1.260083e+001
      vertex  5.208709e+000  2.029916e+001 -1.322099e+001
    endloop
  endfacet
  facet normal  0.000000e+000  8.461029e-001 -5.330197e-001
    outer loop
      vertex  5.208709e+000  2.029916e+001 -1.322099e+001
      vertex  6.000000e+000  2.068985e+001 -1.260083e+001
      vertex  6.000000e+000  2.029916e+001 -1.322099e+001
    endloop
  endfacet
  facet normal  0.000000e+000  8.461028e-001 -5.330197e-001
    outer loop
      vertex  0.000000e+000  2.068985e+001 -1.260083e+001
      vertex  7.912913e-001  2.068985e+001 -1.260083e+001
      vertex  0.000000e+000  2.029916e+001 -1.322099e+001
    endloop
  endfacet
  facet normal  0.000000e+000  8.461028e-001 -5.330197e-001
    outer loop
      vertex  0.000000e+000  2.029916e+001 -1.322099e+001
      vertex  7.912913e-001  2.068985e+001 -1.260083e+001
      vertex  7.912913e-001  2.029916e+001 -1.322099e+001
    endloop
  endfacet
  facet normal  0.000000e+000  8.213623e-001  5.704069e-001
    outer loop
      vertex  4.222194e+000  2.036954e+001 -1.213960e+001
      vertex  6.000000e+000  2.036954e+001 -1.213960e+001
      vertex  5.208709e+000  2.068985e+001 -1.260083e+001
    endloop
  endfacet
  facet normal  -0.000000e+000  8.213623e-001  5.704069e-001
    outer loop
      vertex  5.208709e+000  2.068985e+001 -1.260083e+001
      vertex  6.000000e+000  2.036954e+001 -1.213960e+001
      vertex  6.000000e+000  2.068985e+001 -1.260083e+001
    endloop
  endfacet
  facet normal  0.000000e+000  8.213623e-001  5.704069e-001
    outer loop
      vertex  0.000000e+000  2.036954e+001 -1.213960e+001
      vertex  1.777806e+000  2.036954e+001 -1.213960e+001
      vertex  0.000000e+000  2.068985e+001 -1.260083e+001
    endloop
  endfacet
  facet normal  -0.000000e+000  8.213623e-001  5.704069e-001
    outer loop
      vertex  0.000000e+000  2.068985e+001 -1.260083e+001
      vertex  1.777806e+000  2.036954e+001 -1.213960e+001
      vertex  7.912913e-001  2.068985e+001 -1.260083e+001
    endloop
  endfacet
  facet normal  0.000000e+000  7.636622e-001  6.456160e-001
    outer loop
      vertex  0.000000e+000  1.968188e+001 -1.132620e+001
      vertex  6.000000e+000  1.968188e+001 -1.132620e+001
      vertex  6.000000e+000  2.036954e+001 -1.213960e+001
    endloop
  endfacet
  facet normal  0.000000e+000  7.636622e-001  6.456161e-001
    outer loop
      vertex  0.000000e+000  1.968188e+001 -1.132620e+001
      vertex  6.000000e+000  2.036954e+001 -1.213960e+001
      vertex  4.222194e+000  2.036954e+001 -1.213960e+001
    endloop
  endfacet
  facet normal  0.000000e+000  7.636622e-001  6.456161e-001
    outer loop
      vertex  0.000000e+000  1.968188e+001 -1.132620e+001
      vertex  4.222194e+000  2.036954e+001 -1.213960e+001
      vertex  1.777806e+000  2.036954e+001 -1.213960e+001
    endloop
  endfacet
  facet normal  0.000000e+000  7.636622e-001  6.456160e-001
    outer loop
      vertex  0.000000e+000  1.968188e+001 -1.132620e+001
      vertex  1.777806e+000  2.036954e+001 -1.213960e+001
      vertex  0.000000e+000  2.036954e+001 -1.213960e+001
    endloop
  endfacet
  facet normal  0.000000e+000 -1.267930e-001 -9.919292e-001
    outer loop
      vertex  6.000000e+000  2.020539e+001 -1.036346e+001
      vertex  0.000000e+000  2.020539e+001 -1.036346e+001
      vertex -1.776357e-015  2.126192e+001 -1.049851e+001
    endloop
  endfacet
  facet normal  0.000000e+000 -1.267930e-001 -9.919292e-001
    outer loop
      vertex  6.000000e+000  2.020539e+001 -1.036346e+001
      vertex -1.776357e-015  2.126192e+001 -1.049851e+001
      vertex  1.777806e+000  2.126192e+001 -1.049851e+001
    endloop
  endfacet
  facet normal  0.000000e+000 -1.267930e-001 -9.919292e-001
    outer loop
      vertex  6.000000e+000  2.020539e+001 -1.036346e+001
      vertex  1.777806e+000  2.126192e+001 -1.049851e+001
      vertex  4.222194e+000  2.126192e+001 -1.049851e+001
    endloop
  endfacet
  facet normal  0.000000e+000 -1.267930e-001 -9.919293e-001
    outer loop
      vertex  6.000000e+000  2.020539e+001 -1.036346e+001
      vertex  4.222194e+000  2.126192e+001 -1.049851e+001
      vertex  6.000000e+000  2.126192e+001 -1.049851e+001
    endloop
  endfacet
  facet normal  -0.000000e+000 -3.229832e-002 -9.994783e-001
    outer loop
      vertex -1.776357e-015  2.182317e+001 -1.051665e+001
      vertex  7.912913e-001  2.182317e+001 -1.051665e+001
      vertex -1.776357e-015  2.126192e+001 -1.049851e+001
    endloop
  endfacet
  facet normal  0.000000e+000 -3.229832e-002 -9.994783e-001
    outer loop
      vertex -1.776357e-015  2.126192e+001 -1.049851e+001
      vertex  7.912913e-001  2.182317e+001 -1.051665e+001
      vertex  1.777806e+000  2.126192e+001 -1.049851e+001
    endloop
  endfacet
  facet normal  -0.000000e+000 -3.229832e-002 -9.994783e-001
    outer loop
      vertex  5.208709e+000  2.182317e+001 -1.051665e+001
      vertex  6.000000e+000  2.182317e+001 -1.051665e+001
      vertex  4.222194e+000  2.126192e+001 -1.049851e+001
    endloop
  endfacet
  facet normal  0.000000e+000 -3.229832e-002 -9.994783e-001
    outer loop
      vertex  4.222194e+000  2.126192e+001 -1.049851e+001
      vertex  6.000000e+000  2.182317e+001 -1.051665e+001
      vertex  6.000000e+000  2.126192e+001 -1.049851e+001
    endloop
  endfacet
  facet normal  0.000000e+000  9.073178e-001 -4.204454e-001
    outer loop
      vertex  5.208709e+000  2.213134e+001 -9.851615e+000
      vertex  6.000000e+000  2.213134e+001 -9.851615e+000
      vertex  5.208709e+000  2.182317e+001 -1.051665e+001
    endloop
  endfacet
  facet normal  0.000000e+000  9.073178e-001 -4.204454e-001
    outer loop
      vertex  5.208709e+000  2.182317e+001 -1.051665e+001
      vertex  6.000000e+000  2.213134e+001 -9.851615e+000
      vertex  6.000000e+000  2.182317e+001 -1.051665e+001
    endloop
  endfacet
  facet normal  0.000000e+000  9.073179e-001 -4.204454e-001
    outer loop
      vertex  0.000000e+000  2.213134e+001 -9.851615e+000
      vertex  7.912913e-001  2.213134e+001 -9.851615e+000
      vertex -1.776357e-015  2.182317e+001 -1.051665e+001
    endloop
  endfacet
  facet normal  0.000000e+000  9.073179e-001 -4.204454e-001
    outer loop
      vertex -1.776357e-015  2.182317e+001 -1.051665e+001
      vertex  7.912913e-001  2.213134e+001 -9.851615e+000
      vertex  7.912913e-001  2.182317e+001 -1.051665e+001
    endloop
  endfacet
  facet normal  0.000000e+000  7.416777e-001  6.707564e-001
    outer loop
      vertex  4.222194e+000  2.175468e+001 -9.435130e+000
      vertex  6.000000e+000  2.175468e+001 -9.435130e+000
      vertex  5.208709e+000  2.213134e+001 -9.851615e+000
    endloop
  endfacet
  facet normal  -0.000000e+000  7.416777e-001  6.707565e-001
    outer loop
      vertex  5.208709e+000  2.213134e+001 -9.851615e+000
      vertex  6.000000e+000  2.175468e+001 -9.435130e+000
      vertex  6.000000e+000  2.213134e+001 -9.851615e+000
    endloop
  endfacet
  facet normal  0.000000e+000  7.416778e-001  6.707565e-001
    outer loop
      vertex  0.000000e+000  2.175468e+001 -9.435130e+000
      vertex  1.777806e+000  2.175468e+001 -9.435130e+000
      vertex  0.000000e+000  2.213134e+001 -9.851615e+000
    endloop
  endfacet
  facet normal  -0.000000e+000  7.416777e-001  6.707565e-001
    outer loop
      vertex  0.000000e+000  2.213134e+001 -9.851615e+000
      vertex  1.777806e+000  2.175468e+001 -9.435130e+000
      vertex  7.912913e-001  2.213134e+001 -9.851615e+000
    endloop
  endfacet
  facet normal  0.000000e+000  6.748331e-001  7.379703e-001
    outer loop
      vertex -1.776357e-015  2.096865e+001 -8.716346e+000
      vertex  6.000000e+000  2.096865e+001 -8.716346e+000
      vertex  6.000000e+000  2.175468e+001 -9.435130e+000
    endloop
  endfacet
  facet normal  0.000000e+000  6.748331e-001  7.379703e-001
    outer loop
      vertex -1.776357e-015  2.096865e+001 -8.716346e+000
      vertex  6.000000e+000  2.175468e+001 -9.435130e+000
      vertex  4.222194e+000  2.175468e+001 -9.435130e+000
    endloop
  endfacet
  facet normal  0.000000e+000  6.748332e-001  7.379704e-001
    outer loop
      vertex -1.776357e-015  2.096865e+001 -8.716346e+000
      vertex  4.222194e+000  2.175468e+001 -9.435130e+000
      vertex  1.777806e+000  2.175468e+001 -9.435130e+000
    endloop
  endfacet
  facet normal  0.000000e+000  6.748331e-001  7.379704e-001
    outer loop
      vertex -1.776357e-015  2.096865e+001 -8.716346e+000
      vertex  1.777806e+000  2.175468e+001 -9.435130e+000
      vertex  0.000000e+000  2.175468e+001 -9.435130e+000
    endloop
  endfacet
  facet normal  0.000000e+000  1.093683e-003 -9.999994e-001
    outer loop
      vertex  6.000000e+000  2.136475e+001 -7.694570e+000
      vertex -1.776357e-015  2.136475e+001 -7.694570e+000
      vertex -1.776357e-015  2.242988e+001 -7.693405e+000
    endloop
  endfacet
  facet normal  0.000000e+000  1.093683e-003 -9.999995e-001
    outer loop
      vertex  6.000000e+000  2.136475e+001 -7.694570e+000
      vertex -1.776357e-015  2.242988e+001 -7.693405e+000
      vertex  1.777806e+000  2.242988e+001 -7.693405e+000
    endloop
  endfacet
  facet normal  0.000000e+000  1.093683e-003 -9.999993e-001
    outer loop
      vertex  6.000000e+000  2.136475e+001 -7.694570e+000
      vertex  1.777806e+000  2.242988e+001 -7.693405e+000
      vertex  4.222194e+000  2.242988e+001 -7.693405e+000
    endloop
  endfacet
  facet normal  0.000000e+000  1.093683e-003 -9.999995e-001
    outer loop
      vertex  6.000000e+000  2.136475e+001 -7.694570e+000
      vertex  4.222194e+000  2.242988e+001 -7.693405e+000
      vertex  6.000000e+000  2.242988e+001 -7.693405e+000
    endloop
  endfacet
  facet normal  0.000000e+000  9.577616e-002 -9.954029e-001
    outer loop
      vertex -1.776357e-015  2.298884e+001 -7.639622e+000
      vertex  7.912913e-001  2.298884e+001 -7.639622e+000
      vertex -1.776357e-015  2.242988e+001 -7.693405e+000
    endloop
  endfacet
  facet normal  0.000000e+000  9.577616e-002 -9.954029e-001
    outer loop
      vertex -1.776357e-015  2.242988e+001 -7.693405e+000
      vertex  7.912913e-001  2.298884e+001 -7.639622e+000
      vertex  1.777806e+000  2.242988e+001 -7.693405e+000
    endloop
  endfacet
  facet normal  0.000000e+000  9.577617e-002 -9.954030e-001
    outer loop
      vertex  5.208709e+000  2.298884e+001 -7.639622e+000
      vertex  6.000000e+000  2.298884e+001 -7.639622e+000
      vertex  4.222194e+000  2.242988e+001 -7.693405e+000
    endloop
  endfacet
  facet normal  0.000000e+000  9.577616e-002 -9.954029e-001
    outer loop
      vertex  4.222194e+000  2.242988e+001 -7.693405e+000
      vertex  6.000000e+000  2.298884e+001 -7.639622e+000
      vertex  6.000000e+000  2.242988e+001 -7.693405e+000
    endloop
  endfacet
  facet normal  0.000000e+000  9.536340e-001 -3.009687e-001
    outer loop
      vertex  5.208709e+000  2.320944e+001 -6.940640e+000
      vertex  6.000000e+000  2.320944e+001 -6.940640e+000
      vertex  5.208709e+000  2.298884e+001 -7.639622e+000
    endloop
  endfacet
  facet normal  0.000000e+000  9.536340e-001 -3.009687e-001
    outer loop
      vertex  5.208709e+000  2.298884e+001 -7.639622e+000
      vertex  6.000000e+000  2.320944e+001 -6.940640e+000
      vertex  6.000000e+000  2.298884e+001 -7.639622e+000
    endloop
  endfacet
  facet normal  0.000000e+000  9.536340e-001 -3.009687e-001
    outer loop
      vertex  0.000000e+000  2.320944e+001 -6.940640e+000
      vertex  7.912913e-001  2.320944e+001 -6.940640e+000
      vertex -1.776357e-015  2.298884e+001 -7.639622e+000
    endloop
  endfacet
  facet normal  0.000000e+000  9.536340e-001 -3.009687e-001
    outer loop
      vertex -1.776357e-015  2.298884e+001 -7.639622e+000
      vertex  7.912913e-001  2.320944e+001 -6.940640e+000
      vertex  7.912913e-001  2.298884e+001 -7.639622e+000
    endloop
  endfacet
  facet normal  0.000000e+000  6.498134e-001  7.600937e-001
    outer loop
      vertex  4.222194e+000  2.278261e+001 -6.575741e+000
      vertex  6.000000e+000  2.278261e+001 -6.575741e+000
      vertex  5.208709e+000  2.320944e+001 -6.940640e+000
    endloop
  endfacet
  facet normal  -0.000000e+000  6.498134e-001  7.600937e-001
    outer loop
      vertex  5.208709e+000  2.320944e+001 -6.940640e+000
      vertex  6.000000e+000  2.278261e+001 -6.575741e+000
      vertex  6.000000e+000  2.320944e+001 -6.940640e+000
    endloop
  endfacet
  facet normal  0.000000e+000  6.498134e-001  7.600937e-001
    outer loop
      vertex -1.776357e-015  2.278261e+001 -6.575741e+000
      vertex  1.777806e+000  2.278261e+001 -6.575741e+000
      vertex  0.000000e+000  2.320944e+001 -6.940640e+000
    endloop
  endfacet
  facet normal  -0.000000e+000  6.498134e-001  7.600938e-001
    outer loop
      vertex  0.000000e+000  2.320944e+001 -6.940640e+000
      vertex  1.777806e+000  2.278261e+001 -6.575741e+000
      vertex  7.912913e-001  2.320944e+001 -6.940640e+000
    endloop
  endfacet
  facet normal  0.000000e+000  5.749231e-001  8.182074e-001
    outer loop
      vertex -1.776357e-015  2.191112e+001 -5.963374e+000
      vertex  6.000000e+000  2.191112e+001 -5.963374e+000
      vertex  6.000000e+000  2.278261e+001 -6.575741e+000
    endloop
  endfacet
  facet normal  0.000000e+000  5.749232e-001  8.182074e-001
    outer loop
      vertex -1.776357e-015  2.191112e+001 -5.963374e+000
      vertex  6.000000e+000  2.278261e+001 -6.575741e+000
      vertex  4.222194e+000  2.278261e+001 -6.575741e+000
    endloop
  endfacet
  facet normal  0.000000e+000  5.749231e-001  8.182074e-001
    outer loop
      vertex -1.776357e-015  2.191112e+001 -5.963374e+000
      vertex  4.222194e+000  2.278261e+001 -6.575741e+000
      vertex  1.777806e+000  2.278261e+001 -6.575741e+000
    endloop
  endfacet
  facet normal  0.000000e+000  5.749232e-001  8.182074e-001
    outer loop
      vertex -1.776357e-015  2.191112e+001 -5.963374e+000
      vertex  1.777806e+000  2.278261e+001 -6.575741e+000
      vertex -1.776357e-015  2.278261e+001 -6.575741e+000
    endloop
  endfacet
  facet normal  0.000000e+000  1.289619e-001 -9.916496e-001
    outer loop
      vertex  6.000000e+000  2.217331e+001 -4.899334e+000
      vertex -1.776357e-015  2.217331e+001 -4.899334e+000
      vertex -1.776357e-015  2.322954e+001 -4.761973e+000
    endloop
  endfacet
  facet normal  0.000000e+000  1.289619e-001 -9.916496e-001
    outer loop
      vertex  6.000000e+000  2.217331e+001 -4.899334e+000
      vertex -1.776357e-015  2.322954e+001 -4.761973e+000
      vertex  1.777806e+000  2.322954e+001 -4.761973e+000
    endloop
  endfacet
  facet normal  0.000000e+000  1.289619e-001 -9.916495e-001
    outer loop
      vertex  6.000000e+000  2.217331e+001 -4.899334e+000
      vertex  1.777806e+000  2.322954e+001 -4.761973e+000
      vertex  4.222194e+000  2.322954e+001 -4.761973e+000
    endloop
  endfacet
  facet normal  0.000000e+000  1.289619e-001 -9.916495e-001
    outer loop
      vertex  6.000000e+000  2.217331e+001 -4.899334e+000
      vertex  4.222194e+000  2.322954e+001 -4.761973e+000
      vertex  6.000000e+000  2.322954e+001 -4.761973e+000
    endloop
  endfacet
  facet normal  0.000000e+000  2.222792e-001 -9.749830e-001
    outer loop
      vertex -1.776357e-015  2.377704e+001 -4.637153e+000
      vertex  7.912913e-001  2.377704e+001 -4.637153e+000
      vertex -1.776357e-015  2.322954e+001 -4.761973e+000
    endloop
  endfacet
  facet normal  0.000000e+000  2.222792e-001 -9.749830e-001
    outer loop
      vertex -1.776357e-015  2.322954e+001 -4.761973e+000
      vertex  7.912913e-001  2.377704e+001 -4.637153e+000
      vertex  1.777806e+000  2.322954e+001 -4.761973e+000
    endloop
  endfacet
  facet normal  0.000000e+000  2.222792e-001 -9.749830e-001
    outer loop
      vertex  5.208709e+000  2.377704e+001 -4.637153e+000
      vertex  6.000000e+000  2.377704e+001 -4.637153e+000
      vertex  4.222194e+000  2.322954e+001 -4.761973e+000
    endloop
  endfacet
  facet normal  0.000000e+000  2.222792e-001 -9.749830e-001
    outer loop
      vertex  4.222194e+000  2.322954e+001 -4.761973e+000
      vertex  6.000000e+000  2.377704e+001 -4.637153e+000
      vertex  6.000000e+000  2.322954e+001 -4.761973e+000
    endloop
  endfacet
  facet normal  0.000000e+000  9.842920e-001 -1.765484e-001
    outer loop
      vertex  5.208709e+000  2.390644e+001 -3.915700e+000
      vertex  6.000000e+000  2.390644e+001 -3.915700e+000
      vertex  5.208709e+000  2.377704e+001 -4.637153e+000
    endloop
  endfacet
  facet normal  0.000000e+000  9.842920e-001 -1.765484e-001
    outer loop
      vertex  5.208709e+000  2.377704e+001 -4.637153e+000
      vertex  6.000000e+000  2.390644e+001 -3.915700e+000
      vertex  6.000000e+000  2.377704e+001 -4.637153e+000
    endloop
  endfacet
  facet normal  0.000000e+000  9.842919e-001 -1.765484e-001
    outer loop
      vertex  0.000000e+000  2.390644e+001 -3.915700e+000
      vertex  7.912913e-001  2.390644e+001 -3.915700e+000
      vertex -1.776357e-015  2.377704e+001 -4.637153e+000
    endloop
  endfacet
  facet normal  0.000000e+000  9.842919e-001 -1.765484e-001
    outer loop
      vertex -1.776357e-015  2.377704e+001 -4.637153e+000
      vertex  7.912913e-001  2.390644e+001 -3.915700e+000
      vertex  7.912913e-001  2.377704e+001 -4.637153e+000
    endloop
  endfacet
  facet normal  0.000000e+000  5.472806e-001  8.369492e-001
    outer loop
      vertex  4.222194e+000  2.343646e+001 -3.608378e+000
      vertex  6.000000e+000  2.343646e+001 -3.608378e+000
      vertex  5.208709e+000  2.390644e+001 -3.915700e+000
    endloop
  endfacet
  facet normal  -0.000000e+000  5.472805e-001  8.369492e-001
    outer loop
      vertex  5.208709e+000  2.390644e+001 -3.915700e+000
      vertex  6.000000e+000  2.343646e+001 -3.608378e+000
      vertex  6.000000e+000  2.390644e+001 -3.915700e+000
    endloop
  endfacet
  facet normal  0.000000e+000  5.472806e-001  8.369492e-001
    outer loop
      vertex -1.776357e-015  2.343646e+001 -3.608378e+000
      vertex  1.777806e+000  2.343646e+001 -3.608378e+000
      vertex  0.000000e+000  2.390644e+001 -3.915700e+000
    endloop
  endfacet
  facet normal  -0.000000e+000  5.472806e-001  8.369493e-001
    outer loop
      vertex  0.000000e+000  2.390644e+001 -3.915700e+000
      vertex  1.777806e+000  2.343646e+001 -3.608378e+000
      vertex  7.912913e-001  2.390644e+001 -3.915700e+000
    endloop
  endfacet
  facet normal  0.000000e+000  4.655727e-001  8.850096e-001
    outer loop
      vertex -1.776357e-015  2.249381e+001 -3.112483e+000
      vertex  6.000000e+000  2.249381e+001 -3.112483e+000
      vertex  6.000000e+000  2.343646e+001 -3.608378e+000
    endloop
  endfacet
  facet normal  0.000000e+000  4.655727e-001  8.850096e-001
    outer loop
      vertex -1.776357e-015  2.249381e+001 -3.112483e+000
      vertex  6.000000e+000  2.343646e+001 -3.608378e+000
      vertex  4.222194e+000  2.343646e+001 -3.608378e+000
    endloop
  endfacet
  facet normal  0.000000e+000  4.655727e-001  8.850097e-001
    outer loop
      vertex -1.776357e-015  2.249381e+001 -3.112483e+000
      vertex  4.222194e+000  2.343646e+001 -3.608378e+000
      vertex  1.777806e+000  2.343646e+001 -3.608378e+000
    endloop
  endfacet
  facet normal  0.000000e+000  4.655726e-001  8.850096e-001
    outer loop
      vertex -1.776357e-015  2.249381e+001 -3.112483e+000
      vertex  1.777806e+000  2.343646e+001 -3.608378e+000
      vertex -1.776357e-015  2.343646e+001 -3.608378e+000
    endloop
  endfacet
  facet normal  0.000000e+000  2.547122e-001 -9.670169e-001
    outer loop
      vertex  6.000000e+000  2.261777e+001 -2.023651e+000
      vertex  0.000000e+000  2.261777e+001 -2.023651e+000
      vertex -1.776357e-015  2.364777e+001 -1.752349e+000
    endloop
  endfacet
  facet normal  0.000000e+000  2.547122e-001 -9.670169e-001
    outer loop
      vertex  6.000000e+000  2.261777e+001 -2.023651e+000
      vertex -1.776357e-015  2.364777e+001 -1.752349e+000
      vertex  1.777806e+000  2.364777e+001 -1.752349e+000
    endloop
  endfacet
  facet normal  0.000000e+000  2.547122e-001 -9.670169e-001
    outer loop
      vertex  6.000000e+000  2.261777e+001 -2.023651e+000
      vertex  1.777806e+000  2.364777e+001 -1.752349e+000
      vertex  4.222194e+000  2.364777e+001 -1.752349e+000
    endloop
  endfacet
  facet normal  0.000000e+000  2.547122e-001 -9.670169e-001
    outer loop
      vertex  6.000000e+000  2.261777e+001 -2.023651e+000
      vertex  4.222194e+000  2.364777e+001 -1.752349e+000
      vertex  6.000000e+000  2.364777e+001 -1.752349e+000
    endloop
  endfacet
  facet normal  0.000000e+000  3.451330e-001 -9.385538e-001
    outer loop
      vertex -1.776357e-015  2.417481e+001 -1.558542e+000
      vertex  7.912913e-001  2.417481e+001 -1.558542e+000
      vertex -1.776357e-015  2.364777e+001 -1.752349e+000
    endloop
  endfacet
  facet normal  0.000000e+000  3.451330e-001 -9.385538e-001
    outer loop
      vertex -1.776357e-015  2.364777e+001 -1.752349e+000
      vertex  7.912913e-001  2.417481e+001 -1.558542e+000
      vertex  1.777806e+000  2.364777e+001 -1.752349e+000
    endloop
  endfacet
  facet normal  0.000000e+000  3.451330e-001 -9.385538e-001
    outer loop
      vertex  5.208709e+000  2.417481e+001 -1.558542e+000
      vertex  6.000000e+000  2.417481e+001 -1.558542e+000
      vertex  4.222194e+000  2.364777e+001 -1.752349e+000
    endloop
  endfacet
  facet normal  0.000000e+000  3.451330e-001 -9.385538e-001
    outer loop
      vertex  4.222194e+000  2.364777e+001 -1.752349e+000
      vertex  6.000000e+000  2.417481e+001 -1.558542e+000
      vertex  6.000000e+000  2.364777e+001 -1.752349e+000
    endloop
  endfacet
  facet normal  0.000000e+000  9.987873e-001 -4.923161e-002
    outer loop
      vertex  5.208709e+000  2.421090e+001 -8.264646e-001
      vertex  6.000000e+000  2.421090e+001 -8.264646e-001
      vertex  5.208709e+000  2.417481e+001 -1.558542e+000
    endloop
  endfacet
  facet normal  0.000000e+000  9.987873e-001 -4.923161e-002
    outer loop
      vertex  5.208709e+000  2.417481e+001 -1.558542e+000
      vertex  6.000000e+000  2.421090e+001 -8.264646e-001
      vertex  6.000000e+000  2.417481e+001 -1.558542e+000
    endloop
  endfacet
  facet normal  0.000000e+000  9.987873e-001 -4.923161e-002
    outer loop
      vertex  0.000000e+000  2.421090e+001 -8.264646e-001
      vertex  7.912913e-001  2.421090e+001 -8.264646e-001
      vertex -1.776357e-015  2.417481e+001 -1.558542e+000
    endloop
  endfacet
  facet normal  0.000000e+000  9.987873e-001 -4.923161e-002
    outer loop
      vertex -1.776357e-015  2.417481e+001 -1.558542e+000
      vertex  7.912913e-001  2.421090e+001 -8.264646e-001
      vertex  7.912913e-001  2.417481e+001 -1.558542e+000
    endloop
  endfacet
  facet normal  0.000000e+000  4.357609e-001  9.000624e-001
    outer loop
      vertex  4.222194e+000  2.370547e+001 -5.817657e-001
      vertex  6.000000e+000  2.370547e+001 -5.817657e-001
      vertex  5.208709e+000  2.421090e+001 -8.264646e-001
    endloop
  endfacet
  facet normal  -0.000000e+000  4.357610e-001  9.000624e-001
    outer loop
      vertex  5.208709e+000  2.421090e+001 -8.264646e-001
      vertex  6.000000e+000  2.370547e+001 -5.817657e-001
      vertex  6.000000e+000  2.421090e+001 -8.264646e-001
    endloop
  endfacet
  facet normal  0.000000e+000  4.357610e-001  9.000625e-001
    outer loop
      vertex -1.776357e-015  2.370547e+001 -5.817657e-001
      vertex  1.777806e+000  2.370547e+001 -5.817657e-001
      vertex  0.000000e+000  2.421090e+001 -8.264646e-001
    endloop
  endfacet
  facet normal  -0.000000e+000  4.357610e-001  9.000624e-001
    outer loop
      vertex  0.000000e+000  2.421090e+001 -8.264646e-001
      vertex  1.777806e+000  2.370547e+001 -5.817657e-001
      vertex  7.912913e-001  2.421090e+001 -8.264646e-001
    endloop
  endfacet
  facet normal  0.000000e+000  3.485782e-001  9.372796e-001
    outer loop
      vertex -1.776357e-015  2.270715e+001 -2.104851e-001
      vertex  6.000000e+000  2.270715e+001 -2.104851e-001
      vertex  6.000000e+000  2.370547e+001 -5.817657e-001
    endloop
  endfacet
  facet normal  0.000000e+000  3.485782e-001  9.372797e-001
    outer loop
      vertex -1.776357e-015  2.270715e+001 -2.104851e-001
      vertex  6.000000e+000  2.370547e+001 -5.817657e-001
      vertex  4.222194e+000  2.370547e+001 -5.817657e-001
    endloop
  endfacet
  facet normal  0.000000e+000  3.485782e-001  9.372796e-001
    outer loop
      vertex -1.776357e-015  2.270715e+001 -2.104851e-001
      vertex  4.222194e+000  2.370547e+001 -5.817657e-001
      vertex  1.777806e+000  2.370547e+001 -5.817657e-001
    endloop
  endfacet
  facet normal  0.000000e+000  3.485782e-001  9.372797e-001
    outer loop
      vertex -1.776357e-015  2.270715e+001 -2.104851e-001
      vertex  1.777806e+000  2.370547e+001 -5.817657e-001
      vertex -1.776357e-015  2.370547e+001 -5.817657e-001
    endloop
  endfacet
  facet normal  0.000000e+000  3.762809e-001 -9.265056e-001
    outer loop
      vertex  6.000000e+000  2.269086e+001  8.852600e-001
      vertex -1.776357e-015  2.269086e+001  8.852600e-001
      vertex  0.000000e+000  2.367771e+001  1.286047e+000
    endloop
  endfacet
  facet normal  0.000000e+000  3.762809e-001 -9.265056e-001
    outer loop
      vertex  6.000000e+000  2.269086e+001  8.852600e-001
      vertex  0.000000e+000  2.367771e+001  1.286047e+000
      vertex  1.777806e+000  2.367771e+001  1.286047e+000
    endloop
  endfacet
  facet normal  0.000000e+000  3.762809e-001 -9.265056e-001
    outer loop
      vertex  6.000000e+000  2.269086e+001  8.852600e-001
      vertex  1.777806e+000  2.367771e+001  1.286047e+000
      vertex  4.222194e+000  2.367771e+001  1.286047e+000
    endloop
  endfacet
  facet normal  0.000000e+000  3.762809e-001 -9.265056e-001
    outer loop
      vertex  6.000000e+000  2.269086e+001  8.852600e-001
      vertex  4.222194e+000  2.367771e+001  1.286047e+000
      vertex  6.000000e+000  2.367771e+001  1.286047e+000
    endloop
  endfacet
  facet normal  0.000000e+000  4.623175e-001 -8.867145e-001
    outer loop
      vertex  0.000000e+000  2.417564e+001  1.545660e+000
      vertex  7.912913e-001  2.417564e+001  1.545660e+000
      vertex  0.000000e+000  2.367771e+001  1.286047e+000
    endloop
  endfacet
  facet normal  0.000000e+000  4.623175e-001 -8.867145e-001
    outer loop
      vertex  0.000000e+000  2.367771e+001  1.286047e+000
      vertex  7.912913e-001  2.417564e+001  1.545660e+000
      vertex  1.777806e+000  2.367771e+001  1.286047e+000
    endloop
  endfacet
  facet normal  0.000000e+000  4.623175e-001 -8.867145e-001
    outer loop
      vertex  5.208709e+000  2.417564e+001  1.545660e+000
      vertex  6.000000e+000  2.417564e+001  1.545660e+000
      vertex  4.222194e+000  2.367771e+001  1.286047e+000
    endloop
  endfacet
  facet normal  0.000000e+000  4.623175e-001 -8.867145e-001
    outer loop
      vertex  4.222194e+000  2.367771e+001  1.286047e+000
      vertex  6.000000e+000  2.417564e+001  1.545660e+000
      vertex  6.000000e+000  2.367771e+001  1.286047e+000
    endloop
  endfacet
  facet normal  0.000000e+000  9.968830e-001  7.889444e-002
    outer loop
      vertex  5.208709e+000  2.411781e+001  2.276342e+000
      vertex  6.000000e+000  2.411781e+001  2.276342e+000
      vertex  5.208709e+000  2.417564e+001  1.545660e+000
    endloop
  endfacet
  facet normal  -0.000000e+000  9.968830e-001  7.889444e-002
    outer loop
      vertex  5.208709e+000  2.417564e+001  1.545660e+000
      vertex  6.000000e+000  2.411781e+001  2.276342e+000
      vertex  6.000000e+000  2.417564e+001  1.545660e+000
    endloop
  endfacet
  facet normal  0.000000e+000  9.968829e-001  7.889443e-002
    outer loop
      vertex  0.000000e+000  2.411781e+001  2.276342e+000
      vertex  7.912913e-001  2.411781e+001  2.276342e+000
      vertex  0.000000e+000  2.417564e+001  1.545660e+000
    endloop
  endfacet
  facet normal  -0.000000e+000  9.968829e-001  7.889443e-002
    outer loop
      vertex  0.000000e+000  2.417564e+001  1.545660e+000
      vertex  7.912913e-001  2.411781e+001  2.276342e+000
      vertex  7.912913e-001  2.417564e+001  1.545660e+000
    endloop
  endfacet
  facet normal  0.000000e+000  3.170847e-001  9.483973e-001
    outer loop
      vertex  4.222194e+000  2.358525e+001  2.454399e+000
      vertex  6.000000e+000  2.358525e+001  2.454399e+000
      vertex  5.208709e+000  2.411781e+001  2.276342e+000
    endloop
  endfacet
  facet normal  -0.000000e+000  3.170848e-001  9.483972e-001
    outer loop
      vertex  5.208709e+000  2.411781e+001  2.276342e+000
      vertex  6.000000e+000  2.358525e+001  2.454399e+000
      vertex  6.000000e+000  2.411781e+001  2.276342e+000
    endloop
  endfacet
  facet normal  0.000000e+000  3.170847e-001  9.483972e-001
    outer loop
      vertex  0.000000e+000  2.358525e+001  2.454399e+000
      vertex  1.777806e+000  2.358525e+001  2.454399e+000
      vertex  0.000000e+000  2.411781e+001  2.276342e+000
    endloop
  endfacet
  facet normal  -0.000000e+000  3.170847e-001  9.483972e-001
    outer loop
      vertex  0.000000e+000  2.411781e+001  2.276342e+000
      vertex  1.777806e+000  2.358525e+001  2.454399e+000
      vertex  7.912913e-001  2.411781e+001  2.276342e+000
    endloop
  endfacet
  facet normal  0.000000e+000  2.258599e-001  9.741598e-001
    outer loop
      vertex -1.776357e-015  2.254764e+001  2.694969e+000
      vertex  6.000000e+000  2.254764e+001  2.694969e+000
      vertex  6.000000e+000  2.358525e+001  2.454399e+000
    endloop
  endfacet
  facet normal  0.000000e+000  2.258599e-001  9.741598e-001
    outer loop
      vertex -1.776357e-015  2.254764e+001  2.694969e+000
      vertex  6.000000e+000  2.358525e+001  2.454399e+000
      vertex  4.222194e+000  2.358525e+001  2.454399e+000
    endloop
  endfacet
  facet normal  0.000000e+000  2.258599e-001  9.741598e-001
    outer loop
      vertex -1.776357e-015  2.254764e+001  2.694969e+000
      vertex  4.222194e+000  2.358525e+001  2.454399e+000
      vertex  1.777806e+000  2.358525e+001  2.454399e+000
    endloop
  endfacet
  facet normal  0.000000e+000  2.258599e-001  9.741597e-001
    outer loop
      vertex -1.776357e-015  2.254764e+001  2.694969e+000
      vertex  1.777806e+000  2.358525e+001  2.454399e+000
      vertex  0.000000e+000  2.358525e+001  2.454399e+000
    endloop
  endfacet
  facet normal  0.000000e+000  4.916706e-001 -8.707813e-001
    outer loop
      vertex  6.000000e+000  2.239137e+001  3.779635e+000
      vertex -1.776357e-015  2.239137e+001  3.779635e+000
      vertex -1.776357e-015  2.331886e+001  4.303328e+000
    endloop
  endfacet
  facet normal  0.000000e+000  4.916705e-001 -8.707812e-001
    outer loop
      vertex  6.000000e+000  2.239137e+001  3.779635e+000
      vertex -1.776357e-015  2.331886e+001  4.303328e+000
      vertex  1.777806e+000  2.331886e+001  4.303328e+000
    endloop
  endfacet
  facet normal  0.000000e+000  4.916705e-001 -8.707813e-001
    outer loop
      vertex  6.000000e+000  2.239137e+001  3.779635e+000
      vertex  1.777806e+000  2.331886e+001  4.303328e+000
      vertex  4.222194e+000  2.331886e+001  4.303328e+000
    endloop
  endfacet
  facet normal  0.000000e+000  4.916705e-001 -8.707813e-001
    outer loop
      vertex  6.000000e+000  2.239137e+001  3.779635e+000
      vertex  4.222194e+000  2.331886e+001  4.303328e+000
      vertex  6.000000e+000  2.331886e+001  4.303328e+000
    endloop
  endfacet
  facet normal  0.000000e+000  5.719140e-001 -8.203137e-001
    outer loop
      vertex -1.776357e-015  2.377950e+001  4.624482e+000
      vertex  7.912913e-001  2.377950e+001  4.624482e+000
      vertex -1.776357e-015  2.331886e+001  4.303328e+000
    endloop
  endfacet
  facet normal  0.000000e+000  5.719139e-001 -8.203136e-001
    outer loop
      vertex -1.776357e-015  2.331886e+001  4.303328e+000
      vertex  7.912913e-001  2.377950e+001  4.624482e+000
      vertex  1.777806e+000  2.331886e+001  4.303328e+000
    endloop
  endfacet
  facet normal  0.000000e+000  5.719139e-001 -8.203136e-001
    outer loop
      vertex  5.208709e+000  2.377950e+001  4.624482e+000
      vertex  6.000000e+000  2.377950e+001  4.624482e+000
      vertex  4.222194e+000  2.331886e+001  4.303328e+000
    endloop
  endfacet
  facet normal  0.000000e+000  5.719140e-001 -8.203136e-001
    outer loop
      vertex  4.222194e+000  2.331886e+001  4.303328e+000
      vertex  6.000000e+000  2.377950e+001  4.624482e+000
      vertex  6.000000e+000  2.331886e+001  4.303328e+000
    endloop
  endfacet
  facet normal  0.000000e+000  9.786099e-001  2.057247e-001
    outer loop
      vertex  5.208709e+000  2.362871e+001  5.341770e+000
      vertex  6.000000e+000  2.362871e+001  5.341770e+000
      vertex  5.208709e+000  2.377950e+001  4.624482e+000
    endloop
  endfacet
  facet normal  -0.000000e+000  9.786099e-001  2.057247e-001
    outer loop
      vertex  5.208709e+000  2.377950e+001  4.624482e+000
      vertex  6.000000e+000  2.362871e+001  5.341770e+000
      vertex  6.000000e+000  2.377950e+001  4.624482e+000
    endloop
  endfacet
  facet normal  0.000000e+000  9.786099e-001  2.057247e-001
    outer loop
      vertex  0.000000e+000  2.362871e+001  5.341770e+000
      vertex  7.912913e-001  2.362871e+001  5.341770e+000
      vertex -1.776357e-015  2.377950e+001  4.624482e+000
    endloop
  endfacet
  facet normal  -0.000000e+000  9.786099e-001  2.057247e-001
    outer loop
      vertex -1.776357e-015  2.377950e+001  4.624482e+000
      vertex  7.912913e-001  2.362871e+001  5.341770e+000
      vertex  7.912913e-001  2.377950e+001  4.624482e+000
    endloop
  endfacet
  facet normal  0.000000e+000  1.932043e-001  9.811586e-001
    outer loop
      vertex  4.222194e+000  2.307775e+001  5.450263e+000
      vertex  6.000000e+000  2.307775e+001  5.450263e+000
      vertex  5.208709e+000  2.362871e+001  5.341770e+000
    endloop
  endfacet
  facet normal  -0.000000e+000  1.932043e-001  9.811586e-001
    outer loop
      vertex  5.208709e+000  2.362871e+001  5.341770e+000
      vertex  6.000000e+000  2.307775e+001  5.450263e+000
      vertex  6.000000e+000  2.362871e+001  5.341770e+000
    endloop
  endfacet
  facet normal  0.000000e+000  1.932043e-001  9.811586e-001
    outer loop
      vertex -1.776357e-015  2.307775e+001  5.450263e+000
      vertex  1.777806e+000  2.307775e+001  5.450263e+000
      vertex  0.000000e+000  2.362871e+001  5.341770e+000
    endloop
  endfacet
  facet normal  -0.000000e+000  1.932043e-001  9.811586e-001
    outer loop
      vertex  0.000000e+000  2.362871e+001  5.341770e+000
      vertex  1.777806e+000  2.307775e+001  5.450263e+000
      vertex  7.912913e-001  2.362871e+001  5.341770e+000
    endloop
  endfacet
  facet normal  0.000000e+000  9.943245e-002  9.950444e-001
    outer loop
      vertex -1.776357e-015  2.201790e+001  5.556171e+000
      vertex  6.000000e+000  2.201790e+001  5.556171e+000
      vertex  6.000000e+000  2.307775e+001  5.450263e+000
    endloop
  endfacet
  facet normal  0.000000e+000  9.943244e-002  9.950442e-001
    outer loop
      vertex -1.776357e-015  2.201790e+001  5.556171e+000
      vertex  6.000000e+000  2.307775e+001  5.450263e+000
      vertex  4.222194e+000  2.307775e+001  5.450263e+000
    endloop
  endfacet
  facet normal  0.000000e+000  9.943244e-002  9.950444e-001
    outer loop
      vertex -1.776357e-015  2.201790e+001  5.556171e+000
      vertex  4.222194e+000  2.307775e+001  5.450263e+000
      vertex  1.777806e+000  2.307775e+001  5.450263e+000
    endloop
  endfacet
  facet normal  0.000000e+000  9.943245e-002  9.950443e-001
    outer loop
      vertex -1.776357e-015  2.201790e+001  5.556171e+000
      vertex  1.777806e+000  2.307775e+001  5.450263e+000
      vertex -1.776357e-015  2.307775e+001  5.450263e+000
    endloop
  endfacet
  facet normal  0.000000e+000  5.989867e-001 -8.007590e-001
    outer loop
      vertex  6.000000e+000  2.172421e+001  6.611949e+000
      vertex  0.000000e+000  2.172421e+001  6.611949e+000
      vertex -1.776357e-015  2.257712e+001  7.249947e+000
    endloop
  endfacet
  facet normal  0.000000e+000  5.989867e-001 -8.007590e-001
    outer loop
      vertex  6.000000e+000  2.172421e+001  6.611949e+000
      vertex -1.776357e-015  2.257712e+001  7.249947e+000
      vertex  1.777806e+000  2.257712e+001  7.249947e+000
    endloop
  endfacet
  facet normal  0.000000e+000  5.989867e-001 -8.007590e-001
    outer loop
      vertex  6.000000e+000  2.172421e+001  6.611949e+000
      vertex  1.777806e+000  2.257712e+001  7.249947e+000
      vertex  4.222194e+000  2.257712e+001  7.249947e+000
    endloop
  endfacet
  facet normal  0.000000e+000  5.989867e-001 -8.007590e-001
    outer loop
      vertex  6.000000e+000  2.172421e+001  6.611949e+000
      vertex  4.222194e+000  2.257712e+001  7.249947e+000
      vertex  6.000000e+000  2.257712e+001  7.249947e+000
    endloop
  endfacet
  facet normal  0.000000e+000  6.721174e-001 -7.404445e-001
    outer loop
      vertex -1.776357e-015  2.299291e+001  7.627370e+000
      vertex  7.912913e-001  2.299291e+001  7.627370e+000
      vertex -1.776357e-015  2.257712e+001  7.249947e+000
    endloop
  endfacet
  facet normal  0.000000e+000  6.721175e-001 -7.404446e-001
    outer loop
      vertex -1.776357e-015  2.257712e+001  7.249947e+000
      vertex  7.912913e-001  2.299291e+001  7.627370e+000
      vertex  1.777806e+000  2.257712e+001  7.249947e+000
    endloop
  endfacet
  facet normal  0.000000e+000  6.721175e-001 -7.404446e-001
    outer loop
      vertex  5.208709e+000  2.299291e+001  7.627370e+000
      vertex  6.000000e+000  2.299291e+001  7.627370e+000
      vertex  4.222194e+000  2.257712e+001  7.249947e+000
    endloop
  endfacet
  facet normal  0.000000e+000  6.721175e-001 -7.404445e-001
    outer loop
      vertex  4.222194e+000  2.257712e+001  7.249947e+000
      vertex  6.000000e+000  2.299291e+001  7.627370e+000
      vertex  6.000000e+000  2.257712e+001  7.249947e+000
    endloop
  endfacet
  facet normal  0.000000e+000  9.442683e-001  3.291770e-001
    outer loop
      vertex  5.208709e+000  2.275163e+001  8.319488e+000
      vertex  6.000000e+000  2.275163e+001  8.319488e+000
      vertex  5.208709e+000  2.299291e+001  7.627370e+000
    endloop
  endfacet
  facet normal  -0.000000e+000  9.442683e-001  3.291770e-001
    outer loop
      vertex  5.208709e+000  2.299291e+001  7.627370e+000
      vertex  6.000000e+000  2.275163e+001  8.319488e+000
      vertex  6.000000e+000  2.299291e+001  7.627370e+000
    endloop
  endfacet
  facet normal  0.000000e+000  9.442682e-001  3.291770e-001
    outer loop
      vertex  0.000000e+000  2.275163e+001  8.319488e+000
      vertex  7.912913e-001  2.275163e+001  8.319488e+000
      vertex -1.776357e-015  2.299291e+001  7.627370e+000
    endloop
  endfacet
  facet normal  -0.000000e+000  9.442682e-001  3.291770e-001
    outer loop
      vertex -1.776357e-015  2.299291e+001  7.627370e+000
      vertex  7.912913e-001  2.275163e+001  8.319488e+000
      vertex  7.912913e-001  2.299291e+001  7.627370e+000
    endloop
  endfacet
  facet normal  0.000000e+000  6.614884e-002  9.978098e-001
    outer loop
      vertex  4.222194e+000  2.219132e+001  8.356633e+000
      vertex  6.000000e+000  2.219132e+001  8.356633e+000
      vertex  5.208709e+000  2.275163e+001  8.319488e+000
    endloop
  endfacet
  facet normal  -0.000000e+000  6.614884e-002  9.978098e-001
    outer loop
      vertex  5.208709e+000  2.275163e+001  8.319488e+000
      vertex  6.000000e+000  2.219132e+001  8.356633e+000
      vertex  6.000000e+000  2.275163e+001  8.319488e+000
    endloop
  endfacet
  facet normal  0.000000e+000  6.614883e-002  9.978098e-001
    outer loop
      vertex -1.776357e-015  2.219132e+001  8.356633e+000
      vertex  1.777806e+000  2.219132e+001  8.356633e+000
      vertex  0.000000e+000  2.275163e+001  8.319488e+000
    endloop
  endfacet
  facet normal  -0.000000e+000  6.614884e-002  9.978098e-001
    outer loop
      vertex  0.000000e+000  2.275163e+001  8.319488e+000
      vertex  1.777806e+000  2.219132e+001  8.356633e+000
      vertex  7.912913e-001  2.275163e+001  8.319488e+000
    endloop
  endfacet
  facet normal  0.000000e+000 -2.862738e-002  9.995902e-001
    outer loop
      vertex -1.776357e-015  2.112663e+001  8.326141e+000
      vertex  6.000000e+000  2.112663e+001  8.326141e+000
      vertex  6.000000e+000  2.219132e+001  8.356633e+000
    endloop
  endfacet
  facet normal  0.000000e+000 -2.862738e-002  9.995902e-001
    outer loop
      vertex -1.776357e-015  2.112663e+001  8.326141e+000
      vertex  6.000000e+000  2.219132e+001  8.356633e+000
      vertex  4.222194e+000  2.219132e+001  8.356633e+000
    endloop
  endfacet
  facet normal  0.000000e+000 -2.862738e-002  9.995902e-001
    outer loop
      vertex -1.776357e-015  2.112663e+001  8.326141e+000
      vertex  4.222194e+000  2.219132e+001  8.356633e+000
      vertex  1.777806e+000  2.219132e+001  8.356633e+000
    endloop
  endfacet
  facet normal  0.000000e+000 -2.862738e-002  9.995902e-001
    outer loop
      vertex -1.776357e-015  2.112663e+001  8.326141e+000
      vertex  1.777806e+000  2.219132e+001  8.356633e+000
      vertex -1.776357e-015  2.219132e+001  8.356633e+000
    endloop
  endfacet
  facet normal  0.000000e+000  6.964685e-001 -7.175874e-001
    outer loop
      vertex  6.000000e+000  2.070033e+001  9.335694e+000
      vertex  0.000000e+000  2.070033e+001  9.335694e+000
      vertex -1.776357e-015  2.146465e+001  1.007752e+001
    endloop
  endfacet
  facet normal  0.000000e+000  6.964685e-001 -7.175874e-001
    outer loop
      vertex  6.000000e+000  2.070033e+001  9.335694e+000
      vertex -1.776357e-015  2.146465e+001  1.007752e+001
      vertex  1.777806e+000  2.146465e+001  1.007752e+001
    endloop
  endfacet
  facet normal  0.000000e+000  6.964685e-001 -7.175874e-001
    outer loop
      vertex  6.000000e+000  2.070033e+001  9.335694e+000
      vertex  1.777806e+000  2.146465e+001  1.007752e+001
      vertex  4.222194e+000  2.146465e+001  1.007752e+001
    endloop
  endfacet
  facet normal  0.000000e+000  6.964685e-001 -7.175874e-001
    outer loop
      vertex  6.000000e+000  2.070033e+001  9.335694e+000
      vertex  4.222194e+000  2.146465e+001  1.007752e+001
      vertex  6.000000e+000  2.146465e+001  1.007752e+001
    endloop
  endfacet
  facet normal  0.000000e+000  7.612859e-001 -6.484165e-001
    outer loop
      vertex -1.776357e-015  2.182877e+001  1.050502e+001
      vertex  7.912913e-001  2.182877e+001  1.050502e+001
      vertex -1.776357e-015  2.146465e+001  1.007752e+001
    endloop
  endfacet
  facet normal  0.000000e+000  7.612858e-001 -6.484165e-001
    outer loop
      vertex -1.776357e-015  2.146465e+001  1.007752e+001
      vertex  7.912913e-001  2.182877e+001  1.050502e+001
      vertex  1.777806e+000  2.146465e+001  1.007752e+001
    endloop
  endfacet
  facet normal  0.000000e+000  7.612858e-001 -6.484164e-001
    outer loop
      vertex  5.208709e+000  2.182877e+001  1.050502e+001
      vertex  6.000000e+000  2.182877e+001  1.050502e+001
      vertex  4.222194e+000  2.146465e+001  1.007752e+001
    endloop
  endfacet
  facet normal  0.000000e+000  7.612858e-001 -6.484164e-001
    outer loop
      vertex  4.222194e+000  2.146465e+001  1.007752e+001
      vertex  6.000000e+000  2.182877e+001  1.050502e+001
      vertex  6.000000e+000  2.146465e+001  1.007752e+001
    endloop
  endfacet
  facet normal  0.000000e+000  8.944214e-001  4.472250e-001
    outer loop
      vertex  5.208709e+000  2.150097e+001  1.116060e+001
      vertex  6.000000e+000  2.150097e+001  1.116060e+001
      vertex  5.208709e+000  2.182877e+001  1.050502e+001
    endloop
  endfacet
  facet normal  -0.000000e+000  8.944214e-001  4.472250e-001
    outer loop
      vertex  5.208709e+000  2.182877e+001  1.050502e+001
      vertex  6.000000e+000  2.150097e+001  1.116060e+001
      vertex  6.000000e+000  2.182877e+001  1.050502e+001
    endloop
  endfacet
  facet normal  0.000000e+000  8.944214e-001  4.472250e-001
    outer loop
      vertex  0.000000e+000  2.150097e+001  1.116060e+001
      vertex  7.912913e-001  2.150097e+001  1.116060e+001
      vertex -1.776357e-015  2.182877e+001  1.050502e+001
    endloop
  endfacet
  facet normal  -0.000000e+000  8.944214e-001  4.472250e-001
    outer loop
      vertex -1.776357e-015  2.182877e+001  1.050502e+001
      vertex  7.912913e-001  2.150097e+001  1.116060e+001
      vertex  7.912913e-001  2.182877e+001  1.050502e+001
    endloop
  endfacet
  facet normal  0.000000e+000 -6.198983e-002  9.980767e-001
    outer loop
      vertex  4.222194e+000  2.094050e+001  1.112579e+001
      vertex  6.000000e+000  2.094050e+001  1.112579e+001
      vertex  5.208709e+000  2.150097e+001  1.116060e+001
    endloop
  endfacet
  facet normal  0.000000e+000 -6.198983e-002  9.980767e-001
    outer loop
      vertex  5.208709e+000  2.150097e+001  1.116060e+001
      vertex  6.000000e+000  2.094050e+001  1.112579e+001
      vertex  6.000000e+000  2.150097e+001  1.116060e+001
    endloop
  endfacet
  facet normal  0.000000e+000 -6.198983e-002  9.980768e-001
    outer loop
      vertex  0.000000e+000  2.094050e+001  1.112579e+001
      vertex  1.777806e+000  2.094050e+001  1.112579e+001
      vertex  0.000000e+000  2.150097e+001  1.116060e+001
    endloop
  endfacet
  facet normal  0.000000e+000 -6.198983e-002  9.980768e-001
    outer loop
      vertex  0.000000e+000  2.150097e+001  1.116060e+001
      vertex  1.777806e+000  2.094050e+001  1.112579e+001
      vertex  7.912913e-001  2.150097e+001  1.116060e+001
    endloop
  endfacet
  facet normal  0.000000e+000 -1.562172e-001  9.877228e-001
    outer loop
      vertex -1.776357e-015  1.988845e+001  1.095940e+001
      vertex  6.000000e+000  1.988845e+001  1.095940e+001
      vertex  6.000000e+000  2.094050e+001  1.112579e+001
    endloop
  endfacet
  facet normal  0.000000e+000 -1.562172e-001  9.877228e-001
    outer loop
      vertex -1.776357e-015  1.988845e+001  1.095940e+001
      vertex  6.000000e+000  2.094050e+001  1.112579e+001
      vertex  4.222194e+000  2.094050e+001  1.112579e+001
    endloop
  endfacet
  facet normal  0.000000e+000 -1.562172e-001  9.877227e-001
    outer loop
      vertex -1.776357e-015  1.988845e+001  1.095940e+001
      vertex  4.222194e+000  2.094050e+001  1.112579e+001
      vertex  1.777806e+000  2.094050e+001  1.112579e+001
    endloop
  endfacet
  facet normal  0.000000e+000 -1.562172e-001  9.877227e-001
    outer loop
      vertex -1.776357e-015  1.988845e+001  1.095940e+001
      vertex  1.777806e+000  2.094050e+001  1.112579e+001
      vertex  0.000000e+000  2.094050e+001  1.112579e+001
    endloop
  endfacet
  facet normal  0.000000e+000  7.825132e-001 -6.226340e-001
    outer loop
      vertex  6.000000e+000  1.933656e+001  1.190615e+001
      vertex  0.000000e+000  1.933656e+001  1.190615e+001
      vertex  0.000000e+000  1.999975e+001  1.273962e+001
    endloop
  endfacet
  facet normal  0.000000e+000  7.825132e-001 -6.226339e-001
    outer loop
      vertex  6.000000e+000  1.933656e+001  1.190615e+001
      vertex  0.000000e+000  1.999975e+001  1.273962e+001
      vertex  1.777806e+000  1.999975e+001  1.273962e+001
    endloop
  endfacet
  facet normal  0.000000e+000  7.825133e-001 -6.226340e-001
    outer loop
      vertex  6.000000e+000  1.933656e+001  1.190615e+001
      vertex  1.777806e+000  1.999975e+001  1.273962e+001
      vertex  4.222194e+000  1.999975e+001  1.273962e+001
    endloop
  endfacet
  facet normal  0.000000e+000  7.825133e-001 -6.226341e-001
    outer loop
      vertex  6.000000e+000  1.933656e+001  1.190615e+001
      vertex  4.222194e+000  1.999975e+001  1.273962e+001
      vertex  6.000000e+000  1.999975e+001  1.273962e+001
    endloop
  endfacet
  facet normal  0.000000e+000  8.379523e-001 -5.457436e-001
    outer loop
      vertex  0.000000e+000  2.030621e+001  1.321017e+001
      vertex  7.912913e-001  2.030621e+001  1.321017e+001
      vertex  0.000000e+000  1.999975e+001  1.273962e+001
    endloop
  endfacet
  facet normal  0.000000e+000  8.379522e-001 -5.457435e-001
    outer loop
      vertex  0.000000e+000  1.999975e+001  1.273962e+001
      vertex  7.912913e-001  2.030621e+001  1.321017e+001
      vertex  1.777806e+000  1.999975e+001  1.273962e+001
    endloop
  endfacet
  facet normal  0.000000e+000  8.379523e-001 -5.457436e-001
    outer loop
      vertex  5.208709e+000  2.030621e+001  1.321017e+001
      vertex  6.000000e+000  2.030621e+001  1.321017e+001
      vertex  4.222194e+000  1.999975e+001  1.273962e+001
    endloop
  endfacet
  facet normal  0.000000e+000  8.379523e-001 -5.457436e-001
    outer loop
      vertex  4.222194e+000  1.999975e+001  1.273962e+001
      vertex  6.000000e+000  2.030621e+001  1.321017e+001
      vertex  6.000000e+000  1.999975e+001  1.273962e+001
    endloop
  endfacet
  facet normal  0.000000e+000  8.298873e-001  5.579309e-001
    outer loop
      vertex  5.208709e+000  1.989726e+001  1.381845e+001
      vertex  6.000000e+000  1.989726e+001  1.381845e+001
      vertex  5.208709e+000  2.030621e+001  1.321017e+001
    endloop
  endfacet
  facet normal  -0.000000e+000  8.298873e-001  5.579309e-001
    outer loop
      vertex  5.208709e+000  2.030621e+001  1.321017e+001
      vertex  6.000000e+000  1.989726e+001  1.381845e+001
      vertex  6.000000e+000  2.030621e+001  1.321017e+001
    endloop
  endfacet
  facet normal  0.000000e+000  8.298873e-001  5.579309e-001
    outer loop
      vertex  0.000000e+000  1.989726e+001  1.381845e+001
      vertex  7.912913e-001  1.989726e+001  1.381845e+001
      vertex  0.000000e+000  2.030621e+001  1.321017e+001
    endloop
  endfacet
  facet normal  -0.000000e+000  8.298873e-001  5.579309e-001
    outer loop
      vertex  0.000000e+000  2.030621e+001  1.321017e+001
      vertex  7.912913e-001  1.989726e+001  1.381845e+001
      vertex  7.912913e-001  2.030621e+001  1.321017e+001
    endloop
  endfacet
  facet normal  0.000000e+000 -1.891112e-001  9.819557e-001
    outer loop
      vertex  4.222194e+000  1.934585e+001  1.371226e+001
      vertex  6.000000e+000  1.934585e+001  1.371226e+001
      vertex  5.208709e+000  1.989726e+001  1.381845e+001
    endloop
  endfacet
  facet normal  0.000000e+000 -1.891112e-001  9.819557e-001
    outer loop
      vertex  5.208709e+000  1.989726e+001  1.381845e+001
      vertex  6.000000e+000  1.934585e+001  1.371226e+001
      vertex  6.000000e+000  1.989726e+001  1.381845e+001
    endloop
  endfacet
  facet normal  0.000000e+000 -1.891112e-001  9.819556e-001
    outer loop
      vertex  0.000000e+000  1.934585e+001  1.371226e+001
      vertex  1.777806e+000  1.934585e+001  1.371226e+001
      vertex  0.000000e+000  1.989726e+001  1.381845e+001
    endloop
  endfacet
  facet normal  0.000000e+000 -1.891112e-001  9.819556e-001
    outer loop
      vertex  0.000000e+000  1.989726e+001  1.381845e+001
      vertex  1.777806e+000  1.934585e+001  1.371226e+001
      vertex  7.912913e-001  1.989726e+001  1.381845e+001
    endloop
  endfacet
  facet normal  0.000000e+000 -2.812418e-001  9.596369e-001
    outer loop
      vertex -1.776357e-015  1.832371e+001  1.341270e+001
      vertex  6.000000e+000  1.832371e+001  1.341270e+001
      vertex  6.000000e+000  1.934585e+001  1.371226e+001
    endloop
  endfacet
  facet normal  0.000000e+000 -2.812418e-001  9.596369e-001
    outer loop
      vertex -1.776357e-015  1.832371e+001  1.341270e+001
      vertex  6.000000e+000  1.934585e+001  1.371226e+001
      vertex  4.222194e+000  1.934585e+001  1.371226e+001
    endloop
  endfacet
  facet normal  0.000000e+000 -2.812417e-001  9.596369e-001
    outer loop
      vertex -1.776357e-015  1.832371e+001  1.341270e+001
      vertex  4.222194e+000  1.934585e+001  1.371226e+001
      vertex  1.777806e+000  1.934585e+001  1.371226e+001
    endloop
  endfacet
  facet normal  0.000000e+000 -2.812418e-001  9.596369e-001
    outer loop
      vertex -1.776357e-015  1.832371e+001  1.341270e+001
      vertex  1.777806e+000  1.934585e+001  1.371226e+001
      vertex  0.000000e+000  1.934585e+001  1.371226e+001
    endloop
  endfacet
  facet normal  0.000000e+000  8.557091e-001 -5.174572e-001
    outer loop
      vertex  6.000000e+000  1.765528e+001  1.428110e+001
      vertex  0.000000e+000  1.765528e+001  1.428110e+001
      vertex  0.000000e+000  1.820644e+001  1.519254e+001
    endloop
  endfacet
  facet normal  0.000000e+000  8.557090e-001 -5.174572e-001
    outer loop
      vertex  6.000000e+000  1.765528e+001  1.428110e+001
      vertex  0.000000e+000  1.820644e+001  1.519254e+001
      vertex  1.777806e+000  1.820644e+001  1.519254e+001
    endloop
  endfacet
  facet normal  0.000000e+000  8.557091e-001 -5.174572e-001
    outer loop
      vertex  6.000000e+000  1.765528e+001  1.428110e+001
      vertex  1.777806e+000  1.820644e+001  1.519254e+001
      vertex  4.222194e+000  1.820644e+001  1.519254e+001
    endloop
  endfacet
  facet normal  0.000000e+000  8.557091e-001 -5.174572e-001
    outer loop
      vertex  6.000000e+000  1.765528e+001  1.428110e+001
      vertex  4.222194e+000  1.820644e+001  1.519254e+001
      vertex  6.000000e+000  1.820644e+001  1.519254e+001
    endloop
  endfacet
  facet normal  0.000000e+000  9.008611e-001 -4.341073e-001
    outer loop
      vertex  0.000000e+000  1.845021e+001  1.569842e+001
      vertex  7.912913e-001  1.845021e+001  1.569842e+001
      vertex  0.000000e+000  1.820644e+001  1.519254e+001
    endloop
  endfacet
  facet normal  0.000000e+000  9.008611e-001 -4.341073e-001
    outer loop
      vertex  0.000000e+000  1.820644e+001  1.519254e+001
      vertex  7.912913e-001  1.845021e+001  1.569842e+001
      vertex  1.777806e+000  1.820644e+001  1.519254e+001
    endloop
  endfacet
  facet normal  0.000000e+000  9.008611e-001 -4.341073e-001
    outer loop
      vertex  5.208709e+000  1.845021e+001  1.569842e+001
      vertex  6.000000e+000  1.845021e+001  1.569842e+001
      vertex  4.222194e+000  1.820644e+001  1.519254e+001
    endloop
  endfacet
  facet normal  0.000000e+000  9.008611e-001 -4.341073e-001
    outer loop
      vertex  4.222194e+000  1.820644e+001  1.519254e+001
      vertex  6.000000e+000  1.845021e+001  1.569842e+001
      vertex  6.000000e+000  1.820644e+001  1.519254e+001
    endloop
  endfacet
  facet normal  0.000000e+000  7.517279e-001  6.594735e-001
    outer loop
      vertex  5.208709e+000  1.796684e+001  1.624941e+001
      vertex  6.000000e+000  1.796684e+001  1.624941e+001
      vertex  5.208709e+000  1.845021e+001  1.569842e+001
    endloop
  endfacet
  facet normal  -0.000000e+000  7.517279e-001  6.594735e-001
    outer loop
      vertex  5.208709e+000  1.845021e+001  1.569842e+001
      vertex  6.000000e+000  1.796684e+001  1.624941e+001
      vertex  6.000000e+000  1.845021e+001  1.569842e+001
    endloop
  endfacet
  facet normal  0.000000e+000  7.517278e-001  6.594734e-001
    outer loop
      vertex  0.000000e+000  1.796684e+001  1.624941e+001
      vertex  7.912913e-001  1.796684e+001  1.624941e+001
      vertex  0.000000e+000  1.845021e+001  1.569842e+001
    endloop
  endfacet
  facet normal  -0.000000e+000  7.517278e-001  6.594734e-001
    outer loop
      vertex  0.000000e+000  1.845021e+001  1.569842e+001
      vertex  7.912913e-001  1.796684e+001  1.624941e+001
      vertex  7.912913e-001  1.845021e+001  1.569842e+001
    endloop
  endfacet
  facet normal  0.000000e+000 -3.131294e-001  9.497105e-001
    outer loop
      vertex  4.222194e+000  1.743353e+001  1.607357e+001
      vertex  6.000000e+000  1.743353e+001  1.607357e+001
      vertex  5.208709e+000  1.796684e+001  1.624941e+001
    endloop
  endfacet
  facet normal  0.000000e+000 -3.131294e-001  9.497105e-001
    outer loop
      vertex  5.208709e+000  1.796684e+001  1.624941e+001
      vertex  6.000000e+000  1.743353e+001  1.607357e+001
      vertex  6.000000e+000  1.796684e+001  1.624941e+001
    endloop
  endfacet
  facet normal  0.000000e+000 -3.131294e-001  9.497105e-001
    outer loop
      vertex -1.776357e-015  1.743353e+001  1.607357e+001
      vertex  1.777806e+000  1.743353e+001  1.607357e+001
      vertex  0.000000e+000  1.796684e+001  1.624941e+001
    endloop
  endfacet
  facet normal  0.000000e+000 -3.131294e-001  9.497105e-001
    outer loop
      vertex  0.000000e+000  1.796684e+001  1.624941e+001
      vertex  1.777806e+000  1.743353e+001  1.607357e+001
      vertex  7.912913e-001  1.796684e+001  1.624941e+001
    endloop
  endfacet
  facet normal  0.000000e+000 -4.016486e-001  9.157940e-001
    outer loop
      vertex -1.776357e-015  1.645810e+001  1.564577e+001
      vertex  6.000000e+000  1.645810e+001  1.564577e+001
      vertex  6.000000e+000  1.743353e+001  1.607357e+001
    endloop
  endfacet
  facet normal  0.000000e+000 -4.016486e-001  9.157939e-001
    outer loop
      vertex -1.776357e-015  1.645810e+001  1.564577e+001
      vertex  6.000000e+000  1.743353e+001  1.607357e+001
      vertex  4.222194e+000  1.743353e+001  1.607357e+001
    endloop
  endfacet
  facet normal  0.000000e+000 -4.016485e-001  9.157938e-001
    outer loop
      vertex -1.776357e-015  1.645810e+001  1.564577e+001
      vertex  4.222194e+000  1.743353e+001  1.607357e+001
      vertex  1.777806e+000  1.743353e+001  1.607357e+001
    endloop
  endfacet
  facet normal  0.000000e+000 -4.016485e-001  9.157938e-001
    outer loop
      vertex -1.776357e-015  1.645810e+001  1.564577e+001
      vertex  1.777806e+000  1.743353e+001  1.607357e+001
      vertex -1.776357e-015  1.743353e+001  1.607357e+001
    endloop
  endfacet
  facet normal  0.000000e+000  9.148549e-001 -4.037828e-001
    outer loop
      vertex  6.000000e+000  1.568411e+001  1.642156e+001
      vertex  0.000000e+000  1.568411e+001  1.642156e+001
      vertex  0.000000e+000  1.611419e+001  1.739600e+001
    endloop
  endfacet
  facet normal  0.000000e+000  9.148549e-001 -4.037828e-001
    outer loop
      vertex  6.000000e+000  1.568411e+001  1.642156e+001
      vertex  0.000000e+000  1.611419e+001  1.739600e+001
      vertex  1.777806e+000  1.611419e+001  1.739600e+001
    endloop
  endfacet
  facet normal  0.000000e+000  9.148548e-001 -4.037828e-001
    outer loop
      vertex  6.000000e+000  1.568411e+001  1.642156e+001
      vertex  1.777806e+000  1.611419e+001  1.739600e+001
      vertex  4.222194e+000  1.611419e+001  1.739600e+001
    endloop
  endfacet
  facet normal  0.000000e+000  9.148549e-001 -4.037828e-001
    outer loop
      vertex  6.000000e+000  1.568411e+001  1.642156e+001
      vertex  4.222194e+000  1.611419e+001  1.739600e+001
      vertex  6.000000e+000  1.611419e+001  1.739600e+001
    endloop
  endfacet
  facet normal  0.000000e+000  9.489770e-001 -3.153452e-001
    outer loop
      vertex  0.000000e+000  1.629127e+001  1.792889e+001
      vertex  7.912913e-001  1.629127e+001  1.792889e+001
      vertex  0.000000e+000  1.611419e+001  1.739600e+001
    endloop
  endfacet
  facet normal  0.000000e+000  9.489770e-001 -3.153452e-001
    outer loop
      vertex  0.000000e+000  1.611419e+001  1.739600e+001
      vertex  7.912913e-001  1.629127e+001  1.792889e+001
      vertex  1.777806e+000  1.611419e+001  1.739600e+001
    endloop
  endfacet
  facet normal  0.000000e+000  9.489771e-001 -3.153452e-001
    outer loop
      vertex  5.208709e+000  1.629127e+001  1.792889e+001
      vertex  6.000000e+000  1.629127e+001  1.792889e+001
      vertex  4.222194e+000  1.611419e+001  1.739600e+001
    endloop
  endfacet
  facet normal  0.000000e+000  9.489771e-001 -3.153452e-001
    outer loop
      vertex  4.222194e+000  1.611419e+001  1.739600e+001
      vertex  6.000000e+000  1.629127e+001  1.792889e+001
      vertex  6.000000e+000  1.611419e+001  1.739600e+001
    endloop
  endfacet
  facet normal  0.000000e+000  6.612237e-001  7.501887e-001
    outer loop
      vertex  5.208709e+000  1.574140e+001  1.841355e+001
      vertex  6.000000e+000  1.574140e+001  1.841355e+001
      vertex  5.208709e+000  1.629127e+001  1.792889e+001
    endloop
  endfacet
  facet normal  -0.000000e+000  6.612237e-001  7.501887e-001
    outer loop
      vertex  5.208709e+000  1.629127e+001  1.792889e+001
      vertex  6.000000e+000  1.574140e+001  1.841355e+001
      vertex  6.000000e+000  1.629127e+001  1.792889e+001
    endloop
  endfacet
  facet normal  0.000000e+000  6.612238e-001  7.501888e-001
    outer loop
      vertex  0.000000e+000  1.574140e+001  1.841355e+001
      vertex  7.912913e-001  1.574140e+001  1.841355e+001
      vertex  0.000000e+000  1.629127e+001  1.792889e+001
    endloop
  endfacet
  facet normal  -0.000000e+000  6.612238e-001  7.501888e-001
    outer loop
      vertex  0.000000e+000  1.629127e+001  1.792889e+001
      vertex  7.912913e-001  1.574140e+001  1.841355e+001
      vertex  7.912913e-001  1.629127e+001  1.792889e+001
    endloop
  endfacet
  facet normal  0.000000e+000 -4.320053e-001  9.018711e-001
    outer loop
      vertex  4.222194e+000  1.523496e+001  1.817096e+001
      vertex  6.000000e+000  1.523496e+001  1.817096e+001
      vertex  5.208709e+000  1.574140e+001  1.841355e+001
    endloop
  endfacet
  facet normal  0.000000e+000 -4.320053e-001  9.018710e-001
    outer loop
      vertex  5.208709e+000  1.574140e+001  1.841355e+001
      vertex  6.000000e+000  1.523496e+001  1.817096e+001
      vertex  6.000000e+000  1.574140e+001  1.841355e+001
    endloop
  endfacet
  facet normal  0.000000e+000 -4.320053e-001  9.018710e-001
    outer loop
      vertex -1.776357e-015  1.523496e+001  1.817096e+001
      vertex  1.777806e+000  1.523496e+001  1.817096e+001
      vertex  0.000000e+000  1.574140e+001  1.841355e+001
    endloop
  endfacet
  facet normal  0.000000e+000 -4.320054e-001  9.018711e-001
    outer loop
      vertex  0.000000e+000  1.574140e+001  1.841355e+001
      vertex  1.777806e+000  1.523496e+001  1.817096e+001
      vertex  7.912913e-001  1.574140e+001  1.841355e+001
    endloop
  endfacet
  facet normal  0.000000e+000 -5.154593e-001  8.569141e-001
    outer loop
      vertex  0.000000e+000  1.432224e+001  1.762193e+001
      vertex  6.000000e+000  1.432224e+001  1.762193e+001
      vertex  6.000000e+000  1.523496e+001  1.817096e+001
    endloop
  endfacet
  facet normal  0.000000e+000 -5.154592e-001  8.569140e-001
    outer loop
      vertex  0.000000e+000  1.432224e+001  1.762193e+001
      vertex  6.000000e+000  1.523496e+001  1.817096e+001
      vertex  4.222194e+000  1.523496e+001  1.817096e+001
    endloop
  endfacet
  facet normal  0.000000e+000 -5.154593e-001  8.569141e-001
    outer loop
      vertex  0.000000e+000  1.432224e+001  1.762193e+001
      vertex  4.222194e+000  1.523496e+001  1.817096e+001
      vertex  1.777806e+000  1.523496e+001  1.817096e+001
    endloop
  endfacet
  facet normal  0.000000e+000 -5.154592e-001  8.569141e-001
    outer loop
      vertex  0.000000e+000  1.432224e+001  1.762193e+001
      vertex  1.777806e+000  1.523496e+001  1.817096e+001
      vertex -1.776357e-015  1.523496e+001  1.817096e+001
    endloop
  endfacet
  facet normal  0.000000e+000  9.589786e-001 -2.834786e-001
    outer loop
      vertex  6.000000e+000  1.345540e+001  1.829238e+001
      vertex -1.776357e-015  1.345540e+001  1.829238e+001
      vertex  0.000000e+000  1.375734e+001  1.931382e+001
    endloop
  endfacet
  facet normal  0.000000e+000  9.589785e-001 -2.834785e-001
    outer loop
      vertex  6.000000e+000  1.345540e+001  1.829238e+001
      vertex  0.000000e+000  1.375734e+001  1.931382e+001
      vertex  1.777806e+000  1.375734e+001  1.931382e+001
    endloop
  endfacet
  facet normal  0.000000e+000  9.589785e-001 -2.834786e-001
    outer loop
      vertex  6.000000e+000  1.345540e+001  1.829238e+001
      vertex  1.777806e+000  1.375734e+001  1.931382e+001
      vertex  4.222194e+000  1.375734e+001  1.931382e+001
    endloop
  endfacet
  facet normal  0.000000e+000  9.589785e-001 -2.834786e-001
    outer loop
      vertex  6.000000e+000  1.345540e+001  1.829238e+001
      vertex  4.222194e+000  1.375734e+001  1.931382e+001
      vertex  6.000000e+000  1.375734e+001  1.931382e+001
    endloop
  endfacet
  facet normal  0.000000e+000  9.815117e-001 -1.914024e-001
    outer loop
      vertex  0.000000e+000  1.386482e+001  1.986498e+001
      vertex  7.912913e-001  1.386482e+001  1.986498e+001
      vertex  0.000000e+000  1.375734e+001  1.931382e+001
    endloop
  endfacet
  facet normal  0.000000e+000  9.815117e-001 -1.914024e-001
    outer loop
      vertex  0.000000e+000  1.375734e+001  1.931382e+001
      vertex  7.912913e-001  1.386482e+001  1.986498e+001
      vertex  1.777806e+000  1.375734e+001  1.931382e+001
    endloop
  endfacet
  facet normal  0.000000e+000  9.815117e-001 -1.914024e-001
    outer loop
      vertex  5.208709e+000  1.386482e+001  1.986498e+001
      vertex  6.000000e+000  1.386482e+001  1.986498e+001
      vertex  4.222194e+000  1.375734e+001  1.931382e+001
    endloop
  endfacet
  facet normal  0.000000e+000  9.815117e-001 -1.914024e-001
    outer loop
      vertex  4.222194e+000  1.375734e+001  1.931382e+001
      vertex  6.000000e+000  1.386482e+001  1.986498e+001
      vertex  6.000000e+000  1.375734e+001  1.931382e+001
    endloop
  endfacet
  facet normal  0.000000e+000  5.598647e-001  8.285840e-001
    outer loop
      vertex  5.208709e+000  1.325749e+001  2.027534e+001
      vertex  6.000000e+000  1.325749e+001  2.027534e+001
      vertex  5.208709e+000  1.386482e+001  1.986498e+001
    endloop
  endfacet
  facet normal  -0.000000e+000  5.598647e-001  8.285840e-001
    outer loop
      vertex  5.208709e+000  1.386482e+001  1.986498e+001
      vertex  6.000000e+000  1.325749e+001  2.027534e+001
      vertex  6.000000e+000  1.386482e+001  1.986498e+001
    endloop
  endfacet
  facet normal  0.000000e+000  5.598647e-001  8.285840e-001
    outer loop
      vertex  0.000000e+000  1.325749e+001  2.027534e+001
      vertex  7.912913e-001  1.325749e+001  2.027534e+001
      vertex  0.000000e+000  1.386482e+001  1.986498e+001
    endloop
  endfacet
  facet normal  -0.000000e+000  5.598647e-001  8.285840e-001
    outer loop
      vertex  0.000000e+000  1.386482e+001  1.986498e+001
      vertex  7.912913e-001  1.325749e+001  2.027534e+001
      vertex  7.912913e-001  1.386482e+001  1.986498e+001
    endloop
  endfacet
  facet normal  0.000000e+000 -5.437874e-001  8.392230e-001
    outer loop
      vertex  4.222194e+000  1.278623e+001  1.996998e+001
      vertex  6.000000e+000  1.278623e+001  1.996998e+001
      vertex  5.208709e+000  1.325749e+001  2.027534e+001
    endloop
  endfacet
  facet normal  0.000000e+000 -5.437874e-001  8.392230e-001
    outer loop
      vertex  5.208709e+000  1.325749e+001  2.027534e+001
      vertex  6.000000e+000  1.278623e+001  1.996998e+001
      vertex  6.000000e+000  1.325749e+001  2.027534e+001
    endloop
  endfacet
  facet normal  0.000000e+000 -5.437874e-001  8.392230e-001
    outer loop
      vertex  0.000000e+000  1.278623e+001  1.996998e+001
      vertex  1.777806e+000  1.278623e+001  1.996998e+001
      vertex  0.000000e+000  1.325749e+001  2.027534e+001
    endloop
  endfacet
  facet normal  0.000000e+000 -5.437874e-001  8.392230e-001
    outer loop
      vertex  0.000000e+000  1.325749e+001  2.027534e+001
      vertex  1.777806e+000  1.278623e+001  1.996998e+001
      vertex  7.912913e-001  1.325749e+001  2.027534e+001
    endloop
  endfacet
  facet normal  0.000000e+000 -6.208072e-001  7.839633e-001
    outer loop
      vertex -1.776357e-015  1.195121e+001  1.930874e+001
      vertex  6.000000e+000  1.195121e+001  1.930874e+001
      vertex  6.000000e+000  1.278623e+001  1.996998e+001
    endloop
  endfacet
  facet normal  0.000000e+000 -6.208071e-001  7.839634e-001
    outer loop
      vertex -1.776357e-015  1.195121e+001  1.930874e+001
      vertex  6.000000e+000  1.278623e+001  1.996998e+001
      vertex  4.222194e+000  1.278623e+001  1.996998e+001
    endloop
  endfacet
  facet normal  0.000000e+000 -6.208072e-001  7.839633e-001
    outer loop
      vertex -1.776357e-015  1.195121e+001  1.930874e+001
      vertex  4.222194e+000  1.278623e+001  1.996998e+001
      vertex  1.777806e+000  1.278623e+001  1.996998e+001
    endloop
  endfacet
  facet normal  0.000000e+000 -6.208072e-001  7.839634e-001
    outer loop
      vertex -1.776357e-015  1.195121e+001  1.930874e+001
      vertex  1.777806e+000  1.278623e+001  1.996998e+001
      vertex  0.000000e+000  1.278623e+001  1.996998e+001
    endloop
  endfacet
  facet normal  0.000000e+000  9.873557e-001 -1.585201e-001
    outer loop
      vertex  6.000000e+000  1.100575e+001  1.986284e+001
      vertex -1.776357e-015  1.100575e+001  1.986284e+001
      vertex -1.776357e-015  1.117459e+001  2.091450e+001
    endloop
  endfacet
  facet normal  0.000000e+000  9.873558e-001 -1.585201e-001
    outer loop
      vertex  6.000000e+000  1.100575e+001  1.986284e+001
      vertex -1.776357e-015  1.117459e+001  2.091450e+001
      vertex  1.777806e+000  1.117459e+001  2.091450e+001
    endloop
  endfacet
  facet normal  0.000000e+000  9.873558e-001 -1.585201e-001
    outer loop
      vertex  6.000000e+000  1.100575e+001  1.986284e+001
      vertex  1.777806e+000  1.117459e+001  2.091450e+001
      vertex  4.222194e+000  1.117459e+001  2.091450e+001
    endloop
  endfacet
  facet normal  0.000000e+000  9.873558e-001 -1.585201e-001
    outer loop
      vertex  6.000000e+000  1.100575e+001  1.986284e+001
      vertex  4.222194e+000  1.117459e+001  2.091450e+001
      vertex  6.000000e+000  1.117459e+001  2.091450e+001
    endloop
  endfacet
  facet normal  0.000000e+000  9.979294e-001 -6.431811e-002
    outer loop
      vertex -1.776357e-015  1.121071e+001  2.147488e+001
      vertex  7.912913e-001  1.121071e+001  2.147488e+001
      vertex -1.776357e-015  1.117459e+001  2.091450e+001
    endloop
  endfacet
  facet normal  0.000000e+000  9.979295e-001 -6.431811e-002
    outer loop
      vertex -1.776357e-015  1.117459e+001  2.091450e+001
      vertex  7.912913e-001  1.121071e+001  2.147488e+001
      vertex  1.777806e+000  1.117459e+001  2.091450e+001
    endloop
  endfacet
  facet normal  0.000000e+000  9.979295e-001 -6.431811e-002
    outer loop
      vertex  5.208709e+000  1.121071e+001  2.147488e+001
      vertex  6.000000e+000  1.121071e+001  2.147488e+001
      vertex  4.222194e+000  1.117459e+001  2.091450e+001
    endloop
  endfacet
  facet normal  0.000000e+000  9.979294e-001 -6.431811e-002
    outer loop
      vertex  4.222194e+000  1.117459e+001  2.091450e+001
      vertex  6.000000e+000  1.121071e+001  2.147488e+001
      vertex  6.000000e+000  1.117459e+001  2.091450e+001
    endloop
  endfacet
  facet normal  0.000000e+000  4.493113e-001  8.933752e-001
    outer loop
      vertex  5.208709e+000  1.055590e+001  2.180421e+001
      vertex  6.000000e+000  1.055590e+001  2.180421e+001
      vertex  5.208709e+000  1.121071e+001  2.147488e+001
    endloop
  endfacet
  facet normal  -0.000000e+000  4.493113e-001  8.933752e-001
    outer loop
      vertex  5.208709e+000  1.121071e+001  2.147488e+001
      vertex  6.000000e+000  1.055590e+001  2.180421e+001
      vertex  6.000000e+000  1.121071e+001  2.147488e+001
    endloop
  endfacet
  facet normal  0.000000e+000  4.493113e-001  8.933752e-001
    outer loop
      vertex  0.000000e+000  1.055590e+001  2.180421e+001
      vertex  7.912913e-001  1.055590e+001  2.180421e+001
      vertex -1.776357e-015  1.121071e+001  2.147488e+001
    endloop
  endfacet
  facet normal  -0.000000e+000  4.493113e-001  8.933752e-001
    outer loop
      vertex -1.776357e-015  1.121071e+001  2.147488e+001
      vertex  7.912913e-001  1.055590e+001  2.180421e+001
      vertex  7.912913e-001  1.121071e+001  2.147488e+001
    endloop
  endfacet
  facet normal  0.000000e+000 -6.466407e-001  7.627947e-001
    outer loop
      vertex  4.222194e+000  1.012755e+001  2.144110e+001
      vertex  6.000000e+000  1.012755e+001  2.144110e+001
      vertex  5.208709e+000  1.055590e+001  2.180421e+001
    endloop
  endfacet
  facet normal  0.000000e+000 -6.466407e-001  7.627947e-001
    outer loop
      vertex  5.208709e+000  1.055590e+001  2.180421e+001
      vertex  6.000000e+000  1.012755e+001  2.144110e+001
      vertex  6.000000e+000  1.055590e+001  2.180421e+001
    endloop
  endfacet
  facet normal  0.000000e+000 -6.466407e-001  7.627947e-001
    outer loop
      vertex  0.000000e+000  1.012755e+001  2.144110e+001
      vertex  1.777806e+000  1.012755e+001  2.144110e+001
      vertex  0.000000e+000  1.055590e+001  2.180421e+001
    endloop
  endfacet
  facet normal  0.000000e+000 -6.466407e-001  7.627948e-001
    outer loop
      vertex  0.000000e+000  1.055590e+001  2.180421e+001
      vertex  1.777806e+000  1.012755e+001  2.144110e+001
      vertex  7.912913e-001  1.055590e+001  2.180421e+001
    endloop
  endfacet
  facet normal  0.000000e+000 -7.159622e-001  6.981391e-001
    outer loop
      vertex  0.000000e+000  9.383946e+000  2.067850e+001
      vertex  6.000000e+000  9.383946e+000  2.067850e+001
      vertex  6.000000e+000  1.012755e+001  2.144110e+001
    endloop
  endfacet
  facet normal  0.000000e+000 -7.159622e-001  6.981391e-001
    outer loop
      vertex  0.000000e+000  9.383946e+000  2.067850e+001
      vertex  6.000000e+000  1.012755e+001  2.144110e+001
      vertex  4.222194e+000  1.012755e+001  2.144110e+001
    endloop
  endfacet
  facet normal  0.000000e+000 -7.159622e-001  6.981391e-001
    outer loop
      vertex  0.000000e+000  9.383946e+000  2.067850e+001
      vertex  4.222194e+000  1.012755e+001  2.144110e+001
      vertex  1.777806e+000  1.012755e+001  2.144110e+001
    endloop
  endfacet
  facet normal  0.000000e+000 -7.159622e-001  6.981391e-001
    outer loop
      vertex  0.000000e+000  9.383946e+000  2.067850e+001
      vertex  1.777806e+000  1.012755e+001  2.144110e+001
      vertex  0.000000e+000  1.012755e+001  2.144110e+001
    endloop
  endfacet
  facet normal  0.000000e+000  9.995207e-001 -3.095886e-002
    outer loop
      vertex  6.000000e+000  8.375390e+000  2.110715e+001
      vertex  0.000000e+000  8.375390e+000  2.110715e+001
      vertex -1.776357e-015  8.408365e+000  2.217177e+001
    endloop
  endfacet
  facet normal  0.000000e+000  9.995207e-001 -3.095886e-002
    outer loop
      vertex  6.000000e+000  8.375390e+000  2.110715e+001
      vertex -1.776357e-015  8.408365e+000  2.217177e+001
      vertex  1.777806e+000  8.408365e+000  2.217177e+001
    endloop
  endfacet
  facet normal  0.000000e+000  9.995207e-001 -3.095886e-002
    outer loop
      vertex  6.000000e+000  8.375390e+000  2.110715e+001
      vertex  1.777806e+000  8.408365e+000  2.217177e+001
      vertex  4.222194e+000  8.408365e+000  2.217177e+001
    endloop
  endfacet
  facet normal  0.000000e+000  9.995206e-001 -3.095886e-002
    outer loop
      vertex  6.000000e+000  8.375390e+000  2.110715e+001
      vertex  4.222194e+000  8.408365e+000  2.217177e+001
      vertex  6.000000e+000  8.408365e+000  2.217177e+001
    endloop
  endfacet
  facet normal  0.000000e+000  9.979612e-001  6.382398e-002
    outer loop
      vertex -1.776357e-015  8.372525e+000  2.273217e+001
      vertex  7.912913e-001  8.372525e+000  2.273217e+001
      vertex -1.776357e-015  8.408365e+000  2.217177e+001
    endloop
  endfacet
  facet normal  -0.000000e+000  9.979612e-001  6.382399e-002
    outer loop
      vertex -1.776357e-015  8.408365e+000  2.217177e+001
      vertex  7.912913e-001  8.372525e+000  2.273217e+001
      vertex  1.777806e+000  8.408365e+000  2.217177e+001
    endloop
  endfacet
  facet normal  0.000000e+000  9.979611e-001  6.382398e-002
    outer loop
      vertex  5.208709e+000  8.372525e+000  2.273217e+001
      vertex  6.000000e+000  8.372525e+000  2.273217e+001
      vertex  4.222194e+000  8.408365e+000  2.217177e+001
    endloop
  endfacet
  facet normal  -0.000000e+000  9.979612e-001  6.382398e-002
    outer loop
      vertex  4.222194e+000  8.408365e+000  2.217177e+001
      vertex  6.000000e+000  8.372525e+000  2.273217e+001
      vertex  6.000000e+000  8.408365e+000  2.217177e+001
    endloop
  endfacet
  facet normal  0.000000e+000  3.313788e-001  9.434978e-001
    outer loop
      vertex  5.208709e+000  7.680974e+000  2.297506e+001
      vertex  6.000000e+000  7.680974e+000  2.297506e+001
      vertex  5.208709e+000  8.372525e+000  2.273217e+001
    endloop
  endfacet
  facet normal  -0.000000e+000  3.313788e-001  9.434978e-001
    outer loop
      vertex  5.208709e+000  8.372525e+000  2.273217e+001
      vertex  6.000000e+000  7.680974e+000  2.297506e+001
      vertex  6.000000e+000  8.372525e+000  2.273217e+001
    endloop
  endfacet
  facet normal  0.000000e+000  3.313788e-001  9.434978e-001
    outer loop
      vertex  0.000000e+000  7.680974e+000  2.297506e+001
      vertex  7.912913e-001  7.680974e+000  2.297506e+001
      vertex -1.776357e-015  8.372525e+000  2.273217e+001
    endloop
  endfacet
  facet normal  -0.000000e+000  3.313788e-001  9.434978e-001
    outer loop
      vertex -1.776357e-015  8.372525e+000  2.273217e+001
      vertex  7.912913e-001  7.680974e+000  2.297506e+001
      vertex  7.912913e-001  8.372525e+000  2.273217e+001
    endloop
  endfacet
  facet normal  0.000000e+000 -7.388750e-001  6.738426e-001
    outer loop
      vertex  4.222194e+000  7.302581e+000  2.256015e+001
      vertex  6.000000e+000  7.302581e+000  2.256015e+001
      vertex  5.208709e+000  7.680974e+000  2.297506e+001
    endloop
  endfacet
  facet normal  0.000000e+000 -7.388750e-001  6.738427e-001
    outer loop
      vertex  5.208709e+000  7.680974e+000  2.297506e+001
      vertex  6.000000e+000  7.302581e+000  2.256015e+001
      vertex  6.000000e+000  7.680974e+000  2.297506e+001
    endloop
  endfacet
  facet normal  0.000000e+000 -7.388749e-001  6.738425e-001
    outer loop
      vertex -1.776357e-015  7.302581e+000  2.256015e+001
      vertex  1.777806e+000  7.302581e+000  2.256015e+001
      vertex  0.000000e+000  7.680974e+000  2.297506e+001
    endloop
  endfacet
  facet normal  0.000000e+000 -7.388750e-001  6.738426e-001
    outer loop
      vertex  0.000000e+000  7.680974e+000  2.297506e+001
      vertex  1.777806e+000  7.302581e+000  2.256015e+001
      vertex  7.912913e-001  7.680974e+000  2.297506e+001
    endloop
  endfacet
  facet normal  0.000000e+000 -7.993600e-001  6.008523e-001
    outer loop
      vertex  0.000000e+000  6.662596e+000  2.170872e+001
      vertex  6.000000e+000  6.662596e+000  2.170872e+001
      vertex  6.000000e+000  7.302581e+000  2.256015e+001
    endloop
  endfacet
  facet normal  0.000000e+000 -7.993601e-001  6.008524e-001
    outer loop
      vertex  0.000000e+000  6.662596e+000  2.170872e+001
      vertex  6.000000e+000  7.302581e+000  2.256015e+001
      vertex  4.222194e+000  7.302581e+000  2.256015e+001
    endloop
  endfacet
  facet normal  0.000000e+000 -7.993600e-001  6.008523e-001
    outer loop
      vertex  0.000000e+000  6.662596e+000  2.170872e+001
      vertex  4.222194e+000  7.302581e+000  2.256015e+001
      vertex  1.777806e+000  7.302581e+000  2.256015e+001
    endloop
  endfacet
  facet normal  0.000000e+000 -7.993600e-001  6.008523e-001
    outer loop
      vertex  0.000000e+000  6.662596e+000  2.170872e+001
      vertex  1.777806e+000  7.302581e+000  2.256015e+001
      vertex -1.776357e-015  7.302581e+000  2.256015e+001
    endloop
  endfacet
  facet normal  -0.000000e+000  9.952736e-001  9.711168e-002
    outer loop
      vertex  6.000000e+000  5.607506e+000  2.200488e+001
      vertex -1.776357e-015  5.607506e+000  2.200488e+001
      vertex  0.000000e+000  5.504069e+000  2.306498e+001
    endloop
  endfacet
  facet normal  -0.000000e+000  9.952735e-001  9.711167e-002
    outer loop
      vertex  6.000000e+000  5.607506e+000  2.200488e+001
      vertex  0.000000e+000  5.504069e+000  2.306498e+001
      vertex  1.777806e+000  5.504069e+000  2.306498e+001
    endloop
  endfacet
  facet normal  -0.000000e+000  9.952735e-001  9.711166e-002
    outer loop
      vertex  6.000000e+000  5.607506e+000  2.200488e+001
      vertex  1.777806e+000  5.504069e+000  2.306498e+001
      vertex  4.222194e+000  5.504069e+000  2.306498e+001
    endloop
  endfacet
  facet normal  -0.000000e+000  9.952735e-001  9.711166e-002
    outer loop
      vertex  6.000000e+000  5.607506e+000  2.200488e+001
      vertex  4.222194e+000  5.504069e+000  2.306498e+001
      vertex  6.000000e+000  5.504069e+000  2.306498e+001
    endloop
  endfacet
  facet normal  0.000000e+000  9.816067e-001  1.909149e-001
    outer loop
      vertex  0.000000e+000  5.396862e+000  2.361619e+001
      vertex  7.912913e-001  5.396862e+000  2.361619e+001
      vertex  0.000000e+000  5.504069e+000  2.306498e+001
    endloop
  endfacet
  facet normal  -0.000000e+000  9.816065e-001  1.909149e-001
    outer loop
      vertex  0.000000e+000  5.504069e+000  2.306498e+001
      vertex  7.912913e-001  5.396862e+000  2.361619e+001
      vertex  1.777806e+000  5.504069e+000  2.306498e+001
    endloop
  endfacet
  facet normal  0.000000e+000  9.816066e-001  1.909149e-001
    outer loop
      vertex  5.208709e+000  5.396862e+000  2.361619e+001
      vertex  6.000000e+000  5.396862e+000  2.361619e+001
      vertex  4.222194e+000  5.504069e+000  2.306498e+001
    endloop
  endfacet
  facet normal  -0.000000e+000  9.816066e-001  1.909149e-001
    outer loop
      vertex  4.222194e+000  5.504069e+000  2.306498e+001
      vertex  6.000000e+000  5.396862e+000  2.361619e+001
      vertex  6.000000e+000  5.504069e+000  2.306498e+001
    endloop
  endfacet
  facet normal  0.000000e+000  2.080068e-001  9.781274e-001
    outer loop
      vertex  5.208709e+000  4.679927e+000  2.376865e+001
      vertex  6.000000e+000  4.679927e+000  2.376865e+001
      vertex  5.208709e+000  5.396862e+000  2.361619e+001
    endloop
  endfacet
  facet normal  -0.000000e+000  2.080068e-001  9.781274e-001
    outer loop
      vertex  5.208709e+000  5.396862e+000  2.361619e+001
      vertex  6.000000e+000  4.679927e+000  2.376865e+001
      vertex  6.000000e+000  5.396862e+000  2.361619e+001
    endloop
  endfacet
  facet normal  0.000000e+000  2.080068e-001  9.781274e-001
    outer loop
      vertex  0.000000e+000  4.679927e+000  2.376865e+001
      vertex  7.912913e-001  4.679927e+000  2.376865e+001
      vertex  0.000000e+000  5.396862e+000  2.361619e+001
    endloop
  endfacet
  facet normal  -0.000000e+000  2.080068e-001  9.781274e-001
    outer loop
      vertex  0.000000e+000  5.396862e+000  2.361619e+001
      vertex  7.912913e-001  4.679927e+000  2.376865e+001
      vertex  7.912913e-001  5.396862e+000  2.361619e+001
    endloop
  endfacet
  facet normal  0.000000e+000 -8.189780e-001  5.738248e-001
    outer loop
      vertex  4.222194e+000  4.357699e+000  2.330876e+001
      vertex  6.000000e+000  4.357699e+000  2.330876e+001
      vertex  5.208709e+000  4.679927e+000  2.376865e+001
    endloop
  endfacet
  facet normal  0.000000e+000 -8.189780e-001  5.738248e-001
    outer loop
      vertex  5.208709e+000  4.679927e+000  2.376865e+001
      vertex  6.000000e+000  4.357699e+000  2.330876e+001
      vertex  6.000000e+000  4.679927e+000  2.376865e+001
    endloop
  endfacet
  facet normal  0.000000e+000 -8.189781e-001  5.738248e-001
    outer loop
      vertex  0.000000e+000  4.357699e+000  2.330876e+001
      vertex  1.777806e+000  4.357699e+000  2.330876e+001
      vertex  0.000000e+000  4.679927e+000  2.376865e+001
    endloop
  endfacet
  facet normal  0.000000e+000 -8.189781e-001  5.738249e-001
    outer loop
      vertex  0.000000e+000  4.679927e+000  2.376865e+001
      vertex  1.777806e+000  4.357699e+000  2.330876e+001
      vertex  7.912913e-001  4.679927e+000  2.376865e+001
    endloop
  endfacet
  facet normal  0.000000e+000 -8.696327e-001  4.936993e-001
    outer loop
      vertex -1.776357e-015  3.831846e+000  2.238249e+001
      vertex  6.000000e+000  3.831846e+000  2.238249e+001
      vertex  6.000000e+000  4.357699e+000  2.330876e+001
    endloop
  endfacet
  facet normal  0.000000e+000 -8.696327e-001  4.936992e-001
    outer loop
      vertex -1.776357e-015  3.831846e+000  2.238249e+001
      vertex  6.000000e+000  4.357699e+000  2.330876e+001
      vertex  4.222194e+000  4.357699e+000  2.330876e+001
    endloop
  endfacet
  facet normal  0.000000e+000 -8.696327e-001  4.936993e-001
    outer loop
      vertex -1.776357e-015  3.831846e+000  2.238249e+001
      vertex  4.222194e+000  4.357699e+000  2.330876e+001
      vertex  1.777806e+000  4.357699e+000  2.330876e+001
    endloop
  endfacet
  facet normal  0.000000e+000 -8.696327e-001  4.936993e-001
    outer loop
      vertex -1.776357e-015  3.831846e+000  2.238249e+001
      vertex  1.777806e+000  4.357699e+000  2.330876e+001
      vertex  0.000000e+000  4.357699e+000  2.330876e+001
    endloop
  endfacet
  facet normal  -0.000000e+000  9.746840e-001  2.235872e-001
    outer loop
      vertex  6.000000e+000  2.747547e+000  2.254129e+001
      vertex -1.776357e-015  2.747547e+000  2.254129e+001
      vertex -1.776357e-015  2.509398e+000  2.357946e+001
    endloop
  endfacet
  facet normal  -0.000000e+000  9.746839e-001  2.235872e-001
    outer loop
      vertex  6.000000e+000  2.747547e+000  2.254129e+001
      vertex -1.776357e-015  2.509398e+000  2.357946e+001
      vertex  1.777806e+000  2.509398e+000  2.357946e+001
    endloop
  endfacet
  facet normal  -0.000000e+000  9.746839e-001  2.235871e-001
    outer loop
      vertex  6.000000e+000  2.747547e+000  2.254129e+001
      vertex  1.777806e+000  2.509398e+000  2.357946e+001
      vertex  4.222194e+000  2.509398e+000  2.357946e+001
    endloop
  endfacet
  facet normal  -0.000000e+000  9.746840e-001  2.235872e-001
    outer loop
      vertex  6.000000e+000  2.747547e+000  2.254129e+001
      vertex  4.222194e+000  2.509398e+000  2.357946e+001
      vertex  6.000000e+000  2.509398e+000  2.357946e+001
    endloop
  endfacet
  facet normal  0.000000e+000  9.491338e-001  3.148732e-001
    outer loop
      vertex -1.776357e-015  2.332582e+000  2.411244e+001
      vertex  7.912913e-001  2.332582e+000  2.411244e+001
      vertex -1.776357e-015  2.509398e+000  2.357946e+001
    endloop
  endfacet
  facet normal  -0.000000e+000  9.491337e-001  3.148732e-001
    outer loop
      vertex -1.776357e-015  2.509398e+000  2.357946e+001
      vertex  7.912913e-001  2.332582e+000  2.411244e+001
      vertex  1.777806e+000  2.509398e+000  2.357946e+001
    endloop
  endfacet
  facet normal  0.000000e+000  9.491337e-001  3.148732e-001
    outer loop
      vertex  5.208709e+000  2.332582e+000  2.411244e+001
      vertex  6.000000e+000  2.332582e+000  2.411244e+001
      vertex  4.222194e+000  2.509398e+000  2.357946e+001
    endloop
  endfacet
  facet normal  -0.000000e+000  9.491338e-001  3.148732e-001
    outer loop
      vertex  4.222194e+000  2.509398e+000  2.357946e+001
      vertex  6.000000e+000  2.332582e+000  2.411244e+001
      vertex  6.000000e+000  2.509398e+000  2.357946e+001
    endloop
  endfacet
  facet normal  0.000000e+000  8.121824e-002  9.966963e-001
    outer loop
      vertex  5.208709e+000  1.602037e+000  2.417197e+001
      vertex  6.000000e+000  1.602037e+000  2.417197e+001
      vertex  5.208709e+000  2.332582e+000  2.411244e+001
    endloop
  endfacet
  facet normal  -0.000000e+000  8.121824e-002  9.966963e-001
    outer loop
      vertex  5.208709e+000  2.332582e+000  2.411244e+001
      vertex  6.000000e+000  1.602037e+000  2.417197e+001
      vertex  6.000000e+000  2.332582e+000  2.411244e+001
    endloop
  endfacet
  facet normal  0.000000e+000  8.121825e-002  9.966963e-001
    outer loop
      vertex  0.000000e+000  1.602037e+000  2.417197e+001
      vertex  7.912913e-001  1.602037e+000  2.417197e+001
      vertex -1.776357e-015  2.332582e+000  2.411244e+001
    endloop
  endfacet
  facet normal  -0.000000e+000  8.121825e-002  9.966963e-001
    outer loop
      vertex -1.776357e-015  2.332582e+000  2.411244e+001
      vertex  7.912913e-001  1.602037e+000  2.417197e+001
      vertex  7.912913e-001  2.332582e+000  2.411244e+001
    endloop
  endfacet
  facet normal  0.000000e+000 -8.856333e-001  4.643853e-001
    outer loop
      vertex  4.222194e+000  1.341265e+000  2.367465e+001
      vertex  6.000000e+000  1.341265e+000  2.367465e+001
      vertex  5.208709e+000  1.602037e+000  2.417197e+001
    endloop
  endfacet
  facet normal  0.000000e+000 -8.856333e-001  4.643854e-001
    outer loop
      vertex  5.208709e+000  1.602037e+000  2.417197e+001
      vertex  6.000000e+000  1.341265e+000  2.367465e+001
      vertex  6.000000e+000  1.602037e+000  2.417197e+001
    endloop
  endfacet
  facet normal  0.000000e+000 -8.856332e-001  4.643853e-001
    outer loop
      vertex -1.776357e-015  1.341265e+000  2.367465e+001
      vertex  1.777806e+000  1.341265e+000  2.367465e+001
      vertex  0.000000e+000  1.602037e+000  2.417197e+001
    endloop
  endfacet
  facet normal  0.000000e+000 -8.856332e-001  4.643853e-001
    outer loop
      vertex  0.000000e+000  1.602037e+000  2.417197e+001
      vertex  1.777806e+000  1.341265e+000  2.367465e+001
      vertex  7.912913e-001  1.602037e+000  2.417197e+001
    endloop
  endfacet
  facet normal  0.000000e+000 -9.256257e-001  3.784404e-001
    outer loop
      vertex  0.000000e+000  9.381769e-001  2.268874e+001
      vertex  6.000000e+000  9.381769e-001  2.268874e+001
      vertex  6.000000e+000  1.341265e+000  2.367465e+001
    endloop
  endfacet
  facet normal  0.000000e+000 -9.256256e-001  3.784404e-001
    outer loop
      vertex  0.000000e+000  9.381769e-001  2.268874e+001
      vertex  6.000000e+000  1.341265e+000  2.367465e+001
      vertex  4.222194e+000  1.341265e+000  2.367465e+001
    endloop
  endfacet
  facet normal  0.000000e+000 -9.256256e-001  3.784404e-001
    outer loop
      vertex  0.000000e+000  9.381769e-001  2.268874e+001
      vertex  4.222194e+000  1.341265e+000  2.367465e+001
      vertex  1.777806e+000  1.341265e+000  2.367465e+001
    endloop
  endfacet
  facet normal  0.000000e+000 -9.256257e-001  3.784404e-001
    outer loop
      vertex  0.000000e+000  9.381769e-001  2.268874e+001
      vertex  1.777806e+000  1.341265e+000  2.367465e+001
      vertex -1.776357e-015  1.341265e+000  2.367465e+001
    endloop
  endfacet
  facet normal  2.329772e-009  9.380900e-001  3.463917e-001
    outer loop
      vertex  6.000000e+000 -1.575273e-001  2.270758e+001
      vertex  0.000000e+000 -1.575273e-001  2.270758e+001
      vertex  0.000000e+000 -5.264786e-001  2.370676e+001
    endloop
  endfacet
  facet normal  -0.000000e+000  9.380900e-001  3.463917e-001
    outer loop
      vertex  6.000000e+000 -1.575273e-001  2.270758e+001
      vertex  0.000000e+000 -5.264786e-001  2.370676e+001
      vertex  1.777806e+000 -5.264786e-001  2.370676e+001
    endloop
  endfacet
  facet normal  -0.000000e+000  9.380900e-001  3.463917e-001
    outer loop
      vertex  6.000000e+000 -1.575273e-001  2.270758e+001
      vertex  1.777806e+000 -5.264786e-001  2.370676e+001
      vertex  4.222194e+000 -5.264786e-001  2.370676e+001
    endloop
  endfacet
  facet normal  -0.000000e+000  9.380900e-001  3.463917e-001
    outer loop
      vertex  6.000000e+000 -1.575273e-001  2.270758e+001
      vertex  4.222194e+000 -5.264786e-001  2.370676e+001
      vertex  6.000000e+000 -5.264786e-001  2.370676e+001
    endloop
  endfacet
  facet normal  0.000000e+000  9.010766e-001  4.336600e-001
    outer loop
      vertex  0.000000e+000 -7.699981e-001  2.421276e+001
      vertex  7.912913e-001 -7.699981e-001  2.421276e+001
      vertex  0.000000e+000 -5.264786e-001  2.370676e+001
    endloop
  endfacet
  facet normal  -0.000000e+000  9.010766e-001  4.336600e-001
    outer loop
      vertex  0.000000e+000 -5.264786e-001  2.370676e+001
      vertex  7.912913e-001 -7.699981e-001  2.421276e+001
      vertex  1.777806e+000 -5.264786e-001  2.370676e+001
    endloop
  endfacet
  facet normal  0.000000e+000  9.010766e-001  4.336600e-001
    outer loop
      vertex  5.208709e+000 -7.699981e-001  2.421276e+001
      vertex  6.000000e+000 -7.699981e-001  2.421276e+001
      vertex  4.222194e+000 -5.264786e-001  2.370676e+001
    endloop
  endfacet
  facet normal  -0.000000e+000  9.010766e-001  4.336600e-001
    outer loop
      vertex  4.222194e+000 -5.264786e-001  2.370676e+001
      vertex  6.000000e+000 -7.699981e-001  2.421276e+001
      vertex  6.000000e+000 -5.264786e-001  2.370676e+001
    endloop
  endfacet
  facet normal  0.000000e+000 -4.690262e-002  9.988994e-001
    outer loop
      vertex  0.000000e+000 -1.502158e+000  2.417838e+001
      vertex  7.912913e-001 -1.502158e+000  2.417838e+001
      vertex  0.000000e+000 -7.699981e-001  2.421276e+001
    endloop
  endfacet
  facet normal  0.000000e+000 -4.690262e-002  9.988994e-001
    outer loop
      vertex  0.000000e+000 -7.699981e-001  2.421276e+001
      vertex  7.912913e-001 -1.502158e+000  2.417838e+001
      vertex  7.912913e-001 -7.699981e-001  2.421276e+001
    endloop
  endfacet
  facet normal  0.000000e+000 -4.690262e-002  9.988995e-001
    outer loop
      vertex  5.208709e+000 -1.502158e+000  2.417838e+001
      vertex  6.000000e+000 -1.502158e+000  2.417838e+001
      vertex  5.208709e+000 -7.699981e-001  2.421276e+001
    endloop
  endfacet
  facet normal  0.000000e+000 -4.690262e-002  9.988995e-001
    outer loop
      vertex  5.208709e+000 -7.699981e-001  2.421276e+001
      vertex  6.000000e+000 -1.502158e+000  2.417838e+001
      vertex  6.000000e+000 -7.699981e-001  2.421276e+001
    endloop
  endfacet
  facet normal  0.000000e+000 -9.377461e-001  3.473213e-001
    outer loop
      vertex  4.222194e+000 -1.697194e+000  2.365180e+001
      vertex  6.000000e+000 -1.697194e+000  2.365180e+001
      vertex  5.208709e+000 -1.502158e+000  2.417838e+001
    endloop
  endfacet
  facet normal  0.000000e+000 -9.377462e-001  3.473214e-001
    outer loop
      vertex  5.208709e+000 -1.502158e+000  2.417838e+001
      vertex  6.000000e+000 -1.697194e+000  2.365180e+001
      vertex  6.000000e+000 -1.502158e+000  2.417838e+001
    endloop
  endfacet
  facet normal  0.000000e+000 -9.377462e-001  3.473214e-001
    outer loop
      vertex  0.000000e+000 -1.697194e+000  2.365180e+001
      vertex  1.777806e+000 -1.697194e+000  2.365180e+001
      vertex  0.000000e+000 -1.502158e+000  2.417838e+001
    endloop
  endfacet
  facet normal  0.000000e+000 -9.377462e-001  3.473214e-001
    outer loop
      vertex  0.000000e+000 -1.502158e+000  2.417838e+001
      vertex  1.777806e+000 -1.697194e+000  2.365180e+001
      vertex  7.912913e-001 -1.502158e+000  2.417838e+001
    endloop
  endfacet
  facet normal  0.000000e+000 -9.664203e-001  2.569665e-001
    outer loop
      vertex -1.776357e-015 -1.970897e+000  2.262243e+001
      vertex  6.000000e+000 -1.970897e+000  2.262243e+001
      vertex  6.000000e+000 -1.697194e+000  2.365180e+001
    endloop
  endfacet
  facet normal  0.000000e+000 -9.664203e-001  2.569665e-001
    outer loop
      vertex -1.776357e-015 -1.970897e+000  2.262243e+001
      vertex  6.000000e+000 -1.697194e+000  2.365180e+001
      vertex  4.222194e+000 -1.697194e+000  2.365180e+001
    endloop
  endfacet
  facet normal  0.000000e+000 -9.664203e-001  2.569665e-001
    outer loop
      vertex -1.776357e-015 -1.970897e+000  2.262243e+001
      vertex  4.222194e+000 -1.697194e+000  2.365180e+001
      vertex  1.777806e+000 -1.697194e+000  2.365180e+001
    endloop
  endfacet
  facet normal  0.000000e+000 -9.664204e-001  2.569665e-001
    outer loop
      vertex -1.776357e-015 -1.970897e+000  2.262243e+001
      vertex  1.777806e+000 -1.697194e+000  2.365180e+001
      vertex  0.000000e+000 -1.697194e+000  2.365180e+001
    endloop
  endfacet
  facet normal  -0.000000e+000  8.860931e-001  4.635073e-001
    outer loop
      vertex  6.000000e+000 -3.060015e+000  2.250101e+001
      vertex  0.000000e+000 -3.060015e+000  2.250101e+001
      vertex -1.776357e-015 -3.553710e+000  2.344481e+001
    endloop
  endfacet
  facet normal  -0.000000e+000  8.860931e-001  4.635073e-001
    outer loop
      vertex  6.000000e+000 -3.060015e+000  2.250101e+001
      vertex -1.776357e-015 -3.553710e+000  2.344481e+001
      vertex  1.777806e+000 -3.553710e+000  2.344481e+001
    endloop
  endfacet
  facet normal  -0.000000e+000  8.860931e-001  4.635073e-001
    outer loop
      vertex  6.000000e+000 -3.060015e+000  2.250101e+001
      vertex  1.777806e+000 -3.553710e+000  2.344481e+001
      vertex  4.222194e+000 -3.553710e+000  2.344481e+001
    endloop
  endfacet
  facet normal  -0.000000e+000  8.860931e-001  4.635074e-001
    outer loop
      vertex  6.000000e+000 -3.060015e+000  2.250101e+001
      vertex  4.222194e+000 -3.553710e+000  2.344481e+001
      vertex  6.000000e+000 -3.553710e+000  2.344481e+001
    endloop
  endfacet
  facet normal  0.000000e+000  8.382231e-001  5.453276e-001
    outer loop
      vertex -1.776357e-015 -3.859936e+000  2.391551e+001
      vertex  7.912913e-001 -3.859936e+000  2.391551e+001
      vertex -1.776357e-015 -3.553710e+000  2.344481e+001
    endloop
  endfacet
  facet normal  -0.000000e+000  8.382230e-001  5.453275e-001
    outer loop
      vertex -1.776357e-015 -3.553710e+000  2.344481e+001
      vertex  7.912913e-001 -3.859936e+000  2.391551e+001
      vertex  1.777806e+000 -3.553710e+000  2.344481e+001
    endloop
  endfacet
  facet normal  0.000000e+000  8.382230e-001  5.453275e-001
    outer loop
      vertex  5.208709e+000 -3.859936e+000  2.391551e+001
      vertex  6.000000e+000 -3.859936e+000  2.391551e+001
      vertex  4.222194e+000 -3.553710e+000  2.344481e+001
    endloop
  endfacet
  facet normal  -0.000000e+000  8.382230e-001  5.453275e-001
    outer loop
      vertex  4.222194e+000 -3.553710e+000  2.344481e+001
      vertex  6.000000e+000 -3.859936e+000  2.391551e+001
      vertex  6.000000e+000 -3.553710e+000  2.344481e+001
    endloop
  endfacet
  facet normal  0.000000e+000 -1.742532e-001  9.847009e-001
    outer loop
      vertex  5.208709e+000 -4.581688e+000  2.378779e+001
      vertex  6.000000e+000 -4.581688e+000  2.378779e+001
      vertex  5.208709e+000 -3.859936e+000  2.391551e+001
    endloop
  endfacet
  facet normal  0.000000e+000 -1.742532e-001  9.847009e-001
    outer loop
      vertex  5.208709e+000 -3.859936e+000  2.391551e+001
      vertex  6.000000e+000 -4.581688e+000  2.378779e+001
      vertex  6.000000e+000 -3.859936e+000  2.391551e+001
    endloop
  endfacet
  facet normal  0.000000e+000 -1.742532e-001  9.847009e-001
    outer loop
      vertex  0.000000e+000 -4.581688e+000  2.378779e+001
      vertex  7.912913e-001 -4.581688e+000  2.378779e+001
      vertex -1.776357e-015 -3.859936e+000  2.391551e+001
    endloop
  endfacet
  facet normal  0.000000e+000 -1.742532e-001  9.847009e-001
    outer loop
      vertex -1.776357e-015 -3.859936e+000  2.391551e+001
      vertex  7.912913e-001 -4.581688e+000  2.378779e+001
      vertex  7.912913e-001 -3.859936e+000  2.391551e+001
    endloop
  endfacet
  facet normal  0.000000e+000 -9.744623e-001  2.245513e-001
    outer loop
      vertex  4.222194e+000 -4.707784e+000  2.324058e+001
      vertex  6.000000e+000 -4.707784e+000  2.324058e+001
      vertex  5.208709e+000 -4.581688e+000  2.378779e+001
    endloop
  endfacet
  facet normal  0.000000e+000 -9.744623e-001  2.245513e-001
    outer loop
      vertex  5.208709e+000 -4.581688e+000  2.378779e+001
      vertex  6.000000e+000 -4.707784e+000  2.324058e+001
      vertex  6.000000e+000 -4.581688e+000  2.378779e+001
    endloop
  endfacet
  facet normal  0.000000e+000 -9.744623e-001  2.245513e-001
    outer loop
      vertex  0.000000e+000 -4.707784e+000  2.324058e+001
      vertex  1.777806e+000 -4.707784e+000  2.324058e+001
      vertex  0.000000e+000 -4.581688e+000  2.378779e+001
    endloop
  endfacet
  facet normal  0.000000e+000 -9.744623e-001  2.245513e-001
    outer loop
      vertex  0.000000e+000 -4.581688e+000  2.378779e+001
      vertex  1.777806e+000 -4.707784e+000  2.324058e+001
      vertex  7.912913e-001 -4.581688e+000  2.378779e+001
    endloop
  endfacet
  facet normal  0.000000e+000 -9.913461e-001  1.312743e-001
    outer loop
      vertex -1.776357e-015 -4.847608e+000  2.218467e+001
      vertex  6.000000e+000 -4.847608e+000  2.218467e+001
      vertex  6.000000e+000 -4.707784e+000  2.324058e+001
    endloop
  endfacet
  facet normal  0.000000e+000 -9.913461e-001  1.312743e-001
    outer loop
      vertex -1.776357e-015 -4.847608e+000  2.218467e+001
      vertex  6.000000e+000 -4.707784e+000  2.324058e+001
      vertex  4.222194e+000 -4.707784e+000  2.324058e+001
    endloop
  endfacet
  facet normal  0.000000e+000 -9.913461e-001  1.312743e-001
    outer loop
      vertex -1.776357e-015 -4.847608e+000  2.218467e+001
      vertex  4.222194e+000 -4.707784e+000  2.324058e+001
      vertex  1.777806e+000 -4.707784e+000  2.324058e+001
    endloop
  endfacet
  facet normal  0.000000e+000 -9.913461e-001  1.312743e-001
    outer loop
      vertex -1.776357e-015 -4.847608e+000  2.218467e+001
      vertex  1.777806e+000 -4.707784e+000  2.324058e+001
      vertex  0.000000e+000 -4.707784e+000  2.324058e+001
    endloop
  endfacet
  facet normal  -0.000000e+000  8.195457e-001  5.730137e-001
    outer loop
      vertex  6.000000e+000 -5.912257e+000  2.192497e+001
      vertex  0.000000e+000 -5.912257e+000  2.192497e+001
      vertex -1.776357e-015 -6.522590e+000  2.279789e+001
    endloop
  endfacet
  facet normal  -0.000000e+000  8.195457e-001  5.730138e-001
    outer loop
      vertex  6.000000e+000 -5.912257e+000  2.192497e+001
      vertex -1.776357e-015 -6.522590e+000  2.279789e+001
      vertex  1.777806e+000 -6.522590e+000  2.279789e+001
    endloop
  endfacet
  facet normal  -0.000000e+000  8.195457e-001  5.730138e-001
    outer loop
      vertex  6.000000e+000 -5.912257e+000  2.192497e+001
      vertex  1.777806e+000 -6.522590e+000  2.279789e+001
      vertex  4.222194e+000 -6.522590e+000  2.279789e+001
    endloop
  endfacet
  facet normal  -0.000000e+000  8.195457e-001  5.730138e-001
    outer loop
      vertex  6.000000e+000 -5.912257e+000  2.192497e+001
      vertex  4.222194e+000 -6.522590e+000  2.279789e+001
      vertex  6.000000e+000 -6.522590e+000  2.279789e+001
    endloop
  endfacet
  facet normal  0.000000e+000  7.616075e-001  6.480386e-001
    outer loop
      vertex -1.776357e-015 -6.886493e+000  2.322556e+001
      vertex  7.912913e-001 -6.886493e+000  2.322556e+001
      vertex -1.776357e-015 -6.522590e+000  2.279789e+001
    endloop
  endfacet
  facet normal  -0.000000e+000  7.616075e-001  6.480386e-001
    outer loop
      vertex -1.776357e-015 -6.522590e+000  2.279789e+001
      vertex  7.912913e-001 -6.886493e+000  2.322556e+001
      vertex  1.777806e+000 -6.522590e+000  2.279789e+001
    endloop
  endfacet
  facet normal  0.000000e+000  7.616075e-001  6.480386e-001
    outer loop
      vertex  5.208709e+000 -6.886493e+000  2.322556e+001
      vertex  6.000000e+000 -6.886493e+000  2.322556e+001
      vertex  4.222194e+000 -6.522590e+000  2.279789e+001
    endloop
  endfacet
  facet normal  -0.000000e+000  7.616075e-001  6.480386e-001
    outer loop
      vertex  4.222194e+000 -6.522590e+000  2.279789e+001
      vertex  6.000000e+000 -6.886493e+000  2.322556e+001
      vertex  6.000000e+000 -6.522590e+000  2.279789e+001
    endloop
  endfacet
  facet normal  0.000000e+000 -2.987440e-001  9.543332e-001
    outer loop
      vertex  5.208709e+000 -7.585987e+000  2.300660e+001
      vertex  6.000000e+000 -7.585987e+000  2.300660e+001
      vertex  5.208709e+000 -6.886493e+000  2.322556e+001
    endloop
  endfacet
  facet normal  0.000000e+000 -2.987440e-001  9.543332e-001
    outer loop
      vertex  5.208709e+000 -6.886493e+000  2.322556e+001
      vertex  6.000000e+000 -7.585987e+000  2.300660e+001
      vertex  6.000000e+000 -6.886493e+000  2.322556e+001
    endloop
  endfacet
  facet normal  0.000000e+000 -2.987440e-001  9.543332e-001
    outer loop
      vertex  0.000000e+000 -7.585987e+000  2.300660e+001
      vertex  7.912913e-001 -7.585987e+000  2.300660e+001
      vertex -1.776357e-015 -6.886493e+000  2.322556e+001
    endloop
  endfacet
  facet normal  0.000000e+000 -2.987440e-001  9.543332e-001
    outer loop
      vertex -1.776357e-015 -6.886493e+000  2.322556e+001
      vertex  7.912913e-001 -7.585987e+000  2.300660e+001
      vertex  7.912913e-001 -6.886493e+000  2.322556e+001
    endloop
  endfacet
  facet normal  0.000000e+000 -9.951769e-001  9.809756e-002
    outer loop
      vertex  4.222194e+000 -7.641073e+000  2.244776e+001
      vertex  6.000000e+000 -7.641073e+000  2.244776e+001
      vertex  5.208709e+000 -7.585987e+000  2.300660e+001
    endloop
  endfacet
  facet normal  0.000000e+000 -9.951769e-001  9.809756e-002
    outer loop
      vertex  5.208709e+000 -7.585987e+000  2.300660e+001
      vertex  6.000000e+000 -7.641073e+000  2.244776e+001
      vertex  6.000000e+000 -7.585987e+000  2.300660e+001
    endloop
  endfacet
  facet normal  0.000000e+000 -9.951768e-001  9.809756e-002
    outer loop
      vertex -1.776357e-015 -7.641073e+000  2.244776e+001
      vertex  1.777806e+000 -7.641073e+000  2.244776e+001
      vertex  0.000000e+000 -7.585987e+000  2.300660e+001
    endloop
  endfacet
  facet normal  0.000000e+000 -9.951768e-001  9.809755e-002
    outer loop
      vertex  0.000000e+000 -7.585987e+000  2.300660e+001
      vertex  1.777806e+000 -7.641073e+000  2.244776e+001
      vertex  7.912913e-001 -7.585987e+000  2.300660e+001
    endloop
  endfacet
  facet normal  0.000000e+000 -9.999941e-001  3.426097e-003
    outer loop
      vertex -1.776357e-015 -7.644722e+000  2.138264e+001
      vertex  6.000000e+000 -7.644722e+000  2.138264e+001
      vertex  6.000000e+000 -7.641073e+000  2.244776e+001
    endloop
  endfacet
  facet normal  0.000000e+000 -9.999942e-001  3.426097e-003
    outer loop
      vertex -1.776357e-015 -7.644722e+000  2.138264e+001
      vertex  6.000000e+000 -7.641073e+000  2.244776e+001
      vertex  4.222194e+000 -7.641073e+000  2.244776e+001
    endloop
  endfacet
  facet normal  0.000000e+000 -9.999942e-001  3.426097e-003
    outer loop
      vertex -1.776357e-015 -7.644722e+000  2.138264e+001
      vertex  4.222194e+000 -7.641073e+000  2.244776e+001
      vertex  1.777806e+000 -7.641073e+000  2.244776e+001
    endloop
  endfacet
  facet normal  0.000000e+000 -9.999942e-001  3.426097e-003
    outer loop
      vertex -1.776357e-015 -7.644722e+000  2.138264e+001
      vertex  1.777806e+000 -7.641073e+000  2.244776e+001
      vertex -1.776357e-015 -7.641073e+000  2.244776e+001
    endloop
  endfacet
  facet normal  -0.000000e+000  7.395423e-001  6.731101e-001
    outer loop
      vertex  6.000000e+000 -8.667419e+000  2.098892e+001
      vertex  0.000000e+000 -8.667419e+000  2.098892e+001
      vertex  0.000000e+000 -9.384369e+000  2.177663e+001
    endloop
  endfacet
  facet normal  -0.000000e+000  7.395422e-001  6.731102e-001
    outer loop
      vertex  6.000000e+000 -8.667419e+000  2.098892e+001
      vertex  0.000000e+000 -9.384369e+000  2.177663e+001
      vertex  1.777806e+000 -9.384369e+000  2.177663e+001
    endloop
  endfacet
  facet normal  -0.000000e+000  7.395423e-001  6.731101e-001
    outer loop
      vertex  6.000000e+000 -8.667419e+000  2.098892e+001
      vertex  1.777806e+000 -9.384369e+000  2.177663e+001
      vertex  4.222194e+000 -9.384369e+000  2.177663e+001
    endloop
  endfacet
  facet normal  -0.000000e+000  7.395422e-001  6.731101e-001
    outer loop
      vertex  6.000000e+000 -8.667419e+000  2.098892e+001
      vertex  4.222194e+000 -9.384369e+000  2.177663e+001
      vertex  6.000000e+000 -9.384369e+000  2.177663e+001
    endloop
  endfacet
  facet normal  0.000000e+000  6.724835e-001  7.401120e-001
    outer loop
      vertex  0.000000e+000 -9.799973e+000  2.215426e+001
      vertex  7.912913e-001 -9.799973e+000  2.215426e+001
      vertex  0.000000e+000 -9.384369e+000  2.177663e+001
    endloop
  endfacet
  facet normal  -0.000000e+000  6.724836e-001  7.401121e-001
    outer loop
      vertex  0.000000e+000 -9.384369e+000  2.177663e+001
      vertex  7.912913e-001 -9.799973e+000  2.215426e+001
      vertex  1.777806e+000 -9.384369e+000  2.177663e+001
    endloop
  endfacet
  facet normal  0.000000e+000  6.724836e-001  7.401120e-001
    outer loop
      vertex  5.208709e+000 -9.799973e+000  2.215426e+001
      vertex  6.000000e+000 -9.799973e+000  2.215426e+001
      vertex  4.222194e+000 -9.384369e+000  2.177663e+001
    endloop
  endfacet
  facet normal  -0.000000e+000  6.724836e-001  7.401120e-001
    outer loop
      vertex  4.222194e+000 -9.384369e+000  2.177663e+001
      vertex  6.000000e+000 -9.799973e+000  2.215426e+001
      vertex  6.000000e+000 -9.384369e+000  2.177663e+001
    endloop
  endfacet
  facet normal  0.000000e+000 -4.183272e-001  9.082964e-001
    outer loop
      vertex  5.208709e+000 -1.046572e+001  2.184764e+001
      vertex  6.000000e+000 -1.046572e+001  2.184764e+001
      vertex  5.208709e+000 -9.799973e+000  2.215426e+001
    endloop
  endfacet
  facet normal  0.000000e+000 -4.183272e-001  9.082964e-001
    outer loop
      vertex  5.208709e+000 -9.799973e+000  2.215426e+001
      vertex  6.000000e+000 -1.046572e+001  2.184764e+001
      vertex  6.000000e+000 -9.799973e+000  2.215426e+001
    endloop
  endfacet
  facet normal  0.000000e+000 -4.183272e-001  9.082964e-001
    outer loop
      vertex  0.000000e+000 -1.046572e+001  2.184764e+001
      vertex  7.912913e-001 -1.046572e+001  2.184764e+001
      vertex  0.000000e+000 -9.799973e+000  2.215426e+001
    endloop
  endfacet
  facet normal  0.000000e+000 -4.183272e-001  9.082964e-001
    outer loop
      vertex  0.000000e+000 -9.799973e+000  2.215426e+001
      vertex  7.912913e-001 -1.046572e+001  2.184764e+001
      vertex  7.912913e-001 -9.799973e+000  2.215426e+001
    endloop
  endfacet
  facet normal  -0.000000e+000 -9.995509e-001 -2.996829e-002
    outer loop
      vertex  4.222194e+000 -1.044890e+001  2.128634e+001
      vertex  6.000000e+000 -1.044890e+001  2.128634e+001
      vertex  5.208709e+000 -1.046572e+001  2.184764e+001
    endloop
  endfacet
  facet normal  0.000000e+000 -9.995509e-001 -2.996829e-002
    outer loop
      vertex  5.208709e+000 -1.046572e+001  2.184764e+001
      vertex  6.000000e+000 -1.044890e+001  2.128634e+001
      vertex  6.000000e+000 -1.046572e+001  2.184764e+001
    endloop
  endfacet
  facet normal  -0.000000e+000 -9.995508e-001 -2.996829e-002
    outer loop
      vertex -1.776357e-015 -1.044890e+001  2.128634e+001
      vertex  1.777806e+000 -1.044890e+001  2.128634e+001
      vertex  0.000000e+000 -1.046572e+001  2.184764e+001
    endloop
  endfacet
  facet normal  0.000000e+000 -9.995508e-001 -2.996829e-002
    outer loop
      vertex  0.000000e+000 -1.046572e+001  2.184764e+001
      vertex  1.777806e+000 -1.044890e+001  2.128634e+001
      vertex  7.912913e-001 -1.046572e+001  2.184764e+001
    endloop
  endfacet
  facet normal  -0.000000e+000 -9.922223e-001 -1.244784e-001
    outer loop
      vertex -1.776357e-015 -1.031631e+001  2.022950e+001
      vertex  6.000000e+000 -1.031631e+001  2.022950e+001
      vertex  6.000000e+000 -1.044890e+001  2.128634e+001
    endloop
  endfacet
  facet normal  -0.000000e+000 -9.922224e-001 -1.244784e-001
    outer loop
      vertex -1.776357e-015 -1.031631e+001  2.022950e+001
      vertex  6.000000e+000 -1.044890e+001  2.128634e+001
      vertex  4.222194e+000 -1.044890e+001  2.128634e+001
    endloop
  endfacet
  facet normal  -0.000000e+000 -9.922224e-001 -1.244784e-001
    outer loop
      vertex -1.776357e-015 -1.031631e+001  2.022950e+001
      vertex  4.222194e+000 -1.044890e+001  2.128634e+001
      vertex  1.777806e+000 -1.044890e+001  2.128634e+001
    endloop
  endfacet
  facet normal  -0.000000e+000 -9.922224e-001 -1.244784e-001
    outer loop
      vertex -1.776357e-015 -1.031631e+001  2.022950e+001
      vertex  1.777806e+000 -1.044890e+001  2.128634e+001
      vertex -1.776357e-015 -1.044890e+001  2.128634e+001
    endloop
  endfacet
  facet normal  -0.000000e+000  6.473947e-001  7.621549e-001
    outer loop
      vertex  6.000000e+000 -1.128026e+001  1.970824e+001
      vertex -1.776357e-015 -1.128026e+001  1.970824e+001
      vertex  0.000000e+000 -1.209206e+001  2.039779e+001
    endloop
  endfacet
  facet normal  -0.000000e+000  6.473946e-001  7.621549e-001
    outer loop
      vertex  6.000000e+000 -1.128026e+001  1.970824e+001
      vertex  0.000000e+000 -1.209206e+001  2.039779e+001
      vertex  1.777806e+000 -1.209206e+001  2.039779e+001
    endloop
  endfacet
  facet normal  -0.000000e+000  6.473947e-001  7.621549e-001
    outer loop
      vertex  6.000000e+000 -1.128026e+001  1.970824e+001
      vertex  1.777806e+000 -1.209206e+001  2.039779e+001
      vertex  4.222194e+000 -1.209206e+001  2.039779e+001
    endloop
  endfacet
  facet normal  -0.000000e+000  6.473947e-001  7.621549e-001
    outer loop
      vertex  6.000000e+000 -1.128026e+001  1.970824e+001
      vertex  4.222194e+000 -1.209206e+001  2.039779e+001
      vertex  6.000000e+000 -1.209206e+001  2.039779e+001
    endloop
  endfacet
  facet normal  0.000000e+000  5.723215e-001  8.200293e-001
    outer loop
      vertex  0.000000e+000 -1.255254e+001  2.071918e+001
      vertex  7.912913e-001 -1.255254e+001  2.071918e+001
      vertex  0.000000e+000 -1.209206e+001  2.039779e+001
    endloop
  endfacet
  facet normal  -0.000000e+000  5.723216e-001  8.200293e-001
    outer loop
      vertex  0.000000e+000 -1.209206e+001  2.039779e+001
      vertex  7.912913e-001 -1.255254e+001  2.071918e+001
      vertex  1.777806e+000 -1.209206e+001  2.039779e+001
    endloop
  endfacet
  facet normal  0.000000e+000  5.723215e-001  8.200293e-001
    outer loop
      vertex  5.208709e+000 -1.255254e+001  2.071918e+001
      vertex  6.000000e+000 -1.255254e+001  2.071918e+001
      vertex  4.222194e+000 -1.209206e+001  2.039779e+001
    endloop
  endfacet
  facet normal  -0.000000e+000  5.723216e-001  8.200294e-001
    outer loop
      vertex  4.222194e+000 -1.209206e+001  2.039779e+001
      vertex  6.000000e+000 -1.255254e+001  2.071918e+001
      vertex  6.000000e+000 -1.209206e+001  2.039779e+001
    endloop
  endfacet
  facet normal  0.000000e+000 -5.310450e-001  8.473436e-001
    outer loop
      vertex  5.208709e+000 -1.317361e+001  2.032994e+001
      vertex  6.000000e+000 -1.317361e+001  2.032994e+001
      vertex  5.208709e+000 -1.255254e+001  2.071918e+001
    endloop
  endfacet
  facet normal  0.000000e+000 -5.310450e-001  8.473436e-001
    outer loop
      vertex  5.208709e+000 -1.255254e+001  2.071918e+001
      vertex  6.000000e+000 -1.317361e+001  2.032994e+001
      vertex  6.000000e+000 -1.255254e+001  2.071918e+001
    endloop
  endfacet
  facet normal  0.000000e+000 -5.310450e-001  8.473436e-001
    outer loop
      vertex  0.000000e+000 -1.317361e+001  2.032994e+001
      vertex  7.912913e-001 -1.317361e+001  2.032994e+001
      vertex  0.000000e+000 -1.255254e+001  2.071918e+001
    endloop
  endfacet
  facet normal  0.000000e+000 -5.310450e-001  8.473436e-001
    outer loop
      vertex  0.000000e+000 -1.255254e+001  2.071918e+001
      vertex  7.912913e-001 -1.317361e+001  2.032994e+001
      vertex  7.912913e-001 -1.255254e+001  2.071918e+001
    endloop
  endfacet
  facet normal  -0.000000e+000 -9.875122e-001 -1.575419e-001
    outer loop
      vertex  4.222194e+000 -1.308515e+001  1.977541e+001
      vertex  6.000000e+000 -1.308515e+001  1.977541e+001
      vertex  5.208709e+000 -1.317361e+001  2.032994e+001
    endloop
  endfacet
  facet normal  0.000000e+000 -9.875123e-001 -1.575419e-001
    outer loop
      vertex  5.208709e+000 -1.317361e+001  2.032994e+001
      vertex  6.000000e+000 -1.308515e+001  1.977541e+001
      vertex  6.000000e+000 -1.317361e+001  2.032994e+001
    endloop
  endfacet
  facet normal  -0.000000e+000 -9.875123e-001 -1.575419e-001
    outer loop
      vertex  0.000000e+000 -1.308515e+001  1.977541e+001
      vertex  1.777806e+000 -1.308515e+001  1.977541e+001
      vertex  0.000000e+000 -1.317361e+001  2.032994e+001
    endloop
  endfacet
  facet normal  0.000000e+000 -9.875123e-001 -1.575419e-001
    outer loop
      vertex  0.000000e+000 -1.317361e+001  2.032994e+001
      vertex  1.777806e+000 -1.308515e+001  1.977541e+001
      vertex  7.912913e-001 -1.317361e+001  2.032994e+001
    endloop
  endfacet
  facet normal  -0.000000e+000 -9.681582e-001 -2.503391e-001
    outer loop
      vertex  0.000000e+000 -1.281850e+001  1.874420e+001
      vertex  6.000000e+000 -1.281850e+001  1.874420e+001
      vertex  6.000000e+000 -1.308515e+001  1.977541e+001
    endloop
  endfacet
  facet normal  -0.000000e+000 -9.681583e-001 -2.503391e-001
    outer loop
      vertex  0.000000e+000 -1.281850e+001  1.874420e+001
      vertex  6.000000e+000 -1.308515e+001  1.977541e+001
      vertex  4.222194e+000 -1.308515e+001  1.977541e+001
    endloop
  endfacet
  facet normal  -0.000000e+000 -9.681582e-001 -2.503391e-001
    outer loop
      vertex  0.000000e+000 -1.281850e+001  1.874420e+001
      vertex  4.222194e+000 -1.308515e+001  1.977541e+001
      vertex  1.777806e+000 -1.308515e+001  1.977541e+001
    endloop
  endfacet
  facet normal  -0.000000e+000 -9.681582e-001 -2.503391e-001
    outer loop
      vertex  0.000000e+000 -1.281850e+001  1.874420e+001
      vertex  1.777806e+000 -1.308515e+001  1.977541e+001
      vertex  0.000000e+000 -1.308515e+001  1.977541e+001
    endloop
  endfacet
  facet normal  -0.000000e+000  5.446176e-001  8.386846e-001
    outer loop
      vertex  6.000000e+000 -1.370789e+001  1.810394e+001
      vertex -1.776357e-015 -1.370789e+001  1.810394e+001
      vertex  0.000000e+000 -1.460119e+001  1.868403e+001
    endloop
  endfacet
  facet normal  -0.000000e+000  5.446176e-001  8.386845e-001
    outer loop
      vertex  6.000000e+000 -1.370789e+001  1.810394e+001
      vertex  0.000000e+000 -1.460119e+001  1.868403e+001
      vertex  1.777806e+000 -1.460119e+001  1.868403e+001
    endloop
  endfacet
  facet normal  -0.000000e+000  5.446175e-001  8.386844e-001
    outer loop
      vertex  6.000000e+000 -1.370789e+001  1.810394e+001
      vertex  1.777806e+000 -1.460119e+001  1.868403e+001
      vertex  4.222194e+000 -1.460119e+001  1.868403e+001
    endloop
  endfacet
  facet normal  -0.000000e+000  5.446176e-001  8.386845e-001
    outer loop
      vertex  6.000000e+000 -1.370789e+001  1.810394e+001
      vertex  4.222194e+000 -1.460119e+001  1.868403e+001
      vertex  6.000000e+000 -1.460119e+001  1.868403e+001
    endloop
  endfacet
  facet normal  0.000000e+000  4.627584e-001  8.864845e-001
    outer loop
      vertex  0.000000e+000 -1.509899e+001  1.894389e+001
      vertex  7.912913e-001 -1.509899e+001  1.894389e+001
      vertex  0.000000e+000 -1.460119e+001  1.868403e+001
    endloop
  endfacet
  facet normal  -0.000000e+000  4.627584e-001  8.864845e-001
    outer loop
      vertex  0.000000e+000 -1.460119e+001  1.868403e+001
      vertex  7.912913e-001 -1.509899e+001  1.894389e+001
      vertex  1.777806e+000 -1.460119e+001  1.868403e+001
    endloop
  endfacet
  facet normal  0.000000e+000  4.627583e-001  8.864844e-001
    outer loop
      vertex  5.208709e+000 -1.509899e+001  1.894389e+001
      vertex  6.000000e+000 -1.509899e+001  1.894389e+001
      vertex  4.222194e+000 -1.460119e+001  1.868403e+001
    endloop
  endfacet
  facet normal  -0.000000e+000  4.627583e-001  8.864844e-001
    outer loop
      vertex  4.222194e+000 -1.460119e+001  1.868403e+001
      vertex  6.000000e+000 -1.509899e+001  1.894389e+001
      vertex  6.000000e+000 -1.460119e+001  1.868403e+001
    endloop
  endfacet
  facet normal  0.000000e+000 -6.350406e-001  7.724788e-001
    outer loop
      vertex  5.208709e+000 -1.566519e+001  1.847843e+001
      vertex  6.000000e+000 -1.566519e+001  1.847843e+001
      vertex  5.208709e+000 -1.509899e+001  1.894389e+001
    endloop
  endfacet
  facet normal  0.000000e+000 -6.350406e-001  7.724788e-001
    outer loop
      vertex  5.208709e+000 -1.509899e+001  1.894389e+001
      vertex  6.000000e+000 -1.566519e+001  1.847843e+001
      vertex  6.000000e+000 -1.509899e+001  1.894389e+001
    endloop
  endfacet
  facet normal  0.000000e+000 -6.350407e-001  7.724788e-001
    outer loop
      vertex  0.000000e+000 -1.566519e+001  1.847843e+001
      vertex  7.912913e-001 -1.566519e+001  1.847843e+001
      vertex  0.000000e+000 -1.509899e+001  1.894389e+001
    endloop
  endfacet
  facet normal  0.000000e+000 -6.350407e-001  7.724788e-001
    outer loop
      vertex  0.000000e+000 -1.509899e+001  1.894389e+001
      vertex  7.912913e-001 -1.566519e+001  1.847843e+001
      vertex  7.912913e-001 -1.509899e+001  1.894389e+001
    endloop
  endfacet
  facet normal  -0.000000e+000 -9.592587e-001 -2.825288e-001
    outer loop
      vertex  4.222194e+000 -1.550654e+001  1.793976e+001
      vertex  6.000000e+000 -1.550654e+001  1.793976e+001
      vertex  5.208709e+000 -1.566519e+001  1.847843e+001
    endloop
  endfacet
  facet normal  0.000000e+000 -9.592589e-001 -2.825289e-001
    outer loop
      vertex  5.208709e+000 -1.566519e+001  1.847843e+001
      vertex  6.000000e+000 -1.550654e+001  1.793976e+001
      vertex  6.000000e+000 -1.566519e+001  1.847843e+001
    endloop
  endfacet
  facet normal  -0.000000e+000 -9.592588e-001 -2.825288e-001
    outer loop
      vertex -1.776357e-015 -1.550654e+001  1.793976e+001
      vertex  1.777806e+000 -1.550654e+001  1.793976e+001
      vertex  0.000000e+000 -1.566519e+001  1.847843e+001
    endloop
  endfacet
  facet normal  0.000000e+000 -9.592588e-001 -2.825288e-001
    outer loop
      vertex  0.000000e+000 -1.566519e+001  1.847843e+001
      vertex  1.777806e+000 -1.550654e+001  1.793976e+001
      vertex  7.912913e-001 -1.566519e+001  1.847843e+001
    endloop
  endfacet
  facet normal  -0.000000e+000 -9.281968e-001 -3.720894e-001
    outer loop
      vertex  0.000000e+000 -1.511022e+001  1.695111e+001
      vertex  6.000000e+000 -1.511022e+001  1.695111e+001
      vertex  6.000000e+000 -1.550654e+001  1.793976e+001
    endloop
  endfacet
  facet normal  -0.000000e+000 -9.281970e-001 -3.720894e-001
    outer loop
      vertex  0.000000e+000 -1.511022e+001  1.695111e+001
      vertex  6.000000e+000 -1.550654e+001  1.793976e+001
      vertex  4.222194e+000 -1.550654e+001  1.793976e+001
    endloop
  endfacet
  facet normal  -0.000000e+000 -9.281970e-001 -3.720894e-001
    outer loop
      vertex  0.000000e+000 -1.511022e+001  1.695111e+001
      vertex  4.222194e+000 -1.550654e+001  1.793976e+001
      vertex  1.777806e+000 -1.550654e+001  1.793976e+001
    endloop
  endfacet
  facet normal  -0.000000e+000 -9.281969e-001 -3.720894e-001
    outer loop
      vertex  0.000000e+000 -1.511022e+001  1.695111e+001
      vertex  1.777806e+000 -1.550654e+001  1.793976e+001
      vertex -1.776357e-015 -1.550654e+001  1.793976e+001
    endloop
  endfacet
  facet normal  -0.000000e+000  4.328980e-001  9.014429e-001
    outer loop
      vertex  6.000000e+000 -1.591043e+001  1.620238e+001
      vertex  0.000000e+000 -1.591043e+001  1.620238e+001
      vertex -1.776357e-015 -1.687058e+001  1.666348e+001
    endloop
  endfacet
  facet normal  -0.000000e+000  4.328980e-001  9.014429e-001
    outer loop
      vertex  6.000000e+000 -1.591043e+001  1.620238e+001
      vertex -1.776357e-015 -1.687058e+001  1.666348e+001
      vertex  1.777806e+000 -1.687058e+001  1.666348e+001
    endloop
  endfacet
  facet normal  -0.000000e+000  4.328980e-001  9.014429e-001
    outer loop
      vertex  6.000000e+000 -1.591043e+001  1.620238e+001
      vertex  1.777806e+000 -1.687058e+001  1.666348e+001
      vertex  4.222194e+000 -1.687058e+001  1.666348e+001
    endloop
  endfacet
  facet normal  -0.000000e+000  4.328980e-001  9.014429e-001
    outer loop
      vertex  6.000000e+000 -1.591043e+001  1.620238e+001
      vertex  4.222194e+000 -1.687058e+001  1.666348e+001
      vertex  6.000000e+000 -1.687058e+001  1.666348e+001
    endloop
  endfacet
  facet normal  0.000000e+000  3.455986e-001  9.383824e-001
    outer loop
      vertex -1.776357e-015 -1.739752e+001  1.685755e+001
      vertex  7.912913e-001 -1.739752e+001  1.685755e+001
      vertex -1.776357e-015 -1.687058e+001  1.666348e+001
    endloop
  endfacet
  facet normal  -0.000000e+000  3.455986e-001  9.383824e-001
    outer loop
      vertex -1.776357e-015 -1.687058e+001  1.666348e+001
      vertex  7.912913e-001 -1.739752e+001  1.685755e+001
      vertex  1.777806e+000 -1.687058e+001  1.666348e+001
    endloop
  endfacet
  facet normal  0.000000e+000  3.455986e-001  9.383824e-001
    outer loop
      vertex  5.208709e+000 -1.739752e+001  1.685755e+001
      vertex  6.000000e+000 -1.739752e+001  1.685755e+001
      vertex  4.222194e+000 -1.687058e+001  1.666348e+001
    endloop
  endfacet
  facet normal  -0.000000e+000  3.455986e-001  9.383824e-001
    outer loop
      vertex  4.222194e+000 -1.687058e+001  1.666348e+001
      vertex  6.000000e+000 -1.739752e+001  1.685755e+001
      vertex  6.000000e+000 -1.687058e+001  1.666348e+001
    endloop
  endfacet
  facet normal  0.000000e+000 -7.286086e-001  6.849302e-001
    outer loop
      vertex  5.208709e+000 -1.789955e+001  1.632350e+001
      vertex  6.000000e+000 -1.789955e+001  1.632350e+001
      vertex  5.208709e+000 -1.739752e+001  1.685755e+001
    endloop
  endfacet
  facet normal  0.000000e+000 -7.286086e-001  6.849302e-001
    outer loop
      vertex  5.208709e+000 -1.739752e+001  1.685755e+001
      vertex  6.000000e+000 -1.789955e+001  1.632350e+001
      vertex  6.000000e+000 -1.739752e+001  1.685755e+001
    endloop
  endfacet
  facet normal  0.000000e+000 -7.286087e-001  6.849303e-001
    outer loop
      vertex  0.000000e+000 -1.789955e+001  1.632350e+001
      vertex  7.912913e-001 -1.789955e+001  1.632350e+001
      vertex -1.776357e-015 -1.739752e+001  1.685755e+001
    endloop
  endfacet
  facet normal  0.000000e+000 -7.286087e-001  6.849303e-001
    outer loop
      vertex -1.776357e-015 -1.739752e+001  1.685755e+001
      vertex  7.912913e-001 -1.789955e+001  1.632350e+001
      vertex  7.912913e-001 -1.739752e+001  1.685755e+001
    endloop
  endfacet
  facet normal  -0.000000e+000 -9.152534e-001 -4.028785e-001
    outer loop
      vertex  4.222194e+000 -1.767332e+001  1.580954e+001
      vertex  6.000000e+000 -1.767332e+001  1.580954e+001
      vertex  5.208709e+000 -1.789955e+001  1.632350e+001
    endloop
  endfacet
  facet normal  0.000000e+000 -9.152535e-001 -4.028785e-001
    outer loop
      vertex  5.208709e+000 -1.789955e+001  1.632350e+001
      vertex  6.000000e+000 -1.767332e+001  1.580954e+001
      vertex  6.000000e+000 -1.789955e+001  1.632350e+001
    endloop
  endfacet
  facet normal  -0.000000e+000 -9.152535e-001 -4.028785e-001
    outer loop
      vertex -1.776357e-015 -1.767332e+001  1.580954e+001
      vertex  1.777806e+000 -1.767332e+001  1.580954e+001
      vertex  0.000000e+000 -1.789955e+001  1.632350e+001
    endloop
  endfacet
  facet normal  0.000000e+000 -9.152534e-001 -4.028785e-001
    outer loop
      vertex  0.000000e+000 -1.789955e+001  1.632350e+001
      vertex  1.777806e+000 -1.767332e+001  1.580954e+001
      vertex  7.912913e-001 -1.789955e+001  1.632350e+001
    endloop
  endfacet
  facet normal  -0.000000e+000 -8.729947e-001 -4.877299e-001
    outer loop
      vertex  0.000000e+000 -1.715382e+001  1.487969e+001
      vertex  6.000000e+000 -1.715382e+001  1.487969e+001
      vertex  6.000000e+000 -1.767332e+001  1.580954e+001
    endloop
  endfacet
  facet normal  -0.000000e+000 -8.729946e-001 -4.877298e-001
    outer loop
      vertex  0.000000e+000 -1.715382e+001  1.487969e+001
      vertex  6.000000e+000 -1.767332e+001  1.580954e+001
      vertex  4.222194e+000 -1.767332e+001  1.580954e+001
    endloop
  endfacet
  facet normal  -0.000000e+000 -8.729946e-001 -4.877298e-001
    outer loop
      vertex  0.000000e+000 -1.715382e+001  1.487969e+001
      vertex  4.222194e+000 -1.767332e+001  1.580954e+001
      vertex  1.777806e+000 -1.767332e+001  1.580954e+001
    endloop
  endfacet
  facet normal  -0.000000e+000 -8.729946e-001 -4.877298e-001
    outer loop
      vertex  0.000000e+000 -1.715382e+001  1.487969e+001
      vertex  1.777806e+000 -1.767332e+001  1.580954e+001
      vertex -1.776357e-015 -1.767332e+001  1.580954e+001
    endloop
  endfacet
  facet normal  -0.000000e+000  3.140703e-001  9.493997e-001
    outer loop
      vertex  6.000000e+000 -1.785172e+001  1.403478e+001
      vertex -1.776357e-015 -1.785172e+001  1.403478e+001
      vertex -1.776357e-015 -1.886295e+001  1.436931e+001
    endloop
  endfacet
  facet normal  -0.000000e+000  3.140703e-001  9.493997e-001
    outer loop
      vertex  6.000000e+000 -1.785172e+001  1.403478e+001
      vertex -1.776357e-015 -1.886295e+001  1.436931e+001
      vertex  1.777806e+000 -1.886295e+001  1.436931e+001
    endloop
  endfacet
  facet normal  -0.000000e+000  3.140703e-001  9.493998e-001
    outer loop
      vertex  6.000000e+000 -1.785172e+001  1.403478e+001
      vertex  1.777806e+000 -1.886295e+001  1.436931e+001
      vertex  4.222194e+000 -1.886295e+001  1.436931e+001
    endloop
  endfacet
  facet normal  -0.000000e+000  3.140703e-001  9.493998e-001
    outer loop
      vertex  6.000000e+000 -1.785172e+001  1.403478e+001
      vertex  4.222194e+000 -1.886295e+001  1.436931e+001
      vertex  6.000000e+000 -1.886295e+001  1.436931e+001
    endloop
  endfacet
  facet normal  0.000000e+000  2.227636e-001  9.748725e-001
    outer loop
      vertex -1.776357e-015 -1.941038e+001  1.449440e+001
      vertex  7.912913e-001 -1.941038e+001  1.449440e+001
      vertex -1.776357e-015 -1.886295e+001  1.436931e+001
    endloop
  endfacet
  facet normal  -0.000000e+000  2.227636e-001  9.748725e-001
    outer loop
      vertex -1.776357e-015 -1.886295e+001  1.436931e+001
      vertex  7.912913e-001 -1.941038e+001  1.449440e+001
      vertex  1.777806e+000 -1.886295e+001  1.436931e+001
    endloop
  endfacet
  facet normal  0.000000e+000  2.227636e-001  9.748726e-001
    outer loop
      vertex  5.208709e+000 -1.941038e+001  1.449440e+001
      vertex  6.000000e+000 -1.941038e+001  1.449440e+001
      vertex  4.222194e+000 -1.886295e+001  1.436931e+001
    endloop
  endfacet
  facet normal  -0.000000e+000  2.227636e-001  9.748725e-001
    outer loop
      vertex  4.222194e+000 -1.886295e+001  1.436931e+001
      vertex  6.000000e+000 -1.941038e+001  1.449440e+001
      vertex  6.000000e+000 -1.886295e+001  1.436931e+001
    endloop
  endfacet
  facet normal  0.000000e+000 -8.102139e-001  5.861344e-001
    outer loop
      vertex  5.208709e+000 -1.984000e+001  1.390054e+001
      vertex  6.000000e+000 -1.984000e+001  1.390054e+001
      vertex  5.208709e+000 -1.941038e+001  1.449440e+001
    endloop
  endfacet
  facet normal  0.000000e+000 -8.102139e-001  5.861344e-001
    outer loop
      vertex  5.208709e+000 -1.941038e+001  1.449440e+001
      vertex  6.000000e+000 -1.984000e+001  1.390054e+001
      vertex  6.000000e+000 -1.941038e+001  1.449440e+001
    endloop
  endfacet
  facet normal  0.000000e+000 -8.102138e-001  5.861344e-001
    outer loop
      vertex  0.000000e+000 -1.984000e+001  1.390054e+001
      vertex  7.912913e-001 -1.984000e+001  1.390054e+001
      vertex -1.776357e-015 -1.941038e+001  1.449440e+001
    endloop
  endfacet
  facet normal  0.000000e+000 -8.102138e-001  5.861344e-001
    outer loop
      vertex -1.776357e-015 -1.941038e+001  1.449440e+001
      vertex  7.912913e-001 -1.984000e+001  1.390054e+001
      vertex  7.912913e-001 -1.941038e+001  1.449440e+001
    endloop
  endfacet
  facet normal  -0.000000e+000 -8.562220e-001 -5.166081e-001
    outer loop
      vertex  4.222194e+000 -1.954990e+001  1.341973e+001
      vertex  6.000000e+000 -1.954990e+001  1.341973e+001
      vertex  5.208709e+000 -1.984000e+001  1.390054e+001
    endloop
  endfacet
  facet normal  0.000000e+000 -8.562220e-001 -5.166081e-001
    outer loop
      vertex  5.208709e+000 -1.984000e+001  1.390054e+001
      vertex  6.000000e+000 -1.954990e+001  1.341973e+001
      vertex  6.000000e+000 -1.984000e+001  1.390054e+001
    endloop
  endfacet
  facet normal  -0.000000e+000 -8.562220e-001 -5.166081e-001
    outer loop
      vertex -1.776357e-015 -1.954990e+001  1.341973e+001
      vertex  1.777806e+000 -1.954990e+001  1.341973e+001
      vertex  0.000000e+000 -1.984000e+001  1.390054e+001
    endloop
  endfacet
  facet normal  0.000000e+000 -8.562220e-001 -5.166081e-001
    outer loop
      vertex  0.000000e+000 -1.984000e+001  1.390054e+001
      vertex  1.777806e+000 -1.954990e+001  1.341973e+001
      vertex  7.912913e-001 -1.984000e+001  1.390054e+001
    endloop
  endfacet
  facet normal  -0.000000e+000 -8.034573e-001 -5.953623e-001
    outer loop
      vertex  0.000000e+000 -1.891576e+001  1.256395e+001
      vertex  6.000000e+000 -1.891576e+001  1.256395e+001
      vertex  6.000000e+000 -1.954990e+001  1.341973e+001
    endloop
  endfacet
  facet normal  -0.000000e+000 -8.034574e-001 -5.953624e-001
    outer loop
      vertex  0.000000e+000 -1.891576e+001  1.256395e+001
      vertex  6.000000e+000 -1.954990e+001  1.341973e+001
      vertex  4.222194e+000 -1.954990e+001  1.341973e+001
    endloop
  endfacet
  facet normal  -0.000000e+000 -8.034573e-001 -5.953623e-001
    outer loop
      vertex  0.000000e+000 -1.891576e+001  1.256395e+001
      vertex  4.222194e+000 -1.954990e+001  1.341973e+001
      vertex  1.777806e+000 -1.954990e+001  1.341973e+001
    endloop
  endfacet
  facet normal  -0.000000e+000 -8.034574e-001 -5.953624e-001
    outer loop
      vertex  0.000000e+000 -1.891576e+001  1.256395e+001
      vertex  1.777806e+000 -1.954990e+001  1.341973e+001
      vertex -1.776357e-015 -1.954990e+001  1.341973e+001
    endloop
  endfacet
  facet normal  -0.000000e+000  1.900849e-001  9.817676e-001
    outer loop
      vertex  6.000000e+000 -1.949988e+001  1.163673e+001
      vertex  0.000000e+000 -1.949988e+001  1.163673e+001
      vertex -1.776357e-015 -2.054559e+001  1.183920e+001
    endloop
  endfacet
  facet normal  -0.000000e+000  1.900849e-001  9.817676e-001
    outer loop
      vertex  6.000000e+000 -1.949988e+001  1.163673e+001
      vertex -1.776357e-015 -2.054559e+001  1.183920e+001
      vertex  1.777806e+000 -2.054559e+001  1.183920e+001
    endloop
  endfacet
  facet normal  -0.000000e+000  1.900849e-001  9.817677e-001
    outer loop
      vertex  6.000000e+000 -1.949988e+001  1.163673e+001
      vertex  1.777806e+000 -2.054559e+001  1.183920e+001
      vertex  4.222194e+000 -2.054559e+001  1.183920e+001
    endloop
  endfacet
  facet normal  -0.000000e+000  1.900849e-001  9.817677e-001
    outer loop
      vertex  6.000000e+000 -1.949988e+001  1.163673e+001
      vertex  4.222194e+000 -2.054559e+001  1.183920e+001
      vertex  6.000000e+000 -2.054559e+001  1.183920e+001
    endloop
  endfacet
  facet normal  0.000000e+000  9.627035e-002  9.953552e-001
    outer loop
      vertex -1.776357e-015 -2.110453e+001  1.189326e+001
      vertex  7.912913e-001 -2.110453e+001  1.189326e+001
      vertex -1.776357e-015 -2.054559e+001  1.183920e+001
    endloop
  endfacet
  facet normal  -0.000000e+000  9.627035e-002  9.953552e-001
    outer loop
      vertex -1.776357e-015 -2.054559e+001  1.183920e+001
      vertex  7.912913e-001 -2.110453e+001  1.189326e+001
      vertex  1.777806e+000 -2.054559e+001  1.183920e+001
    endloop
  endfacet
  facet normal  0.000000e+000  9.627035e-002  9.953552e-001
    outer loop
      vertex  5.208709e+000 -2.110453e+001  1.189326e+001
      vertex  6.000000e+000 -2.110453e+001  1.189326e+001
      vertex  4.222194e+000 -2.054559e+001  1.183920e+001
    endloop
  endfacet
  facet normal  -0.000000e+000  9.627036e-002  9.953552e-001
    outer loop
      vertex  4.222194e+000 -2.054559e+001  1.183920e+001
      vertex  6.000000e+000 -2.110453e+001  1.189326e+001
      vertex  6.000000e+000 -2.054559e+001  1.183920e+001
    endloop
  endfacet
  facet normal  0.000000e+000 -8.785152e-001  4.777146e-001
    outer loop
      vertex  5.208709e+000 -2.145468e+001  1.124933e+001
      vertex  6.000000e+000 -2.145468e+001  1.124933e+001
      vertex  5.208709e+000 -2.110453e+001  1.189326e+001
    endloop
  endfacet
  facet normal  0.000000e+000 -8.785152e-001  4.777146e-001
    outer loop
      vertex  5.208709e+000 -2.110453e+001  1.189326e+001
      vertex  6.000000e+000 -2.145468e+001  1.124933e+001
      vertex  6.000000e+000 -2.110453e+001  1.189326e+001
    endloop
  endfacet
  facet normal  0.000000e+000 -8.785150e-001  4.777146e-001
    outer loop
      vertex  0.000000e+000 -2.145468e+001  1.124933e+001
      vertex  7.912913e-001 -2.145468e+001  1.124933e+001
      vertex -1.776357e-015 -2.110453e+001  1.189326e+001
    endloop
  endfacet
  facet normal  0.000000e+000 -8.785150e-001  4.777146e-001
    outer loop
      vertex -1.776357e-015 -2.110453e+001  1.189326e+001
      vertex  7.912913e-001 -2.145468e+001  1.124933e+001
      vertex  7.912913e-001 -2.110453e+001  1.189326e+001
    endloop
  endfacet
  facet normal  -0.000000e+000 -7.831290e-001 -6.218594e-001
    outer loop
      vertex  4.222194e+000 -2.110547e+001  1.080957e+001
      vertex  6.000000e+000 -2.110547e+001  1.080957e+001
      vertex  5.208709e+000 -2.145468e+001  1.124933e+001
    endloop
  endfacet
  facet normal  0.000000e+000 -7.831290e-001 -6.218594e-001
    outer loop
      vertex  5.208709e+000 -2.145468e+001  1.124933e+001
      vertex  6.000000e+000 -2.110547e+001  1.080957e+001
      vertex  6.000000e+000 -2.145468e+001  1.124933e+001
    endloop
  endfacet
  facet normal  -0.000000e+000 -7.831289e-001 -6.218593e-001
    outer loop
      vertex  0.000000e+000 -2.110547e+001  1.080957e+001
      vertex  1.777806e+000 -2.110547e+001  1.080957e+001
      vertex  0.000000e+000 -2.145468e+001  1.124933e+001
    endloop
  endfacet
  facet normal  0.000000e+000 -7.831290e-001 -6.218593e-001
    outer loop
      vertex  0.000000e+000 -2.145468e+001  1.124933e+001
      vertex  1.777806e+000 -2.110547e+001  1.080957e+001
      vertex  7.912913e-001 -2.145468e+001  1.124933e+001
    endloop
  endfacet
  facet normal  -0.000000e+000 -7.207288e-001 -6.932171e-001
    outer loop
      vertex -1.776357e-015 -2.036711e+001  1.004190e+001
      vertex  6.000000e+000 -2.036711e+001  1.004190e+001
      vertex  6.000000e+000 -2.110547e+001  1.080957e+001
    endloop
  endfacet
  facet normal  -0.000000e+000 -7.207289e-001 -6.932172e-001
    outer loop
      vertex -1.776357e-015 -2.036711e+001  1.004190e+001
      vertex  6.000000e+000 -2.110547e+001  1.080957e+001
      vertex  4.222194e+000 -2.110547e+001  1.080957e+001
    endloop
  endfacet
  facet normal  -0.000000e+000 -7.207288e-001 -6.932171e-001
    outer loop
      vertex -1.776357e-015 -2.036711e+001  1.004190e+001
      vertex  4.222194e+000 -2.110547e+001  1.080957e+001
      vertex  1.777806e+000 -2.110547e+001  1.080957e+001
    endloop
  endfacet
  facet normal  -0.000000e+000 -7.207289e-001 -6.932172e-001
    outer loop
      vertex -1.776357e-015 -2.036711e+001  1.004190e+001
      vertex  1.777806e+000 -2.110547e+001  1.080957e+001
      vertex  0.000000e+000 -2.110547e+001  1.080957e+001
    endloop
  endfacet
  facet normal  -0.000000e+000  6.297873e-002  9.980149e-001
    outer loop
      vertex  6.000000e+000 -2.082786e+001  9.047605e+000
      vertex -1.776357e-015 -2.082786e+001  9.047605e+000
      vertex -1.776357e-015 -2.189087e+001  9.114685e+000
    endloop
  endfacet
  facet normal  -0.000000e+000  6.297874e-002  9.980149e-001
    outer loop
      vertex  6.000000e+000 -2.082786e+001  9.047605e+000
      vertex -1.776357e-015 -2.189087e+001  9.114685e+000
      vertex  1.777806e+000 -2.189087e+001  9.114685e+000
    endloop
  endfacet
  facet normal  -0.000000e+000  6.297873e-002  9.980149e-001
    outer loop
      vertex  6.000000e+000 -2.082786e+001  9.047605e+000
      vertex  1.777806e+000 -2.189087e+001  9.114685e+000
      vertex  4.222194e+000 -2.189087e+001  9.114685e+000
    endloop
  endfacet
  facet normal  -0.000000e+000  6.297874e-002  9.980149e-001
    outer loop
      vertex  6.000000e+000 -2.082786e+001  9.047605e+000
      vertex  4.222194e+000 -2.189087e+001  9.114685e+000
      vertex  6.000000e+000 -2.189087e+001  9.114685e+000
    endloop
  endfacet
  facet normal  0.000000e+000 -3.180419e-002  9.994941e-001
    outer loop
      vertex -1.776357e-015 -2.245214e+001  9.096826e+000
      vertex  7.912913e-001 -2.245214e+001  9.096826e+000
      vertex -1.776357e-015 -2.189087e+001  9.114685e+000
    endloop
  endfacet
  facet normal  0.000000e+000 -3.180419e-002  9.994941e-001
    outer loop
      vertex -1.776357e-015 -2.189087e+001  9.114685e+000
      vertex  7.912913e-001 -2.245214e+001  9.096826e+000
      vertex  1.777806e+000 -2.189087e+001  9.114685e+000
    endloop
  endfacet
  facet normal  0.000000e+000 -3.180419e-002  9.994941e-001
    outer loop
      vertex  5.208709e+000 -2.245214e+001  9.096826e+000
      vertex  6.000000e+000 -2.245214e+001  9.096826e+000
      vertex  4.222194e+000 -2.189087e+001  9.114685e+000
    endloop
  endfacet
  facet normal  0.000000e+000 -3.180419e-002  9.994941e-001
    outer loop
      vertex  4.222194e+000 -2.189087e+001  9.114685e+000
      vertex  6.000000e+000 -2.245214e+001  9.096826e+000
      vertex  6.000000e+000 -2.189087e+001  9.114685e+000
    endloop
  endfacet
  facet normal  0.000000e+000 -9.323915e-001  3.614500e-001
    outer loop
      vertex  5.208709e+000 -2.271707e+001  8.413414e+000
      vertex  6.000000e+000 -2.271707e+001  8.413414e+000
      vertex  5.208709e+000 -2.245214e+001  9.096826e+000
    endloop
  endfacet
  facet normal  0.000000e+000 -9.323915e-001  3.614500e-001
    outer loop
      vertex  5.208709e+000 -2.245214e+001  9.096826e+000
      vertex  6.000000e+000 -2.271707e+001  8.413414e+000
      vertex  6.000000e+000 -2.245214e+001  9.096826e+000
    endloop
  endfacet
  facet normal  0.000000e+000 -9.323915e-001  3.614501e-001
    outer loop
      vertex  0.000000e+000 -2.271707e+001  8.413414e+000
      vertex  7.912913e-001 -2.271707e+001  8.413414e+000
      vertex -1.776357e-015 -2.245214e+001  9.096826e+000
    endloop
  endfacet
  facet normal  0.000000e+000 -9.323915e-001  3.614501e-001
    outer loop
      vertex -1.776357e-015 -2.245214e+001  9.096826e+000
      vertex  7.912913e-001 -2.271707e+001  8.413414e+000
      vertex  7.912913e-001 -2.245214e+001  9.096826e+000
    endloop
  endfacet
  facet normal  -0.000000e+000 -6.971794e-001 -7.168968e-001
    outer loop
      vertex  4.222194e+000 -2.231450e+001  8.021917e+000
      vertex  6.000000e+000 -2.231450e+001  8.021917e+000
      vertex  5.208709e+000 -2.271707e+001  8.413414e+000
    endloop
  endfacet
  facet normal  0.000000e+000 -6.971794e-001 -7.168968e-001
    outer loop
      vertex  5.208709e+000 -2.271707e+001  8.413414e+000
      vertex  6.000000e+000 -2.231450e+001  8.021917e+000
      vertex  6.000000e+000 -2.271707e+001  8.413414e+000
    endloop
  endfacet
  facet normal  -0.000000e+000 -6.971794e-001 -7.168967e-001
    outer loop
      vertex -1.776357e-015 -2.231450e+001  8.021917e+000
      vertex  1.777806e+000 -2.231450e+001  8.021917e+000
      vertex  0.000000e+000 -2.271707e+001  8.413414e+000
    endloop
  endfacet
  facet normal  0.000000e+000 -6.971794e-001 -7.168968e-001
    outer loop
      vertex  0.000000e+000 -2.271707e+001  8.413414e+000
      vertex  1.777806e+000 -2.231450e+001  8.021917e+000
      vertex  7.912913e-001 -2.271707e+001  8.413414e+000
    endloop
  endfacet
  facet normal  -0.000000e+000 -6.261638e-001 -7.796915e-001
    outer loop
      vertex  0.000000e+000 -2.148402e+001  7.354971e+000
      vertex  6.000000e+000 -2.148402e+001  7.354971e+000
      vertex  6.000000e+000 -2.231450e+001  8.021917e+000
    endloop
  endfacet
  facet normal  -0.000000e+000 -6.261637e-001 -7.796915e-001
    outer loop
      vertex  0.000000e+000 -2.148402e+001  7.354971e+000
      vertex  6.000000e+000 -2.231450e+001  8.021917e+000
      vertex  4.222194e+000 -2.231450e+001  8.021917e+000
    endloop
  endfacet
  facet normal  -0.000000e+000 -6.261637e-001 -7.796915e-001
    outer loop
      vertex  0.000000e+000 -2.148402e+001  7.354971e+000
      vertex  4.222194e+000 -2.231450e+001  8.021917e+000
      vertex  1.777806e+000 -2.231450e+001  8.021917e+000
    endloop
  endfacet
  facet normal  -0.000000e+000 -6.261638e-001 -7.796915e-001
    outer loop
      vertex  0.000000e+000 -2.148402e+001  7.354971e+000
      vertex  1.777806e+000 -2.231450e+001  8.021917e+000
      vertex -1.776357e-015 -2.231450e+001  8.021917e+000
    endloop
  endfacet
  facet normal  0.000000e+000 -6.516170e-002  9.978747e-001
    outer loop
      vertex  6.000000e+000 -2.181385e+001  6.309916e+000
      vertex  0.000000e+000 -2.181385e+001  6.309916e+000
      vertex -1.776357e-015 -2.287671e+001  6.240510e+000
    endloop
  endfacet
  facet normal  0.000000e+000 -6.516171e-002  9.978747e-001
    outer loop
      vertex  6.000000e+000 -2.181385e+001  6.309916e+000
      vertex -1.776357e-015 -2.287671e+001  6.240510e+000
      vertex  1.777806e+000 -2.287671e+001  6.240510e+000
    endloop
  endfacet
  facet normal  0.000000e+000 -6.516171e-002  9.978747e-001
    outer loop
      vertex  6.000000e+000 -2.181385e+001  6.309916e+000
      vertex  1.777806e+000 -2.287671e+001  6.240510e+000
      vertex  4.222194e+000 -2.287671e+001  6.240510e+000
    endloop
  endfacet
  facet normal  0.000000e+000 -6.516171e-002  9.978747e-001
    outer loop
      vertex  6.000000e+000 -2.181385e+001  6.309916e+000
      vertex  4.222194e+000 -2.287671e+001  6.240510e+000
      vertex  6.000000e+000 -2.287671e+001  6.240510e+000
    endloop
  endfacet
  facet normal  0.000000e+000 -1.593545e-001  9.872214e-001
    outer loop
      vertex -1.776357e-015 -2.343108e+001  6.151026e+000
      vertex  7.912913e-001 -2.343108e+001  6.151026e+000
      vertex -1.776357e-015 -2.287671e+001  6.240510e+000
    endloop
  endfacet
  facet normal  0.000000e+000 -1.593545e-001  9.872215e-001
    outer loop
      vertex -1.776357e-015 -2.287671e+001  6.240510e+000
      vertex  7.912913e-001 -2.343108e+001  6.151026e+000
      vertex  1.777806e+000 -2.287671e+001  6.240510e+000
    endloop
  endfacet
  facet normal  0.000000e+000 -1.593545e-001  9.872215e-001
    outer loop
      vertex  5.208709e+000 -2.343108e+001  6.151026e+000
      vertex  6.000000e+000 -2.343108e+001  6.151026e+000
      vertex  4.222194e+000 -2.287671e+001  6.240510e+000
    endloop
  endfacet
  facet normal  0.000000e+000 -1.593545e-001  9.872214e-001
    outer loop
      vertex  4.222194e+000 -2.287671e+001  6.240510e+000
      vertex  6.000000e+000 -2.343108e+001  6.151026e+000
      vertex  6.000000e+000 -2.287671e+001  6.240510e+000
    endloop
  endfacet
  facet normal  0.000000e+000 -9.709575e-001  2.392516e-001
    outer loop
      vertex  5.208709e+000 -2.360644e+001  5.439346e+000
      vertex  6.000000e+000 -2.360644e+001  5.439346e+000
      vertex  5.208709e+000 -2.343108e+001  6.151026e+000
    endloop
  endfacet
  facet normal  0.000000e+000 -9.709575e-001  2.392516e-001
    outer loop
      vertex  5.208709e+000 -2.343108e+001  6.151026e+000
      vertex  6.000000e+000 -2.360644e+001  5.439346e+000
      vertex  6.000000e+000 -2.343108e+001  6.151026e+000
    endloop
  endfacet
  facet normal  0.000000e+000 -9.709575e-001  2.392516e-001
    outer loop
      vertex  0.000000e+000 -2.360644e+001  5.439346e+000
      vertex  7.912913e-001 -2.360644e+001  5.439346e+000
      vertex -1.776357e-015 -2.343108e+001  6.151026e+000
    endloop
  endfacet
  facet normal  0.000000e+000 -9.709575e-001  2.392516e-001
    outer loop
      vertex -1.776357e-015 -2.343108e+001  6.151026e+000
      vertex  7.912913e-001 -2.360644e+001  5.439346e+000
      vertex  7.912913e-001 -2.343108e+001  6.151026e+000
    endloop
  endfacet
  facet normal  -0.000000e+000 -5.997783e-001 -8.001663e-001
    outer loop
      vertex  4.222194e+000 -2.315711e+001  5.102543e+000
      vertex  6.000000e+000 -2.315711e+001  5.102543e+000
      vertex  5.208709e+000 -2.360644e+001  5.439346e+000
    endloop
  endfacet
  facet normal  0.000000e+000 -5.997782e-001 -8.001662e-001
    outer loop
      vertex  5.208709e+000 -2.360644e+001  5.439346e+000
      vertex  6.000000e+000 -2.315711e+001  5.102543e+000
      vertex  6.000000e+000 -2.360644e+001  5.439346e+000
    endloop
  endfacet
  facet normal  -0.000000e+000 -5.997782e-001 -8.001662e-001
    outer loop
      vertex  0.000000e+000 -2.315711e+001  5.102543e+000
      vertex  1.777806e+000 -2.315711e+001  5.102543e+000
      vertex  0.000000e+000 -2.360644e+001  5.439346e+000
    endloop
  endfacet
  facet normal  0.000000e+000 -5.997783e-001 -8.001663e-001
    outer loop
      vertex  0.000000e+000 -2.360644e+001  5.439346e+000
      vertex  1.777806e+000 -2.315711e+001  5.102543e+000
      vertex  7.912913e-001 -2.360644e+001  5.439346e+000
    endloop
  endfacet
  facet normal  -0.000000e+000 -5.213196e-001 -8.533616e-001
    outer loop
      vertex  0.000000e+000 -2.224817e+001  4.547271e+000
      vertex  6.000000e+000 -2.224817e+001  4.547271e+000
      vertex  6.000000e+000 -2.315711e+001  5.102543e+000
    endloop
  endfacet
  facet normal  -0.000000e+000 -5.213196e-001 -8.533615e-001
    outer loop
      vertex  0.000000e+000 -2.224817e+001  4.547271e+000
      vertex  6.000000e+000 -2.315711e+001  5.102543e+000
      vertex  4.222194e+000 -2.315711e+001  5.102543e+000
    endloop
  endfacet
  facet normal  -0.000000e+000 -5.213196e-001 -8.533615e-001
    outer loop
      vertex  0.000000e+000 -2.224817e+001  4.547271e+000
      vertex  4.222194e+000 -2.315711e+001  5.102543e+000
      vertex  1.777806e+000 -2.315711e+001  5.102543e+000
    endloop
  endfacet
  facet normal  -0.000000e+000 -5.213196e-001 -8.533616e-001
    outer loop
      vertex  0.000000e+000 -2.224817e+001  4.547271e+000
      vertex  1.777806e+000 -2.315711e+001  5.102543e+000
      vertex  0.000000e+000 -2.315711e+001  5.102543e+000
    endloop
  endfacet
  facet normal  0.000000e+000 -1.922322e-001  9.813494e-001
    outer loop
      vertex  6.000000e+000 -2.244165e+001  3.468619e+000
      vertex  0.000000e+000 -2.244165e+001  3.468619e+000
      vertex  0.000000e+000 -2.348691e+001  3.263867e+000
    endloop
  endfacet
  facet normal  0.000000e+000 -1.922322e-001  9.813495e-001
    outer loop
      vertex  6.000000e+000 -2.244165e+001  3.468619e+000
      vertex  0.000000e+000 -2.348691e+001  3.263867e+000
      vertex  1.777806e+000 -2.348691e+001  3.263867e+000
    endloop
  endfacet
  facet normal  0.000000e+000 -1.922322e-001  9.813495e-001
    outer loop
      vertex  6.000000e+000 -2.244165e+001  3.468619e+000
      vertex  1.777806e+000 -2.348691e+001  3.263867e+000
      vertex  4.222194e+000 -2.348691e+001  3.263867e+000
    endloop
  endfacet
  facet normal  0.000000e+000 -1.922322e-001  9.813495e-001
    outer loop
      vertex  6.000000e+000 -2.244165e+001  3.468619e+000
      vertex  4.222194e+000 -2.348691e+001  3.263867e+000
      vertex  6.000000e+000 -2.348691e+001  3.263867e+000
    endloop
  endfacet
  facet normal  0.000000e+000 -2.842889e-001  9.587386e-001
    outer loop
      vertex  0.000000e+000 -2.402529e+001  3.104226e+000
      vertex  7.912913e-001 -2.402529e+001  3.104226e+000
      vertex  0.000000e+000 -2.348691e+001  3.263867e+000
    endloop
  endfacet
  facet normal  0.000000e+000 -2.842888e-001  9.587386e-001
    outer loop
      vertex  0.000000e+000 -2.348691e+001  3.263867e+000
      vertex  7.912913e-001 -2.402529e+001  3.104226e+000
      vertex  1.777806e+000 -2.348691e+001  3.263867e+000
    endloop
  endfacet
  facet normal  2.888711e-007 -2.842884e-001  9.587389e-001
    outer loop
      vertex  5.208709e+000 -2.402529e+001  3.104226e+000
      vertex  6.000000e+000 -2.402529e+001  3.104226e+000
      vertex  4.222194e+000 -2.348691e+001  3.263867e+000
    endloop
  endfacet
  facet normal  0.000000e+000 -2.842892e-001  9.587385e-001
    outer loop
      vertex  4.222194e+000 -2.348691e+001  3.263867e+000
      vertex  6.000000e+000 -2.402529e+001  3.104226e+000
      vertex  6.000000e+000 -2.348691e+001  3.263867e+000
    endloop
  endfacet
  facet normal  0.000000e+000 -9.935812e-001  1.131216e-001
    outer loop
      vertex  5.208709e+000 -2.410820e+001  2.375964e+000
      vertex  6.000000e+000 -2.410820e+001  2.375964e+000
      vertex  5.208709e+000 -2.402529e+001  3.104226e+000
    endloop
  endfacet
  facet normal  3.408391e-008 -9.935812e-001  1.131217e-001
    outer loop
      vertex  5.208709e+000 -2.402529e+001  3.104226e+000
      vertex  6.000000e+000 -2.410820e+001  2.375964e+000
      vertex  6.000000e+000 -2.402529e+001  3.104226e+000
    endloop
  endfacet
  facet normal  0.000000e+000 -9.935812e-001  1.131216e-001
    outer loop
      vertex  0.000000e+000 -2.410820e+001  2.375964e+000
      vertex  7.912913e-001 -2.410820e+001  2.375964e+000
      vertex  0.000000e+000 -2.402529e+001  3.104226e+000
    endloop
  endfacet
  facet normal  0.000000e+000 -9.935812e-001  1.131216e-001
    outer loop
      vertex  0.000000e+000 -2.402529e+001  3.104226e+000
      vertex  7.912913e-001 -2.410820e+001  2.375964e+000
      vertex  7.912913e-001 -2.402529e+001  3.104226e+000
    endloop
  endfacet
  facet normal  -0.000000e+000 -4.925328e-001 -8.702939e-001
    outer loop
      vertex  4.222194e+000 -2.361949e+001  2.099385e+000
      vertex  6.000000e+000 -2.361949e+001  2.099385e+000
      vertex  5.208709e+000 -2.410820e+001  2.375964e+000
    endloop
  endfacet
  facet normal  0.000000e+000 -4.925327e-001 -8.702939e-001
    outer loop
      vertex  5.208709e+000 -2.410820e+001  2.375964e+000
      vertex  6.000000e+000 -2.361949e+001  2.099385e+000
      vertex  6.000000e+000 -2.410820e+001  2.375964e+000
    endloop
  endfacet
  facet normal  -0.000000e+000 -4.925327e-001 -8.702939e-001
    outer loop
      vertex -1.776357e-015 -2.361949e+001  2.099385e+000
      vertex  1.777806e+000 -2.361949e+001  2.099385e+000
      vertex  0.000000e+000 -2.410820e+001  2.375964e+000
    endloop
  endfacet
  facet normal  0.000000e+000 -4.925327e-001 -8.702939e-001
    outer loop
      vertex  0.000000e+000 -2.410820e+001  2.375964e+000
      vertex  1.777806e+000 -2.361949e+001  2.099385e+000
      vertex  7.912913e-001 -2.410820e+001  2.375964e+000
    endloop
  endfacet
  facet normal  -0.000000e+000 -4.079137e-001 -9.130205e-001
    outer loop
      vertex -1.776357e-015 -2.264701e+001  1.664905e+000
      vertex  6.000000e+000 -2.264701e+001  1.664905e+000
      vertex  6.000000e+000 -2.361949e+001  2.099385e+000
    endloop
  endfacet
  facet normal  -0.000000e+000 -4.079137e-001 -9.130205e-001
    outer loop
      vertex -1.776357e-015 -2.264701e+001  1.664905e+000
      vertex  6.000000e+000 -2.361949e+001  2.099385e+000
      vertex  4.222194e+000 -2.361949e+001  2.099385e+000
    endloop
  endfacet
  facet normal  -0.000000e+000 -4.079137e-001 -9.130206e-001
    outer loop
      vertex -1.776357e-015 -2.264701e+001  1.664905e+000
      vertex  4.222194e+000 -2.361949e+001  2.099385e+000
      vertex  1.777806e+000 -2.361949e+001  2.099385e+000
    endloop
  endfacet
  facet normal  -0.000000e+000 -4.079137e-001 -9.130205e-001
    outer loop
      vertex -1.776357e-015 -2.264701e+001  1.664905e+000
      vertex  1.777806e+000 -2.361949e+001  2.099385e+000
      vertex -1.776357e-015 -2.361949e+001  2.099385e+000
    endloop
  endfacet
  facet normal -2.160540e-001  6.511670e-001 -7.275315e-001
    outer loop
      vertex  5.053854e+000  2.880573e-014 -2.411853e+001
      vertex  3.000000e+000  2.807727e-014 -2.350860e+001
      vertex  4.222194e+000  1.783310e-001 -2.371194e+001
    endloop
  endfacet
  facet normal  0.000000e+000 -7.518285e-001 -6.593586e-001
    outer loop
      vertex  3.000000e+000  2.807727e-014 -2.350860e+001
      vertex  1.777806e+000  1.783310e-001 -2.371194e+001
      vertex  4.222194e+000  1.783310e-001 -2.371194e+001
    endloop
  endfacet
  facet normal  2.160540e-001  6.511669e-001 -7.275317e-001
    outer loop
      vertex  1.777806e+000  1.783310e-001 -2.371194e+001
      vertex  3.000000e+000  2.807727e-014 -2.350860e+001
      vertex  9.461458e-001  2.880573e-014 -2.411853e+001
    endloop
  endfacet
  facet normal -4.640865e-001  7.194230e-002  8.828635e-001
    outer loop
      vertex  4.222194e+000  2.509398e+000  2.357946e+001
      vertex  5.208709e+000  1.602037e+000  2.417197e+001
      vertex  5.208709e+000  2.332582e+000  2.411244e+001
    endloop
  endfacet
  facet normal -4.640865e-001  7.194228e-002  8.828635e-001
    outer loop
      vertex  5.208709e+000  1.602037e+000  2.417197e+001
      vertex  4.222194e+000  2.509398e+000  2.357946e+001
      vertex  4.222194e+000  1.341265e+000  2.367465e+001
    endloop
  endfacet
  facet normal  0.000000e+000  8.121821e-002  9.966963e-001
    outer loop
      vertex  4.222194e+000  1.341265e+000  2.367465e+001
      vertex  4.222194e+000  2.509398e+000  2.357946e+001
      vertex  1.777806e+000  2.509398e+000  2.357946e+001
    endloop
  endfacet
  facet normal  0.000000e+000  8.121821e-002  9.966963e-001
    outer loop
      vertex  4.222194e+000  1.341265e+000  2.367465e+001
      vertex  1.777806e+000  2.509398e+000  2.357946e+001
      vertex  1.777806e+000  1.341265e+000  2.367465e+001
    endloop
  endfacet
  facet normal  4.640865e-001  7.194228e-002  8.828635e-001
    outer loop
      vertex  1.777806e+000  1.341265e+000  2.367465e+001
      vertex  1.777806e+000  2.509398e+000  2.357946e+001
      vertex  7.912913e-001  2.332582e+000  2.411244e+001
    endloop
  endfacet
  facet normal  4.640865e-001  7.194231e-002  8.828635e-001
    outer loop
      vertex  1.777806e+000  1.341265e+000  2.367465e+001
      vertex  7.912913e-001  2.332582e+000  2.411244e+001
      vertex  7.912913e-001  1.602037e+000  2.417197e+001
    endloop
  endfacet
  facet normal -4.640873e-001  1.842502e-001  8.664149e-001
    outer loop
      vertex  4.222194e+000  5.504069e+000  2.306498e+001
      vertex  5.208709e+000  4.679927e+000  2.376865e+001
      vertex  5.208709e+000  5.396862e+000  2.361619e+001
    endloop
  endfacet
  facet normal -4.640868e-001  1.842509e-001  8.664150e-001
    outer loop
      vertex  5.208709e+000  4.679927e+000  2.376865e+001
      vertex  4.222194e+000  5.504069e+000  2.306498e+001
      vertex  4.222194e+000  4.357699e+000  2.330876e+001
    endloop
  endfacet
  facet normal  0.000000e+000  2.080075e-001  9.781272e-001
    outer loop
      vertex  4.222194e+000  4.357699e+000  2.330876e+001
      vertex  4.222194e+000  5.504069e+000  2.306498e+001
      vertex  1.777806e+000  5.504069e+000  2.306498e+001
    endloop
  endfacet
  facet normal  0.000000e+000  2.080075e-001  9.781272e-001
    outer loop
      vertex  4.222194e+000  4.357699e+000  2.330876e+001
      vertex  1.777806e+000  5.504069e+000  2.306498e+001
      vertex  1.777806e+000  4.357699e+000  2.330876e+001
    endloop
  endfacet
  facet normal  4.640872e-001  1.842509e-001  8.664148e-001
    outer loop
      vertex  1.777806e+000  4.357699e+000  2.330876e+001
      vertex  1.777806e+000  5.504069e+000  2.306498e+001
      vertex  7.912913e-001  5.396862e+000  2.361619e+001
    endloop
  endfacet
  facet normal  4.640867e-001  1.842503e-001  8.664152e-001
    outer loop
      vertex  1.777806e+000  4.357699e+000  2.330876e+001
      vertex  7.912913e-001  5.396862e+000  2.361619e+001
      vertex  7.912913e-001  4.679927e+000  2.376865e+001
    endloop
  endfacet
  facet normal -4.640872e-001  2.935319e-001  8.357404e-001
    outer loop
      vertex  4.222194e+000  8.408365e+000  2.217177e+001
      vertex  5.208709e+000  7.680974e+000  2.297506e+001
      vertex  5.208709e+000  8.372525e+000  2.273217e+001
    endloop
  endfacet
  facet normal -4.640870e-001  2.935322e-001  8.357405e-001
    outer loop
      vertex  5.208709e+000  7.680974e+000  2.297506e+001
      vertex  4.222194e+000  8.408365e+000  2.217177e+001
      vertex  4.222194e+000  7.302581e+000  2.256015e+001
    endloop
  endfacet
  facet normal  0.000000e+000  3.313791e-001  9.434977e-001
    outer loop
      vertex  4.222194e+000  7.302581e+000  2.256015e+001
      vertex  4.222194e+000  8.408365e+000  2.217177e+001
      vertex  1.777806e+000  8.408365e+000  2.217177e+001
    endloop
  endfacet
  facet normal  0.000000e+000  3.313791e-001  9.434977e-001
    outer loop
      vertex  4.222194e+000  7.302581e+000  2.256015e+001
      vertex  1.777806e+000  8.408365e+000  2.217177e+001
      vertex  1.777806e+000  7.302581e+000  2.256015e+001
    endloop
  endfacet
  facet normal  4.640871e-001  2.935322e-001  8.357404e-001
    outer loop
      vertex  1.777806e+000  7.302581e+000  2.256015e+001
      vertex  1.777806e+000  8.408365e+000  2.217177e+001
      vertex  7.912913e-001  8.372525e+000  2.273217e+001
    endloop
  endfacet
  facet normal  4.640869e-001  2.935320e-001  8.357406e-001
    outer loop
      vertex  1.777806e+000  7.302581e+000  2.256015e+001
      vertex  7.912913e-001  8.372525e+000  2.273217e+001
      vertex  7.912913e-001  7.680974e+000  2.297506e+001
    endloop
  endfacet
  facet normal -4.640877e-001  3.979952e-001  7.913423e-001
    outer loop
      vertex  4.222194e+000  1.117459e+001  2.091450e+001
      vertex  5.208709e+000  1.055590e+001  2.180421e+001
      vertex  5.208709e+000  1.121071e+001  2.147488e+001
    endloop
  endfacet
  facet normal -4.640871e-001  3.979959e-001  7.913421e-001
    outer loop
      vertex  5.208709e+000  1.055590e+001  2.180421e+001
      vertex  4.222194e+000  1.117459e+001  2.091450e+001
      vertex  4.222194e+000  1.012755e+001  2.144110e+001
    endloop
  endfacet
  facet normal  0.000000e+000  4.493121e-001  8.933749e-001
    outer loop
      vertex  4.222194e+000  1.012755e+001  2.144110e+001
      vertex  4.222194e+000  1.117459e+001  2.091450e+001
      vertex  1.777806e+000  1.117459e+001  2.091450e+001
    endloop
  endfacet
  facet normal  0.000000e+000  4.493121e-001  8.933749e-001
    outer loop
      vertex  4.222194e+000  1.012755e+001  2.144110e+001
      vertex  1.777806e+000  1.117459e+001  2.091450e+001
      vertex  1.777806e+000  1.012755e+001  2.144110e+001
    endloop
  endfacet
  facet normal  4.640875e-001  3.979958e-001  7.913419e-001
    outer loop
      vertex  1.777806e+000  1.012755e+001  2.144110e+001
      vertex  1.777806e+000  1.117459e+001  2.091450e+001
      vertex  7.912913e-001  1.121071e+001  2.147488e+001
    endloop
  endfacet
  facet normal  4.640869e-001  3.979953e-001  7.913426e-001
    outer loop
      vertex  1.777806e+000  1.012755e+001  2.144110e+001
      vertex  7.912913e-001  1.121071e+001  2.147488e+001
      vertex  7.912913e-001  1.055590e+001  2.180421e+001
    endloop
  endfacet
  facet normal -4.640872e-001  4.959223e-001  7.339511e-001
    outer loop
      vertex  4.222194e+000  1.375734e+001  1.931382e+001
      vertex  5.208709e+000  1.325749e+001  2.027534e+001
      vertex  5.208709e+000  1.386482e+001  1.986498e+001
    endloop
  endfacet
  facet normal -4.640871e-001  4.959222e-001  7.339511e-001
    outer loop
      vertex  5.208709e+000  1.325749e+001  2.027534e+001
      vertex  4.222194e+000  1.375734e+001  1.931382e+001
      vertex  4.222194e+000  1.278623e+001  1.996998e+001
    endloop
  endfacet
  facet normal  0.000000e+000  5.598647e-001  8.285841e-001
    outer loop
      vertex  4.222194e+000  1.278623e+001  1.996998e+001
      vertex  4.222194e+000  1.375734e+001  1.931382e+001
      vertex  1.777806e+000  1.375734e+001  1.931382e+001
    endloop
  endfacet
  facet normal  0.000000e+000  5.598647e-001  8.285841e-001
    outer loop
      vertex  4.222194e+000  1.278623e+001  1.996998e+001
      vertex  1.777806e+000  1.375734e+001  1.931382e+001
      vertex  1.777806e+000  1.278623e+001  1.996998e+001
    endloop
  endfacet
  facet normal  4.640871e-001  4.959223e-001  7.339511e-001
    outer loop
      vertex  1.777806e+000  1.278623e+001  1.996998e+001
      vertex  1.777806e+000  1.375734e+001  1.931382e+001
      vertex  7.912913e-001  1.386482e+001  1.986498e+001
    endloop
  endfacet
  facet normal  4.640871e-001  4.959223e-001  7.339511e-001
    outer loop
      vertex  1.777806e+000  1.278623e+001  1.996998e+001
      vertex  7.912913e-001  1.386482e+001  1.986498e+001
      vertex  7.912913e-001  1.325749e+001  2.027534e+001
    endloop
  endfacet
  facet normal -4.640871e-001  5.857051e-001  6.645094e-001
    outer loop
      vertex  4.222194e+000  1.611419e+001  1.739600e+001
      vertex  5.208709e+000  1.574140e+001  1.841355e+001
      vertex  5.208709e+000  1.629127e+001  1.792889e+001
    endloop
  endfacet
  facet normal -4.640866e-001  5.857058e-001  6.645092e-001
    outer loop
      vertex  5.208709e+000  1.574140e+001  1.841355e+001
      vertex  4.222194e+000  1.611419e+001  1.739600e+001
      vertex  4.222194e+000  1.523496e+001  1.817096e+001
    endloop
  endfacet
  facet normal  0.000000e+000  6.612243e-001  7.501883e-001
    outer loop
      vertex  4.222194e+000  1.523496e+001  1.817096e+001
      vertex  4.222194e+000  1.611419e+001  1.739600e+001
      vertex  1.777806e+000  1.611419e+001  1.739600e+001
    endloop
  endfacet
  facet normal  0.000000e+000  6.612243e-001  7.501883e-001
    outer loop
      vertex  4.222194e+000  1.523496e+001  1.817096e+001
      vertex  1.777806e+000  1.611419e+001  1.739600e+001
      vertex  1.777806e+000  1.523496e+001  1.817096e+001
    endloop
  endfacet
  facet normal  4.640869e-001  5.857056e-001  6.645091e-001
    outer loop
      vertex  1.777806e+000  1.523496e+001  1.817096e+001
      vertex  1.777806e+000  1.611419e+001  1.739600e+001
      vertex  7.912913e-001  1.629127e+001  1.792889e+001
    endloop
  endfacet
  facet normal  4.640864e-001  5.857053e-001  6.645097e-001
    outer loop
      vertex  1.777806e+000  1.523496e+001  1.817096e+001
      vertex  7.912913e-001  1.629127e+001  1.792889e+001
      vertex  7.912913e-001  1.574140e+001  1.841355e+001
    endloop
  endfacet
  facet normal -4.640871e-001  6.658727e-001  5.841547e-001
    outer loop
      vertex  4.222194e+000  1.820644e+001  1.519254e+001
      vertex  5.208709e+000  1.796684e+001  1.624941e+001
      vertex  5.208709e+000  1.845021e+001  1.569842e+001
    endloop
  endfacet
  facet normal -4.640878e-001  6.658719e-001  5.841552e-001
    outer loop
      vertex  5.208709e+000  1.796684e+001  1.624941e+001
      vertex  4.222194e+000  1.820644e+001  1.519254e+001
      vertex  4.222194e+000  1.743353e+001  1.607357e+001
    endloop
  endfacet
  facet normal  0.000000e+000  7.517271e-001  6.594743e-001
    outer loop
      vertex  4.222194e+000  1.743353e+001  1.607357e+001
      vertex  4.222194e+000  1.820644e+001  1.519254e+001
      vertex  1.777806e+000  1.820644e+001  1.519254e+001
    endloop
  endfacet
  facet normal  0.000000e+000  7.517271e-001  6.594743e-001
    outer loop
      vertex  4.222194e+000  1.743353e+001  1.607357e+001
      vertex  1.777806e+000  1.820644e+001  1.519254e+001
      vertex  1.777806e+000  1.743353e+001  1.607357e+001
    endloop
  endfacet
  facet normal  4.640873e-001  6.658720e-001  5.841554e-001
    outer loop
      vertex  1.777806e+000  1.743353e+001  1.607357e+001
      vertex  1.777806e+000  1.820644e+001  1.519254e+001
      vertex  7.912913e-001  1.845021e+001  1.569842e+001
    endloop
  endfacet
  facet normal  4.640880e-001  6.658724e-001  5.841545e-001
    outer loop
      vertex  1.777806e+000  1.743353e+001  1.607357e+001
      vertex  7.912913e-001  1.845021e+001  1.569842e+001
      vertex  7.912913e-001  1.796684e+001  1.624941e+001
    endloop
  endfacet
  facet normal -4.640875e-001  7.351054e-001  4.942093e-001
    outer loop
      vertex  4.222194e+000  1.999975e+001  1.273962e+001
      vertex  5.208709e+000  1.989726e+001  1.381845e+001
      vertex  5.208709e+000  2.030621e+001  1.321017e+001
    endloop
  endfacet
  facet normal -4.640872e-001  7.351057e-001  4.942092e-001
    outer loop
      vertex  5.208709e+000  1.989726e+001  1.381845e+001
      vertex  4.222194e+000  1.999975e+001  1.273962e+001
      vertex  4.222194e+000  1.934585e+001  1.371226e+001
    endloop
  endfacet
  facet normal  0.000000e+000  8.298875e-001  5.579307e-001
    outer loop
      vertex  4.222194e+000  1.934585e+001  1.371226e+001
      vertex  4.222194e+000  1.999975e+001  1.273962e+001
      vertex  1.777806e+000  1.999975e+001  1.273962e+001
    endloop
  endfacet
  facet normal  0.000000e+000  8.298875e-001  5.579307e-001
    outer loop
      vertex  4.222194e+000  1.934585e+001  1.371226e+001
      vertex  1.777806e+000  1.999975e+001  1.273962e+001
      vertex  1.777806e+000  1.934585e+001  1.371226e+001
    endloop
  endfacet
  facet normal  4.640874e-001  7.351056e-001  4.942091e-001
    outer loop
      vertex  1.777806e+000  1.934585e+001  1.371226e+001
      vertex  1.777806e+000  1.999975e+001  1.273962e+001
      vertex  7.912913e-001  2.030621e+001  1.321017e+001
    endloop
  endfacet
  facet normal  4.640872e-001  7.351056e-001  4.942094e-001
    outer loop
      vertex  1.777806e+000  1.934585e+001  1.371226e+001
      vertex  7.912913e-001  2.030621e+001  1.321017e+001
      vertex  7.912913e-001  1.989726e+001  1.381845e+001
    endloop
  endfacet
  facet normal -4.640868e-001  7.922693e-001  3.961473e-001
    outer loop
      vertex  4.222194e+000  2.146465e+001  1.007752e+001
      vertex  5.208709e+000  2.150097e+001  1.116060e+001
      vertex  5.208709e+000  2.182877e+001  1.050502e+001
    endloop
  endfacet
  facet normal -4.640872e-001  7.922688e-001  3.961477e-001
    outer loop
      vertex  5.208709e+000  2.150097e+001  1.116060e+001
      vertex  4.222194e+000  2.146465e+001  1.007752e+001
      vertex  4.222194e+000  2.094050e+001  1.112579e+001
    endloop
  endfacet
  facet normal  0.000000e+000  8.944211e-001  4.472256e-001
    outer loop
      vertex  4.222194e+000  2.094050e+001  1.112579e+001
      vertex  4.222194e+000  2.146465e+001  1.007752e+001
      vertex  1.777806e+000  2.146465e+001  1.007752e+001
    endloop
  endfacet
  facet normal  0.000000e+000  8.944211e-001  4.472256e-001
    outer loop
      vertex  4.222194e+000  2.094050e+001  1.112579e+001
      vertex  1.777806e+000  2.146465e+001  1.007752e+001
      vertex  1.777806e+000  2.094050e+001  1.112579e+001
    endloop
  endfacet
  facet normal  4.640869e-001  7.922691e-001  3.961479e-001
    outer loop
      vertex  1.777806e+000  2.094050e+001  1.112579e+001
      vertex  1.777806e+000  2.146465e+001  1.007752e+001
      vertex  7.912913e-001  2.182877e+001  1.050502e+001
    endloop
  endfacet
  facet normal  4.640873e-001  7.922691e-001  3.961472e-001
    outer loop
      vertex  1.777806e+000  2.094050e+001  1.112579e+001
      vertex  7.912913e-001  2.182877e+001  1.050502e+001
      vertex  7.912913e-001  2.150097e+001  1.116060e+001
    endloop
  endfacet
  facet normal -4.640867e-001  8.364232e-001  2.915816e-001
    outer loop
      vertex  4.222194e+000  2.257712e+001  7.249947e+000
      vertex  5.208709e+000  2.275163e+001  8.319488e+000
      vertex  5.208709e+000  2.299291e+001  7.627370e+000
    endloop
  endfacet
  facet normal -4.640881e-001  8.364220e-001  2.915831e-001
    outer loop
      vertex  5.208709e+000  2.275163e+001  8.319488e+000
      vertex  4.222194e+000  2.257712e+001  7.249947e+000
      vertex  4.222194e+000  2.219132e+001  8.356633e+000
    endloop
  endfacet
  facet normal  0.000000e+000  9.442675e-001  3.291789e-001
    outer loop
      vertex  4.222194e+000  2.219132e+001  8.356633e+000
      vertex  4.222194e+000  2.257712e+001  7.249947e+000
      vertex  1.777806e+000  2.257712e+001  7.249947e+000
    endloop
  endfacet
  facet normal  0.000000e+000  9.442675e-001  3.291789e-001
    outer loop
      vertex  4.222194e+000  2.219132e+001  8.356633e+000
      vertex  1.777806e+000  2.257712e+001  7.249947e+000
      vertex  1.777806e+000  2.219132e+001  8.356633e+000
    endloop
  endfacet
  facet normal  4.640870e-001  8.364224e-001  2.915832e-001
    outer loop
      vertex  1.777806e+000  2.219132e+001  8.356633e+000
      vertex  1.777806e+000  2.257712e+001  7.249947e+000
      vertex  7.912913e-001  2.299291e+001  7.627370e+000
    endloop
  endfacet
  facet normal  4.640884e-001  8.364224e-001  2.915813e-001
    outer loop
      vertex  1.777806e+000  2.219132e+001  8.356633e+000
      vertex  7.912913e-001  2.299291e+001  7.627370e+000
      vertex  7.912913e-001  2.275163e+001  8.319488e+000
    endloop
  endfacet
  facet normal -4.640862e-001  8.668429e-001  1.822289e-001
    outer loop
      vertex  4.222194e+000  2.331886e+001  4.303328e+000
      vertex  5.208709e+000  2.362871e+001  5.341770e+000
      vertex  5.208709e+000  2.377950e+001  4.624482e+000
    endloop
  endfacet
  facet normal -4.640870e-001  8.668423e-001  1.822298e-001
    outer loop
      vertex  5.208709e+000  2.362871e+001  5.341770e+000
      vertex  4.222194e+000  2.331886e+001  4.303328e+000
      vertex  4.222194e+000  2.307775e+001  5.450263e+000
    endloop
  endfacet
  facet normal  0.000000e+000  9.786097e-001  2.057259e-001
    outer loop
      vertex  4.222194e+000  2.307775e+001  5.450263e+000
      vertex  4.222194e+000  2.331886e+001  4.303328e+000
      vertex  1.777806e+000  2.331886e+001  4.303328e+000
    endloop
  endfacet
  facet normal  0.000000e+000  9.786097e-001  2.057259e-001
    outer loop
      vertex  4.222194e+000  2.307775e+001  5.450263e+000
      vertex  1.777806e+000  2.331886e+001  4.303328e+000
      vertex  1.777806e+000  2.307775e+001  5.450263e+000
    endloop
  endfacet
  facet normal  4.640864e-001  8.668426e-001  1.822299e-001
    outer loop
      vertex  1.777806e+000  2.307775e+001  5.450263e+000
      vertex  1.777806e+000  2.331886e+001  4.303328e+000
      vertex  7.912913e-001  2.377950e+001  4.624482e+000
    endloop
  endfacet
  facet normal  4.640872e-001  8.668424e-001  1.822288e-001
    outer loop
      vertex  1.777806e+000  2.307775e+001  5.450263e+000
      vertex  7.912913e-001  2.377950e+001  4.624482e+000
      vertex  7.912913e-001  2.362871e+001  5.341770e+000
    endloop
  endfacet
  facet normal -4.640878e-001  8.830281e-001  6.988384e-002
    outer loop
      vertex  4.222194e+000  2.367771e+001  1.286047e+000
      vertex  5.208709e+000  2.411781e+001  2.276342e+000
      vertex  5.208709e+000  2.417564e+001  1.545660e+000
    endloop
  endfacet
  facet normal -4.640877e-001  8.830282e-001  6.988368e-002
    outer loop
      vertex  5.208709e+000  2.411781e+001  2.276342e+000
      vertex  4.222194e+000  2.367771e+001  1.286047e+000
      vertex  4.222194e+000  2.358525e+001  2.454399e+000
    endloop
  endfacet
  facet normal  0.000000e+000  9.968830e-001  7.889425e-002
    outer loop
      vertex  4.222194e+000  2.358525e+001  2.454399e+000
      vertex  4.222194e+000  2.367771e+001  1.286047e+000
      vertex  1.777806e+000  2.367771e+001  1.286047e+000
    endloop
  endfacet
  facet normal  0.000000e+000  9.968830e-001  7.889425e-002
    outer loop
      vertex  4.222194e+000  2.358525e+001  2.454399e+000
      vertex  1.777806e+000  2.367771e+001  1.286047e+000
      vertex  1.777806e+000  2.358525e+001  2.454399e+000
    endloop
  endfacet
  facet normal  4.640877e-001  8.830281e-001  6.988367e-002
    outer loop
      vertex  1.777806e+000  2.358525e+001  2.454399e+000
      vertex  1.777806e+000  2.367771e+001  1.286047e+000
      vertex  7.912913e-001  2.417564e+001  1.545660e+000
    endloop
  endfacet
  facet normal  4.640877e-001  8.830283e-001  6.988385e-002
    outer loop
      vertex  1.777806e+000  2.358525e+001  2.454399e+000
      vertex  7.912913e-001  2.417564e+001  1.545660e+000
      vertex  7.912913e-001  2.411781e+001  2.276342e+000
    endloop
  endfacet
  facet normal -4.640861e-001  8.847160e-001 -4.360888e-002
    outer loop
      vertex  4.222194e+000  2.364777e+001 -1.752349e+000
      vertex  5.208709e+000  2.421090e+001 -8.264646e-001
      vertex  5.208709e+000  2.417481e+001 -1.558542e+000
    endloop
  endfacet
  facet normal -4.640864e-001  8.847158e-001 -4.360850e-002
    outer loop
      vertex  5.208709e+000  2.421090e+001 -8.264646e-001
      vertex  4.222194e+000  2.364777e+001 -1.752349e+000
      vertex  4.222194e+000  2.370547e+001 -5.817657e-001
    endloop
  endfacet
  facet normal  0.000000e+000  9.987875e-001 -4.923120e-002
    outer loop
      vertex  4.222194e+000  2.370547e+001 -5.817657e-001
      vertex  4.222194e+000  2.364777e+001 -1.752349e+000
      vertex  1.777806e+000  2.364777e+001 -1.752349e+000
    endloop
  endfacet
  facet normal  0.000000e+000  9.987875e-001 -4.923120e-002
    outer loop
      vertex  4.222194e+000  2.370547e+001 -5.817657e-001
      vertex  1.777806e+000  2.364777e+001 -1.752349e+000
      vertex  1.777806e+000  2.370547e+001 -5.817657e-001
    endloop
  endfacet
  facet normal  4.640862e-001  8.847159e-001 -4.360851e-002
    outer loop
      vertex  1.777806e+000  2.370547e+001 -5.817657e-001
      vertex  1.777806e+000  2.364777e+001 -1.752349e+000
      vertex  7.912913e-001  2.417481e+001 -1.558542e+000
    endloop
  endfacet
  facet normal  4.640864e-001  8.847158e-001 -4.360887e-002
    outer loop
      vertex  1.777806e+000  2.370547e+001 -5.817657e-001
      vertex  7.912913e-001  2.417481e+001 -1.558542e+000
      vertex  7.912913e-001  2.421090e+001 -8.264646e-001
    endloop
  endfacet
  facet normal -4.640875e-001  8.718754e-001 -1.563847e-001
    outer loop
      vertex  4.222194e+000  2.322954e+001 -4.761973e+000
      vertex  5.208709e+000  2.390644e+001 -3.915700e+000
      vertex  5.208709e+000  2.377704e+001 -4.637153e+000
    endloop
  endfacet
  facet normal -4.640868e-001  8.718755e-001 -1.563856e-001
    outer loop
      vertex  5.208709e+000  2.390644e+001 -3.915700e+000
      vertex  4.222194e+000  2.322954e+001 -4.761973e+000
      vertex  4.222194e+000  2.343646e+001 -3.608378e+000
    endloop
  endfacet
  facet normal  0.000000e+000  9.842917e-001 -1.765494e-001
    outer loop
      vertex  4.222194e+000  2.343646e+001 -3.608378e+000
      vertex  4.222194e+000  2.322954e+001 -4.761973e+000
      vertex  1.777806e+000  2.322954e+001 -4.761973e+000
    endloop
  endfacet
  facet normal  0.000000e+000  9.842917e-001 -1.765494e-001
    outer loop
      vertex  4.222194e+000  2.343646e+001 -3.608378e+000
      vertex  1.777806e+000  2.322954e+001 -4.761973e+000
      vertex  1.777806e+000  2.343646e+001 -3.608378e+000
    endloop
  endfacet
  facet normal  4.640873e-001  8.718753e-001 -1.563856e-001
    outer loop
      vertex  1.777806e+000  2.343646e+001 -3.608378e+000
      vertex  1.777806e+000  2.322954e+001 -4.761973e+000
      vertex  7.912913e-001  2.377704e+001 -4.637153e+000
    endloop
  endfacet
  facet normal  4.640867e-001  8.718758e-001 -1.563848e-001
    outer loop
      vertex  1.777806e+000  2.343646e+001 -3.608378e+000
      vertex  7.912913e-001  2.377704e+001 -4.637153e+000
      vertex  7.912913e-001  2.390644e+001 -3.915700e+000
    endloop
  endfacet
  facet normal -4.640863e-001  8.447195e-001 -2.665951e-001
    outer loop
      vertex  4.222194e+000  2.242988e+001 -7.693405e+000
      vertex  5.208709e+000  2.320944e+001 -6.940640e+000
      vertex  5.208709e+000  2.298884e+001 -7.639622e+000
    endloop
  endfacet
  facet normal -4.640870e-001  8.447194e-001 -2.665941e-001
    outer loop
      vertex  5.208709e+000  2.320944e+001 -6.940640e+000
      vertex  4.222194e+000  2.242988e+001 -7.693405e+000
      vertex  4.222194e+000  2.278261e+001 -6.575741e+000
    endloop
  endfacet
  facet normal  0.000000e+000  9.536344e-001 -3.009677e-001
    outer loop
      vertex  4.222194e+000  2.278261e+001 -6.575741e+000
      vertex  4.222194e+000  2.242988e+001 -7.693405e+000
      vertex  1.777806e+000  2.242988e+001 -7.693405e+000
    endloop
  endfacet
  facet normal  0.000000e+000  9.536344e-001 -3.009677e-001
    outer loop
      vertex  4.222194e+000  2.278261e+001 -6.575741e+000
      vertex  1.777806e+000  2.242988e+001 -7.693405e+000
      vertex  1.777806e+000  2.278261e+001 -6.575741e+000
    endloop
  endfacet
  facet normal  4.640864e-001  8.447196e-001 -2.665941e-001
    outer loop
      vertex  1.777806e+000  2.278261e+001 -6.575741e+000
      vertex  1.777806e+000  2.242988e+001 -7.693405e+000
      vertex  7.912913e-001  2.298884e+001 -7.639622e+000
    endloop
  endfacet
  facet normal  4.640871e-001  8.447190e-001 -2.665949e-001
    outer loop
      vertex  1.777806e+000  2.278261e+001 -6.575741e+000
      vertex  7.912913e-001  2.298884e+001 -7.639622e+000
      vertex  7.912913e-001  2.320944e+001 -6.940640e+000
    endloop
  endfacet
  facet normal -4.640876e-001  8.036925e-001 -3.724260e-001
    outer loop
      vertex  4.222194e+000  2.126192e+001 -1.049851e+001
      vertex  5.208709e+000  2.213134e+001 -9.851615e+000
      vertex  5.208709e+000  2.182317e+001 -1.051665e+001
    endloop
  endfacet
  facet normal -4.640869e-001  8.036924e-001 -3.724270e-001
    outer loop
      vertex  5.208709e+000  2.213134e+001 -9.851615e+000
      vertex  4.222194e+000  2.126192e+001 -1.049851e+001
      vertex  4.222194e+000  2.175468e+001 -9.435130e+000
    endloop
  endfacet
  facet normal  0.000000e+000  9.073174e-001 -4.204462e-001
    outer loop
      vertex  4.222194e+000  2.175468e+001 -9.435130e+000
      vertex  4.222194e+000  2.126192e+001 -1.049851e+001
      vertex  1.777806e+000  2.126192e+001 -1.049851e+001
    endloop
  endfacet
  facet normal  0.000000e+000  9.073174e-001 -4.204462e-001
    outer loop
      vertex  4.222194e+000  2.175468e+001 -9.435130e+000
      vertex  1.777806e+000  2.126192e+001 -1.049851e+001
      vertex  1.777806e+000  2.175468e+001 -9.435130e+000
    endloop
  endfacet
  facet normal  4.640874e-001  8.036922e-001 -3.724268e-001
    outer loop
      vertex  1.777806e+000  2.175468e+001 -9.435130e+000
      vertex  1.777806e+000  2.126192e+001 -1.049851e+001
      vertex  7.912913e-001  2.182317e+001 -1.051665e+001
    endloop
  endfacet
  facet normal  4.640867e-001  8.036929e-001 -3.724262e-001
    outer loop
      vertex  1.777806e+000  2.175468e+001 -9.435130e+000
      vertex  7.912913e-001  2.182317e+001 -1.051665e+001
      vertex  7.912913e-001  2.213134e+001 -9.851615e+000
    endloop
  endfacet
  facet normal -4.640862e-001  7.494695e-001 -4.721435e-001
    outer loop
      vertex  4.222194e+000  1.974484e+001 -1.313123e+001
      vertex  5.208709e+000  2.068985e+001 -1.260083e+001
      vertex  5.208709e+000  2.029916e+001 -1.322099e+001
    endloop
  endfacet
  facet normal -4.640869e-001  7.494696e-001 -4.721425e-001
    outer loop
      vertex  5.208709e+000  2.068985e+001 -1.260083e+001
      vertex  4.222194e+000  1.974484e+001 -1.313123e+001
      vertex  4.222194e+000  2.036954e+001 -1.213960e+001
    endloop
  endfacet
  facet normal  0.000000e+000  8.461034e-001 -5.330188e-001
    outer loop
      vertex  4.222194e+000  2.036954e+001 -1.213960e+001
      vertex  4.222194e+000  1.974484e+001 -1.313123e+001
      vertex  1.777806e+000  1.974484e+001 -1.313123e+001
    endloop
  endfacet
  facet normal  0.000000e+000  8.461034e-001 -5.330188e-001
    outer loop
      vertex  4.222194e+000  2.036954e+001 -1.213960e+001
      vertex  1.777806e+000  1.974484e+001 -1.313123e+001
      vertex  1.777806e+000  2.036954e+001 -1.213960e+001
    endloop
  endfacet
  facet normal  4.640864e-001  7.494699e-001 -4.721427e-001
    outer loop
      vertex  1.777806e+000  2.036954e+001 -1.213960e+001
      vertex  1.777806e+000  1.974484e+001 -1.313123e+001
      vertex  7.912913e-001  2.029916e+001 -1.322099e+001
    endloop
  endfacet
  facet normal  4.640871e-001  7.494691e-001 -4.721433e-001
    outer loop
      vertex  1.777806e+000  2.036954e+001 -1.213960e+001
      vertex  7.912913e-001  2.029916e+001 -1.322099e+001
      vertex  7.912913e-001  2.068985e+001 -1.260083e+001
    endloop
  endfacet
  facet normal -4.640862e-001  6.829398e-001 -5.641075e-001
    outer loop
      vertex  4.222194e+000  1.790355e+001 -1.554834e+001
      vertex  5.208709e+000  1.890863e+001 -1.514313e+001
      vertex  5.208709e+000  1.844184e+001 -1.570825e+001
    endloop
  endfacet
  facet normal -4.640870e-001  6.829402e-001 -5.641063e-001
    outer loop
      vertex  5.208709e+000  1.890863e+001 -1.514313e+001
      vertex  4.222194e+000  1.790355e+001 -1.554834e+001
      vertex  4.222194e+000  1.864993e+001 -1.464473e+001
    endloop
  endfacet
  facet normal  0.000000e+000  7.709959e-001 -6.368401e-001
    outer loop
      vertex  4.222194e+000  1.864993e+001 -1.464473e+001
      vertex  4.222194e+000  1.790355e+001 -1.554834e+001
      vertex  1.777806e+000  1.790355e+001 -1.554834e+001
    endloop
  endfacet
  facet normal  0.000000e+000  7.709959e-001 -6.368401e-001
    outer loop
      vertex  4.222194e+000  1.864993e+001 -1.464473e+001
      vertex  1.777806e+000  1.790355e+001 -1.554834e+001
      vertex  1.777806e+000  1.864993e+001 -1.464473e+001
    endloop
  endfacet
  facet normal  4.640864e-001  6.829405e-001 -5.641066e-001
    outer loop
      vertex  1.777806e+000  1.864993e+001 -1.464473e+001
      vertex  1.777806e+000  1.790355e+001 -1.554834e+001
      vertex  7.912913e-001  1.844184e+001 -1.570825e+001
    endloop
  endfacet
  facet normal  4.640872e-001  6.829394e-001 -5.641071e-001
    outer loop
      vertex  1.777806e+000  1.864993e+001 -1.464473e+001
      vertex  7.912913e-001  1.844184e+001 -1.570825e+001
      vertex  7.912913e-001  1.890863e+001 -1.514313e+001
    endloop
  endfacet
  facet normal -4.640862e-001  6.051961e-001 -6.468089e-001
    outer loop
      vertex  4.222194e+000  1.576828e+001 -1.771014e+001
      vertex  5.208709e+000  1.681693e+001 -1.743679e+001
      vertex  5.208709e+000  1.628171e+001 -1.793757e+001
    endloop
  endfacet
  facet normal -4.640871e-001  6.051966e-001 -6.468078e-001
    outer loop
      vertex  5.208709e+000  1.681693e+001 -1.743679e+001
      vertex  4.222194e+000  1.576828e+001 -1.771014e+001
      vertex  4.222194e+000  1.662409e+001 -1.690940e+001
    endloop
  endfacet
  facet normal  0.000000e+000  6.832283e-001 -7.302047e-001
    outer loop
      vertex  4.222194e+000  1.662409e+001 -1.690940e+001
      vertex  4.222194e+000  1.576828e+001 -1.771014e+001
      vertex  1.777806e+000  1.576828e+001 -1.771014e+001
    endloop
  endfacet
  facet normal  0.000000e+000  6.832283e-001 -7.302047e-001
    outer loop
      vertex  4.222194e+000  1.662409e+001 -1.690940e+001
      vertex  1.777806e+000  1.576828e+001 -1.771014e+001
      vertex  1.777806e+000  1.662409e+001 -1.690940e+001
    endloop
  endfacet
  facet normal  4.640864e-001  6.051968e-001 -6.468080e-001
    outer loop
      vertex  1.777806e+000  1.662409e+001 -1.690940e+001
      vertex  1.777806e+000  1.576828e+001 -1.771014e+001
      vertex  7.912913e-001  1.628171e+001 -1.793757e+001
    endloop
  endfacet
  facet normal  4.640872e-001  6.051957e-001 -6.468084e-001
    outer loop
      vertex  1.777806e+000  1.662409e+001 -1.690940e+001
      vertex  7.912913e-001  1.628171e+001 -1.793757e+001
      vertex  7.912913e-001  1.681693e+001 -1.743679e+001
    endloop
  endfacet
  facet normal -4.640859e-001  5.175165e-001 -7.188887e-001
    outer loop
      vertex  4.222194e+000  1.337410e+001 -1.958115e+001
      vertex  5.208709e+000  1.444909e+001 -1.944413e+001
      vertex  5.208709e+000  1.385423e+001 -1.987236e+001
    endloop
  endfacet
  facet normal -4.640862e-001  5.175167e-001 -7.188883e-001
    outer loop
      vertex  5.208709e+000  1.444909e+001 -1.944413e+001
      vertex  4.222194e+000  1.337410e+001 -1.958115e+001
      vertex  4.222194e+000  1.432528e+001 -1.889641e+001
    endloop
  endfacet
  facet normal  0.000000e+000  5.842431e-001 -8.115787e-001
    outer loop
      vertex  4.222194e+000  1.432528e+001 -1.889641e+001
      vertex  4.222194e+000  1.337410e+001 -1.958115e+001
      vertex  1.777806e+000  1.337410e+001 -1.958115e+001
    endloop
  endfacet
  facet normal  0.000000e+000  5.842431e-001 -8.115787e-001
    outer loop
      vertex  4.222194e+000  1.432528e+001 -1.889641e+001
      vertex  1.777806e+000  1.337410e+001 -1.958115e+001
      vertex  1.777806e+000  1.432528e+001 -1.889641e+001
    endloop
  endfacet
  facet normal  4.640860e-001  5.175169e-001 -7.188885e-001
    outer loop
      vertex  1.777806e+000  1.432528e+001 -1.889641e+001
      vertex  1.777806e+000  1.337410e+001 -1.958115e+001
      vertex  7.912913e-001  1.385423e+001 -1.987236e+001
    endloop
  endfacet
  facet normal  4.640863e-001  5.175164e-001 -7.188885e-001
    outer loop
      vertex  1.777806e+000  1.432528e+001 -1.889641e+001
      vertex  7.912913e-001  1.385423e+001 -1.987236e+001
      vertex  7.912913e-001  1.444909e+001 -1.944413e+001
    endloop
  endfacet
  facet normal -4.640865e-001  4.213369e-001 -7.791655e-001
    outer loop
      vertex  4.222194e+000  1.076032e+001 -2.113063e+001
      vertex  5.208709e+000  1.184400e+001 -2.113221e+001
      vertex  5.208709e+000  1.119927e+001 -2.148085e+001
    endloop
  endfacet
  facet normal -4.640873e-001  4.213376e-001 -7.791647e-001
    outer loop
      vertex  5.208709e+000  1.184400e+001 -2.113221e+001
      vertex  4.222194e+000  1.076032e+001 -2.113063e+001
      vertex  4.222194e+000  1.179125e+001 -2.057315e+001
    endloop
  endfacet
  facet normal  0.000000e+000  4.756634e-001 -8.796274e-001
    outer loop
      vertex  4.222194e+000  1.179125e+001 -2.057315e+001
      vertex  4.222194e+000  1.076032e+001 -2.113063e+001
      vertex  1.777806e+000  1.076032e+001 -2.113063e+001
    endloop
  endfacet
  facet normal  0.000000e+000  4.756634e-001 -8.796274e-001
    outer loop
      vertex  4.222194e+000  1.179125e+001 -2.057315e+001
      vertex  1.777806e+000  1.076032e+001 -2.113063e+001
      vertex  1.777806e+000  1.179125e+001 -2.057315e+001
    endloop
  endfacet
  facet normal  4.640866e-001  4.213378e-001 -7.791650e-001
    outer loop
      vertex  1.777806e+000  1.179125e+001 -2.057315e+001
      vertex  1.777806e+000  1.076032e+001 -2.113063e+001
      vertex  7.912913e-001  1.119927e+001 -2.148085e+001
    endloop
  endfacet
  facet normal  4.640874e-001  4.213367e-001 -7.791651e-001
    outer loop
      vertex  1.777806e+000  1.179125e+001 -2.057315e+001
      vertex  7.912913e-001  1.119927e+001 -2.148085e+001
      vertex  7.912913e-001  1.184400e+001 -2.113221e+001
    endloop
  endfacet
  facet normal -4.640874e-001  3.182416e-001 -8.266470e-001
    outer loop
      vertex  4.222194e+000  7.969854e+000 -2.233314e+001
      vertex  5.208709e+000  9.044438e+000 -2.247329e+001
      vertex  5.208709e+000  8.360411e+000 -2.273663e+001
    endloop
  endfacet
  facet normal -4.640866e-001  3.182408e-001 -8.266477e-001
    outer loop
      vertex  5.208709e+000  9.044438e+000 -2.247329e+001
      vertex  4.222194e+000  7.969854e+000 -2.233314e+001
      vertex  4.222194e+000  9.063606e+000 -2.191207e+001
    endloop
  endfacet
  facet normal  0.000000e+000  3.592735e-001 -9.332324e-001
    outer loop
      vertex  4.222194e+000  9.063606e+000 -2.191207e+001
      vertex  4.222194e+000  7.969854e+000 -2.233314e+001
      vertex  1.777806e+000  7.969854e+000 -2.233314e+001
    endloop
  endfacet
  facet normal  0.000000e+000  3.592735e-001 -9.332324e-001
    outer loop
      vertex  4.222194e+000  9.063606e+000 -2.191207e+001
      vertex  1.777806e+000  7.969854e+000 -2.233314e+001
      vertex  1.777806e+000  9.063606e+000 -2.191207e+001
    endloop
  endfacet
  facet normal  4.640872e-001  3.182407e-001 -8.266475e-001
    outer loop
      vertex  1.777806e+000  9.063606e+000 -2.191207e+001
      vertex  1.777806e+000  7.969854e+000 -2.233314e+001
      vertex  7.912913e-001  8.360411e+000 -2.273663e+001
    endloop
  endfacet
  facet normal  4.640864e-001  3.182418e-001 -8.266475e-001
    outer loop
      vertex  1.777806e+000  9.063606e+000 -2.191207e+001
      vertex  7.912913e-001  8.360411e+000 -2.273663e+001
      vertex  7.912913e-001  9.044438e+000 -2.247329e+001
    endloop
  endfacet
  facet normal -4.640874e-001  2.099190e-001 -8.605561e-001
    outer loop
      vertex  4.222194e+000  5.048522e+000 -2.316895e+001
      vertex  5.208709e+000  6.096364e+000 -2.344536e+001
      vertex  5.208709e+000  5.384277e+000 -2.361906e+001
    endloop
  endfacet
  facet normal -4.640875e-001  2.099192e-001 -8.605561e-001
    outer loop
      vertex  5.208709e+000  6.096364e+000 -2.344536e+001
      vertex  4.222194e+000  5.048522e+000 -2.316895e+001
      vertex  4.222194e+000  6.187141e+000 -2.289120e+001
    endloop
  endfacet
  facet normal  0.000000e+000  2.369854e-001 -9.715132e-001
    outer loop
      vertex  4.222194e+000  6.187141e+000 -2.289120e+001
      vertex  4.222194e+000  5.048522e+000 -2.316895e+001
      vertex  1.777806e+000  5.048522e+000 -2.316895e+001
    endloop
  endfacet
  facet normal  0.000000e+000  2.369854e-001 -9.715132e-001
    outer loop
      vertex  4.222194e+000  6.187141e+000 -2.289120e+001
      vertex  1.777806e+000  5.048522e+000 -2.316895e+001
      vertex  1.777806e+000  6.187141e+000 -2.289120e+001
    endloop
  endfacet
  facet normal  4.640875e-001  2.099192e-001 -8.605561e-001
    outer loop
      vertex  1.777806e+000  6.187141e+000 -2.289120e+001
      vertex  1.777806e+000  5.048522e+000 -2.316895e+001
      vertex  7.912913e-001  5.384277e+000 -2.361906e+001
    endloop
  endfacet
  facet normal  4.640875e-001  2.099190e-001 -8.605561e-001
    outer loop
      vertex  1.777806e+000  6.187141e+000 -2.289120e+001
      vertex  7.912913e-001  5.384277e+000 -2.361906e+001
      vertex  7.912913e-001  6.096364e+000 -2.344536e+001
    endloop
  endfacet
  facet normal -4.640875e-001  9.815042e-002 -8.803348e-001
    outer loop
      vertex  4.222194e+000  2.044295e+000 -2.362432e+001
      vertex  5.208709e+000  3.048186e+000 -2.403246e+001
      vertex  5.208709e+000  2.319733e+000 -2.411368e+001
    endloop
  endfacet
  facet normal -4.640869e-001  9.814973e-002 -8.803352e-001
    outer loop
      vertex  5.208709e+000  3.048186e+000 -2.403246e+001
      vertex  4.222194e+000  2.044295e+000 -2.362432e+001
      vertex  4.222194e+000  3.209082e+000 -2.349446e+001
    endloop
  endfacet
  facet normal  0.000000e+000  1.108048e-001 -9.938422e-001
    outer loop
      vertex  4.222194e+000  3.209082e+000 -2.349446e+001
      vertex  4.222194e+000  2.044295e+000 -2.362432e+001
      vertex  1.777806e+000  2.044295e+000 -2.362432e+001
    endloop
  endfacet
  facet normal  0.000000e+000  1.108048e-001 -9.938422e-001
    outer loop
      vertex  4.222194e+000  3.209082e+000 -2.349446e+001
      vertex  1.777806e+000  2.044295e+000 -2.362432e+001
      vertex  1.777806e+000  3.209082e+000 -2.349446e+001
    endloop
  endfacet
  facet normal  4.640873e-001  9.814971e-002 -8.803349e-001
    outer loop
      vertex  1.777806e+000  3.209082e+000 -2.349446e+001
      vertex  1.777806e+000  2.044295e+000 -2.362432e+001
      vertex  7.912913e-001  2.319733e+000 -2.411368e+001
    endloop
  endfacet
  facet normal  4.640867e-001  9.815047e-002 -8.803352e-001
    outer loop
      vertex  1.777806e+000  3.209082e+000 -2.349446e+001
      vertex  7.912913e-001  2.319733e+000 -2.411368e+001
      vertex  7.912913e-001  3.048186e+000 -2.403246e+001
    endloop
  endfacet
  facet normal  4.640869e-001 -1.523164e-002 -8.856588e-001
    outer loop
      vertex  1.777806e+000 -9.935007e-001 -2.369179e+001
      vertex  7.912913e-001 -7.829008e-001 -2.421235e+001
      vertex  7.912913e-001 -5.004249e-002 -2.422495e+001
    endloop
  endfacet
  facet normal  5.425729e-001  9.572615e-002 -8.345365e-001
    outer loop
      vertex  1.777806e+000 -9.935007e-001 -2.369179e+001
      vertex  7.912913e-001 -5.004249e-002 -2.422495e+001
      vertex  9.461458e-001  2.880573e-014 -2.411853e+001
    endloop
  endfacet
  facet normal  2.804924e-001 -1.709029e-001 -9.445191e-001
    outer loop
      vertex  1.777806e+000 -9.935007e-001 -2.369179e+001
      vertex  9.461458e-001  2.880573e-014 -2.411853e+001
      vertex  3.000000e+000  2.807727e-014 -2.350860e+001
    endloop
  endfacet
  facet normal  0.000000e+000  1.813292e-001 -9.834225e-001
    outer loop
      vertex  1.777806e+000 -9.935007e-001 -2.369179e+001
      vertex  3.000000e+000  2.807727e-014 -2.350860e+001
      vertex  4.222194e+000 -9.935007e-001 -2.369179e+001
    endloop
  endfacet
  facet normal -2.804924e-001 -1.709029e-001 -9.445190e-001
    outer loop
      vertex  3.000000e+000  2.807727e-014 -2.350860e+001
      vertex  5.053854e+000  2.880573e-014 -2.411853e+001
      vertex  4.222194e+000 -9.935007e-001 -2.369179e+001
    endloop
  endfacet
  facet normal -5.425724e-001  9.572531e-002 -8.345369e-001
    outer loop
      vertex  4.222194e+000 -9.935007e-001 -2.369179e+001
      vertex  5.053854e+000  2.880573e-014 -2.411853e+001
      vertex  5.208709e+000 -5.004249e-002 -2.422495e+001
    endloop
  endfacet
  facet normal -4.640868e-001 -1.523164e-002 -8.856587e-001
    outer loop
      vertex  4.222194e+000 -9.935007e-001 -2.369179e+001
      vertex  5.208709e+000 -5.004249e-002 -2.422495e+001
      vertex  5.208709e+000 -7.829008e-001 -2.421235e+001
    endloop
  endfacet
  facet normal -4.640884e-001 -8.801032e-001  1.002019e-001
    outer loop
      vertex  4.222194e+000 -2.348691e+001  3.263867e+000
      vertex  5.208709e+000 -2.410820e+001  2.375964e+000
      vertex  5.208709e+000 -2.402529e+001  3.104226e+000
    endloop
  endfacet
  facet normal -4.640869e-001 -8.801037e-001  1.002039e-001
    outer loop
      vertex  5.208709e+000 -2.410820e+001  2.375964e+000
      vertex  4.222194e+000 -2.348691e+001  3.263867e+000
      vertex  4.222194e+000 -2.361949e+001  2.099385e+000
    endloop
  endfacet
  facet normal  0.000000e+000 -9.935809e-001  1.131238e-001
    outer loop
      vertex  4.222194e+000 -2.361949e+001  2.099385e+000
      vertex  4.222194e+000 -2.348691e+001  3.263867e+000
      vertex  1.777806e+000 -2.348691e+001  3.263867e+000
    endloop
  endfacet
  facet normal  0.000000e+000 -9.935809e-001  1.131238e-001
    outer loop
      vertex  4.222194e+000 -2.361949e+001  2.099385e+000
      vertex  1.777806e+000 -2.348691e+001  3.263867e+000
      vertex  1.777806e+000 -2.361949e+001  2.099385e+000
    endloop
  endfacet
  facet normal  4.640880e-001 -8.801031e-001  1.002039e-001
    outer loop
      vertex  1.777806e+000 -2.361949e+001  2.099385e+000
      vertex  1.777806e+000 -2.348691e+001  3.263867e+000
      vertex  7.912913e-001 -2.402529e+001  3.104226e+000
    endloop
  endfacet
  facet normal  4.640865e-001 -8.801042e-001  1.002020e-001
    outer loop
      vertex  1.777806e+000 -2.361949e+001  2.099385e+000
      vertex  7.912913e-001 -2.402529e+001  3.104226e+000
      vertex  7.912913e-001 -2.410820e+001  2.375964e+000
    endloop
  endfacet
  facet normal -4.640871e-001 -8.600641e-001  2.119266e-001
    outer loop
      vertex  4.222194e+000 -2.287671e+001  6.240510e+000
      vertex  5.208709e+000 -2.360644e+001  5.439346e+000
      vertex  5.208709e+000 -2.343108e+001  6.151026e+000
    endloop
  endfacet
  facet normal -4.640876e-001 -8.600640e-001  2.119258e-001
    outer loop
      vertex  5.208709e+000 -2.360644e+001  5.439346e+000
      vertex  4.222194e+000 -2.287671e+001  6.240510e+000
      vertex  4.222194e+000 -2.315711e+001  5.102543e+000
    endloop
  endfacet
  facet normal  0.000000e+000 -9.709578e-001  2.392509e-001
    outer loop
      vertex  4.222194e+000 -2.315711e+001  5.102543e+000
      vertex  4.222194e+000 -2.287671e+001  6.240510e+000
      vertex  1.777806e+000 -2.287671e+001  6.240510e+000
    endloop
  endfacet
  facet normal  0.000000e+000 -9.709578e-001  2.392509e-001
    outer loop
      vertex  4.222194e+000 -2.315711e+001  5.102543e+000
      vertex  1.777806e+000 -2.287671e+001  6.240510e+000
      vertex  1.777806e+000 -2.315711e+001  5.102543e+000
    endloop
  endfacet
  facet normal  4.640872e-001 -8.600641e-001  2.119259e-001
    outer loop
      vertex  1.777806e+000 -2.315711e+001  5.102543e+000
      vertex  1.777806e+000 -2.287671e+001  6.240510e+000
      vertex  7.912913e-001 -2.343108e+001  6.151026e+000
    endloop
  endfacet
  facet normal  4.640877e-001 -8.600639e-001  2.119265e-001
    outer loop
      vertex  1.777806e+000 -2.315711e+001  5.102543e+000
      vertex  7.912913e-001 -2.343108e+001  6.151026e+000
      vertex  7.912913e-001 -2.360644e+001  5.439346e+000
    endloop
  endfacet
  facet normal -4.640868e-001 -8.259028e-001  3.201688e-001
    outer loop
      vertex  4.222194e+000 -2.189087e+001  9.114685e+000
      vertex  5.208709e+000 -2.271707e+001  8.413414e+000
      vertex  5.208709e+000 -2.245214e+001  9.096826e+000
    endloop
  endfacet
  facet normal -4.640863e-001 -8.259028e-001  3.201693e-001
    outer loop
      vertex  5.208709e+000 -2.271707e+001  8.413414e+000
      vertex  4.222194e+000 -2.189087e+001  9.114685e+000
      vertex  4.222194e+000 -2.231450e+001  8.021917e+000
    endloop
  endfacet
  facet normal  0.000000e+000 -9.323912e-001  3.614506e-001
    outer loop
      vertex  4.222194e+000 -2.231450e+001  8.021917e+000
      vertex  4.222194e+000 -2.189087e+001  9.114685e+000
      vertex  1.777806e+000 -2.189087e+001  9.114685e+000
    endloop
  endfacet
  facet normal  0.000000e+000 -9.323912e-001  3.614506e-001
    outer loop
      vertex  4.222194e+000 -2.231450e+001  8.021917e+000
      vertex  1.777806e+000 -2.189087e+001  9.114685e+000
      vertex  1.777806e+000 -2.231450e+001  8.021917e+000
    endloop
  endfacet
  facet normal  4.640867e-001 -8.259027e-001  3.201693e-001
    outer loop
      vertex  1.777806e+000 -2.231450e+001  8.021917e+000
      vertex  1.777806e+000 -2.189087e+001  9.114685e+000
      vertex  7.912913e-001 -2.245214e+001  9.096826e+000
    endloop
  endfacet
  facet normal  4.640862e-001 -8.259031e-001  3.201689e-001
    outer loop
      vertex  1.777806e+000 -2.231450e+001  8.021917e+000
      vertex  7.912913e-001 -2.245214e+001  9.096826e+000
      vertex  7.912913e-001 -2.271707e+001  8.413414e+000
    endloop
  endfacet
  facet normal -4.640862e-001 -7.781799e-001  4.231548e-001
    outer loop
      vertex  4.222194e+000 -2.054559e+001  1.183920e+001
      vertex  5.208709e+000 -2.145468e+001  1.124933e+001
      vertex  5.208709e+000 -2.110453e+001  1.189326e+001
    endloop
  endfacet
  facet normal -4.640866e-001 -7.781799e-001  4.231543e-001
    outer loop
      vertex  5.208709e+000 -2.145468e+001  1.124933e+001
      vertex  4.222194e+000 -2.054559e+001  1.183920e+001
      vertex  4.222194e+000 -2.110547e+001  1.080957e+001
    endloop
  endfacet
  facet normal  0.000000e+000 -8.785154e-001  4.777141e-001
    outer loop
      vertex  4.222194e+000 -2.110547e+001  1.080957e+001
      vertex  4.222194e+000 -2.054559e+001  1.183920e+001
      vertex  1.777806e+000 -2.054559e+001  1.183920e+001
    endloop
  endfacet
  facet normal  0.000000e+000 -8.785154e-001  4.777141e-001
    outer loop
      vertex  4.222194e+000 -2.110547e+001  1.080957e+001
      vertex  1.777806e+000 -2.054559e+001  1.183920e+001
      vertex  1.777806e+000 -2.110547e+001  1.080957e+001
    endloop
  endfacet
  facet normal  4.640864e-001 -7.781801e-001  4.231544e-001
    outer loop
      vertex  1.777806e+000 -2.110547e+001  1.080957e+001
      vertex  1.777806e+000 -2.054559e+001  1.183920e+001
      vertex  7.912913e-001 -2.110453e+001  1.189326e+001
    endloop
  endfacet
  facet normal  4.640867e-001 -7.781796e-001  4.231547e-001
    outer loop
      vertex  1.777806e+000 -2.110547e+001  1.080957e+001
      vertex  7.912913e-001 -2.110453e+001  1.189326e+001
      vertex  7.912913e-001 -2.145468e+001  1.124933e+001
    endloop
  endfacet
  facet normal -4.640868e-001 -7.176791e-001  5.191919e-001
    outer loop
      vertex  4.222194e+000 -1.886295e+001  1.436931e+001
      vertex  5.208709e+000 -1.984000e+001  1.390054e+001
      vertex  5.208709e+000 -1.941038e+001  1.449440e+001
    endloop
  endfacet
  facet normal -4.640866e-001 -7.176791e-001  5.191920e-001
    outer loop
      vertex  5.208709e+000 -1.984000e+001  1.390054e+001
      vertex  4.222194e+000 -1.886295e+001  1.436931e+001
      vertex  4.222194e+000 -1.954990e+001  1.341973e+001
    endloop
  endfacet
  facet normal  0.000000e+000 -8.102137e-001  5.861346e-001
    outer loop
      vertex  4.222194e+000 -1.954990e+001  1.341973e+001
      vertex  4.222194e+000 -1.886295e+001  1.436931e+001
      vertex  1.777806e+000 -1.886295e+001  1.436931e+001
    endloop
  endfacet
  facet normal  0.000000e+000 -8.102137e-001  5.861346e-001
    outer loop
      vertex  4.222194e+000 -1.954990e+001  1.341973e+001
      vertex  1.777806e+000 -1.886295e+001  1.436931e+001
      vertex  1.777806e+000 -1.954990e+001  1.341973e+001
    endloop
  endfacet
  facet normal  4.640867e-001 -7.176790e-001  5.191920e-001
    outer loop
      vertex  1.777806e+000 -1.954990e+001  1.341973e+001
      vertex  1.777806e+000 -1.886295e+001  1.436931e+001
      vertex  7.912913e-001 -1.941038e+001  1.449440e+001
    endloop
  endfacet
  facet normal  4.640866e-001 -7.176793e-001  5.191919e-001
    outer loop
      vertex  1.777806e+000 -1.954990e+001  1.341973e+001
      vertex  7.912913e-001 -1.941038e+001  1.449440e+001
      vertex  7.912913e-001 -1.984000e+001  1.390054e+001
    endloop
  endfacet
  facet normal -4.640869e-001 -6.453941e-001  6.067042e-001
    outer loop
      vertex  4.222194e+000 -1.687058e+001  1.666348e+001
      vertex  5.208709e+000 -1.789955e+001  1.632350e+001
      vertex  5.208709e+000 -1.739752e+001  1.685755e+001
    endloop
  endfacet
  facet normal -4.640876e-001 -6.453945e-001  6.067032e-001
    outer loop
      vertex  5.208709e+000 -1.789955e+001  1.632350e+001
      vertex  4.222194e+000 -1.687058e+001  1.666348e+001
      vertex  4.222194e+000 -1.767332e+001  1.580954e+001
    endloop
  endfacet
  facet normal  0.000000e+000 -7.286094e-001  6.849294e-001
    outer loop
      vertex  4.222194e+000 -1.767332e+001  1.580954e+001
      vertex  4.222194e+000 -1.687058e+001  1.666348e+001
      vertex  1.777806e+000 -1.687058e+001  1.666348e+001
    endloop
  endfacet
  facet normal  0.000000e+000 -7.286094e-001  6.849294e-001
    outer loop
      vertex  4.222194e+000 -1.767332e+001  1.580954e+001
      vertex  1.777806e+000 -1.687058e+001  1.666348e+001
      vertex  1.777806e+000 -1.767332e+001  1.580954e+001
    endloop
  endfacet
  facet normal  4.640870e-001 -6.453947e-001  6.067033e-001
    outer loop
      vertex  1.777806e+000 -1.767332e+001  1.580954e+001
      vertex  1.777806e+000 -1.687058e+001  1.666348e+001
      vertex  7.912913e-001 -1.739752e+001  1.685755e+001
    endloop
  endfacet
  facet normal  4.640878e-001 -6.453937e-001  6.067038e-001
    outer loop
      vertex  1.777806e+000 -1.767332e+001  1.580954e+001
      vertex  7.912913e-001 -1.739752e+001  1.685755e+001
      vertex  7.912913e-001 -1.789955e+001  1.632350e+001
    endloop
  endfacet
  facet normal -4.640867e-001 -5.625126e-001  6.842538e-001
    outer loop
      vertex  4.222194e+000 -1.460119e+001  1.868403e+001
      vertex  5.208709e+000 -1.566519e+001  1.847843e+001
      vertex  5.208709e+000 -1.509899e+001  1.894389e+001
    endloop
  endfacet
  facet normal -4.640865e-001 -5.625124e-001  6.842540e-001
    outer loop
      vertex  5.208709e+000 -1.566519e+001  1.847843e+001
      vertex  4.222194e+000 -1.460119e+001  1.868403e+001
      vertex  4.222194e+000 -1.550654e+001  1.793976e+001
    endloop
  endfacet
  facet normal  0.000000e+000 -6.350404e-001  7.724789e-001
    outer loop
      vertex  4.222194e+000 -1.550654e+001  1.793976e+001
      vertex  4.222194e+000 -1.460119e+001  1.868403e+001
      vertex  1.777806e+000 -1.460119e+001  1.868403e+001
    endloop
  endfacet
  facet normal  0.000000e+000 -6.350404e-001  7.724789e-001
    outer loop
      vertex  4.222194e+000 -1.550654e+001  1.793976e+001
      vertex  1.777806e+000 -1.460119e+001  1.868403e+001
      vertex  1.777806e+000 -1.550654e+001  1.793976e+001
    endloop
  endfacet
  facet normal  4.640866e-001 -5.625123e-001  6.842539e-001
    outer loop
      vertex  1.777806e+000 -1.550654e+001  1.793976e+001
      vertex  1.777806e+000 -1.460119e+001  1.868403e+001
      vertex  7.912913e-001 -1.509899e+001  1.894389e+001
    endloop
  endfacet
  facet normal  4.640864e-001 -5.625126e-001  6.842539e-001
    outer loop
      vertex  1.777806e+000 -1.550654e+001  1.793976e+001
      vertex  7.912913e-001 -1.509899e+001  1.894389e+001
      vertex  7.912913e-001 -1.566519e+001  1.847843e+001
    endloop
  endfacet
  facet normal -4.640878e-001 -4.703939e-001  7.505677e-001
    outer loop
      vertex  4.222194e+000 -1.209206e+001  2.039779e+001
      vertex  5.208709e+000 -1.317361e+001  2.032994e+001
      vertex  5.208709e+000 -1.255254e+001  2.071918e+001
    endloop
  endfacet
  facet normal -4.640865e-001 -4.703928e-001  7.505693e-001
    outer loop
      vertex  5.208709e+000 -1.317361e+001  2.032994e+001
      vertex  4.222194e+000 -1.209206e+001  2.039779e+001
      vertex  4.222194e+000 -1.308515e+001  1.977541e+001
    endloop
  endfacet
  facet normal  0.000000e+000 -5.310434e-001  8.473446e-001
    outer loop
      vertex  4.222194e+000 -1.308515e+001  1.977541e+001
      vertex  4.222194e+000 -1.209206e+001  2.039779e+001
      vertex  1.777806e+000 -1.209206e+001  2.039779e+001
    endloop
  endfacet
  facet normal  0.000000e+000 -5.310434e-001  8.473446e-001
    outer loop
      vertex  4.222194e+000 -1.308515e+001  1.977541e+001
      vertex  1.777806e+000 -1.209206e+001  2.039779e+001
      vertex  1.777806e+000 -1.308515e+001  1.977541e+001
    endloop
  endfacet
  facet normal  4.640875e-001 -4.703925e-001  7.505689e-001
    outer loop
      vertex  1.777806e+000 -1.308515e+001  1.977541e+001
      vertex  1.777806e+000 -1.209206e+001  2.039779e+001
      vertex  7.912913e-001 -1.255254e+001  2.071918e+001
    endloop
  endfacet
  facet normal  4.640862e-001 -4.703945e-001  7.505686e-001
    outer loop
      vertex  1.777806e+000 -1.308515e+001  1.977541e+001
      vertex  7.912913e-001 -1.255254e+001  2.071918e+001
      vertex  7.912913e-001 -1.317361e+001  2.032994e+001
    endloop
  endfacet
  facet normal -4.640855e-001 -3.705502e-001  8.045602e-001
    outer loop
      vertex  4.222194e+000 -9.384369e+000  2.177663e+001
      vertex  5.208709e+000 -1.046572e+001  2.184764e+001
      vertex  5.208709e+000 -9.799973e+000  2.215426e+001
    endloop
  endfacet
  facet normal -4.640871e-001 -3.705518e-001  8.045586e-001
    outer loop
      vertex  5.208709e+000 -1.046572e+001  2.184764e+001
      vertex  4.222194e+000 -9.384369e+000  2.177663e+001
      vertex  4.222194e+000 -1.044890e+001  2.128634e+001
    endloop
  endfacet
  facet normal  0.000000e+000 -4.183294e-001  9.082955e-001
    outer loop
      vertex  4.222194e+000 -1.044890e+001  2.128634e+001
      vertex  4.222194e+000 -9.384369e+000  2.177663e+001
      vertex  1.777806e+000 -9.384369e+000  2.177663e+001
    endloop
  endfacet
  facet normal  0.000000e+000 -4.183294e-001  9.082955e-001
    outer loop
      vertex  4.222194e+000 -1.044890e+001  2.128634e+001
      vertex  1.777806e+000 -9.384369e+000  2.177663e+001
      vertex  1.777806e+000 -1.044890e+001  2.128634e+001
    endloop
  endfacet
  facet normal  4.640858e-001 -3.705520e-001  8.045592e-001
    outer loop
      vertex  1.777806e+000 -1.044890e+001  2.128634e+001
      vertex  1.777806e+000 -9.384369e+000  2.177663e+001
      vertex  7.912913e-001 -9.799973e+000  2.215426e+001
    endloop
  endfacet
  facet normal  4.640875e-001 -3.705498e-001  8.045594e-001
    outer loop
      vertex  1.777806e+000 -1.044890e+001  2.128634e+001
      vertex  7.912913e-001 -9.799973e+000  2.215426e+001
      vertex  7.912913e-001 -1.046572e+001  2.184764e+001
    endloop
  endfacet
  facet normal -4.640878e-001 -2.646242e-001  8.453381e-001
    outer loop
      vertex  4.222194e+000 -6.522590e+000  2.279789e+001
      vertex  5.208709e+000 -7.585987e+000  2.300660e+001
      vertex  5.208709e+000 -6.886493e+000  2.322556e+001
    endloop
  endfacet
  facet normal -4.640871e-001 -2.646234e-001  8.453388e-001
    outer loop
      vertex  5.208709e+000 -7.585987e+000  2.300660e+001
      vertex  4.222194e+000 -6.522590e+000  2.279789e+001
      vertex  4.222194e+000 -7.641073e+000  2.244776e+001
    endloop
  endfacet
  facet normal  0.000000e+000 -2.987430e-001  9.543336e-001
    outer loop
      vertex  4.222194e+000 -7.641073e+000  2.244776e+001
      vertex  4.222194e+000 -6.522590e+000  2.279789e+001
      vertex  1.777806e+000 -6.522590e+000  2.279789e+001
    endloop
  endfacet
  facet normal  0.000000e+000 -2.987430e-001  9.543336e-001
    outer loop
      vertex  4.222194e+000 -7.641073e+000  2.244776e+001
      vertex  1.777806e+000 -6.522590e+000  2.279789e+001
      vertex  1.777806e+000 -7.641073e+000  2.244776e+001
    endloop
  endfacet
  facet normal  4.640876e-001 -2.646233e-001  8.453385e-001
    outer loop
      vertex  1.777806e+000 -7.641073e+000  2.244776e+001
      vertex  1.777806e+000 -6.522590e+000  2.279789e+001
      vertex  7.912913e-001 -6.886493e+000  2.322556e+001
    endloop
  endfacet
  facet normal  4.640869e-001 -2.646243e-001  8.453385e-001
    outer loop
      vertex  1.777806e+000 -7.641073e+000  2.244776e+001
      vertex  7.912913e-001 -6.886493e+000  2.322556e+001
      vertex  7.912913e-001 -7.585987e+000  2.300660e+001
    endloop
  endfacet
  facet normal -4.640867e-001 -1.543517e-001  8.722380e-001
    outer loop
      vertex  4.222194e+000 -3.553710e+000  2.344481e+001
      vertex  5.208709e+000 -4.581688e+000  2.378779e+001
      vertex  5.208709e+000 -3.859936e+000  2.391551e+001
    endloop
  endfacet
  facet normal -4.640877e-001 -1.543530e-001  8.722372e-001
    outer loop
      vertex  5.208709e+000 -4.581688e+000  2.378779e+001
      vertex  4.222194e+000 -3.553710e+000  2.344481e+001
      vertex  4.222194e+000 -4.707784e+000  2.324058e+001
    endloop
  endfacet
  facet normal  0.000000e+000 -1.742547e-001  9.847006e-001
    outer loop
      vertex  4.222194e+000 -4.707784e+000  2.324058e+001
      vertex  4.222194e+000 -3.553710e+000  2.344481e+001
      vertex  1.777806e+000 -3.553710e+000  2.344481e+001
    endloop
  endfacet
  facet normal  0.000000e+000 -1.742547e-001  9.847006e-001
    outer loop
      vertex  4.222194e+000 -4.707784e+000  2.324058e+001
      vertex  1.777806e+000 -3.553710e+000  2.344481e+001
      vertex  1.777806e+000 -4.707784e+000  2.324058e+001
    endloop
  endfacet
  facet normal  4.640869e-001 -1.543531e-001  8.722377e-001
    outer loop
      vertex  1.777806e+000 -4.707784e+000  2.324058e+001
      vertex  1.777806e+000 -3.553710e+000  2.344481e+001
      vertex  7.912913e-001 -3.859936e+000  2.391551e+001
    endloop
  endfacet
  facet normal  4.640879e-001 -1.543516e-001  8.722373e-001
    outer loop
      vertex  1.777806e+000 -4.707784e+000  2.324058e+001
      vertex  7.912913e-001 -3.859936e+000  2.391551e+001
      vertex  7.912913e-001 -4.581688e+000  2.378779e+001
    endloop
  endfacet
  facet normal -4.640872e-001 -4.154585e-002  8.848146e-001
    outer loop
      vertex  4.222194e+000 -5.264786e-001  2.370676e+001
      vertex  5.208709e+000 -1.502158e+000  2.417838e+001
      vertex  5.208709e+000 -7.699981e-001  2.421276e+001
    endloop
  endfacet
  facet normal -4.640860e-001 -4.154420e-002  8.848155e-001
    outer loop
      vertex  5.208709e+000 -1.502158e+000  2.417838e+001
      vertex  4.222194e+000 -5.264786e-001  2.370676e+001
      vertex  4.222194e+000 -1.697194e+000  2.365180e+001
    endloop
  endfacet
  facet normal  0.000000e+000 -4.690072e-002  9.988995e-001
    outer loop
      vertex  4.222194e+000 -1.697194e+000  2.365180e+001
      vertex  4.222194e+000 -5.264786e-001  2.370676e+001
      vertex  1.777806e+000 -5.264786e-001  2.370676e+001
    endloop
  endfacet
  facet normal  0.000000e+000 -4.690072e-002  9.988995e-001
    outer loop
      vertex  4.222194e+000 -1.697194e+000  2.365180e+001
      vertex  1.777806e+000 -5.264786e-001  2.370676e+001
      vertex  1.777806e+000 -1.697194e+000  2.365180e+001
    endloop
  endfacet
  facet normal  4.640869e-001 -4.154418e-002  8.848149e-001
    outer loop
      vertex  1.777806e+000 -1.697194e+000  2.365180e+001
      vertex  1.777806e+000 -5.264786e-001  2.370676e+001
      vertex  7.912913e-001 -7.699981e-001  2.421276e+001
    endloop
  endfacet
  facet normal  4.640857e-001 -4.154589e-002  8.848155e-001
    outer loop
      vertex  1.777806e+000 -1.697194e+000  2.365180e+001
      vertex  7.912913e-001 -7.699981e-001  2.421276e+001
      vertex  7.912913e-001 -1.502158e+000  2.417838e+001
    endloop
  endfacet
  facet normal -4.640874e-001 -1.283602e-001 -8.764398e-001
    outer loop
      vertex  4.222194e+000 -4.014983e+000 -2.337023e+001
      vertex  5.208709e+000 -3.147449e+000 -2.401966e+001
      vertex  5.208709e+000 -3.872679e+000 -2.391345e+001
    endloop
  endfacet
  facet normal -4.640872e-001 -1.283604e-001 -8.764398e-001
    outer loop
      vertex  5.208709e+000 -3.147449e+000 -2.401966e+001
      vertex  4.222194e+000 -4.014983e+000 -2.337023e+001
      vertex  4.222194e+000 -2.855349e+000 -2.354007e+001
    endloop
  endfacet
  facet normal  0.000000e+000 -1.449107e-001 -9.894448e-001
    outer loop
      vertex  4.222194e+000 -2.855349e+000 -2.354007e+001
      vertex  4.222194e+000 -4.014983e+000 -2.337023e+001
      vertex  1.777806e+000 -4.014983e+000 -2.337023e+001
    endloop
  endfacet
  facet normal  0.000000e+000 -1.449107e-001 -9.894448e-001
    outer loop
      vertex  4.222194e+000 -2.855349e+000 -2.354007e+001
      vertex  1.777806e+000 -4.014983e+000 -2.337023e+001
      vertex  1.777806e+000 -2.855349e+000 -2.354007e+001
    endloop
  endfacet
  facet normal  4.640873e-001 -1.283604e-001 -8.764398e-001
    outer loop
      vertex  1.777806e+000 -2.855349e+000 -2.354007e+001
      vertex  1.777806e+000 -4.014983e+000 -2.337023e+001
      vertex  7.912913e-001 -3.872679e+000 -2.391345e+001
    endloop
  endfacet
  facet normal  4.640871e-001 -1.283602e-001 -8.764398e-001
    outer loop
      vertex  1.777806e+000 -2.855349e+000 -2.354007e+001
      vertex  7.912913e-001 -3.872679e+000 -2.391345e+001
      vertex  7.912913e-001 -3.147449e+000 -2.401966e+001
    endloop
  endfacet
  facet normal -4.640866e-001 -2.393841e-001 -8.528299e-001
    outer loop
      vertex  4.222194e+000 -6.970539e+000 -2.266494e+001
      vertex  5.208709e+000 -6.193175e+000 -2.341998e+001
      vertex  5.208709e+000 -6.898869e+000 -2.322189e+001
    endloop
  endfacet
  facet normal -4.640872e-001 -2.393831e-001 -8.528298e-001
    outer loop
      vertex  5.208709e+000 -6.193175e+000 -2.341998e+001
      vertex  4.222194e+000 -6.970539e+000 -2.266494e+001
      vertex  4.222194e+000 -5.842144e+000 -2.298167e+001
    endloop
  endfacet
  facet normal  0.000000e+000 -2.702483e-001 -9.627907e-001
    outer loop
      vertex  4.222194e+000 -5.842144e+000 -2.298167e+001
      vertex  4.222194e+000 -6.970539e+000 -2.266494e+001
      vertex  1.777806e+000 -6.970539e+000 -2.266494e+001
    endloop
  endfacet
  facet normal  0.000000e+000 -2.702483e-001 -9.627907e-001
    outer loop
      vertex  4.222194e+000 -5.842144e+000 -2.298167e+001
      vertex  1.777806e+000 -6.970539e+000 -2.266494e+001
      vertex  1.777806e+000 -5.842144e+000 -2.298167e+001
    endloop
  endfacet
  facet normal  4.640867e-001 -2.393832e-001 -8.528301e-001
    outer loop
      vertex  1.777806e+000 -5.842144e+000 -2.298167e+001
      vertex  1.777806e+000 -6.970539e+000 -2.266494e+001
      vertex  7.912913e-001 -6.898869e+000 -2.322189e+001
    endloop
  endfacet
  facet normal  4.640874e-001 -2.393840e-001 -8.528295e-001
    outer loop
      vertex  1.777806e+000 -5.842144e+000 -2.298167e+001
      vertex  7.912913e-001 -6.898869e+000 -2.322189e+001
      vertex  7.912913e-001 -6.193175e+000 -2.341998e+001
    endloop
  endfacet
  facet normal -4.640869e-001 -3.464759e-001 -8.152164e-001
    outer loop
      vertex  4.222194e+000 -9.811639e+000 -2.158749e+001
      vertex  5.208709e+000 -9.137209e+000 -2.243573e+001
      vertex  5.208709e+000 -9.811778e+000 -2.214903e+001
    endloop
  endfacet
  facet normal -4.640877e-001 -3.464748e-001 -8.152164e-001
    outer loop
      vertex  5.208709e+000 -9.137209e+000 -2.243573e+001
      vertex  4.222194e+000 -9.811639e+000 -2.158749e+001
      vertex  4.222194e+000 -8.733010e+000 -2.204592e+001
    endloop
  endfacet
  facet normal  0.000000e+000 -3.911481e-001 -9.203277e-001
    outer loop
      vertex  4.222194e+000 -8.733010e+000 -2.204592e+001
      vertex  4.222194e+000 -9.811639e+000 -2.158749e+001
      vertex  1.777806e+000 -9.811639e+000 -2.158749e+001
    endloop
  endfacet
  facet normal  0.000000e+000 -3.911481e-001 -9.203277e-001
    outer loop
      vertex  4.222194e+000 -8.733010e+000 -2.204592e+001
      vertex  1.777806e+000 -9.811639e+000 -2.158749e+001
      vertex  1.777806e+000 -8.733010e+000 -2.204592e+001
    endloop
  endfacet
  facet normal  4.640871e-001 -3.464749e-001 -8.152168e-001
    outer loop
      vertex  1.777806e+000 -8.733010e+000 -2.204592e+001
      vertex  1.777806e+000 -9.811639e+000 -2.158749e+001
      vertex  7.912913e-001 -9.811778e+000 -2.214903e+001
    endloop
  endfacet
  facet normal  4.640879e-001 -3.464758e-001 -8.152160e-001
    outer loop
      vertex  1.777806e+000 -8.733010e+000 -2.204592e+001
      vertex  7.912913e-001 -9.811778e+000 -2.214903e+001
      vertex  7.912913e-001 -9.137209e+000 -2.243573e+001
    endloop
  endfacet
  facet normal -4.640864e-001 -4.478788e-001 -7.642176e-001
    outer loop
      vertex  4.222194e+000 -1.249163e+001 -2.015557e+001
      vertex  5.208709e+000 -1.193121e+001 -2.108309e+001
      vertex  5.208709e+000 -1.256358e+001 -2.071249e+001
    endloop
  endfacet
  facet normal -4.640867e-001 -4.478783e-001 -7.642176e-001
    outer loop
      vertex  5.208709e+000 -1.193121e+001 -2.108309e+001
      vertex  4.222194e+000 -1.249163e+001 -2.015557e+001
      vertex  4.222194e+000 -1.148048e+001 -2.074817e+001
    endloop
  endfacet
  facet normal  0.000000e+000 -5.056260e-001 -8.627528e-001
    outer loop
      vertex  4.222194e+000 -1.148048e+001 -2.074817e+001
      vertex  4.222194e+000 -1.249163e+001 -2.015557e+001
      vertex  1.777806e+000 -1.249163e+001 -2.015557e+001
    endloop
  endfacet
  facet normal  0.000000e+000 -5.056260e-001 -8.627528e-001
    outer loop
      vertex  4.222194e+000 -1.148048e+001 -2.074817e+001
      vertex  1.777806e+000 -1.249163e+001 -2.015557e+001
      vertex  1.777806e+000 -1.148048e+001 -2.074817e+001
    endloop
  endfacet
  facet normal  4.640864e-001 -4.478784e-001 -7.642177e-001
    outer loop
      vertex  1.777806e+000 -1.148048e+001 -2.074817e+001
      vertex  1.777806e+000 -1.249163e+001 -2.015557e+001
      vertex  7.912913e-001 -1.256358e+001 -2.071249e+001
    endloop
  endfacet
  facet normal  4.640868e-001 -4.478787e-001 -7.642174e-001
    outer loop
      vertex  1.777806e+000 -1.148048e+001 -2.074817e+001
      vertex  7.912913e-001 -1.256358e+001 -2.071249e+001
      vertex  7.912913e-001 -1.193121e+001 -2.108309e+001
    endloop
  endfacet
  facet normal -4.640868e-001 -5.419285e-001 -7.006690e-001
    outer loop
      vertex  4.222194e+000 -1.496651e+001 -1.839270e+001
      vertex  5.208709e+000 -1.452930e+001 -1.938427e+001
      vertex  5.208709e+000 -1.510909e+001 -1.893584e+001
    endloop
  endfacet
  facet normal -4.640875e-001 -5.419276e-001 -7.006693e-001
    outer loop
      vertex  5.208709e+000 -1.452930e+001 -1.938427e+001
      vertex  4.222194e+000 -1.496651e+001 -1.839270e+001
      vertex  4.222194e+000 -1.403944e+001 -1.910973e+001
    endloop
  endfacet
  facet normal  0.000000e+000 -6.118017e-001 -7.910110e-001
    outer loop
      vertex  4.222194e+000 -1.403944e+001 -1.910973e+001
      vertex  4.222194e+000 -1.496651e+001 -1.839270e+001
      vertex  1.777806e+000 -1.496651e+001 -1.839270e+001
    endloop
  endfacet
  facet normal  0.000000e+000 -6.118017e-001 -7.910110e-001
    outer loop
      vertex  4.222194e+000 -1.403944e+001 -1.910973e+001
      vertex  1.777806e+000 -1.496651e+001 -1.839270e+001
      vertex  1.777806e+000 -1.403944e+001 -1.910973e+001
    endloop
  endfacet
  facet normal  4.640869e-001 -5.419277e-001 -7.006694e-001
    outer loop
      vertex  1.777806e+000 -1.403944e+001 -1.910973e+001
      vertex  1.777806e+000 -1.496651e+001 -1.839270e+001
      vertex  7.912913e-001 -1.510909e+001 -1.893584e+001
    endloop
  endfacet
  facet normal  4.640876e-001 -5.419282e-001 -7.006686e-001
    outer loop
      vertex  1.777806e+000 -1.403944e+001 -1.910973e+001
      vertex  7.912913e-001 -1.510909e+001 -1.893584e+001
      vertex  7.912913e-001 -1.452930e+001 -1.938427e+001
    endloop
  endfacet
  facet normal -4.640874e-001 -6.270780e-001 -6.256166e-001
    outer loop
      vertex  4.222194e+000 -1.719564e+001 -1.632782e+001
      vertex  5.208709e+000 -1.688882e+001 -1.736716e+001
      vertex  5.208709e+000 -1.740650e+001 -1.684827e+001
    endloop
  endfacet
  facet normal -4.640879e-001 -6.270772e-001 -6.256169e-001
    outer loop
      vertex  5.208709e+000 -1.688882e+001 -1.736716e+001
      vertex  4.222194e+000 -1.719564e+001 -1.632782e+001
      vertex  4.222194e+000 -1.636788e+001 -1.715752e+001
    endloop
  endfacet
  facet normal  0.000000e+000 -7.079306e-001 -7.062820e-001
    outer loop
      vertex  4.222194e+000 -1.636788e+001 -1.715752e+001
      vertex  4.222194e+000 -1.719564e+001 -1.632782e+001
      vertex  1.777806e+000 -1.719564e+001 -1.632782e+001
    endloop
  endfacet
  facet normal  0.000000e+000 -7.079306e-001 -7.062820e-001
    outer loop
      vertex  4.222194e+000 -1.636788e+001 -1.715752e+001
      vertex  1.777806e+000 -1.719564e+001 -1.632782e+001
      vertex  1.777806e+000 -1.636788e+001 -1.715752e+001
    endloop
  endfacet
  facet normal  4.640875e-001 -6.270774e-001 -6.256171e-001
    outer loop
      vertex  1.777806e+000 -1.636788e+001 -1.715752e+001
      vertex  1.777806e+000 -1.719564e+001 -1.632782e+001
      vertex  7.912913e-001 -1.740650e+001 -1.684827e+001
    endloop
  endfacet
  facet normal  4.640881e-001 -6.270778e-001 -6.256163e-001
    outer loop
      vertex  1.777806e+000 -1.636788e+001 -1.715752e+001
      vertex  7.912913e-001 -1.740650e+001 -1.684827e+001
      vertex  7.912913e-001 -1.688882e+001 -1.736716e+001
    endloop
  endfacet
  facet normal -4.640868e-001 -7.019314e-001 -5.402923e-001
    outer loop
      vertex  4.222194e+000 -1.914242e+001 -1.399484e+001
      vertex  5.208709e+000 -1.897103e+001 -1.506488e+001
      vertex  5.208709e+000 -1.941810e+001 -1.448405e+001
    endloop
  endfacet
  facet normal -4.640866e-001 -7.019316e-001 -5.402921e-001
    outer loop
      vertex  5.208709e+000 -1.897103e+001 -1.506488e+001
      vertex  4.222194e+000 -1.914242e+001 -1.399484e+001
      vertex  4.222194e+000 -1.842755e+001 -1.492358e+001
    endloop
  endfacet
  facet normal  0.000000e+000 -7.924358e-001 -6.099552e-001
    outer loop
      vertex  4.222194e+000 -1.842755e+001 -1.492358e+001
      vertex  4.222194e+000 -1.914242e+001 -1.399484e+001
      vertex  1.777806e+000 -1.914242e+001 -1.399484e+001
    endloop
  endfacet
  facet normal  0.000000e+000 -7.924358e-001 -6.099552e-001
    outer loop
      vertex  4.222194e+000 -1.842755e+001 -1.492358e+001
      vertex  1.777806e+000 -1.914242e+001 -1.399484e+001
      vertex  1.777806e+000 -1.842755e+001 -1.492358e+001
    endloop
  endfacet
  facet normal  4.640867e-001 -7.019316e-001 -5.402921e-001
    outer loop
      vertex  1.777806e+000 -1.842755e+001 -1.492358e+001
      vertex  1.777806e+000 -1.914242e+001 -1.399484e+001
      vertex  7.912913e-001 -1.941810e+001 -1.448405e+001
    endloop
  endfacet
  facet normal  4.640866e-001 -7.019315e-001 -5.402924e-001
    outer loop
      vertex  1.777806e+000 -1.842755e+001 -1.492358e+001
      vertex  7.912913e-001 -1.941810e+001 -1.448405e+001
      vertex  7.912913e-001 -1.897103e+001 -1.506488e+001
    endloop
  endfacet
  facet normal -4.640873e-001 -7.652597e-001 -4.460948e-001
    outer loop
      vertex  4.222194e+000 -2.077489e+001 -1.143206e+001
      vertex  5.208709e+000 -2.074173e+001 -1.251524e+001
      vertex  5.208709e+000 -2.111086e+001 -1.188201e+001
    endloop
  endfacet
  facet normal -4.640874e-001 -7.652595e-001 -4.460949e-001
    outer loop
      vertex  5.208709e+000 -2.074173e+001 -1.251524e+001
      vertex  4.222194e+000 -2.077489e+001 -1.143206e+001
      vertex  4.222194e+000 -2.018465e+001 -1.244459e+001
    endloop
  endfacet
  facet normal  0.000000e+000 -8.639295e-001 -5.036129e-001
    outer loop
      vertex  4.222194e+000 -2.018465e+001 -1.244459e+001
      vertex  4.222194e+000 -2.077489e+001 -1.143206e+001
      vertex  1.777806e+000 -2.077489e+001 -1.143206e+001
    endloop
  endfacet
  facet normal  0.000000e+000 -8.639295e-001 -5.036129e-001
    outer loop
      vertex  4.222194e+000 -2.018465e+001 -1.244459e+001
      vertex  1.777806e+000 -2.077489e+001 -1.143206e+001
      vertex  1.777806e+000 -2.018465e+001 -1.244459e+001
    endloop
  endfacet
  facet normal  4.640873e-001 -7.652596e-001 -4.460950e-001
    outer loop
      vertex  1.777806e+000 -2.018465e+001 -1.244459e+001
      vertex  1.777806e+000 -2.077489e+001 -1.143206e+001
      vertex  7.912913e-001 -2.111086e+001 -1.188201e+001
    endloop
  endfacet
  facet normal  4.640874e-001 -7.652597e-001 -4.460948e-001
    outer loop
      vertex  1.777806e+000 -2.018465e+001 -1.244459e+001
      vertex  7.912913e-001 -2.111086e+001 -1.188201e+001
      vertex  7.912913e-001 -2.074173e+001 -1.251524e+001
    endloop
  endfacet
  facet normal -4.640869e-001 -8.160222e-001 -3.445739e-001
    outer loop
      vertex  4.222194e+000 -2.206622e+001 -8.681572e+000
      vertex  5.208709e+000 -2.217185e+001 -9.760097e+000
      vertex  5.208709e+000 -2.245698e+001 -9.084860e+000
    endloop
  endfacet
  facet normal -4.640866e-001 -8.160226e-001 -3.445735e-001
    outer loop
      vertex  5.208709e+000 -2.217185e+001 -9.760097e+000
      vertex  4.222194e+000 -2.206622e+001 -8.681572e+000
      vertex  4.222194e+000 -2.161031e+001 -9.761267e+000
    endloop
  endfacet
  facet normal  0.000000e+000 -9.212372e-001 -3.890014e-001
    outer loop
      vertex  4.222194e+000 -2.161031e+001 -9.761267e+000
      vertex  4.222194e+000 -2.206622e+001 -8.681572e+000
      vertex  1.777806e+000 -2.206622e+001 -8.681572e+000
    endloop
  endfacet
  facet normal  0.000000e+000 -9.212372e-001 -3.890014e-001
    outer loop
      vertex  4.222194e+000 -2.161031e+001 -9.761267e+000
      vertex  1.777806e+000 -2.206622e+001 -8.681572e+000
      vertex  1.777806e+000 -2.161031e+001 -9.761267e+000
    endloop
  endfacet
  facet normal  4.640868e-001 -8.160224e-001 -3.445734e-001
    outer loop
      vertex  1.777806e+000 -2.161031e+001 -9.761267e+000
      vertex  1.777806e+000 -2.206622e+001 -8.681572e+000
      vertex  7.912913e-001 -2.245698e+001 -9.084860e+000
    endloop
  endfacet
  facet normal  4.640864e-001 -8.160225e-001 -3.445739e-001
    outer loop
      vertex  1.777806e+000 -2.161031e+001 -9.761267e+000
      vertex  7.912913e-001 -2.245698e+001 -9.084860e+000
      vertex  7.912913e-001 -2.217185e+001 -9.760097e+000
    endloop
  endfacet
  facet normal -4.640867e-001 -8.533857e-001 -2.373949e-001
    outer loop
      vertex  4.222194e+000 -2.299524e+001 -5.788530e+000
      vertex  5.208709e+000 -2.323792e+001 -6.844692e+000
      vertex  5.208709e+000 -2.343435e+001 -6.138538e+000
    endloop
  endfacet
  facet normal -4.640859e-001 -8.533864e-001 -2.373940e-001
    outer loop
      vertex  5.208709e+000 -2.323792e+001 -6.844692e+000
      vertex  4.222194e+000 -2.299524e+001 -5.788530e+000
      vertex  4.222194e+000 -2.268114e+001 -6.917661e+000
    endloop
  endfacet
  facet normal  0.000000e+000 -9.634182e-001 -2.680025e-001
    outer loop
      vertex  4.222194e+000 -2.268114e+001 -6.917661e+000
      vertex  4.222194e+000 -2.299524e+001 -5.788530e+000
      vertex  1.777806e+000 -2.299524e+001 -5.788530e+000
    endloop
  endfacet
  facet normal  0.000000e+000 -9.634182e-001 -2.680025e-001
    outer loop
      vertex  4.222194e+000 -2.268114e+001 -6.917661e+000
      vertex  1.777806e+000 -2.299524e+001 -5.788530e+000
      vertex  1.777806e+000 -2.268114e+001 -6.917661e+000
    endloop
  endfacet
  facet normal  4.640865e-001 -8.533861e-001 -2.373939e-001
    outer loop
      vertex  1.777806e+000 -2.268114e+001 -6.917661e+000
      vertex  1.777806e+000 -2.299524e+001 -5.788530e+000
      vertex  7.912913e-001 -2.343435e+001 -6.138538e+000
    endloop
  endfacet
  facet normal  4.640857e-001 -8.533863e-001 -2.373951e-001
    outer loop
      vertex  1.777806e+000 -2.268114e+001 -6.917661e+000
      vertex  7.912913e-001 -2.343435e+001 -6.138538e+000
      vertex  7.912913e-001 -2.323792e+001 -6.844692e+000
    endloop
  endfacet
  facet normal -4.640865e-001 -8.767372e-001 -1.263157e-001
    outer loop
      vertex  4.222194e+000 -2.354667e+001 -2.800441e+000
      vertex  5.208709e+000 -2.392241e+001 -3.816898e+000
      vertex  5.208709e+000 -2.402694e+001 -3.091423e+000
    endloop
  endfacet
  facet normal -4.640870e-001 -8.767369e-001 -1.263163e-001
    outer loop
      vertex  5.208709e+000 -2.392241e+001 -3.816898e+000
      vertex  4.222194e+000 -2.354667e+001 -2.800441e+000
      vertex  4.222194e+000 -2.337953e+001 -3.960468e+000
    endloop
  endfacet
  facet normal  0.000000e+000 -9.897800e-001 -1.426030e-001
    outer loop
      vertex  4.222194e+000 -2.337953e+001 -3.960468e+000
      vertex  4.222194e+000 -2.354667e+001 -2.800441e+000
      vertex  1.777806e+000 -2.354667e+001 -2.800441e+000
    endloop
  endfacet
  facet normal  0.000000e+000 -9.897800e-001 -1.426030e-001
    outer loop
      vertex  4.222194e+000 -2.337953e+001 -3.960468e+000
      vertex  1.777806e+000 -2.354667e+001 -2.800441e+000
      vertex  1.777806e+000 -2.337953e+001 -3.960468e+000
    endloop
  endfacet
  facet normal  4.640866e-001 -8.767371e-001 -1.263163e-001
    outer loop
      vertex  1.777806e+000 -2.337953e+001 -3.960468e+000
      vertex  1.777806e+000 -2.354667e+001 -2.800441e+000
      vertex  7.912913e-001 -2.402694e+001 -3.091423e+000
    endloop
  endfacet
  facet normal  4.640870e-001 -8.767368e-001 -1.263156e-001
    outer loop
      vertex  1.777806e+000 -2.337953e+001 -3.960468e+000
      vertex  7.912913e-001 -2.402694e+001 -3.091423e+000
      vertex  7.912913e-001 -2.392241e+001 -3.816898e+000
    endloop
  endfacet
  facet normal -4.741255e-001 -8.804572e-001  2.601764e-004
    outer loop
      vertex  4.222194e+000 -2.369404e+001 -9.382445e-001
      vertex  5.208709e+000 -2.422500e+001  0.000000e+000
      vertex  5.208709e+000 -2.422500e+001  6.454617e-003
    endloop
  endfacet
  facet normal -4.640667e-001 -8.857007e-001 -1.328345e-002
    outer loop
      vertex  5.208709e+000 -2.421411e+001 -7.264310e-001
      vertex  5.208709e+000 -2.422500e+001  0.000000e+000
      vertex  4.222194e+000 -2.369404e+001 -9.382445e-001
    endloop
  endfacet
  facet normal  4.616950e-001 -8.870387e-001  2.621212e-004
    outer loop
      vertex  7.912913e-001 -2.422500e+001  6.454617e-003
      vertex  7.912913e-001 -2.422500e+001  0.000000e+000
      vertex  1.777806e+000 -2.371146e+001  2.336311e-001
    endloop
  endfacet
  facet normal -4.640862e-001 -8.856922e-001 -1.316573e-002
    outer loop
      vertex  5.208709e+000 -2.422500e+001  6.454617e-003
      vertex  4.222194e+000 -2.371146e+001  2.336311e-001
      vertex  4.222194e+000 -2.369404e+001 -9.382445e-001
    endloop
  endfacet
  facet normal  0.000000e+000 -9.998896e-001 -1.486326e-002
    outer loop
      vertex  4.222194e+000 -2.369404e+001 -9.382445e-001
      vertex  4.222194e+000 -2.371146e+001  2.336311e-001
      vertex  1.777806e+000 -2.371146e+001  2.336311e-001
    endloop
  endfacet
  facet normal  0.000000e+000 -9.998896e-001 -1.486326e-002
    outer loop
      vertex  4.222194e+000 -2.369404e+001 -9.382445e-001
      vertex  1.777806e+000 -2.371146e+001  2.336311e-001
      vertex  1.777806e+000 -2.369404e+001 -9.382445e-001
    endloop
  endfacet
  facet normal  4.641552e-001 -8.856561e-001 -1.316519e-002
    outer loop
      vertex  1.777806e+000 -2.369404e+001 -9.382445e-001
      vertex  1.777806e+000 -2.371146e+001  2.336311e-001
      vertex  7.912913e-001 -2.422500e+001  0.000000e+000
    endloop
  endfacet
  facet normal  4.640667e-001 -8.857007e-001 -1.328345e-002
    outer loop
      vertex  1.777806e+000 -2.369404e+001 -9.382445e-001
      vertex  7.912913e-001 -2.422500e+001  0.000000e+000
      vertex  7.912913e-001 -2.421411e+001 -7.264310e-001
    endloop
  endfacet
  facet normal  0.000000e+000 -5.877852e-001  8.090170e-001
    outer loop
      vertex  0.000000e+000  1.699593e+000 -5.230811e+000
      vertex  6.000000e+000  4.449594e+000 -3.232819e+000
      vertex  0.000000e+000  4.449594e+000 -3.232819e+000
    endloop
  endfacet
  facet normal  0.000000e+000 -9.510565e-001  3.090170e-001
    outer loop
      vertex  0.000000e+000  4.449594e+000 -3.232819e+000
      vertex  6.000000e+000  4.449594e+000 -3.232819e+000
      vertex  6.000000e+000  5.500000e+000 -3.116046e-015
    endloop
  endfacet
  facet normal  0.000000e+000 -9.510565e-001  3.090170e-001
    outer loop
      vertex  0.000000e+000  4.449594e+000 -3.232819e+000
      vertex  6.000000e+000  5.500000e+000 -3.116046e-015
      vertex  0.000000e+000  5.500000e+000 -3.116046e-015
    endloop
  endfacet
  facet normal  0.000000e+000 -5.877852e-001  8.090170e-001
    outer loop
      vertex  6.000000e+000  4.449594e+000 -3.232819e+000
      vertex  0.000000e+000  1.699593e+000 -5.230811e+000
      vertex  6.000000e+000  1.699593e+000 -5.230811e+000
    endloop
  endfacet
  facet normal  0.000000e+000  0.000000e+000  1.000000e+000
    outer loop
      vertex  6.000000e+000  1.699593e+000 -5.230811e+000
      vertex  0.000000e+000  1.699593e+000 -5.230811e+000
      vertex  0.000000e+000 -1.699593e+000 -5.230811e+000
    endloop
  endfacet
  facet normal  0.000000e+000  0.000000e+000  1.000000e+000
    outer loop
      vertex  6.000000e+000  1.699593e+000 -5.230811e+000
      vertex  0.000000e+000 -1.699593e+000 -5.230811e+000
      vertex  6.000000e+000 -1.699593e+000 -5.230811e+000
    endloop
  endfacet
  facet normal  0.000000e+000  5.877852e-001  8.090170e-001
    outer loop
      vertex  6.000000e+000 -1.699593e+000 -5.230811e+000
      vertex  0.000000e+000 -1.699593e+000 -5.230811e+000
      vertex  0.000000e+000 -4.449594e+000 -3.232819e+000
    endloop
  endfacet
  facet normal  -0.000000e+000  5.877852e-001  8.090170e-001
    outer loop
      vertex  6.000000e+000 -1.699593e+000 -5.230811e+000
      vertex  0.000000e+000 -4.449594e+000 -3.232819e+000
      vertex  6.000000e+000 -4.449594e+000 -3.232819e+000
    endloop
  endfacet
  facet normal  0.000000e+000  9.510565e-001  3.090170e-001
    outer loop
      vertex  6.000000e+000 -4.449594e+000 -3.232819e+000
      vertex  0.000000e+000 -4.449594e+000 -3.232819e+000
      vertex  0.000000e+000 -5.500000e+000  0.000000e+000
    endloop
  endfacet
  facet normal  -0.000000e+000  9.510565e-001  3.090170e-001
    outer loop
      vertex  6.000000e+000 -4.449594e+000 -3.232819e+000
      vertex  0.000000e+000 -5.500000e+000  0.000000e+000
      vertex  6.000000e+000 -5.500000e+000  0.000000e+000
    endloop
  endfacet
  facet normal  0.000000e+000  5.877852e-001 -8.090170e-001
    outer loop
      vertex  0.000000e+000 -1.699593e+000  5.230811e+000
      vertex  6.000000e+000 -4.449594e+000  3.232819e+000
      vertex  0.000000e+000 -4.449594e+000  3.232819e+000
    endloop
  endfacet
  facet normal  0.000000e+000  9.510565e-001 -3.090170e-001
    outer loop
      vertex  0.000000e+000 -4.449594e+000  3.232819e+000
      vertex  6.000000e+000 -4.449594e+000  3.232819e+000
      vertex  6.000000e+000 -5.500000e+000  0.000000e+000
    endloop
  endfacet
  facet normal  0.000000e+000  9.510565e-001 -3.090170e-001
    outer loop
      vertex  0.000000e+000 -4.449594e+000  3.232819e+000
      vertex  6.000000e+000 -5.500000e+000  0.000000e+000
      vertex  0.000000e+000 -5.500000e+000  0.000000e+000
    endloop
  endfacet
  facet normal  0.000000e+000  5.877852e-001 -8.090170e-001
    outer loop
      vertex  6.000000e+000 -4.449594e+000  3.232819e+000
      vertex  0.000000e+000 -1.699593e+000  5.230811e+000
      vertex  6.000000e+000 -1.699593e+000  5.230811e+000
    endloop
  endfacet
  facet normal  0.000000e+000  0.000000e+000 -1.000000e+000
    outer loop
      vertex  6.000000e+000 -1.699593e+000  5.230811e+000
      vertex  0.000000e+000 -1.699593e+000  5.230811e+000
      vertex  0.000000e+000  1.699593e+000  5.230811e+000
    endloop
  endfacet
  facet normal  0.000000e+000  0.000000e+000 -1.000000e+000
    outer loop
      vertex  6.000000e+000 -1.699593e+000  5.230811e+000
      vertex  0.000000e+000  1.699593e+000  5.230811e+000
      vertex  6.000000e+000  1.699593e+000  5.230811e+000
    endloop
  endfacet
  facet normal  -0.000000e+000 -5.877852e-001 -8.090170e-001
    outer loop
      vertex  6.000000e+000  1.699593e+000  5.230811e+000
      vertex  0.000000e+000  1.699593e+000  5.230811e+000
      vertex  0.000000e+000  4.449594e+000  3.232819e+000
    endloop
  endfacet
  facet normal  0.000000e+000 -5.877852e-001 -8.090170e-001
    outer loop
      vertex  6.000000e+000  1.699593e+000  5.230811e+000
      vertex  0.000000e+000  4.449594e+000  3.232819e+000
      vertex  6.000000e+000  4.449594e+000  3.232819e+000
    endloop
  endfacet
  facet normal  -0.000000e+000 -9.510565e-001 -3.090170e-001
    outer loop
      vertex  6.000000e+000  4.449594e+000  3.232819e+000
      vertex  0.000000e+000  4.449594e+000  3.232819e+000
      vertex  0.000000e+000  5.500000e+000 -3.116046e-015
    endloop
  endfacet
  facet normal  0.000000e+000 -9.510565e-001 -3.090170e-001
    outer loop
      vertex  6.000000e+000  4.449594e+000  3.232819e+000
      vertex  0.000000e+000  5.500000e+000 -3.116046e-015
      vertex  6.000000e+000  5.500000e+000 -3.116046e-015
    endloop
  endfacet
  facet normal -1.000000e+000  0.000000e+000  0.000000e+000
    outer loop
      vertex  0.000000e+000 -1.494020e+001  1.663071e+001
      vertex  0.000000e+000 -1.319731e+001  1.780129e+001
      vertex  0.000000e+000 -1.491206e+001  1.639163e+001
    endloop
  endfacet
  facet normal -9.999999e-001  0.000000e+000  0.000000e+000
    outer loop
      vertex  0.000000e+000  2.125803e+001  5.996654e+000
      vertex  0.000000e+000  2.037897e+001  8.518287e+000
      vertex  0.000000e+000  2.053313e+001  8.333398e+000
    endloop
  endfacet
  facet normal -9.999999e-001 -9.260834e-016  5.504176e-016
    outer loop
      vertex -1.776357e-015  2.041465e+001  9.112201e+000
      vertex -1.776357e-015  2.029166e+001  8.905263e+000
      vertex  0.000000e+000  1.953825e+001  1.086494e+001
    endloop
  endfacet
  facet normal -1.000000e+000  0.000000e+000  0.000000e+000
    outer loop
      vertex -1.776357e-015  1.501006e+000 -2.230554e+001
      vertex -1.776357e-015  1.349279e+000 -2.211865e+001
      vertex -1.776357e-015  3.416272e+000 -2.244968e+001
    endloop
  endfacet
  facet normal -1.000000e+000  1.891899e-015  1.831292e-015
    outer loop
      vertex -1.776357e-015  7.969854e+000 -2.233314e+001
      vertex  0.000000e+000  9.044438e+000 -2.247329e+001
      vertex -1.776357e-015  8.360411e+000 -2.273663e+001
    endloop
  endfacet
  facet normal -1.000000e+000  1.642187e-015  2.058195e-015
    outer loop
      vertex -1.776357e-015  1.076032e+001 -2.113063e+001
      vertex  0.000000e+000  1.184400e+001 -2.113221e+001
      vertex -1.776357e-015  1.119927e+001 -2.148085e+001
    endloop
  endfacet
  facet normal -1.000000e+000  0.000000e+000  0.000000e+000
    outer loop
      vertex -1.776357e-015  2.181068e+001 -4.907575e+000
      vertex -1.776357e-015  2.322954e+001 -4.761973e+000
      vertex -1.776357e-015  2.217331e+001 -4.899334e+000
    endloop
  endfacet
  facet normal -9.999999e-001  7.790069e-018 -1.844294e-015
    outer loop
      vertex  0.000000e+000  1.662409e+001 -1.690940e+001
      vertex  0.000000e+000  1.431073e+001 -1.691917e+001
      vertex -1.776357e-015  1.616524e+001 -1.594817e+001
    endloop
  endfacet
  facet normal -1.000000e+000  0.000000e+000  0.000000e+000
    outer loop
      vertex  0.000000e+000  1.611419e+001  1.739600e+001
      vertex  0.000000e+000  1.403308e+001  1.740295e+001
      vertex  0.000000e+000  1.432224e+001  1.762193e+001
    endloop
  endfacet
  facet normal -1.000000e+000  9.563986e-016 -3.339483e-014
    outer loop
      vertex  0.000000e+000  2.275163e+001  8.319488e+000
      vertex -1.776357e-015  2.112663e+001  8.326141e+000
      vertex -1.776357e-015  2.219132e+001  8.356633e+000
    endloop
  endfacet
  facet normal -1.000000e+000 -2.350724e-015  6.159245e-014
    outer loop
      vertex -1.776357e-015 -2.145144e+001  6.294907e+000
      vertex -1.776357e-015 -2.287671e+001  6.240510e+000
      vertex  0.000000e+000 -2.181385e+001  6.309916e+000
    endloop
  endfacet
  facet normal -1.000000e+000  6.371697e-016 -6.980328e-015
    outer loop
      vertex  0.000000e+000 -1.342642e+001  1.787516e+001
      vertex -1.776357e-015 -1.550654e+001  1.793976e+001
      vertex -1.776357e-015 -1.370789e+001  1.810394e+001
    endloop
  endfacet
  facet normal -1.000000e+000  8.244892e-016  1.450992e-015
    outer loop
      vertex  0.000000e+000 -1.670402e+001 -1.538294e+001
      vertex  0.000000e+000 -1.488399e+001 -1.641712e+001
      vertex -1.776357e-015 -1.719564e+001 -1.632782e+001
    endloop
  endfacet
  facet normal -1.000000e+000  -0.000000e+000  0.000000e+000
    outer loop
      vertex -1.776357e-015 -2.268114e+001 -6.917661e+000
      vertex -1.776357e-015 -2.125488e+001 -6.929674e+000
      vertex -1.776357e-015 -2.161668e+001 -6.955447e+000
    endloop
  endfacet
  facet normal -1.000000e+000 -8.126032e-016  9.431549e-015
    outer loop
      vertex -1.776357e-015 -4.672685e+000 -2.158772e+001
      vertex -1.776357e-015 -4.912526e+000 -2.160838e+001
      vertex  0.000000e+000 -7.005842e+000 -2.160040e+001
    endloop
  endfacet
  facet normal -1.000000e+000 -7.616577e-016  5.604251e-017
    outer loop
      vertex -1.776357e-015 -4.672685e+000 -2.158772e+001
      vertex  0.000000e+000 -7.005842e+000 -2.160040e+001
      vertex  0.000000e+000 -6.979226e+000 -2.123866e+001
    endloop
  endfacet
  facet normal -1.000000e+000 -8.075734e-016 -2.473623e-016
    outer loop
      vertex -1.776357e-015 -4.672685e+000 -2.158772e+001
      vertex  0.000000e+000 -6.979226e+000 -2.123866e+001
      vertex  0.000000e+000 -7.049728e+000 -2.100848e+001
    endloop
  endfacet
  facet normal -1.000000e+000 -1.118603e-015 -1.523757e-015
    outer loop
      vertex -1.776357e-015 -4.672685e+000 -2.158772e+001
      vertex  0.000000e+000 -7.049728e+000 -2.100848e+001
      vertex  0.000000e+000 -7.243782e+000 -2.086603e+001
    endloop
  endfacet
  facet normal -9.999999e-001  -0.000000e+000  0.000000e+000
    outer loop
      vertex -1.776357e-015 -1.873746e+000 -2.200801e+001
      vertex -1.776357e-015 -2.108975e+000 -2.205918e+001
      vertex -1.776357e-015 -4.186127e+000 -2.231894e+001
    endloop
  endfacet
  facet normal -1.000000e+000  0.000000e+000  0.000000e+000
    outer loop
      vertex -1.776357e-015 -1.873746e+000 -2.200801e+001
      vertex -1.776357e-015 -4.186127e+000 -2.231894e+001
      vertex -1.776357e-015 -4.205987e+000 -2.195677e+001
    endloop
  endfacet
  facet normal -1.000000e+000  0.000000e+000  0.000000e+000
    outer loop
      vertex -1.776357e-015 -1.873746e+000 -2.200801e+001
      vertex -1.776357e-015 -4.205987e+000 -2.195677e+001
      vertex -1.776357e-015 -4.305345e+000 -2.173750e+001
    endloop
  endfacet
  facet normal -1.000000e+000  0.000000e+000  0.000000e+000
    outer loop
      vertex -1.776357e-015 -1.873746e+000 -2.200801e+001
      vertex -1.776357e-015 -4.305345e+000 -2.173750e+001
      vertex -1.776357e-015 -4.516022e+000 -2.162103e+001
    endloop
  endfacet
  facet normal -1.000000e+000  0.000000e+000  0.000000e+000
    outer loop
      vertex -1.776357e-015  3.927684e+000 -2.173561e+001
      vertex -1.776357e-015  6.522075e+000 -2.110275e+001
      vertex -1.776357e-015  6.323237e+000 -2.123845e+001
    endloop
  endfacet
  facet normal -1.000000e+000  0.000000e+000  0.000000e+000
    outer loop
      vertex -1.776357e-015  3.927684e+000 -2.173561e+001
      vertex -1.776357e-015  6.323237e+000 -2.123845e+001
      vertex -1.776357e-015  6.244862e+000 -2.146606e+001
    endloop
  endfacet
  facet normal -1.000000e+000  5.675508e-016 -4.878925e-015
    outer loop
      vertex -1.776357e-015  3.927684e+000 -2.173561e+001
      vertex -1.776357e-015  6.244862e+000 -2.146606e+001
      vertex  0.000000e+000  6.259025e+000 -2.182850e+001
    endloop
  endfacet
  facet normal -9.999999e-001  1.136398e-015  9.397964e-015
    outer loop
      vertex -1.776357e-015  3.927684e+000 -2.173561e+001
      vertex  0.000000e+000  6.259025e+000 -2.182850e+001
      vertex -1.776357e-015  4.166671e+000 -2.176451e+001
    endloop
  endfacet
  facet normal -1.000000e+000  2.881119e-016  4.904175e-015
    outer loop
      vertex  0.000000e+000  6.046214e+000  2.124398e+001
      vertex  0.000000e+000  8.375390e+000  2.110715e+001
      vertex -1.776357e-015  8.325651e+000  2.074786e+001
    endloop
  endfacet
  facet normal -1.000000e+000 -8.217631e-016 -1.951133e-016
    outer loop
      vertex  0.000000e+000  6.046214e+000  2.124398e+001
      vertex -1.776357e-015  8.325651e+000  2.074786e+001
      vertex -1.776357e-015  8.381262e+000  2.051364e+001
    endloop
  endfacet
  facet normal -9.999999e-001 -1.213943e-015 -1.448990e-015
    outer loop
      vertex  0.000000e+000  6.046214e+000  2.124398e+001
      vertex -1.776357e-015  8.381262e+000  2.051364e+001
      vertex -1.776357e-015  8.565789e+000  2.035905e+001
    endloop
  endfacet
  facet normal -1.000000e+000  0.000000e+000  -0.000000e+000
    outer loop
      vertex -1.776357e-015  3.279954e+000  2.184274e+001
      vertex -1.776357e-015  3.517978e+000  2.187873e+001
      vertex -1.776357e-015  5.604121e+000  2.164218e+001
    endloop
  endfacet
  facet normal -1.000000e+000  -0.000000e+000  -0.000000e+000
    outer loop
      vertex -1.776357e-015  3.279954e+000  2.184274e+001
      vertex -1.776357e-015  5.604121e+000  2.164218e+001
      vertex -1.776357e-015  5.689226e+000  2.141700e+001
    endloop
  endfacet
  facet normal -1.000000e+000  -0.000000e+000  -0.000000e+000
    outer loop
      vertex -1.776357e-015  3.279954e+000  2.184274e+001
      vertex -1.776357e-015  5.689226e+000  2.141700e+001
      vertex -1.776357e-015  5.892007e+000  2.128727e+001
    endloop
  endfacet
  facet normal -1.000000e+000  1.018458e-015  1.277698e-016
    outer loop
      vertex -1.776357e-015 -1.031631e+001  2.022950e+001
      vertex -1.776357e-015 -1.044890e+001  2.128634e+001
      vertex  0.000000e+000 -8.667419e+000  2.098892e+001
    endloop
  endfacet
  facet normal -1.000000e+000  8.057138e-016  5.896907e-016
    outer loop
      vertex -1.776357e-015 -1.031631e+001  2.022950e+001
      vertex  0.000000e+000 -8.667419e+000  2.098892e+001
      vertex  0.000000e+000 -8.453197e+000  2.069622e+001
    endloop
  endfacet
  facet normal -1.000000e+000  6.847981e-016  1.072377e-015
    outer loop
      vertex -1.776357e-015 -1.031631e+001  2.022950e+001
      vertex  0.000000e+000 -8.453197e+000  2.069622e+001
      vertex  0.000000e+000 -8.250308e+000  2.056666e+001
    endloop
  endfacet
  facet normal -1.000000e+000  8.279669e-016  1.950866e-016
    outer loop
      vertex -1.776357e-015 -1.031631e+001  2.022950e+001
      vertex  0.000000e+000 -8.250308e+000  2.056666e+001
      vertex -1.776357e-015 -1.023312e+001  1.987645e+001
    endloop
  endfacet
  facet normal -1.000000e+000 -9.937578e-016 -2.569584e-016
    outer loop
      vertex  0.000000e+000 -1.281850e+001  1.874420e+001
      vertex  0.000000e+000 -1.308515e+001  1.977541e+001
      vertex -1.776357e-015 -1.128026e+001  1.970824e+001
    endloop
  endfacet
  facet normal -1.000000e+000  1.930031e-015 -4.922208e-015
    outer loop
      vertex  0.000000e+000 -1.281850e+001  1.874420e+001
      vertex -1.776357e-015 -1.128026e+001  1.970824e+001
      vertex  0.000000e+000 -1.103037e+001  1.944534e+001
    endloop
  endfacet
  facet normal -1.000000e+000  0.000000e+000  -0.000000e+000
    outer loop
      vertex  0.000000e+000 -1.281850e+001  1.874420e+001
      vertex  0.000000e+000 -1.103037e+001  1.944534e+001
      vertex  0.000000e+000 -1.081258e+001  1.934278e+001
    endloop
  endfacet
  facet normal -1.000000e+000  0.000000e+000  0.000000e+000
    outer loop
      vertex  0.000000e+000 -1.281850e+001  1.874420e+001
      vertex  0.000000e+000 -1.081258e+001  1.934278e+001
      vertex  0.000000e+000 -1.269085e+001  1.840468e+001
    endloop
  endfacet
  facet normal -1.000000e+000 -9.935669e-017  1.367528e-016
    outer loop
      vertex  0.000000e+000  1.699593e+000 -5.230811e+000
      vertex  0.000000e+000  4.449594e+000 -3.232819e+000
      vertex -1.776357e-015  2.249381e+001 -3.112483e+000
    endloop
  endfacet
  facet normal -9.999999e-001 -7.156681e-017 -1.360417e-016
    outer loop
      vertex  0.000000e+000  1.699593e+000 -5.230811e+000
      vertex -1.776357e-015  2.249381e+001 -3.112483e+000
      vertex -1.776357e-015  2.343646e+001 -3.608378e+000
    endloop
  endfacet
  facet normal -1.000000e+000  3.138771e-016 -5.300103e-015
    outer loop
      vertex  0.000000e+000  1.699593e+000 -5.230811e+000
      vertex -1.776357e-015  2.343646e+001 -3.608378e+000
      vertex  0.000000e+000  2.390644e+001 -3.915700e+000
    endloop
  endfacet
  facet normal -1.000000e+000 -1.473789e-016  2.488628e-015
    outer loop
      vertex  0.000000e+000  1.699593e+000 -5.230811e+000
      vertex  0.000000e+000  2.390644e+001 -3.915700e+000
      vertex -1.776357e-015  2.377704e+001 -4.637153e+000
    endloop
  endfacet
  facet normal -1.000000e+000 -9.121926e-017  4.001150e-016
    outer loop
      vertex  0.000000e+000  1.699593e+000 -5.230811e+000
      vertex -1.776357e-015  2.377704e+001 -4.637153e+000
      vertex -1.776357e-015  2.322954e+001 -4.761973e+000
    endloop
  endfacet
  facet normal -1.000000e+000 -1.047304e-016  1.020573e-015
    outer loop
      vertex  0.000000e+000  1.699593e+000 -5.230811e+000
      vertex -1.776357e-015  2.322954e+001 -4.761973e+000
      vertex -1.776357e-015  2.181068e+001 -4.907575e+000
    endloop
  endfacet
  facet normal -1.000000e+000 -9.188551e-017  2.213886e-016
    outer loop
      vertex  0.000000e+000  1.699593e+000 -5.230811e+000
      vertex -1.776357e-015  2.181068e+001 -4.907575e+000
      vertex -1.776357e-015  2.158834e+001 -4.999855e+000
    endloop
  endfacet
  facet normal -1.000000e+000 -8.993654e-017  5.355409e-017
    outer loop
      vertex  0.000000e+000  1.699593e+000 -5.230811e+000
      vertex -1.776357e-015  2.158834e+001 -4.999855e+000
      vertex -1.776357e-015  2.146518e+001 -5.206690e+000
    endloop
  endfacet
  facet normal -1.000000e+000 -8.989823e-017  2.215198e-017
    outer loop
      vertex  0.000000e+000  1.699593e+000 -5.230811e+000
      vertex -1.776357e-015  2.146518e+001 -5.206690e+000
      vertex -1.776357e-015  2.142686e+001 -5.362204e+000
    endloop
  endfacet
  facet normal -1.000000e+000 -9.449302e-017 -6.677060e-016
    outer loop
      vertex  0.000000e+000  1.699593e+000 -5.230811e+000
      vertex -1.776357e-015  2.142686e+001 -5.362204e+000
      vertex  0.000000e+000  2.062313e+001 -7.908849e+000
    endloop
  endfacet
  facet normal -1.000000e+000  -0.000000e+000  0.000000e+000
    outer loop
      vertex  0.000000e+000  1.699593e+000 -5.230811e+000
      vertex  0.000000e+000  2.062313e+001 -7.908849e+000
      vertex  0.000000e+000  2.056524e+001 -8.058187e+000
    endloop
  endfacet
  facet normal -1.000000e+000  1.027392e-016  6.855266e-016
    outer loop
      vertex  0.000000e+000  1.699593e+000 -5.230811e+000
      vertex  0.000000e+000  2.056524e+001 -8.058187e+000
      vertex -1.776357e-015  1.944246e+001 -1.048115e+001
    endloop
  endfacet
  facet normal -9.999999e-001 -8.623987e-017  4.689497e-017
    outer loop
      vertex  0.000000e+000  1.699593e+000 -5.230811e+000
      vertex -1.776357e-015  1.944246e+001 -1.048115e+001
      vertex -1.776357e-015  1.936594e+001 -1.062185e+001
    endloop
  endfacet
  facet normal -1.000000e+000 -8.433724e-017  5.312989e-017
    outer loop
      vertex  0.000000e+000  1.699593e+000 -5.230811e+000
      vertex -1.776357e-015  1.936594e+001 -1.062185e+001
      vertex -1.776357e-015  1.794254e+001 -1.288134e+001
    endloop
  endfacet
  facet normal -1.000000e+000 -8.156790e-017  5.900952e-017
    outer loop
      vertex  0.000000e+000  1.699593e+000 -5.230811e+000
      vertex -1.776357e-015  1.794254e+001 -1.288134e+001
      vertex -1.776357e-015  1.784866e+001 -1.301111e+001
    endloop
  endfacet
  facet normal -1.000000e+000 -7.868493e-017  6.499353e-017
    outer loop
      vertex  0.000000e+000  1.699593e+000 -5.230811e+000
      vertex -1.776357e-015  1.784866e+001 -1.301111e+001
      vertex -1.776357e-015  1.614800e+001 -1.507003e+001
    endloop
  endfacet
  facet normal -1.000000e+000 -6.395012e-015 -9.210220e-015
    outer loop
      vertex  0.000000e+000  1.699593e+000 -5.230811e+000
      vertex -1.776357e-015  1.614800e+001 -1.507003e+001
      vertex  0.000000e+000  1.603830e+001 -1.518672e+001
    endloop
  endfacet
  facet normal -1.000000e+000  -0.000000e+000  0.000000e+000
    outer loop
      vertex  0.000000e+000  1.699593e+000 -5.230811e+000
      vertex  0.000000e+000  1.603830e+001 -1.518672e+001
      vertex  0.000000e+000  1.408831e+001 -1.701126e+001
    endloop
  endfacet
  facet normal -1.000000e+000  -0.000000e+000  0.000000e+000
    outer loop
      vertex  0.000000e+000  1.699593e+000 -5.230811e+000
      vertex  0.000000e+000  1.408831e+001 -1.701126e+001
      vertex  0.000000e+000  1.396459e+001 -1.711297e+001
    endloop
  endfacet
  facet normal -1.000000e+000  -0.000000e+000  0.000000e+000
    outer loop
      vertex  0.000000e+000  1.699593e+000 -5.230811e+000
      vertex  0.000000e+000  1.396459e+001 -1.711297e+001
      vertex  0.000000e+000  1.179729e+001 -1.867317e+001
    endloop
  endfacet
  facet normal -1.000000e+000  -0.000000e+000  0.000000e+000
    outer loop
      vertex  0.000000e+000  1.699593e+000 -5.230811e+000
      vertex  0.000000e+000  1.179729e+001 -1.867317e+001
      vertex  0.000000e+000  1.166158e+001 -1.875823e+001
    endloop
  endfacet
  facet normal -9.999999e-001  5.408374e-016  3.982884e-016
    outer loop
      vertex  0.000000e+000  1.699593e+000 -5.230811e+000
      vertex  0.000000e+000  1.166158e+001 -1.875823e+001
      vertex -1.776357e-015  9.312566e+000 -2.002847e+001
    endloop
  endfacet
  facet normal -1.000000e+000 -9.916221e-015 -4.981569e-015
    outer loop
      vertex  0.000000e+000  1.699593e+000 -5.230811e+000
      vertex -1.776357e-015  9.312566e+000 -2.002847e+001
      vertex  0.000000e+000  9.167089e+000 -2.009547e+001
    endloop
  endfacet
  facet normal -1.000000e+000  5.972662e-016  3.000460e-016
    outer loop
      vertex  0.000000e+000  1.699593e+000 -5.230811e+000
      vertex  0.000000e+000  9.167089e+000 -2.009547e+001
      vertex -1.776357e-015  6.674926e+000 -2.105490e+001
    endloop
  endfacet
  facet normal -1.000000e+000 -3.199258e-017  1.021975e-016
    outer loop
      vertex  0.000000e+000  1.699593e+000 -5.230811e+000
      vertex -1.776357e-015  6.674926e+000 -2.105490e+001
      vertex -1.776357e-015  6.522075e+000 -2.110275e+001
    endloop
  endfacet
  facet normal -1.000000e+000 -2.541690e-017  1.041955e-016
    outer loop
      vertex  0.000000e+000  1.699593e+000 -5.230811e+000
      vertex -1.776357e-015  6.522075e+000 -2.110275e+001
      vertex -1.776357e-015  3.927684e+000 -2.173561e+001
    endloop
  endfacet
  facet normal -1.000000e+000 -1.101887e-014 -1.379882e-015
    outer loop
      vertex  0.000000e+000  1.699593e+000 -5.230811e+000
      vertex -1.776357e-015  3.927684e+000 -2.173561e+001
      vertex  0.000000e+000  3.769969e+000 -2.176352e+001
    endloop
  endfacet
  facet normal -1.000000e+000  -0.000000e+000  0.000000e+000
    outer loop
      vertex  0.000000e+000  1.699593e+000 -5.230811e+000
      vertex  0.000000e+000  3.769969e+000 -2.176352e+001
      vertex  0.000000e+000  3.555410e+000 -2.187268e+001
    endloop
  endfacet
  facet normal -1.000000e+000  7.220123e-016  8.051516e-017
    outer loop
      vertex  0.000000e+000  1.699593e+000 -5.230811e+000
      vertex  0.000000e+000  3.555410e+000 -2.187268e+001
      vertex -1.776357e-015  1.115949e+000 -2.205942e+001
    endloop
  endfacet
  facet normal -1.000000e+000 -1.112603e-014  4.914248e-016
    outer loop
      vertex  0.000000e+000  1.699593e+000 -5.230811e+000
      vertex -1.776357e-015  1.115949e+000 -2.205942e+001
      vertex  0.000000e+000  9.559598e-001 -2.206694e+001
    endloop
  endfacet
  facet normal -1.000000e+000  -0.000000e+000  0.000000e+000
    outer loop
      vertex  0.000000e+000  1.699593e+000 -5.230811e+000
      vertex  0.000000e+000  9.559598e-001 -2.206694e+001
      vertex  0.000000e+000  7.292044e-001 -2.214776e+001
    endloop
  endfacet
  facet normal -1.000000e+000  -0.000000e+000  0.000000e+000
    outer loop
      vertex  0.000000e+000  1.699593e+000 -5.230811e+000
      vertex  0.000000e+000  7.292044e-001 -2.214776e+001
      vertex  0.000000e+000  5.956575e-001 -2.234805e+001
    endloop
  endfacet
  facet normal -1.000000e+000  3.206853e-014 -2.068184e-015
    outer loop
      vertex  0.000000e+000  1.699593e+000 -5.230811e+000
      vertex  0.000000e+000  5.956575e-001 -2.234805e+001
      vertex -1.776357e-015  5.174230e-001 -2.270223e+001
    endloop
  endfacet
  facet normal -1.000000e+000 -3.791371e-016  1.273258e-016
    outer loop
      vertex  0.000000e+000  1.699593e+000 -5.230811e+000
      vertex -1.776357e-015  5.174230e-001 -2.270223e+001
      vertex -1.776357e-015  1.783310e-001 -2.371194e+001
    endloop
  endfacet
  facet normal -1.000000e+000 -9.807731e-015  9.034344e-016
    outer loop
      vertex  0.000000e+000  1.699593e+000 -5.230811e+000
      vertex -1.776357e-015  1.783310e-001 -2.371194e+001
      vertex  0.000000e+000 -5.004249e-002 -2.422495e+001
    endloop
  endfacet
  facet normal -1.000000e+000  2.420041e-015 -2.229209e-016
    outer loop
      vertex  0.000000e+000  1.699593e+000 -5.230811e+000
      vertex  0.000000e+000 -5.004249e-002 -2.422495e+001
      vertex -1.776357e-015 -7.829008e-001 -2.421235e+001
    endloop
  endfacet
  facet normal -1.000000e+000  1.748076e-016  7.072126e-017
    outer loop
      vertex  0.000000e+000  1.699593e+000 -5.230811e+000
      vertex -1.776357e-015 -7.829008e-001 -2.421235e+001
      vertex -1.776357e-015 -9.935007e-001 -2.369179e+001
    endloop
  endfacet
  facet normal -1.000000e+000 -3.703794e-015  6.365331e-016
    outer loop
      vertex  0.000000e+000  1.699593e+000 -5.230811e+000
      vertex -1.776357e-015 -9.935007e-001 -2.369179e+001
      vertex  0.000000e+000 -1.297676e+000 -2.267102e+001
    endloop
  endfacet
  facet normal -1.000000e+000  1.395342e-014 -2.398030e-015
    outer loop
      vertex  0.000000e+000  1.699593e+000 -5.230811e+000
      vertex  0.000000e+000 -1.297676e+000 -2.267102e+001
      vertex -1.776357e-015 -1.363687e+000 -2.231436e+001
    endloop
  endfacet
  facet normal -1.000000e+000  1.303829e-016  8.060138e-017
    outer loop
      vertex  0.000000e+000  1.699593e+000 -5.230811e+000
      vertex -1.776357e-015 -1.363687e+000 -2.231436e+001
      vertex -1.776357e-015 -1.490268e+000 -2.210959e+001
    endloop
  endfacet
  facet normal -1.000000e+000  3.874652e-017  9.791942e-017
    outer loop
      vertex  0.000000e+000  1.699593e+000 -5.230811e+000
      vertex -1.776357e-015 -1.490268e+000 -2.210959e+001
      vertex -1.776357e-015 -1.714109e+000 -2.202102e+001
    endloop
  endfacet
  facet normal -9.999999e-001  0.000000e+000  1.057972e-016
    outer loop
      vertex  0.000000e+000  1.699593e+000 -5.230811e+000
      vertex -1.776357e-015 -1.714109e+000 -2.202102e+001
      vertex  0.000000e+000 -1.699593e+000 -5.230811e+000
    endloop
  endfacet
  facet normal -1.000000e+000  8.620354e-018  1.057897e-016
    outer loop
      vertex  0.000000e+000 -1.699593e+000 -5.230811e+000
      vertex -1.776357e-015 -1.714109e+000 -2.202102e+001
      vertex -1.776357e-015 -1.873746e+000 -2.200801e+001
    endloop
  endfacet
  facet normal -9.999999e-001  1.548322e-017  1.057185e-016
    outer loop
      vertex  0.000000e+000 -1.699593e+000 -5.230811e+000
      vertex -1.776357e-015 -1.873746e+000 -2.200801e+001
      vertex -1.776357e-015 -4.516022e+000 -2.162103e+001
    endloop
  endfacet
  facet normal -1.000000e+000  2.223517e-017  1.045583e-016
    outer loop
      vertex  0.000000e+000 -1.699593e+000 -5.230811e+000
      vertex -1.776357e-015 -4.516022e+000 -2.162103e+001
      vertex -1.776357e-015 -4.672685e+000 -2.158772e+001
    endloop
  endfacet
  facet normal -1.000000e+000 -6.283529e-016  2.228115e-016
    outer loop
      vertex  0.000000e+000 -1.699593e+000 -5.230811e+000
      vertex -1.776357e-015 -4.672685e+000 -2.158772e+001
      vertex  0.000000e+000 -7.243782e+000 -2.086603e+001
    endloop
  endfacet
  facet normal -1.000000e+000  0.000000e+000  0.000000e+000
    outer loop
      vertex  0.000000e+000 -1.699593e+000 -5.230811e+000
      vertex  0.000000e+000 -7.243782e+000 -2.086603e+001
      vertex  0.000000e+000 -7.394898e+000 -2.081295e+001
    endloop
  endfacet
  facet normal -1.000000e+000  0.000000e+000  0.000000e+000
    outer loop
      vertex  0.000000e+000 -1.699593e+000 -5.230811e+000
      vertex  0.000000e+000 -7.394898e+000 -2.081295e+001
      vertex  0.000000e+000 -9.852599e+000 -1.976840e+001
    endloop
  endfacet
  facet normal -1.000000e+000  0.000000e+000  0.000000e+000
    outer loop
      vertex  0.000000e+000 -1.699593e+000 -5.230811e+000
      vertex  0.000000e+000 -9.852599e+000 -1.976840e+001
      vertex  0.000000e+000 -9.995687e+000 -1.969644e+001
    endloop
  endfacet
  facet normal -1.000000e+000  0.000000e+000  0.000000e+000
    outer loop
      vertex  0.000000e+000 -1.699593e+000 -5.230811e+000
      vertex  0.000000e+000 -9.995687e+000 -1.969644e+001
      vertex  0.000000e+000 -1.229964e+001 -1.834618e+001
    endloop
  endfacet
  facet normal -1.000000e+000  0.000000e+000  0.000000e+000
    outer loop
      vertex  0.000000e+000 -1.699593e+000 -5.230811e+000
      vertex  0.000000e+000 -1.229964e+001 -1.834618e+001
      vertex  0.000000e+000 -1.243235e+001 -1.825651e+001
    endloop
  endfacet
  facet normal -1.000000e+000  0.000000e+000  0.000000e+000
    outer loop
      vertex  0.000000e+000 -1.699593e+000 -5.230811e+000
      vertex  0.000000e+000 -1.243235e+001 -1.825651e+001
      vertex  0.000000e+000 -1.454471e+001 -1.662272e+001
    endloop
  endfacet
  facet normal -1.000000e+000  0.000000e+000  0.000000e+000
    outer loop
      vertex  0.000000e+000 -1.699593e+000 -5.230811e+000
      vertex  0.000000e+000 -1.454471e+001 -1.662272e+001
      vertex  0.000000e+000 -1.466487e+001 -1.651681e+001
    endloop
  endfacet
  facet normal -9.999999e-001  0.000000e+000  0.000000e+000
    outer loop
      vertex  0.000000e+000 -1.699593e+000 -5.230811e+000
      vertex  0.000000e+000 -1.466487e+001 -1.651681e+001
      vertex  0.000000e+000 -1.655097e+001 -1.462631e+001
    endloop
  endfacet
  facet normal -9.999999e-001  6.002373e-015 -9.487891e-015
    outer loop
      vertex  0.000000e+000 -1.699593e+000 -5.230811e+000
      vertex  0.000000e+000 -1.655097e+001 -1.462631e+001
      vertex -1.776357e-015 -1.665659e+001 -1.450591e+001
    endloop
  endfacet
  facet normal -1.000000e+000  8.039178e-017  6.187934e-017
    outer loop
      vertex  0.000000e+000 -1.699593e+000 -5.230811e+000
      vertex -1.776357e-015 -1.665659e+001 -1.450591e+001
      vertex -1.776357e-015 -1.828546e+001 -1.238974e+001
    endloop
  endfacet
  facet normal -9.999999e-001 -4.387949e-015  1.041417e-014
    outer loop
      vertex  0.000000e+000 -1.699593e+000 -5.230811e+000
      vertex -1.776357e-015 -1.828546e+001 -1.238974e+001
      vertex  0.000000e+000 -1.837482e+001 -1.225682e+001
    endloop
  endfacet
  facet normal -1.000000e+000  2.604463e-016 -6.181321e-016
    outer loop
      vertex  0.000000e+000 -1.699593e+000 -5.230811e+000
      vertex  0.000000e+000 -1.837482e+001 -1.225682e+001
      vertex -1.776357e-015 -1.971970e+001 -9.949725e+000
    endloop
  endfacet
  facet normal -9.999999e-001 -2.784047e-015  1.100786e-014
    outer loop
      vertex  0.000000e+000 -1.699593e+000 -5.230811e+000
      vertex -1.776357e-015 -1.971970e+001 -9.949725e+000
      vertex  0.000000e+000 -1.979133e+001 -9.806470e+000
    endloop
  endfacet
  facet normal -9.999999e-001  1.649978e-016 -6.523860e-016
    outer loop
      vertex  0.000000e+000 -1.699593e+000 -5.230811e+000
      vertex  0.000000e+000 -1.979133e+001 -9.806470e+000
      vertex -1.776357e-015 -2.083014e+001 -7.346340e+000
    endloop
  endfacet
  facet normal -1.000000e+000  8.940778e-017  3.116797e-017
    outer loop
      vertex  0.000000e+000 -1.699593e+000 -5.230811e+000
      vertex -1.776357e-015 -2.083014e+001 -7.346340e+000
      vertex -1.776357e-015 -2.088287e+001 -7.195100e+000
    endloop
  endfacet
  facet normal -1.000000e+000  8.615472e-017  6.293741e-017
    outer loop
      vertex  0.000000e+000 -1.699593e+000 -5.230811e+000
      vertex -1.776357e-015 -2.088287e+001 -7.195100e+000
      vertex -1.776357e-015 -2.102487e+001 -7.000714e+000
    endloop
  endfacet
  facet normal -9.999999e-001 -3.681136e-017  1.405583e-015
    outer loop
      vertex  0.000000e+000 -1.699593e+000 -5.230811e+000
      vertex -1.776357e-015 -2.102487e+001 -7.000714e+000
      vertex  0.000000e+000 -2.299524e+001 -5.788530e+000
    endloop
  endfacet
  facet normal -1.000000e+000  8.327081e-017 -3.179564e-015
    outer loop
      vertex  0.000000e+000 -1.699593e+000 -5.230811e+000
      vertex  0.000000e+000 -2.299524e+001 -5.788530e+000
      vertex -1.776357e-015 -2.210320e+001 -5.206489e+000
    endloop
  endfacet
  facet normal -1.000000e+000  9.967950e-017  1.058585e-014
    outer loop
      vertex  0.000000e+000 -1.699593e+000 -5.230811e+000
      vertex -1.776357e-015 -2.210320e+001 -5.206489e+000
      vertex  0.000000e+000 -2.178006e+001 -5.041727e+000
    endloop
  endfacet
  facet normal -1.000000e+000  0.000000e+000  0.000000e+000
    outer loop
      vertex  0.000000e+000 -1.699593e+000 -5.230811e+000
      vertex  0.000000e+000 -2.178006e+001 -5.041727e+000
      vertex  0.000000e+000 -2.161978e+001 -4.862117e+000
    endloop
  endfacet
  facet normal -1.000000e+000  0.000000e+000  0.000000e+000
    outer loop
      vertex  0.000000e+000 -1.699593e+000 -5.230811e+000
      vertex  0.000000e+000 -2.161978e+001 -4.862117e+000
      vertex  0.000000e+000 -2.159856e+001 -4.622327e+000
    endloop
  endfacet
  facet normal -1.000000e+000  0.000000e+000  0.000000e+000
    outer loop
      vertex  0.000000e+000 -1.699593e+000 -5.230811e+000
      vertex  0.000000e+000 -2.159856e+001 -4.622327e+000
      vertex  0.000000e+000 -2.163151e+001 -4.465587e+000
    endloop
  endfacet
  facet normal -1.000000e+000  0.000000e+000  0.000000e+000
    outer loop
      vertex  0.000000e+000 -1.699593e+000 -5.230811e+000
      vertex  0.000000e+000 -2.163151e+001 -4.465587e+000
      vertex  0.000000e+000 -2.174749e+001 -4.254638e+000
    endloop
  endfacet
  facet normal -9.999999e-001  0.000000e+000  0.000000e+000
    outer loop
      vertex  0.000000e+000 -1.699593e+000 -5.230811e+000
      vertex  0.000000e+000 -2.174749e+001 -4.254638e+000
      vertex  0.000000e+000 -2.196652e+001 -4.154768e+000
    endloop
  endfacet
  facet normal -1.000000e+000  9.168064e-016 -4.306413e-014
    outer loop
      vertex  0.000000e+000  2.076722e+001  8.277241e+000
      vertex -1.776357e-015  2.112663e+001  8.326141e+000
      vertex  0.000000e+000  2.275163e+001  8.319488e+000
    endloop
  endfacet
  facet normal -1.000000e+000 -5.423770e-017  2.547647e-015
    outer loop
      vertex  0.000000e+000  2.076722e+001  8.277241e+000
      vertex  0.000000e+000  2.275163e+001  8.319488e+000
      vertex -1.776357e-015  2.299291e+001  7.627370e+000
    endloop
  endfacet
  facet normal -1.000000e+000 -8.885606e-016 -3.097585e-016
    outer loop
      vertex  0.000000e+000  2.076722e+001  8.277241e+000
      vertex -1.776357e-015  2.299291e+001  7.627370e+000
      vertex  0.000000e+000  2.141229e+001  6.426822e+000
    endloop
  endfacet
  facet normal -1.000000e+000  -0.000000e+000  0.000000e+000
    outer loop
      vertex  0.000000e+000  2.076722e+001  8.277241e+000
      vertex  0.000000e+000  2.141229e+001  6.426822e+000
      vertex  0.000000e+000  2.126384e+001  6.237312e+000
    endloop
  endfacet
  facet normal -1.000000e+000  -0.000000e+000  0.000000e+000
    outer loop
      vertex  0.000000e+000  2.076722e+001  8.277241e+000
      vertex  0.000000e+000  2.126384e+001  6.237312e+000
      vertex  0.000000e+000  2.125803e+001  5.996654e+000
    endloop
  endfacet
  facet normal -1.000000e+000  0.000000e+000  0.000000e+000
    outer loop
      vertex  0.000000e+000  2.076722e+001  8.277241e+000
      vertex  0.000000e+000  2.125803e+001  5.996654e+000
      vertex  0.000000e+000  2.053313e+001  8.333398e+000
    endloop
  endfacet
  facet normal -1.000000e+000  1.285100e-015  1.386279e-015
    outer loop
      vertex -1.776357e-015  2.031666e+001  8.665837e+000
      vertex  0.000000e+000  1.912236e+001  1.105436e+001
      vertex  0.000000e+000  1.929890e+001  1.089070e+001
    endloop
  endfacet
  facet normal -1.000000e+000  9.038624e-017  8.397592e-016
    outer loop
      vertex -1.776357e-015  2.031666e+001  8.665837e+000
      vertex  0.000000e+000  1.929890e+001  1.089070e+001
      vertex  0.000000e+000  1.953825e+001  1.086494e+001
    endloop
  endfacet
  facet normal -1.000000e+000 -3.237246e-015 -3.381200e-016
    outer loop
      vertex -1.776357e-015  2.031666e+001  8.665837e+000
      vertex  0.000000e+000  1.953825e+001  1.086494e+001
      vertex -1.776357e-015  2.029166e+001  8.905263e+000
    endloop
  endfacet
  facet normal -9.999999e-001  0.000000e+000 -1.042882e-016
    outer loop
      vertex  0.000000e+000  1.699593e+000  5.230811e+000
      vertex  0.000000e+000 -1.699593e+000  5.230811e+000
      vertex -1.776357e-015 -2.026278e+000  2.226397e+001
    endloop
  endfacet
  facet normal -1.000000e+000  4.846961e-018 -1.032279e-016
    outer loop
      vertex  0.000000e+000  1.699593e+000  5.230811e+000
      vertex -1.776357e-015 -2.026278e+000  2.226397e+001
      vertex -1.776357e-015 -6.880098e-002  2.235588e+001
    endloop
  endfacet
  facet normal -1.000000e+000 -1.707950e-016 -1.213653e-016
    outer loop
      vertex  0.000000e+000  1.699593e+000  5.230811e+000
      vertex -1.776357e-015 -6.880098e-002  2.235588e+001
      vertex -1.776357e-015  7.063952e-002  2.215965e+001
    endloop
  endfacet
  facet normal -1.000000e+000 -3.501101e-017 -1.082997e-016
    outer loop
      vertex  0.000000e+000  1.699593e+000  5.230811e+000
      vertex -1.776357e-015  7.063952e-002  2.215965e+001
      vertex -1.776357e-015  2.996956e-001  2.208560e+001
    endloop
  endfacet
  facet normal -1.000000e+000  1.110643e-014  8.170677e-016
    outer loop
      vertex  0.000000e+000  1.699593e+000  5.230811e+000
      vertex -1.776357e-015  2.996956e-001  2.208560e+001
      vertex  0.000000e+000  4.598378e-001  2.208285e+001
    endloop
  endfacet
  facet normal -1.000000e+000 -7.293493e-016 -5.365613e-017
    outer loop
      vertex  0.000000e+000  1.699593e+000  5.230811e+000
      vertex  0.000000e+000  4.598378e-001  2.208285e+001
      vertex -1.776357e-015  2.903773e+000  2.196869e+001
    endloop
  endfacet
  facet normal -9.999999e-001 -4.843558e-017 -1.026434e-016
    outer loop
      vertex  0.000000e+000  1.699593e+000  5.230811e+000
      vertex -1.776357e-015  2.903773e+000  2.196869e+001
      vertex -1.776357e-015  3.121479e+000  2.186595e+001
    endloop
  endfacet
  facet normal -1.000000e+000 -1.544627e-017 -1.054631e-016
    outer loop
      vertex  0.000000e+000  1.699593e+000  5.230811e+000
      vertex -1.776357e-015  3.121479e+000  2.186595e+001
      vertex -1.776357e-015  3.279954e+000  2.184274e+001
    endloop
  endfacet
  facet normal -1.000000e+000 -2.228919e-017 -1.048121e-016
    outer loop
      vertex  0.000000e+000  1.699593e+000  5.230811e+000
      vertex -1.776357e-015  3.279954e+000  2.184274e+001
      vertex -1.776357e-015  5.892007e+000  2.128727e+001
    endloop
  endfacet
  facet normal -1.000000e+000  1.070384e-014 -2.905452e-015
    outer loop
      vertex  0.000000e+000  1.699593e+000  5.230811e+000
      vertex -1.776357e-015  5.892007e+000  2.128727e+001
      vertex  0.000000e+000  6.046214e+000  2.124398e+001
    endloop
  endfacet
  facet normal -1.000000e+000 -6.436582e-016  1.747147e-016
    outer loop
      vertex  0.000000e+000  1.699593e+000  5.230811e+000
      vertex  0.000000e+000  6.046214e+000  2.124398e+001
      vertex -1.776357e-015  8.565789e+000  2.035905e+001
    endloop
  endfacet
  facet normal -1.000000e+000  1.006030e-014 -4.683450e-015
    outer loop
      vertex  0.000000e+000  1.699593e+000  5.230811e+000
      vertex -1.776357e-015  8.565789e+000  2.035905e+001
      vertex  0.000000e+000  8.713195e+000  2.029640e+001
    endloop
  endfacet
  facet normal -1.000000e+000 -6.033184e-016  2.808676e-016
    outer loop
      vertex  0.000000e+000  1.699593e+000  5.230811e+000
      vertex  0.000000e+000  8.713195e+000  2.029640e+001
      vertex -1.776357e-015  1.109892e+001  1.909653e+001
    endloop
  endfacet
  facet normal -1.000000e+000  9.146313e-015 -6.328236e-015
    outer loop
      vertex  0.000000e+000  1.699593e+000  5.230811e+000
      vertex -1.776357e-015  1.109892e+001  1.909653e+001
      vertex  0.000000e+000  1.123711e+001  1.901555e+001
    endloop
  endfacet
  facet normal -1.000000e+000  0.000000e+000  -0.000000e+000
    outer loop
      vertex  0.000000e+000  1.699593e+000  5.230811e+000
      vertex  0.000000e+000  1.123711e+001  1.901555e+001
      vertex  0.000000e+000  1.344981e+001  1.752045e+001
    endloop
  endfacet
  facet normal -9.999999e-001  0.000000e+000  -0.000000e+000
    outer loop
      vertex  0.000000e+000  1.699593e+000  5.230811e+000
      vertex  0.000000e+000  1.344981e+001  1.752045e+001
      vertex  0.000000e+000  1.357650e+001  1.742246e+001
    endloop
  endfacet
  facet normal -1.000000e+000  0.000000e+000  -0.000000e+000
    outer loop
      vertex  0.000000e+000  1.699593e+000  5.230811e+000
      vertex  0.000000e+000  1.357650e+001  1.742246e+001
      vertex  0.000000e+000  1.557985e+001  1.565668e+001
    endloop
  endfacet
  facet normal -1.000000e+000 -6.726660e-015  8.955392e-015
    outer loop
      vertex  0.000000e+000  1.699593e+000  5.230811e+000
      vertex  0.000000e+000  1.557985e+001  1.565668e+001
      vertex -1.776357e-015  1.569298e+001  1.554330e+001
    endloop
  endfacet
  facet normal -1.000000e+000  3.189597e-016 -6.050609e-016
    outer loop
      vertex  0.000000e+000  1.699593e+000  5.230811e+000
      vertex -1.776357e-015  1.569298e+001  1.554330e+001
      vertex  0.000000e+000  1.745407e+001  1.353583e+001
    endloop
  endfacet
  facet normal -9.999999e-001  0.000000e+000  -0.000000e+000
    outer loop
      vertex  0.000000e+000  1.699593e+000  5.230811e+000
      vertex  0.000000e+000  1.745407e+001  1.353583e+001
      vertex  0.000000e+000  1.755177e+001  1.340891e+001
    endloop
  endfacet
  facet normal -1.000000e+000 -3.070245e-016  5.951266e-016
    outer loop
      vertex  0.000000e+000  1.699593e+000  5.230811e+000
      vertex  0.000000e+000  1.755177e+001  1.340891e+001
      vertex -1.776357e-015  1.904170e+001  1.119273e+001
    endloop
  endfacet
  facet normal -1.000000e+000  3.591220e-015 -1.074414e-014
    outer loop
      vertex  0.000000e+000  1.699593e+000  5.230811e+000
      vertex -1.776357e-015  1.904170e+001  1.119273e+001
      vertex  0.000000e+000  1.912236e+001  1.105436e+001
    endloop
  endfacet
  facet normal -1.000000e+000 -2.129866e-016  6.372092e-016
    outer loop
      vertex  0.000000e+000  1.699593e+000  5.230811e+000
      vertex  0.000000e+000  1.912236e+001  1.105436e+001
      vertex -1.776357e-015  2.031666e+001  8.665837e+000
    endloop
  endfacet
  facet normal -1.000000e+000  1.972233e-015 -1.120619e-014
    outer loop
      vertex  0.000000e+000  1.699593e+000  5.230811e+000
      vertex -1.776357e-015  2.031666e+001  8.665837e+000
      vertex  0.000000e+000  2.037897e+001  8.518287e+000
    endloop
  endfacet
  facet normal -1.000000e+000  0.000000e+000  -0.000000e+000
    outer loop
      vertex  0.000000e+000  1.699593e+000  5.230811e+000
      vertex  0.000000e+000  2.037897e+001  8.518287e+000
      vertex  0.000000e+000  2.125803e+001  5.996654e+000
    endloop
  endfacet
  facet normal -1.000000e+000  0.000000e+000  -0.000000e+000
    outer loop
      vertex  0.000000e+000  1.699593e+000  5.230811e+000
      vertex  0.000000e+000  2.125803e+001  5.996654e+000
      vertex  0.000000e+000  2.130095e+001  5.842347e+000
    endloop
  endfacet
  facet normal -1.000000e+000  0.000000e+000  -0.000000e+000
    outer loop
      vertex  0.000000e+000  1.699593e+000  5.230811e+000
      vertex  0.000000e+000  2.130095e+001  5.842347e+000
      vertex  0.000000e+000  2.143021e+001  5.639262e+000
    endloop
  endfacet
  facet normal -9.999999e-001  0.000000e+000  -0.000000e+000
    outer loop
      vertex  0.000000e+000  1.699593e+000  5.230811e+000
      vertex  0.000000e+000  2.143021e+001  5.639262e+000
      vertex  0.000000e+000  2.165519e+001  5.553632e+000
    endloop
  endfacet
  facet normal -9.999999e-001  0.000000e+000  -0.000000e+000
    outer loop
      vertex  0.000000e+000  1.699593e+000  5.230811e+000
      vertex  0.000000e+000  2.165519e+001  5.553632e+000
      vertex  0.000000e+000  2.362871e+001  5.341770e+000
    endloop
  endfacet
  facet normal -9.999999e-001 -1.251752e-017  2.473859e-015
    outer loop
      vertex  0.000000e+000  1.699593e+000  5.230811e+000
      vertex  0.000000e+000  2.362871e+001  5.341770e+000
      vertex -1.776357e-015  2.377950e+001  4.624482e+000
    endloop
  endfacet
  facet normal -9.999999e-001 -8.361148e-017 -1.150813e-016
    outer loop
      vertex  0.000000e+000  1.699593e+000  5.230811e+000
      vertex -1.776357e-015  2.377950e+001  4.624482e+000
      vertex  0.000000e+000  4.449594e+000  3.232819e+000
    endloop
  endfacet
  facet normal -1.000000e+000  0.000000e+000  0.000000e+000
    outer loop
      vertex  0.000000e+000 -1.699593e+000  5.230811e+000
      vertex  0.000000e+000 -2.315711e+001  5.102543e+000
      vertex  0.000000e+000 -2.360644e+001  5.439346e+000
    endloop
  endfacet
  facet normal -1.000000e+000 -2.370432e-017 -2.490164e-015
    outer loop
      vertex  0.000000e+000 -1.699593e+000  5.230811e+000
      vertex  0.000000e+000 -2.360644e+001  5.439346e+000
      vertex -1.776357e-015 -2.343108e+001  6.151026e+000
    endloop
  endfacet
  facet normal -1.000000e+000  6.475413e-017 -4.011600e-016
    outer loop
      vertex  0.000000e+000 -1.699593e+000  5.230811e+000
      vertex -1.776357e-015 -2.343108e+001  6.151026e+000
      vertex -1.776357e-015 -2.287671e+001  6.240510e+000
    endloop
  endfacet
  facet normal -1.000000e+000  3.729277e-017 -9.771256e-016
    outer loop
      vertex  0.000000e+000 -1.699593e+000  5.230811e+000
      vertex -1.776357e-015 -2.287671e+001  6.240510e+000
      vertex -1.776357e-015 -2.145144e+001  6.294907e+000
    endloop
  endfacet
  facet normal -1.000000e+000  7.768651e-017 -2.273334e-016
    outer loop
      vertex  0.000000e+000 -1.699593e+000  5.230811e+000
      vertex -1.776357e-015 -2.145144e+001  6.294907e+000
      vertex -1.776357e-015 -2.122364e+001  6.372751e+000
    endloop
  endfacet
  facet normal -1.000000e+000  8.747384e-017 -5.999704e-017
    outer loop
      vertex  0.000000e+000 -1.699593e+000  5.230811e+000
      vertex -1.776357e-015 -2.122364e+001  6.372751e+000
      vertex -1.776357e-015 -2.108748e+001  6.571271e+000
    endloop
  endfacet
  facet normal -9.999999e-001  8.765802e-016  1.135333e-014
    outer loop
      vertex  0.000000e+000 -1.699593e+000  5.230811e+000
      vertex -1.776357e-015 -2.108748e+001  6.571271e+000
      vertex  0.000000e+000 -2.103928e+001  6.724010e+000
    endloop
  endfacet
  facet normal -1.000000e+000  0.000000e+000  0.000000e+000
    outer loop
      vertex  0.000000e+000 -1.699593e+000  5.230811e+000
      vertex  0.000000e+000 -2.103928e+001  6.724010e+000
      vertex  0.000000e+000 -2.103682e+001  6.964727e+000
    endloop
  endfacet
  facet normal -1.000000e+000  0.000000e+000  0.000000e+000
    outer loop
      vertex  0.000000e+000 -1.699593e+000  5.230811e+000
      vertex  0.000000e+000 -2.103682e+001  6.964727e+000
      vertex  0.000000e+000 -2.047035e+001  8.986376e+000
    endloop
  endfacet
  facet normal -1.000000e+000  0.000000e+000  0.000000e+000
    outer loop
      vertex  0.000000e+000 -1.699593e+000  5.230811e+000
      vertex  0.000000e+000 -2.047035e+001  8.986376e+000
      vertex  0.000000e+000 -2.023447e+001  9.034451e+000
    endloop
  endfacet
  facet normal -1.000000e+000  0.000000e+000  0.000000e+000
    outer loop
      vertex  0.000000e+000 -1.699593e+000  5.230811e+000
      vertex  0.000000e+000 -2.023447e+001  9.034451e+000
      vertex  0.000000e+000 -2.007404e+001  9.213928e+000
    endloop
  endfacet
  facet normal -9.999999e-001 -2.407893e-015 -1.110781e-014
    outer loop
      vertex  0.000000e+000 -1.699593e+000  5.230811e+000
      vertex  0.000000e+000 -2.007404e+001  9.213928e+000
      vertex -1.776357e-015 -2.000670e+001  9.359250e+000
    endloop
  endfacet
  facet normal -1.000000e+000  9.407476e-017 -1.310914e-017
    outer loop
      vertex  0.000000e+000 -1.699593e+000  5.230811e+000
      vertex -1.776357e-015 -2.000670e+001  9.359250e+000
      vertex -1.776357e-015 -1.997347e+001  9.597675e+000
    endloop
  endfacet
  facet normal -9.999999e-001  8.825525e-017 -3.746185e-017
    outer loop
      vertex  0.000000e+000 -1.699593e+000  5.230811e+000
      vertex -1.776357e-015 -1.997347e+001  9.597675e+000
      vertex -1.776357e-015 -1.915314e+001  1.153029e+001
    endloop
  endfacet
  facet normal -1.000000e+000  1.711421e-017 -2.345676e-016
    outer loop
      vertex  0.000000e+000 -1.699593e+000  5.230811e+000
      vertex -1.776357e-015 -1.915314e+001  1.153029e+001
      vertex -1.776357e-015 -1.891305e+001  1.154780e+001
    endloop
  endfacet
  facet normal -1.000000e+000  7.245628e-017 -8.376355e-017
    outer loop
      vertex  0.000000e+000 -1.699593e+000  5.230811e+000
      vertex -1.776357e-015 -1.891305e+001  1.154780e+001
      vertex -1.776357e-015 -1.873098e+001  1.170529e+001
    endloop
  endfacet
  facet normal -1.000000e+000  4.104403e-015  1.052243e-014
    outer loop
      vertex  0.000000e+000 -1.699593e+000  5.230811e+000
      vertex -1.776357e-015 -1.873098e+001  1.170529e+001
      vertex  0.000000e+000 -1.864561e+001  1.184081e+001
    endloop
  endfacet
  facet normal -1.000000e+000  0.000000e+000  0.000000e+000
    outer loop
      vertex  0.000000e+000 -1.699593e+000  5.230811e+000
      vertex  0.000000e+000 -1.864561e+001  1.184081e+001
      vertex  0.000000e+000 -1.858217e+001  1.207303e+001
    endloop
  endfacet
  facet normal -1.000000e+000 -3.095358e-016 -7.637526e-016
    outer loop
      vertex  0.000000e+000 -1.699593e+000  5.230811e+000
      vertex  0.000000e+000 -1.858217e+001  1.207303e+001
      vertex -1.776357e-015 -1.728107e+001  1.387154e+001
    endloop
  endfacet
  facet normal -1.000000e+000  6.204626e-017 -9.369399e-017
    outer loop
      vertex  0.000000e+000 -1.699593e+000  5.230811e+000
      vertex -1.776357e-015 -1.728107e+001  1.387154e+001
      vertex -1.776357e-015 -1.708036e+001  1.400446e+001
    endloop
  endfacet
  facet normal -1.000000e+000  5.656065e-015  9.712980e-015
    outer loop
      vertex  0.000000e+000 -1.699593e+000  5.230811e+000
      vertex -1.776357e-015 -1.708036e+001  1.400446e+001
      vertex  0.000000e+000 -1.697836e+001  1.412794e+001
    endloop
  endfacet
  facet normal -1.000000e+000  0.000000e+000  0.000000e+000
    outer loop
      vertex  0.000000e+000 -1.699593e+000  5.230811e+000
      vertex  0.000000e+000 -1.697836e+001  1.412794e+001
      vertex  0.000000e+000 -1.688574e+001  1.435015e+001
    endloop
  endfacet
  facet normal -1.000000e+000  0.000000e+000  0.000000e+000
    outer loop
      vertex  0.000000e+000 -1.699593e+000  5.230811e+000
      vertex  0.000000e+000 -1.688574e+001  1.435015e+001
      vertex  0.000000e+000 -1.536534e+001  1.596751e+001
    endloop
  endfacet
  facet normal -1.000000e+000  0.000000e+000  0.000000e+000
    outer loop
      vertex  0.000000e+000 -1.699593e+000  5.230811e+000
      vertex  0.000000e+000 -1.536534e+001  1.596751e+001
      vertex  0.000000e+000 -1.514928e+001  1.607367e+001
    endloop
  endfacet
  facet normal -1.000000e+000  0.000000e+000  0.000000e+000
    outer loop
      vertex  0.000000e+000 -1.699593e+000  5.230811e+000
      vertex  0.000000e+000 -1.514928e+001  1.607367e+001
      vertex  0.000000e+000 -1.503233e+001  1.618310e+001
    endloop
  endfacet
  facet normal -1.000000e+000  0.000000e+000  0.000000e+000
    outer loop
      vertex  0.000000e+000 -1.699593e+000  5.230811e+000
      vertex  0.000000e+000 -1.503233e+001  1.618310e+001
      vertex  0.000000e+000 -1.491206e+001  1.639163e+001
    endloop
  endfacet
  facet normal -1.000000e+000  0.000000e+000  0.000000e+000
    outer loop
      vertex  0.000000e+000 -1.699593e+000  5.230811e+000
      vertex  0.000000e+000 -1.491206e+001  1.639163e+001
      vertex  0.000000e+000 -1.319731e+001  1.780129e+001
    endloop
  endfacet
  facet normal -1.000000e+000  0.000000e+000  0.000000e+000
    outer loop
      vertex  0.000000e+000 -1.699593e+000  5.230811e+000
      vertex  0.000000e+000 -1.319731e+001  1.780129e+001
      vertex  0.000000e+000 -1.296945e+001  1.787895e+001
    endloop
  endfacet
  facet normal -1.000000e+000  0.000000e+000  0.000000e+000
    outer loop
      vertex  0.000000e+000 -1.699593e+000  5.230811e+000
      vertex  0.000000e+000 -1.296945e+001  1.787895e+001
      vertex  0.000000e+000 -1.283946e+001  1.797253e+001
    endloop
  endfacet
  facet normal -1.000000e+000  0.000000e+000  0.000000e+000
    outer loop
      vertex  0.000000e+000 -1.699593e+000  5.230811e+000
      vertex  0.000000e+000 -1.283946e+001  1.797253e+001
      vertex  0.000000e+000 -1.269351e+001  1.816397e+001
    endloop
  endfacet
  facet normal -1.000000e+000  0.000000e+000  0.000000e+000
    outer loop
      vertex  0.000000e+000 -1.699593e+000  5.230811e+000
      vertex  0.000000e+000 -1.269351e+001  1.816397e+001
      vertex  0.000000e+000 -1.269085e+001  1.840468e+001
    endloop
  endfacet
  facet normal -1.000000e+000  0.000000e+000  0.000000e+000
    outer loop
      vertex  0.000000e+000 -1.699593e+000  5.230811e+000
      vertex  0.000000e+000 -1.269085e+001  1.840468e+001
      vertex  0.000000e+000 -1.081258e+001  1.934278e+001
    endloop
  endfacet
  facet normal -1.000000e+000  0.000000e+000  0.000000e+000
    outer loop
      vertex  0.000000e+000 -1.699593e+000  5.230811e+000
      vertex  0.000000e+000 -1.081258e+001  1.934278e+001
      vertex  0.000000e+000 -1.057666e+001  1.939066e+001
    endloop
  endfacet
  facet normal -1.000000e+000 -9.416240e-015 -5.903212e-015
    outer loop
      vertex  0.000000e+000 -1.699593e+000  5.230811e+000
      vertex  0.000000e+000 -1.057666e+001  1.939066e+001
      vertex -1.776357e-015 -1.043577e+001  1.946685e+001
    endloop
  endfacet
  facet normal -9.999999e-001  7.788336e-017 -7.698446e-017
    outer loop
      vertex  0.000000e+000 -1.699593e+000  5.230811e+000
      vertex -1.776357e-015 -1.043577e+001  1.946685e+001
      vertex -1.776357e-015 -1.026654e+001  1.963805e+001
    endloop
  endfacet
  facet normal -1.000000e+000  1.677924e-016 -2.352205e-017
    outer loop
      vertex  0.000000e+000 -1.699593e+000  5.230811e+000
      vertex -1.776357e-015 -1.026654e+001  1.963805e+001
      vertex -1.776357e-015 -1.023312e+001  1.987645e+001
    endloop
  endfacet
  facet normal -1.000000e+000  7.799114e-016  3.331395e-016
    outer loop
      vertex  0.000000e+000 -1.699593e+000  5.230811e+000
      vertex -1.776357e-015 -1.023312e+001  1.987645e+001
      vertex  0.000000e+000 -8.250308e+000  2.056666e+001
    endloop
  endfacet
  facet normal -1.000000e+000  0.000000e+000  0.000000e+000
    outer loop
      vertex  0.000000e+000 -1.699593e+000  5.230811e+000
      vertex  0.000000e+000 -8.250308e+000  2.056666e+001
      vertex  0.000000e+000 -8.010204e+000  2.058398e+001
    endloop
  endfacet
  facet normal -1.000000e+000  0.000000e+000  0.000000e+000
    outer loop
      vertex  0.000000e+000 -1.699593e+000  5.230811e+000
      vertex  0.000000e+000 -8.010204e+000  2.058398e+001
      vertex  0.000000e+000 -7.860732e+000  2.064152e+001
    endloop
  endfacet
  facet normal -1.000000e+000  0.000000e+000  0.000000e+000
    outer loop
      vertex  0.000000e+000 -1.699593e+000  5.230811e+000
      vertex  0.000000e+000 -7.860732e+000  2.064152e+001
      vertex  0.000000e+000 -7.670997e+000  2.078968e+001
    endloop
  endfacet
  facet normal -1.000000e+000  0.000000e+000  0.000000e+000
    outer loop
      vertex  0.000000e+000 -1.699593e+000  5.230811e+000
      vertex  0.000000e+000 -7.670997e+000  2.078968e+001
      vertex  0.000000e+000 -7.607366e+000  2.102185e+001
    endloop
  endfacet
  facet normal -1.000000e+000 -7.246513e-016 -2.711079e-016
    outer loop
      vertex  0.000000e+000 -1.699593e+000  5.230811e+000
      vertex  0.000000e+000 -7.607366e+000  2.102185e+001
      vertex -1.776357e-015 -5.312220e+000  2.143931e+001
    endloop
  endfacet
  facet normal -1.000000e+000  1.085262e-014  2.309289e-015
    outer loop
      vertex  0.000000e+000 -1.699593e+000  5.230811e+000
      vertex -1.776357e-015 -5.312220e+000  2.143931e+001
      vertex  0.000000e+000 -5.156616e+000  2.147726e+001
    endloop
  endfacet
  facet normal -9.999999e-001  0.000000e+000  0.000000e+000
    outer loop
      vertex  0.000000e+000 -1.699593e+000  5.230811e+000
      vertex  0.000000e+000 -5.156616e+000  2.147726e+001
      vertex  0.000000e+000 -4.949493e+000  2.159994e+001
    endloop
  endfacet
  facet normal -1.000000e+000  0.000000e+000  0.000000e+000
    outer loop
      vertex  0.000000e+000 -1.699593e+000  5.230811e+000
      vertex  0.000000e+000 -4.949493e+000  2.159994e+001
      vertex  0.000000e+000 -4.856696e+000  2.182207e+001
    endloop
  endfacet
  facet normal -1.000000e+000 -7.550536e-016 -1.436770e-016
    outer loop
      vertex  0.000000e+000 -1.699593e+000  5.230811e+000
      vertex  0.000000e+000 -4.856696e+000  2.182207e+001
      vertex -1.776357e-015 -2.527009e+000  2.194260e+001
    endloop
  endfacet
  facet normal -1.000000e+000  1.178498e-017 -1.057101e-016
    outer loop
      vertex  0.000000e+000 -1.699593e+000  5.230811e+000
      vertex -1.776357e-015 -2.527009e+000  2.194260e+001
      vertex -1.776357e-015 -2.367829e+000  2.196035e+001
    endloop
  endfacet
  facet normal -9.999999e-001  4.493804e-017 -1.043859e-016
    outer loop
      vertex  0.000000e+000 -1.699593e+000  5.230811e+000
      vertex -1.776357e-015 -2.367829e+000  2.196035e+001
      vertex -1.776357e-015 -2.146718e+000  2.205554e+001
    endloop
  endfacet
  facet normal -1.000000e+000  1.746828e-016 -1.009379e-016
    outer loop
      vertex  0.000000e+000 -1.699593e+000  5.230811e+000
      vertex -1.776357e-015 -2.146718e+000  2.205554e+001
      vertex -1.776357e-015 -2.026278e+000  2.226397e+001
    endloop
  endfacet
  facet normal -1.000000e+000  0.000000e+000  0.000000e+000
    outer loop
      vertex  0.000000e+000 -2.047035e+001  8.986376e+000
      vertex  0.000000e+000 -2.103682e+001  6.964727e+000
      vertex  0.000000e+000 -2.117866e+001  7.159229e+000
    endloop
  endfacet
  facet normal -1.000000e+000  0.000000e+000  0.000000e+000
    outer loop
      vertex  0.000000e+000 -2.047035e+001  8.986376e+000
      vertex  0.000000e+000 -2.117866e+001  7.159229e+000
      vertex  0.000000e+000 -2.148402e+001  7.354971e+000
    endloop
  endfacet
  facet normal -1.000000e+000  1.426929e-015 -8.866247e-016
    outer loop
      vertex  0.000000e+000 -2.047035e+001  8.986376e+000
      vertex  0.000000e+000 -2.148402e+001  7.354971e+000
      vertex -1.776357e-015 -2.231450e+001  8.021917e+000
    endloop
  endfacet
  facet normal -1.000000e+000 -9.167258e-016  3.594696e-015
    outer loop
      vertex  0.000000e+000 -2.047035e+001  8.986376e+000
      vertex -1.776357e-015 -2.231450e+001  8.021917e+000
      vertex  0.000000e+000 -2.271707e+001  8.413414e+000
    endloop
  endfacet
  facet normal -1.000000e+000  2.972466e-015 -1.165574e-014
    outer loop
      vertex  0.000000e+000 -2.047035e+001  8.986376e+000
      vertex  0.000000e+000 -2.271707e+001  8.413414e+000
      vertex -1.776357e-015 -2.082786e+001  9.047605e+000
    endloop
  endfacet
  facet normal -1.000000e+000  0.000000e+000  0.000000e+000
    outer loop
      vertex -1.776357e-015 -1.915314e+001  1.153029e+001
      vertex -1.776357e-015 -1.997347e+001  9.597675e+000
      vertex -1.776357e-015 -2.008928e+001  9.808719e+000
    endloop
  endfacet
  facet normal -1.000000e+000  0.000000e+000  0.000000e+000
    outer loop
      vertex -1.776357e-015 -1.915314e+001  1.153029e+001
      vertex -1.776357e-015 -2.008928e+001  9.808719e+000
      vertex -1.776357e-015 -2.036711e+001  1.004190e+001
    endloop
  endfacet
  facet normal -1.000000e+000 -1.301837e-015  1.061820e-015
    outer loop
      vertex -1.776357e-015 -1.915314e+001  1.153029e+001
      vertex -1.776357e-015 -2.036711e+001  1.004190e+001
      vertex  0.000000e+000 -2.110547e+001  1.080957e+001
    endloop
  endfacet
  facet normal -1.000000e+000 -7.036086e-016 -5.587145e-016
    outer loop
      vertex -1.776357e-015 -1.915314e+001  1.153029e+001
      vertex  0.000000e+000 -2.110547e+001  1.080957e+001
      vertex  0.000000e+000 -2.145468e+001  1.124933e+001
    endloop
  endfacet
  facet normal -1.000000e+000 -2.009782e-015  1.014128e-014
    outer loop
      vertex -1.776357e-015 -1.915314e+001  1.153029e+001
      vertex  0.000000e+000 -2.145468e+001  1.124933e+001
      vertex  0.000000e+000 -1.949988e+001  1.163673e+001
    endloop
  endfacet
  facet normal -1.000000e+000 -8.854252e-016 -3.471366e-016
    outer loop
      vertex -1.776357e-015 -1.728107e+001  1.387154e+001
      vertex  0.000000e+000 -1.858217e+001  1.207303e+001
      vertex  0.000000e+000 -1.867004e+001  1.229715e+001
    endloop
  endfacet
  facet normal -1.000000e+000 -6.256929e-016 -5.762785e-016
    outer loop
      vertex -1.776357e-015 -1.728107e+001  1.387154e+001
      vertex  0.000000e+000 -1.867004e+001  1.229715e+001
      vertex  0.000000e+000 -1.891576e+001  1.256395e+001
    endloop
  endfacet
  facet normal -1.000000e+000  3.601988e-016 -1.808794e-015
    outer loop
      vertex -1.776357e-015 -1.728107e+001  1.387154e+001
      vertex  0.000000e+000 -1.891576e+001  1.256395e+001
      vertex -1.776357e-015 -1.954990e+001  1.341973e+001
    endloop
  endfacet
  facet normal -1.000000e+000 -6.568051e-016  3.298249e-015
    outer loop
      vertex -1.776357e-015 -1.728107e+001  1.387154e+001
      vertex -1.776357e-015 -1.954990e+001  1.341973e+001
      vertex  0.000000e+000 -1.984000e+001  1.390054e+001
    endloop
  endfacet
  facet normal -1.000000e+000 -8.724619e-016 -1.573340e-014
    outer loop
      vertex -1.776357e-015 -1.728107e+001  1.387154e+001
      vertex  0.000000e+000 -1.984000e+001  1.390054e+001
      vertex -1.776357e-015 -1.752143e+001  1.388487e+001
    endloop
  endfacet
  facet normal -1.000000e+000  0.000000e+000  0.000000e+000
    outer loop
      vertex  0.000000e+000 -1.536534e+001  1.596751e+001
      vertex  0.000000e+000 -1.688574e+001  1.435015e+001
      vertex  0.000000e+000 -1.694423e+001  1.458366e+001
    endloop
  endfacet
  facet normal -1.000000e+000  0.000000e+000  0.000000e+000
    outer loop
      vertex  0.000000e+000 -1.536534e+001  1.596751e+001
      vertex  0.000000e+000 -1.694423e+001  1.458366e+001
      vertex  0.000000e+000 -1.715382e+001  1.487969e+001
    endloop
  endfacet
  facet normal -1.000000e+000  8.672495e-016 -1.425846e-015
    outer loop
      vertex  0.000000e+000 -1.536534e+001  1.596751e+001
      vertex  0.000000e+000 -1.715382e+001  1.487969e+001
      vertex -1.776357e-015 -1.767332e+001  1.580954e+001
    endloop
  endfacet
  facet normal -1.000000e+000  5.623966e-016  3.028171e-015
    outer loop
      vertex  0.000000e+000 -1.536534e+001  1.596751e+001
      vertex -1.776357e-015 -1.767332e+001  1.580954e+001
      vertex  0.000000e+000 -1.560202e+001  1.601147e+001
    endloop
  endfacet
  facet normal -1.000000e+000  1.645733e-015 -5.620872e-017
    outer loop
      vertex  0.000000e+000  9.063606e+000 -2.191207e+001
      vertex  0.000000e+000  9.044438e+000 -2.247329e+001
      vertex -1.776357e-015  7.969854e+000 -2.233314e+001
    endloop
  endfacet
  facet normal -1.000000e+000  6.134236e-016  2.625272e-015
    outer loop
      vertex  0.000000e+000  9.063606e+000 -2.191207e+001
      vertex -1.776357e-015  7.969854e+000 -2.233314e+001
      vertex  0.000000e+000  7.304847e+000 -2.150112e+001
    endloop
  endfacet
  facet normal -1.000000e+000 -1.594862e-015 -6.825535e-015
    outer loop
      vertex  0.000000e+000  9.063606e+000 -2.191207e+001
      vertex  0.000000e+000  7.304847e+000 -2.150112e+001
      vertex -1.776357e-015  7.109818e+000 -2.119530e+001
    endloop
  endfacet
  facet normal -1.000000e+000  1.820581e-015  2.484283e-015
    outer loop
      vertex  0.000000e+000  9.063606e+000 -2.191207e+001
      vertex -1.776357e-015  7.109818e+000 -2.119530e+001
      vertex -1.776357e-015  6.915647e+000 -2.105300e+001
    endloop
  endfacet
  facet normal -1.000000e+000  1.627126e-016 -1.660929e-015
    outer loop
      vertex  0.000000e+000  9.063606e+000 -2.191207e+001
      vertex -1.776357e-015  6.915647e+000 -2.105300e+001
      vertex -1.776357e-015  8.999005e+000 -2.084891e+001
    endloop
  endfacet
  facet normal -1.000000e+000  1.639409e-015  1.547044e-016
    outer loop
      vertex  0.000000e+000  1.179125e+001 -2.057315e+001
      vertex  0.000000e+000  1.184400e+001 -2.113221e+001
      vertex -1.776357e-015  1.076032e+001 -2.113063e+001
    endloop
  endfacet
  facet normal -1.000000e+000  1.104815e-015  1.143311e-015
    outer loop
      vertex  0.000000e+000  1.179125e+001 -2.057315e+001
      vertex -1.776357e-015  1.076032e+001 -2.113063e+001
      vertex -1.776357e-015  9.994376e+000 -2.039047e+001
    endloop
  endfacet
  facet normal -1.000000e+000  1.080327e-015  9.024416e-016
    outer loop
      vertex  0.000000e+000  1.179125e+001 -2.057315e+001
      vertex -1.776357e-015  9.994376e+000 -2.039047e+001
      vertex -1.776357e-015  9.761841e+000 -2.011210e+001
    endloop
  endfacet
  facet normal -1.000000e+000  1.487962e-015  2.696747e-015
    outer loop
      vertex  0.000000e+000  1.179125e+001 -2.057315e+001
      vertex -1.776357e-015  9.761841e+000 -2.011210e+001
      vertex -1.776357e-015  9.551067e+000 -1.999580e+001
    endloop
  endfacet
  facet normal -1.000000e+000  8.340506e-016  1.594674e-016
    outer loop
      vertex  0.000000e+000  1.179125e+001 -2.057315e+001
      vertex -1.776357e-015  9.551067e+000 -1.999580e+001
      vertex  0.000000e+000  1.159122e+001 -1.952697e+001
    endloop
  endfacet
  facet normal -1.000000e+000  0.000000e+000  0.000000e+000
    outer loop
      vertex  0.000000e+000  1.681693e+001 -1.743679e+001
      vertex  0.000000e+000  1.628171e+001 -1.793757e+001
      vertex  0.000000e+000  1.576828e+001 -1.771014e+001
    endloop
  endfacet
  facet normal -9.999999e-001  0.000000e+000  0.000000e+000
    outer loop
      vertex  0.000000e+000  1.681693e+001 -1.743679e+001
      vertex  0.000000e+000  1.576828e+001 -1.771014e+001
      vertex  0.000000e+000  1.483965e+001 -1.718848e+001
    endloop
  endfacet
  facet normal -1.000000e+000  0.000000e+000  0.000000e+000
    outer loop
      vertex  0.000000e+000  1.681693e+001 -1.743679e+001
      vertex  0.000000e+000  1.483965e+001 -1.718848e+001
      vertex  0.000000e+000  1.454410e+001 -1.697820e+001
    endloop
  endfacet
  facet normal -1.000000e+000  0.000000e+000  0.000000e+000
    outer loop
      vertex  0.000000e+000  1.681693e+001 -1.743679e+001
      vertex  0.000000e+000  1.454410e+001 -1.697820e+001
      vertex  0.000000e+000  1.431073e+001 -1.691917e+001
    endloop
  endfacet
  facet normal -1.000000e+000  0.000000e+000  0.000000e+000
    outer loop
      vertex  0.000000e+000  1.681693e+001 -1.743679e+001
      vertex  0.000000e+000  1.431073e+001 -1.691917e+001
      vertex  0.000000e+000  1.662409e+001 -1.690940e+001
    endloop
  endfacet
  facet normal -1.000000e+000 -2.815367e-015 -1.738666e-014
    outer loop
      vertex  0.000000e+000  2.029916e+001 -1.322099e+001
      vertex  0.000000e+000  1.974484e+001 -1.313123e+001
      vertex -1.776357e-015  1.871425e+001 -1.286218e+001
    endloop
  endfacet
  facet normal -1.000000e+000  2.787332e-015  7.361374e-015
    outer loop
      vertex  0.000000e+000  2.029916e+001 -1.322099e+001
      vertex -1.776357e-015  1.871425e+001 -1.286218e+001
      vertex -1.776357e-015  1.837503e+001 -1.273374e+001
    endloop
  endfacet
  facet normal -1.000000e+000  7.961869e-016 -5.015741e-016
    outer loop
      vertex  0.000000e+000  2.029916e+001 -1.322099e+001
      vertex -1.776357e-015  1.837503e+001 -1.273374e+001
      vertex  0.000000e+000  2.068985e+001 -1.260083e+001
    endloop
  endfacet
  facet normal -1.000000e+000  5.688634e-016  1.760360e-014
    outer loop
      vertex -1.776357e-015  2.182317e+001 -1.051665e+001
      vertex -1.776357e-015  2.126192e+001 -1.049851e+001
      vertex  0.000000e+000  2.020539e+001 -1.036346e+001
    endloop
  endfacet
  facet normal -1.000000e+000 -5.147418e-015 -4.276489e-014
    outer loop
      vertex -1.776357e-015  2.182317e+001 -1.051665e+001
      vertex  0.000000e+000  2.020539e+001 -1.036346e+001
      vertex -1.776357e-015  1.985253e+001 -1.027945e+001
    endloop
  endfacet
  facet normal -1.000000e+000  3.045207e-016  2.529966e-015
    outer loop
      vertex -1.776357e-015  2.182317e+001 -1.051665e+001
      vertex -1.776357e-015  1.985253e+001 -1.027945e+001
      vertex  0.000000e+000  2.213134e+001 -9.851615e+000
    endloop
  endfacet
  facet normal -9.999999e-001 -1.024793e-016  1.469892e-016
    outer loop
      vertex  0.000000e+000  4.449594e+000  3.232819e+000
      vertex -1.776357e-015  2.377950e+001  4.624482e+000
      vertex -1.776357e-015  2.331886e+001  4.303328e+000
    endloop
  endfacet
  facet normal -1.000000e+000 -1.046558e-016  1.853524e-016
    outer loop
      vertex  0.000000e+000  4.449594e+000  3.232819e+000
      vertex -1.776357e-015  2.331886e+001  4.303328e+000
      vertex -1.776357e-015  2.239137e+001  3.779635e+000
    endloop
  endfacet
  facet normal -1.000000e+000 -1.065302e-016  2.468540e-016
    outer loop
      vertex  0.000000e+000  4.449594e+000  3.232819e+000
      vertex -1.776357e-015  2.239137e+001  3.779635e+000
      vertex -1.776357e-015  2.205834e+001  3.635915e+000
    endloop
  endfacet
  facet normal -1.000000e+000 -1.032783e-016  1.047988e-016
    outer loop
      vertex  0.000000e+000  4.449594e+000  3.232819e+000
      vertex -1.776357e-015  2.205834e+001  3.635915e+000
      vertex -1.776357e-015  2.188688e+001  3.466944e+000
    endloop
  endfacet
  facet normal -1.000000e+000 -1.020817e-016  1.567866e-017
    outer loop
      vertex  0.000000e+000  4.449594e+000  3.232819e+000
      vertex -1.776357e-015  2.188688e+001  3.466944e+000
      vertex -1.776357e-015  2.185033e+001  3.229005e+000
    endloop
  endfacet
  facet normal -1.000000e+000 -1.020924e-016 -3.317181e-017
    outer loop
      vertex  0.000000e+000  4.449594e+000  3.232819e+000
      vertex -1.776357e-015  2.185033e+001  3.229005e+000
      vertex  0.000000e+000  5.500000e+000 -3.116046e-015
    endloop
  endfacet
  facet normal -1.000000e+000  2.046048e-015 -1.091045e-014
    outer loop
      vertex  0.000000e+000  5.500000e+000 -3.116046e-015
      vertex -1.776357e-015  2.185033e+001  3.229005e+000
      vertex  0.000000e+000  2.187317e+001  3.070476e+000
    endloop
  endfacet
  facet normal -1.000000e+000  0.000000e+000  -0.000000e+000
    outer loop
      vertex  0.000000e+000  5.500000e+000 -3.116046e-015
      vertex  0.000000e+000  2.187317e+001  3.070476e+000
      vertex  0.000000e+000  2.197540e+001  2.852530e+000
    endloop
  endfacet
  facet normal -9.999999e-001  0.000000e+000  -0.000000e+000
    outer loop
      vertex  0.000000e+000  5.500000e+000 -3.116046e-015
      vertex  0.000000e+000  2.197540e+001  2.852530e+000
      vertex  0.000000e+000  2.218758e+001  2.738832e+000
    endloop
  endfacet
  facet normal -1.000000e+000 -2.831691e-015  1.725337e-014
    outer loop
      vertex  0.000000e+000  5.500000e+000 -3.116046e-015
      vertex  0.000000e+000  2.218758e+001  2.738832e+000
      vertex -1.776357e-015  2.254764e+001  2.694969e+000
    endloop
  endfacet
  facet normal -1.000000e+000  6.321004e-016 -4.657633e-015
    outer loop
      vertex  0.000000e+000  5.500000e+000 -3.116046e-015
      vertex -1.776357e-015  2.254764e+001  2.694969e+000
      vertex  0.000000e+000  2.358525e+001  2.454399e+000
    endloop
  endfacet
  facet normal -1.000000e+000  0.000000e+000  -0.000000e+000
    outer loop
      vertex  0.000000e+000  5.500000e+000 -3.116046e-015
      vertex  0.000000e+000  2.358525e+001  2.454399e+000
      vertex  0.000000e+000  2.411781e+001  2.276342e+000
    endloop
  endfacet
  facet normal -1.000000e+000  0.000000e+000  -0.000000e+000
    outer loop
      vertex  0.000000e+000  5.500000e+000 -3.116046e-015
      vertex  0.000000e+000  2.411781e+001  2.276342e+000
      vertex  0.000000e+000  2.417564e+001  1.545660e+000
    endloop
  endfacet
  facet normal -1.000000e+000  0.000000e+000  0.000000e+000
    outer loop
      vertex  0.000000e+000  5.500000e+000 -3.116046e-015
      vertex  0.000000e+000  2.417564e+001  1.545660e+000
      vertex  0.000000e+000  2.367771e+001  1.286047e+000
    endloop
  endfacet
  facet normal -1.000000e+000 -3.797173e-016  5.367135e-015
    outer loop
      vertex  0.000000e+000  5.500000e+000 -3.116046e-015
      vertex  0.000000e+000  2.367771e+001  1.286047e+000
      vertex -1.776357e-015  2.269086e+001  8.852600e-001
    endloop
  endfacet
  facet normal -1.000000e+000  9.896226e-016 -2.122407e-014
    outer loop
      vertex  0.000000e+000  5.500000e+000 -3.116046e-015
      vertex -1.776357e-015  2.269086e+001  8.852600e-001
      vertex  0.000000e+000  2.234219e+001  7.853069e-001
    endloop
  endfacet
  facet normal -9.999999e-001  0.000000e+000  0.000000e+000
    outer loop
      vertex  0.000000e+000  5.500000e+000 -3.116046e-015
      vertex  0.000000e+000  2.234219e+001  7.853069e-001
      vertex  0.000000e+000  2.215053e+001  6.396485e-001
    endloop
  endfacet
  facet normal -9.999999e-001  0.000000e+000  0.000000e+000
    outer loop
      vertex  0.000000e+000  5.500000e+000 -3.116046e-015
      vertex  0.000000e+000  2.215053e+001  6.396485e-001
      vertex  0.000000e+000  2.208386e+001  4.083367e-001
    endloop
  endfacet
  facet normal -1.000000e+000 -2.730123e-016  1.108790e-014
    outer loop
      vertex  0.000000e+000  5.500000e+000 -3.116046e-015
      vertex  0.000000e+000  2.208386e+001  4.083367e-001
      vertex -1.776357e-015  2.208624e+001  2.481885e-001
    endloop
  endfacet
  facet normal -1.000000e+000 -1.065867e-016 -3.418285e-017
    outer loop
      vertex  0.000000e+000  5.500000e+000 -3.116046e-015
      vertex -1.776357e-015  2.208624e+001  2.481885e-001
      vertex -1.776357e-015  2.215975e+001  1.895901e-002
    endloop
  endfacet
  facet normal -1.000000e+000 -1.064560e-016 -1.490755e-016
    outer loop
      vertex  0.000000e+000  5.500000e+000 -3.116046e-015
      vertex -1.776357e-015  2.215975e+001  1.895901e-002
      vertex -1.776357e-015  2.235566e+001 -1.209387e-001
    endloop
  endfacet
  facet normal -1.000000e+000 -1.051413e-016  3.416250e-017
    outer loop
      vertex  0.000000e+000  5.500000e+000 -3.116046e-015
      vertex -1.776357e-015  2.235566e+001 -1.209387e-001
      vertex  0.000000e+000  4.449594e+000 -3.232819e+000
    endloop
  endfacet
  facet normal -1.000000e+000 -5.897419e-017 -2.314874e-016
    outer loop
      vertex  0.000000e+000  4.449594e+000 -3.232819e+000
      vertex -1.776357e-015  2.235566e+001 -1.209387e-001
      vertex -1.776357e-015  2.270715e+001 -2.104851e-001
    endloop
  endfacet
  facet normal -1.000000e+000 -6.732653e-017 -1.810319e-016
    outer loop
      vertex  0.000000e+000  4.449594e+000 -3.232819e+000
      vertex -1.776357e-015  2.270715e+001 -2.104851e-001
      vertex -1.776357e-015  2.370547e+001 -5.817657e-001
    endloop
  endfacet
  facet normal -1.000000e+000  7.063262e-016 -5.800444e-015
    outer loop
      vertex  0.000000e+000  4.449594e+000 -3.232819e+000
      vertex -1.776357e-015  2.370547e+001 -5.817657e-001
      vertex  0.000000e+000  2.421090e+001 -8.264646e-001
    endloop
  endfacet
  facet normal -1.000000e+000 -2.972567e-016  2.441111e-015
    outer loop
      vertex  0.000000e+000  4.449594e+000 -3.232819e+000
      vertex  0.000000e+000  2.421090e+001 -8.264646e-001
      vertex -1.776357e-015  2.417481e+001 -1.558542e+000
    endloop
  endfacet
  facet normal -1.000000e+000 -1.170797e-016  3.183863e-016
    outer loop
      vertex  0.000000e+000  4.449594e+000 -3.232819e+000
      vertex -1.776357e-015  2.417481e+001 -1.558542e+000
      vertex -1.776357e-015  2.364777e+001 -1.752349e+000
    endloop
  endfacet
  facet normal -1.000000e+000  5.830991e-016 -8.761275e-015
    outer loop
      vertex  0.000000e+000  4.449594e+000 -3.232819e+000
      vertex -1.776357e-015  2.364777e+001 -1.752349e+000
      vertex  0.000000e+000  2.261777e+001 -2.023651e+000
    endloop
  endfacet
  facet normal -1.000000e+000 -3.853537e-015  5.790079e-014
    outer loop
      vertex  0.000000e+000  4.449594e+000 -3.232819e+000
      vertex  0.000000e+000  2.261777e+001 -2.023651e+000
      vertex -1.776357e-015  2.225918e+001 -2.078196e+000
    endloop
  endfacet
  facet normal -9.999999e-001 -1.124234e-016  1.956117e-016
    outer loop
      vertex  0.000000e+000  4.449594e+000 -3.232819e+000
      vertex -1.776357e-015  2.225918e+001 -2.078196e+000
      vertex -1.776357e-015  2.205047e+001 -2.198150e+000
    endloop
  endfacet
  facet normal -9.999999e-001 -1.035620e-016  4.486909e-017
    outer loop
      vertex  0.000000e+000  4.449594e+000 -3.232819e+000
      vertex -1.776357e-015  2.205047e+001 -2.198150e+000
      vertex -1.776357e-015  2.195477e+001 -2.419037e+000
    endloop
  endfacet
  facet normal -1.000000e+000  4.196630e-016 -1.121017e-014
    outer loop
      vertex  0.000000e+000  4.449594e+000 -3.232819e+000
      vertex -1.776357e-015  2.195477e+001 -2.419037e+000
      vertex  0.000000e+000  2.193665e+001 -2.578175e+000
    endloop
  endfacet
  facet normal -1.000000e+000  0.000000e+000  -0.000000e+000
    outer loop
      vertex  0.000000e+000  4.449594e+000 -3.232819e+000
      vertex  0.000000e+000  2.193665e+001 -2.578175e+000
      vertex  0.000000e+000  2.198025e+001 -2.814923e+000
    endloop
  endfacet
  facet normal -1.000000e+000  0.000000e+000  -0.000000e+000
    outer loop
      vertex  0.000000e+000  4.449594e+000 -3.232819e+000
      vertex  0.000000e+000  2.198025e+001 -2.814923e+000
      vertex  0.000000e+000  2.215665e+001 -2.978724e+000
    endloop
  endfacet
  facet normal -1.000000e+000 -1.839188e-016  1.281671e-014
    outer loop
      vertex  0.000000e+000  4.449594e+000 -3.232819e+000
      vertex  0.000000e+000  2.215665e+001 -2.978724e+000
      vertex -1.776357e-015  2.249381e+001 -3.112483e+000
    endloop
  endfacet
  facet normal -1.000000e+000  1.256472e-015 -1.412273e-015
    outer loop
      vertex -1.776357e-015  6.674926e+000 -2.105490e+001
      vertex  0.000000e+000  9.167089e+000 -2.009547e+001
      vertex  0.000000e+000  8.987236e+000 -2.025548e+001
    endloop
  endfacet
  facet normal -1.000000e+000  8.271999e-016 -1.706062e-016
    outer loop
      vertex -1.776357e-015  6.674926e+000 -2.105490e+001
      vertex  0.000000e+000  8.987236e+000 -2.025548e+001
      vertex  0.000000e+000  8.938610e+000 -2.049125e+001
    endloop
  endfacet
  facet normal -1.000000e+000 -4.337319e-016  4.893441e-015
    outer loop
      vertex -1.776357e-015  6.674926e+000 -2.105490e+001
      vertex  0.000000e+000  8.938610e+000 -2.049125e+001
      vertex -1.776357e-015  8.999005e+000 -2.084891e+001
    endloop
  endfacet
  facet normal -1.000000e+000  0.000000e+000  0.000000e+000
    outer loop
      vertex -1.776357e-015  6.674926e+000 -2.105490e+001
      vertex -1.776357e-015  8.999005e+000 -2.084891e+001
      vertex -1.776357e-015  6.915647e+000 -2.105300e+001
    endloop
  endfacet
  facet normal -1.000000e+000  1.426760e-015 -1.240014e-015
    outer loop
      vertex -1.776357e-015  9.312566e+000 -2.002847e+001
      vertex  0.000000e+000  1.166158e+001 -1.875823e+001
      vertex  0.000000e+000  1.150366e+001 -1.893992e+001
    endloop
  endfacet
  facet normal -1.000000e+000  8.422244e-016 -6.342364e-017
    outer loop
      vertex -1.776357e-015  9.312566e+000 -2.002847e+001
      vertex  0.000000e+000  1.150366e+001 -1.893992e+001
      vertex  0.000000e+000  1.148559e+001 -1.917997e+001
    endloop
  endfacet
  facet normal -1.000000e+000  7.306113e-016  2.224203e-016
    outer loop
      vertex -1.776357e-015  9.312566e+000 -2.002847e+001
      vertex  0.000000e+000  1.148559e+001 -1.917997e+001
      vertex  0.000000e+000  1.159122e+001 -1.952697e+001
    endloop
  endfacet
  facet normal -1.000000e+000 -1.284614e-015  9.378909e-015
    outer loop
      vertex -1.776357e-015  9.312566e+000 -2.002847e+001
      vertex  0.000000e+000  1.159122e+001 -1.952697e+001
      vertex -1.776357e-015  9.551067e+000 -1.999580e+001
    endloop
  endfacet
  facet normal -1.000000e+000  0.000000e+000  0.000000e+000
    outer loop
      vertex  0.000000e+000  1.179729e+001 -1.867317e+001
      vertex  0.000000e+000  1.396459e+001 -1.711297e+001
      vertex  0.000000e+000  1.383120e+001 -1.731337e+001
    endloop
  endfacet
  facet normal -1.000000e+000  0.000000e+000  -0.000000e+000
    outer loop
      vertex  0.000000e+000  1.179729e+001 -1.867317e+001
      vertex  0.000000e+000  1.383120e+001 -1.731337e+001
      vertex  0.000000e+000  1.384397e+001 -1.755376e+001
    endloop
  endfacet
  facet normal -1.000000e+000  0.000000e+000  -0.000000e+000
    outer loop
      vertex  0.000000e+000  1.179729e+001 -1.867317e+001
      vertex  0.000000e+000  1.384397e+001 -1.755376e+001
      vertex  0.000000e+000  1.399311e+001 -1.788440e+001
    endloop
  endfacet
  facet normal -1.000000e+000  0.000000e+000  0.000000e+000
    outer loop
      vertex  0.000000e+000  1.179729e+001 -1.867317e+001
      vertex  0.000000e+000  1.399311e+001 -1.788440e+001
      vertex  0.000000e+000  1.202966e+001 -1.861028e+001
    endloop
  endfacet
  facet normal -1.000000e+000  0.000000e+000  0.000000e+000
    outer loop
      vertex  0.000000e+000  1.408831e+001 -1.701126e+001
      vertex  0.000000e+000  1.603830e+001 -1.518672e+001
      vertex  0.000000e+000  1.593163e+001 -1.540254e+001
    endloop
  endfacet
  facet normal -1.000000e+000  0.000000e+000  -0.000000e+000
    outer loop
      vertex  0.000000e+000  1.408831e+001 -1.701126e+001
      vertex  0.000000e+000  1.593163e+001 -1.540254e+001
      vertex  0.000000e+000  1.597504e+001 -1.563932e+001
    endloop
  endfacet
  facet normal -1.000000e+000 -2.888680e-015  3.972579e-015
    outer loop
      vertex  0.000000e+000  1.408831e+001 -1.701126e+001
      vertex  0.000000e+000  1.597504e+001 -1.563932e+001
      vertex -1.776357e-015  1.616524e+001 -1.594817e+001
    endloop
  endfacet
  facet normal -1.000000e+000  3.621368e-015 -8.745877e-015
    outer loop
      vertex  0.000000e+000  1.408831e+001 -1.701126e+001
      vertex -1.776357e-015  1.616524e+001 -1.594817e+001
      vertex  0.000000e+000  1.431073e+001 -1.691917e+001
    endloop
  endfacet
  facet normal -9.999999e-001  0.000000e+000  0.000000e+000
    outer loop
      vertex -1.776357e-015  1.614800e+001 -1.507003e+001
      vertex -1.776357e-015  1.784866e+001 -1.301111e+001
      vertex -1.776357e-015  1.777047e+001 -1.323879e+001
    endloop
  endfacet
  facet normal -1.000000e+000  0.000000e+000  -0.000000e+000
    outer loop
      vertex -1.776357e-015  1.614800e+001 -1.507003e+001
      vertex -1.776357e-015  1.777047e+001 -1.323879e+001
      vertex -1.776357e-015  1.784379e+001 -1.346808e+001
    endloop
  endfacet
  facet normal -1.000000e+000  0.000000e+000  -0.000000e+000
    outer loop
      vertex -1.776357e-015  1.614800e+001 -1.507003e+001
      vertex -1.776357e-015  1.784379e+001 -1.346808e+001
      vertex -1.776357e-015  1.807193e+001 -1.375007e+001
    endloop
  endfacet
  facet normal -1.000000e+000  0.000000e+000  0.000000e+000
    outer loop
      vertex -1.776357e-015  1.614800e+001 -1.507003e+001
      vertex -1.776357e-015  1.807193e+001 -1.375007e+001
      vertex -1.776357e-015  1.635681e+001 -1.495024e+001
    endloop
  endfacet
  facet normal -1.000000e+000  6.484705e-016  5.482305e-016
    outer loop
      vertex -1.776357e-015  1.813432e+001 -1.273584e+001
      vertex  0.000000e+000  1.968188e+001 -1.132620e+001
      vertex  0.000000e+000  2.036954e+001 -1.213960e+001
    endloop
  endfacet
  facet normal -1.000000e+000  6.705017e-016  4.656396e-016
    outer loop
      vertex -1.776357e-015  1.813432e+001 -1.273584e+001
      vertex  0.000000e+000  2.036954e+001 -1.213960e+001
      vertex  0.000000e+000  2.068985e+001 -1.260083e+001
    endloop
  endfacet
  facet normal -1.000000e+000 -1.373289e-016  1.575612e-014
    outer loop
      vertex -1.776357e-015  1.813432e+001 -1.273584e+001
      vertex  0.000000e+000  2.068985e+001 -1.260083e+001
      vertex -1.776357e-015  1.837503e+001 -1.273374e+001
    endloop
  endfacet
  facet normal -1.000000e+000  0.000000e+000  0.000000e+000
    outer loop
      vertex -1.776357e-015  1.794254e+001 -1.288134e+001
      vertex -1.776357e-015  1.936594e+001 -1.062185e+001
      vertex -1.776357e-015  1.931751e+001 -1.085766e+001
    endloop
  endfacet
  facet normal -1.000000e+000  0.000000e+000  -0.000000e+000
    outer loop
      vertex -1.776357e-015  1.794254e+001 -1.288134e+001
      vertex -1.776357e-015  1.931751e+001 -1.085766e+001
      vertex -1.776357e-015  1.941956e+001 -1.107569e+001
    endloop
  endfacet
  facet normal -1.000000e+000  3.801875e-015 -3.109932e-015
    outer loop
      vertex -1.776357e-015  1.794254e+001 -1.288134e+001
      vertex -1.776357e-015  1.941956e+001 -1.107569e+001
      vertex  0.000000e+000  1.968188e+001 -1.132620e+001
    endloop
  endfacet
  facet normal -1.000000e+000 -5.721974e-015  7.541938e-015
    outer loop
      vertex -1.776357e-015  1.794254e+001 -1.288134e+001
      vertex  0.000000e+000  1.968188e+001 -1.132620e+001
      vertex -1.776357e-015  1.813432e+001 -1.273584e+001
    endloop
  endfacet
  facet normal -1.000000e+000  1.272363e-015 -1.079930e-015
    outer loop
      vertex -1.776357e-015  1.961406e+001 -1.031231e+001
      vertex -1.776357e-015  2.096865e+001 -8.716346e+000
      vertex  0.000000e+000  2.175468e+001 -9.435130e+000
    endloop
  endfacet
  facet normal -1.000000e+000  6.054524e-016  5.475574e-016
    outer loop
      vertex -1.776357e-015  1.961406e+001 -1.031231e+001
      vertex  0.000000e+000  2.175468e+001 -9.435130e+000
      vertex  0.000000e+000  2.213134e+001 -9.851615e+000
    endloop
  endfacet
  facet normal -1.000000e+000 -2.151079e-015  1.560937e-014
    outer loop
      vertex -1.776357e-015  1.961406e+001 -1.031231e+001
      vertex  0.000000e+000  2.213134e+001 -9.851615e+000
      vertex -1.776357e-015  1.985253e+001 -1.027945e+001
    endloop
  endfacet
  facet normal -1.000000e+000  1.885075e-015 -1.403962e-016
    outer loop
      vertex -1.776357e-015  1.944246e+001 -1.048115e+001
      vertex  0.000000e+000  2.056524e+001 -8.058187e+000
      vertex  0.000000e+000  2.054736e+001 -8.298251e+000
    endloop
  endfacet
  facet normal -1.000000e+000  7.129017e-016  4.529164e-016
    outer loop
      vertex -1.776357e-015  1.944246e+001 -1.048115e+001
      vertex  0.000000e+000  2.054736e+001 -8.298251e+000
      vertex  0.000000e+000  2.067645e+001 -8.501441e+000
    endloop
  endfacet
  facet normal -1.000000e+000 -3.715863e-015  3.213463e-015
    outer loop
      vertex -1.776357e-015  1.944246e+001 -1.048115e+001
      vertex  0.000000e+000  2.067645e+001 -8.501441e+000
      vertex -1.776357e-015  2.096865e+001 -8.716346e+000
    endloop
  endfacet
  facet normal -1.000000e+000  0.000000e+000  0.000000e+000
    outer loop
      vertex -1.776357e-015  1.944246e+001 -1.048115e+001
      vertex -1.776357e-015  2.096865e+001 -8.716346e+000
      vertex -1.776357e-015  1.961406e+001 -1.031231e+001
    endloop
  endfacet
  facet normal -1.000000e+000 -4.882010e-016 -6.947879e-016
    outer loop
      vertex  0.000000e+000  2.077173e+001 -7.719461e+000
      vertex -1.776357e-015  2.191112e+001 -5.963374e+000
      vertex -1.776357e-015  2.278261e+001 -6.575741e+000
    endloop
  endfacet
  facet normal -9.999999e-001  1.132189e-015 -3.543743e-015
    outer loop
      vertex  0.000000e+000  2.077173e+001 -7.719461e+000
      vertex -1.776357e-015  2.278261e+001 -6.575741e+000
      vertex  0.000000e+000  2.320944e+001 -6.940640e+000
    endloop
  endfacet
  facet normal -1.000000e+000  0.000000e+000  0.000000e+000
    outer loop
      vertex  0.000000e+000  2.077173e+001 -7.719461e+000
      vertex  0.000000e+000  2.320944e+001 -6.940640e+000
      vertex  0.000000e+000  2.100405e+001 -7.656372e+000
    endloop
  endfacet
  facet normal -1.000000e+000 -1.887547e-015 -1.018146e-016
    outer loop
      vertex  0.000000e+000  2.062313e+001 -7.908849e+000
      vertex -1.776357e-015  2.142686e+001 -5.362204e+000
      vertex -1.776357e-015  2.143983e+001 -5.602584e+000
    endloop
  endfacet
  facet normal -1.000000e+000 -6.491316e-016 -5.403611e-016
    outer loop
      vertex  0.000000e+000  2.062313e+001 -7.908849e+000
      vertex -1.776357e-015  2.143983e+001 -5.602584e+000
      vertex -1.776357e-015  2.159384e+001 -5.787599e+000
    endloop
  endfacet
  facet normal -9.999999e-001 -3.701026e-016 -6.680475e-016
    outer loop
      vertex  0.000000e+000  2.062313e+001 -7.908849e+000
      vertex -1.776357e-015  2.159384e+001 -5.787599e+000
      vertex -1.776357e-015  2.191112e+001 -5.963374e+000
    endloop
  endfacet
  facet normal -1.000000e+000  7.447545e-015 -5.843653e-015
    outer loop
      vertex  0.000000e+000  2.062313e+001 -7.908849e+000
      vertex -1.776357e-015  2.191112e+001 -5.963374e+000
      vertex  0.000000e+000  2.077173e+001 -7.719461e+000
    endloop
  endfacet
  facet normal -1.000000e+000 -8.207701e-016  2.234394e-016
    outer loop
      vertex -1.776357e-015  1.100575e+001  1.986284e+001
      vertex -1.776357e-015  1.091047e+001  1.951286e+001
      vertex  0.000000e+000  8.952563e+000  2.027083e+001
    endloop
  endfacet
  facet normal -1.000000e+000 -6.475237e-016  1.095281e-015
    outer loop
      vertex -1.776357e-015  1.100575e+001  1.986284e+001
      vertex  0.000000e+000  8.952563e+000  2.027083e+001
      vertex  0.000000e+000  9.159786e+000  2.039334e+001
    endloop
  endfacet
  facet normal -1.000000e+000 -7.849614e-016  6.170468e-016
    outer loop
      vertex -1.776357e-015  1.100575e+001  1.986284e+001
      vertex  0.000000e+000  9.159786e+000  2.039334e+001
      vertex  0.000000e+000  9.383946e+000  2.067850e+001
    endloop
  endfacet
  facet normal -1.000000e+000 -1.013463e-015  1.627116e-016
    outer loop
      vertex -1.776357e-015  1.100575e+001  1.986284e+001
      vertex  0.000000e+000  9.383946e+000  2.067850e+001
      vertex -1.776357e-015  1.117459e+001  2.091450e+001
    endloop
  endfacet
  facet normal -1.000000e+000 -2.350164e-015 -4.326649e-015
    outer loop
      vertex -1.776357e-015  1.345540e+001  1.829238e+001
      vertex  0.000000e+000  1.331615e+001  1.795746e+001
      vertex  0.000000e+000  1.147124e+001  1.895958e+001
    endloop
  endfacet
  facet normal -1.000000e+000 -5.021477e-016  1.169089e-015
    outer loop
      vertex -1.776357e-015  1.345540e+001  1.829238e+001
      vertex  0.000000e+000  1.147124e+001  1.895958e+001
      vertex  0.000000e+000  1.169243e+001  1.905459e+001
    endloop
  endfacet
  facet normal -1.000000e+000 -2.797738e-015 -4.140581e-015
    outer loop
      vertex -1.776357e-015  1.345540e+001  1.829238e+001
      vertex  0.000000e+000  1.169243e+001  1.905459e+001
      vertex -1.776357e-015  1.195121e+001  1.930874e+001
    endloop
  endfacet
  facet normal -1.000000e+000  9.794440e-016  1.449552e-015
    outer loop
      vertex -1.776357e-015  1.345540e+001  1.829238e+001
      vertex -1.776357e-015  1.195121e+001  1.930874e+001
      vertex  0.000000e+000  1.375734e+001  1.931382e+001
    endloop
  endfacet
  facet normal -1.000000e+000  -0.000000e+000  0.000000e+000
    outer loop
      vertex  0.000000e+000  1.820644e+001  1.519254e+001
      vertex  0.000000e+000  1.765528e+001  1.428110e+001
      vertex  0.000000e+000  1.743563e+001  1.399245e+001
    endloop
  endfacet
  facet normal -1.000000e+000  7.239926e-016 -4.650139e-016
    outer loop
      vertex  0.000000e+000  1.820644e+001  1.519254e+001
      vertex  0.000000e+000  1.743563e+001  1.399245e+001
      vertex -1.776357e-015  1.590526e+001  1.542977e+001
    endloop
  endfacet
  facet normal -1.000000e+000  4.579433e-016 -3.045761e-015
    outer loop
      vertex  0.000000e+000  1.820644e+001  1.519254e+001
      vertex -1.776357e-015  1.590526e+001  1.542977e+001
      vertex -1.776357e-015  1.614331e+001  1.546557e+001
    endloop
  endfacet
  facet normal -1.000000e+000  6.993333e-016 -1.221658e-015
    outer loop
      vertex  0.000000e+000  1.820644e+001  1.519254e+001
      vertex -1.776357e-015  1.614331e+001  1.546557e+001
      vertex -1.776357e-015  1.645810e+001  1.564577e+001
    endloop
  endfacet
  facet normal -9.999999e-001  9.031973e-016 -4.352330e-016
    outer loop
      vertex  0.000000e+000  1.820644e+001  1.519254e+001
      vertex -1.776357e-015  1.645810e+001  1.564577e+001
      vertex  0.000000e+000  1.845021e+001  1.569842e+001
    endloop
  endfacet
  facet normal -9.999999e-001  -0.000000e+000  0.000000e+000
    outer loop
      vertex  0.000000e+000  2.030621e+001  1.321017e+001
      vertex  0.000000e+000  1.999975e+001  1.273962e+001
      vertex  0.000000e+000  1.933656e+001  1.190615e+001
    endloop
  endfacet
  facet normal -1.000000e+000  2.829787e-014 -2.104168e-014
    outer loop
      vertex  0.000000e+000  2.030621e+001  1.321017e+001
      vertex  0.000000e+000  1.933656e+001  1.190615e+001
      vertex -1.776357e-015  1.908180e+001  1.164796e+001
    endloop
  endfacet
  facet normal -1.000000e+000  2.575835e-017  1.116887e-015
    outer loop
      vertex  0.000000e+000  2.030621e+001  1.321017e+001
      vertex -1.776357e-015  1.908180e+001  1.164796e+001
      vertex  0.000000e+000  1.774779e+001  1.326918e+001
    endloop
  endfacet
  facet normal -1.000000e+000  0.000000e+000  0.000000e+000
    outer loop
      vertex  0.000000e+000  2.030621e+001  1.321017e+001
      vertex  0.000000e+000  1.774779e+001  1.326918e+001
      vertex  0.000000e+000  1.798846e+001  1.327423e+001
    endloop
  endfacet
  facet normal -1.000000e+000 -3.323356e-016 -1.202412e-014
    outer loop
      vertex  0.000000e+000  2.030621e+001  1.321017e+001
      vertex  0.000000e+000  1.798846e+001  1.327423e+001
      vertex -1.776357e-015  1.832371e+001  1.341270e+001
    endloop
  endfacet
  facet normal -1.000000e+000  1.113624e-015  2.130070e-015
    outer loop
      vertex  0.000000e+000  2.030621e+001  1.321017e+001
      vertex -1.776357e-015  1.832371e+001  1.341270e+001
      vertex  0.000000e+000  1.934585e+001  1.371226e+001
    endloop
  endfacet
  facet normal -1.000000e+000  0.000000e+000  0.000000e+000
    outer loop
      vertex  0.000000e+000  2.030621e+001  1.321017e+001
      vertex  0.000000e+000  1.934585e+001  1.371226e+001
      vertex  0.000000e+000  1.989726e+001  1.381845e+001
    endloop
  endfacet
  facet normal -1.000000e+000 -1.340861e-014  1.142063e-014
    outer loop
      vertex -1.776357e-015  2.182877e+001  1.050502e+001
      vertex -1.776357e-015  2.146465e+001  1.007752e+001
      vertex  0.000000e+000  2.070033e+001  9.335694e+000
    endloop
  endfacet
  facet normal -1.000000e+000  3.022510e-014 -3.068737e-014
    outer loop
      vertex -1.776357e-015  2.182877e+001  1.050502e+001
      vertex  0.000000e+000  2.070033e+001  9.335694e+000
      vertex -1.776357e-015  2.041465e+001  9.112201e+000
    endloop
  endfacet
  facet normal -1.000000e+000 -6.688232e-016  6.790524e-016
    outer loop
      vertex -1.776357e-015  2.182877e+001  1.050502e+001
      vertex -1.776357e-015  2.041465e+001  9.112201e+000
      vertex  0.000000e+000  1.953825e+001  1.086494e+001
    endloop
  endfacet
  facet normal -9.999999e-001 -2.357257e-015 -1.006610e-014
    outer loop
      vertex -1.776357e-015  2.182877e+001  1.050502e+001
      vertex  0.000000e+000  1.953825e+001  1.086494e+001
      vertex -1.776357e-015  1.988845e+001  1.095940e+001
    endloop
  endfacet
  facet normal -1.000000e+000  1.007813e-015  4.303624e-015
    outer loop
      vertex -1.776357e-015  2.182877e+001  1.050502e+001
      vertex -1.776357e-015  1.988845e+001  1.095940e+001
      vertex  0.000000e+000  2.094050e+001  1.112579e+001
    endloop
  endfacet
  facet normal -1.000000e+000 -1.632219e-016  2.627980e-015
    outer loop
      vertex -1.776357e-015  2.182877e+001  1.050502e+001
      vertex  0.000000e+000  2.094050e+001  1.112579e+001
      vertex  0.000000e+000  2.150097e+001  1.116060e+001
    endloop
  endfacet
  facet normal -1.000000e+000  0.000000e+000  0.000000e+000
    outer loop
      vertex  0.000000e+000  8.375390e+000  2.110715e+001
      vertex  0.000000e+000  6.046214e+000  2.124398e+001
      vertex  0.000000e+000  6.286886e+000  2.124924e+001
    endloop
  endfacet
  facet normal -1.000000e+000  0.000000e+000  0.000000e+000
    outer loop
      vertex  0.000000e+000  8.375390e+000  2.110715e+001
      vertex  0.000000e+000  6.286886e+000  2.124924e+001
      vertex  0.000000e+000  6.476742e+000  2.139724e+001
    endloop
  endfacet
  facet normal -1.000000e+000  0.000000e+000  0.000000e+000
    outer loop
      vertex  0.000000e+000  8.375390e+000  2.110715e+001
      vertex  0.000000e+000  6.476742e+000  2.139724e+001
      vertex  0.000000e+000  6.662596e+000  2.170872e+001
    endloop
  endfacet
  facet normal -1.000000e+000 -5.797251e-016 -1.650581e-015
    outer loop
      vertex  0.000000e+000  8.375390e+000  2.110715e+001
      vertex  0.000000e+000  6.662596e+000  2.170872e+001
      vertex -1.776357e-015  8.408365e+000  2.217177e+001
    endloop
  endfacet
  facet normal -1.000000e+000  1.026435e-015 -3.516688e-018
    outer loop
      vertex -1.776357e-015 -7.644722e+000  2.138264e+001
      vertex -1.776357e-015 -7.641073e+000  2.244776e+001
      vertex  0.000000e+000 -5.912257e+000  2.192497e+001
    endloop
  endfacet
  facet normal -1.000000e+000 -6.183672e-016  5.250785e-015
    outer loop
      vertex -1.776357e-015 -7.644722e+000  2.138264e+001
      vertex  0.000000e+000 -5.912257e+000  2.192497e+001
      vertex -1.776357e-015 -5.737222e+000  2.160728e+001
    endloop
  endfacet
  facet normal -1.000000e+000  0.000000e+000  -0.000000e+000
    outer loop
      vertex -1.776357e-015 -7.644722e+000  2.138264e+001
      vertex -1.776357e-015 -5.737222e+000  2.160728e+001
      vertex -1.776357e-015 -5.552567e+000  2.145283e+001
    endloop
  endfacet
  facet normal -1.000000e+000  0.000000e+000  -0.000000e+000
    outer loop
      vertex -1.776357e-015 -7.644722e+000  2.138264e+001
      vertex -1.776357e-015 -5.552567e+000  2.145283e+001
      vertex -1.776357e-015 -5.312220e+000  2.143931e+001
    endloop
  endfacet
  facet normal -9.999999e-001  1.193196e-016 -4.911188e-015
    outer loop
      vertex -1.776357e-015 -7.644722e+000  2.138264e+001
      vertex -1.776357e-015 -5.312220e+000  2.143931e+001
      vertex  0.000000e+000 -7.607366e+000  2.102185e+001
    endloop
  endfacet
  facet normal -1.000000e+000  0.000000e+000  0.000000e+000
    outer loop
      vertex  0.000000e+000 -4.449594e+000  3.232819e+000
      vertex  0.000000e+000 -5.500000e+000  0.000000e+000
      vertex  0.000000e+000 -2.402529e+001  3.104226e+000
    endloop
  endfacet
  facet normal -1.000000e+000  0.000000e+000  0.000000e+000
    outer loop
      vertex  0.000000e+000 -4.449594e+000  3.232819e+000
      vertex  0.000000e+000 -2.402529e+001  3.104226e+000
      vertex  0.000000e+000 -2.348691e+001  3.263867e+000
    endloop
  endfacet
  facet normal -1.000000e+000  0.000000e+000  0.000000e+000
    outer loop
      vertex  0.000000e+000 -4.449594e+000  3.232819e+000
      vertex  0.000000e+000 -2.348691e+001  3.263867e+000
      vertex  0.000000e+000 -2.244165e+001  3.468619e+000
    endloop
  endfacet
  facet normal -1.000000e+000 -6.432219e-016 -4.907918e-014
    outer loop
      vertex  0.000000e+000 -4.449594e+000  3.232819e+000
      vertex  0.000000e+000 -2.244165e+001  3.468619e+000
      vertex -1.776357e-015 -2.208030e+001  3.500077e+000
    endloop
  endfacet
  facet normal -1.000000e+000  9.774428e-017 -1.985217e-016
    outer loop
      vertex  0.000000e+000 -4.449594e+000  3.232819e+000
      vertex -1.776357e-015 -2.208030e+001  3.500077e+000
      vertex -1.776357e-015 -2.186433e+001  3.606412e+000
    endloop
  endfacet
  facet normal -1.000000e+000  1.008955e-016 -5.162786e-017
    outer loop
      vertex  0.000000e+000 -4.449594e+000  3.232819e+000
      vertex -1.776357e-015 -2.186433e+001  3.606412e+000
      vertex -1.776357e-015 -2.175467e+001  3.820713e+000
    endloop
  endfacet
  facet normal -1.000000e+000  4.825006e-016  1.118118e-014
    outer loop
      vertex  0.000000e+000 -4.449594e+000  3.232819e+000
      vertex -1.776357e-015 -2.175467e+001  3.820713e+000
      vertex  0.000000e+000 -2.172639e+001  3.978363e+000
    endloop
  endfacet
  facet normal -1.000000e+000  0.000000e+000  0.000000e+000
    outer loop
      vertex  0.000000e+000 -4.449594e+000  3.232819e+000
      vertex  0.000000e+000 -2.172639e+001  3.978363e+000
      vertex  0.000000e+000 -2.175473e+001  4.217419e+000
    endloop
  endfacet
  facet normal -1.000000e+000  0.000000e+000  0.000000e+000
    outer loop
      vertex  0.000000e+000 -4.449594e+000  3.232819e+000
      vertex  0.000000e+000 -2.175473e+001  4.217419e+000
      vertex  0.000000e+000 -2.192028e+001  4.392186e+000
    endloop
  endfacet
  facet normal -1.000000e+000  0.000000e+000  0.000000e+000
    outer loop
      vertex  0.000000e+000 -4.449594e+000  3.232819e+000
      vertex  0.000000e+000 -2.192028e+001  4.392186e+000
      vertex  0.000000e+000 -2.224817e+001  4.547271e+000
    endloop
  endfacet
  facet normal -1.000000e+000  0.000000e+000  0.000000e+000
    outer loop
      vertex  0.000000e+000 -4.449594e+000  3.232819e+000
      vertex  0.000000e+000 -2.224817e+001  4.547271e+000
      vertex  0.000000e+000 -2.315711e+001  5.102543e+000
    endloop
  endfacet
  facet normal -1.000000e+000  0.000000e+000  0.000000e+000
    outer loop
      vertex  0.000000e+000 -4.449594e+000  3.232819e+000
      vertex  0.000000e+000 -2.315711e+001  5.102543e+000
      vertex  0.000000e+000 -1.699593e+000  5.230811e+000
    endloop
  endfacet
  facet normal -9.999999e-001  0.000000e+000  0.000000e+000
    outer loop
      vertex  0.000000e+000 -5.500000e+000  0.000000e+000
      vertex  0.000000e+000 -2.422500e+001 -2.998269e-015
      vertex  0.000000e+000 -2.422500e+001  6.454617e-003
    endloop
  endfacet
  facet normal -1.000000e+000 -2.693254e-018 -7.813195e-015
    outer loop
      vertex  0.000000e+000 -5.500000e+000  0.000000e+000
      vertex  0.000000e+000 -2.422500e+001  6.454617e-003
      vertex -1.776357e-015 -2.371146e+001  2.336311e-001
    endloop
  endfacet
  facet normal -9.999999e-001  9.392474e-017 -2.818554e-016
    outer loop
      vertex  0.000000e+000 -5.500000e+000  0.000000e+000
      vertex -1.776357e-015 -2.371146e+001  2.336311e-001
      vertex -1.776357e-015 -2.270096e+001  5.703673e-001
    endloop
  endfacet
  facet normal -1.000000e+000  8.966067e-017 -4.104499e-016
    outer loop
      vertex  0.000000e+000 -5.500000e+000  0.000000e+000
      vertex -1.776357e-015 -2.270096e+001  5.703673e-001
      vertex -1.776357e-015 -2.234660e+001  6.477756e-001
    endloop
  endfacet
  facet normal -1.000000e+000  9.966634e-017 -1.502339e-016
    outer loop
      vertex  0.000000e+000 -5.500000e+000  0.000000e+000
      vertex -1.776357e-015 -2.234660e+001  6.477756e-001
      vertex -1.776357e-015 -2.214600e+001  7.808549e-001
    endloop
  endfacet
  facet normal -9.999999e-001  1.049460e-016 -3.768364e-017
    outer loop
      vertex  0.000000e+000 -5.500000e+000  0.000000e+000
      vertex -1.776357e-015 -2.214600e+001  7.808549e-001
      vertex -1.776357e-015 -2.206465e+001  1.007420e+000
    endloop
  endfacet
  facet normal -1.000000e+000  1.069173e-016 -5.269942e-018
    outer loop
      vertex  0.000000e+000 -5.500000e+000  0.000000e+000
      vertex -1.776357e-015 -2.206465e+001  1.007420e+000
      vertex -1.776357e-015 -2.205676e+001  1.167392e+000
    endloop
  endfacet
  facet normal -1.000000e+000  1.092245e-016  2.745137e-017
    outer loop
      vertex  0.000000e+000 -5.500000e+000  0.000000e+000
      vertex -1.776357e-015 -2.205676e+001  1.167392e+000
      vertex -1.776357e-015 -2.211544e+001  1.400860e+000
    endloop
  endfacet
  facet normal -1.000000e+000  1.192340e-016  1.461731e-016
    outer loop
      vertex  0.000000e+000 -5.500000e+000  0.000000e+000
      vertex -1.776357e-015 -2.211544e+001  1.400860e+000
      vertex -1.776357e-015 -2.230198e+001  1.553022e+000
    endloop
  endfacet
  facet normal -1.000000e+000  1.478736e-016  4.560220e-016
    outer loop
      vertex  0.000000e+000 -5.500000e+000  0.000000e+000
      vertex -1.776357e-015 -2.230198e+001  1.553022e+000
      vertex -1.776357e-015 -2.264701e+001  1.664905e+000
    endloop
  endfacet
  facet normal -9.999999e-001  1.323614e-016  2.962604e-016
    outer loop
      vertex  0.000000e+000 -5.500000e+000  0.000000e+000
      vertex -1.776357e-015 -2.264701e+001  1.664905e+000
      vertex -1.776357e-015 -2.361949e+001  2.099385e+000
    endloop
  endfacet
  facet normal -9.999999e-001  1.058983e-015  8.293803e-015
    outer loop
      vertex  0.000000e+000 -5.500000e+000  0.000000e+000
      vertex -1.776357e-015 -2.361949e+001  2.099385e+000
      vertex  0.000000e+000 -2.410820e+001  2.375964e+000
    endloop
  endfacet
  facet normal -9.999999e-001  0.000000e+000  0.000000e+000
    outer loop
      vertex  0.000000e+000 -5.500000e+000  0.000000e+000
      vertex  0.000000e+000 -2.410820e+001  2.375964e+000
      vertex  0.000000e+000 -2.402529e+001  3.104226e+000
    endloop
  endfacet
  facet normal -1.000000e+000  0.000000e+000  0.000000e+000
    outer loop
      vertex  0.000000e+000 -4.449594e+000 -3.232819e+000
      vertex  0.000000e+000 -2.402694e+001 -3.091423e+000
      vertex  0.000000e+000 -2.354667e+001 -2.800441e+000
    endloop
  endfacet
  facet normal -1.000000e+000 -8.294070e-017 -3.663290e-015
    outer loop
      vertex  0.000000e+000 -4.449594e+000 -3.232819e+000
      vertex  0.000000e+000 -2.354667e+001 -2.800441e+000
      vertex -1.776357e-015 -2.258752e+001 -2.337250e+000
    endloop
  endfacet
  facet normal -1.000000e+000  7.172649e-016  1.254324e-014
    outer loop
      vertex  0.000000e+000 -4.449594e+000 -3.232819e+000
      vertex -1.776357e-015 -2.258752e+001 -2.337250e+000
      vertex  0.000000e+000 -2.224597e+001 -2.215162e+000
    endloop
  endfacet
  facet normal -1.000000e+000  0.000000e+000  0.000000e+000
    outer loop
      vertex  0.000000e+000 -4.449594e+000 -3.232819e+000
      vertex  0.000000e+000 -2.224597e+001 -2.215162e+000
      vertex  0.000000e+000 -2.206404e+001 -2.057523e+000
    endloop
  endfacet
  facet normal -1.000000e+000  0.000000e+000  0.000000e+000
    outer loop
      vertex  0.000000e+000 -4.449594e+000 -3.232819e+000
      vertex  0.000000e+000 -2.206404e+001 -2.057523e+000
      vertex  0.000000e+000 -2.201232e+001 -1.822415e+000
    endloop
  endfacet
  facet normal -9.999999e-001 -8.991592e-016 -1.119658e-014
    outer loop
      vertex  0.000000e+000 -4.449594e+000 -3.232819e+000
      vertex  0.000000e+000 -2.201232e+001 -1.822415e+000
      vertex -1.776357e-015 -2.202496e+001 -1.662749e+000
    endloop
  endfacet
  facet normal -1.000000e+000  1.047484e-016  4.116692e-017
    outer loop
      vertex  0.000000e+000 -4.449594e+000 -3.232819e+000
      vertex -1.776357e-015 -2.202496e+001 -1.662749e+000
      vertex -1.776357e-015 -2.211301e+001 -1.438700e+000
    endloop
  endfacet
  facet normal -1.000000e+000  1.202166e-016  1.934537e-016
    outer loop
      vertex  0.000000e+000 -4.449594e+000 -3.232819e+000
      vertex -1.776357e-015 -2.211301e+001 -1.438700e+000
      vertex -1.776357e-015 -2.231747e+001 -1.311642e+000
    endloop
  endfacet
  facet normal -1.000000e+000  2.330815e-016  1.243152e-015
    outer loop
      vertex  0.000000e+000 -4.449594e+000 -3.232819e+000
      vertex -1.776357e-015 -2.231747e+001 -1.311642e+000
      vertex -1.776357e-015 -2.267398e+001 -1.244799e+000
    endloop
  endfacet
  facet normal -9.999999e-001  1.145299e-015  9.605553e-015
    outer loop
      vertex  0.000000e+000 -4.449594e+000 -3.232819e+000
      vertex -1.776357e-015 -2.267398e+001 -1.244799e+000
      vertex  0.000000e+000 -2.369404e+001 -9.382445e-001
    endloop
  endfacet
  facet normal -1.000000e+000  0.000000e+000  0.000000e+000
    outer loop
      vertex  0.000000e+000 -4.449594e+000 -3.232819e+000
      vertex  0.000000e+000 -2.369404e+001 -9.382445e-001
      vertex  0.000000e+000 -2.421411e+001 -7.264310e-001
    endloop
  endfacet
  facet normal -9.999999e-001  0.000000e+000  0.000000e+000
    outer loop
      vertex  0.000000e+000 -4.449594e+000 -3.232819e+000
      vertex  0.000000e+000 -2.421411e+001 -7.264310e-001
      vertex  0.000000e+000 -2.422500e+001 -2.998269e-015
    endloop
  endfacet
  facet normal -1.000000e+000  0.000000e+000  0.000000e+000
    outer loop
      vertex  0.000000e+000 -4.449594e+000 -3.232819e+000
      vertex  0.000000e+000 -2.422500e+001 -2.998269e-015
      vertex  0.000000e+000 -5.500000e+000  0.000000e+000
    endloop
  endfacet
  facet normal -1.000000e+000  0.000000e+000  0.000000e+000
    outer loop
      vertex  0.000000e+000 -7.394898e+000 -2.081295e+001
      vertex  0.000000e+000 -7.635412e+000 -2.080278e+001
      vertex  0.000000e+000 -9.710522e+000 -2.052717e+001
    endloop
  endfacet
  facet normal -1.000000e+000  0.000000e+000  0.000000e+000
    outer loop
      vertex  0.000000e+000 -7.394898e+000 -2.081295e+001
      vertex  0.000000e+000 -9.710522e+000 -2.052717e+001
      vertex  0.000000e+000 -9.637865e+000 -2.017180e+001
    endloop
  endfacet
  facet normal -1.000000e+000  0.000000e+000  0.000000e+000
    outer loop
      vertex  0.000000e+000 -7.394898e+000 -2.081295e+001
      vertex  0.000000e+000 -9.637865e+000 -2.017180e+001
      vertex  0.000000e+000 -9.678355e+000 -1.993451e+001
    endloop
  endfacet
  facet normal -1.000000e+000  0.000000e+000  0.000000e+000
    outer loop
      vertex  0.000000e+000 -7.394898e+000 -2.081295e+001
      vertex  0.000000e+000 -9.678355e+000 -1.993451e+001
      vertex  0.000000e+000 -9.852599e+000 -1.976840e+001
    endloop
  endfacet
  facet normal -1.000000e+000 -1.606277e-015 -9.329021e-015
    outer loop
      vertex  0.000000e+000 -9.995687e+000 -1.969644e+001
      vertex  0.000000e+000 -1.023293e+001 -1.965559e+001
      vertex -1.776357e-015 -1.225575e+001 -1.911689e+001
    endloop
  endfacet
  facet normal -9.999999e-001  1.942804e-015  4.511264e-015
    outer loop
      vertex  0.000000e+000 -9.995687e+000 -1.969644e+001
      vertex -1.776357e-015 -1.225575e+001 -1.911689e+001
      vertex  0.000000e+000 -1.213825e+001 -1.877373e+001
    endloop
  endfacet
  facet normal -1.000000e+000  0.000000e+000  0.000000e+000
    outer loop
      vertex  0.000000e+000 -9.995687e+000 -1.969644e+001
      vertex  0.000000e+000 -1.213825e+001 -1.877373e+001
      vertex  0.000000e+000 -1.214806e+001 -1.853320e+001
    endloop
  endfacet
  facet normal -1.000000e+000  0.000000e+000  0.000000e+000
    outer loop
      vertex  0.000000e+000 -9.995687e+000 -1.969644e+001
      vertex  0.000000e+000 -1.214806e+001 -1.853320e+001
      vertex  0.000000e+000 -1.229964e+001 -1.834618e+001
    endloop
  endfacet
  facet normal -1.000000e+000  0.000000e+000  0.000000e+000
    outer loop
      vertex  0.000000e+000 -1.243235e+001 -1.825651e+001
      vertex  0.000000e+000 -1.266241e+001 -1.818566e+001
      vertex  0.000000e+000 -1.459975e+001 -1.739271e+001
    endloop
  endfacet
  facet normal -1.000000e+000  0.000000e+000  0.000000e+000
    outer loop
      vertex  0.000000e+000 -1.243235e+001 -1.825651e+001
      vertex  0.000000e+000 -1.459975e+001 -1.739271e+001
      vertex  0.000000e+000 -1.443933e+001 -1.706739e+001
    endloop
  endfacet
  facet normal -1.000000e+000  0.000000e+000  0.000000e+000
    outer loop
      vertex  0.000000e+000 -1.243235e+001 -1.825651e+001
      vertex  0.000000e+000 -1.443933e+001 -1.706739e+001
      vertex  0.000000e+000 -1.441830e+001 -1.682759e+001
    endloop
  endfacet
  facet normal -1.000000e+000  0.000000e+000  0.000000e+000
    outer loop
      vertex  0.000000e+000 -1.243235e+001 -1.825651e+001
      vertex  0.000000e+000 -1.441830e+001 -1.682759e+001
      vertex  0.000000e+000 -1.454471e+001 -1.662272e+001
    endloop
  endfacet
  facet normal -1.000000e+000  0.000000e+000  0.000000e+000
    outer loop
      vertex  0.000000e+000 -1.466487e+001 -1.651681e+001
      vertex  0.000000e+000 -1.488399e+001 -1.641712e+001
      vertex  0.000000e+000 -1.670402e+001 -1.538294e+001
    endloop
  endfacet
  facet normal -1.000000e+000  0.000000e+000  0.000000e+000
    outer loop
      vertex  0.000000e+000 -1.466487e+001 -1.651681e+001
      vertex  0.000000e+000 -1.670402e+001 -1.538294e+001
      vertex  0.000000e+000 -1.650331e+001 -1.508081e+001
    endloop
  endfacet
  facet normal -1.000000e+000  0.000000e+000  0.000000e+000
    outer loop
      vertex  0.000000e+000 -1.466487e+001 -1.651681e+001
      vertex  0.000000e+000 -1.650331e+001 -1.508081e+001
      vertex  0.000000e+000 -1.645179e+001 -1.484566e+001
    endloop
  endfacet
  facet normal -1.000000e+000  0.000000e+000  0.000000e+000
    outer loop
      vertex  0.000000e+000 -1.466487e+001 -1.651681e+001
      vertex  0.000000e+000 -1.645179e+001 -1.484566e+001
      vertex  0.000000e+000 -1.655097e+001 -1.462631e+001
    endloop
  endfacet
  facet normal -1.000000e+000  4.989773e-015  8.044465e-015
    outer loop
      vertex -1.776357e-015 -1.665659e+001 -1.450591e+001
      vertex -1.776357e-015 -1.686117e+001 -1.437902e+001
      vertex  0.000000e+000 -1.853400e+001 -1.312058e+001
    endloop
  endfacet
  facet normal -9.999999e-001 -3.493739e-015 -3.452489e-015
    outer loop
      vertex -1.776357e-015 -1.665659e+001 -1.450591e+001
      vertex  0.000000e+000 -1.853400e+001 -1.312058e+001
      vertex -1.776357e-015 -1.829631e+001 -1.284660e+001
    endloop
  endfacet
  facet normal -1.000000e+000  0.000000e+000  0.000000e+000
    outer loop
      vertex -1.776357e-015 -1.665659e+001 -1.450591e+001
      vertex -1.776357e-015 -1.829631e+001 -1.284660e+001
      vertex -1.776357e-015 -1.821514e+001 -1.261997e+001
    endloop
  endfacet
  facet normal -1.000000e+000  0.000000e+000  0.000000e+000
    outer loop
      vertex -1.776357e-015 -1.665659e+001 -1.450591e+001
      vertex -1.776357e-015 -1.821514e+001 -1.261997e+001
      vertex -1.776357e-015 -1.828546e+001 -1.238974e+001
    endloop
  endfacet
  facet normal -1.000000e+000 -6.790700e-016 -1.574309e-014
    outer loop
      vertex  0.000000e+000 -1.856148e+001 -1.210481e+001
      vertex  0.000000e+000 -1.880199e+001 -1.209443e+001
      vertex -1.776357e-015 -2.111086e+001 -1.188201e+001
    endloop
  endfacet
  facet normal -1.000000e+000  6.540954e-016 -4.884168e-016
    outer loop
      vertex  0.000000e+000 -1.856148e+001 -1.210481e+001
      vertex -1.776357e-015 -2.111086e+001 -1.188201e+001
      vertex -1.776357e-015 -2.077489e+001 -1.143206e+001
    endloop
  endfacet
  facet normal -1.000000e+000  1.165575e-015  1.194399e-015
    outer loop
      vertex  0.000000e+000 -1.856148e+001 -1.210481e+001
      vertex -1.776357e-015 -2.077489e+001 -1.143206e+001
      vertex  0.000000e+000 -2.005966e+001 -1.064279e+001
    endloop
  endfacet
  facet normal -1.000000e+000  0.000000e+000  0.000000e+000
    outer loop
      vertex  0.000000e+000 -1.837482e+001 -1.225682e+001
      vertex  0.000000e+000 -1.856148e+001 -1.210481e+001
      vertex  0.000000e+000 -2.005966e+001 -1.064279e+001
    endloop
  endfacet
  facet normal -1.000000e+000 -3.398414e-015 -3.547511e-015
    outer loop
      vertex  0.000000e+000 -1.837482e+001 -1.225682e+001
      vertex  0.000000e+000 -2.005966e+001 -1.064279e+001
      vertex -1.776357e-015 -1.978889e+001 -1.040145e+001
    endloop
  endfacet
  facet normal -1.000000e+000  7.522049e-016 -3.841228e-016
    outer loop
      vertex  0.000000e+000 -1.837482e+001 -1.225682e+001
      vertex -1.776357e-015 -1.978889e+001 -1.040145e+001
      vertex -1.776357e-015 -1.967940e+001 -1.018706e+001
    endloop
  endfacet
  facet normal -1.000000e+000  1.863616e-015  3.164076e-016
    outer loop
      vertex  0.000000e+000 -1.837482e+001 -1.225682e+001
      vertex -1.776357e-015 -1.967940e+001 -1.018706e+001
      vertex -1.776357e-015 -1.971970e+001 -9.949725e+000
    endloop
  endfacet
  facet normal -1.000000e+000 -2.686757e-015 -1.552735e-014
    outer loop
      vertex  0.000000e+000 -1.995702e+001 -9.631839e+000
      vertex  0.000000e+000 -2.019423e+001 -9.590795e+000
      vertex -1.776357e-015 -2.245698e+001 -9.084860e+000
    endloop
  endfacet
  facet normal -1.000000e+000  5.862679e-016 -5.680509e-016
    outer loop
      vertex  0.000000e+000 -1.995702e+001 -9.631839e+000
      vertex -1.776357e-015 -2.245698e+001 -9.084860e+000
      vertex -1.776357e-015 -2.206622e+001 -8.681572e+000
    endloop
  endfacet
  facet normal -1.000000e+000  1.308742e-015  1.035545e-015
    outer loop
      vertex  0.000000e+000 -1.995702e+001 -9.631839e+000
      vertex -1.776357e-015 -2.206622e+001 -8.681572e+000
      vertex  0.000000e+000 -2.125594e+001 -7.990239e+000
    endloop
  endfacet
  facet normal -1.000000e+000  0.000000e+000  0.000000e+000
    outer loop
      vertex  0.000000e+000 -1.979133e+001 -9.806470e+000
      vertex  0.000000e+000 -1.995702e+001 -9.631839e+000
      vertex  0.000000e+000 -2.125594e+001 -7.990239e+000
    endloop
  endfacet
  facet normal -1.000000e+000 -3.824140e-015 -3.083795e-015
    outer loop
      vertex  0.000000e+000 -1.979133e+001 -9.806470e+000
      vertex  0.000000e+000 -2.125594e+001 -7.990239e+000
      vertex -1.776357e-015 -2.095653e+001 -7.785507e+000
    endloop
  endfacet
  facet normal -1.000000e+000  6.969123e-016 -4.771570e-016
    outer loop
      vertex  0.000000e+000 -1.979133e+001 -9.806470e+000
      vertex -1.776357e-015 -2.095653e+001 -7.785507e+000
      vertex -1.776357e-015 -2.082053e+001 -7.586875e+000
    endloop
  endfacet
  facet normal -9.999999e-001  1.888786e-015  7.550050e-017
    outer loop
      vertex  0.000000e+000 -1.979133e+001 -9.806470e+000
      vertex -1.776357e-015 -2.082053e+001 -7.586875e+000
      vertex -1.776357e-015 -2.083014e+001 -7.346340e+000
    endloop
  endfacet
  facet normal -1.000000e+000 -3.864479e-015 -3.599820e-014
    outer loop
      vertex  0.000000e+000  2.362871e+001  5.341770e+000
      vertex  0.000000e+000  2.165519e+001  5.553632e+000
      vertex -1.776357e-015  2.307775e+001  5.450263e+000
    endloop
  endfacet
  facet normal -1.000000e+000 -4.576802e-015 -4.580116e-014
    outer loop
      vertex -1.776357e-015  2.307775e+001  5.450263e+000
      vertex  0.000000e+000  2.165519e+001  5.553632e+000
      vertex -1.776357e-015  2.201790e+001  5.556171e+000
    endloop
  endfacet
  facet normal -1.000000e+000  2.055168e-015 -1.645958e-015
    outer loop
      vertex  0.000000e+000 -6.193175e+000 -2.341998e+001
      vertex -1.776357e-015 -6.898869e+000 -2.322189e+001
      vertex  0.000000e+000 -5.842144e+000 -2.298167e+001
    endloop
  endfacet
  facet normal -1.000000e+000  1.633225e-015  2.101693e-016
    outer loop
      vertex  0.000000e+000 -5.842144e+000 -2.298167e+001
      vertex -1.776357e-015 -6.898869e+000 -2.322189e+001
      vertex -1.776357e-015 -6.970539e+000 -2.266494e+001
    endloop
  endfacet
  facet normal -1.000000e+000  1.329495e-015 -8.719041e-016
    outer loop
      vertex  0.000000e+000 -5.842144e+000 -2.298167e+001
      vertex -1.776357e-015 -6.970539e+000 -2.266494e+001
      vertex  0.000000e+000 -5.258024e+000 -2.209100e+001
    endloop
  endfacet
  facet normal -1.000000e+000  3.479960e-015 -7.288390e-015
    outer loop
      vertex  0.000000e+000 -5.258024e+000 -2.209100e+001
      vertex -1.776357e-015 -6.970539e+000 -2.266494e+001
      vertex -1.776357e-015 -5.092509e+000 -2.176824e+001
    endloop
  endfacet
  facet normal -1.000000e+000 -6.884464e-015  7.584335e-015
    outer loop
      vertex -1.776357e-015  2.299291e+001  7.627370e+000
      vertex -1.776357e-015  2.257712e+001  7.249947e+000
      vertex  0.000000e+000  2.141229e+001  6.426822e+000
    endloop
  endfacet
  facet normal -1.000000e+000  8.000328e-015 -1.347956e-014
    outer loop
      vertex  0.000000e+000  2.141229e+001  6.426822e+000
      vertex -1.776357e-015  2.257712e+001  7.249947e+000
      vertex  0.000000e+000  2.172421e+001  6.611949e+000
    endloop
  endfacet
  facet normal -1.000000e+000 -1.839518e-015 -4.351633e-016
    outer loop
      vertex -1.776357e-015  1.904170e+001  1.119273e+001
      vertex  0.000000e+000  1.755177e+001  1.340891e+001
      vertex -1.776357e-015  1.898628e+001  1.142699e+001
    endloop
  endfacet
  facet normal -9.999999e-001  1.320014e-015  1.851704e-015
    outer loop
      vertex -1.776357e-015  1.898628e+001  1.142699e+001
      vertex  0.000000e+000  1.755177e+001  1.340891e+001
      vertex  0.000000e+000  1.774779e+001  1.326918e+001
    endloop
  endfacet
  facet normal -9.999999e-001 -8.729716e-016  3.773709e-016
    outer loop
      vertex -1.776357e-015  1.898628e+001  1.142699e+001
      vertex  0.000000e+000  1.774779e+001  1.326918e+001
      vertex -1.776357e-015  1.908180e+001  1.164796e+001
    endloop
  endfacet
  facet normal -9.999999e-001  1.768784e-015  6.668352e-016
    outer loop
      vertex  0.000000e+000  1.745407e+001  1.353583e+001
      vertex -1.776357e-015  1.569298e+001  1.554330e+001
      vertex  0.000000e+000  1.736915e+001  1.376109e+001
    endloop
  endfacet
  facet normal -1.000000e+000 -1.072410e-015 -2.005324e-015
    outer loop
      vertex  0.000000e+000  1.736915e+001  1.376109e+001
      vertex -1.776357e-015  1.569298e+001  1.554330e+001
      vertex -1.776357e-015  1.590526e+001  1.542977e+001
    endloop
  endfacet
  facet normal -1.000000e+000  9.140562e-016 -2.626445e-016
    outer loop
      vertex  0.000000e+000  1.736915e+001  1.376109e+001
      vertex -1.776357e-015  1.590526e+001  1.542977e+001
      vertex  0.000000e+000  1.743563e+001  1.399245e+001
    endloop
  endfacet
  facet normal -1.000000e+000  0.000000e+000  0.000000e+000
    outer loop
      vertex  0.000000e+000  1.557985e+001  1.565668e+001
      vertex  0.000000e+000  1.357650e+001  1.742246e+001
      vertex  0.000000e+000  1.546683e+001  1.586923e+001
    endloop
  endfacet
  facet normal -1.000000e+000  0.000000e+000  0.000000e+000
    outer loop
      vertex  0.000000e+000  1.546683e+001  1.586923e+001
      vertex  0.000000e+000  1.357650e+001  1.742246e+001
      vertex  0.000000e+000  1.380156e+001  1.733701e+001
    endloop
  endfacet
  facet normal -1.000000e+000  0.000000e+000  0.000000e+000
    outer loop
      vertex  0.000000e+000  1.546683e+001  1.586923e+001
      vertex  0.000000e+000  1.380156e+001  1.733701e+001
      vertex  0.000000e+000  1.550317e+001  1.610719e+001
    endloop
  endfacet
  facet normal -1.000000e+000  0.000000e+000  0.000000e+000
    outer loop
      vertex  0.000000e+000  1.344981e+001  1.752045e+001
      vertex  0.000000e+000  1.123711e+001  1.901555e+001
      vertex  0.000000e+000  1.331053e+001  1.771679e+001
    endloop
  endfacet
  facet normal -1.000000e+000  0.000000e+000  0.000000e+000
    outer loop
      vertex  0.000000e+000  1.331053e+001  1.771679e+001
      vertex  0.000000e+000  1.123711e+001  1.901555e+001
      vertex  0.000000e+000  1.147124e+001  1.895958e+001
    endloop
  endfacet
  facet normal -1.000000e+000  0.000000e+000  0.000000e+000
    outer loop
      vertex  0.000000e+000  1.331053e+001  1.771679e+001
      vertex  0.000000e+000  1.147124e+001  1.895958e+001
      vertex  0.000000e+000  1.331615e+001  1.795746e+001
    endloop
  endfacet
  facet normal -1.000000e+000 -1.389269e-015 -1.281859e-015
    outer loop
      vertex -1.776357e-015  1.109892e+001  1.909653e+001
      vertex  0.000000e+000  8.713195e+000  2.029640e+001
      vertex -1.776357e-015  1.093568e+001  1.927345e+001
    endloop
  endfacet
  facet normal -1.000000e+000  2.414910e-016  2.261183e-015
    outer loop
      vertex -1.776357e-015  1.093568e+001  1.927345e+001
      vertex  0.000000e+000  8.713195e+000  2.029640e+001
      vertex  0.000000e+000  8.952563e+000  2.027083e+001
    endloop
  endfacet
  facet normal -9.999999e-001 -9.458191e-016 -9.957260e-017
    outer loop
      vertex -1.776357e-015  1.093568e+001  1.927345e+001
      vertex  0.000000e+000  8.952563e+000  2.027083e+001
      vertex -1.776357e-015  1.091047e+001  1.951286e+001
    endloop
  endfacet
  facet normal -1.000000e+000  7.763309e-016  4.847480e-015
    outer loop
      vertex -1.776357e-015  3.416272e+000 -2.244968e+001
      vertex -1.776357e-015  1.349279e+000 -2.211865e+001
      vertex  0.000000e+000  3.448572e+000 -2.208840e+001
    endloop
  endfacet
  facet normal -1.000000e+000  8.007189e-016  3.154707e-015
    outer loop
      vertex  0.000000e+000  3.448572e+000 -2.208840e+001
      vertex -1.776357e-015  1.349279e+000 -2.211865e+001
      vertex -1.776357e-015  1.115949e+000 -2.205942e+001
    endloop
  endfacet
  facet normal -1.000000e+000  7.568709e-016 -3.748452e-016
    outer loop
      vertex  0.000000e+000  3.448572e+000 -2.208840e+001
      vertex -1.776357e-015  1.115949e+000 -2.205942e+001
      vertex  0.000000e+000  3.555410e+000 -2.187268e+001
    endloop
  endfacet
  facet normal -1.000000e+000 -3.967699e-016 -5.272156e-015
    outer loop
      vertex -1.776357e-015  1.501006e+000 -2.230554e+001
      vertex -1.776357e-015  3.416272e+000 -2.244968e+001
      vertex  0.000000e+000  1.612083e+000 -2.265083e+001
    endloop
  endfacet
  facet normal -1.000000e+000 -1.006835e-015  1.996640e-016
    outer loop
      vertex  0.000000e+000  1.612083e+000 -2.265083e+001
      vertex -1.776357e-015  3.416272e+000 -2.244968e+001
      vertex -1.776357e-015  3.209082e+000 -2.349446e+001
    endloop
  endfacet
  facet normal -1.000000e+000 -1.453118e-015 -6.451551e-016
    outer loop
      vertex  0.000000e+000  1.612083e+000 -2.265083e+001
      vertex -1.776357e-015  3.209082e+000 -2.349446e+001
      vertex  0.000000e+000  2.044295e+000 -2.362432e+001
    endloop
  endfacet
  facet normal -1.000000e+000  3.808201e-016 -3.415667e-015
    outer loop
      vertex  0.000000e+000  3.048186e+000 -2.403246e+001
      vertex  0.000000e+000  2.319733e+000 -2.411368e+001
      vertex -1.776357e-015  3.209082e+000 -2.349446e+001
    endloop
  endfacet
  facet normal -1.000000e+000 -1.434996e-015 -8.077045e-016
    outer loop
      vertex -1.776357e-015  3.209082e+000 -2.349446e+001
      vertex  0.000000e+000  2.319733e+000 -2.411368e+001
      vertex  0.000000e+000  2.044295e+000 -2.362432e+001
    endloop
  endfacet
  facet normal -1.000000e+000  8.771638e-016  9.216879e-016
    outer loop
      vertex -1.776357e-015  4.166671e+000 -2.176451e+001
      vertex  0.000000e+000  6.259025e+000 -2.182850e+001
      vertex -1.776357e-015  4.341052e+000 -2.193047e+001
    endloop
  endfacet
  facet normal -1.000000e+000  8.403208e-016  1.614708e-015
    outer loop
      vertex -1.776357e-015  4.341052e+000 -2.193047e+001
      vertex  0.000000e+000  6.259025e+000 -2.182850e+001
      vertex -1.776357e-015  6.187141e+000 -2.289120e+001
    endloop
  endfacet
  facet normal -1.000000e+000 -3.728503e-015 -7.164460e-015
    outer loop
      vertex -1.776357e-015  4.341052e+000 -2.193047e+001
      vertex -1.776357e-015  6.187141e+000 -2.289120e+001
      vertex  0.000000e+000  4.495372e+000 -2.225872e+001
    endloop
  endfacet
  facet normal -1.000000e+000 -4.145895e-016  1.699595e-015
    outer loop
      vertex  0.000000e+000  4.495372e+000 -2.225872e+001
      vertex -1.776357e-015  6.187141e+000 -2.289120e+001
      vertex -1.776357e-015  5.048522e+000 -2.316895e+001
    endloop
  endfacet
  facet normal -1.000000e+000  3.412886e-015 -3.764568e-015
    outer loop
      vertex  0.000000e+000  6.096364e+000 -2.344536e+001
      vertex -1.776357e-015  5.384277e+000 -2.361906e+001
      vertex -1.776357e-015  6.187141e+000 -2.289120e+001
    endloop
  endfacet
  facet normal -1.000000e+000  0.000000e+000  0.000000e+000
    outer loop
      vertex -1.776357e-015  6.187141e+000 -2.289120e+001
      vertex -1.776357e-015  5.384277e+000 -2.361906e+001
      vertex -1.776357e-015  5.048522e+000 -2.316895e+001
    endloop
  endfacet
  facet normal -1.000000e+000  0.000000e+000  0.000000e+000
    outer loop
      vertex  0.000000e+000  1.202966e+001 -1.861028e+001
      vertex  0.000000e+000  1.399311e+001 -1.788440e+001
      vertex  0.000000e+000  1.225357e+001 -1.869866e+001
    endloop
  endfacet
  facet normal -1.000000e+000  0.000000e+000  0.000000e+000
    outer loop
      vertex  0.000000e+000  1.225357e+001 -1.869866e+001
      vertex  0.000000e+000  1.399311e+001 -1.788440e+001
      vertex  0.000000e+000  1.432528e+001 -1.889641e+001
    endloop
  endfacet
  facet normal -9.999999e-001  -0.000000e+000  0.000000e+000
    outer loop
      vertex  0.000000e+000  1.225357e+001 -1.869866e+001
      vertex  0.000000e+000  1.432528e+001 -1.889641e+001
      vertex  0.000000e+000  1.251980e+001 -1.894501e+001
    endloop
  endfacet
  facet normal -1.000000e+000  0.000000e+000  0.000000e+000
    outer loop
      vertex  0.000000e+000  1.251980e+001 -1.894501e+001
      vertex  0.000000e+000  1.432528e+001 -1.889641e+001
      vertex  0.000000e+000  1.337410e+001 -1.958115e+001
    endloop
  endfacet
  facet normal -1.000000e+000  0.000000e+000  0.000000e+000
    outer loop
      vertex  0.000000e+000  1.337410e+001 -1.958115e+001
      vertex  0.000000e+000  1.432528e+001 -1.889641e+001
      vertex  0.000000e+000  1.444909e+001 -1.944413e+001
    endloop
  endfacet
  facet normal -1.000000e+000  0.000000e+000  0.000000e+000
    outer loop
      vertex  0.000000e+000  1.337410e+001 -1.958115e+001
      vertex  0.000000e+000  1.444909e+001 -1.944413e+001
      vertex  0.000000e+000  1.385423e+001 -1.987236e+001
    endloop
  endfacet
  facet normal -1.000000e+000  7.974365e-016  4.139096e-016
    outer loop
      vertex  0.000000e+000  1.890863e+001 -1.514313e+001
      vertex -1.776357e-015  1.659582e+001 -1.497895e+001
      vertex  0.000000e+000  1.864993e+001 -1.464473e+001
    endloop
  endfacet
  facet normal -1.000000e+000  3.672215e-016  3.058007e-015
    outer loop
      vertex  0.000000e+000  1.864993e+001 -1.464473e+001
      vertex -1.776357e-015  1.659582e+001 -1.497895e+001
      vertex -1.776357e-015  1.635681e+001 -1.495024e+001
    endloop
  endfacet
  facet normal -1.000000e+000  9.568215e-016 -1.367352e-015
    outer loop
      vertex  0.000000e+000  1.864993e+001 -1.464473e+001
      vertex -1.776357e-015  1.635681e+001 -1.495024e+001
      vertex -1.776357e-015  1.807193e+001 -1.375007e+001
    endloop
  endfacet
  facet normal -1.000000e+000  7.498000e-016  2.524026e-015
    outer loop
      vertex -1.776357e-015  1.844184e+001 -1.570825e+001
      vertex -1.776357e-015  1.790355e+001 -1.554834e+001
      vertex  0.000000e+000  1.890863e+001 -1.514313e+001
    endloop
  endfacet
  facet normal -1.000000e+000  8.841556e-016  2.190769e-015
    outer loop
      vertex  0.000000e+000  1.890863e+001 -1.514313e+001
      vertex -1.776357e-015  1.790355e+001 -1.554834e+001
      vertex -1.776357e-015  1.691583e+001 -1.514971e+001
    endloop
  endfacet
  facet normal -1.000000e+000  8.859072e-016  1.660148e-015
    outer loop
      vertex  0.000000e+000  1.890863e+001 -1.514313e+001
      vertex -1.776357e-015  1.691583e+001 -1.514971e+001
      vertex -1.776357e-015  1.659582e+001 -1.497895e+001
    endloop
  endfacet
  facet normal -1.000000e+000  0.000000e+000  0.000000e+000
    outer loop
      vertex -1.776357e-015  2.242988e+001 -7.693405e+000
      vertex -1.776357e-015  2.136475e+001 -7.694570e+000
      vertex -1.776357e-015  2.298884e+001 -7.639622e+000
    endloop
  endfacet
  facet normal -1.000000e+000 -1.192416e-015  3.524448e-014
    outer loop
      vertex -1.776357e-015  2.298884e+001 -7.639622e+000
      vertex -1.776357e-015  2.136475e+001 -7.694570e+000
      vertex  0.000000e+000  2.100405e+001 -7.656372e+000
    endloop
  endfacet
  facet normal -1.000000e+000 -9.188785e-016  2.831347e-015
    outer loop
      vertex -1.776357e-015  2.298884e+001 -7.639622e+000
      vertex  0.000000e+000  2.100405e+001 -7.656372e+000
      vertex  0.000000e+000  2.320944e+001 -6.940640e+000
    endloop
  endfacet
  facet normal -1.000000e+000 -1.000517e-015  6.448492e-017
    outer loop
      vertex -1.776357e-015  1.117459e+001  2.091450e+001
      vertex  0.000000e+000  9.383946e+000  2.067850e+001
      vertex -1.776357e-015  1.121071e+001  2.147488e+001
    endloop
  endfacet
  facet normal -1.000000e+000 -1.691427e-015  1.649321e-015
    outer loop
      vertex -1.776357e-015  1.121071e+001  2.147488e+001
      vertex  0.000000e+000  9.383946e+000  2.067850e+001
      vertex  0.000000e+000  1.012755e+001  2.144110e+001
    endloop
  endfacet
  facet normal -1.000000e+000 -1.702630e-015  2.008468e-015
    outer loop
      vertex -1.776357e-015  1.121071e+001  2.147488e+001
      vertex  0.000000e+000  1.012755e+001  2.144110e+001
      vertex  0.000000e+000  1.055590e+001  2.180421e+001
    endloop
  endfacet
  facet normal -1.000000e+000  9.840566e-016 -1.918987e-016
    outer loop
      vertex  0.000000e+000  1.375734e+001  1.931382e+001
      vertex -1.776357e-015  1.195121e+001  1.930874e+001
      vertex  0.000000e+000  1.386482e+001  1.986498e+001
    endloop
  endfacet
  facet normal -1.000000e+000  2.328933e-016  2.392303e-015
    outer loop
      vertex  0.000000e+000  1.386482e+001  1.986498e+001
      vertex -1.776357e-015  1.195121e+001  1.930874e+001
      vertex  0.000000e+000  1.278623e+001  1.996998e+001
    endloop
  endfacet
  facet normal -1.000000e+000  0.000000e+000  0.000000e+000
    outer loop
      vertex  0.000000e+000  1.386482e+001  1.986498e+001
      vertex  0.000000e+000  1.278623e+001  1.996998e+001
      vertex  0.000000e+000  1.325749e+001  2.027534e+001
    endloop
  endfacet
  facet normal -1.000000e+000  0.000000e+000  0.000000e+000
    outer loop
      vertex  0.000000e+000  1.611419e+001  1.739600e+001
      vertex  0.000000e+000  1.432224e+001  1.762193e+001
      vertex  0.000000e+000  1.629127e+001  1.792889e+001
    endloop
  endfacet
  facet normal -1.000000e+000  6.808486e-016 -4.367306e-015
    outer loop
      vertex  0.000000e+000  1.629127e+001  1.792889e+001
      vertex  0.000000e+000  1.432224e+001  1.762193e+001
      vertex -1.776357e-015  1.523496e+001  1.817096e+001
    endloop
  endfacet
  facet normal -1.000000e+000  2.272516e-015  2.578274e-015
    outer loop
      vertex  0.000000e+000  1.629127e+001  1.792889e+001
      vertex -1.776357e-015  1.523496e+001  1.817096e+001
      vertex  0.000000e+000  1.574140e+001  1.841355e+001
    endloop
  endfacet
  facet normal -1.000000e+000  -0.000000e+000  0.000000e+000
    outer loop
      vertex  0.000000e+000  1.403308e+001  1.740295e+001
      vertex  0.000000e+000  1.611419e+001  1.739600e+001
      vertex  0.000000e+000  1.380156e+001  1.733701e+001
    endloop
  endfacet
  facet normal -1.000000e+000  0.000000e+000  0.000000e+000
    outer loop
      vertex  0.000000e+000  1.380156e+001  1.733701e+001
      vertex  0.000000e+000  1.611419e+001  1.739600e+001
      vertex  0.000000e+000  1.568411e+001  1.642156e+001
    endloop
  endfacet
  facet normal -1.000000e+000  -0.000000e+000  0.000000e+000
    outer loop
      vertex  0.000000e+000  1.380156e+001  1.733701e+001
      vertex  0.000000e+000  1.568411e+001  1.642156e+001
      vertex  0.000000e+000  1.550317e+001  1.610719e+001
    endloop
  endfacet
  facet normal -9.999999e-001  8.714869e-016  7.645353e-016
    outer loop
      vertex  0.000000e+000  1.845021e+001  1.569842e+001
      vertex -1.776357e-015  1.645810e+001  1.564577e+001
      vertex  0.000000e+000  1.796684e+001  1.624941e+001
    endloop
  endfacet
  facet normal -1.000000e+000  1.341828e-014 -3.059485e-014
    outer loop
      vertex  0.000000e+000  1.796684e+001  1.624941e+001
      vertex -1.776357e-015  1.645810e+001  1.564577e+001
      vertex -1.776357e-015  1.743353e+001  1.607357e+001
    endloop
  endfacet
  facet normal -1.000000e+000 -1.000548e-015 -6.398945e-017
    outer loop
      vertex -1.776357e-015  8.408365e+000  2.217177e+001
      vertex  0.000000e+000  6.662596e+000  2.170872e+001
      vertex -1.776357e-015  8.372525e+000  2.273217e+001
    endloop
  endfacet
  facet normal -1.000000e+000  3.815446e-016 -2.373137e-015
    outer loop
      vertex -1.776357e-015  8.372525e+000  2.273217e+001
      vertex  0.000000e+000  6.662596e+000  2.170872e+001
      vertex -1.776357e-015  7.302581e+000  2.256015e+001
    endloop
  endfacet
  facet normal -1.000000e+000 -8.065993e-016  5.016899e-015
    outer loop
      vertex -1.776357e-015  8.372525e+000  2.273217e+001
      vertex -1.776357e-015  7.302581e+000  2.256015e+001
      vertex  0.000000e+000  7.680974e+000  2.297506e+001
    endloop
  endfacet
  facet normal -1.000000e+000  -0.000000e+000  0.000000e+000
    outer loop
      vertex  0.000000e+000  4.679927e+000  2.376865e+001
      vertex  0.000000e+000  5.396862e+000  2.361619e+001
      vertex  0.000000e+000  4.357699e+000  2.330876e+001
    endloop
  endfacet
  facet normal -1.000000e+000  0.000000e+000  0.000000e+000
    outer loop
      vertex  0.000000e+000  4.357699e+000  2.330876e+001
      vertex  0.000000e+000  5.396862e+000  2.361619e+001
      vertex  0.000000e+000  5.504069e+000  2.306498e+001
    endloop
  endfacet
  facet normal -9.999999e-001  3.638942e-016  1.711163e-015
    outer loop
      vertex  0.000000e+000  4.357699e+000  2.330876e+001
      vertex  0.000000e+000  5.504069e+000  2.306498e+001
      vertex -1.776357e-015  3.831846e+000  2.238249e+001
    endloop
  endfacet
  facet normal -1.000000e+000  3.638937e-016  1.711165e-015
    outer loop
      vertex -1.776357e-015  3.831846e+000  2.238249e+001
      vertex  0.000000e+000  5.504069e+000  2.306498e+001
      vertex -1.776357e-015  5.607506e+000  2.200488e+001
    endloop
  endfacet
  facet normal -1.000000e+000  0.000000e+000  0.000000e+000
    outer loop
      vertex -1.776357e-015  3.831846e+000  2.238249e+001
      vertex -1.776357e-015  5.607506e+000  2.200488e+001
      vertex -1.776357e-015  3.687349e+000  2.204980e+001
    endloop
  endfacet
  facet normal -1.000000e+000  0.000000e+000  0.000000e+000
    outer loop
      vertex -1.776357e-015  5.604121e+000  2.164218e+001
      vertex -1.776357e-015  3.517978e+000  2.187873e+001
      vertex -1.776357e-015  5.607506e+000  2.200488e+001
    endloop
  endfacet
  facet normal -1.000000e+000  -0.000000e+000  0.000000e+000
    outer loop
      vertex -1.776357e-015  5.607506e+000  2.200488e+001
      vertex -1.776357e-015  3.517978e+000  2.187873e+001
      vertex -1.776357e-015  3.687349e+000  2.204980e+001
    endloop
  endfacet
  facet normal -1.000000e+000 -2.052778e-015  4.648226e-015
    outer loop
      vertex  0.000000e+000  1.602037e+000  2.417197e+001
      vertex -1.776357e-015  2.332582e+000  2.411244e+001
      vertex -1.776357e-015  1.341265e+000  2.367465e+001
    endloop
  endfacet
  facet normal -1.000000e+000  0.000000e+000  0.000000e+000
    outer loop
      vertex -1.776357e-015  1.341265e+000  2.367465e+001
      vertex -1.776357e-015  2.332582e+000  2.411244e+001
      vertex -1.776357e-015  2.509398e+000  2.357946e+001
    endloop
  endfacet
  facet normal -1.000000e+000 -1.420856e-016 -1.743651e-015
    outer loop
      vertex -1.776357e-015  1.341265e+000  2.367465e+001
      vertex -1.776357e-015  2.509398e+000  2.357946e+001
      vertex  0.000000e+000  9.381769e-001  2.268874e+001
    endloop
  endfacet
  facet normal -1.000000e+000 -1.000456e-015 -2.294991e-016
    outer loop
      vertex  0.000000e+000  9.381769e-001  2.268874e+001
      vertex -1.776357e-015  2.509398e+000  2.357946e+001
      vertex -1.776357e-015  2.747547e+000  2.254129e+001
    endloop
  endfacet
  facet normal -1.000000e+000 -9.591514e-016  2.773791e-016
    outer loop
      vertex  0.000000e+000  9.381769e-001  2.268874e+001
      vertex -1.776357e-015  2.747547e+000  2.254129e+001
      vertex  0.000000e+000  8.374107e-001  2.234030e+001
    endloop
  endfacet
  facet normal -1.000000e+000 -9.184189e-016 -1.097124e-016
    outer loop
      vertex  0.000000e+000  8.374107e-001  2.234030e+001
      vertex -1.776357e-015  2.747547e+000  2.254129e+001
      vertex -1.776357e-015  2.790570e+000  2.218114e+001
    endloop
  endfacet
  facet normal -1.000000e+000 -8.561974e-016  6.538550e-016
    outer loop
      vertex  0.000000e+000  8.374107e-001  2.234030e+001
      vertex -1.776357e-015  2.790570e+000  2.218114e+001
      vertex  0.000000e+000  6.913058e-001  2.214898e+001
    endloop
  endfacet
  facet normal -1.000000e+000 -7.453957e-016 -3.971747e-016
    outer loop
      vertex -1.776357e-015  2.903773e+000  2.196869e+001
      vertex  0.000000e+000  4.598378e-001  2.208285e+001
      vertex -1.776357e-015  2.790570e+000  2.218114e+001
    endloop
  endfacet
  facet normal -1.000000e+000 -8.941237e-016  3.129536e-015
    outer loop
      vertex -1.776357e-015  2.790570e+000  2.218114e+001
      vertex  0.000000e+000  4.598378e-001  2.208285e+001
      vertex  0.000000e+000  6.913058e-001  2.214898e+001
    endloop
  endfacet
  facet normal -1.000000e+000 -1.487844e-016 -2.357765e-015
    outer loop
      vertex -1.776357e-015 -2.082786e+001  9.047605e+000
      vertex  0.000000e+000 -2.271707e+001  8.413414e+000
      vertex -1.776357e-015 -2.189087e+001  9.114685e+000
    endloop
  endfacet
  facet normal -1.000000e+000  8.374183e-017 -2.631712e-015
    outer loop
      vertex -1.776357e-015 -2.189087e+001  9.114685e+000
      vertex  0.000000e+000 -2.271707e+001  8.413414e+000
      vertex -1.776357e-015 -2.245214e+001  9.096826e+000
    endloop
  endfacet
  facet normal -9.999999e-001 -1.695627e-015 -1.753137e-014
    outer loop
      vertex -1.776357e-015 -2.054559e+001  1.183920e+001
      vertex  0.000000e+000 -1.949988e+001  1.163673e+001
      vertex -1.776357e-015 -2.110453e+001  1.189326e+001
    endloop
  endfacet
  facet normal -1.000000e+000  6.127354e-016 -3.091839e-015
    outer loop
      vertex -1.776357e-015 -2.110453e+001  1.189326e+001
      vertex  0.000000e+000 -1.949988e+001  1.163673e+001
      vertex  0.000000e+000 -2.145468e+001  1.124933e+001
    endloop
  endfacet
  facet normal -1.000000e+000 -5.865459e-016 -2.566881e-015
    outer loop
      vertex -1.776357e-015 -1.941038e+001  1.449440e+001
      vertex -1.776357e-015 -1.886295e+001  1.436931e+001
      vertex  0.000000e+000 -1.984000e+001  1.390054e+001
    endloop
  endfacet
  facet normal -1.000000e+000 -7.419774e-016 -2.242916e-015
    outer loop
      vertex  0.000000e+000 -1.984000e+001  1.390054e+001
      vertex -1.776357e-015 -1.886295e+001  1.436931e+001
      vertex -1.776357e-015 -1.785172e+001  1.403478e+001
    endloop
  endfacet
  facet normal -1.000000e+000 -7.777215e-016 -1.713508e-015
    outer loop
      vertex  0.000000e+000 -1.984000e+001  1.390054e+001
      vertex -1.776357e-015 -1.785172e+001  1.403478e+001
      vertex -1.776357e-015 -1.752143e+001  1.388487e+001
    endloop
  endfacet
  facet normal -1.000000e+000 -9.099752e-016 -2.470799e-015
    outer loop
      vertex -1.776357e-015 -1.739752e+001  1.685755e+001
      vertex -1.776357e-015 -1.687058e+001  1.666348e+001
      vertex  0.000000e+000 -1.789955e+001  1.632350e+001
    endloop
  endfacet
  facet normal -9.999999e-001 -2.686326e-016 -4.411885e-015
    outer loop
      vertex  0.000000e+000 -1.789955e+001  1.632350e+001
      vertex -1.776357e-015 -1.687058e+001  1.666348e+001
      vertex  0.000000e+000 -1.591043e+001  1.620238e+001
    endloop
  endfacet
  facet normal -9.999999e-001  2.162407e-016  3.551428e-015
    outer loop
      vertex  0.000000e+000 -1.789955e+001  1.632350e+001
      vertex  0.000000e+000 -1.591043e+001  1.620238e+001
      vertex -1.776357e-015 -1.767332e+001  1.580954e+001
    endloop
  endfacet
  facet normal -1.000000e+000  7.409227e-016  1.196894e-015
    outer loop
      vertex -1.776357e-015 -1.767332e+001  1.580954e+001
      vertex  0.000000e+000 -1.591043e+001  1.620238e+001
      vertex  0.000000e+000 -1.560202e+001  1.601147e+001
    endloop
  endfacet
  facet normal -1.000000e+000 -2.450726e-016  2.684822e-015
    outer loop
      vertex -1.776357e-015 -1.370789e+001  1.810394e+001
      vertex -1.776357e-015 -1.550654e+001  1.793976e+001
      vertex  0.000000e+000 -1.460119e+001  1.868403e+001
    endloop
  endfacet
  facet normal -1.000000e+000 -6.029230e-016  3.120120e-015
    outer loop
      vertex  0.000000e+000 -1.460119e+001  1.868403e+001
      vertex -1.776357e-015 -1.550654e+001  1.793976e+001
      vertex  0.000000e+000 -1.566519e+001  1.847843e+001
    endloop
  endfacet
  facet normal -1.000000e+000  0.000000e+000  0.000000e+000
    outer loop
      vertex  0.000000e+000 -1.460119e+001  1.868403e+001
      vertex  0.000000e+000 -1.566519e+001  1.847843e+001
      vertex  0.000000e+000 -1.509899e+001  1.894389e+001
    endloop
  endfacet
  facet normal -1.000000e+000  8.082277e-016 -1.472754e-015
    outer loop
      vertex -1.776357e-015 -1.550654e+001  1.793976e+001
      vertex  0.000000e+000 -1.342642e+001  1.787516e+001
      vertex  0.000000e+000 -1.511022e+001  1.695111e+001
    endloop
  endfacet
  facet normal -1.000000e+000  0.000000e+000  0.000000e+000
    outer loop
      vertex  0.000000e+000 -1.511022e+001  1.695111e+001
      vertex  0.000000e+000 -1.342642e+001  1.787516e+001
      vertex  0.000000e+000 -1.319731e+001  1.780129e+001
    endloop
  endfacet
  facet normal -1.000000e+000  0.000000e+000  0.000000e+000
    outer loop
      vertex  0.000000e+000 -1.511022e+001  1.695111e+001
      vertex  0.000000e+000 -1.319731e+001  1.780129e+001
      vertex  0.000000e+000 -1.494020e+001  1.663071e+001
    endloop
  endfacet
  facet normal -1.000000e+000 -9.290245e-016  1.482372e-015
    outer loop
      vertex -1.776357e-015 -1.128026e+001  1.970824e+001
      vertex  0.000000e+000 -1.308515e+001  1.977541e+001
      vertex  0.000000e+000 -1.209206e+001  2.039779e+001
    endloop
  endfacet
  facet normal -9.999999e-001  0.000000e+000  0.000000e+000
    outer loop
      vertex  0.000000e+000 -1.209206e+001  2.039779e+001
      vertex  0.000000e+000 -1.308515e+001  1.977541e+001
      vertex  0.000000e+000 -1.317361e+001  2.032994e+001
    endloop
  endfacet
  facet normal -1.000000e+000  0.000000e+000  0.000000e+000
    outer loop
      vertex  0.000000e+000 -1.209206e+001  2.039779e+001
      vertex  0.000000e+000 -1.317361e+001  2.032994e+001
      vertex  0.000000e+000 -1.255254e+001  2.071918e+001
    endloop
  endfacet
  facet normal -1.000000e+000  1.175797e-015  1.070176e-015
    outer loop
      vertex  0.000000e+000 -8.667419e+000  2.098892e+001
      vertex -1.776357e-015 -1.044890e+001  2.128634e+001
      vertex  0.000000e+000 -9.384369e+000  2.177663e+001
    endloop
  endfacet
  facet normal -1.000000e+000  2.082284e-016  3.171004e-015
    outer loop
      vertex  0.000000e+000 -9.384369e+000  2.177663e+001
      vertex -1.776357e-015 -1.044890e+001  2.128634e+001
      vertex  0.000000e+000 -1.046572e+001  2.184764e+001
    endloop
  endfacet
  facet normal -1.000000e+000  0.000000e+000  0.000000e+000
    outer loop
      vertex  0.000000e+000 -9.384369e+000  2.177663e+001
      vertex  0.000000e+000 -1.046572e+001  2.184764e+001
      vertex  0.000000e+000 -9.799973e+000  2.215426e+001
    endloop
  endfacet
  facet normal -1.000000e+000  5.226306e-016 -1.669542e-015
    outer loop
      vertex  0.000000e+000 -5.912257e+000  2.192497e+001
      vertex -1.776357e-015 -7.641073e+000  2.244776e+001
      vertex -1.776357e-015 -6.522590e+000  2.279789e+001
    endloop
  endfacet
  facet normal -1.000000e+000 -1.026728e-015  3.279881e-015
    outer loop
      vertex -1.776357e-015 -6.522590e+000  2.279789e+001
      vertex -1.776357e-015 -7.641073e+000  2.244776e+001
      vertex  0.000000e+000 -7.585987e+000  2.300660e+001
    endloop
  endfacet
  facet normal -1.000000e+000 -2.005344e-015 -1.706312e-015
    outer loop
      vertex -1.776357e-015 -6.522590e+000  2.279789e+001
      vertex  0.000000e+000 -7.585987e+000  2.300660e+001
      vertex -1.776357e-015 -6.886493e+000  2.322556e+001
    endloop
  endfacet
  facet normal -1.000000e+000 -2.565799e-015  5.912526e-016
    outer loop
      vertex  0.000000e+000 -4.581688e+000  2.378779e+001
      vertex -1.776357e-015 -3.859936e+000  2.391551e+001
      vertex  0.000000e+000 -4.707784e+000  2.324058e+001
    endloop
  endfacet
  facet normal -1.000000e+000 -1.380296e-015 -8.979867e-016
    outer loop
      vertex  0.000000e+000 -4.707784e+000  2.324058e+001
      vertex -1.776357e-015 -3.859936e+000  2.391551e+001
      vertex -1.776357e-015 -3.553710e+000  2.344481e+001
    endloop
  endfacet
  facet normal -1.000000e+000 -1.880986e-015  1.931380e-015
    outer loop
      vertex  0.000000e+000 -4.707784e+000  2.324058e+001
      vertex -1.776357e-015 -3.553710e+000  2.344481e+001
      vertex -1.776357e-015 -4.847608e+000  2.218467e+001
    endloop
  endfacet
  facet normal -1.000000e+000  1.214367e-015 -1.246901e-015
    outer loop
      vertex -1.776357e-015 -4.847608e+000  2.218467e+001
      vertex -1.776357e-015 -3.553710e+000  2.344481e+001
      vertex  0.000000e+000 -3.060015e+000  2.250101e+001
    endloop
  endfacet
  facet normal -1.000000e+000  5.816874e-017  5.286741e-015
    outer loop
      vertex -1.776357e-015 -4.847608e+000  2.218467e+001
      vertex  0.000000e+000 -3.060015e+000  2.250101e+001
      vertex -1.776357e-015 -2.927043e+000  2.216354e+001
    endloop
  endfacet
  facet normal -1.000000e+000 -5.388641e-017 -4.897537e-015
    outer loop
      vertex -1.776357e-015 -4.847608e+000  2.218467e+001
      vertex -1.776357e-015 -2.927043e+000  2.216354e+001
      vertex  0.000000e+000 -4.856696e+000  2.182207e+001
    endloop
  endfacet
  facet normal -1.000000e+000 -7.911640e-016 -7.312002e-016
    outer loop
      vertex  0.000000e+000 -4.856696e+000  2.182207e+001
      vertex -1.776357e-015 -2.927043e+000  2.216354e+001
      vertex -1.776357e-015 -2.763654e+000  2.198675e+001
    endloop
  endfacet
  facet normal -1.000000e+000 -5.969413e-016 -3.199659e-015
    outer loop
      vertex  0.000000e+000 -4.856696e+000  2.182207e+001
      vertex -1.776357e-015 -2.763654e+000  2.198675e+001
      vertex -1.776357e-015 -2.527009e+000  2.194260e+001
    endloop
  endfacet
  facet normal -1.000000e+000  0.000000e+000  0.000000e+000
    outer loop
      vertex  0.000000e+000 -1.502158e+000  2.417838e+001
      vertex  0.000000e+000 -7.699981e-001  2.421276e+001
      vertex  0.000000e+000 -1.697194e+000  2.365180e+001
    endloop
  endfacet
  facet normal -1.000000e+000  0.000000e+000  0.000000e+000
    outer loop
      vertex  0.000000e+000 -1.697194e+000  2.365180e+001
      vertex  0.000000e+000 -7.699981e-001  2.421276e+001
      vertex  0.000000e+000 -5.264786e-001  2.370676e+001
    endloop
  endfacet
  facet normal -1.000000e+000 -8.204936e-017  1.747501e-015
    outer loop
      vertex  0.000000e+000 -1.697194e+000  2.365180e+001
      vertex  0.000000e+000 -5.264786e-001  2.370676e+001
      vertex -1.776357e-015 -1.970897e+000  2.262243e+001
    endloop
  endfacet
  facet normal -1.000000e+000  9.628943e-016  3.555507e-016
    outer loop
      vertex -1.776357e-015 -1.970897e+000  2.262243e+001
      vertex  0.000000e+000 -5.264786e-001  2.370676e+001
      vertex  0.000000e+000 -1.575273e-001  2.270758e+001
    endloop
  endfacet
  facet normal -1.000000e+000  9.867473e-016 -1.524489e-016
    outer loop
      vertex -1.776357e-015 -1.970897e+000  2.262243e+001
      vertex  0.000000e+000 -1.575273e-001  2.270758e+001
      vertex -1.776357e-015 -2.026278e+000  2.226397e+001
    endloop
  endfacet
  facet normal -9.999999e-001 -2.343789e-016  4.991674e-015
    outer loop
      vertex -1.776357e-015 -2.026278e+000  2.226397e+001
      vertex  0.000000e+000 -1.575273e-001  2.270758e+001
      vertex -1.776357e-015 -6.880098e-002  2.235588e+001
    endloop
  endfacet
  facet normal -1.000000e+000  -0.000000e+000  0.000000e+000
    outer loop
      vertex  0.000000e+000 -2.402694e+001 -3.091423e+000
      vertex  0.000000e+000 -4.449594e+000 -3.232819e+000
      vertex  0.000000e+000 -2.392241e+001 -3.816898e+000
    endloop
  endfacet
  facet normal -1.000000e+000  0.000000e+000  0.000000e+000
    outer loop
      vertex  0.000000e+000 -2.392241e+001 -3.816898e+000
      vertex  0.000000e+000 -4.449594e+000 -3.232819e+000
      vertex  0.000000e+000 -1.699593e+000 -5.230811e+000
    endloop
  endfacet
  facet normal -1.000000e+000  0.000000e+000  0.000000e+000
    outer loop
      vertex  0.000000e+000 -2.392241e+001 -3.816898e+000
      vertex  0.000000e+000 -1.699593e+000 -5.230811e+000
      vertex  0.000000e+000 -2.337953e+001 -3.960468e+000
    endloop
  endfacet
  facet normal -1.000000e+000  0.000000e+000  0.000000e+000
    outer loop
      vertex  0.000000e+000 -2.337953e+001 -3.960468e+000
      vertex  0.000000e+000 -1.699593e+000 -5.230811e+000
      vertex  0.000000e+000 -2.196652e+001 -4.154768e+000
    endloop
  endfacet
  facet normal -1.000000e+000  0.000000e+000  0.000000e+000
    outer loop
      vertex  0.000000e+000 -2.337953e+001 -3.960468e+000
      vertex  0.000000e+000 -2.196652e+001 -4.154768e+000
      vertex  0.000000e+000 -2.232865e+001 -4.134064e+000
    endloop
  endfacet
  facet normal -1.000000e+000 -5.088141e-016  6.383572e-016
    outer loop
      vertex  0.000000e+000 -2.299524e+001 -5.788530e+000
      vertex -1.776357e-015 -2.102487e+001 -7.000714e+000
      vertex  0.000000e+000 -2.343435e+001 -6.138538e+000
    endloop
  endfacet
  facet normal -1.000000e+000  4.650128e-015  1.505585e-014
    outer loop
      vertex  0.000000e+000 -2.343435e+001 -6.138538e+000
      vertex -1.776357e-015 -2.102487e+001 -7.000714e+000
      vertex -1.776357e-015 -2.125488e+001 -6.929674e+000
    endloop
  endfacet
  facet normal -1.000000e+000 -9.065814e-016 -2.521929e-016
    outer loop
      vertex  0.000000e+000 -2.343435e+001 -6.138538e+000
      vertex -1.776357e-015 -2.125488e+001 -6.929674e+000
      vertex  0.000000e+000 -2.323792e+001 -6.844692e+000
    endloop
  endfacet
  facet normal -1.000000e+000  2.191236e-016  2.601584e-014
    outer loop
      vertex  0.000000e+000 -2.323792e+001 -6.844692e+000
      vertex -1.776357e-015 -2.125488e+001 -6.929674e+000
      vertex -1.776357e-015 -2.268114e+001 -6.917661e+000
    endloop
  endfacet
  facet normal -1.000000e+000  2.173548e-016 -2.538937e-015
    outer loop
      vertex -1.776357e-015 -2.245698e+001 -9.084860e+000
      vertex  0.000000e+000 -2.019423e+001 -9.590795e+000
      vertex  0.000000e+000 -2.217185e+001 -9.760097e+000
    endloop
  endfacet
  facet normal -1.000000e+000  0.000000e+000  0.000000e+000
    outer loop
      vertex  0.000000e+000 -2.217185e+001 -9.760097e+000
      vertex  0.000000e+000 -2.019423e+001 -9.590795e+000
      vertex  0.000000e+000 -2.054976e+001 -9.662622e+000
    endloop
  endfacet
  facet normal -1.000000e+000 -3.057332e-015  5.087790e-014
    outer loop
      vertex  0.000000e+000 -2.217185e+001 -9.760097e+000
      vertex  0.000000e+000 -2.054976e+001 -9.662622e+000
      vertex -1.776357e-015 -2.161031e+001 -9.761267e+000
    endloop
  endfacet
  facet normal -1.000000e+000  5.402423e-016 -2.490302e-015
    outer loop
      vertex -1.776357e-015 -2.111086e+001 -1.188201e+001
      vertex  0.000000e+000 -1.880199e+001 -1.209443e+001
      vertex  0.000000e+000 -2.074173e+001 -1.251524e+001
    endloop
  endfacet
  facet normal -1.000000e+000 -9.131773e-015  4.209383e-014
    outer loop
      vertex  0.000000e+000 -2.074173e+001 -1.251524e+001
      vertex  0.000000e+000 -1.880199e+001 -1.209443e+001
      vertex -1.776357e-015 -1.914542e+001 -1.221114e+001
    endloop
  endfacet
  facet normal -1.000000e+000 -7.322482e-015  3.259638e-014
    outer loop
      vertex  0.000000e+000 -2.074173e+001 -1.251524e+001
      vertex -1.776357e-015 -1.914542e+001 -1.221114e+001
      vertex -1.776357e-015 -2.018465e+001 -1.244459e+001
    endloop
  endfacet
  facet normal -1.000000e+000  0.000000e+000  0.000000e+000
    outer loop
      vertex -1.776357e-015 -1.710102e+001 -1.439948e+001
      vertex -1.776357e-015 -1.941810e+001 -1.448405e+001
      vertex -1.776357e-015 -1.686117e+001 -1.437902e+001
    endloop
  endfacet
  facet normal -9.999999e-001  -0.000000e+000  0.000000e+000
    outer loop
      vertex -1.776357e-015 -1.686117e+001 -1.437902e+001
      vertex -1.776357e-015 -1.941810e+001 -1.448405e+001
      vertex -1.776357e-015 -1.914242e+001 -1.399484e+001
    endloop
  endfacet
  facet normal -1.000000e+000  3.062814e-016  1.818701e-015
    outer loop
      vertex -1.776357e-015 -1.686117e+001 -1.437902e+001
      vertex -1.776357e-015 -1.914242e+001 -1.399484e+001
      vertex  0.000000e+000 -1.853400e+001 -1.312058e+001
    endloop
  endfacet
  facet normal -1.000000e+000  0.000000e+000  0.000000e+000
    outer loop
      vertex  0.000000e+000 -1.842755e+001 -1.492358e+001
      vertex  0.000000e+000 -1.897103e+001 -1.506488e+001
      vertex  0.000000e+000 -1.742671e+001 -1.455915e+001
    endloop
  endfacet
  facet normal -1.000000e+000  7.999111e-016 -2.442605e-015
    outer loop
      vertex  0.000000e+000 -1.742671e+001 -1.455915e+001
      vertex  0.000000e+000 -1.897103e+001 -1.506488e+001
      vertex -1.776357e-015 -1.941810e+001 -1.448405e+001
    endloop
  endfacet
  facet normal -9.999999e-001  4.387390e-016 -1.202075e-014
    outer loop
      vertex  0.000000e+000 -1.742671e+001 -1.455915e+001
      vertex -1.776357e-015 -1.941810e+001 -1.448405e+001
      vertex -1.776357e-015 -1.710102e+001 -1.439948e+001
    endloop
  endfacet
  facet normal -1.000000e+000  7.565925e-016 -3.065305e-016
    outer loop
      vertex -1.776357e-015 -1.719564e+001 -1.632782e+001
      vertex  0.000000e+000 -1.488399e+001 -1.641712e+001
      vertex -1.776357e-015 -1.740650e+001 -1.684827e+001
    endloop
  endfacet
  facet normal -1.000000e+000  3.336057e-015 -1.539818e-014
    outer loop
      vertex -1.776357e-015 -1.740650e+001 -1.684827e+001
      vertex  0.000000e+000 -1.488399e+001 -1.641712e+001
      vertex  0.000000e+000 -1.511926e+001 -1.646810e+001
    endloop
  endfacet
  facet normal -9.999999e-001  1.037566e-015 -1.569826e-015
    outer loop
      vertex -1.776357e-015 -1.740650e+001 -1.684827e+001
      vertex  0.000000e+000 -1.511926e+001 -1.646810e+001
      vertex  0.000000e+000 -1.542185e+001 -1.666809e+001
    endloop
  endfacet
  facet normal -1.000000e+000 -2.192661e-014  4.601218e-014
    outer loop
      vertex -1.776357e-015 -1.636788e+001 -1.715752e+001
      vertex  0.000000e+000 -1.688882e+001 -1.736716e+001
      vertex  0.000000e+000 -1.542185e+001 -1.666809e+001
    endloop
  endfacet
  facet normal -1.000000e+000  1.105694e-015 -2.320259e-015
    outer loop
      vertex  0.000000e+000 -1.542185e+001 -1.666809e+001
      vertex  0.000000e+000 -1.688882e+001 -1.736716e+001
      vertex -1.776357e-015 -1.740650e+001 -1.684827e+001
    endloop
  endfacet
  facet normal -1.000000e+000  6.321714e-016  1.544513e-015
    outer loop
      vertex  0.000000e+000 -1.459975e+001 -1.739271e+001
      vertex  0.000000e+000 -1.266241e+001 -1.818566e+001
      vertex -1.776357e-015 -1.496651e+001 -1.839270e+001
    endloop
  endfacet
  facet normal -1.000000e+000  1.031718e-015 -2.902016e-015
    outer loop
      vertex -1.776357e-015 -1.496651e+001 -1.839270e+001
      vertex  0.000000e+000 -1.266241e+001 -1.818566e+001
      vertex  0.000000e+000 -1.288924e+001 -1.826630e+001
    endloop
  endfacet
  facet normal -1.000000e+000  9.199669e-016 -1.065446e-015
    outer loop
      vertex -1.776357e-015 -1.496651e+001 -1.839270e+001
      vertex  0.000000e+000 -1.288924e+001 -1.826630e+001
      vertex  0.000000e+000 -1.316377e+001 -1.850335e+001
    endloop
  endfacet
  facet normal -1.000000e+000  9.697400e-016 -2.545515e-016
    outer loop
      vertex -1.776357e-015 -1.496651e+001 -1.839270e+001
      vertex  0.000000e+000 -1.316377e+001 -1.850335e+001
      vertex -1.776357e-015 -1.510909e+001 -1.893584e+001
    endloop
  endfacet
  facet normal -1.000000e+000  1.344954e-015 -1.942236e-015
    outer loop
      vertex -1.776357e-015 -1.510909e+001 -1.893584e+001
      vertex  0.000000e+000 -1.316377e+001 -1.850335e+001
      vertex  0.000000e+000 -1.403944e+001 -1.910973e+001
    endloop
  endfacet
  facet normal -1.000000e+000  1.287296e-015 -2.296903e-015
    outer loop
      vertex -1.776357e-015 -1.510909e+001 -1.893584e+001
      vertex  0.000000e+000 -1.403944e+001 -1.910973e+001
      vertex  0.000000e+000 -1.452930e+001 -1.938427e+001
    endloop
  endfacet
  facet normal -1.000000e+000  8.280746e-016 -1.880502e-016
    outer loop
      vertex -1.776357e-015 -1.225575e+001 -1.911689e+001
      vertex  0.000000e+000 -1.023293e+001 -1.965559e+001
      vertex -1.776357e-015 -1.249163e+001 -2.015557e+001
    endloop
  endfacet
  facet normal -1.000000e+000  1.394371e-015 -2.746352e-015
    outer loop
      vertex -1.776357e-015 -1.249163e+001 -2.015557e+001
      vertex  0.000000e+000 -1.023293e+001 -1.965559e+001
      vertex  0.000000e+000 -1.044757e+001 -1.976457e+001
    endloop
  endfacet
  facet normal -1.000000e+000  1.048659e-015 -9.390450e-016
    outer loop
      vertex -1.776357e-015 -1.249163e+001 -2.015557e+001
      vertex  0.000000e+000 -1.044757e+001 -1.976457e+001
      vertex  0.000000e+000 -1.068954e+001 -2.003479e+001
    endloop
  endfacet
  facet normal -9.999999e-001  9.943298e-016 -1.284561e-016
    outer loop
      vertex -1.776357e-015 -1.249163e+001 -2.015557e+001
      vertex  0.000000e+000 -1.068954e+001 -2.003479e+001
      vertex -1.776357e-015 -1.256358e+001 -2.071249e+001
    endloop
  endfacet
  facet normal -1.000000e+000  7.913995e-017  2.402310e-015
    outer loop
      vertex -1.776357e-015 -1.256358e+001 -2.071249e+001
      vertex  0.000000e+000 -1.068954e+001 -2.003479e+001
      vertex -1.776357e-015 -1.148048e+001 -2.074817e+001
    endloop
  endfacet
  facet normal -9.999999e-001 -1.673047e-016 -5.078569e-015
    outer loop
      vertex -1.776357e-015 -1.256358e+001 -2.071249e+001
      vertex -1.776357e-015 -1.148048e+001 -2.074817e+001
      vertex  0.000000e+000 -1.193121e+001 -2.108309e+001
    endloop
  endfacet
  facet normal -9.999999e-001  2.197231e-016  1.654352e-015
    outer loop
      vertex  0.000000e+000 -9.710522e+000 -2.052717e+001
      vertex  0.000000e+000 -7.635412e+000 -2.080278e+001
      vertex -1.776357e-015 -9.811639e+000 -2.158749e+001
    endloop
  endfacet
  facet normal -1.000000e+000  1.734083e-015 -2.545394e-015
    outer loop
      vertex -1.776357e-015 -9.811639e+000 -2.158749e+001
      vertex  0.000000e+000 -7.635412e+000 -2.080278e+001
      vertex  0.000000e+000 -7.834361e+000 -2.093831e+001
    endloop
  endfacet
  facet normal -1.000000e+000 -1.359248e-015  6.876363e-015
    outer loop
      vertex -1.776357e-015 -9.811639e+000 -2.158749e+001
      vertex  0.000000e+000 -7.834361e+000 -2.093831e+001
      vertex -1.776357e-015 -8.039789e+000 -2.123725e+001
    endloop
  endfacet
  facet normal -9.999999e-001  0.000000e+000  0.000000e+000
    outer loop
      vertex -1.776357e-015 -9.811639e+000 -2.158749e+001
      vertex -1.776357e-015 -8.039789e+000 -2.123725e+001
      vertex -1.776357e-015 -9.811778e+000 -2.214903e+001
    endloop
  endfacet
  facet normal -1.000000e+000  2.022339e-015 -3.930271e-015
    outer loop
      vertex -1.776357e-015 -9.811778e+000 -2.214903e+001
      vertex -1.776357e-015 -8.039789e+000 -2.123725e+001
      vertex  0.000000e+000 -8.733010e+000 -2.204592e+001
    endloop
  endfacet
  facet normal -1.000000e+000  1.827817e-015 -1.895254e-015
    outer loop
      vertex -1.776357e-015 -9.811778e+000 -2.214903e+001
      vertex  0.000000e+000 -8.733010e+000 -2.204592e+001
      vertex  0.000000e+000 -9.137209e+000 -2.243573e+001
    endloop
  endfacet
  facet normal -1.000000e+000 -8.449557e-016  9.513034e-016
    outer loop
      vertex -1.776357e-015 -4.912526e+000 -2.160838e+001
      vertex -1.776357e-015 -5.092509e+000 -2.176824e+001
      vertex  0.000000e+000 -7.005842e+000 -2.160040e+001
    endloop
  endfacet
  facet normal -1.000000e+000 -7.843073e-016  1.642644e-015
    outer loop
      vertex  0.000000e+000 -7.005842e+000 -2.160040e+001
      vertex -1.776357e-015 -5.092509e+000 -2.176824e+001
      vertex -1.776357e-015 -6.970539e+000 -2.266494e+001
    endloop
  endfacet
  facet normal -1.000000e+000 -1.324417e-015  4.768982e-016
    outer loop
      vertex -1.776357e-015 -2.389922e+000 -2.258201e+001
      vertex  0.000000e+000 -4.014983e+000 -2.337023e+001
      vertex -1.776357e-015 -2.267038e+000 -2.224074e+001
    endloop
  endfacet
  facet normal -1.000000e+000  6.839991e-017 -1.678560e-015
    outer loop
      vertex -1.776357e-015 -2.267038e+000 -2.224074e+001
      vertex  0.000000e+000 -4.014983e+000 -2.337023e+001
      vertex -1.776357e-015 -4.186127e+000 -2.231894e+001
    endloop
  endfacet
  facet normal -1.000000e+000  0.000000e+000  0.000000e+000
    outer loop
      vertex -1.776357e-015 -2.267038e+000 -2.224074e+001
      vertex -1.776357e-015 -4.186127e+000 -2.231894e+001
      vertex -1.776357e-015 -2.108975e+000 -2.205918e+001
    endloop
  endfacet
  facet normal -9.999999e-001  0.000000e+000  0.000000e+000
    outer loop
      vertex  0.000000e+000 -3.147449e+000 -2.401966e+001
      vertex  0.000000e+000 -3.872679e+000 -2.391345e+001
      vertex  0.000000e+000 -2.855349e+000 -2.354007e+001
    endloop
  endfacet
  facet normal -1.000000e+000  -0.000000e+000  0.000000e+000
    outer loop
      vertex  0.000000e+000 -2.855349e+000 -2.354007e+001
      vertex  0.000000e+000 -3.872679e+000 -2.391345e+001
      vertex  0.000000e+000 -4.014983e+000 -2.337023e+001
    endloop
  endfacet
  facet normal -1.000000e+000 -2.535110e-016 -1.730964e-015
    outer loop
      vertex  0.000000e+000 -2.855349e+000 -2.354007e+001
      vertex  0.000000e+000 -4.014983e+000 -2.337023e+001
      vertex -1.776357e-015 -2.389922e+000 -2.258201e+001
    endloop
  endfacet
  facet normal  1.000000e+000  0.000000e+000  0.000000e+000
    outer loop
      vertex  6.000000e+000 -1.873747e+000 -2.200801e+001
      vertex  6.000000e+000 -4.305345e+000 -2.173750e+001
      vertex  6.000000e+000 -4.205987e+000 -2.195677e+001
    endloop
  endfacet
  facet normal  1.000000e+000  0.000000e+000  0.000000e+000
    outer loop
      vertex  6.000000e+000 -1.873747e+000 -2.200801e+001
      vertex  6.000000e+000 -4.515996e+000 -2.162090e+001
      vertex  6.000000e+000 -4.305345e+000 -2.173750e+001
    endloop
  endfacet
  facet normal  1.000000e+000  0.000000e+000  0.000000e+000
    outer loop
      vertex  6.000000e+000  1.550317e+001  1.610719e+001
      vertex  6.000000e+000  1.380156e+001  1.733701e+001
      vertex  6.000000e+000  1.546683e+001  1.586923e+001
    endloop
  endfacet
  facet normal  1.000000e+000  0.000000e+000  0.000000e+000
    outer loop
      vertex  6.000000e+000  1.550317e+001  1.610719e+001
      vertex  6.000000e+000  1.568411e+001  1.642156e+001
      vertex  6.000000e+000  1.380156e+001  1.733701e+001
    endloop
  endfacet
  facet normal  1.000000e+000  0.000000e+000  0.000000e+000
    outer loop
      vertex  6.000000e+000  1.331615e+001  1.795746e+001
      vertex  6.000000e+000  1.147124e+001  1.895958e+001
      vertex  6.000000e+000  1.331053e+001  1.771679e+001
    endloop
  endfacet
  facet normal  1.000000e+000  0.000000e+000  0.000000e+000
    outer loop
      vertex  6.000000e+000  1.331615e+001  1.795746e+001
      vertex  6.000000e+000  1.345540e+001  1.829238e+001
      vertex  6.000000e+000  1.147124e+001  1.895958e+001
    endloop
  endfacet
  facet normal  9.999999e-001  -0.000000e+000  0.000000e+000
    outer loop
      vertex  6.000000e+000 -2.526992e+000  2.194247e+001
      vertex  6.000000e+000 -4.949493e+000  2.159994e+001
      vertex  6.000000e+000 -5.156615e+000  2.147726e+001
    endloop
  endfacet
  facet normal  1.000000e+000  0.000000e+000  -0.000000e+000
    outer loop
      vertex  6.000000e+000 -2.117866e+001  7.159229e+000
      vertex  6.000000e+000 -2.103682e+001  6.964727e+000
      vertex  6.000000e+000 -2.047035e+001  8.986376e+000
    endloop
  endfacet
  facet normal  1.000000e+000  0.000000e+000  0.000000e+000
    outer loop
      vertex  6.000000e+000 -2.148402e+001  7.354971e+000
      vertex  6.000000e+000 -2.271707e+001  8.413414e+000
      vertex  6.000000e+000 -2.231450e+001  8.021917e+000
    endloop
  endfacet
  facet normal  1.000000e+000  0.000000e+000  -0.000000e+000
    outer loop
      vertex  6.000000e+000 -2.008928e+001  9.808719e+000
      vertex  6.000000e+000 -1.997347e+001  9.597675e+000
      vertex  6.000000e+000 -1.915314e+001  1.153029e+001
    endloop
  endfacet
  facet normal  1.000000e+000  -0.000000e+000  0.000000e+000
    outer loop
      vertex  6.000000e+000 -8.733010e+000 -2.204592e+001
      vertex  6.000000e+000 -9.811778e+000 -2.214903e+001
      vertex  6.000000e+000 -9.137209e+000 -2.243573e+001
    endloop
  endfacet
  facet normal  1.000000e+000  0.000000e+000  0.000000e+000
    outer loop
      vertex  6.000000e+000 -1.148048e+001 -2.074817e+001
      vertex  6.000000e+000 -1.256358e+001 -2.071249e+001
      vertex  6.000000e+000 -1.193121e+001 -2.108309e+001
    endloop
  endfacet
  facet normal  9.999999e-001  0.000000e+000  0.000000e+000
    outer loop
      vertex  6.000000e+000 -2.125488e+001 -6.929674e+000
      vertex  6.000000e+000 -2.268114e+001 -6.917661e+000
      vertex  6.000000e+000 -2.161668e+001 -6.955447e+000
    endloop
  endfacet
  facet normal  1.000000e+000  0.000000e+000  0.000000e+000
    outer loop
      vertex  6.000000e+000 -1.719564e+001 -1.632782e+001
      vertex  6.000000e+000 -1.488399e+001 -1.641712e+001
      vertex  6.000000e+000 -1.670402e+001 -1.538294e+001
    endloop
  endfacet
  facet normal  1.000000e+000  0.000000e+000  0.000000e+000
    outer loop
      vertex  6.000000e+000 -1.566519e+001  1.847843e+001
      vertex  6.000000e+000 -1.460119e+001  1.868403e+001
      vertex  6.000000e+000 -1.509899e+001  1.894389e+001
    endloop
  endfacet
  facet normal  9.999999e-001  0.000000e+000  0.000000e+000
    outer loop
      vertex  6.000000e+000 -2.287671e+001  6.240510e+000
      vertex  6.000000e+000 -2.145144e+001  6.294907e+000
      vertex  6.000000e+000 -2.181385e+001  6.309916e+000
    endloop
  endfacet
  facet normal  1.000000e+000  0.000000e+000  0.000000e+000
    outer loop
      vertex  6.000000e+000  2.165519e+001  5.553632e+000
      vertex  6.000000e+000  2.307775e+001  5.450263e+000
      vertex  6.000000e+000  2.201790e+001  5.556171e+000
    endloop
  endfacet
  facet normal  9.999999e-001  0.000000e+000  0.000000e+000
    outer loop
      vertex  6.000000e+000  2.112663e+001  8.326141e+000
      vertex  6.000000e+000  2.275163e+001  8.319488e+000
      vertex  6.000000e+000  2.219132e+001  8.356633e+000
    endloop
  endfacet
  facet normal  1.000000e+000  0.000000e+000  0.000000e+000
    outer loop
      vertex  6.000000e+000  1.278623e+001  1.996998e+001
      vertex  6.000000e+000  1.386482e+001  1.986498e+001
      vertex  6.000000e+000  1.325749e+001  2.027534e+001
    endloop
  endfacet
  facet normal  1.000000e+000  0.000000e+000  0.000000e+000
    outer loop
      vertex  6.000000e+000  2.322954e+001 -4.761973e+000
      vertex  6.000000e+000  2.181068e+001 -4.907575e+000
      vertex  6.000000e+000  2.217331e+001 -4.899334e+000
    endloop
  endfacet
  facet normal  9.999999e-001  0.000000e+000  0.000000e+000
    outer loop
      vertex  6.000000e+000  1.616524e+001 -1.594817e+001
      vertex  6.000000e+000  1.431073e+001 -1.691917e+001
      vertex  6.000000e+000  1.662409e+001 -1.690940e+001
    endloop
  endfacet
  facet normal  1.000000e+000  -0.000000e+000  0.000000e+000
    outer loop
      vertex  6.000000e+000 -5.312186e+000  2.143918e+001
      vertex  6.000000e+000 -7.644722e+000  2.138264e+001
      vertex  6.000000e+000 -7.607366e+000  2.102185e+001
    endloop
  endfacet
  facet normal  1.000000e+000  -0.000000e+000  0.000000e+000
    outer loop
      vertex  6.000000e+000 -5.312186e+000  2.143918e+001
      vertex  6.000000e+000 -7.607366e+000  2.102185e+001
      vertex  6.000000e+000 -7.670997e+000  2.078968e+001
    endloop
  endfacet
  facet normal  1.000000e+000  -0.000000e+000  0.000000e+000
    outer loop
      vertex  6.000000e+000 -5.312186e+000  2.143918e+001
      vertex  6.000000e+000 -7.670997e+000  2.078968e+001
      vertex  6.000000e+000 -7.860731e+000  2.064152e+001
    endloop
  endfacet
  facet normal  1.000000e+000  0.000000e+000  0.000000e+000
    outer loop
      vertex  6.000000e+000 -6.880098e-002  2.235588e+001
      vertex  6.000000e+000 -1.575273e-001  2.270758e+001
      vertex  6.000000e+000 -1.970897e+000  2.262243e+001
    endloop
  endfacet
  facet normal  9.999999e-001  0.000000e+000  0.000000e+000
    outer loop
      vertex  6.000000e+000 -6.880098e-002  2.235588e+001
      vertex  6.000000e+000 -1.970897e+000  2.262243e+001
      vertex  6.000000e+000 -2.026278e+000  2.226397e+001
    endloop
  endfacet
  facet normal  9.999999e-001  -0.000000e+000  0.000000e+000
    outer loop
      vertex  6.000000e+000 -6.880098e-002  2.235588e+001
      vertex  6.000000e+000 -2.026278e+000  2.226397e+001
      vertex  6.000000e+000 -2.146718e+000  2.205554e+001
    endloop
  endfacet
  facet normal  1.000000e+000  -0.000000e+000  0.000000e+000
    outer loop
      vertex  6.000000e+000 -6.880098e-002  2.235588e+001
      vertex  6.000000e+000 -2.146718e+000  2.205554e+001
      vertex  6.000000e+000 -1.699593e+000  5.230811e+000
    endloop
  endfacet
  facet normal  1.000000e+000  0.000000e+000  0.000000e+000
    outer loop
      vertex  6.000000e+000  1.100575e+001  1.986284e+001
      vertex  6.000000e+000  1.117459e+001  2.091450e+001
      vertex  6.000000e+000  9.383946e+000  2.067850e+001
    endloop
  endfacet
  facet normal  1.000000e+000  0.000000e+000  0.000000e+000
    outer loop
      vertex  6.000000e+000  1.100575e+001  1.986284e+001
      vertex  6.000000e+000  9.383946e+000  2.067850e+001
      vertex  6.000000e+000  9.159786e+000  2.039334e+001
    endloop
  endfacet
  facet normal  1.000000e+000  0.000000e+000  0.000000e+000
    outer loop
      vertex  6.000000e+000  1.100575e+001  1.986284e+001
      vertex  6.000000e+000  9.159786e+000  2.039334e+001
      vertex  6.000000e+000  8.952563e+000  2.027083e+001
    endloop
  endfacet
  facet normal  1.000000e+000  0.000000e+000  0.000000e+000
    outer loop
      vertex  6.000000e+000  1.100575e+001  1.986284e+001
      vertex  6.000000e+000  8.952563e+000  2.027083e+001
      vertex  6.000000e+000  1.091047e+001  1.951286e+001
    endloop
  endfacet
  facet normal  1.000000e+000  -0.000000e+000  -0.000000e+000
    outer loop
      vertex  6.000000e+000  3.927659e+000 -2.173548e+001
      vertex  6.000000e+000  4.166671e+000 -2.176451e+001
      vertex  6.000000e+000  6.259025e+000 -2.182850e+001
    endloop
  endfacet
  facet normal  1.000000e+000  0.000000e+000  0.000000e+000
    outer loop
      vertex  6.000000e+000  3.927659e+000 -2.173548e+001
      vertex  6.000000e+000  6.259025e+000 -2.182850e+001
      vertex  6.000000e+000  6.244862e+000 -2.146606e+001
    endloop
  endfacet
  facet normal  1.000000e+000  0.000000e+000  -0.000000e+000
    outer loop
      vertex  6.000000e+000  3.927659e+000 -2.173548e+001
      vertex  6.000000e+000  6.244862e+000 -2.146606e+001
      vertex  6.000000e+000  6.323237e+000 -2.123845e+001
    endloop
  endfacet
  facet normal  9.999999e-001  0.000000e+000  -0.000000e+000
    outer loop
      vertex  6.000000e+000  3.927659e+000 -2.173548e+001
      vertex  6.000000e+000  6.323237e+000 -2.123845e+001
      vertex  6.000000e+000  6.522073e+000 -2.110275e+001
    endloop
  endfacet
  facet normal  1.000000e+000  -0.000000e+000  -0.000000e+000
    outer loop
      vertex  6.000000e+000  1.115941e+000 -2.205929e+001
      vertex  6.000000e+000  1.349279e+000 -2.211865e+001
      vertex  6.000000e+000  3.416272e+000 -2.244968e+001
    endloop
  endfacet
  facet normal  1.000000e+000  0.000000e+000  -0.000000e+000
    outer loop
      vertex  6.000000e+000  1.115941e+000 -2.205929e+001
      vertex  6.000000e+000  3.416272e+000 -2.244968e+001
      vertex  6.000000e+000  3.448572e+000 -2.208840e+001
    endloop
  endfacet
  facet normal  1.000000e+000  0.000000e+000  -0.000000e+000
    outer loop
      vertex  6.000000e+000  1.115941e+000 -2.205929e+001
      vertex  6.000000e+000  3.448572e+000 -2.208840e+001
      vertex  6.000000e+000  3.555410e+000 -2.187268e+001
    endloop
  endfacet
  facet normal  1.000000e+000  0.000000e+000  -0.000000e+000
    outer loop
      vertex  6.000000e+000  1.115941e+000 -2.205929e+001
      vertex  6.000000e+000  3.555410e+000 -2.187268e+001
      vertex  6.000000e+000  3.769967e+000 -2.176352e+001
    endloop
  endfacet
  facet normal  1.000000e+000  0.000000e+000  0.000000e+000
    outer loop
      vertex  6.000000e+000  1.115941e+000 -2.205929e+001
      vertex  6.000000e+000  3.769967e+000 -2.176352e+001
      vertex  6.000000e+000  1.699593e+000 -5.230811e+000
    endloop
  endfacet
  facet normal  1.000000e+000  0.000000e+000  0.000000e+000
    outer loop
      vertex  6.000000e+000  1.115941e+000 -2.205929e+001
      vertex  6.000000e+000  1.699593e+000 -5.230811e+000
      vertex  6.000000e+000 -1.699593e+000 -5.230811e+000
    endloop
  endfacet
  facet normal  1.000000e+000  0.000000e+000  0.000000e+000
    outer loop
      vertex  6.000000e+000 -4.672686e+000 -2.158772e+001
      vertex  6.000000e+000 -7.243740e+000 -2.086590e+001
      vertex  6.000000e+000 -7.049728e+000 -2.100848e+001
    endloop
  endfacet
  facet normal  1.000000e+000  0.000000e+000  0.000000e+000
    outer loop
      vertex  6.000000e+000 -4.672686e+000 -2.158772e+001
      vertex  6.000000e+000 -7.049728e+000 -2.100848e+001
      vertex  6.000000e+000 -6.979226e+000 -2.123866e+001
    endloop
  endfacet
  facet normal  1.000000e+000  0.000000e+000  0.000000e+000
    outer loop
      vertex  6.000000e+000 -4.672686e+000 -2.158772e+001
      vertex  6.000000e+000 -6.979226e+000 -2.123866e+001
      vertex  6.000000e+000 -7.005842e+000 -2.160040e+001
    endloop
  endfacet
  facet normal  1.000000e+000  -0.000000e+000  0.000000e+000
    outer loop
      vertex  6.000000e+000 -4.672686e+000 -2.158772e+001
      vertex  6.000000e+000 -7.005842e+000 -2.160040e+001
      vertex  6.000000e+000 -4.912526e+000 -2.160838e+001
    endloop
  endfacet
  facet normal  1.000000e+000  0.000000e+000  0.000000e+000
    outer loop
      vertex  6.000000e+000 -1.699593e+000 -5.230811e+000
      vertex  6.000000e+000 -2.196652e+001 -4.154768e+000
      vertex  6.000000e+000 -2.174749e+001 -4.254638e+000
    endloop
  endfacet
  facet normal  1.000000e+000  0.000000e+000  0.000000e+000
    outer loop
      vertex  6.000000e+000 -1.699593e+000 -5.230811e+000
      vertex  6.000000e+000 -2.174749e+001 -4.254638e+000
      vertex  6.000000e+000 -2.163151e+001 -4.465585e+000
    endloop
  endfacet
  facet normal  1.000000e+000  0.000000e+000  0.000000e+000
    outer loop
      vertex  6.000000e+000 -1.699593e+000 -5.230811e+000
      vertex  6.000000e+000 -2.163151e+001 -4.465585e+000
      vertex  6.000000e+000 -2.159843e+001 -4.622297e+000
    endloop
  endfacet
  facet normal  1.000000e+000  0.000000e+000  0.000000e+000
    outer loop
      vertex  6.000000e+000 -1.699593e+000 -5.230811e+000
      vertex  6.000000e+000 -2.159843e+001 -4.622297e+000
      vertex  6.000000e+000 -2.161978e+001 -4.862117e+000
    endloop
  endfacet
  facet normal  1.000000e+000  0.000000e+000  0.000000e+000
    outer loop
      vertex  6.000000e+000 -1.699593e+000 -5.230811e+000
      vertex  6.000000e+000 -2.161978e+001 -4.862117e+000
      vertex  6.000000e+000 -2.178006e+001 -5.041727e+000
    endloop
  endfacet
  facet normal  1.000000e+000  0.000000e+000  0.000000e+000
    outer loop
      vertex  6.000000e+000 -1.699593e+000 -5.230811e+000
      vertex  6.000000e+000 -2.178006e+001 -5.041727e+000
      vertex  6.000000e+000 -2.210320e+001 -5.206489e+000
    endloop
  endfacet
  facet normal  1.000000e+000  0.000000e+000  0.000000e+000
    outer loop
      vertex  6.000000e+000 -1.699593e+000 -5.230811e+000
      vertex  6.000000e+000 -2.210320e+001 -5.206489e+000
      vertex  6.000000e+000 -2.299524e+001 -5.788530e+000
    endloop
  endfacet
  facet normal  9.999999e-001  -0.000000e+000  0.000000e+000
    outer loop
      vertex  6.000000e+000 -1.699593e+000 -5.230811e+000
      vertex  6.000000e+000 -2.299524e+001 -5.788530e+000
      vertex  6.000000e+000 -2.102487e+001 -7.000714e+000
    endloop
  endfacet
  facet normal  1.000000e+000  -0.000000e+000  0.000000e+000
    outer loop
      vertex  6.000000e+000 -1.699593e+000 -5.230811e+000
      vertex  6.000000e+000 -2.102487e+001 -7.000714e+000
      vertex  6.000000e+000 -2.088287e+001 -7.195099e+000
    endloop
  endfacet
  facet normal  9.999999e-001  -0.000000e+000  0.000000e+000
    outer loop
      vertex  6.000000e+000 -1.699593e+000 -5.230811e+000
      vertex  6.000000e+000 -2.088287e+001 -7.195099e+000
      vertex  6.000000e+000 -2.083002e+001 -7.346294e+000
    endloop
  endfacet
  facet normal  1.000000e+000  -0.000000e+000  0.000000e+000
    outer loop
      vertex  6.000000e+000 -1.699593e+000 -5.230811e+000
      vertex  6.000000e+000 -2.083002e+001 -7.346294e+000
      vertex  6.000000e+000 -1.979133e+001 -9.806469e+000
    endloop
  endfacet
  facet normal  1.000000e+000  -0.000000e+000  0.000000e+000
    outer loop
      vertex  6.000000e+000 -1.699593e+000 -5.230811e+000
      vertex  6.000000e+000 -1.979133e+001 -9.806469e+000
      vertex  6.000000e+000 -1.971958e+001 -9.949664e+000
    endloop
  endfacet
  facet normal  9.999999e-001  -0.000000e+000  0.000000e+000
    outer loop
      vertex  6.000000e+000 -1.699593e+000 -5.230811e+000
      vertex  6.000000e+000 -1.971958e+001 -9.949664e+000
      vertex  6.000000e+000 -1.837482e+001 -1.225682e+001
    endloop
  endfacet
  facet normal  1.000000e+000  -0.000000e+000  0.000000e+000
    outer loop
      vertex  6.000000e+000 -1.699593e+000 -5.230811e+000
      vertex  6.000000e+000 -1.837482e+001 -1.225682e+001
      vertex  6.000000e+000 -1.828535e+001 -1.238966e+001
    endloop
  endfacet
  facet normal  1.000000e+000  -0.000000e+000  0.000000e+000
    outer loop
      vertex  6.000000e+000 -1.699593e+000 -5.230811e+000
      vertex  6.000000e+000 -1.828535e+001 -1.238966e+001
      vertex  6.000000e+000 -1.665660e+001 -1.450591e+001
    endloop
  endfacet
  facet normal  1.000000e+000  -0.000000e+000  0.000000e+000
    outer loop
      vertex  6.000000e+000 -1.699593e+000 -5.230811e+000
      vertex  6.000000e+000 -1.665660e+001 -1.450591e+001
      vertex  6.000000e+000 -1.655087e+001 -1.462622e+001
    endloop
  endfacet
  facet normal  1.000000e+000  -0.000000e+000  0.000000e+000
    outer loop
      vertex  6.000000e+000 -1.699593e+000 -5.230811e+000
      vertex  6.000000e+000 -1.655087e+001 -1.462622e+001
      vertex  6.000000e+000 -1.466487e+001 -1.651681e+001
    endloop
  endfacet
  facet normal  1.000000e+000  -0.000000e+000  0.000000e+000
    outer loop
      vertex  6.000000e+000 -1.699593e+000 -5.230811e+000
      vertex  6.000000e+000 -1.466487e+001 -1.651681e+001
      vertex  6.000000e+000 -1.454463e+001 -1.662262e+001
    endloop
  endfacet
  facet normal  1.000000e+000  -0.000000e+000  0.000000e+000
    outer loop
      vertex  6.000000e+000 -1.699593e+000 -5.230811e+000
      vertex  6.000000e+000 -1.454463e+001 -1.662262e+001
      vertex  6.000000e+000 -1.243235e+001 -1.825651e+001
    endloop
  endfacet
  facet normal  1.000000e+000  -0.000000e+000  0.000000e+000
    outer loop
      vertex  6.000000e+000 -1.699593e+000 -5.230811e+000
      vertex  6.000000e+000 -1.243235e+001 -1.825651e+001
      vertex  6.000000e+000 -1.229956e+001 -1.834607e+001
    endloop
  endfacet
  facet normal  1.000000e+000  -0.000000e+000  0.000000e+000
    outer loop
      vertex  6.000000e+000 -1.699593e+000 -5.230811e+000
      vertex  6.000000e+000 -1.229956e+001 -1.834607e+001
      vertex  6.000000e+000 -9.995688e+000 -1.969644e+001
    endloop
  endfacet
  facet normal  1.000000e+000  -0.000000e+000  0.000000e+000
    outer loop
      vertex  6.000000e+000 -1.699593e+000 -5.230811e+000
      vertex  6.000000e+000 -9.995688e+000 -1.969644e+001
      vertex  6.000000e+000 -9.852541e+000 -1.976829e+001
    endloop
  endfacet
  facet normal  1.000000e+000  -0.000000e+000  0.000000e+000
    outer loop
      vertex  6.000000e+000 -1.699593e+000 -5.230811e+000
      vertex  6.000000e+000 -9.852541e+000 -1.976829e+001
      vertex  6.000000e+000 -7.394899e+000 -2.081295e+001
    endloop
  endfacet
  facet normal  1.000000e+000  -0.000000e+000  0.000000e+000
    outer loop
      vertex  6.000000e+000 -1.699593e+000 -5.230811e+000
      vertex  6.000000e+000 -7.394899e+000 -2.081295e+001
      vertex  6.000000e+000 -7.243740e+000 -2.086590e+001
    endloop
  endfacet
  facet normal  1.000000e+000  -0.000000e+000  0.000000e+000
    outer loop
      vertex  6.000000e+000 -1.699593e+000 -5.230811e+000
      vertex  6.000000e+000 -7.243740e+000 -2.086590e+001
      vertex  6.000000e+000 -4.672686e+000 -2.158772e+001
    endloop
  endfacet
  facet normal  1.000000e+000  -0.000000e+000  0.000000e+000
    outer loop
      vertex  6.000000e+000 -1.699593e+000 -5.230811e+000
      vertex  6.000000e+000 -4.672686e+000 -2.158772e+001
      vertex  6.000000e+000 -4.515996e+000 -2.162090e+001
    endloop
  endfacet
  facet normal  1.000000e+000  -0.000000e+000  0.000000e+000
    outer loop
      vertex  6.000000e+000 -1.699593e+000 -5.230811e+000
      vertex  6.000000e+000 -4.515996e+000 -2.162090e+001
      vertex  6.000000e+000 -1.873747e+000 -2.200801e+001
    endloop
  endfacet
  facet normal  1.000000e+000  -0.000000e+000  0.000000e+000
    outer loop
      vertex  6.000000e+000 -1.699593e+000 -5.230811e+000
      vertex  6.000000e+000 -1.873747e+000 -2.200801e+001
      vertex  6.000000e+000 -1.714100e+000 -2.202089e+001
    endloop
  endfacet
  facet normal  9.999999e-001  -0.000000e+000  0.000000e+000
    outer loop
      vertex  6.000000e+000 -1.699593e+000 -5.230811e+000
      vertex  6.000000e+000 -1.714100e+000 -2.202089e+001
      vertex  6.000000e+000 -1.490268e+000 -2.210959e+001
    endloop
  endfacet
  facet normal  1.000000e+000  -0.000000e+000  -0.000000e+000
    outer loop
      vertex  6.000000e+000 -1.699593e+000 -5.230811e+000
      vertex  6.000000e+000 -1.490268e+000 -2.210959e+001
      vertex  6.000000e+000 -1.363687e+000 -2.231436e+001
    endloop
  endfacet
  facet normal  1.000000e+000  -0.000000e+000  -0.000000e+000
    outer loop
      vertex  6.000000e+000 -1.699593e+000 -5.230811e+000
      vertex  6.000000e+000 -1.363687e+000 -2.231436e+001
      vertex  6.000000e+000 -1.297676e+000 -2.267102e+001
    endloop
  endfacet
  facet normal  1.000000e+000  -0.000000e+000  -0.000000e+000
    outer loop
      vertex  6.000000e+000 -1.699593e+000 -5.230811e+000
      vertex  6.000000e+000 -1.297676e+000 -2.267102e+001
      vertex  6.000000e+000 -9.935007e-001 -2.369179e+001
    endloop
  endfacet
  facet normal  1.000000e+000  -0.000000e+000  -0.000000e+000
    outer loop
      vertex  6.000000e+000 -1.699593e+000 -5.230811e+000
      vertex  6.000000e+000 -9.935007e-001 -2.369179e+001
      vertex  6.000000e+000 -7.829008e-001 -2.421235e+001
    endloop
  endfacet
  facet normal  1.000000e+000  -0.000000e+000  -0.000000e+000
    outer loop
      vertex  6.000000e+000 -1.699593e+000 -5.230811e+000
      vertex  6.000000e+000 -7.829008e-001 -2.421235e+001
      vertex  6.000000e+000 -5.004250e-002 -2.422495e+001
    endloop
  endfacet
  facet normal  1.000000e+000  0.000000e+000  -0.000000e+000
    outer loop
      vertex  6.000000e+000 -1.699593e+000 -5.230811e+000
      vertex  6.000000e+000 -5.004250e-002 -2.422495e+001
      vertex  6.000000e+000  1.783310e-001 -2.371194e+001
    endloop
  endfacet
  facet normal  1.000000e+000  0.000000e+000  -0.000000e+000
    outer loop
      vertex  6.000000e+000 -1.699593e+000 -5.230811e+000
      vertex  6.000000e+000  1.783310e-001 -2.371194e+001
      vertex  6.000000e+000  5.174230e-001 -2.270223e+001
    endloop
  endfacet
  facet normal  9.999999e-001  0.000000e+000  -0.000000e+000
    outer loop
      vertex  6.000000e+000 -1.699593e+000 -5.230811e+000
      vertex  6.000000e+000  5.174230e-001 -2.270223e+001
      vertex  6.000000e+000  5.956575e-001 -2.234805e+001
    endloop
  endfacet
  facet normal  1.000000e+000  0.000000e+000  -0.000000e+000
    outer loop
      vertex  6.000000e+000 -1.699593e+000 -5.230811e+000
      vertex  6.000000e+000  5.956575e-001 -2.234805e+001
      vertex  6.000000e+000  7.292044e-001 -2.214776e+001
    endloop
  endfacet
  facet normal  1.000000e+000  0.000000e+000  -0.000000e+000
    outer loop
      vertex  6.000000e+000 -1.699593e+000 -5.230811e+000
      vertex  6.000000e+000  7.292044e-001 -2.214776e+001
      vertex  6.000000e+000  9.559584e-001 -2.206694e+001
    endloop
  endfacet
  facet normal  1.000000e+000  0.000000e+000  -0.000000e+000
    outer loop
      vertex  6.000000e+000 -1.699593e+000 -5.230811e+000
      vertex  6.000000e+000  9.559584e-001 -2.206694e+001
      vertex  6.000000e+000  1.115941e+000 -2.205929e+001
    endloop
  endfacet
  facet normal  1.000000e+000  0.000000e+000  -0.000000e+000
    outer loop
      vertex  6.000000e+000  1.699593e+000 -5.230811e+000
      vertex  6.000000e+000  3.769967e+000 -2.176352e+001
      vertex  6.000000e+000  3.927659e+000 -2.173548e+001
    endloop
  endfacet
  facet normal  1.000000e+000  0.000000e+000  -0.000000e+000
    outer loop
      vertex  6.000000e+000  1.699593e+000 -5.230811e+000
      vertex  6.000000e+000  3.927659e+000 -2.173548e+001
      vertex  6.000000e+000  6.522073e+000 -2.110275e+001
    endloop
  endfacet
  facet normal  1.000000e+000  0.000000e+000  -0.000000e+000
    outer loop
      vertex  6.000000e+000  1.699593e+000 -5.230811e+000
      vertex  6.000000e+000  6.522073e+000 -2.110275e+001
      vertex  6.000000e+000  6.674885e+000 -2.105478e+001
    endloop
  endfacet
  facet normal  1.000000e+000  0.000000e+000  -0.000000e+000
    outer loop
      vertex  6.000000e+000  1.699593e+000 -5.230811e+000
      vertex  6.000000e+000  6.674885e+000 -2.105478e+001
      vertex  6.000000e+000  9.167087e+000 -2.009547e+001
    endloop
  endfacet
  facet normal  9.999999e-001  0.000000e+000  -0.000000e+000
    outer loop
      vertex  6.000000e+000  1.699593e+000 -5.230811e+000
      vertex  6.000000e+000  9.167087e+000 -2.009547e+001
      vertex  6.000000e+000  9.312509e+000 -2.002835e+001
    endloop
  endfacet
  facet normal  1.000000e+000  0.000000e+000  -0.000000e+000
    outer loop
      vertex  6.000000e+000  1.699593e+000 -5.230811e+000
      vertex  6.000000e+000  9.312509e+000 -2.002835e+001
      vertex  6.000000e+000  1.166158e+001 -1.875823e+001
    endloop
  endfacet
  facet normal  1.000000e+000  0.000000e+000  -0.000000e+000
    outer loop
      vertex  6.000000e+000  1.699593e+000 -5.230811e+000
      vertex  6.000000e+000  1.166158e+001 -1.875823e+001
      vertex  6.000000e+000  1.179722e+001 -1.867306e+001
    endloop
  endfacet
  facet normal  1.000000e+000  0.000000e+000  -0.000000e+000
    outer loop
      vertex  6.000000e+000  1.699593e+000 -5.230811e+000
      vertex  6.000000e+000  1.179722e+001 -1.867306e+001
      vertex  6.000000e+000  1.396459e+001 -1.711297e+001
    endloop
  endfacet
  facet normal  1.000000e+000  0.000000e+000  -0.000000e+000
    outer loop
      vertex  6.000000e+000  1.699593e+000 -5.230811e+000
      vertex  6.000000e+000  1.396459e+001 -1.711297e+001
      vertex  6.000000e+000  1.408823e+001 -1.701116e+001
    endloop
  endfacet
  facet normal  1.000000e+000  0.000000e+000  -0.000000e+000
    outer loop
      vertex  6.000000e+000  1.699593e+000 -5.230811e+000
      vertex  6.000000e+000  1.408823e+001 -1.701116e+001
      vertex  6.000000e+000  1.603829e+001 -1.518673e+001
    endloop
  endfacet
  facet normal  1.000000e+000  0.000000e+000  -0.000000e+000
    outer loop
      vertex  6.000000e+000  1.699593e+000 -5.230811e+000
      vertex  6.000000e+000  1.603829e+001 -1.518673e+001
      vertex  6.000000e+000  1.614790e+001 -1.506994e+001
    endloop
  endfacet
  facet normal  1.000000e+000  0.000000e+000  -0.000000e+000
    outer loop
      vertex  6.000000e+000  1.699593e+000 -5.230811e+000
      vertex  6.000000e+000  1.614790e+001 -1.506994e+001
      vertex  6.000000e+000  1.784866e+001 -1.301111e+001
    endloop
  endfacet
  facet normal  1.000000e+000  0.000000e+000  -0.000000e+000
    outer loop
      vertex  6.000000e+000  1.699593e+000 -5.230811e+000
      vertex  6.000000e+000  1.784866e+001 -1.301111e+001
      vertex  6.000000e+000  1.794243e+001 -1.288126e+001
    endloop
  endfacet
  facet normal  1.000000e+000  0.000000e+000  -0.000000e+000
    outer loop
      vertex  6.000000e+000  1.699593e+000 -5.230811e+000
      vertex  6.000000e+000  1.794243e+001 -1.288126e+001
      vertex  6.000000e+000  1.936594e+001 -1.062185e+001
    endloop
  endfacet
  facet normal  9.999999e-001  0.000000e+000  -0.000000e+000
    outer loop
      vertex  6.000000e+000  1.699593e+000 -5.230811e+000
      vertex  6.000000e+000  1.936594e+001 -1.062185e+001
      vertex  6.000000e+000  1.944234e+001 -1.048108e+001
    endloop
  endfacet
  facet normal  1.000000e+000  0.000000e+000  -0.000000e+000
    outer loop
      vertex  6.000000e+000  1.699593e+000 -5.230811e+000
      vertex  6.000000e+000  1.944234e+001 -1.048108e+001
      vertex  6.000000e+000  2.056524e+001 -8.058187e+000
    endloop
  endfacet
  facet normal  1.000000e+000  0.000000e+000  -0.000000e+000
    outer loop
      vertex  6.000000e+000  1.699593e+000 -5.230811e+000
      vertex  6.000000e+000  2.056524e+001 -8.058187e+000
      vertex  6.000000e+000  2.062301e+001 -7.908803e+000
    endloop
  endfacet
  facet normal  1.000000e+000  0.000000e+000  -0.000000e+000
    outer loop
      vertex  6.000000e+000  1.699593e+000 -5.230811e+000
      vertex  6.000000e+000  2.062301e+001 -7.908803e+000
      vertex  6.000000e+000  2.142686e+001 -5.362206e+000
    endloop
  endfacet
  facet normal  1.000000e+000  0.000000e+000  -0.000000e+000
    outer loop
      vertex  6.000000e+000  1.699593e+000 -5.230811e+000
      vertex  6.000000e+000  2.142686e+001 -5.362206e+000
      vertex  6.000000e+000  2.146505e+001 -5.206660e+000
    endloop
  endfacet
  facet normal  1.000000e+000  0.000000e+000  -0.000000e+000
    outer loop
      vertex  6.000000e+000  1.699593e+000 -5.230811e+000
      vertex  6.000000e+000  2.146505e+001 -5.206660e+000
      vertex  6.000000e+000  2.158834e+001 -4.999855e+000
    endloop
  endfacet
  facet normal  1.000000e+000  0.000000e+000  -0.000000e+000
    outer loop
      vertex  6.000000e+000  1.699593e+000 -5.230811e+000
      vertex  6.000000e+000  2.158834e+001 -4.999855e+000
      vertex  6.000000e+000  2.181068e+001 -4.907575e+000
    endloop
  endfacet
  facet normal  1.000000e+000  0.000000e+000  -0.000000e+000
    outer loop
      vertex  6.000000e+000  1.699593e+000 -5.230811e+000
      vertex  6.000000e+000  2.181068e+001 -4.907575e+000
      vertex  6.000000e+000  2.322954e+001 -4.761973e+000
    endloop
  endfacet
  facet normal  1.000000e+000  0.000000e+000  -0.000000e+000
    outer loop
      vertex  6.000000e+000  1.699593e+000 -5.230811e+000
      vertex  6.000000e+000  2.322954e+001 -4.761973e+000
      vertex  6.000000e+000  2.377704e+001 -4.637153e+000
    endloop
  endfacet
  facet normal  1.000000e+000  0.000000e+000  -0.000000e+000
    outer loop
      vertex  6.000000e+000  1.699593e+000 -5.230811e+000
      vertex  6.000000e+000  2.377704e+001 -4.637153e+000
      vertex  6.000000e+000  2.390644e+001 -3.915700e+000
    endloop
  endfacet
  facet normal  1.000000e+000  0.000000e+000  0.000000e+000
    outer loop
      vertex  6.000000e+000  1.699593e+000 -5.230811e+000
      vertex  6.000000e+000  2.390644e+001 -3.915700e+000
      vertex  6.000000e+000  2.343646e+001 -3.608378e+000
    endloop
  endfacet
  facet normal  1.000000e+000  0.000000e+000  0.000000e+000
    outer loop
      vertex  6.000000e+000  1.699593e+000 -5.230811e+000
      vertex  6.000000e+000  2.343646e+001 -3.608378e+000
      vertex  6.000000e+000  2.249381e+001 -3.112483e+000
    endloop
  endfacet
  facet normal  1.000000e+000  0.000000e+000  0.000000e+000
    outer loop
      vertex  6.000000e+000  1.699593e+000 -5.230811e+000
      vertex  6.000000e+000  2.249381e+001 -3.112483e+000
      vertex  6.000000e+000  4.449594e+000 -3.232819e+000
    endloop
  endfacet
  facet normal  1.000000e+000  0.000000e+000  0.000000e+000
    outer loop
      vertex  6.000000e+000 -2.360644e+001  5.439346e+000
      vertex  6.000000e+000 -2.122364e+001  6.372751e+000
      vertex  6.000000e+000 -2.145144e+001  6.294907e+000
    endloop
  endfacet
  facet normal  1.000000e+000  0.000000e+000  0.000000e+000
    outer loop
      vertex  6.000000e+000 -2.360644e+001  5.439346e+000
      vertex  6.000000e+000 -2.145144e+001  6.294907e+000
      vertex  6.000000e+000 -2.287671e+001  6.240510e+000
    endloop
  endfacet
  facet normal  1.000000e+000  0.000000e+000  0.000000e+000
    outer loop
      vertex  6.000000e+000 -2.360644e+001  5.439346e+000
      vertex  6.000000e+000 -2.287671e+001  6.240510e+000
      vertex  6.000000e+000 -2.343108e+001  6.151026e+000
    endloop
  endfacet
  facet normal  1.000000e+000  0.000000e+000  0.000000e+000
    outer loop
      vertex  6.000000e+000 -2.103928e+001  6.724012e+000
      vertex  6.000000e+000 -2.007392e+001  9.213874e+000
      vertex  6.000000e+000 -2.023447e+001  9.034451e+000
    endloop
  endfacet
  facet normal  1.000000e+000  0.000000e+000  0.000000e+000
    outer loop
      vertex  6.000000e+000 -2.103928e+001  6.724012e+000
      vertex  6.000000e+000 -2.023447e+001  9.034451e+000
      vertex  6.000000e+000 -2.047035e+001  8.986376e+000
    endloop
  endfacet
  facet normal  1.000000e+000  0.000000e+000  0.000000e+000
    outer loop
      vertex  6.000000e+000 -2.103928e+001  6.724012e+000
      vertex  6.000000e+000 -2.047035e+001  8.986376e+000
      vertex  6.000000e+000 -2.103682e+001  6.964727e+000
    endloop
  endfacet
  facet normal  1.000000e+000  0.000000e+000  0.000000e+000
    outer loop
      vertex  6.000000e+000 -2.000670e+001  9.359251e+000
      vertex  6.000000e+000 -1.873087e+001  1.170522e+001
      vertex  6.000000e+000 -1.891305e+001  1.154780e+001
    endloop
  endfacet
  facet normal  1.000000e+000  0.000000e+000  0.000000e+000
    outer loop
      vertex  6.000000e+000 -2.000670e+001  9.359251e+000
      vertex  6.000000e+000 -1.891305e+001  1.154780e+001
      vertex  6.000000e+000 -1.915314e+001  1.153029e+001
    endloop
  endfacet
  facet normal  1.000000e+000  0.000000e+000  0.000000e+000
    outer loop
      vertex  6.000000e+000 -2.000670e+001  9.359251e+000
      vertex  6.000000e+000 -1.915314e+001  1.153029e+001
      vertex  6.000000e+000 -1.997347e+001  9.597675e+000
    endloop
  endfacet
  facet normal  9.999999e-001  0.000000e+000  0.000000e+000
    outer loop
      vertex  6.000000e+000 -1.699593e+000  5.230811e+000
      vertex  6.000000e+000 -2.146718e+000  2.205554e+001
      vertex  6.000000e+000 -2.367828e+000  2.196035e+001
    endloop
  endfacet
  facet normal  1.000000e+000  0.000000e+000  0.000000e+000
    outer loop
      vertex  6.000000e+000 -1.699593e+000  5.230811e+000
      vertex  6.000000e+000 -2.367828e+000  2.196035e+001
      vertex  6.000000e+000 -2.526992e+000  2.194247e+001
    endloop
  endfacet
  facet normal  1.000000e+000  0.000000e+000  0.000000e+000
    outer loop
      vertex  6.000000e+000 -1.699593e+000  5.230811e+000
      vertex  6.000000e+000 -2.526992e+000  2.194247e+001
      vertex  6.000000e+000 -5.156615e+000  2.147726e+001
    endloop
  endfacet
  facet normal  1.000000e+000  0.000000e+000  0.000000e+000
    outer loop
      vertex  6.000000e+000 -1.699593e+000  5.230811e+000
      vertex  6.000000e+000 -5.156615e+000  2.147726e+001
      vertex  6.000000e+000 -5.312186e+000  2.143918e+001
    endloop
  endfacet
  facet normal  1.000000e+000  0.000000e+000  0.000000e+000
    outer loop
      vertex  6.000000e+000 -1.699593e+000  5.230811e+000
      vertex  6.000000e+000 -5.312186e+000  2.143918e+001
      vertex  6.000000e+000 -7.860731e+000  2.064152e+001
    endloop
  endfacet
  facet normal  1.000000e+000  0.000000e+000  0.000000e+000
    outer loop
      vertex  6.000000e+000 -1.699593e+000  5.230811e+000
      vertex  6.000000e+000 -7.860731e+000  2.064152e+001
      vertex  6.000000e+000 -8.010155e+000  2.058385e+001
    endloop
  endfacet
  facet normal  1.000000e+000  0.000000e+000  0.000000e+000
    outer loop
      vertex  6.000000e+000 -1.699593e+000  5.230811e+000
      vertex  6.000000e+000 -8.010155e+000  2.058385e+001
      vertex  6.000000e+000 -1.043577e+001  1.946685e+001
    endloop
  endfacet
  facet normal  9.999999e-001  0.000000e+000  0.000000e+000
    outer loop
      vertex  6.000000e+000 -1.699593e+000  5.230811e+000
      vertex  6.000000e+000 -1.043577e+001  1.946685e+001
      vertex  6.000000e+000 -1.057660e+001  1.939055e+001
    endloop
  endfacet
  facet normal  1.000000e+000  0.000000e+000  0.000000e+000
    outer loop
      vertex  6.000000e+000 -1.699593e+000  5.230811e+000
      vertex  6.000000e+000 -1.057660e+001  1.939055e+001
      vertex  6.000000e+000 -1.283946e+001  1.797253e+001
    endloop
  endfacet
  facet normal  1.000000e+000  0.000000e+000  0.000000e+000
    outer loop
      vertex  6.000000e+000 -1.699593e+000  5.230811e+000
      vertex  6.000000e+000 -1.283946e+001  1.797253e+001
      vertex  6.000000e+000 -1.296937e+001  1.787885e+001
    endloop
  endfacet
  facet normal  1.000000e+000  0.000000e+000  0.000000e+000
    outer loop
      vertex  6.000000e+000 -1.699593e+000  5.230811e+000
      vertex  6.000000e+000 -1.296937e+001  1.787885e+001
      vertex  6.000000e+000 -1.503233e+001  1.618310e+001
    endloop
  endfacet
  facet normal  1.000000e+000  0.000000e+000  0.000000e+000
    outer loop
      vertex  6.000000e+000 -1.699593e+000  5.230811e+000
      vertex  6.000000e+000 -1.503233e+001  1.618310e+001
      vertex  6.000000e+000 -1.514919e+001  1.607357e+001
    endloop
  endfacet
  facet normal  1.000000e+000  0.000000e+000  0.000000e+000
    outer loop
      vertex  6.000000e+000 -1.699593e+000  5.230811e+000
      vertex  6.000000e+000 -1.514919e+001  1.607357e+001
      vertex  6.000000e+000 -1.697836e+001  1.412795e+001
    endloop
  endfacet
  facet normal  9.999999e-001  0.000000e+000  0.000000e+000
    outer loop
      vertex  6.000000e+000 -1.699593e+000  5.230811e+000
      vertex  6.000000e+000 -1.697836e+001  1.412795e+001
      vertex  6.000000e+000 -1.708026e+001  1.400437e+001
    endloop
  endfacet
  facet normal  1.000000e+000  0.000000e+000  0.000000e+000
    outer loop
      vertex  6.000000e+000 -1.699593e+000  5.230811e+000
      vertex  6.000000e+000 -1.708026e+001  1.400437e+001
      vertex  6.000000e+000 -1.864561e+001  1.184081e+001
    endloop
  endfacet
  facet normal  1.000000e+000  0.000000e+000  0.000000e+000
    outer loop
      vertex  6.000000e+000 -1.699593e+000  5.230811e+000
      vertex  6.000000e+000 -1.864561e+001  1.184081e+001
      vertex  6.000000e+000 -1.873087e+001  1.170522e+001
    endloop
  endfacet
  facet normal  1.000000e+000  0.000000e+000  0.000000e+000
    outer loop
      vertex  6.000000e+000 -1.699593e+000  5.230811e+000
      vertex  6.000000e+000 -1.873087e+001  1.170522e+001
      vertex  6.000000e+000 -2.000670e+001  9.359251e+000
    endloop
  endfacet
  facet normal  1.000000e+000  0.000000e+000  0.000000e+000
    outer loop
      vertex  6.000000e+000 -1.699593e+000  5.230811e+000
      vertex  6.000000e+000 -2.000670e+001  9.359251e+000
      vertex  6.000000e+000 -2.007392e+001  9.213874e+000
    endloop
  endfacet
  facet normal  1.000000e+000  0.000000e+000  0.000000e+000
    outer loop
      vertex  6.000000e+000 -1.699593e+000  5.230811e+000
      vertex  6.000000e+000 -2.007392e+001  9.213874e+000
      vertex  6.000000e+000 -2.103928e+001  6.724012e+000
    endloop
  endfacet
  facet normal  1.000000e+000  0.000000e+000  0.000000e+000
    outer loop
      vertex  6.000000e+000 -1.699593e+000  5.230811e+000
      vertex  6.000000e+000 -2.103928e+001  6.724012e+000
      vertex  6.000000e+000 -2.108735e+001  6.571233e+000
    endloop
  endfacet
  facet normal  1.000000e+000  0.000000e+000  0.000000e+000
    outer loop
      vertex  6.000000e+000 -1.699593e+000  5.230811e+000
      vertex  6.000000e+000 -2.108735e+001  6.571233e+000
      vertex  6.000000e+000 -2.122364e+001  6.372751e+000
    endloop
  endfacet
  facet normal  1.000000e+000  0.000000e+000  0.000000e+000
    outer loop
      vertex  6.000000e+000 -1.699593e+000  5.230811e+000
      vertex  6.000000e+000 -2.122364e+001  6.372751e+000
      vertex  6.000000e+000 -2.360644e+001  5.439346e+000
    endloop
  endfacet
  facet normal  1.000000e+000  0.000000e+000  0.000000e+000
    outer loop
      vertex  6.000000e+000 -1.699593e+000  5.230811e+000
      vertex  6.000000e+000 -2.360644e+001  5.439346e+000
      vertex  6.000000e+000 -2.315711e+001  5.102543e+000
    endloop
  endfacet
  facet normal  1.000000e+000  -0.000000e+000  0.000000e+000
    outer loop
      vertex  6.000000e+000 -1.699593e+000  5.230811e+000
      vertex  6.000000e+000 -2.315711e+001  5.102543e+000
      vertex  6.000000e+000 -4.449594e+000  3.232819e+000
    endloop
  endfacet
  facet normal  1.000000e+000  0.000000e+000  -0.000000e+000
    outer loop
      vertex  6.000000e+000 -1.699593e+000  5.230811e+000
      vertex  6.000000e+000  1.699593e+000  5.230811e+000
      vertex  6.000000e+000  2.903773e+000  2.196869e+001
    endloop
  endfacet
  facet normal  1.000000e+000  0.000000e+000  0.000000e+000
    outer loop
      vertex  6.000000e+000 -1.699593e+000  5.230811e+000
      vertex  6.000000e+000  2.903773e+000  2.196869e+001
      vertex  6.000000e+000  4.598392e-001  2.208285e+001
    endloop
  endfacet
  facet normal  9.999999e-001  0.000000e+000  0.000000e+000
    outer loop
      vertex  6.000000e+000 -1.699593e+000  5.230811e+000
      vertex  6.000000e+000  4.598392e-001  2.208285e+001
      vertex  6.000000e+000  2.996952e-001  2.208547e+001
    endloop
  endfacet
  facet normal  1.000000e+000  0.000000e+000  0.000000e+000
    outer loop
      vertex  6.000000e+000 -1.699593e+000  5.230811e+000
      vertex  6.000000e+000  2.996952e-001  2.208547e+001
      vertex  6.000000e+000  7.063952e-002  2.215965e+001
    endloop
  endfacet
  facet normal  1.000000e+000  0.000000e+000  0.000000e+000
    outer loop
      vertex  6.000000e+000 -1.699593e+000  5.230811e+000
      vertex  6.000000e+000  7.063952e-002  2.215965e+001
      vertex  6.000000e+000 -6.880098e-002  2.235588e+001
    endloop
  endfacet
  facet normal  9.999999e-001  0.000000e+000  -0.000000e+000
    outer loop
      vertex  6.000000e+000  1.699593e+000  5.230811e+000
      vertex  6.000000e+000  4.449594e+000  3.232819e+000
      vertex  6.000000e+000  2.377950e+001  4.624482e+000
    endloop
  endfacet
  facet normal  9.999999e-001  0.000000e+000  0.000000e+000
    outer loop
      vertex  6.000000e+000  1.699593e+000  5.230811e+000
      vertex  6.000000e+000  2.377950e+001  4.624482e+000
      vertex  6.000000e+000  2.362871e+001  5.341770e+000
    endloop
  endfacet
  facet normal  1.000000e+000  0.000000e+000  0.000000e+000
    outer loop
      vertex  6.000000e+000  1.699593e+000  5.230811e+000
      vertex  6.000000e+000  2.362871e+001  5.341770e+000
      vertex  6.000000e+000  2.307775e+001  5.450263e+000
    endloop
  endfacet
  facet normal  1.000000e+000  0.000000e+000  0.000000e+000
    outer loop
      vertex  6.000000e+000  1.699593e+000  5.230811e+000
      vertex  6.000000e+000  2.307775e+001  5.450263e+000
      vertex  6.000000e+000  2.165519e+001  5.553632e+000
    endloop
  endfacet
  facet normal  9.999999e-001  0.000000e+000  0.000000e+000
    outer loop
      vertex  6.000000e+000  1.699593e+000  5.230811e+000
      vertex  6.000000e+000  2.165519e+001  5.553632e+000
      vertex  6.000000e+000  2.143021e+001  5.639262e+000
    endloop
  endfacet
  facet normal  1.000000e+000  0.000000e+000  0.000000e+000
    outer loop
      vertex  6.000000e+000  1.699593e+000  5.230811e+000
      vertex  6.000000e+000  2.143021e+001  5.639262e+000
      vertex  6.000000e+000  2.130095e+001  5.842346e+000
    endloop
  endfacet
  facet normal  1.000000e+000  0.000000e+000  0.000000e+000
    outer loop
      vertex  6.000000e+000  1.699593e+000  5.230811e+000
      vertex  6.000000e+000  2.130095e+001  5.842346e+000
      vertex  6.000000e+000  2.125790e+001  5.996616e+000
    endloop
  endfacet
  facet normal  1.000000e+000  0.000000e+000  0.000000e+000
    outer loop
      vertex  6.000000e+000  1.699593e+000  5.230811e+000
      vertex  6.000000e+000  2.125790e+001  5.996616e+000
      vertex  6.000000e+000  2.076722e+001  8.277241e+000
    endloop
  endfacet
  facet normal  1.000000e+000  0.000000e+000  0.000000e+000
    outer loop
      vertex  6.000000e+000  1.699593e+000  5.230811e+000
      vertex  6.000000e+000  2.076722e+001  8.277241e+000
      vertex  6.000000e+000  2.053313e+001  8.333398e+000
    endloop
  endfacet
  facet normal  1.000000e+000  0.000000e+000  0.000000e+000
    outer loop
      vertex  6.000000e+000  1.699593e+000  5.230811e+000
      vertex  6.000000e+000  2.053313e+001  8.333398e+000
      vertex  6.000000e+000  2.037897e+001  8.518286e+000
    endloop
  endfacet
  facet normal  1.000000e+000  0.000000e+000  0.000000e+000
    outer loop
      vertex  6.000000e+000  1.699593e+000  5.230811e+000
      vertex  6.000000e+000  2.037897e+001  8.518286e+000
      vertex  6.000000e+000  2.031654e+001  8.665784e+000
    endloop
  endfacet
  facet normal  1.000000e+000  0.000000e+000  0.000000e+000
    outer loop
      vertex  6.000000e+000  1.699593e+000  5.230811e+000
      vertex  6.000000e+000  2.031654e+001  8.665784e+000
      vertex  6.000000e+000  2.029166e+001  8.905263e+000
    endloop
  endfacet
  facet normal  1.000000e+000  0.000000e+000  0.000000e+000
    outer loop
      vertex  6.000000e+000  1.699593e+000  5.230811e+000
      vertex  6.000000e+000  2.029166e+001  8.905263e+000
      vertex  6.000000e+000  1.953825e+001  1.086494e+001
    endloop
  endfacet
  facet normal  1.000000e+000  0.000000e+000  0.000000e+000
    outer loop
      vertex  6.000000e+000  1.699593e+000  5.230811e+000
      vertex  6.000000e+000  1.953825e+001  1.086494e+001
      vertex  6.000000e+000  1.929890e+001  1.089070e+001
    endloop
  endfacet
  facet normal  1.000000e+000  0.000000e+000  0.000000e+000
    outer loop
      vertex  6.000000e+000  1.699593e+000  5.230811e+000
      vertex  6.000000e+000  1.929890e+001  1.089070e+001
      vertex  6.000000e+000  1.912236e+001  1.105435e+001
    endloop
  endfacet
  facet normal  1.000000e+000  0.000000e+000  0.000000e+000
    outer loop
      vertex  6.000000e+000  1.699593e+000  5.230811e+000
      vertex  6.000000e+000  1.912236e+001  1.105435e+001
      vertex  6.000000e+000  1.904159e+001  1.119266e+001
    endloop
  endfacet
  facet normal  1.000000e+000  0.000000e+000  0.000000e+000
    outer loop
      vertex  6.000000e+000  1.699593e+000  5.230811e+000
      vertex  6.000000e+000  1.904159e+001  1.119266e+001
      vertex  6.000000e+000  1.898628e+001  1.142699e+001
    endloop
  endfacet
  facet normal  1.000000e+000  0.000000e+000  0.000000e+000
    outer loop
      vertex  6.000000e+000  1.699593e+000  5.230811e+000
      vertex  6.000000e+000  1.898628e+001  1.142699e+001
      vertex  6.000000e+000  1.774779e+001  1.326918e+001
    endloop
  endfacet
  facet normal  9.999999e-001  0.000000e+000  0.000000e+000
    outer loop
      vertex  6.000000e+000  1.699593e+000  5.230811e+000
      vertex  6.000000e+000  1.774779e+001  1.326918e+001
      vertex  6.000000e+000  1.755177e+001  1.340891e+001
    endloop
  endfacet
  facet normal  1.000000e+000  0.000000e+000  0.000000e+000
    outer loop
      vertex  6.000000e+000  1.699593e+000  5.230811e+000
      vertex  6.000000e+000  1.755177e+001  1.340891e+001
      vertex  6.000000e+000  1.745397e+001  1.353575e+001
    endloop
  endfacet
  facet normal  1.000000e+000  0.000000e+000  0.000000e+000
    outer loop
      vertex  6.000000e+000  1.699593e+000  5.230811e+000
      vertex  6.000000e+000  1.745397e+001  1.353575e+001
      vertex  6.000000e+000  1.736915e+001  1.376109e+001
    endloop
  endfacet
  facet normal  1.000000e+000  0.000000e+000  0.000000e+000
    outer loop
      vertex  6.000000e+000  1.699593e+000  5.230811e+000
      vertex  6.000000e+000  1.736915e+001  1.376109e+001
      vertex  6.000000e+000  1.590526e+001  1.542977e+001
    endloop
  endfacet
  facet normal  1.000000e+000  0.000000e+000  0.000000e+000
    outer loop
      vertex  6.000000e+000  1.699593e+000  5.230811e+000
      vertex  6.000000e+000  1.590526e+001  1.542977e+001
      vertex  6.000000e+000  1.569298e+001  1.554330e+001
    endloop
  endfacet
  facet normal  1.000000e+000  0.000000e+000  0.000000e+000
    outer loop
      vertex  6.000000e+000  1.699593e+000  5.230811e+000
      vertex  6.000000e+000  1.569298e+001  1.554330e+001
      vertex  6.000000e+000  1.557976e+001  1.565659e+001
    endloop
  endfacet
  facet normal  1.000000e+000  0.000000e+000  0.000000e+000
    outer loop
      vertex  6.000000e+000  1.699593e+000  5.230811e+000
      vertex  6.000000e+000  1.557976e+001  1.565659e+001
      vertex  6.000000e+000  1.546683e+001  1.586923e+001
    endloop
  endfacet
  facet normal  1.000000e+000  0.000000e+000  0.000000e+000
    outer loop
      vertex  6.000000e+000  1.699593e+000  5.230811e+000
      vertex  6.000000e+000  1.546683e+001  1.586923e+001
      vertex  6.000000e+000  1.380156e+001  1.733701e+001
    endloop
  endfacet
  facet normal  9.999999e-001  0.000000e+000  0.000000e+000
    outer loop
      vertex  6.000000e+000  1.699593e+000  5.230811e+000
      vertex  6.000000e+000  1.380156e+001  1.733701e+001
      vertex  6.000000e+000  1.357650e+001  1.742246e+001
    endloop
  endfacet
  facet normal  1.000000e+000  0.000000e+000  0.000000e+000
    outer loop
      vertex  6.000000e+000  1.699593e+000  5.230811e+000
      vertex  6.000000e+000  1.357650e+001  1.742246e+001
      vertex  6.000000e+000  1.344973e+001  1.752034e+001
    endloop
  endfacet
  facet normal  1.000000e+000  0.000000e+000  0.000000e+000
    outer loop
      vertex  6.000000e+000  1.699593e+000  5.230811e+000
      vertex  6.000000e+000  1.344973e+001  1.752034e+001
      vertex  6.000000e+000  1.331053e+001  1.771679e+001
    endloop
  endfacet
  facet normal  1.000000e+000  0.000000e+000  0.000000e+000
    outer loop
      vertex  6.000000e+000  1.699593e+000  5.230811e+000
      vertex  6.000000e+000  1.331053e+001  1.771679e+001
      vertex  6.000000e+000  1.147124e+001  1.895958e+001
    endloop
  endfacet
  facet normal  1.000000e+000  0.000000e+000  0.000000e+000
    outer loop
      vertex  6.000000e+000  1.699593e+000  5.230811e+000
      vertex  6.000000e+000  1.147124e+001  1.895958e+001
      vertex  6.000000e+000  1.123711e+001  1.901554e+001
    endloop
  endfacet
  facet normal  1.000000e+000  0.000000e+000  0.000000e+000
    outer loop
      vertex  6.000000e+000  1.699593e+000  5.230811e+000
      vertex  6.000000e+000  1.123711e+001  1.901554e+001
      vertex  6.000000e+000  1.109886e+001  1.909641e+001
    endloop
  endfacet
  facet normal  9.999999e-001  0.000000e+000  0.000000e+000
    outer loop
      vertex  6.000000e+000  1.699593e+000  5.230811e+000
      vertex  6.000000e+000  1.109886e+001  1.909641e+001
      vertex  6.000000e+000  1.093568e+001  1.927345e+001
    endloop
  endfacet
  facet normal  1.000000e+000  0.000000e+000  0.000000e+000
    outer loop
      vertex  6.000000e+000  1.699593e+000  5.230811e+000
      vertex  6.000000e+000  1.093568e+001  1.927345e+001
      vertex  6.000000e+000  1.091047e+001  1.951286e+001
    endloop
  endfacet
  facet normal  1.000000e+000  0.000000e+000  0.000000e+000
    outer loop
      vertex  6.000000e+000  1.699593e+000  5.230811e+000
      vertex  6.000000e+000  1.091047e+001  1.951286e+001
      vertex  6.000000e+000  8.952563e+000  2.027083e+001
    endloop
  endfacet
  facet normal  1.000000e+000  0.000000e+000  0.000000e+000
    outer loop
      vertex  6.000000e+000  1.699593e+000  5.230811e+000
      vertex  6.000000e+000  8.952563e+000  2.027083e+001
      vertex  6.000000e+000  8.713196e+000  2.029640e+001
    endloop
  endfacet
  facet normal  1.000000e+000  0.000000e+000  0.000000e+000
    outer loop
      vertex  6.000000e+000  1.699593e+000  5.230811e+000
      vertex  6.000000e+000  8.713196e+000  2.029640e+001
      vertex  6.000000e+000  8.565740e+000  2.035892e+001
    endloop
  endfacet
  facet normal  1.000000e+000  0.000000e+000  0.000000e+000
    outer loop
      vertex  6.000000e+000  1.699593e+000  5.230811e+000
      vertex  6.000000e+000  8.565740e+000  2.035892e+001
      vertex  6.000000e+000  8.381262e+000  2.051364e+001
    endloop
  endfacet
  facet normal  1.000000e+000  0.000000e+000  0.000000e+000
    outer loop
      vertex  6.000000e+000  1.699593e+000  5.230811e+000
      vertex  6.000000e+000  8.381262e+000  2.051364e+001
      vertex  6.000000e+000  8.325651e+000  2.074786e+001
    endloop
  endfacet
  facet normal  9.999999e-001  0.000000e+000  0.000000e+000
    outer loop
      vertex  6.000000e+000  1.699593e+000  5.230811e+000
      vertex  6.000000e+000  8.325651e+000  2.074786e+001
      vertex  6.000000e+000  6.046215e+000  2.124398e+001
    endloop
  endfacet
  facet normal  9.999999e-001  0.000000e+000  0.000000e+000
    outer loop
      vertex  6.000000e+000  1.699593e+000  5.230811e+000
      vertex  6.000000e+000  6.046215e+000  2.124398e+001
      vertex  6.000000e+000  5.891973e+000  2.128714e+001
    endloop
  endfacet
  facet normal  9.999999e-001  0.000000e+000  0.000000e+000
    outer loop
      vertex  6.000000e+000  1.699593e+000  5.230811e+000
      vertex  6.000000e+000  5.891973e+000  2.128714e+001
      vertex  6.000000e+000  5.689226e+000  2.141700e+001
    endloop
  endfacet
  facet normal  1.000000e+000  0.000000e+000  0.000000e+000
    outer loop
      vertex  6.000000e+000  1.699593e+000  5.230811e+000
      vertex  6.000000e+000  5.689226e+000  2.141700e+001
      vertex  6.000000e+000  5.604121e+000  2.164218e+001
    endloop
  endfacet
  facet normal  1.000000e+000  0.000000e+000  0.000000e+000
    outer loop
      vertex  6.000000e+000  1.699593e+000  5.230811e+000
      vertex  6.000000e+000  5.604121e+000  2.164218e+001
      vertex  6.000000e+000  3.279956e+000  2.184274e+001
    endloop
  endfacet
  facet normal  1.000000e+000  0.000000e+000  0.000000e+000
    outer loop
      vertex  6.000000e+000  1.699593e+000  5.230811e+000
      vertex  6.000000e+000  3.279956e+000  2.184274e+001
      vertex  6.000000e+000  3.121461e+000  2.186582e+001
    endloop
  endfacet
  facet normal  9.999999e-001  0.000000e+000  0.000000e+000
    outer loop
      vertex  6.000000e+000  1.699593e+000  5.230811e+000
      vertex  6.000000e+000  3.121461e+000  2.186582e+001
      vertex  6.000000e+000  2.903773e+000  2.196869e+001
    endloop
  endfacet
  facet normal  1.000000e+000  0.000000e+000  -0.000000e+000
    outer loop
      vertex  6.000000e+000  2.076722e+001  8.277241e+000
      vertex  6.000000e+000  2.125790e+001  5.996616e+000
      vertex  6.000000e+000  2.126384e+001  6.237312e+000
    endloop
  endfacet
  facet normal  1.000000e+000  0.000000e+000  -0.000000e+000
    outer loop
      vertex  6.000000e+000  2.076722e+001  8.277241e+000
      vertex  6.000000e+000  2.126384e+001  6.237312e+000
      vertex  6.000000e+000  2.141229e+001  6.426822e+000
    endloop
  endfacet
  facet normal  1.000000e+000  0.000000e+000  -0.000000e+000
    outer loop
      vertex  6.000000e+000  2.076722e+001  8.277241e+000
      vertex  6.000000e+000  2.141229e+001  6.426822e+000
      vertex  6.000000e+000  2.172421e+001  6.611949e+000
    endloop
  endfacet
  facet normal  1.000000e+000  0.000000e+000  -0.000000e+000
    outer loop
      vertex  6.000000e+000  2.076722e+001  8.277241e+000
      vertex  6.000000e+000  2.172421e+001  6.611949e+000
      vertex  6.000000e+000  2.257712e+001  7.249947e+000
    endloop
  endfacet
  facet normal  1.000000e+000  0.000000e+000  -0.000000e+000
    outer loop
      vertex  6.000000e+000  2.076722e+001  8.277241e+000
      vertex  6.000000e+000  2.257712e+001  7.249947e+000
      vertex  6.000000e+000  2.299291e+001  7.627370e+000
    endloop
  endfacet
  facet normal  1.000000e+000  0.000000e+000  0.000000e+000
    outer loop
      vertex  6.000000e+000  2.076722e+001  8.277241e+000
      vertex  6.000000e+000  2.299291e+001  7.627370e+000
      vertex  6.000000e+000  2.275163e+001  8.319488e+000
    endloop
  endfacet
  facet normal  1.000000e+000  0.000000e+000  0.000000e+000
    outer loop
      vertex  6.000000e+000  2.076722e+001  8.277241e+000
      vertex  6.000000e+000  2.275163e+001  8.319488e+000
      vertex  6.000000e+000  2.112663e+001  8.326141e+000
    endloop
  endfacet
  facet normal  9.999999e-001  0.000000e+000  -0.000000e+000
    outer loop
      vertex  6.000000e+000  1.953825e+001  1.086494e+001
      vertex  6.000000e+000  2.029166e+001  8.905263e+000
      vertex  6.000000e+000  2.041465e+001  9.112201e+000
    endloop
  endfacet
  facet normal  1.000000e+000  0.000000e+000  -0.000000e+000
    outer loop
      vertex  6.000000e+000  1.953825e+001  1.086494e+001
      vertex  6.000000e+000  2.041465e+001  9.112201e+000
      vertex  6.000000e+000  2.070033e+001  9.335694e+000
    endloop
  endfacet
  facet normal  1.000000e+000  0.000000e+000  -0.000000e+000
    outer loop
      vertex  6.000000e+000  1.953825e+001  1.086494e+001
      vertex  6.000000e+000  2.070033e+001  9.335694e+000
      vertex  6.000000e+000  2.146465e+001  1.007752e+001
    endloop
  endfacet
  facet normal  1.000000e+000  0.000000e+000  -0.000000e+000
    outer loop
      vertex  6.000000e+000  1.953825e+001  1.086494e+001
      vertex  6.000000e+000  2.146465e+001  1.007752e+001
      vertex  6.000000e+000  2.182877e+001  1.050502e+001
    endloop
  endfacet
  facet normal  9.999999e-001  0.000000e+000  0.000000e+000
    outer loop
      vertex  6.000000e+000  1.953825e+001  1.086494e+001
      vertex  6.000000e+000  2.182877e+001  1.050502e+001
      vertex  6.000000e+000  1.988845e+001  1.095940e+001
    endloop
  endfacet
  facet normal  1.000000e+000  0.000000e+000  -0.000000e+000
    outer loop
      vertex  6.000000e+000  1.774779e+001  1.326918e+001
      vertex  6.000000e+000  1.898628e+001  1.142699e+001
      vertex  6.000000e+000  1.908180e+001  1.164796e+001
    endloop
  endfacet
  facet normal  1.000000e+000  0.000000e+000  -0.000000e+000
    outer loop
      vertex  6.000000e+000  1.774779e+001  1.326918e+001
      vertex  6.000000e+000  1.908180e+001  1.164796e+001
      vertex  6.000000e+000  1.933656e+001  1.190615e+001
    endloop
  endfacet
  facet normal  1.000000e+000  0.000000e+000  -0.000000e+000
    outer loop
      vertex  6.000000e+000  1.774779e+001  1.326918e+001
      vertex  6.000000e+000  1.933656e+001  1.190615e+001
      vertex  6.000000e+000  1.999975e+001  1.273962e+001
    endloop
  endfacet
  facet normal  1.000000e+000  0.000000e+000  -0.000000e+000
    outer loop
      vertex  6.000000e+000  1.774779e+001  1.326918e+001
      vertex  6.000000e+000  1.999975e+001  1.273962e+001
      vertex  6.000000e+000  2.030621e+001  1.321017e+001
    endloop
  endfacet
  facet normal  1.000000e+000  0.000000e+000  -0.000000e+000
    outer loop
      vertex  6.000000e+000  1.590526e+001  1.542977e+001
      vertex  6.000000e+000  1.736915e+001  1.376109e+001
      vertex  6.000000e+000  1.743563e+001  1.399245e+001
    endloop
  endfacet
  facet normal  9.999999e-001  0.000000e+000  -0.000000e+000
    outer loop
      vertex  6.000000e+000  1.590526e+001  1.542977e+001
      vertex  6.000000e+000  1.743563e+001  1.399245e+001
      vertex  6.000000e+000  1.765528e+001  1.428110e+001
    endloop
  endfacet
  facet normal  1.000000e+000  0.000000e+000  -0.000000e+000
    outer loop
      vertex  6.000000e+000  1.590526e+001  1.542977e+001
      vertex  6.000000e+000  1.765528e+001  1.428110e+001
      vertex  6.000000e+000  1.820644e+001  1.519254e+001
    endloop
  endfacet
  facet normal  1.000000e+000  0.000000e+000  0.000000e+000
    outer loop
      vertex  6.000000e+000  1.590526e+001  1.542977e+001
      vertex  6.000000e+000  1.820644e+001  1.519254e+001
      vertex  6.000000e+000  1.614331e+001  1.546557e+001
    endloop
  endfacet
  facet normal  1.000000e+000  0.000000e+000  -0.000000e+000
    outer loop
      vertex  6.000000e+000 -4.186127e+000 -2.231894e+001
      vertex  6.000000e+000 -4.014983e+000 -2.337023e+001
      vertex  6.000000e+000 -2.389922e+000 -2.258201e+001
    endloop
  endfacet
  facet normal  1.000000e+000  0.000000e+000  -0.000000e+000
    outer loop
      vertex  6.000000e+000 -4.186127e+000 -2.231894e+001
      vertex  6.000000e+000 -2.389922e+000 -2.258201e+001
      vertex  6.000000e+000 -2.267038e+000 -2.224074e+001
    endloop
  endfacet
  facet normal  1.000000e+000  0.000000e+000  -0.000000e+000
    outer loop
      vertex  6.000000e+000 -4.186127e+000 -2.231894e+001
      vertex  6.000000e+000 -2.267038e+000 -2.224074e+001
      vertex  6.000000e+000 -2.108975e+000 -2.205918e+001
    endloop
  endfacet
  facet normal  9.999999e-001  0.000000e+000  -0.000000e+000
    outer loop
      vertex  6.000000e+000 -4.186127e+000 -2.231894e+001
      vertex  6.000000e+000 -2.108975e+000 -2.205918e+001
      vertex  6.000000e+000 -1.873747e+000 -2.200801e+001
    endloop
  endfacet
  facet normal  1.000000e+000  0.000000e+000  0.000000e+000
    outer loop
      vertex  6.000000e+000 -4.186127e+000 -2.231894e+001
      vertex  6.000000e+000 -1.873747e+000 -2.200801e+001
      vertex  6.000000e+000 -4.205987e+000 -2.195677e+001
    endloop
  endfacet
  facet normal  1.000000e+000  -0.000000e+000  -0.000000e+000
    outer loop
      vertex  6.000000e+000 -6.970539e+000 -2.266494e+001
      vertex  6.000000e+000 -6.898869e+000 -2.322189e+001
      vertex  6.000000e+000 -6.193175e+000 -2.341998e+001
    endloop
  endfacet
  facet normal  1.000000e+000  0.000000e+000  -0.000000e+000
    outer loop
      vertex  6.000000e+000 -6.970539e+000 -2.266494e+001
      vertex  6.000000e+000 -6.193175e+000 -2.341998e+001
      vertex  6.000000e+000 -5.842144e+000 -2.298167e+001
    endloop
  endfacet
  facet normal  1.000000e+000  0.000000e+000  -0.000000e+000
    outer loop
      vertex  6.000000e+000 -6.970539e+000 -2.266494e+001
      vertex  6.000000e+000 -5.842144e+000 -2.298167e+001
      vertex  6.000000e+000 -5.258024e+000 -2.209100e+001
    endloop
  endfacet
  facet normal  1.000000e+000  0.000000e+000  -0.000000e+000
    outer loop
      vertex  6.000000e+000 -6.970539e+000 -2.266494e+001
      vertex  6.000000e+000 -5.258024e+000 -2.209100e+001
      vertex  6.000000e+000 -5.092509e+000 -2.176824e+001
    endloop
  endfacet
  facet normal  1.000000e+000  0.000000e+000  -0.000000e+000
    outer loop
      vertex  6.000000e+000 -6.970539e+000 -2.266494e+001
      vertex  6.000000e+000 -5.092509e+000 -2.176824e+001
      vertex  6.000000e+000 -4.912526e+000 -2.160838e+001
    endloop
  endfacet
  facet normal  1.000000e+000  0.000000e+000  0.000000e+000
    outer loop
      vertex  6.000000e+000 -6.970539e+000 -2.266494e+001
      vertex  6.000000e+000 -4.912526e+000 -2.160838e+001
      vertex  6.000000e+000 -7.005842e+000 -2.160040e+001
    endloop
  endfacet
  facet normal  1.000000e+000  0.000000e+000  0.000000e+000
    outer loop
      vertex  6.000000e+000 -9.811639e+000 -2.158749e+001
      vertex  6.000000e+000 -9.811778e+000 -2.214903e+001
      vertex  6.000000e+000 -8.733010e+000 -2.204592e+001
    endloop
  endfacet
  facet normal  1.000000e+000  0.000000e+000  -0.000000e+000
    outer loop
      vertex  6.000000e+000 -9.811639e+000 -2.158749e+001
      vertex  6.000000e+000 -8.733010e+000 -2.204592e+001
      vertex  6.000000e+000 -8.039789e+000 -2.123725e+001
    endloop
  endfacet
  facet normal  9.999999e-001  0.000000e+000  -0.000000e+000
    outer loop
      vertex  6.000000e+000 -9.811639e+000 -2.158749e+001
      vertex  6.000000e+000 -8.039789e+000 -2.123725e+001
      vertex  6.000000e+000 -7.834361e+000 -2.093831e+001
    endloop
  endfacet
  facet normal  1.000000e+000  0.000000e+000  -0.000000e+000
    outer loop
      vertex  6.000000e+000 -9.811639e+000 -2.158749e+001
      vertex  6.000000e+000 -7.834361e+000 -2.093831e+001
      vertex  6.000000e+000 -7.635412e+000 -2.080278e+001
    endloop
  endfacet
  facet normal  9.999999e-001  0.000000e+000  0.000000e+000
    outer loop
      vertex  6.000000e+000 -9.811639e+000 -2.158749e+001
      vertex  6.000000e+000 -7.635412e+000 -2.080278e+001
      vertex  6.000000e+000 -9.710522e+000 -2.052717e+001
    endloop
  endfacet
  facet normal  1.000000e+000  -0.000000e+000  0.000000e+000
    outer loop
      vertex  6.000000e+000 -1.249163e+001 -2.015557e+001
      vertex  6.000000e+000 -1.256358e+001 -2.071249e+001
      vertex  6.000000e+000 -1.148048e+001 -2.074817e+001
    endloop
  endfacet
  facet normal  1.000000e+000  0.000000e+000  -0.000000e+000
    outer loop
      vertex  6.000000e+000 -1.249163e+001 -2.015557e+001
      vertex  6.000000e+000 -1.148048e+001 -2.074817e+001
      vertex  6.000000e+000 -1.068954e+001 -2.003479e+001
    endloop
  endfacet
  facet normal  1.000000e+000  0.000000e+000  -0.000000e+000
    outer loop
      vertex  6.000000e+000 -1.249163e+001 -2.015557e+001
      vertex  6.000000e+000 -1.068954e+001 -2.003479e+001
      vertex  6.000000e+000 -1.044757e+001 -1.976457e+001
    endloop
  endfacet
  facet normal  1.000000e+000  0.000000e+000  -0.000000e+000
    outer loop
      vertex  6.000000e+000 -1.249163e+001 -2.015557e+001
      vertex  6.000000e+000 -1.044757e+001 -1.976457e+001
      vertex  6.000000e+000 -1.023293e+001 -1.965559e+001
    endloop
  endfacet
  facet normal  1.000000e+000  0.000000e+000  0.000000e+000
    outer loop
      vertex  6.000000e+000 -1.249163e+001 -2.015557e+001
      vertex  6.000000e+000 -1.023293e+001 -1.965559e+001
      vertex  6.000000e+000 -1.225575e+001 -1.911689e+001
    endloop
  endfacet
  facet normal  1.000000e+000  0.000000e+000  -0.000000e+000
    outer loop
      vertex  6.000000e+000 -1.740650e+001 -1.684827e+001
      vertex  6.000000e+000 -1.688882e+001 -1.736716e+001
      vertex  6.000000e+000 -1.636788e+001 -1.715752e+001
    endloop
  endfacet
  facet normal  1.000000e+000  0.000000e+000  -0.000000e+000
    outer loop
      vertex  6.000000e+000 -1.740650e+001 -1.684827e+001
      vertex  6.000000e+000 -1.636788e+001 -1.715752e+001
      vertex  6.000000e+000 -1.542185e+001 -1.666809e+001
    endloop
  endfacet
  facet normal  9.999999e-001  0.000000e+000  -0.000000e+000
    outer loop
      vertex  6.000000e+000 -1.740650e+001 -1.684827e+001
      vertex  6.000000e+000 -1.542185e+001 -1.666809e+001
      vertex  6.000000e+000 -1.511926e+001 -1.646810e+001
    endloop
  endfacet
  facet normal  1.000000e+000  0.000000e+000  -0.000000e+000
    outer loop
      vertex  6.000000e+000 -1.740650e+001 -1.684827e+001
      vertex  6.000000e+000 -1.511926e+001 -1.646810e+001
      vertex  6.000000e+000 -1.488399e+001 -1.641712e+001
    endloop
  endfacet
  facet normal  1.000000e+000  0.000000e+000  0.000000e+000
    outer loop
      vertex  6.000000e+000 -1.740650e+001 -1.684827e+001
      vertex  6.000000e+000 -1.488399e+001 -1.641712e+001
      vertex  6.000000e+000 -1.719564e+001 -1.632782e+001
    endloop
  endfacet
  facet normal  1.000000e+000  0.000000e+000  -0.000000e+000
    outer loop
      vertex  6.000000e+000 -2.074173e+001 -1.251524e+001
      vertex  6.000000e+000 -2.018465e+001 -1.244459e+001
      vertex  6.000000e+000 -1.914542e+001 -1.221114e+001
    endloop
  endfacet
  facet normal  1.000000e+000  0.000000e+000  -0.000000e+000
    outer loop
      vertex  6.000000e+000 -2.074173e+001 -1.251524e+001
      vertex  6.000000e+000 -1.914542e+001 -1.221114e+001
      vertex  6.000000e+000 -1.880199e+001 -1.209443e+001
    endloop
  endfacet
  facet normal  1.000000e+000  0.000000e+000  0.000000e+000
    outer loop
      vertex  6.000000e+000 -2.074173e+001 -1.251524e+001
      vertex  6.000000e+000 -1.880199e+001 -1.209443e+001
      vertex  6.000000e+000 -2.111086e+001 -1.188201e+001
    endloop
  endfacet
  facet normal  1.000000e+000  0.000000e+000  0.000000e+000
    outer loop
      vertex  6.000000e+000 -4.449594e+000  3.232819e+000
      vertex  6.000000e+000 -2.315711e+001  5.102543e+000
      vertex  6.000000e+000 -2.224817e+001  4.547271e+000
    endloop
  endfacet
  facet normal  1.000000e+000  0.000000e+000  0.000000e+000
    outer loop
      vertex  6.000000e+000 -4.449594e+000  3.232819e+000
      vertex  6.000000e+000 -2.224817e+001  4.547271e+000
      vertex  6.000000e+000 -2.192028e+001  4.392186e+000
    endloop
  endfacet
  facet normal  1.000000e+000  0.000000e+000  0.000000e+000
    outer loop
      vertex  6.000000e+000 -4.449594e+000  3.232819e+000
      vertex  6.000000e+000 -2.192028e+001  4.392186e+000
      vertex  6.000000e+000 -2.175473e+001  4.217419e+000
    endloop
  endfacet
  facet normal  1.000000e+000  0.000000e+000  0.000000e+000
    outer loop
      vertex  6.000000e+000 -4.449594e+000  3.232819e+000
      vertex  6.000000e+000 -2.175473e+001  4.217419e+000
      vertex  6.000000e+000 -2.172639e+001  3.978365e+000
    endloop
  endfacet
  facet normal  1.000000e+000  0.000000e+000  0.000000e+000
    outer loop
      vertex  6.000000e+000 -4.449594e+000  3.232819e+000
      vertex  6.000000e+000 -2.172639e+001  3.978365e+000
      vertex  6.000000e+000 -2.175454e+001  3.820692e+000
    endloop
  endfacet
  facet normal  9.999999e-001  0.000000e+000  0.000000e+000
    outer loop
      vertex  6.000000e+000 -4.449594e+000  3.232819e+000
      vertex  6.000000e+000 -2.175454e+001  3.820692e+000
      vertex  6.000000e+000 -2.186433e+001  3.606412e+000
    endloop
  endfacet
  facet normal  9.999999e-001  0.000000e+000  0.000000e+000
    outer loop
      vertex  6.000000e+000 -4.449594e+000  3.232819e+000
      vertex  6.000000e+000 -2.186433e+001  3.606412e+000
      vertex  6.000000e+000 -2.208030e+001  3.500077e+000
    endloop
  endfacet
  facet normal  1.000000e+000  0.000000e+000  0.000000e+000
    outer loop
      vertex  6.000000e+000 -4.449594e+000  3.232819e+000
      vertex  6.000000e+000 -2.208030e+001  3.500077e+000
      vertex  6.000000e+000 -2.244165e+001  3.468619e+000
    endloop
  endfacet
  facet normal  1.000000e+000  0.000000e+000  0.000000e+000
    outer loop
      vertex  6.000000e+000 -4.449594e+000  3.232819e+000
      vertex  6.000000e+000 -2.244165e+001  3.468619e+000
      vertex  6.000000e+000 -2.348691e+001  3.263867e+000
    endloop
  endfacet
  facet normal  9.999999e-001  0.000000e+000  0.000000e+000
    outer loop
      vertex  6.000000e+000 -4.449594e+000  3.232819e+000
      vertex  6.000000e+000 -2.348691e+001  3.263867e+000
      vertex  6.000000e+000 -2.402529e+001  3.104226e+000
    endloop
  endfacet
  facet normal  1.000000e+000  -0.000000e+000  0.000000e+000
    outer loop
      vertex  6.000000e+000 -4.449594e+000  3.232819e+000
      vertex  6.000000e+000 -2.402529e+001  3.104226e+000
      vertex  6.000000e+000 -2.211544e+001  1.400860e+000
    endloop
  endfacet
  facet normal  1.000000e+000  -0.000000e+000  0.000000e+000
    outer loop
      vertex  6.000000e+000 -4.449594e+000  3.232819e+000
      vertex  6.000000e+000 -2.211544e+001  1.400860e+000
      vertex  6.000000e+000 -2.205676e+001  1.167393e+000
    endloop
  endfacet
  facet normal  9.999999e-001  -0.000000e+000  0.000000e+000
    outer loop
      vertex  6.000000e+000 -4.449594e+000  3.232819e+000
      vertex  6.000000e+000 -2.205676e+001  1.167393e+000
      vertex  6.000000e+000 -2.206451e+001  1.007415e+000
    endloop
  endfacet
  facet normal  1.000000e+000  -0.000000e+000  0.000000e+000
    outer loop
      vertex  6.000000e+000 -4.449594e+000  3.232819e+000
      vertex  6.000000e+000 -2.206451e+001  1.007415e+000
      vertex  6.000000e+000 -2.214600e+001  7.808549e-001
    endloop
  endfacet
  facet normal  1.000000e+000  -0.000000e+000  0.000000e+000
    outer loop
      vertex  6.000000e+000 -4.449594e+000  3.232819e+000
      vertex  6.000000e+000 -2.214600e+001  7.808549e-001
      vertex  6.000000e+000 -2.234660e+001  6.477756e-001
    endloop
  endfacet
  facet normal  1.000000e+000  -0.000000e+000  0.000000e+000
    outer loop
      vertex  6.000000e+000 -4.449594e+000  3.232819e+000
      vertex  6.000000e+000 -2.234660e+001  6.477756e-001
      vertex  6.000000e+000 -2.422500e+001  6.454617e-003
    endloop
  endfacet
  facet normal  1.000000e+000  -0.000000e+000  0.000000e+000
    outer loop
      vertex  6.000000e+000 -4.449594e+000  3.232819e+000
      vertex  6.000000e+000 -2.422500e+001  6.454617e-003
      vertex  6.000000e+000 -2.422500e+001  0.000000e+000
    endloop
  endfacet
  facet normal  1.000000e+000  0.000000e+000  0.000000e+000
    outer loop
      vertex  6.000000e+000 -4.449594e+000  3.232819e+000
      vertex  6.000000e+000 -2.422500e+001  0.000000e+000
      vertex  6.000000e+000 -5.500000e+000  0.000000e+000
    endloop
  endfacet
  facet normal  1.000000e+000  0.000000e+000  0.000000e+000
    outer loop
      vertex  6.000000e+000 -2.230198e+001  1.553022e+000
      vertex  6.000000e+000 -2.211544e+001  1.400860e+000
      vertex  6.000000e+000 -2.402529e+001  3.104226e+000
    endloop
  endfacet
  facet normal  1.000000e+000  0.000000e+000  0.000000e+000
    outer loop
      vertex  6.000000e+000 -2.230198e+001  1.553022e+000
      vertex  6.000000e+000 -2.402529e+001  3.104226e+000
      vertex  6.000000e+000 -2.410820e+001  2.375964e+000
    endloop
  endfacet
  facet normal  1.000000e+000  0.000000e+000  0.000000e+000
    outer loop
      vertex  6.000000e+000 -2.230198e+001  1.553022e+000
      vertex  6.000000e+000 -2.410820e+001  2.375964e+000
      vertex  6.000000e+000 -2.361949e+001  2.099385e+000
    endloop
  endfacet
  facet normal  1.000000e+000  0.000000e+000  0.000000e+000
    outer loop
      vertex  6.000000e+000 -2.230198e+001  1.553022e+000
      vertex  6.000000e+000 -2.361949e+001  2.099385e+000
      vertex  6.000000e+000 -2.264701e+001  1.664905e+000
    endloop
  endfacet
  facet normal  1.000000e+000  0.000000e+000  0.000000e+000
    outer loop
      vertex  6.000000e+000 -4.449594e+000 -3.232819e+000
      vertex  6.000000e+000 -5.500000e+000  0.000000e+000
      vertex  6.000000e+000 -2.422500e+001  0.000000e+000
    endloop
  endfacet
  facet normal  9.999999e-001  0.000000e+000  0.000000e+000
    outer loop
      vertex  6.000000e+000 -4.449594e+000 -3.232819e+000
      vertex  6.000000e+000 -2.422500e+001  0.000000e+000
      vertex  6.000000e+000 -2.421411e+001 -7.264310e-001
    endloop
  endfacet
  facet normal  1.000000e+000  0.000000e+000  0.000000e+000
    outer loop
      vertex  6.000000e+000 -4.449594e+000 -3.232819e+000
      vertex  6.000000e+000 -2.421411e+001 -7.264310e-001
      vertex  6.000000e+000 -2.369404e+001 -9.382445e-001
    endloop
  endfacet
  facet normal  1.000000e+000  0.000000e+000  0.000000e+000
    outer loop
      vertex  6.000000e+000 -4.449594e+000 -3.232819e+000
      vertex  6.000000e+000 -2.369404e+001 -9.382445e-001
      vertex  6.000000e+000 -2.267398e+001 -1.244799e+000
    endloop
  endfacet
  facet normal  1.000000e+000  0.000000e+000  0.000000e+000
    outer loop
      vertex  6.000000e+000 -4.449594e+000 -3.232819e+000
      vertex  6.000000e+000 -2.267398e+001 -1.244799e+000
      vertex  6.000000e+000 -2.231747e+001 -1.311642e+000
    endloop
  endfacet
  facet normal  1.000000e+000  0.000000e+000  0.000000e+000
    outer loop
      vertex  6.000000e+000 -4.449594e+000 -3.232819e+000
      vertex  6.000000e+000 -2.231747e+001 -1.311642e+000
      vertex  6.000000e+000 -2.211301e+001 -1.438700e+000
    endloop
  endfacet
  facet normal  9.999999e-001  0.000000e+000  0.000000e+000
    outer loop
      vertex  6.000000e+000 -4.449594e+000 -3.232819e+000
      vertex  6.000000e+000 -2.211301e+001 -1.438700e+000
      vertex  6.000000e+000 -2.202496e+001 -1.662747e+000
    endloop
  endfacet
  facet normal  9.999999e-001  0.000000e+000  0.000000e+000
    outer loop
      vertex  6.000000e+000 -4.449594e+000 -3.232819e+000
      vertex  6.000000e+000 -2.202496e+001 -1.662747e+000
      vertex  6.000000e+000 -2.201219e+001 -1.822403e+000
    endloop
  endfacet
  facet normal  1.000000e+000  0.000000e+000  0.000000e+000
    outer loop
      vertex  6.000000e+000 -4.449594e+000 -3.232819e+000
      vertex  6.000000e+000 -2.201219e+001 -1.822403e+000
      vertex  6.000000e+000 -2.206404e+001 -2.057523e+000
    endloop
  endfacet
  facet normal  1.000000e+000  0.000000e+000  0.000000e+000
    outer loop
      vertex  6.000000e+000 -4.449594e+000 -3.232819e+000
      vertex  6.000000e+000 -2.206404e+001 -2.057523e+000
      vertex  6.000000e+000 -2.224597e+001 -2.215162e+000
    endloop
  endfacet
  facet normal  1.000000e+000  0.000000e+000  0.000000e+000
    outer loop
      vertex  6.000000e+000 -4.449594e+000 -3.232819e+000
      vertex  6.000000e+000 -2.224597e+001 -2.215162e+000
      vertex  6.000000e+000 -2.258752e+001 -2.337250e+000
    endloop
  endfacet
  facet normal  1.000000e+000  0.000000e+000  0.000000e+000
    outer loop
      vertex  6.000000e+000 -4.449594e+000 -3.232819e+000
      vertex  6.000000e+000 -2.258752e+001 -2.337250e+000
      vertex  6.000000e+000 -2.354667e+001 -2.800441e+000
    endloop
  endfacet
  facet normal  1.000000e+000  0.000000e+000  0.000000e+000
    outer loop
      vertex  6.000000e+000 -4.449594e+000 -3.232819e+000
      vertex  6.000000e+000 -2.354667e+001 -2.800441e+000
      vertex  6.000000e+000 -2.402694e+001 -3.091423e+000
    endloop
  endfacet
  facet normal  1.000000e+000  0.000000e+000  0.000000e+000
    outer loop
      vertex  6.000000e+000 -7.394899e+000 -2.081295e+001
      vertex  6.000000e+000 -9.852541e+000 -1.976829e+001
      vertex  6.000000e+000 -9.678355e+000 -1.993451e+001
    endloop
  endfacet
  facet normal  1.000000e+000  0.000000e+000  0.000000e+000
    outer loop
      vertex  6.000000e+000 -7.394899e+000 -2.081295e+001
      vertex  6.000000e+000 -9.678355e+000 -1.993451e+001
      vertex  6.000000e+000 -9.637865e+000 -2.017180e+001
    endloop
  endfacet
  facet normal  1.000000e+000  0.000000e+000  0.000000e+000
    outer loop
      vertex  6.000000e+000 -7.394899e+000 -2.081295e+001
      vertex  6.000000e+000 -9.637865e+000 -2.017180e+001
      vertex  6.000000e+000 -9.710522e+000 -2.052717e+001
    endloop
  endfacet
  facet normal  1.000000e+000  0.000000e+000  0.000000e+000
    outer loop
      vertex  6.000000e+000 -7.394899e+000 -2.081295e+001
      vertex  6.000000e+000 -9.710522e+000 -2.052717e+001
      vertex  6.000000e+000 -7.635412e+000 -2.080278e+001
    endloop
  endfacet
  facet normal  1.000000e+000  0.000000e+000  0.000000e+000
    outer loop
      vertex  6.000000e+000 -9.995688e+000 -1.969644e+001
      vertex  6.000000e+000 -1.229956e+001 -1.834607e+001
      vertex  6.000000e+000 -1.214806e+001 -1.853320e+001
    endloop
  endfacet
  facet normal  1.000000e+000  0.000000e+000  0.000000e+000
    outer loop
      vertex  6.000000e+000 -9.995688e+000 -1.969644e+001
      vertex  6.000000e+000 -1.214806e+001 -1.853320e+001
      vertex  6.000000e+000 -1.213825e+001 -1.877373e+001
    endloop
  endfacet
  facet normal  1.000000e+000  0.000000e+000  0.000000e+000
    outer loop
      vertex  6.000000e+000 -9.995688e+000 -1.969644e+001
      vertex  6.000000e+000 -1.213825e+001 -1.877373e+001
      vertex  6.000000e+000 -1.225575e+001 -1.911689e+001
    endloop
  endfacet
  facet normal  1.000000e+000  0.000000e+000  0.000000e+000
    outer loop
      vertex  6.000000e+000 -9.995688e+000 -1.969644e+001
      vertex  6.000000e+000 -1.225575e+001 -1.911689e+001
      vertex  6.000000e+000 -1.023293e+001 -1.965559e+001
    endloop
  endfacet
  facet normal  1.000000e+000  0.000000e+000  0.000000e+000
    outer loop
      vertex  6.000000e+000 -1.243235e+001 -1.825651e+001
      vertex  6.000000e+000 -1.454463e+001 -1.662262e+001
      vertex  6.000000e+000 -1.441830e+001 -1.682759e+001
    endloop
  endfacet
  facet normal  1.000000e+000  0.000000e+000  0.000000e+000
    outer loop
      vertex  6.000000e+000 -1.243235e+001 -1.825651e+001
      vertex  6.000000e+000 -1.441830e+001 -1.682759e+001
      vertex  6.000000e+000 -1.443933e+001 -1.706739e+001
    endloop
  endfacet
  facet normal  9.999999e-001  0.000000e+000  0.000000e+000
    outer loop
      vertex  6.000000e+000 -1.243235e+001 -1.825651e+001
      vertex  6.000000e+000 -1.443933e+001 -1.706739e+001
      vertex  6.000000e+000 -1.459975e+001 -1.739271e+001
    endloop
  endfacet
  facet normal  9.999999e-001  0.000000e+000  0.000000e+000
    outer loop
      vertex  6.000000e+000 -1.243235e+001 -1.825651e+001
      vertex  6.000000e+000 -1.459975e+001 -1.739271e+001
      vertex  6.000000e+000 -1.266241e+001 -1.818566e+001
    endloop
  endfacet
  facet normal  1.000000e+000  0.000000e+000  0.000000e+000
    outer loop
      vertex  6.000000e+000 -1.466487e+001 -1.651681e+001
      vertex  6.000000e+000 -1.655087e+001 -1.462622e+001
      vertex  6.000000e+000 -1.645179e+001 -1.484566e+001
    endloop
  endfacet
  facet normal  1.000000e+000  0.000000e+000  0.000000e+000
    outer loop
      vertex  6.000000e+000 -1.466487e+001 -1.651681e+001
      vertex  6.000000e+000 -1.645179e+001 -1.484566e+001
      vertex  6.000000e+000 -1.650331e+001 -1.508081e+001
    endloop
  endfacet
  facet normal  1.000000e+000  0.000000e+000  0.000000e+000
    outer loop
      vertex  6.000000e+000 -1.466487e+001 -1.651681e+001
      vertex  6.000000e+000 -1.650331e+001 -1.508081e+001
      vertex  6.000000e+000 -1.670402e+001 -1.538294e+001
    endloop
  endfacet
  facet normal  1.000000e+000  0.000000e+000  0.000000e+000
    outer loop
      vertex  6.000000e+000 -1.466487e+001 -1.651681e+001
      vertex  6.000000e+000 -1.670402e+001 -1.538294e+001
      vertex  6.000000e+000 -1.488399e+001 -1.641712e+001
    endloop
  endfacet
  facet normal  9.999999e-001  0.000000e+000  0.000000e+000
    outer loop
      vertex  6.000000e+000 -1.665660e+001 -1.450591e+001
      vertex  6.000000e+000 -1.828535e+001 -1.238966e+001
      vertex  6.000000e+000 -1.821514e+001 -1.261997e+001
    endloop
  endfacet
  facet normal  1.000000e+000  0.000000e+000  0.000000e+000
    outer loop
      vertex  6.000000e+000 -1.665660e+001 -1.450591e+001
      vertex  6.000000e+000 -1.821514e+001 -1.261997e+001
      vertex  6.000000e+000 -1.829631e+001 -1.284660e+001
    endloop
  endfacet
  facet normal  9.999999e-001  0.000000e+000  0.000000e+000
    outer loop
      vertex  6.000000e+000 -1.665660e+001 -1.450591e+001
      vertex  6.000000e+000 -1.829631e+001 -1.284660e+001
      vertex  6.000000e+000 -1.853400e+001 -1.312058e+001
    endloop
  endfacet
  facet normal  1.000000e+000  0.000000e+000  0.000000e+000
    outer loop
      vertex  6.000000e+000 -1.665660e+001 -1.450591e+001
      vertex  6.000000e+000 -1.853400e+001 -1.312058e+001
      vertex  6.000000e+000 -1.686117e+001 -1.437902e+001
    endloop
  endfacet
  facet normal  1.000000e+000  0.000000e+000  0.000000e+000
    outer loop
      vertex  6.000000e+000 -1.856148e+001 -1.210481e+001
      vertex  6.000000e+000 -2.005966e+001 -1.064279e+001
      vertex  6.000000e+000 -2.077489e+001 -1.143206e+001
    endloop
  endfacet
  facet normal  1.000000e+000  0.000000e+000  0.000000e+000
    outer loop
      vertex  6.000000e+000 -1.856148e+001 -1.210481e+001
      vertex  6.000000e+000 -2.077489e+001 -1.143206e+001
      vertex  6.000000e+000 -2.111086e+001 -1.188201e+001
    endloop
  endfacet
  facet normal  9.999999e-001  0.000000e+000  0.000000e+000
    outer loop
      vertex  6.000000e+000 -1.856148e+001 -1.210481e+001
      vertex  6.000000e+000 -2.111086e+001 -1.188201e+001
      vertex  6.000000e+000 -1.880199e+001 -1.209443e+001
    endloop
  endfacet
  facet normal  1.000000e+000  0.000000e+000  0.000000e+000
    outer loop
      vertex  6.000000e+000 -1.837482e+001 -1.225682e+001
      vertex  6.000000e+000 -1.971958e+001 -9.949664e+000
      vertex  6.000000e+000 -1.967940e+001 -1.018706e+001
    endloop
  endfacet
  facet normal  1.000000e+000  0.000000e+000  0.000000e+000
    outer loop
      vertex  6.000000e+000 -1.837482e+001 -1.225682e+001
      vertex  6.000000e+000 -1.967940e+001 -1.018706e+001
      vertex  6.000000e+000 -1.978889e+001 -1.040145e+001
    endloop
  endfacet
  facet normal  1.000000e+000  0.000000e+000  0.000000e+000
    outer loop
      vertex  6.000000e+000 -1.837482e+001 -1.225682e+001
      vertex  6.000000e+000 -1.978889e+001 -1.040145e+001
      vertex  6.000000e+000 -2.005966e+001 -1.064279e+001
    endloop
  endfacet
  facet normal  1.000000e+000  0.000000e+000  0.000000e+000
    outer loop
      vertex  6.000000e+000 -1.837482e+001 -1.225682e+001
      vertex  6.000000e+000 -2.005966e+001 -1.064279e+001
      vertex  6.000000e+000 -1.856148e+001 -1.210481e+001
    endloop
  endfacet
  facet normal  1.000000e+000  0.000000e+000  0.000000e+000
    outer loop
      vertex  6.000000e+000 -1.995702e+001 -9.631839e+000
      vertex  6.000000e+000 -2.125594e+001 -7.990239e+000
      vertex  6.000000e+000 -2.206622e+001 -8.681572e+000
    endloop
  endfacet
  facet normal  1.000000e+000  0.000000e+000  0.000000e+000
    outer loop
      vertex  6.000000e+000 -1.995702e+001 -9.631839e+000
      vertex  6.000000e+000 -2.206622e+001 -8.681572e+000
      vertex  6.000000e+000 -2.245698e+001 -9.084860e+000
    endloop
  endfacet
  facet normal  9.999999e-001  0.000000e+000  0.000000e+000
    outer loop
      vertex  6.000000e+000 -1.995702e+001 -9.631839e+000
      vertex  6.000000e+000 -2.245698e+001 -9.084860e+000
      vertex  6.000000e+000 -2.019423e+001 -9.590795e+000
    endloop
  endfacet
  facet normal  9.999999e-001  0.000000e+000  0.000000e+000
    outer loop
      vertex  6.000000e+000 -1.979133e+001 -9.806469e+000
      vertex  6.000000e+000 -2.083002e+001 -7.346294e+000
      vertex  6.000000e+000 -2.082053e+001 -7.586875e+000
    endloop
  endfacet
  facet normal  1.000000e+000  0.000000e+000  0.000000e+000
    outer loop
      vertex  6.000000e+000 -1.979133e+001 -9.806469e+000
      vertex  6.000000e+000 -2.082053e+001 -7.586875e+000
      vertex  6.000000e+000 -2.095653e+001 -7.785507e+000
    endloop
  endfacet
  facet normal  1.000000e+000  0.000000e+000  0.000000e+000
    outer loop
      vertex  6.000000e+000 -1.979133e+001 -9.806469e+000
      vertex  6.000000e+000 -2.095653e+001 -7.785507e+000
      vertex  6.000000e+000 -2.125594e+001 -7.990239e+000
    endloop
  endfacet
  facet normal  1.000000e+000  0.000000e+000  0.000000e+000
    outer loop
      vertex  6.000000e+000 -1.979133e+001 -9.806469e+000
      vertex  6.000000e+000 -2.125594e+001 -7.990239e+000
      vertex  6.000000e+000 -1.995702e+001 -9.631839e+000
    endloop
  endfacet
  facet normal  1.000000e+000  0.000000e+000  0.000000e+000
    outer loop
      vertex  6.000000e+000 -4.856696e+000  2.182207e+001
      vertex  6.000000e+000 -4.949493e+000  2.159994e+001
      vertex  6.000000e+000 -2.526992e+000  2.194247e+001
    endloop
  endfacet
  facet normal  1.000000e+000  0.000000e+000  0.000000e+000
    outer loop
      vertex  6.000000e+000 -4.856696e+000  2.182207e+001
      vertex  6.000000e+000 -2.526992e+000  2.194247e+001
      vertex  6.000000e+000 -2.763654e+000  2.198675e+001
    endloop
  endfacet
  facet normal  9.999999e-001  0.000000e+000  0.000000e+000
    outer loop
      vertex  6.000000e+000 -4.856696e+000  2.182207e+001
      vertex  6.000000e+000 -2.763654e+000  2.198675e+001
      vertex  6.000000e+000 -2.927043e+000  2.216354e+001
    endloop
  endfacet
  facet normal  1.000000e+000  0.000000e+000  0.000000e+000
    outer loop
      vertex  6.000000e+000 -4.856696e+000  2.182207e+001
      vertex  6.000000e+000 -2.927043e+000  2.216354e+001
      vertex  6.000000e+000 -4.847608e+000  2.218467e+001
    endloop
  endfacet
  facet normal  1.000000e+000  0.000000e+000  0.000000e+000
    outer loop
      vertex  6.000000e+000 -7.644722e+000  2.138264e+001
      vertex  6.000000e+000 -5.312186e+000  2.143918e+001
      vertex  6.000000e+000 -5.552567e+000  2.145283e+001
    endloop
  endfacet
  facet normal  1.000000e+000  0.000000e+000  0.000000e+000
    outer loop
      vertex  6.000000e+000 -7.644722e+000  2.138264e+001
      vertex  6.000000e+000 -5.552567e+000  2.145283e+001
      vertex  6.000000e+000 -5.737222e+000  2.160728e+001
    endloop
  endfacet
  facet normal  1.000000e+000  0.000000e+000  0.000000e+000
    outer loop
      vertex  6.000000e+000 -7.644722e+000  2.138264e+001
      vertex  6.000000e+000 -5.737222e+000  2.160728e+001
      vertex  6.000000e+000 -5.912257e+000  2.192497e+001
    endloop
  endfacet
  facet normal  1.000000e+000  0.000000e+000  0.000000e+000
    outer loop
      vertex  6.000000e+000 -7.644722e+000  2.138264e+001
      vertex  6.000000e+000 -5.912257e+000  2.192497e+001
      vertex  6.000000e+000 -7.641073e+000  2.244776e+001
    endloop
  endfacet
  facet normal  1.000000e+000  0.000000e+000  -0.000000e+000
    outer loop
      vertex  6.000000e+000 -1.031631e+001  2.022950e+001
      vertex  6.000000e+000 -1.023312e+001  1.987645e+001
      vertex  6.000000e+000 -8.250308e+000  2.056666e+001
    endloop
  endfacet
  facet normal  1.000000e+000  0.000000e+000  0.000000e+000
    outer loop
      vertex  6.000000e+000 -1.031631e+001  2.022950e+001
      vertex  6.000000e+000 -8.250308e+000  2.056666e+001
      vertex  6.000000e+000 -8.453197e+000  2.069622e+001
    endloop
  endfacet
  facet normal  1.000000e+000  0.000000e+000  0.000000e+000
    outer loop
      vertex  6.000000e+000 -1.031631e+001  2.022950e+001
      vertex  6.000000e+000 -8.453197e+000  2.069622e+001
      vertex  6.000000e+000 -8.667419e+000  2.098892e+001
    endloop
  endfacet
  facet normal  1.000000e+000  0.000000e+000  0.000000e+000
    outer loop
      vertex  6.000000e+000 -1.031631e+001  2.022950e+001
      vertex  6.000000e+000 -8.667419e+000  2.098892e+001
      vertex  6.000000e+000 -1.044890e+001  2.128634e+001
    endloop
  endfacet
  facet normal  1.000000e+000  0.000000e+000  -0.000000e+000
    outer loop
      vertex  6.000000e+000 -1.281850e+001  1.874420e+001
      vertex  6.000000e+000 -1.269085e+001  1.840468e+001
      vertex  6.000000e+000 -1.081258e+001  1.934278e+001
    endloop
  endfacet
  facet normal  1.000000e+000  0.000000e+000  0.000000e+000
    outer loop
      vertex  6.000000e+000 -1.281850e+001  1.874420e+001
      vertex  6.000000e+000 -1.081258e+001  1.934278e+001
      vertex  6.000000e+000 -1.103037e+001  1.944534e+001
    endloop
  endfacet
  facet normal  1.000000e+000  0.000000e+000  0.000000e+000
    outer loop
      vertex  6.000000e+000 -1.281850e+001  1.874420e+001
      vertex  6.000000e+000 -1.103037e+001  1.944534e+001
      vertex  6.000000e+000 -1.128026e+001  1.970824e+001
    endloop
  endfacet
  facet normal  1.000000e+000  0.000000e+000  0.000000e+000
    outer loop
      vertex  6.000000e+000 -1.281850e+001  1.874420e+001
      vertex  6.000000e+000 -1.128026e+001  1.970824e+001
      vertex  6.000000e+000 -1.308515e+001  1.977541e+001
    endloop
  endfacet
  facet normal  1.000000e+000  -0.000000e+000  -0.000000e+000
    outer loop
      vertex  6.000000e+000 -1.767332e+001  1.580954e+001
      vertex  6.000000e+000 -1.715382e+001  1.487969e+001
      vertex  6.000000e+000 -1.694423e+001  1.458366e+001
    endloop
  endfacet
  facet normal  1.000000e+000  0.000000e+000  -0.000000e+000
    outer loop
      vertex  6.000000e+000 -1.767332e+001  1.580954e+001
      vertex  6.000000e+000 -1.694423e+001  1.458366e+001
      vertex  6.000000e+000 -1.536534e+001  1.596751e+001
    endloop
  endfacet
  facet normal  1.000000e+000  0.000000e+000  0.000000e+000
    outer loop
      vertex  6.000000e+000 -1.767332e+001  1.580954e+001
      vertex  6.000000e+000 -1.536534e+001  1.596751e+001
      vertex  6.000000e+000 -1.560202e+001  1.601147e+001
    endloop
  endfacet
  facet normal  1.000000e+000  0.000000e+000  0.000000e+000
    outer loop
      vertex  6.000000e+000 -1.767332e+001  1.580954e+001
      vertex  6.000000e+000 -1.560202e+001  1.601147e+001
      vertex  6.000000e+000 -1.591043e+001  1.620238e+001
    endloop
  endfacet
  facet normal  9.999999e-001  0.000000e+000  0.000000e+000
    outer loop
      vertex  6.000000e+000 -1.767332e+001  1.580954e+001
      vertex  6.000000e+000 -1.591043e+001  1.620238e+001
      vertex  6.000000e+000 -1.789955e+001  1.632350e+001
    endloop
  endfacet
  facet normal  1.000000e+000  -0.000000e+000  -0.000000e+000
    outer loop
      vertex  6.000000e+000 -2.145468e+001  1.124933e+001
      vertex  6.000000e+000 -2.110547e+001  1.080957e+001
      vertex  6.000000e+000 -2.036711e+001  1.004190e+001
    endloop
  endfacet
  facet normal  1.000000e+000  -0.000000e+000  -0.000000e+000
    outer loop
      vertex  6.000000e+000 -2.145468e+001  1.124933e+001
      vertex  6.000000e+000 -2.036711e+001  1.004190e+001
      vertex  6.000000e+000 -2.008928e+001  9.808719e+000
    endloop
  endfacet
  facet normal  1.000000e+000  0.000000e+000  -0.000000e+000
    outer loop
      vertex  6.000000e+000 -2.145468e+001  1.124933e+001
      vertex  6.000000e+000 -2.008928e+001  9.808719e+000
      vertex  6.000000e+000 -1.915314e+001  1.153029e+001
    endloop
  endfacet
  facet normal  1.000000e+000  0.000000e+000  0.000000e+000
    outer loop
      vertex  6.000000e+000 -2.145468e+001  1.124933e+001
      vertex  6.000000e+000 -1.915314e+001  1.153029e+001
      vertex  6.000000e+000 -1.949988e+001  1.163673e+001
    endloop
  endfacet
  facet normal  9.999999e-001  0.000000e+000  0.000000e+000
    outer loop
      vertex  6.000000e+000 -2.145468e+001  1.124933e+001
      vertex  6.000000e+000 -1.949988e+001  1.163673e+001
      vertex  6.000000e+000 -2.054559e+001  1.183920e+001
    endloop
  endfacet
  facet normal  1.000000e+000  0.000000e+000  0.000000e+000
    outer loop
      vertex  6.000000e+000 -2.145468e+001  1.124933e+001
      vertex  6.000000e+000 -2.054559e+001  1.183920e+001
      vertex  6.000000e+000 -2.110453e+001  1.189326e+001
    endloop
  endfacet
  facet normal  1.000000e+000  0.000000e+000  0.000000e+000
    outer loop
      vertex  6.000000e+000  2.030621e+001  1.321017e+001
      vertex  6.000000e+000  1.989726e+001  1.381845e+001
      vertex  6.000000e+000  1.934585e+001  1.371226e+001
    endloop
  endfacet
  facet normal  1.000000e+000  0.000000e+000  0.000000e+000
    outer loop
      vertex  6.000000e+000  2.030621e+001  1.321017e+001
      vertex  6.000000e+000  1.934585e+001  1.371226e+001
      vertex  6.000000e+000  1.832371e+001  1.341270e+001
    endloop
  endfacet
  facet normal  1.000000e+000  0.000000e+000  0.000000e+000
    outer loop
      vertex  6.000000e+000  2.030621e+001  1.321017e+001
      vertex  6.000000e+000  1.832371e+001  1.341270e+001
      vertex  6.000000e+000  1.798846e+001  1.327423e+001
    endloop
  endfacet
  facet normal  1.000000e+000  0.000000e+000  0.000000e+000
    outer loop
      vertex  6.000000e+000  2.030621e+001  1.321017e+001
      vertex  6.000000e+000  1.798846e+001  1.327423e+001
      vertex  6.000000e+000  1.774779e+001  1.326918e+001
    endloop
  endfacet
  facet normal  1.000000e+000  0.000000e+000  0.000000e+000
    outer loop
      vertex  6.000000e+000  8.375390e+000  2.110715e+001
      vertex  6.000000e+000  8.408365e+000  2.217177e+001
      vertex  6.000000e+000  6.662596e+000  2.170872e+001
    endloop
  endfacet
  facet normal  1.000000e+000  0.000000e+000  0.000000e+000
    outer loop
      vertex  6.000000e+000  8.375390e+000  2.110715e+001
      vertex  6.000000e+000  6.662596e+000  2.170872e+001
      vertex  6.000000e+000  6.476742e+000  2.139724e+001
    endloop
  endfacet
  facet normal  1.000000e+000  0.000000e+000  0.000000e+000
    outer loop
      vertex  6.000000e+000  8.375390e+000  2.110715e+001
      vertex  6.000000e+000  6.476742e+000  2.139724e+001
      vertex  6.000000e+000  6.286886e+000  2.124924e+001
    endloop
  endfacet
  facet normal  9.999999e-001  0.000000e+000  0.000000e+000
    outer loop
      vertex  6.000000e+000  8.375390e+000  2.110715e+001
      vertex  6.000000e+000  6.286886e+000  2.124924e+001
      vertex  6.000000e+000  6.046215e+000  2.124398e+001
    endloop
  endfacet
  facet normal  1.000000e+000  0.000000e+000  0.000000e+000
    outer loop
      vertex  6.000000e+000  8.375390e+000  2.110715e+001
      vertex  6.000000e+000  6.046215e+000  2.124398e+001
      vertex  6.000000e+000  8.325651e+000  2.074786e+001
    endloop
  endfacet
  facet normal  1.000000e+000  0.000000e+000  -0.000000e+000
    outer loop
      vertex  6.000000e+000  4.449594e+000  3.232819e+000
      vertex  6.000000e+000  2.185020e+001  3.228985e+000
      vertex  6.000000e+000  2.188688e+001  3.466944e+000
    endloop
  endfacet
  facet normal  1.000000e+000  0.000000e+000  -0.000000e+000
    outer loop
      vertex  6.000000e+000  4.449594e+000  3.232819e+000
      vertex  6.000000e+000  2.188688e+001  3.466944e+000
      vertex  6.000000e+000  2.205834e+001  3.635915e+000
    endloop
  endfacet
  facet normal  1.000000e+000  0.000000e+000  -0.000000e+000
    outer loop
      vertex  6.000000e+000  4.449594e+000  3.232819e+000
      vertex  6.000000e+000  2.205834e+001  3.635915e+000
      vertex  6.000000e+000  2.239137e+001  3.779635e+000
    endloop
  endfacet
  facet normal  1.000000e+000  0.000000e+000  -0.000000e+000
    outer loop
      vertex  6.000000e+000  4.449594e+000  3.232819e+000
      vertex  6.000000e+000  2.239137e+001  3.779635e+000
      vertex  6.000000e+000  2.331886e+001  4.303328e+000
    endloop
  endfacet
  facet normal  9.999999e-001  0.000000e+000  -0.000000e+000
    outer loop
      vertex  6.000000e+000  4.449594e+000  3.232819e+000
      vertex  6.000000e+000  2.331886e+001  4.303328e+000
      vertex  6.000000e+000  2.377950e+001  4.624482e+000
    endloop
  endfacet
  facet normal  9.999999e-001  0.000000e+000  0.000000e+000
    outer loop
      vertex  6.000000e+000  5.500000e+000 -3.116046e-015
      vertex  6.000000e+000  4.449594e+000 -3.232819e+000
      vertex  6.000000e+000  2.235566e+001 -1.209387e-001
    endloop
  endfacet
  facet normal  1.000000e+000  0.000000e+000  0.000000e+000
    outer loop
      vertex  6.000000e+000  5.500000e+000 -3.116046e-015
      vertex  6.000000e+000  2.235566e+001 -1.209387e-001
      vertex  6.000000e+000  2.215975e+001  1.895901e-002
    endloop
  endfacet
  facet normal  1.000000e+000  0.000000e+000  0.000000e+000
    outer loop
      vertex  6.000000e+000  5.500000e+000 -3.116046e-015
      vertex  6.000000e+000  2.215975e+001  1.895901e-002
      vertex  6.000000e+000  2.208624e+001  2.481871e-001
    endloop
  endfacet
  facet normal  1.000000e+000  0.000000e+000  0.000000e+000
    outer loop
      vertex  6.000000e+000  5.500000e+000 -3.116046e-015
      vertex  6.000000e+000  2.208624e+001  2.481871e-001
      vertex  6.000000e+000  2.208372e+001  4.083329e-001
    endloop
  endfacet
  facet normal  1.000000e+000  0.000000e+000  -0.000000e+000
    outer loop
      vertex  6.000000e+000  5.500000e+000 -3.116046e-015
      vertex  6.000000e+000  2.208372e+001  4.083329e-001
      vertex  6.000000e+000  2.215053e+001  6.396485e-001
    endloop
  endfacet
  facet normal  9.999999e-001  0.000000e+000  -0.000000e+000
    outer loop
      vertex  6.000000e+000  5.500000e+000 -3.116046e-015
      vertex  6.000000e+000  2.215053e+001  6.396485e-001
      vertex  6.000000e+000  2.234219e+001  7.853069e-001
    endloop
  endfacet
  facet normal  1.000000e+000  0.000000e+000  -0.000000e+000
    outer loop
      vertex  6.000000e+000  5.500000e+000 -3.116046e-015
      vertex  6.000000e+000  2.234219e+001  7.853069e-001
      vertex  6.000000e+000  2.269086e+001  8.852600e-001
    endloop
  endfacet
  facet normal  1.000000e+000  0.000000e+000  -0.000000e+000
    outer loop
      vertex  6.000000e+000  5.500000e+000 -3.116046e-015
      vertex  6.000000e+000  2.269086e+001  8.852600e-001
      vertex  6.000000e+000  2.367771e+001  1.286047e+000
    endloop
  endfacet
  facet normal  1.000000e+000  0.000000e+000  -0.000000e+000
    outer loop
      vertex  6.000000e+000  5.500000e+000 -3.116046e-015
      vertex  6.000000e+000  2.367771e+001  1.286047e+000
      vertex  6.000000e+000  2.417564e+001  1.545660e+000
    endloop
  endfacet
  facet normal  1.000000e+000  0.000000e+000  0.000000e+000
    outer loop
      vertex  6.000000e+000  5.500000e+000 -3.116046e-015
      vertex  6.000000e+000  2.417564e+001  1.545660e+000
      vertex  6.000000e+000  2.411781e+001  2.276342e+000
    endloop
  endfacet
  facet normal  1.000000e+000  0.000000e+000  0.000000e+000
    outer loop
      vertex  6.000000e+000  5.500000e+000 -3.116046e-015
      vertex  6.000000e+000  2.411781e+001  2.276342e+000
      vertex  6.000000e+000  2.358525e+001  2.454399e+000
    endloop
  endfacet
  facet normal  1.000000e+000  0.000000e+000  0.000000e+000
    outer loop
      vertex  6.000000e+000  5.500000e+000 -3.116046e-015
      vertex  6.000000e+000  2.358525e+001  2.454399e+000
      vertex  6.000000e+000  2.254764e+001  2.694969e+000
    endloop
  endfacet
  facet normal  1.000000e+000  0.000000e+000  0.000000e+000
    outer loop
      vertex  6.000000e+000  5.500000e+000 -3.116046e-015
      vertex  6.000000e+000  2.254764e+001  2.694969e+000
      vertex  6.000000e+000  2.218758e+001  2.738832e+000
    endloop
  endfacet
  facet normal  1.000000e+000  0.000000e+000  0.000000e+000
    outer loop
      vertex  6.000000e+000  5.500000e+000 -3.116046e-015
      vertex  6.000000e+000  2.218758e+001  2.738832e+000
      vertex  6.000000e+000  2.197540e+001  2.852530e+000
    endloop
  endfacet
  facet normal  1.000000e+000  0.000000e+000  0.000000e+000
    outer loop
      vertex  6.000000e+000  5.500000e+000 -3.116046e-015
      vertex  6.000000e+000  2.197540e+001  2.852530e+000
      vertex  6.000000e+000  2.187317e+001  3.070475e+000
    endloop
  endfacet
  facet normal  1.000000e+000  0.000000e+000  0.000000e+000
    outer loop
      vertex  6.000000e+000  5.500000e+000 -3.116046e-015
      vertex  6.000000e+000  2.187317e+001  3.070475e+000
      vertex  6.000000e+000  2.185020e+001  3.228985e+000
    endloop
  endfacet
  facet normal  1.000000e+000  0.000000e+000  0.000000e+000
    outer loop
      vertex  6.000000e+000  5.500000e+000 -3.116046e-015
      vertex  6.000000e+000  2.185020e+001  3.228985e+000
      vertex  6.000000e+000  4.449594e+000  3.232819e+000
    endloop
  endfacet
  facet normal  1.000000e+000  0.000000e+000  0.000000e+000
    outer loop
      vertex  6.000000e+000  4.449594e+000 -3.232819e+000
      vertex  6.000000e+000  2.249381e+001 -3.112483e+000
      vertex  6.000000e+000  2.215665e+001 -2.978724e+000
    endloop
  endfacet
  facet normal  1.000000e+000  0.000000e+000  0.000000e+000
    outer loop
      vertex  6.000000e+000  4.449594e+000 -3.232819e+000
      vertex  6.000000e+000  2.215665e+001 -2.978724e+000
      vertex  6.000000e+000  2.198025e+001 -2.814923e+000
    endloop
  endfacet
  facet normal  1.000000e+000  0.000000e+000  0.000000e+000
    outer loop
      vertex  6.000000e+000  4.449594e+000 -3.232819e+000
      vertex  6.000000e+000  2.198025e+001 -2.814923e+000
      vertex  6.000000e+000  2.193665e+001 -2.578176e+000
    endloop
  endfacet
  facet normal  9.999999e-001  0.000000e+000  -0.000000e+000
    outer loop
      vertex  6.000000e+000  4.449594e+000 -3.232819e+000
      vertex  6.000000e+000  2.193665e+001 -2.578176e+000
      vertex  6.000000e+000  2.195463e+001 -2.419024e+000
    endloop
  endfacet
  facet normal  1.000000e+000  0.000000e+000  -0.000000e+000
    outer loop
      vertex  6.000000e+000  4.449594e+000 -3.232819e+000
      vertex  6.000000e+000  2.195463e+001 -2.419024e+000
      vertex  6.000000e+000  2.205047e+001 -2.198150e+000
    endloop
  endfacet
  facet normal  1.000000e+000  0.000000e+000  -0.000000e+000
    outer loop
      vertex  6.000000e+000  4.449594e+000 -3.232819e+000
      vertex  6.000000e+000  2.205047e+001 -2.198150e+000
      vertex  6.000000e+000  2.225918e+001 -2.078196e+000
    endloop
  endfacet
  facet normal  1.000000e+000  0.000000e+000  -0.000000e+000
    outer loop
      vertex  6.000000e+000  4.449594e+000 -3.232819e+000
      vertex  6.000000e+000  2.225918e+001 -2.078196e+000
      vertex  6.000000e+000  2.261777e+001 -2.023651e+000
    endloop
  endfacet
  facet normal  1.000000e+000  0.000000e+000  -0.000000e+000
    outer loop
      vertex  6.000000e+000  4.449594e+000 -3.232819e+000
      vertex  6.000000e+000  2.261777e+001 -2.023651e+000
      vertex  6.000000e+000  2.364777e+001 -1.752349e+000
    endloop
  endfacet
  facet normal  1.000000e+000  0.000000e+000  -0.000000e+000
    outer loop
      vertex  6.000000e+000  4.449594e+000 -3.232819e+000
      vertex  6.000000e+000  2.364777e+001 -1.752349e+000
      vertex  6.000000e+000  2.417481e+001 -1.558542e+000
    endloop
  endfacet
  facet normal  9.999999e-001  0.000000e+000  -0.000000e+000
    outer loop
      vertex  6.000000e+000  4.449594e+000 -3.232819e+000
      vertex  6.000000e+000  2.417481e+001 -1.558542e+000
      vertex  6.000000e+000  2.421090e+001 -8.264646e-001
    endloop
  endfacet
  facet normal  1.000000e+000  0.000000e+000  0.000000e+000
    outer loop
      vertex  6.000000e+000  4.449594e+000 -3.232819e+000
      vertex  6.000000e+000  2.421090e+001 -8.264646e-001
      vertex  6.000000e+000  2.370547e+001 -5.817657e-001
    endloop
  endfacet
  facet normal  1.000000e+000  0.000000e+000  0.000000e+000
    outer loop
      vertex  6.000000e+000  4.449594e+000 -3.232819e+000
      vertex  6.000000e+000  2.370547e+001 -5.817657e-001
      vertex  6.000000e+000  2.270715e+001 -2.104851e-001
    endloop
  endfacet
  facet normal  1.000000e+000  0.000000e+000  0.000000e+000
    outer loop
      vertex  6.000000e+000  4.449594e+000 -3.232819e+000
      vertex  6.000000e+000  2.270715e+001 -2.104851e-001
      vertex  6.000000e+000  2.235566e+001 -1.209387e-001
    endloop
  endfacet
  facet normal  9.999999e-001  0.000000e+000  -0.000000e+000
    outer loop
      vertex  6.000000e+000  6.674885e+000 -2.105478e+001
      vertex  6.000000e+000  6.915647e+000 -2.105300e+001
      vertex  6.000000e+000  8.999005e+000 -2.084891e+001
    endloop
  endfacet
  facet normal  1.000000e+000  0.000000e+000  0.000000e+000
    outer loop
      vertex  6.000000e+000  6.674885e+000 -2.105478e+001
      vertex  6.000000e+000  8.999005e+000 -2.084891e+001
      vertex  6.000000e+000  8.938610e+000 -2.049125e+001
    endloop
  endfacet
  facet normal  1.000000e+000  0.000000e+000  -0.000000e+000
    outer loop
      vertex  6.000000e+000  6.674885e+000 -2.105478e+001
      vertex  6.000000e+000  8.938610e+000 -2.049125e+001
      vertex  6.000000e+000  8.987236e+000 -2.025548e+001
    endloop
  endfacet
  facet normal  1.000000e+000  0.000000e+000  -0.000000e+000
    outer loop
      vertex  6.000000e+000  6.674885e+000 -2.105478e+001
      vertex  6.000000e+000  8.987236e+000 -2.025548e+001
      vertex  6.000000e+000  9.167087e+000 -2.009547e+001
    endloop
  endfacet
  facet normal  1.000000e+000  0.000000e+000  -0.000000e+000
    outer loop
      vertex  6.000000e+000  9.312509e+000 -2.002835e+001
      vertex  6.000000e+000  9.551067e+000 -1.999580e+001
      vertex  6.000000e+000  1.159122e+001 -1.952697e+001
    endloop
  endfacet
  facet normal  1.000000e+000  0.000000e+000  0.000000e+000
    outer loop
      vertex  6.000000e+000  9.312509e+000 -2.002835e+001
      vertex  6.000000e+000  1.159122e+001 -1.952697e+001
      vertex  6.000000e+000  1.148559e+001 -1.917997e+001
    endloop
  endfacet
  facet normal  1.000000e+000  0.000000e+000  -0.000000e+000
    outer loop
      vertex  6.000000e+000  9.312509e+000 -2.002835e+001
      vertex  6.000000e+000  1.148559e+001 -1.917997e+001
      vertex  6.000000e+000  1.150366e+001 -1.893992e+001
    endloop
  endfacet
  facet normal  1.000000e+000  0.000000e+000  -0.000000e+000
    outer loop
      vertex  6.000000e+000  9.312509e+000 -2.002835e+001
      vertex  6.000000e+000  1.150366e+001 -1.893992e+001
      vertex  6.000000e+000  1.166158e+001 -1.875823e+001
    endloop
  endfacet
  facet normal  1.000000e+000  0.000000e+000  -0.000000e+000
    outer loop
      vertex  6.000000e+000  1.179722e+001 -1.867306e+001
      vertex  6.000000e+000  1.202966e+001 -1.861028e+001
      vertex  6.000000e+000  1.399311e+001 -1.788440e+001
    endloop
  endfacet
  facet normal  1.000000e+000  0.000000e+000  0.000000e+000
    outer loop
      vertex  6.000000e+000  1.179722e+001 -1.867306e+001
      vertex  6.000000e+000  1.399311e+001 -1.788440e+001
      vertex  6.000000e+000  1.384397e+001 -1.755376e+001
    endloop
  endfacet
  facet normal  1.000000e+000  0.000000e+000  0.000000e+000
    outer loop
      vertex  6.000000e+000  1.179722e+001 -1.867306e+001
      vertex  6.000000e+000  1.384397e+001 -1.755376e+001
      vertex  6.000000e+000  1.383120e+001 -1.731337e+001
    endloop
  endfacet
  facet normal  1.000000e+000  0.000000e+000  -0.000000e+000
    outer loop
      vertex  6.000000e+000  1.179722e+001 -1.867306e+001
      vertex  6.000000e+000  1.383120e+001 -1.731337e+001
      vertex  6.000000e+000  1.396459e+001 -1.711297e+001
    endloop
  endfacet
  facet normal  1.000000e+000  0.000000e+000  -0.000000e+000
    outer loop
      vertex  6.000000e+000  1.408823e+001 -1.701116e+001
      vertex  6.000000e+000  1.431073e+001 -1.691917e+001
      vertex  6.000000e+000  1.616524e+001 -1.594817e+001
    endloop
  endfacet
  facet normal  1.000000e+000  0.000000e+000  0.000000e+000
    outer loop
      vertex  6.000000e+000  1.408823e+001 -1.701116e+001
      vertex  6.000000e+000  1.616524e+001 -1.594817e+001
      vertex  6.000000e+000  1.597504e+001 -1.563932e+001
    endloop
  endfacet
  facet normal  1.000000e+000  0.000000e+000  0.000000e+000
    outer loop
      vertex  6.000000e+000  1.408823e+001 -1.701116e+001
      vertex  6.000000e+000  1.597504e+001 -1.563932e+001
      vertex  6.000000e+000  1.593163e+001 -1.540254e+001
    endloop
  endfacet
  facet normal  1.000000e+000  0.000000e+000  -0.000000e+000
    outer loop
      vertex  6.000000e+000  1.408823e+001 -1.701116e+001
      vertex  6.000000e+000  1.593163e+001 -1.540254e+001
      vertex  6.000000e+000  1.603829e+001 -1.518673e+001
    endloop
  endfacet
  facet normal  1.000000e+000  0.000000e+000  -0.000000e+000
    outer loop
      vertex  6.000000e+000  1.614790e+001 -1.506994e+001
      vertex  6.000000e+000  1.635681e+001 -1.495024e+001
      vertex  6.000000e+000  1.807193e+001 -1.375007e+001
    endloop
  endfacet
  facet normal  1.000000e+000  0.000000e+000  0.000000e+000
    outer loop
      vertex  6.000000e+000  1.614790e+001 -1.506994e+001
      vertex  6.000000e+000  1.807193e+001 -1.375007e+001
      vertex  6.000000e+000  1.784379e+001 -1.346808e+001
    endloop
  endfacet
  facet normal  1.000000e+000  0.000000e+000  0.000000e+000
    outer loop
      vertex  6.000000e+000  1.614790e+001 -1.506994e+001
      vertex  6.000000e+000  1.784379e+001 -1.346808e+001
      vertex  6.000000e+000  1.777047e+001 -1.323879e+001
    endloop
  endfacet
  facet normal  9.999999e-001  0.000000e+000  -0.000000e+000
    outer loop
      vertex  6.000000e+000  1.614790e+001 -1.506994e+001
      vertex  6.000000e+000  1.777047e+001 -1.323879e+001
      vertex  6.000000e+000  1.784866e+001 -1.301111e+001
    endloop
  endfacet
  facet normal  1.000000e+000  0.000000e+000  -0.000000e+000
    outer loop
      vertex  6.000000e+000  1.813432e+001 -1.273584e+001
      vertex  6.000000e+000  1.837503e+001 -1.273374e+001
      vertex  6.000000e+000  2.068985e+001 -1.260083e+001
    endloop
  endfacet
  facet normal  1.000000e+000  0.000000e+000  0.000000e+000
    outer loop
      vertex  6.000000e+000  1.813432e+001 -1.273584e+001
      vertex  6.000000e+000  2.068985e+001 -1.260083e+001
      vertex  6.000000e+000  2.036954e+001 -1.213960e+001
    endloop
  endfacet
  facet normal  1.000000e+000  0.000000e+000  0.000000e+000
    outer loop
      vertex  6.000000e+000  1.813432e+001 -1.273584e+001
      vertex  6.000000e+000  2.036954e+001 -1.213960e+001
      vertex  6.000000e+000  1.968188e+001 -1.132620e+001
    endloop
  endfacet
  facet normal  1.000000e+000  0.000000e+000  -0.000000e+000
    outer loop
      vertex  6.000000e+000  1.794243e+001 -1.288126e+001
      vertex  6.000000e+000  1.813432e+001 -1.273584e+001
      vertex  6.000000e+000  1.968188e+001 -1.132620e+001
    endloop
  endfacet
  facet normal  9.999999e-001  0.000000e+000  0.000000e+000
    outer loop
      vertex  6.000000e+000  1.794243e+001 -1.288126e+001
      vertex  6.000000e+000  1.968188e+001 -1.132620e+001
      vertex  6.000000e+000  1.941956e+001 -1.107569e+001
    endloop
  endfacet
  facet normal  1.000000e+000  0.000000e+000  0.000000e+000
    outer loop
      vertex  6.000000e+000  1.794243e+001 -1.288126e+001
      vertex  6.000000e+000  1.941956e+001 -1.107569e+001
      vertex  6.000000e+000  1.931751e+001 -1.085766e+001
    endloop
  endfacet
  facet normal  1.000000e+000  0.000000e+000  -0.000000e+000
    outer loop
      vertex  6.000000e+000  1.794243e+001 -1.288126e+001
      vertex  6.000000e+000  1.931751e+001 -1.085766e+001
      vertex  6.000000e+000  1.936594e+001 -1.062185e+001
    endloop
  endfacet
  facet normal  1.000000e+000  0.000000e+000  -0.000000e+000
    outer loop
      vertex  6.000000e+000  1.961406e+001 -1.031231e+001
      vertex  6.000000e+000  1.985253e+001 -1.027945e+001
      vertex  6.000000e+000  2.213134e+001 -9.851615e+000
    endloop
  endfacet
  facet normal  1.000000e+000  0.000000e+000  0.000000e+000
    outer loop
      vertex  6.000000e+000  1.961406e+001 -1.031231e+001
      vertex  6.000000e+000  2.213134e+001 -9.851615e+000
      vertex  6.000000e+000  2.175468e+001 -9.435130e+000
    endloop
  endfacet
  facet normal  1.000000e+000  0.000000e+000  0.000000e+000
    outer loop
      vertex  6.000000e+000  1.961406e+001 -1.031231e+001
      vertex  6.000000e+000  2.175468e+001 -9.435130e+000
      vertex  6.000000e+000  2.096865e+001 -8.716346e+000
    endloop
  endfacet
  facet normal  1.000000e+000  0.000000e+000  -0.000000e+000
    outer loop
      vertex  6.000000e+000  1.944234e+001 -1.048108e+001
      vertex  6.000000e+000  1.961406e+001 -1.031231e+001
      vertex  6.000000e+000  2.096865e+001 -8.716346e+000
    endloop
  endfacet
  facet normal  1.000000e+000  0.000000e+000  0.000000e+000
    outer loop
      vertex  6.000000e+000  1.944234e+001 -1.048108e+001
      vertex  6.000000e+000  2.096865e+001 -8.716346e+000
      vertex  6.000000e+000  2.067645e+001 -8.501441e+000
    endloop
  endfacet
  facet normal  1.000000e+000  0.000000e+000  0.000000e+000
    outer loop
      vertex  6.000000e+000  1.944234e+001 -1.048108e+001
      vertex  6.000000e+000  2.067645e+001 -8.501441e+000
      vertex  6.000000e+000  2.054736e+001 -8.298251e+000
    endloop
  endfacet
  facet normal  1.000000e+000  0.000000e+000  -0.000000e+000
    outer loop
      vertex  6.000000e+000  1.944234e+001 -1.048108e+001
      vertex  6.000000e+000  2.054736e+001 -8.298251e+000
      vertex  6.000000e+000  2.056524e+001 -8.058187e+000
    endloop
  endfacet
  facet normal  1.000000e+000  0.000000e+000  -0.000000e+000
    outer loop
      vertex  6.000000e+000  2.077173e+001 -7.719461e+000
      vertex  6.000000e+000  2.100405e+001 -7.656372e+000
      vertex  6.000000e+000  2.320944e+001 -6.940640e+000
    endloop
  endfacet
  facet normal  9.999999e-001  0.000000e+000  0.000000e+000
    outer loop
      vertex  6.000000e+000  2.077173e+001 -7.719461e+000
      vertex  6.000000e+000  2.320944e+001 -6.940640e+000
      vertex  6.000000e+000  2.278261e+001 -6.575741e+000
    endloop
  endfacet
  facet normal  1.000000e+000  0.000000e+000  0.000000e+000
    outer loop
      vertex  6.000000e+000  2.077173e+001 -7.719461e+000
      vertex  6.000000e+000  2.278261e+001 -6.575741e+000
      vertex  6.000000e+000  2.191112e+001 -5.963374e+000
    endloop
  endfacet
  facet normal  1.000000e+000  0.000000e+000  -0.000000e+000
    outer loop
      vertex  6.000000e+000  2.062301e+001 -7.908803e+000
      vertex  6.000000e+000  2.077173e+001 -7.719461e+000
      vertex  6.000000e+000  2.191112e+001 -5.963374e+000
    endloop
  endfacet
  facet normal  1.000000e+000  0.000000e+000  0.000000e+000
    outer loop
      vertex  6.000000e+000  2.062301e+001 -7.908803e+000
      vertex  6.000000e+000  2.191112e+001 -5.963374e+000
      vertex  6.000000e+000  2.159384e+001 -5.787599e+000
    endloop
  endfacet
  facet normal  1.000000e+000  0.000000e+000  0.000000e+000
    outer loop
      vertex  6.000000e+000  2.062301e+001 -7.908803e+000
      vertex  6.000000e+000  2.159384e+001 -5.787599e+000
      vertex  6.000000e+000  2.143983e+001 -5.602584e+000
    endloop
  endfacet
  facet normal  9.999999e-001  0.000000e+000  0.000000e+000
    outer loop
      vertex  6.000000e+000  2.062301e+001 -7.908803e+000
      vertex  6.000000e+000  2.143983e+001 -5.602584e+000
      vertex  6.000000e+000  2.142686e+001 -5.362206e+000
    endloop
  endfacet
  facet normal  1.000000e+000  0.000000e+000  0.000000e+000
    outer loop
      vertex  6.000000e+000 -2.148402e+001  7.354971e+000
      vertex  6.000000e+000 -2.117866e+001  7.159229e+000
      vertex  6.000000e+000 -2.271707e+001  8.413414e+000
    endloop
  endfacet
  facet normal  9.999999e-001  -0.000000e+000  0.000000e+000
    outer loop
      vertex  6.000000e+000 -2.271707e+001  8.413414e+000
      vertex  6.000000e+000 -2.117866e+001  7.159229e+000
      vertex  6.000000e+000 -2.047035e+001  8.986376e+000
    endloop
  endfacet
  facet normal  1.000000e+000  0.000000e+000  0.000000e+000
    outer loop
      vertex  6.000000e+000 -2.271707e+001  8.413414e+000
      vertex  6.000000e+000 -2.047035e+001  8.986376e+000
      vertex  6.000000e+000 -2.082786e+001  9.047605e+000
    endloop
  endfacet
  facet normal  1.000000e+000  0.000000e+000  0.000000e+000
    outer loop
      vertex  6.000000e+000 -1.891576e+001  1.256395e+001
      vertex  6.000000e+000 -1.867004e+001  1.229715e+001
      vertex  6.000000e+000 -1.954990e+001  1.341973e+001
    endloop
  endfacet
  facet normal  1.000000e+000  -0.000000e+000  0.000000e+000
    outer loop
      vertex  6.000000e+000 -1.954990e+001  1.341973e+001
      vertex  6.000000e+000 -1.867004e+001  1.229715e+001
      vertex  6.000000e+000 -1.728107e+001  1.387154e+001
    endloop
  endfacet
  facet normal  1.000000e+000  0.000000e+000  0.000000e+000
    outer loop
      vertex  6.000000e+000 -1.954990e+001  1.341973e+001
      vertex  6.000000e+000 -1.728107e+001  1.387154e+001
      vertex  6.000000e+000 -1.984000e+001  1.390054e+001
    endloop
  endfacet
  facet normal  1.000000e+000  0.000000e+000  0.000000e+000
    outer loop
      vertex  6.000000e+000 -1.984000e+001  1.390054e+001
      vertex  6.000000e+000 -1.728107e+001  1.387154e+001
      vertex  6.000000e+000 -1.752143e+001  1.388487e+001
    endloop
  endfacet
  facet normal  1.000000e+000  0.000000e+000  0.000000e+000
    outer loop
      vertex  6.000000e+000 -1.984000e+001  1.390054e+001
      vertex  6.000000e+000 -1.752143e+001  1.388487e+001
      vertex  6.000000e+000 -1.785172e+001  1.403478e+001
    endloop
  endfacet
  facet normal  1.000000e+000  0.000000e+000  0.000000e+000
    outer loop
      vertex  6.000000e+000 -1.864561e+001  1.184081e+001
      vertex  6.000000e+000 -1.708026e+001  1.400437e+001
      vertex  6.000000e+000 -1.858217e+001  1.207303e+001
    endloop
  endfacet
  facet normal  1.000000e+000  0.000000e+000  0.000000e+000
    outer loop
      vertex  6.000000e+000 -1.858217e+001  1.207303e+001
      vertex  6.000000e+000 -1.708026e+001  1.400437e+001
      vertex  6.000000e+000 -1.728107e+001  1.387154e+001
    endloop
  endfacet
  facet normal  1.000000e+000  0.000000e+000  0.000000e+000
    outer loop
      vertex  6.000000e+000 -1.858217e+001  1.207303e+001
      vertex  6.000000e+000 -1.728107e+001  1.387154e+001
      vertex  6.000000e+000 -1.867004e+001  1.229715e+001
    endloop
  endfacet
  facet normal  1.000000e+000  0.000000e+000  0.000000e+000
    outer loop
      vertex  6.000000e+000 -1.697836e+001  1.412795e+001
      vertex  6.000000e+000 -1.514919e+001  1.607357e+001
      vertex  6.000000e+000 -1.688574e+001  1.435015e+001
    endloop
  endfacet
  facet normal  1.000000e+000  0.000000e+000  0.000000e+000
    outer loop
      vertex  6.000000e+000 -1.688574e+001  1.435015e+001
      vertex  6.000000e+000 -1.514919e+001  1.607357e+001
      vertex  6.000000e+000 -1.536534e+001  1.596751e+001
    endloop
  endfacet
  facet normal  1.000000e+000  0.000000e+000  0.000000e+000
    outer loop
      vertex  6.000000e+000 -1.688574e+001  1.435015e+001
      vertex  6.000000e+000 -1.536534e+001  1.596751e+001
      vertex  6.000000e+000 -1.694423e+001  1.458366e+001
    endloop
  endfacet
  facet normal  9.999999e-001  0.000000e+000  0.000000e+000
    outer loop
      vertex  6.000000e+000 -1.503233e+001  1.618310e+001
      vertex  6.000000e+000 -1.296937e+001  1.787885e+001
      vertex  6.000000e+000 -1.491206e+001  1.639163e+001
    endloop
  endfacet
  facet normal  9.999999e-001  0.000000e+000  0.000000e+000
    outer loop
      vertex  6.000000e+000 -1.491206e+001  1.639163e+001
      vertex  6.000000e+000 -1.296937e+001  1.787885e+001
      vertex  6.000000e+000 -1.319731e+001  1.780129e+001
    endloop
  endfacet
  facet normal  1.000000e+000  0.000000e+000  0.000000e+000
    outer loop
      vertex  6.000000e+000 -1.491206e+001  1.639163e+001
      vertex  6.000000e+000 -1.319731e+001  1.780129e+001
      vertex  6.000000e+000 -1.494020e+001  1.663071e+001
    endloop
  endfacet
  facet normal  1.000000e+000  0.000000e+000  0.000000e+000
    outer loop
      vertex  6.000000e+000 -1.283946e+001  1.797253e+001
      vertex  6.000000e+000 -1.057660e+001  1.939055e+001
      vertex  6.000000e+000 -1.269351e+001  1.816397e+001
    endloop
  endfacet
  facet normal  1.000000e+000  0.000000e+000  0.000000e+000
    outer loop
      vertex  6.000000e+000 -1.269351e+001  1.816397e+001
      vertex  6.000000e+000 -1.057660e+001  1.939055e+001
      vertex  6.000000e+000 -1.081258e+001  1.934278e+001
    endloop
  endfacet
  facet normal  1.000000e+000  0.000000e+000  0.000000e+000
    outer loop
      vertex  6.000000e+000 -1.269351e+001  1.816397e+001
      vertex  6.000000e+000 -1.081258e+001  1.934278e+001
      vertex  6.000000e+000 -1.269085e+001  1.840468e+001
    endloop
  endfacet
  facet normal  1.000000e+000  0.000000e+000  0.000000e+000
    outer loop
      vertex  6.000000e+000 -1.043577e+001  1.946685e+001
      vertex  6.000000e+000 -8.010155e+000  2.058385e+001
      vertex  6.000000e+000 -1.026654e+001  1.963805e+001
    endloop
  endfacet
  facet normal  1.000000e+000  0.000000e+000  0.000000e+000
    outer loop
      vertex  6.000000e+000 -1.026654e+001  1.963805e+001
      vertex  6.000000e+000 -8.010155e+000  2.058385e+001
      vertex  6.000000e+000 -8.250308e+000  2.056666e+001
    endloop
  endfacet
  facet normal  1.000000e+000  0.000000e+000  0.000000e+000
    outer loop
      vertex  6.000000e+000 -1.026654e+001  1.963805e+001
      vertex  6.000000e+000 -8.250308e+000  2.056666e+001
      vertex  6.000000e+000 -1.023312e+001  1.987645e+001
    endloop
  endfacet
  facet normal  9.999999e-001  0.000000e+000  0.000000e+000
    outer loop
      vertex  6.000000e+000 -3.872679e+000 -2.391345e+001
      vertex  6.000000e+000 -3.147449e+000 -2.401966e+001
      vertex  6.000000e+000 -4.014983e+000 -2.337023e+001
    endloop
  endfacet
  facet normal  1.000000e+000  0.000000e+000  0.000000e+000
    outer loop
      vertex  6.000000e+000 -4.014983e+000 -2.337023e+001
      vertex  6.000000e+000 -3.147449e+000 -2.401966e+001
      vertex  6.000000e+000 -2.855349e+000 -2.354007e+001
    endloop
  endfacet
  facet normal  1.000000e+000  0.000000e+000  -0.000000e+000
    outer loop
      vertex  6.000000e+000 -4.014983e+000 -2.337023e+001
      vertex  6.000000e+000 -2.855349e+000 -2.354007e+001
      vertex  6.000000e+000 -2.389922e+000 -2.258201e+001
    endloop
  endfacet
  facet normal  1.000000e+000  0.000000e+000  0.000000e+000
    outer loop
      vertex  6.000000e+000 -1.266241e+001 -1.818566e+001
      vertex  6.000000e+000 -1.459975e+001 -1.739271e+001
      vertex  6.000000e+000 -1.288924e+001 -1.826630e+001
    endloop
  endfacet
  facet normal  1.000000e+000  0.000000e+000  0.000000e+000
    outer loop
      vertex  6.000000e+000 -1.288924e+001 -1.826630e+001
      vertex  6.000000e+000 -1.459975e+001 -1.739271e+001
      vertex  6.000000e+000 -1.496651e+001 -1.839270e+001
    endloop
  endfacet
  facet normal  1.000000e+000  -0.000000e+000  0.000000e+000
    outer loop
      vertex  6.000000e+000 -1.288924e+001 -1.826630e+001
      vertex  6.000000e+000 -1.496651e+001 -1.839270e+001
      vertex  6.000000e+000 -1.316377e+001 -1.850335e+001
    endloop
  endfacet
  facet normal  1.000000e+000  0.000000e+000  0.000000e+000
    outer loop
      vertex  6.000000e+000 -1.316377e+001 -1.850335e+001
      vertex  6.000000e+000 -1.496651e+001 -1.839270e+001
      vertex  6.000000e+000 -1.403944e+001 -1.910973e+001
    endloop
  endfacet
  facet normal  1.000000e+000  0.000000e+000  0.000000e+000
    outer loop
      vertex  6.000000e+000 -1.403944e+001 -1.910973e+001
      vertex  6.000000e+000 -1.496651e+001 -1.839270e+001
      vertex  6.000000e+000 -1.510909e+001 -1.893584e+001
    endloop
  endfacet
  facet normal  1.000000e+000  0.000000e+000  0.000000e+000
    outer loop
      vertex  6.000000e+000 -1.403944e+001 -1.910973e+001
      vertex  6.000000e+000 -1.510909e+001 -1.893584e+001
      vertex  6.000000e+000 -1.452930e+001 -1.938427e+001
    endloop
  endfacet
  facet normal  1.000000e+000  0.000000e+000  0.000000e+000
    outer loop
      vertex  6.000000e+000 -1.941810e+001 -1.448405e+001
      vertex  6.000000e+000 -1.710102e+001 -1.439948e+001
      vertex  6.000000e+000 -1.914242e+001 -1.399484e+001
    endloop
  endfacet
  facet normal  1.000000e+000  0.000000e+000  0.000000e+000
    outer loop
      vertex  6.000000e+000 -1.914242e+001 -1.399484e+001
      vertex  6.000000e+000 -1.710102e+001 -1.439948e+001
      vertex  6.000000e+000 -1.686117e+001 -1.437902e+001
    endloop
  endfacet
  facet normal  1.000000e+000  0.000000e+000  0.000000e+000
    outer loop
      vertex  6.000000e+000 -1.914242e+001 -1.399484e+001
      vertex  6.000000e+000 -1.686117e+001 -1.437902e+001
      vertex  6.000000e+000 -1.853400e+001 -1.312058e+001
    endloop
  endfacet
  facet normal  1.000000e+000  0.000000e+000  0.000000e+000
    outer loop
      vertex  6.000000e+000 -1.897103e+001 -1.506488e+001
      vertex  6.000000e+000 -1.842755e+001 -1.492358e+001
      vertex  6.000000e+000 -1.941810e+001 -1.448405e+001
    endloop
  endfacet
  facet normal  9.999999e-001  0.000000e+000  0.000000e+000
    outer loop
      vertex  6.000000e+000 -1.941810e+001 -1.448405e+001
      vertex  6.000000e+000 -1.842755e+001 -1.492358e+001
      vertex  6.000000e+000 -1.742671e+001 -1.455915e+001
    endloop
  endfacet
  facet normal  1.000000e+000  0.000000e+000  -0.000000e+000
    outer loop
      vertex  6.000000e+000 -1.941810e+001 -1.448405e+001
      vertex  6.000000e+000 -1.742671e+001 -1.455915e+001
      vertex  6.000000e+000 -1.710102e+001 -1.439948e+001
    endloop
  endfacet
  facet normal  9.999999e-001  0.000000e+000  0.000000e+000
    outer loop
      vertex  6.000000e+000 -2.019423e+001 -9.590795e+000
      vertex  6.000000e+000 -2.245698e+001 -9.084860e+000
      vertex  6.000000e+000 -2.054976e+001 -9.662622e+000
    endloop
  endfacet
  facet normal  1.000000e+000  0.000000e+000  0.000000e+000
    outer loop
      vertex  6.000000e+000 -2.054976e+001 -9.662622e+000
      vertex  6.000000e+000 -2.245698e+001 -9.084860e+000
      vertex  6.000000e+000 -2.217185e+001 -9.760097e+000
    endloop
  endfacet
  facet normal  1.000000e+000  -0.000000e+000  0.000000e+000
    outer loop
      vertex  6.000000e+000 -2.054976e+001 -9.662622e+000
      vertex  6.000000e+000 -2.217185e+001 -9.760097e+000
      vertex  6.000000e+000 -2.161031e+001 -9.761267e+000
    endloop
  endfacet
  facet normal  1.000000e+000  -0.000000e+000  0.000000e+000
    outer loop
      vertex  6.000000e+000 -7.699981e-001  2.421276e+001
      vertex  6.000000e+000 -1.502158e+000  2.417838e+001
      vertex  6.000000e+000 -5.264786e-001  2.370676e+001
    endloop
  endfacet
  facet normal  1.000000e+000  0.000000e+000  0.000000e+000
    outer loop
      vertex  6.000000e+000 -5.264786e-001  2.370676e+001
      vertex  6.000000e+000 -1.502158e+000  2.417838e+001
      vertex  6.000000e+000 -1.697194e+000  2.365180e+001
    endloop
  endfacet
  facet normal  1.000000e+000  -0.000000e+000  0.000000e+000
    outer loop
      vertex  6.000000e+000 -5.264786e-001  2.370676e+001
      vertex  6.000000e+000 -1.697194e+000  2.365180e+001
      vertex  6.000000e+000 -1.575273e-001  2.270758e+001
    endloop
  endfacet
  facet normal  1.000000e+000  0.000000e+000  0.000000e+000
    outer loop
      vertex  6.000000e+000 -1.575273e-001  2.270758e+001
      vertex  6.000000e+000 -1.697194e+000  2.365180e+001
      vertex  6.000000e+000 -1.970897e+000  2.262243e+001
    endloop
  endfacet
  facet normal  9.999999e-001  0.000000e+000  0.000000e+000
    outer loop
      vertex  6.000000e+000 -2.270096e+001  5.703673e-001
      vertex  6.000000e+000 -2.371146e+001  2.336311e-001
      vertex  6.000000e+000 -2.234660e+001  6.477756e-001
    endloop
  endfacet
  facet normal  1.000000e+000  0.000000e+000  0.000000e+000
    outer loop
      vertex  6.000000e+000 -2.234660e+001  6.477756e-001
      vertex  6.000000e+000 -2.371146e+001  2.336311e-001
      vertex  6.000000e+000 -2.422500e+001  6.454617e-003
    endloop
  endfacet
  facet normal  9.999999e-001  0.000000e+000  0.000000e+000
    outer loop
      vertex  6.000000e+000 -4.449594e+000 -3.232819e+000
      vertex  6.000000e+000 -2.402694e+001 -3.091423e+000
      vertex  6.000000e+000 -1.699593e+000 -5.230811e+000
    endloop
  endfacet
  facet normal  1.000000e+000  0.000000e+000  0.000000e+000
    outer loop
      vertex  6.000000e+000 -1.699593e+000 -5.230811e+000
      vertex  6.000000e+000 -2.402694e+001 -3.091423e+000
      vertex  6.000000e+000 -2.392241e+001 -3.816898e+000
    endloop
  endfacet
  facet normal  1.000000e+000  0.000000e+000  0.000000e+000
    outer loop
      vertex  6.000000e+000 -1.699593e+000 -5.230811e+000
      vertex  6.000000e+000 -2.392241e+001 -3.816898e+000
      vertex  6.000000e+000 -2.196652e+001 -4.154768e+000
    endloop
  endfacet
  facet normal  9.999999e-001  0.000000e+000  0.000000e+000
    outer loop
      vertex  6.000000e+000 -2.196652e+001 -4.154768e+000
      vertex  6.000000e+000 -2.392241e+001 -3.816898e+000
      vertex  6.000000e+000 -2.337953e+001 -3.960468e+000
    endloop
  endfacet
  facet normal  1.000000e+000  0.000000e+000  0.000000e+000
    outer loop
      vertex  6.000000e+000 -2.196652e+001 -4.154768e+000
      vertex  6.000000e+000 -2.337953e+001 -3.960468e+000
      vertex  6.000000e+000 -2.232865e+001 -4.134064e+000
    endloop
  endfacet
  facet normal  1.000000e+000  0.000000e+000  0.000000e+000
    outer loop
      vertex  6.000000e+000 -2.102487e+001 -7.000714e+000
      vertex  6.000000e+000 -2.299524e+001 -5.788530e+000
      vertex  6.000000e+000 -2.125488e+001 -6.929674e+000
    endloop
  endfacet
  facet normal  1.000000e+000  0.000000e+000  0.000000e+000
    outer loop
      vertex  6.000000e+000 -2.125488e+001 -6.929674e+000
      vertex  6.000000e+000 -2.299524e+001 -5.788530e+000
      vertex  6.000000e+000 -2.343435e+001 -6.138538e+000
    endloop
  endfacet
  facet normal  9.999999e-001  0.000000e+000  0.000000e+000
    outer loop
      vertex  6.000000e+000 -2.125488e+001 -6.929674e+000
      vertex  6.000000e+000 -2.343435e+001 -6.138538e+000
      vertex  6.000000e+000 -2.268114e+001 -6.917661e+000
    endloop
  endfacet
  facet normal  9.999999e-001  0.000000e+000  0.000000e+000
    outer loop
      vertex  6.000000e+000 -2.268114e+001 -6.917661e+000
      vertex  6.000000e+000 -2.343435e+001 -6.138538e+000
      vertex  6.000000e+000 -2.323792e+001 -6.844692e+000
    endloop
  endfacet
  facet normal  1.000000e+000  -0.000000e+000  0.000000e+000
    outer loop
      vertex  6.000000e+000 -3.859936e+000  2.391551e+001
      vertex  6.000000e+000 -4.581688e+000  2.378779e+001
      vertex  6.000000e+000 -3.553710e+000  2.344481e+001
    endloop
  endfacet
  facet normal  1.000000e+000  0.000000e+000  0.000000e+000
    outer loop
      vertex  6.000000e+000 -3.553710e+000  2.344481e+001
      vertex  6.000000e+000 -4.581688e+000  2.378779e+001
      vertex  6.000000e+000 -4.707784e+000  2.324058e+001
    endloop
  endfacet
  facet normal  1.000000e+000  -0.000000e+000  0.000000e+000
    outer loop
      vertex  6.000000e+000 -3.553710e+000  2.344481e+001
      vertex  6.000000e+000 -4.707784e+000  2.324058e+001
      vertex  6.000000e+000 -3.060015e+000  2.250101e+001
    endloop
  endfacet
  facet normal  9.999999e-001  0.000000e+000  0.000000e+000
    outer loop
      vertex  6.000000e+000 -3.060015e+000  2.250101e+001
      vertex  6.000000e+000 -4.707784e+000  2.324058e+001
      vertex  6.000000e+000 -4.847608e+000  2.218467e+001
    endloop
  endfacet
  facet normal  1.000000e+000  -0.000000e+000  0.000000e+000
    outer loop
      vertex  6.000000e+000 -3.060015e+000  2.250101e+001
      vertex  6.000000e+000 -4.847608e+000  2.218467e+001
      vertex  6.000000e+000 -2.927043e+000  2.216354e+001
    endloop
  endfacet
  facet normal  9.999999e-001  0.000000e+000  0.000000e+000
    outer loop
      vertex  6.000000e+000 -7.641073e+000  2.244776e+001
      vertex  6.000000e+000 -5.912257e+000  2.192497e+001
      vertex  6.000000e+000 -7.585987e+000  2.300660e+001
    endloop
  endfacet
  facet normal  1.000000e+000  0.000000e+000  0.000000e+000
    outer loop
      vertex  6.000000e+000 -7.585987e+000  2.300660e+001
      vertex  6.000000e+000 -5.912257e+000  2.192497e+001
      vertex  6.000000e+000 -6.522590e+000  2.279789e+001
    endloop
  endfacet
  facet normal  1.000000e+000  0.000000e+000  0.000000e+000
    outer loop
      vertex  6.000000e+000 -7.585987e+000  2.300660e+001
      vertex  6.000000e+000 -6.522590e+000  2.279789e+001
      vertex  6.000000e+000 -6.886493e+000  2.322556e+001
    endloop
  endfacet
  facet normal  1.000000e+000  0.000000e+000  0.000000e+000
    outer loop
      vertex  6.000000e+000 -1.044890e+001  2.128634e+001
      vertex  6.000000e+000 -8.667419e+000  2.098892e+001
      vertex  6.000000e+000 -1.046572e+001  2.184764e+001
    endloop
  endfacet
  facet normal  1.000000e+000  0.000000e+000  0.000000e+000
    outer loop
      vertex  6.000000e+000 -1.046572e+001  2.184764e+001
      vertex  6.000000e+000 -8.667419e+000  2.098892e+001
      vertex  6.000000e+000 -9.384369e+000  2.177663e+001
    endloop
  endfacet
  facet normal  1.000000e+000  0.000000e+000  0.000000e+000
    outer loop
      vertex  6.000000e+000 -1.046572e+001  2.184764e+001
      vertex  6.000000e+000 -9.384369e+000  2.177663e+001
      vertex  6.000000e+000 -9.799973e+000  2.215426e+001
    endloop
  endfacet
  facet normal  1.000000e+000  0.000000e+000  0.000000e+000
    outer loop
      vertex  6.000000e+000 -1.308515e+001  1.977541e+001
      vertex  6.000000e+000 -1.128026e+001  1.970824e+001
      vertex  6.000000e+000 -1.317361e+001  2.032994e+001
    endloop
  endfacet
  facet normal  1.000000e+000  -0.000000e+000  0.000000e+000
    outer loop
      vertex  6.000000e+000 -1.317361e+001  2.032994e+001
      vertex  6.000000e+000 -1.128026e+001  1.970824e+001
      vertex  6.000000e+000 -1.209206e+001  2.039779e+001
    endloop
  endfacet
  facet normal  1.000000e+000  0.000000e+000  0.000000e+000
    outer loop
      vertex  6.000000e+000 -1.317361e+001  2.032994e+001
      vertex  6.000000e+000 -1.209206e+001  2.039779e+001
      vertex  6.000000e+000 -1.255254e+001  2.071918e+001
    endloop
  endfacet
  facet normal  1.000000e+000  -0.000000e+000  0.000000e+000
    outer loop
      vertex  6.000000e+000 -1.460119e+001  1.868403e+001
      vertex  6.000000e+000 -1.566519e+001  1.847843e+001
      vertex  6.000000e+000 -1.370789e+001  1.810394e+001
    endloop
  endfacet
  facet normal  1.000000e+000  0.000000e+000  0.000000e+000
    outer loop
      vertex  6.000000e+000 -1.370789e+001  1.810394e+001
      vertex  6.000000e+000 -1.566519e+001  1.847843e+001
      vertex  6.000000e+000 -1.550654e+001  1.793976e+001
    endloop
  endfacet
  facet normal  1.000000e+000  -0.000000e+000  0.000000e+000
    outer loop
      vertex  6.000000e+000 -1.370789e+001  1.810394e+001
      vertex  6.000000e+000 -1.550654e+001  1.793976e+001
      vertex  6.000000e+000 -1.342642e+001  1.787516e+001
    endloop
  endfacet
  facet normal  1.000000e+000  0.000000e+000  0.000000e+000
    outer loop
      vertex  6.000000e+000 -1.342642e+001  1.787516e+001
      vertex  6.000000e+000 -1.550654e+001  1.793976e+001
      vertex  6.000000e+000 -1.319731e+001  1.780129e+001
    endloop
  endfacet
  facet normal  9.999999e-001  0.000000e+000  0.000000e+000
    outer loop
      vertex  6.000000e+000 -1.319731e+001  1.780129e+001
      vertex  6.000000e+000 -1.550654e+001  1.793976e+001
      vertex  6.000000e+000 -1.511022e+001  1.695111e+001
    endloop
  endfacet
  facet normal  9.999999e-001  -0.000000e+000  0.000000e+000
    outer loop
      vertex  6.000000e+000 -1.319731e+001  1.780129e+001
      vertex  6.000000e+000 -1.511022e+001  1.695111e+001
      vertex  6.000000e+000 -1.494020e+001  1.663071e+001
    endloop
  endfacet
  facet normal  1.000000e+000  0.000000e+000  0.000000e+000
    outer loop
      vertex  6.000000e+000 -1.789955e+001  1.632350e+001
      vertex  6.000000e+000 -1.591043e+001  1.620238e+001
      vertex  6.000000e+000 -1.739752e+001  1.685755e+001
    endloop
  endfacet
  facet normal  1.000000e+000  0.000000e+000  0.000000e+000
    outer loop
      vertex  6.000000e+000 -1.739752e+001  1.685755e+001
      vertex  6.000000e+000 -1.591043e+001  1.620238e+001
      vertex  6.000000e+000 -1.687058e+001  1.666348e+001
    endloop
  endfacet
  facet normal  1.000000e+000  0.000000e+000  0.000000e+000
    outer loop
      vertex  6.000000e+000 -1.984000e+001  1.390054e+001
      vertex  6.000000e+000 -1.785172e+001  1.403478e+001
      vertex  6.000000e+000 -1.941038e+001  1.449440e+001
    endloop
  endfacet
  facet normal  1.000000e+000  0.000000e+000  0.000000e+000
    outer loop
      vertex  6.000000e+000 -1.941038e+001  1.449440e+001
      vertex  6.000000e+000 -1.785172e+001  1.403478e+001
      vertex  6.000000e+000 -1.886295e+001  1.436931e+001
    endloop
  endfacet
  facet normal  1.000000e+000  0.000000e+000  0.000000e+000
    outer loop
      vertex  6.000000e+000 -2.271707e+001  8.413414e+000
      vertex  6.000000e+000 -2.082786e+001  9.047605e+000
      vertex  6.000000e+000 -2.245214e+001  9.096826e+000
    endloop
  endfacet
  facet normal  9.999999e-001  -0.000000e+000  0.000000e+000
    outer loop
      vertex  6.000000e+000 -2.245214e+001  9.096826e+000
      vertex  6.000000e+000 -2.082786e+001  9.047605e+000
      vertex  6.000000e+000 -2.189087e+001  9.114685e+000
    endloop
  endfacet
  facet normal  1.000000e+000  0.000000e+000  0.000000e+000
    outer loop
      vertex  6.000000e+000  2.094050e+001  1.112579e+001
      vertex  6.000000e+000  1.988845e+001  1.095940e+001
      vertex  6.000000e+000  2.150097e+001  1.116060e+001
    endloop
  endfacet
  facet normal  1.000000e+000  0.000000e+000  0.000000e+000
    outer loop
      vertex  6.000000e+000  2.150097e+001  1.116060e+001
      vertex  6.000000e+000  1.988845e+001  1.095940e+001
      vertex  6.000000e+000  2.182877e+001  1.050502e+001
    endloop
  endfacet
  facet normal  1.000000e+000  -0.000000e+000  0.000000e+000
    outer loop
      vertex  6.000000e+000  1.796684e+001  1.624941e+001
      vertex  6.000000e+000  1.743353e+001  1.607357e+001
      vertex  6.000000e+000  1.845021e+001  1.569842e+001
    endloop
  endfacet
  facet normal  9.999999e-001  0.000000e+000  0.000000e+000
    outer loop
      vertex  6.000000e+000  1.845021e+001  1.569842e+001
      vertex  6.000000e+000  1.743353e+001  1.607357e+001
      vertex  6.000000e+000  1.645810e+001  1.564577e+001
    endloop
  endfacet
  facet normal  9.999999e-001  -0.000000e+000  0.000000e+000
    outer loop
      vertex  6.000000e+000  1.845021e+001  1.569842e+001
      vertex  6.000000e+000  1.645810e+001  1.564577e+001
      vertex  6.000000e+000  1.820644e+001  1.519254e+001
    endloop
  endfacet
  facet normal  1.000000e+000  0.000000e+000  0.000000e+000
    outer loop
      vertex  6.000000e+000  1.820644e+001  1.519254e+001
      vertex  6.000000e+000  1.645810e+001  1.564577e+001
      vertex  6.000000e+000  1.614331e+001  1.546557e+001
    endloop
  endfacet
  facet normal  1.000000e+000  0.000000e+000  0.000000e+000
    outer loop
      vertex  6.000000e+000  1.432224e+001  1.762193e+001
      vertex  6.000000e+000  1.611419e+001  1.739600e+001
      vertex  6.000000e+000  1.523496e+001  1.817096e+001
    endloop
  endfacet
  facet normal  1.000000e+000  0.000000e+000  0.000000e+000
    outer loop
      vertex  6.000000e+000  1.523496e+001  1.817096e+001
      vertex  6.000000e+000  1.611419e+001  1.739600e+001
      vertex  6.000000e+000  1.629127e+001  1.792889e+001
    endloop
  endfacet
  facet normal  1.000000e+000  0.000000e+000  0.000000e+000
    outer loop
      vertex  6.000000e+000  1.523496e+001  1.817096e+001
      vertex  6.000000e+000  1.629127e+001  1.792889e+001
      vertex  6.000000e+000  1.574140e+001  1.841355e+001
    endloop
  endfacet
  facet normal  1.000000e+000  0.000000e+000  0.000000e+000
    outer loop
      vertex  6.000000e+000  1.380156e+001  1.733701e+001
      vertex  6.000000e+000  1.568411e+001  1.642156e+001
      vertex  6.000000e+000  1.403308e+001  1.740295e+001
    endloop
  endfacet
  facet normal  1.000000e+000  0.000000e+000  0.000000e+000
    outer loop
      vertex  6.000000e+000  1.403308e+001  1.740295e+001
      vertex  6.000000e+000  1.568411e+001  1.642156e+001
      vertex  6.000000e+000  1.611419e+001  1.739600e+001
    endloop
  endfacet
  facet normal  1.000000e+000  0.000000e+000  0.000000e+000
    outer loop
      vertex  6.000000e+000  1.403308e+001  1.740295e+001
      vertex  6.000000e+000  1.611419e+001  1.739600e+001
      vertex  6.000000e+000  1.432224e+001  1.762193e+001
    endloop
  endfacet
  facet normal  1.000000e+000  0.000000e+000  0.000000e+000
    outer loop
      vertex  6.000000e+000  1.386482e+001  1.986498e+001
      vertex  6.000000e+000  1.278623e+001  1.996998e+001
      vertex  6.000000e+000  1.375734e+001  1.931382e+001
    endloop
  endfacet
  facet normal  1.000000e+000  0.000000e+000  0.000000e+000
    outer loop
      vertex  6.000000e+000  1.375734e+001  1.931382e+001
      vertex  6.000000e+000  1.278623e+001  1.996998e+001
      vertex  6.000000e+000  1.195121e+001  1.930874e+001
    endloop
  endfacet
  facet normal  1.000000e+000  -0.000000e+000  0.000000e+000
    outer loop
      vertex  6.000000e+000  1.375734e+001  1.931382e+001
      vertex  6.000000e+000  1.195121e+001  1.930874e+001
      vertex  6.000000e+000  1.345540e+001  1.829238e+001
    endloop
  endfacet
  facet normal  1.000000e+000  0.000000e+000  0.000000e+000
    outer loop
      vertex  6.000000e+000  1.345540e+001  1.829238e+001
      vertex  6.000000e+000  1.195121e+001  1.930874e+001
      vertex  6.000000e+000  1.169243e+001  1.905459e+001
    endloop
  endfacet
  facet normal  9.999999e-001  0.000000e+000  0.000000e+000
    outer loop
      vertex  6.000000e+000  1.345540e+001  1.829238e+001
      vertex  6.000000e+000  1.169243e+001  1.905459e+001
      vertex  6.000000e+000  1.147124e+001  1.895958e+001
    endloop
  endfacet
  facet normal  9.999999e-001  0.000000e+000  0.000000e+000
    outer loop
      vertex  6.000000e+000  9.383946e+000  2.067850e+001
      vertex  6.000000e+000  1.117459e+001  2.091450e+001
      vertex  6.000000e+000  1.012755e+001  2.144110e+001
    endloop
  endfacet
  facet normal  1.000000e+000  -0.000000e+000  0.000000e+000
    outer loop
      vertex  6.000000e+000  1.012755e+001  2.144110e+001
      vertex  6.000000e+000  1.117459e+001  2.091450e+001
      vertex  6.000000e+000  1.121071e+001  2.147488e+001
    endloop
  endfacet
  facet normal  1.000000e+000  0.000000e+000  0.000000e+000
    outer loop
      vertex  6.000000e+000  1.012755e+001  2.144110e+001
      vertex  6.000000e+000  1.121071e+001  2.147488e+001
      vertex  6.000000e+000  1.055590e+001  2.180421e+001
    endloop
  endfacet
  facet normal  1.000000e+000  0.000000e+000  0.000000e+000
    outer loop
      vertex  6.000000e+000  6.662596e+000  2.170872e+001
      vertex  6.000000e+000  8.408365e+000  2.217177e+001
      vertex  6.000000e+000  7.302581e+000  2.256015e+001
    endloop
  endfacet
  facet normal  1.000000e+000  -0.000000e+000  0.000000e+000
    outer loop
      vertex  6.000000e+000  7.302581e+000  2.256015e+001
      vertex  6.000000e+000  8.408365e+000  2.217177e+001
      vertex  6.000000e+000  8.372525e+000  2.273217e+001
    endloop
  endfacet
  facet normal  1.000000e+000  0.000000e+000  0.000000e+000
    outer loop
      vertex  6.000000e+000  7.302581e+000  2.256015e+001
      vertex  6.000000e+000  8.372525e+000  2.273217e+001
      vertex  6.000000e+000  7.680974e+000  2.297506e+001
    endloop
  endfacet
  facet normal  1.000000e+000  0.000000e+000  0.000000e+000
    outer loop
      vertex  6.000000e+000  5.396862e+000  2.361619e+001
      vertex  6.000000e+000  4.679927e+000  2.376865e+001
      vertex  6.000000e+000  5.504069e+000  2.306498e+001
    endloop
  endfacet
  facet normal  1.000000e+000  0.000000e+000  0.000000e+000
    outer loop
      vertex  6.000000e+000  5.504069e+000  2.306498e+001
      vertex  6.000000e+000  4.679927e+000  2.376865e+001
      vertex  6.000000e+000  4.357699e+000  2.330876e+001
    endloop
  endfacet
  facet normal  1.000000e+000  0.000000e+000  0.000000e+000
    outer loop
      vertex  6.000000e+000  5.504069e+000  2.306498e+001
      vertex  6.000000e+000  4.357699e+000  2.330876e+001
      vertex  6.000000e+000  5.607506e+000  2.200488e+001
    endloop
  endfacet
  facet normal  1.000000e+000  0.000000e+000  0.000000e+000
    outer loop
      vertex  6.000000e+000  5.607506e+000  2.200488e+001
      vertex  6.000000e+000  4.357699e+000  2.330876e+001
      vertex  6.000000e+000  3.831846e+000  2.238249e+001
    endloop
  endfacet
  facet normal  1.000000e+000  0.000000e+000  0.000000e+000
    outer loop
      vertex  6.000000e+000  5.607506e+000  2.200488e+001
      vertex  6.000000e+000  3.831846e+000  2.238249e+001
      vertex  6.000000e+000  3.687349e+000  2.204980e+001
    endloop
  endfacet
  facet normal  9.999999e-001  0.000000e+000  0.000000e+000
    outer loop
      vertex  6.000000e+000  5.607506e+000  2.200488e+001
      vertex  6.000000e+000  3.687349e+000  2.204980e+001
      vertex  6.000000e+000  5.604121e+000  2.164218e+001
    endloop
  endfacet
  facet normal  1.000000e+000  0.000000e+000  0.000000e+000
    outer loop
      vertex  6.000000e+000  5.604121e+000  2.164218e+001
      vertex  6.000000e+000  3.687349e+000  2.204980e+001
      vertex  6.000000e+000  3.517978e+000  2.187873e+001
    endloop
  endfacet
  facet normal  1.000000e+000  0.000000e+000  0.000000e+000
    outer loop
      vertex  6.000000e+000  5.604121e+000  2.164218e+001
      vertex  6.000000e+000  3.517978e+000  2.187873e+001
      vertex  6.000000e+000  3.279956e+000  2.184274e+001
    endloop
  endfacet
  facet normal  1.000000e+000  0.000000e+000  0.000000e+000
    outer loop
      vertex  6.000000e+000  2.332582e+000  2.411244e+001
      vertex  6.000000e+000  1.602037e+000  2.417197e+001
      vertex  6.000000e+000  2.509398e+000  2.357946e+001
    endloop
  endfacet
  facet normal  1.000000e+000  0.000000e+000  0.000000e+000
    outer loop
      vertex  6.000000e+000  2.509398e+000  2.357946e+001
      vertex  6.000000e+000  1.602037e+000  2.417197e+001
      vertex  6.000000e+000  1.341265e+000  2.367465e+001
    endloop
  endfacet
  facet normal  1.000000e+000  0.000000e+000  0.000000e+000
    outer loop
      vertex  6.000000e+000  2.509398e+000  2.357946e+001
      vertex  6.000000e+000  1.341265e+000  2.367465e+001
      vertex  6.000000e+000  2.747547e+000  2.254129e+001
    endloop
  endfacet
  facet normal  1.000000e+000  0.000000e+000  0.000000e+000
    outer loop
      vertex  6.000000e+000  2.747547e+000  2.254129e+001
      vertex  6.000000e+000  1.341265e+000  2.367465e+001
      vertex  6.000000e+000  9.381769e-001  2.268874e+001
    endloop
  endfacet
  facet normal  1.000000e+000  0.000000e+000  0.000000e+000
    outer loop
      vertex  6.000000e+000  2.747547e+000  2.254129e+001
      vertex  6.000000e+000  9.381769e-001  2.268874e+001
      vertex  6.000000e+000  2.790570e+000  2.218114e+001
    endloop
  endfacet
  facet normal  1.000000e+000  0.000000e+000  0.000000e+000
    outer loop
      vertex  6.000000e+000  2.790570e+000  2.218114e+001
      vertex  6.000000e+000  9.381769e-001  2.268874e+001
      vertex  6.000000e+000  8.374107e-001  2.234030e+001
    endloop
  endfacet
  facet normal  9.999999e-001  0.000000e+000  0.000000e+000
    outer loop
      vertex  6.000000e+000  2.790570e+000  2.218114e+001
      vertex  6.000000e+000  8.374107e-001  2.234030e+001
      vertex  6.000000e+000  6.913058e-001  2.214898e+001
    endloop
  endfacet
  facet normal  1.000000e+000  0.000000e+000  0.000000e+000
    outer loop
      vertex  6.000000e+000  6.913058e-001  2.214898e+001
      vertex  6.000000e+000  4.598392e-001  2.208285e+001
      vertex  6.000000e+000  2.790570e+000  2.218114e+001
    endloop
  endfacet
  facet normal  1.000000e+000  0.000000e+000  0.000000e+000
    outer loop
      vertex  6.000000e+000  2.790570e+000  2.218114e+001
      vertex  6.000000e+000  4.598392e-001  2.208285e+001
      vertex  6.000000e+000  2.903773e+000  2.196869e+001
    endloop
  endfacet
  facet normal  1.000000e+000  0.000000e+000  0.000000e+000
    outer loop
      vertex  6.000000e+000  1.612083e+000 -2.265083e+001
      vertex  6.000000e+000  3.209082e+000 -2.349446e+001
      vertex  6.000000e+000  1.501006e+000 -2.230554e+001
    endloop
  endfacet
  facet normal  1.000000e+000  0.000000e+000  0.000000e+000
    outer loop
      vertex  6.000000e+000  1.501006e+000 -2.230554e+001
      vertex  6.000000e+000  3.209082e+000 -2.349446e+001
      vertex  6.000000e+000  3.416272e+000 -2.244968e+001
    endloop
  endfacet
  facet normal  1.000000e+000  0.000000e+000  0.000000e+000
    outer loop
      vertex  6.000000e+000  1.501006e+000 -2.230554e+001
      vertex  6.000000e+000  3.416272e+000 -2.244968e+001
      vertex  6.000000e+000  1.349279e+000 -2.211865e+001
    endloop
  endfacet
  facet normal  1.000000e+000  0.000000e+000  0.000000e+000
    outer loop
      vertex  6.000000e+000  2.319733e+000 -2.411368e+001
      vertex  6.000000e+000  3.048186e+000 -2.403246e+001
      vertex  6.000000e+000  2.044295e+000 -2.362432e+001
    endloop
  endfacet
  facet normal  1.000000e+000  -0.000000e+000  0.000000e+000
    outer loop
      vertex  6.000000e+000  2.044295e+000 -2.362432e+001
      vertex  6.000000e+000  3.048186e+000 -2.403246e+001
      vertex  6.000000e+000  3.209082e+000 -2.349446e+001
    endloop
  endfacet
  facet normal  1.000000e+000  0.000000e+000  0.000000e+000
    outer loop
      vertex  6.000000e+000  2.044295e+000 -2.362432e+001
      vertex  6.000000e+000  3.209082e+000 -2.349446e+001
      vertex  6.000000e+000  1.612083e+000 -2.265083e+001
    endloop
  endfacet
  facet normal  1.000000e+000  0.000000e+000  0.000000e+000
    outer loop
      vertex  6.000000e+000  2.136475e+001 -7.694570e+000
      vertex  6.000000e+000  2.242988e+001 -7.693405e+000
      vertex  6.000000e+000  2.100405e+001 -7.656372e+000
    endloop
  endfacet
  facet normal  1.000000e+000  -0.000000e+000  0.000000e+000
    outer loop
      vertex  6.000000e+000  2.100405e+001 -7.656372e+000
      vertex  6.000000e+000  2.242988e+001 -7.693405e+000
      vertex  6.000000e+000  2.298884e+001 -7.639622e+000
    endloop
  endfacet
  facet normal  1.000000e+000  0.000000e+000  -0.000000e+000
    outer loop
      vertex  6.000000e+000  2.100405e+001 -7.656372e+000
      vertex  6.000000e+000  2.298884e+001 -7.639622e+000
      vertex  6.000000e+000  2.320944e+001 -6.940640e+000
    endloop
  endfacet
  facet normal  1.000000e+000  -0.000000e+000  0.000000e+000
    outer loop
      vertex  6.000000e+000  2.213134e+001 -9.851615e+000
      vertex  6.000000e+000  1.985253e+001 -1.027945e+001
      vertex  6.000000e+000  2.182317e+001 -1.051665e+001
    endloop
  endfacet
  facet normal  1.000000e+000  0.000000e+000  0.000000e+000
    outer loop
      vertex  6.000000e+000  2.182317e+001 -1.051665e+001
      vertex  6.000000e+000  1.985253e+001 -1.027945e+001
      vertex  6.000000e+000  2.020539e+001 -1.036346e+001
    endloop
  endfacet
  facet normal  9.999999e-001  0.000000e+000  0.000000e+000
    outer loop
      vertex  6.000000e+000  2.182317e+001 -1.051665e+001
      vertex  6.000000e+000  2.020539e+001 -1.036346e+001
      vertex  6.000000e+000  2.126192e+001 -1.049851e+001
    endloop
  endfacet
  facet normal  1.000000e+000  -0.000000e+000  0.000000e+000
    outer loop
      vertex  6.000000e+000  2.068985e+001 -1.260083e+001
      vertex  6.000000e+000  1.837503e+001 -1.273374e+001
      vertex  6.000000e+000  2.029916e+001 -1.322099e+001
    endloop
  endfacet
  facet normal  1.000000e+000  0.000000e+000  0.000000e+000
    outer loop
      vertex  6.000000e+000  2.029916e+001 -1.322099e+001
      vertex  6.000000e+000  1.837503e+001 -1.273374e+001
      vertex  6.000000e+000  1.871425e+001 -1.286218e+001
    endloop
  endfacet
  facet normal  1.000000e+000  0.000000e+000  0.000000e+000
    outer loop
      vertex  6.000000e+000  2.029916e+001 -1.322099e+001
      vertex  6.000000e+000  1.871425e+001 -1.286218e+001
      vertex  6.000000e+000  1.974484e+001 -1.313123e+001
    endloop
  endfacet
  facet normal  1.000000e+000  0.000000e+000  0.000000e+000
    outer loop
      vertex  6.000000e+000  1.659582e+001 -1.497895e+001
      vertex  6.000000e+000  1.890863e+001 -1.514313e+001
      vertex  6.000000e+000  1.635681e+001 -1.495024e+001
    endloop
  endfacet
  facet normal  1.000000e+000  -0.000000e+000  0.000000e+000
    outer loop
      vertex  6.000000e+000  1.635681e+001 -1.495024e+001
      vertex  6.000000e+000  1.890863e+001 -1.514313e+001
      vertex  6.000000e+000  1.864993e+001 -1.464473e+001
    endloop
  endfacet
  facet normal  1.000000e+000  0.000000e+000  0.000000e+000
    outer loop
      vertex  6.000000e+000  1.635681e+001 -1.495024e+001
      vertex  6.000000e+000  1.864993e+001 -1.464473e+001
      vertex  6.000000e+000  1.807193e+001 -1.375007e+001
    endloop
  endfacet
  facet normal  1.000000e+000  0.000000e+000  0.000000e+000
    outer loop
      vertex  6.000000e+000  1.790355e+001 -1.554834e+001
      vertex  6.000000e+000  1.844184e+001 -1.570825e+001
      vertex  6.000000e+000  1.691583e+001 -1.514971e+001
    endloop
  endfacet
  facet normal  1.000000e+000  -0.000000e+000  0.000000e+000
    outer loop
      vertex  6.000000e+000  1.691583e+001 -1.514971e+001
      vertex  6.000000e+000  1.844184e+001 -1.570825e+001
      vertex  6.000000e+000  1.890863e+001 -1.514313e+001
    endloop
  endfacet
  facet normal  1.000000e+000  0.000000e+000  0.000000e+000
    outer loop
      vertex  6.000000e+000  1.691583e+001 -1.514971e+001
      vertex  6.000000e+000  1.890863e+001 -1.514313e+001
      vertex  6.000000e+000  1.659582e+001 -1.497895e+001
    endloop
  endfacet
  facet normal  1.000000e+000  -0.000000e+000  0.000000e+000
    outer loop
      vertex  6.000000e+000  1.662409e+001 -1.690940e+001
      vertex  6.000000e+000  1.431073e+001 -1.691917e+001
      vertex  6.000000e+000  1.681693e+001 -1.743679e+001
    endloop
  endfacet
  facet normal  9.999999e-001  0.000000e+000  0.000000e+000
    outer loop
      vertex  6.000000e+000  1.681693e+001 -1.743679e+001
      vertex  6.000000e+000  1.431073e+001 -1.691917e+001
      vertex  6.000000e+000  1.454410e+001 -1.697820e+001
    endloop
  endfacet
  facet normal  1.000000e+000  0.000000e+000  0.000000e+000
    outer loop
      vertex  6.000000e+000  1.681693e+001 -1.743679e+001
      vertex  6.000000e+000  1.454410e+001 -1.697820e+001
      vertex  6.000000e+000  1.483965e+001 -1.718848e+001
    endloop
  endfacet
  facet normal  1.000000e+000  0.000000e+000  0.000000e+000
    outer loop
      vertex  6.000000e+000  1.576828e+001 -1.771014e+001
      vertex  6.000000e+000  1.628171e+001 -1.793757e+001
      vertex  6.000000e+000  1.483965e+001 -1.718848e+001
    endloop
  endfacet
  facet normal  1.000000e+000  0.000000e+000  0.000000e+000
    outer loop
      vertex  6.000000e+000  1.483965e+001 -1.718848e+001
      vertex  6.000000e+000  1.628171e+001 -1.793757e+001
      vertex  6.000000e+000  1.681693e+001 -1.743679e+001
    endloop
  endfacet
  facet normal  1.000000e+000  -0.000000e+000  0.000000e+000
    outer loop
      vertex  6.000000e+000  1.399311e+001 -1.788440e+001
      vertex  6.000000e+000  1.202966e+001 -1.861028e+001
      vertex  6.000000e+000  1.432528e+001 -1.889641e+001
    endloop
  endfacet
  facet normal  1.000000e+000  0.000000e+000  0.000000e+000
    outer loop
      vertex  6.000000e+000  1.432528e+001 -1.889641e+001
      vertex  6.000000e+000  1.202966e+001 -1.861028e+001
      vertex  6.000000e+000  1.225357e+001 -1.869866e+001
    endloop
  endfacet
  facet normal  1.000000e+000  0.000000e+000  0.000000e+000
    outer loop
      vertex  6.000000e+000  1.432528e+001 -1.889641e+001
      vertex  6.000000e+000  1.225357e+001 -1.869866e+001
      vertex  6.000000e+000  1.251980e+001 -1.894501e+001
    endloop
  endfacet
  facet normal  9.999999e-001  -0.000000e+000  0.000000e+000
    outer loop
      vertex  6.000000e+000  1.432528e+001 -1.889641e+001
      vertex  6.000000e+000  1.251980e+001 -1.894501e+001
      vertex  6.000000e+000  1.444909e+001 -1.944413e+001
    endloop
  endfacet
  facet normal  1.000000e+000  0.000000e+000  0.000000e+000
    outer loop
      vertex  6.000000e+000  1.444909e+001 -1.944413e+001
      vertex  6.000000e+000  1.251980e+001 -1.894501e+001
      vertex  6.000000e+000  1.337410e+001 -1.958115e+001
    endloop
  endfacet
  facet normal  1.000000e+000  -0.000000e+000  0.000000e+000
    outer loop
      vertex  6.000000e+000  1.444909e+001 -1.944413e+001
      vertex  6.000000e+000  1.337410e+001 -1.958115e+001
      vertex  6.000000e+000  1.385423e+001 -1.987236e+001
    endloop
  endfacet
  facet normal  1.000000e+000  -0.000000e+000  0.000000e+000
    outer loop
      vertex  6.000000e+000  1.159122e+001 -1.952697e+001
      vertex  6.000000e+000  9.551067e+000 -1.999580e+001
      vertex  6.000000e+000  1.179125e+001 -2.057315e+001
    endloop
  endfacet
  facet normal  1.000000e+000  0.000000e+000  0.000000e+000
    outer loop
      vertex  6.000000e+000  1.179125e+001 -2.057315e+001
      vertex  6.000000e+000  9.551067e+000 -1.999580e+001
      vertex  6.000000e+000  9.761841e+000 -2.011210e+001
    endloop
  endfacet
  facet normal  1.000000e+000  0.000000e+000  0.000000e+000
    outer loop
      vertex  6.000000e+000  1.179125e+001 -2.057315e+001
      vertex  6.000000e+000  9.761841e+000 -2.011210e+001
      vertex  6.000000e+000  9.994376e+000 -2.039047e+001
    endloop
  endfacet
  facet normal  1.000000e+000  0.000000e+000  0.000000e+000
    outer loop
      vertex  6.000000e+000  1.179125e+001 -2.057315e+001
      vertex  6.000000e+000  9.994376e+000 -2.039047e+001
      vertex  6.000000e+000  1.184400e+001 -2.113221e+001
    endloop
  endfacet
  facet normal  1.000000e+000  0.000000e+000  0.000000e+000
    outer loop
      vertex  6.000000e+000  1.184400e+001 -2.113221e+001
      vertex  6.000000e+000  9.994376e+000 -2.039047e+001
      vertex  6.000000e+000  1.076032e+001 -2.113063e+001
    endloop
  endfacet
  facet normal  1.000000e+000  0.000000e+000  0.000000e+000
    outer loop
      vertex  6.000000e+000  1.184400e+001 -2.113221e+001
      vertex  6.000000e+000  1.076032e+001 -2.113063e+001
      vertex  6.000000e+000  1.119927e+001 -2.148085e+001
    endloop
  endfacet
  facet normal  1.000000e+000  -0.000000e+000  0.000000e+000
    outer loop
      vertex  6.000000e+000  8.999005e+000 -2.084891e+001
      vertex  6.000000e+000  6.915647e+000 -2.105300e+001
      vertex  6.000000e+000  9.063606e+000 -2.191207e+001
    endloop
  endfacet
  facet normal  9.999999e-001  0.000000e+000  0.000000e+000
    outer loop
      vertex  6.000000e+000  9.063606e+000 -2.191207e+001
      vertex  6.000000e+000  6.915647e+000 -2.105300e+001
      vertex  6.000000e+000  7.109818e+000 -2.119530e+001
    endloop
  endfacet
  facet normal  9.999999e-001  0.000000e+000  0.000000e+000
    outer loop
      vertex  6.000000e+000  9.063606e+000 -2.191207e+001
      vertex  6.000000e+000  7.109818e+000 -2.119530e+001
      vertex  6.000000e+000  7.304847e+000 -2.150112e+001
    endloop
  endfacet
  facet normal  9.999999e-001  0.000000e+000  0.000000e+000
    outer loop
      vertex  6.000000e+000  9.063606e+000 -2.191207e+001
      vertex  6.000000e+000  7.304847e+000 -2.150112e+001
      vertex  6.000000e+000  9.044438e+000 -2.247329e+001
    endloop
  endfacet
  facet normal  9.999999e-001  0.000000e+000  0.000000e+000
    outer loop
      vertex  6.000000e+000  9.044438e+000 -2.247329e+001
      vertex  6.000000e+000  7.304847e+000 -2.150112e+001
      vertex  6.000000e+000  7.969854e+000 -2.233314e+001
    endloop
  endfacet
  facet normal  1.000000e+000  0.000000e+000  0.000000e+000
    outer loop
      vertex  6.000000e+000  9.044438e+000 -2.247329e+001
      vertex  6.000000e+000  7.969854e+000 -2.233314e+001
      vertex  6.000000e+000  8.360411e+000 -2.273663e+001
    endloop
  endfacet
  facet normal  1.000000e+000  0.000000e+000  0.000000e+000
    outer loop
      vertex  6.000000e+000  6.259025e+000 -2.182850e+001
      vertex  6.000000e+000  4.166671e+000 -2.176451e+001
      vertex  6.000000e+000  6.187141e+000 -2.289120e+001
    endloop
  endfacet
  facet normal  1.000000e+000  0.000000e+000  0.000000e+000
    outer loop
      vertex  6.000000e+000  6.187141e+000 -2.289120e+001
      vertex  6.000000e+000  4.166671e+000 -2.176451e+001
      vertex  6.000000e+000  4.341052e+000 -2.193047e+001
    endloop
  endfacet
  facet normal  9.999999e-001  0.000000e+000  0.000000e+000
    outer loop
      vertex  6.000000e+000  6.187141e+000 -2.289120e+001
      vertex  6.000000e+000  4.341052e+000 -2.193047e+001
      vertex  6.000000e+000  5.048522e+000 -2.316895e+001
    endloop
  endfacet
  facet normal  1.000000e+000  0.000000e+000  0.000000e+000
    outer loop
      vertex  6.000000e+000  5.048522e+000 -2.316895e+001
      vertex  6.000000e+000  4.341052e+000 -2.193047e+001
      vertex  6.000000e+000  4.495372e+000 -2.225872e+001
    endloop
  endfacet
  facet normal  1.000000e+000  0.000000e+000  -0.000000e+000
    outer loop
      vertex  6.000000e+000  5.048522e+000 -2.316895e+001
      vertex  6.000000e+000  5.384277e+000 -2.361906e+001
      vertex  6.000000e+000  6.187141e+000 -2.289120e+001
    endloop
  endfacet
  facet normal  1.000000e+000  0.000000e+000  0.000000e+000
    outer loop
      vertex  6.000000e+000  6.187141e+000 -2.289120e+001
      vertex  6.000000e+000  5.384277e+000 -2.361906e+001
      vertex  6.000000e+000  6.096364e+000 -2.344536e+001
    endloop
  endfacet
  facet normal  2.225022e-005  1.719599e-002  9.998521e-001
    outer loop
      vertex -1.776357e-015  2.996956e-001  2.208560e+001
      vertex  6.000000e+000  2.996952e-001  2.208547e+001
      vertex  0.000000e+000  4.598378e-001  2.208285e+001
    endloop
  endfacet
  facet normal -3.819837e-009  1.636244e-002  9.998661e-001
    outer loop
      vertex  0.000000e+000  4.598378e-001  2.208285e+001
      vertex  6.000000e+000  2.996952e-001  2.208547e+001
      vertex  6.000000e+000  4.598392e-001  2.208285e+001
    endloop
  endfacet
  facet normal  2.212333e-005  1.449153e-001  9.894440e-001
    outer loop
      vertex -1.776357e-015  3.121479e+000  2.186595e+001
      vertex  6.000000e+000  3.121461e+000  2.186582e+001
      vertex -1.776357e-015  3.279954e+000  2.184274e+001
    endloop
  endfacet
  facet normal -3.435468e-008  1.440940e-001  9.895640e-001
    outer loop
      vertex -1.776357e-015  3.279954e+000  2.184274e+001
      vertex  6.000000e+000  3.121461e+000  2.186582e+001
      vertex  6.000000e+000  3.279956e+000  2.184274e+001
    endloop
  endfacet
  facet normal  2.203111e-005  2.702419e-001  9.627925e-001
    outer loop
      vertex -1.776357e-015  5.892007e+000  2.128727e+001
      vertex  6.000000e+000  5.891973e+000  2.128714e+001
      vertex  0.000000e+000  6.046214e+000  2.124398e+001
    endloop
  endfacet
  facet normal  2.418902e-007  2.694559e-001  9.630128e-001
    outer loop
      vertex  0.000000e+000  6.046214e+000  2.124398e+001
      vertex  6.000000e+000  5.891973e+000  2.128714e+001
      vertex  6.000000e+000  6.046215e+000  2.124398e+001
    endloop
  endfacet
  facet normal  2.224959e-005  3.911479e-001  9.203278e-001
    outer loop
      vertex -1.776357e-015  8.565789e+000  2.035905e+001
      vertex  6.000000e+000  8.565740e+000  2.035892e+001
      vertex  0.000000e+000  8.713195e+000  2.029640e+001
    endloop
  endfacet
  facet normal -6.204900e-008  3.903786e-001  9.206544e-001
    outer loop
      vertex  0.000000e+000  8.713195e+000  2.029640e+001
      vertex  6.000000e+000  8.565740e+000  2.035892e+001
      vertex  6.000000e+000  8.713196e+000  2.029640e+001
    endloop
  endfacet
  facet normal  2.227529e-005  5.056263e-001  8.627526e-001
    outer loop
      vertex -1.776357e-015  1.109892e+001  1.909653e+001
      vertex  6.000000e+000  1.109886e+001  1.909641e+001
      vertex  0.000000e+000  1.123711e+001  1.901555e+001
    endloop
  endfacet
  facet normal  1.941409e-007  5.049124e-001  8.631706e-001
    outer loop
      vertex  0.000000e+000  1.123711e+001  1.901555e+001
      vertex  6.000000e+000  1.109886e+001  1.909641e+001
      vertex  6.000000e+000  1.123711e+001  1.901554e+001
    endloop
  endfacet
  facet normal  2.199850e-005  6.117961e-001  7.910156e-001
    outer loop
      vertex  0.000000e+000  1.344981e+001  1.752045e+001
      vertex  6.000000e+000  1.344973e+001  1.752034e+001
      vertex  0.000000e+000  1.357650e+001  1.742246e+001
    endloop
  endfacet
  facet normal  1.544767e-007  6.111485e-001  7.915159e-001
    outer loop
      vertex  0.000000e+000  1.357650e+001  1.742246e+001
      vertex  6.000000e+000  1.344973e+001  1.752034e+001
      vertex  6.000000e+000  1.357650e+001  1.742246e+001
    endloop
  endfacet
  facet normal  2.214074e-005  7.079280e-001  7.062846e-001
    outer loop
      vertex  0.000000e+000  1.557985e+001  1.565668e+001
      vertex  6.000000e+000  1.557976e+001  1.565659e+001
      vertex -1.776357e-015  1.569298e+001  1.554330e+001
    endloop
  endfacet
  facet normal -7.476652e-011  7.073420e-001  7.068716e-001
    outer loop
      vertex -1.776357e-015  1.569298e+001  1.554330e+001
      vertex  6.000000e+000  1.557976e+001  1.565659e+001
      vertex  6.000000e+000  1.569298e+001  1.554330e+001
    endloop
  endfacet
  facet normal  2.219265e-005  7.924393e-001  6.099507e-001
    outer loop
      vertex  0.000000e+000  1.745407e+001  1.353583e+001
      vertex  6.000000e+000  1.745397e+001  1.353575e+001
      vertex  0.000000e+000  1.755177e+001  1.340891e+001
    endloop
  endfacet
  facet normal -1.546928e-007  7.919285e-001  6.106139e-001
    outer loop
      vertex  0.000000e+000  1.755177e+001  1.340891e+001
      vertex  6.000000e+000  1.745397e+001  1.353575e+001
      vertex  6.000000e+000  1.755177e+001  1.340891e+001
    endloop
  endfacet
  facet normal  2.224154e-005  8.639281e-001  5.036152e-001
    outer loop
      vertex -1.776357e-015  1.904170e+001  1.119273e+001
      vertex  6.000000e+000  1.904159e+001  1.119266e+001
      vertex  0.000000e+000  1.912236e+001  1.105436e+001
    endloop
  endfacet
  facet normal  1.603221e-007  8.635112e-001  5.043297e-001
    outer loop
      vertex  0.000000e+000  1.912236e+001  1.105436e+001
      vertex  6.000000e+000  1.904159e+001  1.119266e+001
      vertex  6.000000e+000  1.912236e+001  1.105435e+001
    endloop
  endfacet
  facet normal  2.220510e-005  9.212397e-001  3.889954e-001
    outer loop
      vertex -1.776357e-015  2.031666e+001  8.665837e+000
      vertex  6.000000e+000  2.031654e+001  8.665784e+000
      vertex  0.000000e+000  2.037897e+001  8.518287e+000
    endloop
  endfacet
  facet normal  6.195060e-008  9.209167e-001  3.897595e-001
    outer loop
      vertex  0.000000e+000  2.037897e+001  8.518287e+000
      vertex  6.000000e+000  2.031654e+001  8.665784e+000
      vertex  6.000000e+000  2.037897e+001  8.518286e+000
    endloop
  endfacet
  facet normal  2.220220e-005  9.634183e-001  2.680024e-001
    outer loop
      vertex  0.000000e+000  2.125803e+001  5.996654e+000
      vertex  6.000000e+000  2.125790e+001  5.996616e+000
      vertex  0.000000e+000  2.130095e+001  5.842347e+000
    endloop
  endfacet
  facet normal  6.408722e-008  9.631957e-001  2.688013e-001
    outer loop
      vertex  0.000000e+000  2.130095e+001  5.842347e+000
      vertex  6.000000e+000  2.125790e+001  5.996616e+000
      vertex  6.000000e+000  2.130095e+001  5.842346e+000
    endloop
  endfacet
  facet normal  2.188868e-005  9.897797e-001  1.426052e-001
    outer loop
      vertex -1.776357e-015  2.185033e+001  3.229005e+000
      vertex  6.000000e+000  2.185020e+001  3.228985e+000
      vertex  0.000000e+000  2.187317e+001  3.070476e+000
    endloop
  endfacet
  facet normal  2.849413e-008  9.896625e-001  1.434157e-001
    outer loop
      vertex  0.000000e+000  2.187317e+001  3.070476e+000
      vertex  6.000000e+000  2.185020e+001  3.228985e+000
      vertex  6.000000e+000  2.187317e+001  3.070475e+000
    endloop
  endfacet
  facet normal  2.225946e-005  9.998895e-001  1.486191e-002
    outer loop
      vertex  0.000000e+000  2.208386e+001  4.083367e-001
      vertex  6.000000e+000  2.208372e+001  4.083329e-001
      vertex -1.776357e-015  2.208624e+001  2.481885e-001
    endloop
  endfacet
  facet normal  3.664151e-009  9.998767e-001  1.569556e-002
    outer loop
      vertex -1.776357e-015  2.208624e+001  2.481885e-001
      vertex  6.000000e+000  2.208372e+001  4.083329e-001
      vertex  6.000000e+000  2.208624e+001  2.481871e-001
    endloop
  endfacet
  facet normal  2.235679e-005  9.935814e-001 -1.131197e-001
    outer loop
      vertex -1.776357e-015  2.195477e+001 -2.419037e+000
      vertex  6.000000e+000  2.195463e+001 -2.419024e+000
      vertex  0.000000e+000  2.193665e+001 -2.578175e+000
    endloop
  endfacet
  facet normal  2.891066e-007  9.936745e-001 -1.122983e-001
    outer loop
      vertex  0.000000e+000  2.193665e+001 -2.578175e+000
      vertex  6.000000e+000  2.195463e+001 -2.419024e+000
      vertex  6.000000e+000  2.193665e+001 -2.578176e+000
    endloop
  endfacet
  facet normal  2.218670e-005  9.709567e-001 -2.392552e-001
    outer loop
      vertex -1.776357e-015  2.146518e+001 -5.206690e+000
      vertex  6.000000e+000  2.146505e+001 -5.206660e+000
      vertex -1.776357e-015  2.142686e+001 -5.362204e+000
    endloop
  endfacet
  facet normal -5.684996e-008  9.711557e-001 -2.384460e-001
    outer loop
      vertex -1.776357e-015  2.142686e+001 -5.362204e+000
      vertex  6.000000e+000  2.146505e+001 -5.206660e+000
      vertex  6.000000e+000  2.142686e+001 -5.362206e+000
    endloop
  endfacet
  facet normal  2.205232e-005  9.323917e-001 -3.614494e-001
    outer loop
      vertex  0.000000e+000  2.062313e+001 -7.908849e+000
      vertex  6.000000e+000  2.062301e+001 -7.908803e+000
      vertex  0.000000e+000  2.056524e+001 -8.058187e+000
    endloop
  endfacet
  facet normal -5.732807e-008  9.326907e-001 -3.606770e-001
    outer loop
      vertex  0.000000e+000  2.056524e+001 -8.058187e+000
      vertex  6.000000e+000  2.062301e+001 -7.908803e+000
      vertex  6.000000e+000  2.056524e+001 -8.058187e+000
    endloop
  endfacet
  facet normal  2.225039e-005  8.785156e-001 -4.777136e-001
    outer loop
      vertex -1.776357e-015  1.944246e+001 -1.048115e+001
      vertex  6.000000e+000  1.944234e+001 -1.048108e+001
      vertex -1.776357e-015  1.936594e+001 -1.062185e+001
    endloop
  endfacet
  facet normal  2.035827e-007  8.789099e-001 -4.769879e-001
    outer loop
      vertex -1.776357e-015  1.936594e+001 -1.062185e+001
      vertex  6.000000e+000  1.944234e+001 -1.048108e+001
      vertex  6.000000e+000  1.936594e+001 -1.062185e+001
    endloop
  endfacet
  facet normal  2.222717e-005  8.102104e-001 -5.861391e-001
    outer loop
      vertex -1.776357e-015  1.794254e+001 -1.288134e+001
      vertex  6.000000e+000  1.794243e+001 -1.288126e+001
      vertex -1.776357e-015  1.784866e+001 -1.301111e+001
    endloop
  endfacet
  facet normal -9.305658e-008  8.107002e-001 -5.854614e-001
    outer loop
      vertex -1.776357e-015  1.784866e+001 -1.301111e+001
      vertex  6.000000e+000  1.794243e+001 -1.288126e+001
      vertex  6.000000e+000  1.784866e+001 -1.301111e+001
    endloop
  endfacet
  facet normal  2.204602e-005  7.286127e-001 -6.849259e-001
    outer loop
      vertex -1.776357e-015  1.614800e+001 -1.507003e+001
      vertex  6.000000e+000  1.614790e+001 -1.506994e+001
      vertex  0.000000e+000  1.603830e+001 -1.518672e+001
    endloop
  endfacet
  facet normal  1.230276e-007  7.291750e-001 -6.843273e-001
    outer loop
      vertex  0.000000e+000  1.603830e+001 -1.518672e+001
      vertex  6.000000e+000  1.614790e+001 -1.506994e+001
      vertex  6.000000e+000  1.603829e+001 -1.518673e+001
    endloop
  endfacet
  facet normal  2.209924e-005  6.350449e-001 -7.724751e-001
    outer loop
      vertex  0.000000e+000  1.408831e+001 -1.701126e+001
      vertex  6.000000e+000  1.408823e+001 -1.701116e+001
      vertex  0.000000e+000  1.396459e+001 -1.711297e+001
    endloop
  endfacet
  facet normal  1.010388e-007  6.356813e-001 -7.719515e-001
    outer loop
      vertex  0.000000e+000  1.396459e+001 -1.711297e+001
      vertex  6.000000e+000  1.408823e+001 -1.701116e+001
      vertex  6.000000e+000  1.396459e+001 -1.711297e+001
    endloop
  endfacet
  facet normal  2.195362e-005  5.310497e-001 -8.473407e-001
    outer loop
      vertex  0.000000e+000  1.179729e+001 -1.867317e+001
      vertex  6.000000e+000  1.179722e+001 -1.867306e+001
      vertex  0.000000e+000  1.166158e+001 -1.875823e+001
    endloop
  endfacet
  facet normal  8.451839e-008  5.317437e-001 -8.469054e-001
    outer loop
      vertex  0.000000e+000  1.166158e+001 -1.875823e+001
      vertex  6.000000e+000  1.179722e+001 -1.867306e+001
      vertex  6.000000e+000  1.166158e+001 -1.875823e+001
    endloop
  endfacet
  facet normal  2.218008e-005  4.183270e-001 -9.082965e-001
    outer loop
      vertex -1.776357e-015  9.312566e+000 -2.002847e+001
      vertex  6.000000e+000  9.312509e+000 -2.002835e+001
      vertex  0.000000e+000  9.167089e+000 -2.009547e+001
    endloop
  endfacet
  facet normal  1.332210e-007  4.190771e-001 -9.079507e-001
    outer loop
      vertex  0.000000e+000  9.167089e+000 -2.009547e+001
      vertex  6.000000e+000  9.312509e+000 -2.002835e+001
      vertex  6.000000e+000  9.167087e+000 -2.009547e+001
    endloop
  endfacet
  facet normal  2.208827e-005  2.987501e-001 -9.543314e-001
    outer loop
      vertex -1.776357e-015  6.674926e+000 -2.105490e+001
      vertex  6.000000e+000  6.674885e+000 -2.105478e+001
      vertex -1.776357e-015  6.522075e+000 -2.110275e+001
    endloop
  endfacet
  facet normal  7.141522e-008  2.995371e-001 -9.540846e-001
    outer loop
      vertex -1.776357e-015  6.522075e+000 -2.110275e+001
      vertex  6.000000e+000  6.674885e+000 -2.105478e+001
      vertex  6.000000e+000  6.522073e+000 -2.110275e+001
    endloop
  endfacet
  facet normal  2.232597e-005  1.742465e-001 -9.847021e-001
    outer loop
      vertex -1.776357e-015  3.927684e+000 -2.173561e+001
      vertex  6.000000e+000  3.927659e+000 -2.173548e+001
      vertex  0.000000e+000  3.769969e+000 -2.176352e+001
    endloop
  endfacet
  facet normal  4.173958e-008  1.750685e-001 -9.845563e-001
    outer loop
      vertex  0.000000e+000  3.769969e+000 -2.176352e+001
      vertex  6.000000e+000  3.927659e+000 -2.173548e+001
      vertex  6.000000e+000  3.769967e+000 -2.176352e+001
    endloop
  endfacet
  facet normal  2.197374e-005  4.690791e-002 -9.988993e-001
    outer loop
      vertex -1.776357e-015  1.115949e+000 -2.205942e+001
      vertex  6.000000e+000  1.115941e+000 -2.205929e+001
      vertex  0.000000e+000  9.559598e-001 -2.206694e+001
    endloop
  endfacet
  facet normal  1.090551e-008  4.772975e-002 -9.988604e-001
    outer loop
      vertex  0.000000e+000  9.559598e-001 -2.206694e+001
      vertex  6.000000e+000  1.115941e+000 -2.205929e+001
      vertex  6.000000e+000  9.559584e-001 -2.206694e+001
    endloop
  endfacet
  facet normal  2.229991e-005 -8.121655e-002 -9.966965e-001
    outer loop
      vertex -1.776357e-015 -1.714109e+000 -2.202102e+001
      vertex  6.000000e+000 -1.714100e+000 -2.202089e+001
      vertex -1.776357e-015 -1.873746e+000 -2.200801e+001
    endloop
  endfacet
  facet normal -1.756779e-008 -8.038323e-002 -9.967640e-001
    outer loop
      vertex -1.776357e-015 -1.873746e+000 -2.200801e+001
      vertex  6.000000e+000 -1.714100e+000 -2.202089e+001
      vertex  6.000000e+000 -1.873747e+000 -2.200801e+001
    endloop
  endfacet
  facet normal  2.203647e-005 -2.080068e-001 -9.781274e-001
    outer loop
      vertex -1.776357e-015 -4.516022e+000 -2.162103e+001
      vertex  6.000000e+000 -4.515996e+000 -2.162090e+001
      vertex -1.776357e-015 -4.672685e+000 -2.158772e+001
    endloop
  endfacet
  facet normal -3.293324e-008 -2.071981e-001 -9.782990e-001
    outer loop
      vertex -1.776357e-015 -4.672685e+000 -2.158772e+001
      vertex  6.000000e+000 -4.515996e+000 -2.162090e+001
      vertex  6.000000e+000 -4.672686e+000 -2.158772e+001
    endloop
  endfacet
  facet normal  2.211291e-005 -3.313690e-001 -9.435012e-001
    outer loop
      vertex  0.000000e+000 -7.243782e+000 -2.086603e+001
      vertex  6.000000e+000 -7.243740e+000 -2.086590e+001
      vertex  0.000000e+000 -7.394898e+000 -2.081295e+001
    endloop
  endfacet
  facet normal  2.211973e-007 -3.305951e-001 -9.437727e-001
    outer loop
      vertex  0.000000e+000 -7.394898e+000 -2.081295e+001
      vertex  6.000000e+000 -7.243740e+000 -2.086590e+001
      vertex  6.000000e+000 -7.394899e+000 -2.081295e+001
    endloop
  endfacet
  facet normal  2.196416e-005 -4.493107e-001 -8.933756e-001
    outer loop
      vertex  0.000000e+000 -9.852599e+000 -1.976840e+001
      vertex  6.000000e+000 -9.852541e+000 -1.976829e+001
      vertex  0.000000e+000 -9.995687e+000 -1.969644e+001
    endloop
  endfacet
  facet normal -7.129876e-008 -4.485730e-001 -8.937462e-001
    outer loop
      vertex  0.000000e+000 -9.995687e+000 -1.969644e+001
      vertex  6.000000e+000 -9.852541e+000 -1.976829e+001
      vertex  6.000000e+000 -9.995688e+000 -1.969644e+001
    endloop
  endfacet
  facet normal  2.212927e-005 -5.598615e-001 -8.285862e-001
    outer loop
      vertex  0.000000e+000 -1.229964e+001 -1.834618e+001
      vertex  6.000000e+000 -1.229956e+001 -1.834607e+001
      vertex  0.000000e+000 -1.243235e+001 -1.825651e+001
    endloop
  endfacet
  facet normal  8.578974e-008 -5.591771e-001 -8.290483e-001
    outer loop
      vertex  0.000000e+000 -1.243235e+001 -1.825651e+001
      vertex  6.000000e+000 -1.229956e+001 -1.834607e+001
      vertex  6.000000e+000 -1.243235e+001 -1.825651e+001
    endloop
  endfacet
  facet normal  2.220334e-005 -6.612247e-001 -7.501879e-001
    outer loop
      vertex  0.000000e+000 -1.454471e+001 -1.662272e+001
      vertex  6.000000e+000 -1.454463e+001 -1.662262e+001
      vertex  0.000000e+000 -1.466487e+001 -1.651681e+001
    endloop
  endfacet
  facet normal -1.049992e-007 -6.605976e-001 -7.507402e-001
    outer loop
      vertex  0.000000e+000 -1.466487e+001 -1.651681e+001
      vertex  6.000000e+000 -1.454463e+001 -1.662262e+001
      vertex  6.000000e+000 -1.466487e+001 -1.651681e+001
    endloop
  endfacet
  facet normal  2.204048e-005 -7.517284e-001 -6.594727e-001
    outer loop
      vertex  0.000000e+000 -1.655097e+001 -1.462631e+001
      vertex  6.000000e+000 -1.655087e+001 -1.462622e+001
      vertex -1.776357e-015 -1.665659e+001 -1.450591e+001
    endloop
  endfacet
  facet normal -1.338742e-007 -7.511803e-001 -6.600969e-001
    outer loop
      vertex -1.776357e-015 -1.665659e+001 -1.450591e+001
      vertex  6.000000e+000 -1.655087e+001 -1.462622e+001
      vertex  6.000000e+000 -1.665660e+001 -1.450591e+001
    endloop
  endfacet
  facet normal  2.230700e-005 -8.298876e-001 -5.579306e-001
    outer loop
      vertex -1.776357e-015 -1.828546e+001 -1.238974e+001
      vertex  6.000000e+000 -1.828535e+001 -1.238966e+001
      vertex  0.000000e+000 -1.837482e+001 -1.225682e+001
    endloop
  endfacet
  facet normal  8.879043e-008 -8.294230e-001 -5.586211e-001
    outer loop
      vertex  0.000000e+000 -1.837482e+001 -1.225682e+001
      vertex  6.000000e+000 -1.828535e+001 -1.238966e+001
      vertex  6.000000e+000 -1.837482e+001 -1.225682e+001
    endloop
  endfacet
  facet normal  2.217780e-005 -8.944200e-001 -4.472279e-001
    outer loop
      vertex -1.776357e-015 -1.971970e+001 -9.949725e+000
      vertex  6.000000e+000 -1.971958e+001 -9.949664e+000
      vertex  0.000000e+000 -1.979133e+001 -9.806470e+000
    endloop
  endfacet
  facet normal  7.120267e-008 -8.940494e-001 -4.479685e-001
    outer loop
      vertex  0.000000e+000 -1.979133e+001 -9.806470e+000
      vertex  6.000000e+000 -1.971958e+001 -9.949664e+000
      vertex  6.000000e+000 -1.979133e+001 -9.806469e+000
    endloop
  endfacet
  facet normal  2.232296e-005 -9.442685e-001 -3.291764e-001
    outer loop
      vertex -1.776357e-015 -2.083014e+001 -7.346340e+000
      vertex  6.000000e+000 -2.083002e+001 -7.346294e+000
      vertex -1.776357e-015 -2.088287e+001 -7.195100e+000
    endloop
  endfacet
  facet normal  5.244638e-008 -9.439934e-001 -3.299641e-001
    outer loop
      vertex -1.776357e-015 -2.088287e+001 -7.195100e+000
      vertex  6.000000e+000 -2.083002e+001 -7.346294e+000
      vertex  6.000000e+000 -2.088287e+001 -7.195099e+000
    endloop
  endfacet
  facet normal  2.216791e-005 -9.786108e-001 -2.057206e-001
    outer loop
      vertex  0.000000e+000 -2.159856e+001 -4.622327e+000
      vertex  6.000000e+000 -2.159843e+001 -4.622297e+000
      vertex  0.000000e+000 -2.163151e+001 -4.465587e+000
    endloop
  endfacet
  facet normal  4.924092e-008 -9.784399e-001 -2.065314e-001
    outer loop
      vertex  0.000000e+000 -2.163151e+001 -4.465587e+000
      vertex  6.000000e+000 -2.159843e+001 -4.622297e+000
      vertex  6.000000e+000 -2.163151e+001 -4.465585e+000
    endloop
  endfacet
  facet normal  2.202759e-005 -9.968830e-001 -7.889441e-002
    outer loop
      vertex  0.000000e+000 -2.201232e+001 -1.822415e+000
      vertex  6.000000e+000 -2.201219e+001 -1.822403e+000
      vertex -1.776357e-015 -2.202496e+001 -1.662749e+000
    endloop
  endfacet
  facet normal  1.900585e-008 -9.968176e-001 -7.971630e-002
    outer loop
      vertex -1.776357e-015 -2.202496e+001 -1.662749e+000
      vertex  6.000000e+000 -2.201219e+001 -1.822403e+000
      vertex  6.000000e+000 -2.202496e+001 -1.662747e+000
    endloop
  endfacet
  facet normal  2.194606e-005 -9.987874e-001  4.923010e-002
    outer loop
      vertex -1.776357e-015 -2.206465e+001  1.007420e+000
      vertex  6.000000e+000 -2.206451e+001  1.007415e+000
      vertex -1.776357e-015 -2.205676e+001  1.167392e+000
    endloop
  endfacet
  facet normal -1.154149e-008 -9.988276e-001  4.840852e-002
    outer loop
      vertex -1.776357e-015 -2.205676e+001  1.167392e+000
      vertex  6.000000e+000 -2.206451e+001  1.007415e+000
      vertex  6.000000e+000 -2.205676e+001  1.167393e+000
    endloop
  endfacet
  facet normal  2.222134e-005 -9.842905e-001  1.765564e-001
    outer loop
      vertex -1.776357e-015 -2.175467e+001  3.820713e+000
      vertex  6.000000e+000 -2.175454e+001  3.820692e+000
      vertex  0.000000e+000 -2.172639e+001  3.978363e+000
    endloop
  endfacet
  facet normal -4.189859e-008 -9.844375e-001  1.757354e-001
    outer loop
      vertex  0.000000e+000 -2.172639e+001  3.978363e+000
      vertex  6.000000e+000 -2.175454e+001  3.820692e+000
      vertex  6.000000e+000 -2.172639e+001  3.978365e+000
    endloop
  endfacet
  facet normal  2.222470e-005 -9.536349e-001  3.009661e-001
    outer loop
      vertex -1.776357e-015 -2.108748e+001  6.571271e+000
      vertex  6.000000e+000 -2.108735e+001  6.571233e+000
      vertex  0.000000e+000 -2.103928e+001  6.724010e+000
    endloop
  endfacet
  facet normal -7.156597e-008 -9.538859e-001  3.001694e-001
    outer loop
      vertex  0.000000e+000 -2.103928e+001  6.724010e+000
      vertex  6.000000e+000 -2.108735e+001  6.571233e+000
      vertex  6.000000e+000 -2.103928e+001  6.724012e+000
    endloop
  endfacet
  facet normal  2.226862e-005 -9.073188e-001  4.204434e-001
    outer loop
      vertex  0.000000e+000 -2.007404e+001  9.213928e+000
      vertex  6.000000e+000 -2.007392e+001  9.213874e+000
      vertex -1.776357e-015 -2.000670e+001  9.359250e+000
    endloop
  endfacet
  facet normal -6.670700e-008 -9.076702e-001  4.196841e-001
    outer loop
      vertex -1.776357e-015 -2.000670e+001  9.359250e+000
      vertex  6.000000e+000 -2.007392e+001  9.213874e+000
      vertex  6.000000e+000 -2.000670e+001  9.359251e+000
    endloop
  endfacet
  facet normal  2.205381e-005 -8.461033e-001  5.330190e-001
    outer loop
      vertex -1.776357e-015 -1.873098e+001  1.170529e+001
      vertex  6.000000e+000 -1.873087e+001  1.170522e+001
      vertex  0.000000e+000 -1.864561e+001  1.184081e+001
    endloop
  endfacet
  facet normal -8.460953e-008 -8.465450e-001  5.323172e-001
    outer loop
      vertex  0.000000e+000 -1.864561e+001  1.184081e+001
      vertex  6.000000e+000 -1.873087e+001  1.170522e+001
      vertex  6.000000e+000 -1.864561e+001  1.184081e+001
    endloop
  endfacet
  facet normal  2.228651e-005 -7.709930e-001  6.368436e-001
    outer loop
      vertex -1.776357e-015 -1.708036e+001  1.400446e+001
      vertex  6.000000e+000 -1.708026e+001  1.400437e+001
      vertex  0.000000e+000 -1.697836e+001  1.412794e+001
    endloop
  endfacet
  facet normal -1.011208e-007 -7.715269e-001  6.361968e-001
    outer loop
      vertex  0.000000e+000 -1.697836e+001  1.412794e+001
      vertex  6.000000e+000 -1.708026e+001  1.400437e+001
      vertex  6.000000e+000 -1.697836e+001  1.412795e+001
    endloop
  endfacet
  facet normal  2.214013e-005 -6.832300e-001  7.302033e-001
    outer loop
      vertex  0.000000e+000 -1.514928e+001  1.607367e+001
      vertex  6.000000e+000 -1.514919e+001  1.607357e+001
      vertex  0.000000e+000 -1.503233e+001  1.618310e+001
    endloop
  endfacet
  facet normal  1.086922e-007 -6.838324e-001  7.296391e-001
    outer loop
      vertex  0.000000e+000 -1.503233e+001  1.618310e+001
      vertex  6.000000e+000 -1.514919e+001  1.607357e+001
      vertex  6.000000e+000 -1.503233e+001  1.618310e+001
    endloop
  endfacet
  facet normal  2.215528e-005 -5.842364e-001  8.115836e-001
    outer loop
      vertex  0.000000e+000 -1.296945e+001  1.787895e+001
      vertex  6.000000e+000 -1.296937e+001  1.787885e+001
      vertex  0.000000e+000 -1.283946e+001  1.797253e+001
    endloop
  endfacet
  facet normal -1.648704e-007 -5.849147e-001  8.110948e-001
    outer loop
      vertex  0.000000e+000 -1.283946e+001  1.797253e+001
      vertex  6.000000e+000 -1.296937e+001  1.787885e+001
      vertex  6.000000e+000 -1.283946e+001  1.797253e+001
    endloop
  endfacet
  facet normal  2.191868e-005 -4.756642e-001  8.796269e-001
    outer loop
      vertex  0.000000e+000 -1.057666e+001  1.939066e+001
      vertex  6.000000e+000 -1.057660e+001  1.939055e+001
      vertex -1.776357e-015 -1.043577e+001  1.946685e+001
    endloop
  endfacet
  facet normal -2.037798e-007 -4.763930e-001  8.792324e-001
    outer loop
      vertex -1.776357e-015 -1.043577e+001  1.946685e+001
      vertex  6.000000e+000 -1.057660e+001  1.939055e+001
      vertex  6.000000e+000 -1.043577e+001  1.946685e+001
    endloop
  endfacet
  facet normal  2.225279e-005 -3.592699e-001  9.332337e-001
    outer loop
      vertex  0.000000e+000 -8.010204e+000  2.058398e+001
      vertex  6.000000e+000 -8.010155e+000  2.058385e+001
      vertex  0.000000e+000 -7.860732e+000  2.064152e+001
    endloop
  endfacet
  facet normal  8.584136e-008 -3.600448e-001  9.329350e-001
    outer loop
      vertex  0.000000e+000 -7.860732e+000  2.064152e+001
      vertex  6.000000e+000 -8.010155e+000  2.058385e+001
      vertex  6.000000e+000 -7.860731e+000  2.064152e+001
    endloop
  endfacet
  facet normal  2.201036e-005 -2.369808e-001  9.715143e-001
    outer loop
      vertex -1.776357e-015 -5.312220e+000  2.143931e+001
      vertex  6.000000e+000 -5.312186e+000  2.143918e+001
      vertex  0.000000e+000 -5.156616e+000  2.147726e+001
    endloop
  endfacet
  facet normal -2.520794e-007 -2.377910e-001  9.713163e-001
    outer loop
      vertex  0.000000e+000 -5.156616e+000  2.147726e+001
      vertex  6.000000e+000 -5.312186e+000  2.143918e+001
      vertex  6.000000e+000 -5.156615e+000  2.147726e+001
    endloop
  endfacet
  facet normal  2.242358e-005 -1.107975e-001  9.938430e-001
    outer loop
      vertex -1.776357e-015 -2.527009e+000  2.194260e+001
      vertex  6.000000e+000 -2.526992e+000  2.194247e+001
      vertex -1.776357e-015 -2.367829e+000  2.196035e+001
    endloop
  endfacet
  facet normal  2.661498e-008 -1.116313e-001  9.937497e-001
    outer loop
      vertex -1.776357e-015 -2.367829e+000  2.196035e+001
      vertex  6.000000e+000 -2.526992e+000  2.194247e+001
      vertex  6.000000e+000 -2.367828e+000  2.196035e+001
    endloop
  endfacet
  facet normal  2.408078e-009  9.696201e-001  2.446156e-001
    outer loop
      vertex  0.000000e+000 -1.575273e-001  2.270758e+001
      vertex  6.000000e+000 -1.575273e-001  2.270758e+001
      vertex -1.776357e-015 -6.880098e-002  2.235588e+001
    endloop
  endfacet
  facet normal  -0.000000e+000  9.696201e-001  2.446157e-001
    outer loop
      vertex -1.776357e-015 -6.880098e-002  2.235588e+001
      vertex  6.000000e+000 -1.575273e-001  2.270758e+001
      vertex  6.000000e+000 -6.880098e-002  2.235588e+001
    endloop
  endfacet
  facet normal  0.000000e+000  8.151556e-001  5.792419e-001
    outer loop
      vertex  6.000000e+000 -6.880098e-002  2.235588e+001
      vertex  6.000000e+000  7.063952e-002  2.215965e+001
      vertex -1.776357e-015 -6.880098e-002  2.235588e+001
    endloop
  endfacet
  facet normal  0.000000e+000  8.151556e-001  5.792419e-001
    outer loop
      vertex -1.776357e-015 -6.880098e-002  2.235588e+001
      vertex  6.000000e+000  7.063952e-002  2.215965e+001
      vertex -1.776357e-015  7.063952e-002  2.215965e+001
    endloop
  endfacet
  facet normal  0.000000e+000  3.081070e-001  9.513516e-001
    outer loop
      vertex  6.000000e+000  7.063952e-002  2.215965e+001
      vertex  6.000000e+000  2.996952e-001  2.208547e+001
      vertex -1.776357e-015  7.063952e-002  2.215965e+001
    endloop
  endfacet
  facet normal  2.119445e-005  3.076045e-001  9.515143e-001
    outer loop
      vertex -1.776357e-015  7.063952e-002  2.215965e+001
      vertex  6.000000e+000  2.996952e-001  2.208547e+001
      vertex -1.776357e-015  2.996956e-001  2.208560e+001
    endloop
  endfacet
  facet normal  0.000000e+000  9.929404e-001  1.186145e-001
    outer loop
      vertex -1.776357e-015  2.747547e+000  2.254129e+001
      vertex  6.000000e+000  2.747547e+000  2.254129e+001
      vertex -1.776357e-015  2.790570e+000  2.218114e+001
    endloop
  endfacet
  facet normal  -0.000000e+000  9.929404e-001  1.186145e-001
    outer loop
      vertex -1.776357e-015  2.790570e+000  2.218114e+001
      vertex  6.000000e+000  2.747547e+000  2.254129e+001
      vertex  6.000000e+000  2.790570e+000  2.218114e+001
    endloop
  endfacet
  facet normal  0.000000e+000  8.825346e-001  4.702474e-001
    outer loop
      vertex  6.000000e+000  2.790570e+000  2.218114e+001
      vertex  6.000000e+000  2.903773e+000  2.196869e+001
      vertex -1.776357e-015  2.790570e+000  2.218114e+001
    endloop
  endfacet
  facet normal  0.000000e+000  8.825346e-001  4.702474e-001
    outer loop
      vertex -1.776357e-015  2.790570e+000  2.218114e+001
      vertex  6.000000e+000  2.903773e+000  2.196869e+001
      vertex -1.776357e-015  2.903773e+000  2.196869e+001
    endloop
  endfacet
  facet normal  0.000000e+000  4.272298e-001  9.041430e-001
    outer loop
      vertex  6.000000e+000  2.903773e+000  2.196869e+001
      vertex  6.000000e+000  3.121461e+000  2.186582e+001
      vertex -1.776357e-015  2.903773e+000  2.196869e+001
    endloop
  endfacet
  facet normal  2.107454e-005  4.267549e-001  9.043673e-001
    outer loop
      vertex -1.776357e-015  2.903773e+000  2.196869e+001
      vertex  6.000000e+000  3.121461e+000  2.186582e+001
      vertex -1.776357e-015  3.121479e+000  2.186595e+001
    endloop
  endfacet
  facet normal  0.000000e+000  9.999565e-001 -9.332524e-003
    outer loop
      vertex -1.776357e-015  5.607506e+000  2.200488e+001
      vertex  6.000000e+000  5.607506e+000  2.200488e+001
      vertex -1.776357e-015  5.604121e+000  2.164218e+001
    endloop
  endfacet
  facet normal  0.000000e+000  9.999565e-001 -9.332524e-003
    outer loop
      vertex -1.776357e-015  5.604121e+000  2.164218e+001
      vertex  6.000000e+000  5.607506e+000  2.200488e+001
      vertex  6.000000e+000  5.604121e+000  2.164218e+001
    endloop
  endfacet
  facet normal  0.000000e+000  9.354215e-001  3.535344e-001
    outer loop
      vertex  6.000000e+000  5.604121e+000  2.164218e+001
      vertex  6.000000e+000  5.689226e+000  2.141700e+001
      vertex -1.776357e-015  5.604121e+000  2.164218e+001
    endloop
  endfacet
  facet normal  0.000000e+000  9.354215e-001  3.535344e-001
    outer loop
      vertex -1.776357e-015  5.604121e+000  2.164218e+001
      vertex  6.000000e+000  5.689226e+000  2.141700e+001
      vertex -1.776357e-015  5.689226e+000  2.141700e+001
    endloop
  endfacet
  facet normal  0.000000e+000  5.393475e-001  8.420833e-001
    outer loop
      vertex  6.000000e+000  5.689226e+000  2.141700e+001
      vertex  6.000000e+000  5.891973e+000  2.128714e+001
      vertex -1.776357e-015  5.689226e+000  2.141700e+001
    endloop
  endfacet
  facet normal  2.098163e-005  5.389071e-001  8.423652e-001
    outer loop
      vertex -1.776357e-015  5.689226e+000  2.141700e+001
      vertex  6.000000e+000  5.891973e+000  2.128714e+001
      vertex -1.776357e-015  5.892007e+000  2.128727e+001
    endloop
  endfacet
  facet normal  0.000000e+000  9.905533e-001 -1.371284e-001
    outer loop
      vertex  0.000000e+000  8.375390e+000  2.110715e+001
      vertex  6.000000e+000  8.375390e+000  2.110715e+001
      vertex -1.776357e-015  8.325651e+000  2.074786e+001
    endloop
  endfacet
  facet normal  0.000000e+000  9.905533e-001 -1.371284e-001
    outer loop
      vertex -1.776357e-015  8.325651e+000  2.074786e+001
      vertex  6.000000e+000  8.375390e+000  2.110715e+001
      vertex  6.000000e+000  8.325651e+000  2.074786e+001
    endloop
  endfacet
  facet normal  0.000000e+000  9.729513e-001  2.310103e-001
    outer loop
      vertex  6.000000e+000  8.325651e+000  2.074786e+001
      vertex  6.000000e+000  8.381262e+000  2.051364e+001
      vertex -1.776357e-015  8.325651e+000  2.074786e+001
    endloop
  endfacet
  facet normal  0.000000e+000  9.729513e-001  2.310103e-001
    outer loop
      vertex -1.776357e-015  8.325651e+000  2.074786e+001
      vertex  6.000000e+000  8.381262e+000  2.051364e+001
      vertex -1.776357e-015  8.381262e+000  2.051364e+001
    endloop
  endfacet
  facet normal  0.000000e+000  6.426003e-001  7.662017e-001
    outer loop
      vertex  6.000000e+000  8.381262e+000  2.051364e+001
      vertex  6.000000e+000  8.565740e+000  2.035892e+001
      vertex -1.776357e-015  8.381262e+000  2.051364e+001
    endloop
  endfacet
  facet normal  2.114676e-005  6.421964e-001  7.665402e-001
    outer loop
      vertex -1.776357e-015  8.381262e+000  2.051364e+001
      vertex  6.000000e+000  8.565740e+000  2.035892e+001
      vertex -1.776357e-015  8.565789e+000  2.035905e+001
    endloop
  endfacet
  facet normal  0.000000e+000  9.648851e-001 -2.626719e-001
    outer loop
      vertex -1.776357e-015  1.100575e+001  1.986284e+001
      vertex  6.000000e+000  1.100575e+001  1.986284e+001
      vertex -1.776357e-015  1.091047e+001  1.951286e+001
    endloop
  endfacet
  facet normal  0.000000e+000  9.648851e-001 -2.626719e-001
    outer loop
      vertex -1.776357e-015  1.091047e+001  1.951286e+001
      vertex  6.000000e+000  1.100575e+001  1.986284e+001
      vertex  6.000000e+000  1.091047e+001  1.951286e+001
    endloop
  endfacet
  facet normal  0.000000e+000  9.945041e-001  1.046980e-001
    outer loop
      vertex  6.000000e+000  1.091047e+001  1.951286e+001
      vertex  6.000000e+000  1.093568e+001  1.927345e+001
      vertex -1.776357e-015  1.091047e+001  1.951286e+001
    endloop
  endfacet
  facet normal  0.000000e+000  9.945041e-001  1.046980e-001
    outer loop
      vertex -1.776357e-015  1.091047e+001  1.951286e+001
      vertex  6.000000e+000  1.093568e+001  1.927345e+001
      vertex -1.776357e-015  1.093568e+001  1.927345e+001
    endloop
  endfacet
  facet normal  0.000000e+000  7.353050e-001  6.777363e-001
    outer loop
      vertex  6.000000e+000  1.093568e+001  1.927345e+001
      vertex  6.000000e+000  1.109886e+001  1.909641e+001
      vertex -1.776357e-015  1.093568e+001  1.927345e+001
    endloop
  endfacet
  facet normal  2.120996e-005  7.349466e-001  6.781249e-001
    outer loop
      vertex -1.776357e-015  1.093568e+001  1.927345e+001
      vertex  6.000000e+000  1.109886e+001  1.909641e+001
      vertex -1.776357e-015  1.109892e+001  1.909653e+001
    endloop
  endfacet
  facet normal  0.000000e+000  9.233743e-001 -3.839010e-001
    outer loop
      vertex -1.776357e-015  1.345540e+001  1.829238e+001
      vertex  6.000000e+000  1.345540e+001  1.829238e+001
      vertex  0.000000e+000  1.331615e+001  1.795746e+001
    endloop
  endfacet
  facet normal  0.000000e+000  9.233743e-001 -3.839010e-001
    outer loop
      vertex  0.000000e+000  1.331615e+001  1.795746e+001
      vertex  6.000000e+000  1.345540e+001  1.829238e+001
      vertex  6.000000e+000  1.331615e+001  1.795746e+001
    endloop
  endfacet
  facet normal  0.000000e+000  9.997277e-001 -2.333802e-002
    outer loop
      vertex  6.000000e+000  1.331615e+001  1.795746e+001
      vertex  6.000000e+000  1.331053e+001  1.771679e+001
      vertex  0.000000e+000  1.331615e+001  1.795746e+001
    endloop
  endfacet
  facet normal  0.000000e+000  9.997277e-001 -2.333802e-002
    outer loop
      vertex  0.000000e+000  1.331615e+001  1.795746e+001
      vertex  6.000000e+000  1.331053e+001  1.771679e+001
      vertex  0.000000e+000  1.331053e+001  1.771679e+001
    endloop
  endfacet
  facet normal  0.000000e+000  8.159356e-001  5.781428e-001
    outer loop
      vertex  6.000000e+000  1.331053e+001  1.771679e+001
      vertex  6.000000e+000  1.344973e+001  1.752034e+001
      vertex  0.000000e+000  1.331053e+001  1.771679e+001
    endloop
  endfacet
  facet normal  2.100610e-005  8.156329e-001  5.785699e-001
    outer loop
      vertex  0.000000e+000  1.331053e+001  1.771679e+001
      vertex  6.000000e+000  1.344973e+001  1.752034e+001
      vertex  0.000000e+000  1.344981e+001  1.752045e+001
    endloop
  endfacet
  facet normal  0.000000e+000  8.667017e-001 -4.988268e-001
    outer loop
      vertex  0.000000e+000  1.568411e+001  1.642156e+001
      vertex  6.000000e+000  1.568411e+001  1.642156e+001
      vertex  0.000000e+000  1.550317e+001  1.610719e+001
    endloop
  endfacet
  facet normal  0.000000e+000  8.667017e-001 -4.988268e-001
    outer loop
      vertex  0.000000e+000  1.550317e+001  1.610719e+001
      vertex  6.000000e+000  1.568411e+001  1.642156e+001
      vertex  6.000000e+000  1.550317e+001  1.610719e+001
    endloop
  endfacet
  facet normal  0.000000e+000  9.885353e-001 -1.509899e-001
    outer loop
      vertex  6.000000e+000  1.550317e+001  1.610719e+001
      vertex  6.000000e+000  1.546683e+001  1.586923e+001
      vertex  0.000000e+000  1.550317e+001  1.610719e+001
    endloop
  endfacet
  facet normal  0.000000e+000  9.885353e-001 -1.509899e-001
    outer loop
      vertex  0.000000e+000  1.550317e+001  1.610719e+001
      vertex  6.000000e+000  1.546683e+001  1.586923e+001
      vertex  0.000000e+000  1.546683e+001  1.586923e+001
    endloop
  endfacet
  facet normal  0.000000e+000  8.831686e-001  4.690555e-001
    outer loop
      vertex  6.000000e+000  1.546683e+001  1.586923e+001
      vertex  6.000000e+000  1.557976e+001  1.565659e+001
      vertex  0.000000e+000  1.546683e+001  1.586923e+001
    endloop
  endfacet
  facet normal  2.107448e-005  8.829222e-001  4.695193e-001
    outer loop
      vertex  0.000000e+000  1.546683e+001  1.586923e+001
      vertex  6.000000e+000  1.557976e+001  1.565659e+001
      vertex  0.000000e+000  1.557985e+001  1.565668e+001
    endloop
  endfacet
  facet normal  0.000000e+000  7.957973e-001 -6.055632e-001
    outer loop
      vertex  0.000000e+000  1.765528e+001  1.428110e+001
      vertex  6.000000e+000  1.765528e+001  1.428110e+001
      vertex  0.000000e+000  1.743563e+001  1.399245e+001
    endloop
  endfacet
  facet normal  0.000000e+000  7.957973e-001 -6.055632e-001
    outer loop
      vertex  0.000000e+000  1.743563e+001  1.399245e+001
      vertex  6.000000e+000  1.765528e+001  1.428110e+001
      vertex  6.000000e+000  1.743563e+001  1.399245e+001
    endloop
  endfacet
  facet normal  0.000000e+000  9.611102e-001 -2.761649e-001
    outer loop
      vertex  6.000000e+000  1.743563e+001  1.399245e+001
      vertex  6.000000e+000  1.736915e+001  1.376109e+001
      vertex  0.000000e+000  1.743563e+001  1.399245e+001
    endloop
  endfacet
  facet normal  0.000000e+000  9.611102e-001 -2.761649e-001
    outer loop
      vertex  0.000000e+000  1.743563e+001  1.399245e+001
      vertex  6.000000e+000  1.736915e+001  1.376109e+001
      vertex  0.000000e+000  1.736915e+001  1.376109e+001
    endloop
  endfacet
  facet normal  0.000000e+000  9.358980e-001  3.522713e-001
    outer loop
      vertex  6.000000e+000  1.736915e+001  1.376109e+001
      vertex  6.000000e+000  1.745397e+001  1.353575e+001
      vertex  0.000000e+000  1.736915e+001  1.376109e+001
    endloop
  endfacet
  facet normal  2.118274e-005  9.357119e-001  3.527653e-001
    outer loop
      vertex  0.000000e+000  1.736915e+001  1.376109e+001
      vertex  6.000000e+000  1.745397e+001  1.353575e+001
      vertex  0.000000e+000  1.745407e+001  1.353583e+001
    endloop
  endfacet
  facet normal  0.000000e+000  7.118223e-001 -7.023597e-001
    outer loop
      vertex  0.000000e+000  1.933656e+001  1.190615e+001
      vertex  6.000000e+000  1.933656e+001  1.190615e+001
      vertex -1.776357e-015  1.908180e+001  1.164796e+001
    endloop
  endfacet
  facet normal  0.000000e+000  7.118223e-001 -7.023597e-001
    outer loop
      vertex -1.776357e-015  1.908180e+001  1.164796e+001
      vertex  6.000000e+000  1.933656e+001  1.190615e+001
      vertex  6.000000e+000  1.908180e+001  1.164796e+001
    endloop
  endfacet
  facet normal  0.000000e+000  9.179070e-001 -3.967957e-001
    outer loop
      vertex  6.000000e+000  1.908180e+001  1.164796e+001
      vertex  6.000000e+000  1.898628e+001  1.142699e+001
      vertex -1.776357e-015  1.908180e+001  1.164796e+001
    endloop
  endfacet
  facet normal  0.000000e+000  9.179070e-001 -3.967957e-001
    outer loop
      vertex -1.776357e-015  1.908180e+001  1.164796e+001
      vertex  6.000000e+000  1.898628e+001  1.142699e+001
      vertex -1.776357e-015  1.898628e+001  1.142699e+001
    endloop
  endfacet
  facet normal  0.000000e+000  9.732624e-001  2.296959e-001
    outer loop
      vertex  6.000000e+000  1.898628e+001  1.142699e+001
      vertex  6.000000e+000  1.904159e+001  1.119266e+001
      vertex -1.776357e-015  1.898628e+001  1.142699e+001
    endloop
  endfacet
  facet normal  2.119572e-005  9.731410e-001  2.302099e-001
    outer loop
      vertex -1.776357e-015  1.898628e+001  1.142699e+001
      vertex  6.000000e+000  1.904159e+001  1.119266e+001
      vertex -1.776357e-015  1.904170e+001  1.119273e+001
    endloop
  endfacet
  facet normal  0.000000e+000  6.161644e-001 -7.876177e-001
    outer loop
      vertex  0.000000e+000  2.070033e+001  9.335694e+000
      vertex  6.000000e+000  2.070033e+001  9.335694e+000
      vertex -1.776357e-015  2.041465e+001  9.112201e+000
    endloop
  endfacet
  facet normal  0.000000e+000  6.161644e-001 -7.876177e-001
    outer loop
      vertex -1.776357e-015  2.041465e+001  9.112201e+000
      vertex  6.000000e+000  2.070033e+001  9.335694e+000
      vertex  6.000000e+000  2.041465e+001  9.112201e+000
    endloop
  endfacet
  facet normal  0.000000e+000  8.596283e-001 -5.109200e-001
    outer loop
      vertex  6.000000e+000  2.041465e+001  9.112201e+000
      vertex  6.000000e+000  2.029166e+001  8.905263e+000
      vertex -1.776357e-015  2.041465e+001  9.112201e+000
    endloop
  endfacet
  facet normal  0.000000e+000  8.596283e-001 -5.109200e-001
    outer loop
      vertex -1.776357e-015  2.041465e+001  9.112201e+000
      vertex  6.000000e+000  2.029166e+001  8.905263e+000
      vertex -1.776357e-015  2.029166e+001  8.905263e+000
    endloop
  endfacet
  facet normal  0.000000e+000  9.946443e-001  1.033573e-001
    outer loop
      vertex  6.000000e+000  2.029166e+001  8.905263e+000
      vertex  6.000000e+000  2.031654e+001  8.665784e+000
      vertex -1.776357e-015  2.029166e+001  8.905263e+000
    endloop
  endfacet
  facet normal  2.115962e-005  9.945897e-001  1.038817e-001
    outer loop
      vertex -1.776357e-015  2.029166e+001  8.905263e+000
      vertex  6.000000e+000  2.031654e+001  8.665784e+000
      vertex -1.776357e-015  2.031666e+001  8.665837e+000
    endloop
  endfacet
  facet normal  0.000000e+000  5.103898e-001 -8.599432e-001
    outer loop
      vertex  0.000000e+000  2.172421e+001  6.611949e+000
      vertex  6.000000e+000  2.172421e+001  6.611949e+000
      vertex  0.000000e+000  2.141229e+001  6.426822e+000
    endloop
  endfacet
  facet normal  0.000000e+000  5.103898e-001 -8.599432e-001
    outer loop
      vertex  0.000000e+000  2.141229e+001  6.426822e+000
      vertex  6.000000e+000  2.172421e+001  6.611949e+000
      vertex  6.000000e+000  2.141229e+001  6.426822e+000
    endloop
  endfacet
  facet normal  0.000000e+000  7.872329e-001 -6.166559e-001
    outer loop
      vertex  6.000000e+000  2.141229e+001  6.426822e+000
      vertex  6.000000e+000  2.126384e+001  6.237312e+000
      vertex  0.000000e+000  2.141229e+001  6.426822e+000
    endloop
  endfacet
  facet normal  0.000000e+000  7.872329e-001 -6.166559e-001
    outer loop
      vertex  0.000000e+000  2.141229e+001  6.426822e+000
      vertex  6.000000e+000  2.126384e+001  6.237312e+000
      vertex  0.000000e+000  2.126384e+001  6.237312e+000
    endloop
  endfacet
  facet normal  0.000000e+000  9.996953e-001 -2.468467e-002
    outer loop
      vertex  6.000000e+000  2.126384e+001  6.237312e+000
      vertex  6.000000e+000  2.125790e+001  5.996616e+000
      vertex  0.000000e+000  2.126384e+001  6.237312e+000
    endloop
  endfacet
  facet normal  2.114084e-005  9.997082e-001 -2.415799e-002
    outer loop
      vertex  0.000000e+000  2.126384e+001  6.237312e+000
      vertex  6.000000e+000  2.125790e+001  5.996616e+000
      vertex  0.000000e+000  2.125803e+001  5.996654e+000
    endloop
  endfacet
  facet normal  0.000000e+000  3.962297e-001 -9.181514e-001
    outer loop
      vertex -1.776357e-015  2.239137e+001  3.779635e+000
      vertex  6.000000e+000  2.239137e+001  3.779635e+000
      vertex -1.776357e-015  2.205834e+001  3.635915e+000
    endloop
  endfacet
  facet normal  0.000000e+000  3.962297e-001 -9.181514e-001
    outer loop
      vertex -1.776357e-015  2.205834e+001  3.635915e+000
      vertex  6.000000e+000  2.239137e+001  3.779635e+000
      vertex  6.000000e+000  2.205834e+001  3.635915e+000
    endloop
  endfacet
  facet normal  0.000000e+000  7.019209e-001 -7.122549e-001
    outer loop
      vertex  6.000000e+000  2.205834e+001  3.635915e+000
      vertex  6.000000e+000  2.188688e+001  3.466944e+000
      vertex -1.776357e-015  2.205834e+001  3.635915e+000
    endloop
  endfacet
  facet normal  0.000000e+000  7.019209e-001 -7.122549e-001
    outer loop
      vertex -1.776357e-015  2.205834e+001  3.635915e+000
      vertex  6.000000e+000  2.188688e+001  3.466944e+000
      vertex -1.776357e-015  2.188688e+001  3.466944e+000
    endloop
  endfacet
  facet normal  0.000000e+000  9.883308e-001 -1.523225e-001
    outer loop
      vertex  6.000000e+000  2.188688e+001  3.466944e+000
      vertex  6.000000e+000  2.185020e+001  3.228985e+000
      vertex -1.776357e-015  2.188688e+001  3.466944e+000
    endloop
  endfacet
  facet normal  2.084105e-005  9.884098e-001 -1.518092e-001
    outer loop
      vertex -1.776357e-015  2.188688e+001  3.466944e+000
      vertex  6.000000e+000  2.185020e+001  3.228985e+000
      vertex -1.776357e-015  2.185033e+001  3.229005e+000
    endloop
  endfacet
  facet normal  0.000000e+000  2.755668e-001 -9.612819e-001
    outer loop
      vertex -1.776357e-015  2.269086e+001  8.852600e-001
      vertex  6.000000e+000  2.269086e+001  8.852600e-001
      vertex  0.000000e+000  2.234219e+001  7.853069e-001
    endloop
  endfacet
  facet normal  0.000000e+000  2.755668e-001 -9.612819e-001
    outer loop
      vertex  0.000000e+000  2.234219e+001  7.853069e-001
      vertex  6.000000e+000  2.269086e+001  8.852600e-001
      vertex  6.000000e+000  2.234219e+001  7.853069e-001
    endloop
  endfacet
  facet normal  0.000000e+000  6.050749e-001 -7.961686e-001
    outer loop
      vertex  6.000000e+000  2.234219e+001  7.853069e-001
      vertex  6.000000e+000  2.215053e+001  6.396485e-001
      vertex  0.000000e+000  2.234219e+001  7.853069e-001
    endloop
  endfacet
  facet normal  0.000000e+000  6.050749e-001 -7.961686e-001
    outer loop
      vertex  0.000000e+000  2.234219e+001  7.853069e-001
      vertex  6.000000e+000  2.215053e+001  6.396485e-001
      vertex  0.000000e+000  2.215053e+001  6.396485e-001
    endloop
  endfacet
  facet normal  0.000000e+000  9.607380e-001 -2.774571e-001
    outer loop
      vertex  6.000000e+000  2.215053e+001  6.396485e-001
      vertex  6.000000e+000  2.208372e+001  4.083329e-001
      vertex  0.000000e+000  2.215053e+001  6.396485e-001
    endloop
  endfacet
  facet normal  2.120476e-005  9.608845e-001 -2.769493e-001
    outer loop
      vertex  0.000000e+000  2.215053e+001  6.396485e-001
      vertex  6.000000e+000  2.208372e+001  4.083329e-001
      vertex  0.000000e+000  2.208386e+001  4.083367e-001
    endloop
  endfacet
  facet normal  0.000000e+000  1.503791e-001 -9.886284e-001
    outer loop
      vertex  0.000000e+000  2.261777e+001 -2.023651e+000
      vertex  6.000000e+000  2.261777e+001 -2.023651e+000
      vertex -1.776357e-015  2.225918e+001 -2.078196e+000
    endloop
  endfacet
  facet normal  0.000000e+000  1.503791e-001 -9.886284e-001
    outer loop
      vertex -1.776357e-015  2.225918e+001 -2.078196e+000
      vertex  6.000000e+000  2.261777e+001 -2.023651e+000
      vertex  6.000000e+000  2.225918e+001 -2.078196e+000
    endloop
  endfacet
  facet normal  0.000000e+000  4.982935e-001 -8.670084e-001
    outer loop
      vertex  6.000000e+000  2.225918e+001 -2.078196e+000
      vertex  6.000000e+000  2.205047e+001 -2.198150e+000
      vertex -1.776357e-015  2.225918e+001 -2.078196e+000
    endloop
  endfacet
  facet normal  0.000000e+000  4.982935e-001 -8.670084e-001
    outer loop
      vertex -1.776357e-015  2.225918e+001 -2.078196e+000
      vertex  6.000000e+000  2.205047e+001 -2.198150e+000
      vertex -1.776357e-015  2.205047e+001 -2.198150e+000
    endloop
  endfacet
  facet normal  0.000000e+000  9.173697e-001 -3.980362e-001
    outer loop
      vertex  6.000000e+000  2.205047e+001 -2.198150e+000
      vertex  6.000000e+000  2.195463e+001 -2.419024e+000
      vertex -1.776357e-015  2.205047e+001 -2.198150e+000
    endloop
  endfacet
  facet normal  2.128731e-005  9.175808e-001 -3.975495e-001
    outer loop
      vertex -1.776357e-015  2.205047e+001 -2.198150e+000
      vertex  6.000000e+000  2.195463e+001 -2.419024e+000
      vertex -1.776357e-015  2.195477e+001 -2.419037e+000
    endloop
  endfacet
  facet normal  0.000000e+000  2.272057e-002 -9.997418e-001
    outer loop
      vertex -1.776357e-015  2.217331e+001 -4.899334e+000
      vertex  6.000000e+000  2.217331e+001 -4.899334e+000
      vertex -1.776357e-015  2.181068e+001 -4.907575e+000
    endloop
  endfacet
  facet normal  0.000000e+000  2.272057e-002 -9.997418e-001
    outer loop
      vertex -1.776357e-015  2.181068e+001 -4.907575e+000
      vertex  6.000000e+000  2.217331e+001 -4.899334e+000
      vertex  6.000000e+000  2.181068e+001 -4.907575e+000
    endloop
  endfacet
  facet normal  0.000000e+000  3.833362e-001 -9.236089e-001
    outer loop
      vertex  6.000000e+000  2.181068e+001 -4.907575e+000
      vertex  6.000000e+000  2.158834e+001 -4.999855e+000
      vertex -1.776357e-015  2.181068e+001 -4.907575e+000
    endloop
  endfacet
  facet normal  0.000000e+000  3.833362e-001 -9.236089e-001
    outer loop
      vertex -1.776357e-015  2.181068e+001 -4.907575e+000
      vertex  6.000000e+000  2.158834e+001 -4.999855e+000
      vertex -1.776357e-015  2.158834e+001 -4.999855e+000
    endloop
  endfacet
  facet normal  0.000000e+000  8.589375e-001 -5.120804e-001
    outer loop
      vertex  6.000000e+000  2.158834e+001 -4.999855e+000
      vertex  6.000000e+000  2.146505e+001 -5.206660e+000
      vertex -1.776357e-015  2.158834e+001 -4.999855e+000
    endloop
  endfacet
  facet normal  2.113511e-005  8.592071e-001 -5.116280e-001
    outer loop
      vertex -1.776357e-015  2.158834e+001 -4.999855e+000
      vertex  6.000000e+000  2.146505e+001 -5.206660e+000
      vertex -1.776357e-015  2.146518e+001 -5.206690e+000
    endloop
  endfacet
  facet normal  -0.000000e+000 -1.053093e-001 -9.944395e-001
    outer loop
      vertex -1.776357e-015  2.136475e+001 -7.694570e+000
      vertex  6.000000e+000  2.136475e+001 -7.694570e+000
      vertex  0.000000e+000  2.100405e+001 -7.656372e+000
    endloop
  endfacet
  facet normal  0.000000e+000 -1.053093e-001 -9.944395e-001
    outer loop
      vertex  0.000000e+000  2.100405e+001 -7.656372e+000
      vertex  6.000000e+000  2.136475e+001 -7.694570e+000
      vertex  6.000000e+000  2.100405e+001 -7.656372e+000
    endloop
  endfacet
  facet normal  0.000000e+000  2.620761e-001 -9.650472e-001
    outer loop
      vertex  6.000000e+000  2.100405e+001 -7.656372e+000
      vertex  6.000000e+000  2.077173e+001 -7.719461e+000
      vertex  0.000000e+000  2.100405e+001 -7.656372e+000
    endloop
  endfacet
  facet normal  0.000000e+000  2.620761e-001 -9.650472e-001
    outer loop
      vertex  0.000000e+000  2.100405e+001 -7.656372e+000
      vertex  6.000000e+000  2.077173e+001 -7.719461e+000
      vertex  0.000000e+000  2.077173e+001 -7.719461e+000
    endloop
  endfacet
  facet normal  0.000000e+000  7.864048e-001 -6.177115e-001
    outer loop
      vertex  6.000000e+000  2.077173e+001 -7.719461e+000
      vertex  6.000000e+000  2.062301e+001 -7.908803e+000
      vertex  0.000000e+000  2.077173e+001 -7.719461e+000
    endloop
  endfacet
  facet normal  2.101516e-005  7.867281e-001 -6.172996e-001
    outer loop
      vertex  0.000000e+000  2.077173e+001 -7.719461e+000
      vertex  6.000000e+000  2.062301e+001 -7.908803e+000
      vertex  0.000000e+000  2.062313e+001 -7.908849e+000
    endloop
  endfacet
  facet normal  -0.000000e+000 -2.316111e-001 -9.728085e-001
    outer loop
      vertex  0.000000e+000  2.020539e+001 -1.036346e+001
      vertex  6.000000e+000  2.020539e+001 -1.036346e+001
      vertex -1.776357e-015  1.985253e+001 -1.027945e+001
    endloop
  endfacet
  facet normal  0.000000e+000 -2.316111e-001 -9.728085e-001
    outer loop
      vertex -1.776357e-015  1.985253e+001 -1.027945e+001
      vertex  6.000000e+000  2.020539e+001 -1.036346e+001
      vertex  6.000000e+000  1.985253e+001 -1.027945e+001
    endloop
  endfacet
  facet normal  0.000000e+000  1.365167e-001 -9.906378e-001
    outer loop
      vertex  6.000000e+000  1.985253e+001 -1.027945e+001
      vertex  6.000000e+000  1.961406e+001 -1.031231e+001
      vertex -1.776357e-015  1.985253e+001 -1.027945e+001
    endloop
  endfacet
  facet normal  0.000000e+000  1.365167e-001 -9.906378e-001
    outer loop
      vertex -1.776357e-015  1.985253e+001 -1.027945e+001
      vertex  6.000000e+000  1.961406e+001 -1.031231e+001
      vertex -1.776357e-015  1.961406e+001 -1.031231e+001
    endloop
  endfacet
  facet normal  0.000000e+000  7.009586e-001 -7.132019e-001
    outer loop
      vertex  6.000000e+000  1.961406e+001 -1.031231e+001
      vertex  6.000000e+000  1.944234e+001 -1.048108e+001
      vertex -1.776357e-015  1.961406e+001 -1.031231e+001
    endloop
  endfacet
  facet normal  2.118801e-005  7.013351e-001 -7.128317e-001
    outer loop
      vertex -1.776357e-015  1.961406e+001 -1.031231e+001
      vertex  6.000000e+000  1.944234e+001 -1.048108e+001
      vertex -1.776357e-015  1.944246e+001 -1.048115e+001
    endloop
  endfacet
  facet normal  -0.000000e+000 -3.541085e-001 -9.352044e-001
    outer loop
      vertex -1.776357e-015  1.871425e+001 -1.286218e+001
      vertex  6.000000e+000  1.871425e+001 -1.286218e+001
      vertex -1.776357e-015  1.837503e+001 -1.273374e+001
    endloop
  endfacet
  facet normal  0.000000e+000 -3.541085e-001 -9.352044e-001
    outer loop
      vertex -1.776357e-015  1.837503e+001 -1.273374e+001
      vertex  6.000000e+000  1.871425e+001 -1.286218e+001
      vertex  6.000000e+000  1.837503e+001 -1.273374e+001
    endloop
  endfacet
  facet normal  0.000000e+000  8.715577e-003 -9.999619e-001
    outer loop
      vertex  6.000000e+000  1.837503e+001 -1.273374e+001
      vertex  6.000000e+000  1.813432e+001 -1.273584e+001
      vertex -1.776357e-015  1.837503e+001 -1.273374e+001
    endloop
  endfacet
  facet normal  0.000000e+000  8.715577e-003 -9.999619e-001
    outer loop
      vertex -1.776357e-015  1.837503e+001 -1.273374e+001
      vertex  6.000000e+000  1.813432e+001 -1.273584e+001
      vertex -1.776357e-015  1.813432e+001 -1.273584e+001
    endloop
  endfacet
  facet normal  0.000000e+000  6.039991e-001 -7.969850e-001
    outer loop
      vertex  6.000000e+000  1.813432e+001 -1.273584e+001
      vertex  6.000000e+000  1.794243e+001 -1.288126e+001
      vertex -1.776357e-015  1.813432e+001 -1.273584e+001
    endloop
  endfacet
  facet normal  2.120859e-005  6.044202e-001 -7.966657e-001
    outer loop
      vertex -1.776357e-015  1.813432e+001 -1.273584e+001
      vertex  6.000000e+000  1.794243e+001 -1.288126e+001
      vertex -1.776357e-015  1.794254e+001 -1.288134e+001
    endloop
  endfacet
  facet normal  -0.000000e+000 -4.707929e-001 -8.822437e-001
    outer loop
      vertex -1.776357e-015  1.691583e+001 -1.514971e+001
      vertex  6.000000e+000  1.691583e+001 -1.514971e+001
      vertex -1.776357e-015  1.659582e+001 -1.497895e+001
    endloop
  endfacet
  facet normal  0.000000e+000 -4.707929e-001 -8.822437e-001
    outer loop
      vertex -1.776357e-015  1.659582e+001 -1.497895e+001
      vertex  6.000000e+000  1.691583e+001 -1.514971e+001
      vertex  6.000000e+000  1.659582e+001 -1.497895e+001
    endloop
  endfacet
  facet normal  0.000000e+000 -1.192286e-001 -9.928669e-001
    outer loop
      vertex  6.000000e+000  1.659582e+001 -1.497895e+001
      vertex  6.000000e+000  1.635681e+001 -1.495024e+001
      vertex -1.776357e-015  1.659582e+001 -1.497895e+001
    endloop
  endfacet
  facet normal  0.000000e+000 -1.192286e-001 -9.928669e-001
    outer loop
      vertex -1.776357e-015  1.659582e+001 -1.497895e+001
      vertex  6.000000e+000  1.635681e+001 -1.495024e+001
      vertex -1.776357e-015  1.635681e+001 -1.495024e+001
    endloop
  endfacet
  facet normal  0.000000e+000  4.971240e-001 -8.676795e-001
    outer loop
      vertex  6.000000e+000  1.635681e+001 -1.495024e+001
      vertex  6.000000e+000  1.614790e+001 -1.506994e+001
      vertex -1.776357e-015  1.635681e+001 -1.495024e+001
    endloop
  endfacet
  facet normal  2.102672e-005  4.975786e-001 -8.674189e-001
    outer loop
      vertex -1.776357e-015  1.635681e+001 -1.495024e+001
      vertex  6.000000e+000  1.614790e+001 -1.506994e+001
      vertex -1.776357e-015  1.614800e+001 -1.507003e+001
    endloop
  endfacet
  facet normal  -0.000000e+000 -5.797487e-001 -8.147954e-001
    outer loop
      vertex  0.000000e+000  1.483965e+001 -1.718848e+001
      vertex  6.000000e+000  1.483965e+001 -1.718848e+001
      vertex  0.000000e+000  1.454410e+001 -1.697820e+001
    endloop
  endfacet
  facet normal  0.000000e+000 -5.797487e-001 -8.147954e-001
    outer loop
      vertex  0.000000e+000  1.454410e+001 -1.697820e+001
      vertex  6.000000e+000  1.483965e+001 -1.718848e+001
      vertex  6.000000e+000  1.454410e+001 -1.697820e+001
    endloop
  endfacet
  facet normal  0.000000e+000 -2.452090e-001 -9.694702e-001
    outer loop
      vertex  6.000000e+000  1.454410e+001 -1.697820e+001
      vertex  6.000000e+000  1.431073e+001 -1.691917e+001
      vertex  0.000000e+000  1.454410e+001 -1.697820e+001
    endloop
  endfacet
  facet normal  0.000000e+000 -2.452090e-001 -9.694702e-001
    outer loop
      vertex  0.000000e+000  1.454410e+001 -1.697820e+001
      vertex  6.000000e+000  1.431073e+001 -1.691917e+001
      vertex  0.000000e+000  1.431073e+001 -1.691917e+001
    endloop
  endfacet
  facet normal  0.000000e+000  3.820824e-001 -9.241283e-001
    outer loop
      vertex  6.000000e+000  1.431073e+001 -1.691917e+001
      vertex  6.000000e+000  1.408823e+001 -1.701116e+001
      vertex  0.000000e+000  1.431073e+001 -1.691917e+001
    endloop
  endfacet
  facet normal  2.103843e-005  3.825669e-001 -9.239278e-001
    outer loop
      vertex  0.000000e+000  1.431073e+001 -1.691917e+001
      vertex  6.000000e+000  1.408823e+001 -1.701116e+001
      vertex  0.000000e+000  1.408831e+001 -1.701126e+001
    endloop
  endfacet
  facet normal  -0.000000e+000 -6.791818e-001 -7.339700e-001
    outer loop
      vertex  0.000000e+000  1.251980e+001 -1.894501e+001
      vertex  6.000000e+000  1.251980e+001 -1.894501e+001
      vertex  0.000000e+000  1.225357e+001 -1.869866e+001
    endloop
  endfacet
  facet normal  0.000000e+000 -6.791818e-001 -7.339700e-001
    outer loop
      vertex  0.000000e+000  1.225357e+001 -1.869866e+001
      vertex  6.000000e+000  1.251980e+001 -1.894501e+001
      vertex  6.000000e+000  1.225357e+001 -1.869866e+001
    endloop
  endfacet
  facet normal  0.000000e+000 -3.671712e-001 -9.301535e-001
    outer loop
      vertex  6.000000e+000  1.225357e+001 -1.869866e+001
      vertex  6.000000e+000  1.202966e+001 -1.861028e+001
      vertex  0.000000e+000  1.225357e+001 -1.869866e+001
    endloop
  endfacet
  facet normal  0.000000e+000 -3.671712e-001 -9.301535e-001
    outer loop
      vertex  0.000000e+000  1.225357e+001 -1.869866e+001
      vertex  6.000000e+000  1.202966e+001 -1.861028e+001
      vertex  0.000000e+000  1.202966e+001 -1.861028e+001
    endloop
  endfacet
  facet normal  0.000000e+000  2.607735e-001 -9.654000e-001
    outer loop
      vertex  6.000000e+000  1.202966e+001 -1.861028e+001
      vertex  6.000000e+000  1.179722e+001 -1.867306e+001
      vertex  0.000000e+000  1.202966e+001 -1.861028e+001
    endloop
  endfacet
  facet normal  2.091198e-005  2.612766e-001 -9.652639e-001
    outer loop
      vertex  0.000000e+000  1.202966e+001 -1.861028e+001
      vertex  6.000000e+000  1.179722e+001 -1.867306e+001
      vertex  0.000000e+000  1.179729e+001 -1.867317e+001
    endloop
  endfacet
  facet normal  -0.000000e+000 -7.674630e-001 -6.410933e-001
    outer loop
      vertex -1.776357e-015  9.994376e+000 -2.039047e+001
      vertex  6.000000e+000  9.994376e+000 -2.039047e+001
      vertex -1.776357e-015  9.761841e+000 -2.011210e+001
    endloop
  endfacet
  facet normal  0.000000e+000 -7.674630e-001 -6.410933e-001
    outer loop
      vertex -1.776357e-015  9.761841e+000 -2.011210e+001
      vertex  6.000000e+000  9.994376e+000 -2.039047e+001
      vertex  6.000000e+000  9.761841e+000 -2.011210e+001
    endloop
  endfacet
  facet normal  0.000000e+000 -4.831027e-001 -8.755637e-001
    outer loop
      vertex  6.000000e+000  9.761841e+000 -2.011210e+001
      vertex  6.000000e+000  9.551067e+000 -1.999580e+001
      vertex -1.776357e-015  9.761841e+000 -2.011210e+001
    endloop
  endfacet
  facet normal  0.000000e+000 -4.831027e-001 -8.755637e-001
    outer loop
      vertex -1.776357e-015  9.761841e+000 -2.011210e+001
      vertex  6.000000e+000  9.551067e+000 -1.999580e+001
      vertex -1.776357e-015  9.551067e+000 -1.999580e+001
    endloop
  endfacet
  facet normal  0.000000e+000  1.351795e-001 -9.908211e-001
    outer loop
      vertex  6.000000e+000  9.551067e+000 -1.999580e+001
      vertex  6.000000e+000  9.312509e+000 -2.002835e+001
      vertex -1.776357e-015  9.551067e+000 -1.999580e+001
    endloop
  endfacet
  facet normal  2.113606e-005  1.357013e-001 -9.907498e-001
    outer loop
      vertex -1.776357e-015  9.551067e+000 -1.999580e+001
      vertex  6.000000e+000  9.312509e+000 -2.002835e+001
      vertex -1.776357e-015  9.312566e+000 -2.002847e+001
    endloop
  endfacet
  facet normal  -0.000000e+000 -8.431429e-001 -5.376896e-001
    outer loop
      vertex  0.000000e+000  7.304847e+000 -2.150112e+001
      vertex  6.000000e+000  7.304847e+000 -2.150112e+001
      vertex -1.776357e-015  7.109818e+000 -2.119530e+001
    endloop
  endfacet
  facet normal  0.000000e+000 -8.431429e-001 -5.376896e-001
    outer loop
      vertex -1.776357e-015  7.109818e+000 -2.119530e+001
      vertex  6.000000e+000  7.304847e+000 -2.150112e+001
      vertex  6.000000e+000  7.109818e+000 -2.119530e+001
    endloop
  endfacet
  facet normal  0.000000e+000 -5.911047e-001 -8.065948e-001
    outer loop
      vertex  6.000000e+000  7.109818e+000 -2.119530e+001
      vertex  6.000000e+000  6.915647e+000 -2.105300e+001
      vertex -1.776357e-015  7.109818e+000 -2.119530e+001
    endloop
  endfacet
  facet normal  0.000000e+000 -5.911047e-001 -8.065948e-001
    outer loop
      vertex -1.776357e-015  7.109818e+000 -2.119530e+001
      vertex  6.000000e+000  6.915647e+000 -2.105300e+001
      vertex -1.776357e-015  6.915647e+000 -2.105300e+001
    endloop
  endfacet
  facet normal  0.000000e+000  7.367377e-003 -9.999729e-001
    outer loop
      vertex  6.000000e+000  6.915647e+000 -2.105300e+001
      vertex  6.000000e+000  6.674885e+000 -2.105478e+001
      vertex -1.776357e-015  6.915647e+000 -2.105300e+001
    endloop
  endfacet
  facet normal  2.103473e-005  7.891552e-003 -9.999689e-001
    outer loop
      vertex -1.776357e-015  6.915647e+000 -2.105300e+001
      vertex  6.000000e+000  6.674885e+000 -2.105478e+001
      vertex -1.776357e-015  6.674926e+000 -2.105490e+001
    endloop
  endfacet
  facet normal  -0.000000e+000 -9.049788e-001 -4.254567e-001
    outer loop
      vertex  0.000000e+000  4.495372e+000 -2.225872e+001
      vertex  6.000000e+000  4.495372e+000 -2.225872e+001
      vertex -1.776357e-015  4.341052e+000 -2.193047e+001
    endloop
  endfacet
  facet normal  0.000000e+000 -9.049788e-001 -4.254567e-001
    outer loop
      vertex -1.776357e-015  4.341052e+000 -2.193047e+001
      vertex  6.000000e+000  4.495372e+000 -2.225872e+001
      vertex  6.000000e+000  4.341052e+000 -2.193047e+001
    endloop
  endfacet
  facet normal  0.000000e+000 -6.893938e-001 -7.243868e-001
    outer loop
      vertex  6.000000e+000  4.341052e+000 -2.193047e+001
      vertex  6.000000e+000  4.166671e+000 -2.176451e+001
      vertex -1.776357e-015  4.341052e+000 -2.193047e+001
    endloop
  endfacet
  facet normal  0.000000e+000 -6.893938e-001 -7.243868e-001
    outer loop
      vertex -1.776357e-015  4.341052e+000 -2.193047e+001
      vertex  6.000000e+000  4.166671e+000 -2.176451e+001
      vertex -1.776357e-015  4.166671e+000 -2.176451e+001
    endloop
  endfacet
  facet normal  0.000000e+000 -1.205715e-001 -9.927046e-001
    outer loop
      vertex  6.000000e+000  4.166671e+000 -2.176451e+001
      vertex  6.000000e+000  3.927659e+000 -2.173548e+001
      vertex -1.776357e-015  4.166671e+000 -2.176451e+001
    endloop
  endfacet
  facet normal  2.127504e-005 -1.200452e-001 -9.927684e-001
    outer loop
      vertex -1.776357e-015  4.166671e+000 -2.176451e+001
      vertex  6.000000e+000  3.927659e+000 -2.173548e+001
      vertex -1.776357e-015  3.927684e+000 -2.173561e+001
    endloop
  endfacet
  facet normal  -0.000000e+000 -9.519555e-001 -3.062365e-001
    outer loop
      vertex  0.000000e+000  1.612083e+000 -2.265083e+001
      vertex  6.000000e+000  1.612083e+000 -2.265083e+001
      vertex -1.776357e-015  1.501006e+000 -2.230554e+001
    endloop
  endfacet
  facet normal  0.000000e+000 -9.519555e-001 -3.062365e-001
    outer loop
      vertex -1.776357e-015  1.501006e+000 -2.230554e+001
      vertex  6.000000e+000  1.612083e+000 -2.265083e+001
      vertex  6.000000e+000  1.501006e+000 -2.230554e+001
    endloop
  endfacet
  facet normal  0.000000e+000 -7.763669e-001 -6.302812e-001
    outer loop
      vertex  6.000000e+000  1.501006e+000 -2.230554e+001
      vertex  6.000000e+000  1.349279e+000 -2.211865e+001
      vertex -1.776357e-015  1.501006e+000 -2.230554e+001
    endloop
  endfacet
  facet normal  0.000000e+000 -7.763669e-001 -6.302812e-001
    outer loop
      vertex -1.776357e-015  1.501006e+000 -2.230554e+001
      vertex  6.000000e+000  1.349279e+000 -2.211865e+001
      vertex -1.776357e-015  1.349279e+000 -2.211865e+001
    endloop
  endfacet
  facet normal  0.000000e+000 -2.465219e-001 -9.691373e-001
    outer loop
      vertex  6.000000e+000  1.349279e+000 -2.211865e+001
      vertex  6.000000e+000  1.115941e+000 -2.205929e+001
      vertex -1.776357e-015  1.349279e+000 -2.211865e+001
    endloop
  endfacet
  facet normal  2.092745e-005 -2.460164e-001 -9.692656e-001
    outer loop
      vertex -1.776357e-015  1.349279e+000 -2.211865e+001
      vertex  6.000000e+000  1.115941e+000 -2.205929e+001
      vertex -1.776357e-015  1.115949e+000 -2.205942e+001
    endloop
  endfacet
  facet normal  -0.000000e+000 -9.833006e-001 -1.819887e-001
    outer loop
      vertex  0.000000e+000 -1.297676e+000 -2.267102e+001
      vertex  6.000000e+000 -1.297676e+000 -2.267102e+001
      vertex -1.776357e-015 -1.363687e+000 -2.231436e+001
    endloop
  endfacet
  facet normal  0.000000e+000 -9.833006e-001 -1.819887e-001
    outer loop
      vertex -1.776357e-015 -1.363687e+000 -2.231436e+001
      vertex  6.000000e+000 -1.297676e+000 -2.267102e+001
      vertex  6.000000e+000 -1.363687e+000 -2.231436e+001
    endloop
  endfacet
  facet normal  0.000000e+000 -8.505916e-001 -5.258269e-001
    outer loop
      vertex  6.000000e+000 -1.363687e+000 -2.231436e+001
      vertex  6.000000e+000 -1.490268e+000 -2.210959e+001
      vertex -1.776357e-015 -1.363687e+000 -2.231436e+001
    endloop
  endfacet
  facet normal  0.000000e+000 -8.505916e-001 -5.258269e-001
    outer loop
      vertex -1.776357e-015 -1.363687e+000 -2.231436e+001
      vertex  6.000000e+000 -1.490268e+000 -2.210959e+001
      vertex -1.776357e-015 -1.490268e+000 -2.210959e+001
    endloop
  endfacet
  facet normal  0.000000e+000 -3.684317e-001 -9.296548e-001
    outer loop
      vertex  6.000000e+000 -1.490268e+000 -2.210959e+001
      vertex  6.000000e+000 -1.714100e+000 -2.202089e+001
      vertex -1.776357e-015 -1.490268e+000 -2.210959e+001
    endloop
  endfacet
  facet normal  2.123956e-005 -3.679396e-001 -9.298497e-001
    outer loop
      vertex -1.776357e-015 -1.490268e+000 -2.210959e+001
      vertex  6.000000e+000 -1.714100e+000 -2.202089e+001
      vertex -1.776357e-015 -1.714109e+000 -2.202102e+001
    endloop
  endfacet
  facet normal  -0.000000e+000 -9.984999e-001 -5.475254e-002
    outer loop
      vertex -1.776357e-015 -4.186127e+000 -2.231894e+001
      vertex  6.000000e+000 -4.186127e+000 -2.231894e+001
      vertex -1.776357e-015 -4.205987e+000 -2.195677e+001
    endloop
  endfacet
  facet normal  0.000000e+000 -9.984999e-001 -5.475254e-002
    outer loop
      vertex -1.776357e-015 -4.205987e+000 -2.195677e+001
      vertex  6.000000e+000 -4.186127e+000 -2.231894e+001
      vertex  6.000000e+000 -4.205987e+000 -2.195677e+001
    endloop
  endfacet
  facet normal  0.000000e+000 -9.108490e-001 -4.127399e-001
    outer loop
      vertex  6.000000e+000 -4.205987e+000 -2.195677e+001
      vertex  6.000000e+000 -4.305345e+000 -2.173750e+001
      vertex -1.776357e-015 -4.205987e+000 -2.195677e+001
    endloop
  endfacet
  facet normal  0.000000e+000 -9.108490e-001 -4.127399e-001
    outer loop
      vertex -1.776357e-015 -4.205987e+000 -2.195677e+001
      vertex  6.000000e+000 -4.305345e+000 -2.173750e+001
      vertex -1.776357e-015 -4.305345e+000 -2.173750e+001
    endloop
  endfacet
  facet normal  0.000000e+000 -4.842832e-001 -8.749114e-001
    outer loop
      vertex  6.000000e+000 -4.305345e+000 -2.173750e+001
      vertex  6.000000e+000 -4.515996e+000 -2.162090e+001
      vertex -1.776357e-015 -4.305345e+000 -2.173750e+001
    endloop
  endfacet
  facet normal  2.099455e-005 -4.838254e-001 -8.751646e-001
    outer loop
      vertex -1.776357e-015 -4.305345e+000 -2.173750e+001
      vertex  6.000000e+000 -4.515996e+000 -2.162090e+001
      vertex -1.776357e-015 -4.516022e+000 -2.162103e+001
    endloop
  endfacet
  facet normal  0.000000e+000 -9.973039e-001  7.338128e-002
    outer loop
      vertex  0.000000e+000 -7.005842e+000 -2.160040e+001
      vertex  6.000000e+000 -7.005842e+000 -2.160040e+001
      vertex  0.000000e+000 -6.979226e+000 -2.123866e+001
    endloop
  endfacet
  facet normal  0.000000e+000 -9.973039e-001  7.338128e-002
    outer loop
      vertex  0.000000e+000 -6.979226e+000 -2.123866e+001
      vertex  6.000000e+000 -7.005842e+000 -2.160040e+001
      vertex  6.000000e+000 -6.979226e+000 -2.123866e+001
    endloop
  endfacet
  facet normal  0.000000e+000 -9.561516e-001 -2.928723e-001
    outer loop
      vertex  6.000000e+000 -6.979226e+000 -2.123866e+001
      vertex  6.000000e+000 -7.049728e+000 -2.100848e+001
      vertex  0.000000e+000 -6.979226e+000 -2.123866e+001
    endloop
  endfacet
  facet normal  0.000000e+000 -9.561516e-001 -2.928723e-001
    outer loop
      vertex  0.000000e+000 -6.979226e+000 -2.123866e+001
      vertex  6.000000e+000 -7.049728e+000 -2.100848e+001
      vertex  0.000000e+000 -7.049728e+000 -2.100848e+001
    endloop
  endfacet
  facet normal  0.000000e+000 -5.921926e-001 -8.057964e-001
    outer loop
      vertex  6.000000e+000 -7.049728e+000 -2.100848e+001
      vertex  6.000000e+000 -7.243740e+000 -2.086590e+001
      vertex  0.000000e+000 -7.049728e+000 -2.100848e+001
    endloop
  endfacet
  facet normal  2.105123e-005 -5.917699e-001 -8.061069e-001
    outer loop
      vertex  0.000000e+000 -7.049728e+000 -2.100848e+001
      vertex  6.000000e+000 -7.243740e+000 -2.086590e+001
      vertex  0.000000e+000 -7.243782e+000 -2.086603e+001
    endloop
  endfacet
  facet normal  0.000000e+000 -9.797321e-001  2.003120e-001
    outer loop
      vertex  0.000000e+000 -9.710522e+000 -2.052717e+001
      vertex  6.000000e+000 -9.710522e+000 -2.052717e+001
      vertex  0.000000e+000 -9.637865e+000 -2.017180e+001
    endloop
  endfacet
  facet normal  0.000000e+000 -9.797321e-001  2.003120e-001
    outer loop
      vertex  0.000000e+000 -9.637865e+000 -2.017180e+001
      vertex  6.000000e+000 -9.710522e+000 -2.052717e+001
      vertex  6.000000e+000 -9.637865e+000 -2.017180e+001
    endloop
  endfacet
  facet normal  0.000000e+000 -9.857532e-001 -1.681984e-001
    outer loop
      vertex  6.000000e+000 -9.637865e+000 -2.017180e+001
      vertex  6.000000e+000 -9.678355e+000 -1.993451e+001
      vertex  0.000000e+000 -9.637865e+000 -2.017180e+001
    endloop
  endfacet
  facet normal  0.000000e+000 -9.857532e-001 -1.681984e-001
    outer loop
      vertex  0.000000e+000 -9.637865e+000 -2.017180e+001
      vertex  6.000000e+000 -9.678355e+000 -1.993451e+001
      vertex  0.000000e+000 -9.678355e+000 -1.993451e+001
    endloop
  endfacet
  facet normal  0.000000e+000 -6.903703e-001 -7.234562e-001
    outer loop
      vertex  6.000000e+000 -9.678355e+000 -1.993451e+001
      vertex  6.000000e+000 -9.852541e+000 -1.976829e+001
      vertex  0.000000e+000 -9.678355e+000 -1.993451e+001
    endloop
  endfacet
  facet normal  2.095704e-005 -6.899924e-001 -7.238166e-001
    outer loop
      vertex  0.000000e+000 -9.678355e+000 -1.993451e+001
      vertex  6.000000e+000 -9.852541e+000 -1.976829e+001
      vertex  0.000000e+000 -9.852599e+000 -1.976840e+001
    endloop
  endfacet
  facet normal  0.000000e+000 -9.460732e-001  3.239528e-001
    outer loop
      vertex -1.776357e-015 -1.225575e+001 -1.911689e+001
      vertex  6.000000e+000 -1.225575e+001 -1.911689e+001
      vertex  0.000000e+000 -1.213825e+001 -1.877373e+001
    endloop
  endfacet
  facet normal  0.000000e+000 -9.460732e-001  3.239528e-001
    outer loop
      vertex  0.000000e+000 -1.213825e+001 -1.877373e+001
      vertex  6.000000e+000 -1.225575e+001 -1.911689e+001
      vertex  6.000000e+000 -1.213825e+001 -1.877373e+001
    endloop
  endfacet
  facet normal  0.000000e+000 -9.991688e-001 -4.076510e-002
    outer loop
      vertex  6.000000e+000 -1.213825e+001 -1.877373e+001
      vertex  6.000000e+000 -1.214806e+001 -1.853320e+001
      vertex  0.000000e+000 -1.213825e+001 -1.877373e+001
    endloop
  endfacet
  facet normal  0.000000e+000 -9.991688e-001 -4.076510e-002
    outer loop
      vertex  0.000000e+000 -1.213825e+001 -1.877373e+001
      vertex  6.000000e+000 -1.214806e+001 -1.853320e+001
      vertex  0.000000e+000 -1.214806e+001 -1.853320e+001
    endloop
  endfacet
  facet normal  0.000000e+000 -7.772192e-001 -6.292299e-001
    outer loop
      vertex  6.000000e+000 -1.214806e+001 -1.853320e+001
      vertex  6.000000e+000 -1.229956e+001 -1.834607e+001
      vertex  0.000000e+000 -1.214806e+001 -1.853320e+001
    endloop
  endfacet
  facet normal  2.111699e-005 -7.768880e-001 -6.296388e-001
    outer loop
      vertex  0.000000e+000 -1.214806e+001 -1.853320e+001
      vertex  6.000000e+000 -1.229956e+001 -1.834607e+001
      vertex  0.000000e+000 -1.229964e+001 -1.834618e+001
    endloop
  endfacet
  facet normal  0.000000e+000 -8.968809e-001  4.422722e-001
    outer loop
      vertex  0.000000e+000 -1.459975e+001 -1.739271e+001
      vertex  6.000000e+000 -1.459975e+001 -1.739271e+001
      vertex  0.000000e+000 -1.443933e+001 -1.706739e+001
    endloop
  endfacet
  facet normal  0.000000e+000 -8.968809e-001  4.422722e-001
    outer loop
      vertex  0.000000e+000 -1.443933e+001 -1.706739e+001
      vertex  6.000000e+000 -1.459975e+001 -1.739271e+001
      vertex  6.000000e+000 -1.443933e+001 -1.706739e+001
    endloop
  endfacet
  facet normal  0.000000e+000 -9.961784e-001  8.734230e-002
    outer loop
      vertex  6.000000e+000 -1.443933e+001 -1.706739e+001
      vertex  6.000000e+000 -1.441830e+001 -1.682759e+001
      vertex  0.000000e+000 -1.443933e+001 -1.706739e+001
    endloop
  endfacet
  facet normal  0.000000e+000 -9.961784e-001  8.734230e-002
    outer loop
      vertex  0.000000e+000 -1.443933e+001 -1.706739e+001
      vertex  6.000000e+000 -1.441830e+001 -1.682759e+001
      vertex  0.000000e+000 -1.441830e+001 -1.682759e+001
    endloop
  endfacet
  facet normal  0.000000e+000 -8.513027e-001 -5.246750e-001
    outer loop
      vertex  6.000000e+000 -1.441830e+001 -1.682759e+001
      vertex  6.000000e+000 -1.454463e+001 -1.662262e+001
      vertex  0.000000e+000 -1.441830e+001 -1.682759e+001
    endloop
  endfacet
  facet normal  2.115698e-005 -8.510259e-001 -5.251238e-001
    outer loop
      vertex  0.000000e+000 -1.441830e+001 -1.682759e+001
      vertex  6.000000e+000 -1.454463e+001 -1.662262e+001
      vertex  0.000000e+000 -1.454471e+001 -1.662272e+001
    endloop
  endfacet
  facet normal  0.000000e+000 -8.329593e-001  5.533343e-001
    outer loop
      vertex  0.000000e+000 -1.670402e+001 -1.538294e+001
      vertex  6.000000e+000 -1.670402e+001 -1.538294e+001
      vertex  0.000000e+000 -1.650331e+001 -1.508081e+001
    endloop
  endfacet
  facet normal  0.000000e+000 -8.329593e-001  5.533343e-001
    outer loop
      vertex  0.000000e+000 -1.650331e+001 -1.508081e+001
      vertex  6.000000e+000 -1.670402e+001 -1.538294e+001
      vertex  6.000000e+000 -1.650331e+001 -1.508081e+001
    endloop
  endfacet
  facet normal  0.000000e+000 -9.768303e-001  2.140150e-001
    outer loop
      vertex  6.000000e+000 -1.650331e+001 -1.508081e+001
      vertex  6.000000e+000 -1.645179e+001 -1.484566e+001
      vertex  0.000000e+000 -1.650331e+001 -1.508081e+001
    endloop
  endfacet
  facet normal  0.000000e+000 -9.768303e-001  2.140150e-001
    outer loop
      vertex  0.000000e+000 -1.650331e+001 -1.508081e+001
      vertex  6.000000e+000 -1.645179e+001 -1.484566e+001
      vertex  0.000000e+000 -1.645179e+001 -1.484566e+001
    endloop
  endfacet
  facet normal  0.000000e+000 -9.114051e-001 -4.115103e-001
    outer loop
      vertex  6.000000e+000 -1.645179e+001 -1.484566e+001
      vertex  6.000000e+000 -1.655087e+001 -1.462622e+001
      vertex  0.000000e+000 -1.645179e+001 -1.484566e+001
    endloop
  endfacet
  facet normal  2.092751e-005 -9.111903e-001 -4.119856e-001
    outer loop
      vertex  0.000000e+000 -1.645179e+001 -1.484566e+001
      vertex  6.000000e+000 -1.655087e+001 -1.462622e+001
      vertex  0.000000e+000 -1.655097e+001 -1.462631e+001
    endloop
  endfacet
  facet normal  0.000000e+000 -7.553616e-001  6.553082e-001
    outer loop
      vertex  0.000000e+000 -1.853400e+001 -1.312058e+001
      vertex  6.000000e+000 -1.853400e+001 -1.312058e+001
      vertex -1.776357e-015 -1.829631e+001 -1.284660e+001
    endloop
  endfacet
  facet normal  0.000000e+000 -7.553616e-001  6.553082e-001
    outer loop
      vertex -1.776357e-015 -1.829631e+001 -1.284660e+001
      vertex  6.000000e+000 -1.853400e+001 -1.312058e+001
      vertex  6.000000e+000 -1.829631e+001 -1.284660e+001
    endloop
  endfacet
  facet normal  0.000000e+000 -9.414427e-001  3.371733e-001
    outer loop
      vertex  6.000000e+000 -1.829631e+001 -1.284660e+001
      vertex  6.000000e+000 -1.821514e+001 -1.261997e+001
      vertex -1.776357e-015 -1.829631e+001 -1.284660e+001
    endloop
  endfacet
  facet normal  0.000000e+000 -9.414427e-001  3.371733e-001
    outer loop
      vertex -1.776357e-015 -1.829631e+001 -1.284660e+001
      vertex  6.000000e+000 -1.821514e+001 -1.261997e+001
      vertex -1.776357e-015 -1.821514e+001 -1.261997e+001
    endloop
  endfacet
  facet normal  0.000000e+000 -9.565461e-001 -2.915815e-001
    outer loop
      vertex  6.000000e+000 -1.821514e+001 -1.261997e+001
      vertex  6.000000e+000 -1.828535e+001 -1.238966e+001
      vertex -1.776357e-015 -1.821514e+001 -1.261997e+001
    endloop
  endfacet
  facet normal  2.130137e-005 -9.563910e-001 -2.920892e-001
    outer loop
      vertex -1.776357e-015 -1.821514e+001 -1.261997e+001
      vertex  6.000000e+000 -1.828535e+001 -1.238966e+001
      vertex -1.776357e-015 -1.828546e+001 -1.238974e+001
    endloop
  endfacet
  facet normal  0.000000e+000 -6.653643e-001  7.465189e-001
    outer loop
      vertex  0.000000e+000 -2.005966e+001 -1.064279e+001
      vertex  6.000000e+000 -2.005966e+001 -1.064279e+001
      vertex -1.776357e-015 -1.978889e+001 -1.040145e+001
    endloop
  endfacet
  facet normal  0.000000e+000 -6.653643e-001  7.465189e-001
    outer loop
      vertex -1.776357e-015 -1.978889e+001 -1.040145e+001
      vertex  6.000000e+000 -2.005966e+001 -1.064279e+001
      vertex  6.000000e+000 -1.978889e+001 -1.040145e+001
    endloop
  endfacet
  facet normal  0.000000e+000 -8.905965e-001  4.547943e-001
    outer loop
      vertex  6.000000e+000 -1.978889e+001 -1.040145e+001
      vertex  6.000000e+000 -1.967940e+001 -1.018706e+001
      vertex -1.776357e-015 -1.978889e+001 -1.040145e+001
    endloop
  endfacet
  facet normal  0.000000e+000 -8.905965e-001  4.547943e-001
    outer loop
      vertex -1.776357e-015 -1.978889e+001 -1.040145e+001
      vertex  6.000000e+000 -1.967940e+001 -1.018706e+001
      vertex -1.776357e-015 -1.967940e+001 -1.018706e+001
    endloop
  endfacet
  facet normal  0.000000e+000 -9.859794e-001 -1.668669e-001
    outer loop
      vertex  6.000000e+000 -1.967940e+001 -1.018706e+001
      vertex  6.000000e+000 -1.971958e+001 -9.949664e+000
      vertex -1.776357e-015 -1.967940e+001 -1.018706e+001
    endloop
  endfacet
  facet normal  2.113377e-005 -9.858915e-001 -1.673862e-001
    outer loop
      vertex -1.776357e-015 -1.967940e+001 -1.018706e+001
      vertex  6.000000e+000 -1.971958e+001 -9.949664e+000
      vertex -1.776357e-015 -1.971970e+001 -9.949725e+000
    endloop
  endfacet
  facet normal  0.000000e+000 -5.644363e-001  8.254765e-001
    outer loop
      vertex  0.000000e+000 -2.125594e+001 -7.990239e+000
      vertex  6.000000e+000 -2.125594e+001 -7.990239e+000
      vertex -1.776357e-015 -2.095653e+001 -7.785507e+000
    endloop
  endfacet
  facet normal  0.000000e+000 -5.644363e-001  8.254765e-001
    outer loop
      vertex -1.776357e-015 -2.095653e+001 -7.785507e+000
      vertex  6.000000e+000 -2.125594e+001 -7.990239e+000
      vertex  6.000000e+000 -2.095653e+001 -7.785507e+000
    endloop
  endfacet
  facet normal  0.000000e+000 -8.251294e-001  5.649437e-001
    outer loop
      vertex  6.000000e+000 -2.095653e+001 -7.785507e+000
      vertex  6.000000e+000 -2.082053e+001 -7.586875e+000
      vertex -1.776357e-015 -2.095653e+001 -7.785507e+000
    endloop
  endfacet
  facet normal  0.000000e+000 -8.251294e-001  5.649437e-001
    outer loop
      vertex -1.776357e-015 -2.095653e+001 -7.785507e+000
      vertex  6.000000e+000 -2.082053e+001 -7.586875e+000
      vertex -1.776357e-015 -2.082053e+001 -7.586875e+000
    endloop
  endfacet
  facet normal  0.000000e+000 -9.992231e-001 -3.941154e-002
    outer loop
      vertex  6.000000e+000 -2.082053e+001 -7.586875e+000
      vertex  6.000000e+000 -2.083002e+001 -7.346294e+000
      vertex -1.776357e-015 -2.082053e+001 -7.586875e+000
    endloop
  endfacet
  facet normal  2.126877e-005 -9.992021e-001 -3.994114e-002
    outer loop
      vertex -1.776357e-015 -2.082053e+001 -7.586875e+000
      vertex  6.000000e+000 -2.083002e+001 -7.346294e+000
      vertex -1.776357e-015 -2.083014e+001 -7.346340e+000
    endloop
  endfacet
  facet normal  0.000000e+000 -4.542429e-001  8.908778e-001
    outer loop
      vertex -1.776357e-015 -2.210320e+001 -5.206489e+000
      vertex  6.000000e+000 -2.210320e+001 -5.206489e+000
      vertex  0.000000e+000 -2.178006e+001 -5.041727e+000
    endloop
  endfacet
  facet normal  0.000000e+000 -4.542429e-001  8.908778e-001
    outer loop
      vertex  0.000000e+000 -2.178006e+001 -5.041727e+000
      vertex  6.000000e+000 -2.210320e+001 -5.206489e+000
      vertex  6.000000e+000 -2.178006e+001 -5.041727e+000
    endloop
  endfacet
  facet normal  0.000000e+000 -7.461104e-001  6.658222e-001
    outer loop
      vertex  6.000000e+000 -2.178006e+001 -5.041727e+000
      vertex  6.000000e+000 -2.161978e+001 -4.862117e+000
      vertex  0.000000e+000 -2.178006e+001 -5.041727e+000
    endloop
  endfacet
  facet normal  0.000000e+000 -7.461104e-001  6.658222e-001
    outer loop
      vertex  0.000000e+000 -2.178006e+001 -5.041727e+000
      vertex  6.000000e+000 -2.161978e+001 -4.862117e+000
      vertex  0.000000e+000 -2.161978e+001 -4.862117e+000
    endloop
  endfacet
  facet normal  0.000000e+000 -9.960597e-001  8.868580e-002
    outer loop
      vertex  6.000000e+000 -2.161978e+001 -4.862117e+000
      vertex  6.000000e+000 -2.159843e+001 -4.622297e+000
      vertex  0.000000e+000 -2.161978e+001 -4.862117e+000
    endloop
  endfacet
  facet normal  2.109774e-005 -9.961061e-001  8.816210e-002
    outer loop
      vertex  0.000000e+000 -2.161978e+001 -4.862117e+000
      vertex  6.000000e+000 -2.159843e+001 -4.622297e+000
      vertex  0.000000e+000 -2.159856e+001 -4.622327e+000
    endloop
  endfacet
  facet normal  0.000000e+000 -3.365916e-001  9.416508e-001
    outer loop
      vertex -1.776357e-015 -2.258752e+001 -2.337250e+000
      vertex  6.000000e+000 -2.258752e+001 -2.337250e+000
      vertex  0.000000e+000 -2.224597e+001 -2.215162e+000
    endloop
  endfacet
  facet normal  0.000000e+000 -3.365916e-001  9.416508e-001
    outer loop
      vertex  0.000000e+000 -2.224597e+001 -2.215162e+000
      vertex  6.000000e+000 -2.258752e+001 -2.337250e+000
      vertex  6.000000e+000 -2.224597e+001 -2.215162e+000
    endloop
  endfacet
  facet normal  0.000000e+000 -6.548412e-001  7.557665e-001
    outer loop
      vertex  6.000000e+000 -2.224597e+001 -2.215162e+000
      vertex  6.000000e+000 -2.206404e+001 -2.057523e+000
      vertex  0.000000e+000 -2.224597e+001 -2.215162e+000
    endloop
  endfacet
  facet normal  0.000000e+000 -6.548412e-001  7.557665e-001
    outer loop
      vertex  0.000000e+000 -2.224597e+001 -2.215162e+000
      vertex  6.000000e+000 -2.206404e+001 -2.057523e+000
      vertex  0.000000e+000 -2.206404e+001 -2.057523e+000
    endloop
  endfacet
  facet normal  0.000000e+000 -9.765406e-001  2.153334e-001
    outer loop
      vertex  6.000000e+000 -2.206404e+001 -2.057523e+000
      vertex  6.000000e+000 -2.201219e+001 -1.822403e+000
      vertex  0.000000e+000 -2.206404e+001 -2.057523e+000
    endloop
  endfacet
  facet normal  2.098291e-005 -9.766530e-001  2.148228e-001
    outer loop
      vertex  0.000000e+000 -2.206404e+001 -2.057523e+000
      vertex  6.000000e+000 -2.201219e+001 -1.822403e+000
      vertex  0.000000e+000 -2.201232e+001 -1.822415e+000
    endloop
  endfacet
  facet normal  0.000000e+000 -2.134124e-001  9.769621e-001
    outer loop
      vertex -1.776357e-015 -2.270096e+001  5.703673e-001
      vertex  6.000000e+000 -2.270096e+001  5.703673e-001
      vertex -1.776357e-015 -2.234660e+001  6.477756e-001
    endloop
  endfacet
  facet normal  0.000000e+000 -2.134124e-001  9.769621e-001
    outer loop
      vertex -1.776357e-015 -2.234660e+001  6.477756e-001
      vertex  6.000000e+000 -2.270096e+001  5.703673e-001
      vertex  6.000000e+000 -2.234660e+001  6.477756e-001
    endloop
  endfacet
  facet normal  0.000000e+000 -5.528187e-001  8.333017e-001
    outer loop
      vertex  6.000000e+000 -2.234660e+001  6.477756e-001
      vertex  6.000000e+000 -2.214600e+001  7.808549e-001
      vertex -1.776357e-015 -2.234660e+001  6.477756e-001
    endloop
  endfacet
  facet normal  0.000000e+000 -5.528187e-001  8.333017e-001
    outer loop
      vertex -1.776357e-015 -2.234660e+001  6.477756e-001
      vertex  6.000000e+000 -2.214600e+001  7.808549e-001
      vertex -1.776357e-015 -2.214600e+001  7.808549e-001
    endloop
  endfacet
  facet normal  0.000000e+000 -9.409880e-001  3.384401e-001
    outer loop
      vertex  6.000000e+000 -2.214600e+001  7.808549e-001
      vertex  6.000000e+000 -2.206451e+001  1.007415e+000
      vertex -1.776357e-015 -2.214600e+001  7.808549e-001
    endloop
  endfacet
  facet normal  2.090682e-005 -9.411641e-001  3.379498e-001
    outer loop
      vertex -1.776357e-015 -2.214600e+001  7.808549e-001
      vertex  6.000000e+000 -2.206451e+001  1.007415e+000
      vertex -1.776357e-015 -2.206465e+001  1.007420e+000
    endloop
  endfacet
  facet normal  0.000000e+000 -8.672832e-002  9.962320e-001
    outer loop
      vertex  0.000000e+000 -2.244165e+001  3.468619e+000
      vertex  6.000000e+000 -2.244165e+001  3.468619e+000
      vertex -1.776357e-015 -2.208030e+001  3.500077e+000
    endloop
  endfacet
  facet normal  0.000000e+000 -8.672832e-002  9.962320e-001
    outer loop
      vertex -1.776357e-015 -2.208030e+001  3.500077e+000
      vertex  6.000000e+000 -2.244165e+001  3.468619e+000
      vertex  6.000000e+000 -2.208030e+001  3.500077e+000
    endloop
  endfacet
  facet normal  0.000000e+000 -4.417223e-001  8.971518e-001
    outer loop
      vertex  6.000000e+000 -2.208030e+001  3.500077e+000
      vertex  6.000000e+000 -2.186433e+001  3.606412e+000
      vertex -1.776357e-015 -2.208030e+001  3.500077e+000
    endloop
  endfacet
  facet normal  0.000000e+000 -4.417223e-001  8.971518e-001
    outer loop
      vertex -1.776357e-015 -2.208030e+001  3.500077e+000
      vertex  6.000000e+000 -2.186433e+001  3.606412e+000
      vertex -1.776357e-015 -2.186433e+001  3.606412e+000
    endloop
  endfacet
  facet normal  0.000000e+000 -8.899832e-001  4.559932e-001
    outer loop
      vertex  6.000000e+000 -2.186433e+001  3.606412e+000
      vertex  6.000000e+000 -2.175454e+001  3.820692e+000
      vertex -1.776357e-015 -2.186433e+001  3.606412e+000
    endloop
  endfacet
  facet normal  2.115577e-005 -8.902236e-001  4.555239e-001
    outer loop
      vertex -1.776357e-015 -2.186433e+001  3.606412e+000
      vertex  6.000000e+000 -2.175454e+001  3.820692e+000
      vertex -1.776357e-015 -2.175467e+001  3.820713e+000
    endloop
  endfacet
  facet normal  0.000000e+000  4.137901e-002  9.991435e-001
    outer loop
      vertex  0.000000e+000 -2.181385e+001  6.309916e+000
      vertex  6.000000e+000 -2.181385e+001  6.309916e+000
      vertex -1.776357e-015 -2.145144e+001  6.294907e+000
    endloop
  endfacet
  facet normal  -0.000000e+000  4.137901e-002  9.991435e-001
    outer loop
      vertex -1.776357e-015 -2.145144e+001  6.294907e+000
      vertex  6.000000e+000 -2.181385e+001  6.309916e+000
      vertex  6.000000e+000 -2.145144e+001  6.294907e+000
    endloop
  endfacet
  facet normal  0.000000e+000 -3.233693e-001  9.462729e-001
    outer loop
      vertex  6.000000e+000 -2.145144e+001  6.294907e+000
      vertex  6.000000e+000 -2.122364e+001  6.372751e+000
      vertex -1.776357e-015 -2.145144e+001  6.294907e+000
    endloop
  endfacet
  facet normal  0.000000e+000 -3.233693e-001  9.462729e-001
    outer loop
      vertex -1.776357e-015 -2.145144e+001  6.294907e+000
      vertex  6.000000e+000 -2.122364e+001  6.372751e+000
      vertex -1.776357e-015 -2.122364e+001  6.372751e+000
    endloop
  endfacet
  facet normal  0.000000e+000 -8.243645e-001  5.660592e-001
    outer loop
      vertex  6.000000e+000 -2.122364e+001  6.372751e+000
      vertex  6.000000e+000 -2.108735e+001  6.571233e+000
      vertex -1.776357e-015 -2.122364e+001  6.372751e+000
    endloop
  endfacet
  facet normal  2.116089e-005 -8.246629e-001  5.656244e-001
    outer loop
      vertex -1.776357e-015 -2.122364e+001  6.372751e+000
      vertex  6.000000e+000 -2.108735e+001  6.571233e+000
      vertex -1.776357e-015 -2.108748e+001  6.571271e+000
    endloop
  endfacet
  facet normal  0.000000e+000  1.688060e-001  9.856493e-001
    outer loop
      vertex -1.776357e-015 -2.082786e+001  9.047605e+000
      vertex  6.000000e+000 -2.082786e+001  9.047605e+000
      vertex  0.000000e+000 -2.047035e+001  8.986376e+000
    endloop
  endfacet
  facet normal  -0.000000e+000  1.688060e-001  9.856493e-001
    outer loop
      vertex  0.000000e+000 -2.047035e+001  8.986376e+000
      vertex  6.000000e+000 -2.082786e+001  9.047605e+000
      vertex  6.000000e+000 -2.047035e+001  8.986376e+000
    endloop
  endfacet
  facet normal  0.000000e+000 -1.997062e-001  9.798558e-001
    outer loop
      vertex  6.000000e+000 -2.047035e+001  8.986376e+000
      vertex  6.000000e+000 -2.023447e+001  9.034451e+000
      vertex  0.000000e+000 -2.047035e+001  8.986376e+000
    endloop
  endfacet
  facet normal  0.000000e+000 -1.997062e-001  9.798558e-001
    outer loop
      vertex  0.000000e+000 -2.047035e+001  8.986376e+000
      vertex  6.000000e+000 -2.023447e+001  9.034451e+000
      vertex  0.000000e+000 -2.023447e+001  9.034451e+000
    endloop
  endfacet
  facet normal  0.000000e+000 -7.452076e-001  6.668324e-001
    outer loop
      vertex  6.000000e+000 -2.023447e+001  9.034451e+000
      vertex  6.000000e+000 -2.007392e+001  9.213874e+000
      vertex  0.000000e+000 -2.023447e+001  9.034451e+000
    endloop
  endfacet
  facet normal  2.120599e-005 -7.455600e-001  6.664386e-001
    outer loop
      vertex  0.000000e+000 -2.023447e+001  9.034451e+000
      vertex  6.000000e+000 -2.007392e+001  9.213874e+000
      vertex  0.000000e+000 -2.007404e+001  9.213928e+000
    endloop
  endfacet
  facet normal  0.000000e+000  2.934617e-001  9.559708e-001
    outer loop
      vertex  0.000000e+000 -1.949988e+001  1.163673e+001
      vertex  6.000000e+000 -1.949988e+001  1.163673e+001
      vertex -1.776357e-015 -1.915314e+001  1.153029e+001
    endloop
  endfacet
  facet normal  -0.000000e+000  2.934617e-001  9.559708e-001
    outer loop
      vertex -1.776357e-015 -1.915314e+001  1.153029e+001
      vertex  6.000000e+000 -1.949988e+001  1.163673e+001
      vertex  6.000000e+000 -1.915314e+001  1.153029e+001
    endloop
  endfacet
  facet normal  0.000000e+000 -7.276727e-002  9.973490e-001
    outer loop
      vertex  6.000000e+000 -1.915314e+001  1.153029e+001
      vertex  6.000000e+000 -1.891305e+001  1.154780e+001
      vertex -1.776357e-015 -1.915314e+001  1.153029e+001
    endloop
  endfacet
  facet normal  0.000000e+000 -7.276727e-002  9.973490e-001
    outer loop
      vertex -1.776357e-015 -1.915314e+001  1.153029e+001
      vertex  6.000000e+000 -1.891305e+001  1.154780e+001
      vertex -1.776357e-015 -1.891305e+001  1.154780e+001
    endloop
  endfacet
  facet normal  0.000000e+000 -6.538178e-001  7.566519e-001
    outer loop
      vertex  6.000000e+000 -1.891305e+001  1.154780e+001
      vertex  6.000000e+000 -1.873087e+001  1.170522e+001
      vertex -1.776357e-015 -1.891305e+001  1.154780e+001
    endloop
  endfacet
  facet normal  2.104600e-005 -6.542146e-001  7.563090e-001
    outer loop
      vertex -1.776357e-015 -1.891305e+001  1.154780e+001
      vertex  6.000000e+000 -1.873087e+001  1.170522e+001
      vertex -1.776357e-015 -1.873098e+001  1.170529e+001
    endloop
  endfacet
  facet normal  0.000000e+000  4.132983e-001  9.105956e-001
    outer loop
      vertex -1.776357e-015 -1.785172e+001  1.403478e+001
      vertex  6.000000e+000 -1.785172e+001  1.403478e+001
      vertex -1.776357e-015 -1.752143e+001  1.388487e+001
    endloop
  endfacet
  facet normal  -0.000000e+000  4.132983e-001  9.105956e-001
    outer loop
      vertex -1.776357e-015 -1.752143e+001  1.388487e+001
      vertex  6.000000e+000 -1.785172e+001  1.403478e+001
      vertex  6.000000e+000 -1.752143e+001  1.388487e+001
    endloop
  endfacet
  facet normal  0.000000e+000  5.536778e-002  9.984661e-001
    outer loop
      vertex  6.000000e+000 -1.752143e+001  1.388487e+001
      vertex  6.000000e+000 -1.728107e+001  1.387154e+001
      vertex -1.776357e-015 -1.752143e+001  1.388487e+001
    endloop
  endfacet
  facet normal  0.000000e+000  5.536778e-002  9.984661e-001
    outer loop
      vertex -1.776357e-015 -1.752143e+001  1.388487e+001
      vertex  6.000000e+000 -1.728107e+001  1.387154e+001
      vertex -1.776357e-015 -1.728107e+001  1.387154e+001
    endloop
  endfacet
  facet normal  0.000000e+000 -5.516920e-001  8.340479e-001
    outer loop
      vertex  6.000000e+000 -1.728107e+001  1.387154e+001
      vertex  6.000000e+000 -1.708026e+001  1.400437e+001
      vertex -1.776357e-015 -1.728107e+001  1.387154e+001
    endloop
  endfacet
  facet normal  2.118414e-005 -5.521322e-001  8.337565e-001
    outer loop
      vertex -1.776357e-015 -1.728107e+001  1.387154e+001
      vertex  6.000000e+000 -1.708026e+001  1.400437e+001
      vertex -1.776357e-015 -1.708036e+001  1.400446e+001
    endloop
  endfacet
  facet normal  0.000000e+000  5.263485e-001  8.502689e-001
    outer loop
      vertex  0.000000e+000 -1.591043e+001  1.620238e+001
      vertex  6.000000e+000 -1.591043e+001  1.620238e+001
      vertex  0.000000e+000 -1.560202e+001  1.601147e+001
    endloop
  endfacet
  facet normal  -0.000000e+000  5.263485e-001  8.502689e-001
    outer loop
      vertex  0.000000e+000 -1.560202e+001  1.601147e+001
      vertex  6.000000e+000 -1.591043e+001  1.620238e+001
      vertex  6.000000e+000 -1.560202e+001  1.601147e+001
    endloop
  endfacet
  facet normal  0.000000e+000  1.825991e-001  9.831874e-001
    outer loop
      vertex  6.000000e+000 -1.560202e+001  1.601147e+001
      vertex  6.000000e+000 -1.536534e+001  1.596751e+001
      vertex  0.000000e+000 -1.560202e+001  1.601147e+001
    endloop
  endfacet
  facet normal  0.000000e+000  1.825991e-001  9.831874e-001
    outer loop
      vertex  0.000000e+000 -1.560202e+001  1.601147e+001
      vertex  6.000000e+000 -1.536534e+001  1.596751e+001
      vertex  0.000000e+000 -1.536534e+001  1.596751e+001
    endloop
  endfacet
  facet normal  0.000000e+000 -4.405134e-001  8.977460e-001
    outer loop
      vertex  6.000000e+000 -1.536534e+001  1.596751e+001
      vertex  6.000000e+000 -1.514919e+001  1.607357e+001
      vertex  0.000000e+000 -1.536534e+001  1.596751e+001
    endloop
  endfacet
  facet normal  2.106549e-005 -4.409846e-001  8.975146e-001
    outer loop
      vertex  0.000000e+000 -1.536534e+001  1.596751e+001
      vertex  6.000000e+000 -1.514919e+001  1.607357e+001
      vertex  0.000000e+000 -1.514928e+001  1.607367e+001
    endloop
  endfacet
  facet normal  0.000000e+000  6.307599e-001  7.759780e-001
    outer loop
      vertex -1.776357e-015 -1.370789e+001  1.810394e+001
      vertex  6.000000e+000 -1.370789e+001  1.810394e+001
      vertex  0.000000e+000 -1.342642e+001  1.787516e+001
    endloop
  endfacet
  facet normal  -0.000000e+000  6.307599e-001  7.759780e-001
    outer loop
      vertex  0.000000e+000 -1.342642e+001  1.787516e+001
      vertex  6.000000e+000 -1.370789e+001  1.810394e+001
      vertex  6.000000e+000 -1.342642e+001  1.787516e+001
    endloop
  endfacet
  facet normal  0.000000e+000  3.068280e-001  9.517649e-001
    outer loop
      vertex  6.000000e+000 -1.342642e+001  1.787516e+001
      vertex  6.000000e+000 -1.319731e+001  1.780129e+001
      vertex  0.000000e+000 -1.342642e+001  1.787516e+001
    endloop
  endfacet
  facet normal  0.000000e+000  3.068280e-001  9.517649e-001
    outer loop
      vertex  0.000000e+000 -1.342642e+001  1.787516e+001
      vertex  6.000000e+000 -1.319731e+001  1.780129e+001
      vertex  0.000000e+000 -1.319731e+001  1.780129e+001
    endloop
  endfacet
  facet normal  0.000000e+000 -3.220966e-001  9.467068e-001
    outer loop
      vertex  6.000000e+000 -1.319731e+001  1.780129e+001
      vertex  6.000000e+000 -1.296937e+001  1.787885e+001
      vertex  0.000000e+000 -1.319731e+001  1.780129e+001
    endloop
  endfacet
  facet normal  2.110541e-005 -3.225945e-001  9.465374e-001
    outer loop
      vertex  0.000000e+000 -1.319731e+001  1.780129e+001
      vertex  6.000000e+000 -1.296937e+001  1.787885e+001
      vertex  0.000000e+000 -1.296945e+001  1.787895e+001
    endloop
  endfacet
  facet normal  0.000000e+000  7.248109e-001  6.889479e-001
    outer loop
      vertex -1.776357e-015 -1.128026e+001  1.970824e+001
      vertex  6.000000e+000 -1.128026e+001  1.970824e+001
      vertex  0.000000e+000 -1.103037e+001  1.944534e+001
    endloop
  endfacet
  facet normal  -0.000000e+000  7.248109e-001  6.889479e-001
    outer loop
      vertex  0.000000e+000 -1.103037e+001  1.944534e+001
      vertex  6.000000e+000 -1.128026e+001  1.970824e+001
      vertex  6.000000e+000 -1.103037e+001  1.944534e+001
    endloop
  endfacet
  facet normal  0.000000e+000  4.260153e-001  9.047160e-001
    outer loop
      vertex  6.000000e+000 -1.103037e+001  1.944534e+001
      vertex  6.000000e+000 -1.081258e+001  1.934278e+001
      vertex  0.000000e+000 -1.103037e+001  1.944534e+001
    endloop
  endfacet
  facet normal  0.000000e+000  4.260153e-001  9.047160e-001
    outer loop
      vertex  0.000000e+000 -1.103037e+001  1.944534e+001
      vertex  6.000000e+000 -1.081258e+001  1.934278e+001
      vertex  0.000000e+000 -1.081258e+001  1.934278e+001
    endloop
  endfacet
  facet normal  0.000000e+000 -1.983886e-001  9.801235e-001
    outer loop
      vertex  6.000000e+000 -1.081258e+001  1.934278e+001
      vertex  6.000000e+000 -1.057660e+001  1.939055e+001
      vertex  0.000000e+000 -1.081258e+001  1.934278e+001
    endloop
  endfacet
  facet normal  2.084176e-005 -1.988976e-001  9.800203e-001
    outer loop
      vertex  0.000000e+000 -1.081258e+001  1.934278e+001
      vertex  6.000000e+000 -1.057660e+001  1.939055e+001
      vertex  0.000000e+000 -1.057666e+001  1.939066e+001
    endloop
  endfacet
  facet normal  0.000000e+000  8.069617e-001  5.906039e-001
    outer loop
      vertex  0.000000e+000 -8.667419e+000  2.098892e+001
      vertex  6.000000e+000 -8.667419e+000  2.098892e+001
      vertex  0.000000e+000 -8.453197e+000  2.069622e+001
    endloop
  endfacet
  facet normal  -0.000000e+000  8.069617e-001  5.906039e-001
    outer loop
      vertex  0.000000e+000 -8.453197e+000  2.069622e+001
      vertex  6.000000e+000 -8.667419e+000  2.098892e+001
      vertex  6.000000e+000 -8.453197e+000  2.069622e+001
    endloop
  endfacet
  facet normal  0.000000e+000  5.382042e-001  8.428144e-001
    outer loop
      vertex  6.000000e+000 -8.453197e+000  2.069622e+001
      vertex  6.000000e+000 -8.250308e+000  2.056666e+001
      vertex  0.000000e+000 -8.453197e+000  2.069622e+001
    endloop
  endfacet
  facet normal  0.000000e+000  5.382042e-001  8.428144e-001
    outer loop
      vertex  0.000000e+000 -8.453197e+000  2.069622e+001
      vertex  6.000000e+000 -8.250308e+000  2.056666e+001
      vertex  0.000000e+000 -8.250308e+000  2.056666e+001
    endloop
  endfacet
  facet normal  0.000000e+000 -7.141622e-002  9.974466e-001
    outer loop
      vertex  6.000000e+000 -8.250308e+000  2.056666e+001
      vertex  6.000000e+000 -8.010155e+000  2.058385e+001
      vertex  0.000000e+000 -8.250308e+000  2.056666e+001
    endloop
  endfacet
  facet normal  2.120383e-005 -7.194328e-002  9.974087e-001
    outer loop
      vertex  0.000000e+000 -8.250308e+000  2.056666e+001
      vertex  6.000000e+000 -8.010155e+000  2.058385e+001
      vertex  0.000000e+000 -8.010204e+000  2.058398e+001
    endloop
  endfacet
  facet normal  0.000000e+000  8.758605e-001  4.825644e-001
    outer loop
      vertex  0.000000e+000 -5.912257e+000  2.192497e+001
      vertex  6.000000e+000 -5.912257e+000  2.192497e+001
      vertex -1.776357e-015 -5.737222e+000  2.160728e+001
    endloop
  endfacet
  facet normal  -0.000000e+000  8.758605e-001  4.825644e-001
    outer loop
      vertex -1.776357e-015 -5.737222e+000  2.160728e+001
      vertex  6.000000e+000 -5.912257e+000  2.192497e+001
      vertex  6.000000e+000 -5.737222e+000  2.160728e+001
    endloop
  endfacet
  facet normal  0.000000e+000  6.415681e-001  7.670662e-001
    outer loop
      vertex  6.000000e+000 -5.737222e+000  2.160728e+001
      vertex  6.000000e+000 -5.552567e+000  2.145283e+001
      vertex -1.776357e-015 -5.737222e+000  2.160728e+001
    endloop
  endfacet
  facet normal  0.000000e+000  6.415681e-001  7.670662e-001
    outer loop
      vertex -1.776357e-015 -5.737222e+000  2.160728e+001
      vertex  6.000000e+000 -5.552567e+000  2.145283e+001
      vertex -1.776357e-015 -5.552567e+000  2.145283e+001
    endloop
  endfacet
  facet normal  0.000000e+000  5.671296e-002  9.983905e-001
    outer loop
      vertex  6.000000e+000 -5.552567e+000  2.145283e+001
      vertex  6.000000e+000 -5.312186e+000  2.143918e+001
      vertex -1.776357e-015 -5.552567e+000  2.145283e+001
    endloop
  endfacet
  facet normal  2.095246e-005  5.619165e-002  9.984200e-001
    outer loop
      vertex -1.776357e-015 -5.552567e+000  2.145283e+001
      vertex  6.000000e+000 -5.312186e+000  2.143918e+001
      vertex -1.776357e-015 -5.312220e+000  2.143931e+001
    endloop
  endfacet
  facet normal  0.000000e+000  9.303792e-001  3.665988e-001
    outer loop
      vertex  0.000000e+000 -3.060015e+000  2.250101e+001
      vertex  6.000000e+000 -3.060015e+000  2.250101e+001
      vertex -1.776357e-015 -2.927043e+000  2.216354e+001
    endloop
  endfacet
  facet normal  -0.000000e+000  9.303792e-001  3.665988e-001
    outer loop
      vertex -1.776357e-015 -2.927043e+000  2.216354e+001
      vertex  6.000000e+000 -3.060015e+000  2.250101e+001
      vertex  6.000000e+000 -2.927043e+000  2.216354e+001
    endloop
  endfacet
  facet normal  0.000000e+000  7.343893e-001  6.787285e-001
    outer loop
      vertex  6.000000e+000 -2.927043e+000  2.216354e+001
      vertex  6.000000e+000 -2.763654e+000  2.198675e+001
      vertex -1.776357e-015 -2.927043e+000  2.216354e+001
    endloop
  endfacet
  facet normal  0.000000e+000  7.343893e-001  6.787285e-001
    outer loop
      vertex -1.776357e-015 -2.927043e+000  2.216354e+001
      vertex  6.000000e+000 -2.763654e+000  2.198675e+001
      vertex -1.776357e-015 -2.763654e+000  2.198675e+001
    endloop
  endfacet
  facet normal  0.000000e+000  1.839230e-001  9.829406e-001
    outer loop
      vertex  6.000000e+000 -2.763654e+000  2.198675e+001
      vertex  6.000000e+000 -2.526992e+000  2.194247e+001
      vertex -1.776357e-015 -2.763654e+000  2.198675e+001
    endloop
  endfacet
  facet normal  2.136468e-005  1.833996e-001  9.830384e-001
    outer loop
      vertex -1.776357e-015 -2.763654e+000  2.198675e+001
      vertex  6.000000e+000 -2.526992e+000  2.194247e+001
      vertex -1.776357e-015 -2.527009e+000  2.194260e+001
    endloop
  endfacet
  facet normal  0.000000e+000 -9.606365e-001  2.778084e-001
    outer loop
      vertex  0.000000e+000  8.374107e-001  2.234030e+001
      vertex  6.000000e+000  8.374107e-001  2.234030e+001
      vertex  0.000000e+000  9.381769e-001  2.268874e+001
    endloop
  endfacet
  facet normal  0.000000e+000 -9.606365e-001  2.778084e-001
    outer loop
      vertex  0.000000e+000  9.381769e-001  2.268874e+001
      vertex  6.000000e+000  8.374107e-001  2.234030e+001
      vertex  6.000000e+000  9.381769e-001  2.268874e+001
    endloop
  endfacet
  facet normal  6.447946e-008 -2.747144e-001  9.615258e-001
    outer loop
      vertex  6.000000e+000  4.598392e-001  2.208285e+001
      vertex  6.000000e+000  6.913058e-001  2.214898e+001
      vertex  0.000000e+000  4.598378e-001  2.208285e+001
    endloop
  endfacet
  facet normal  0.000000e+000 -2.747129e-001  9.615263e-001
    outer loop
      vertex  0.000000e+000  4.598378e-001  2.208285e+001
      vertex  6.000000e+000  6.913058e-001  2.214898e+001
      vertex  0.000000e+000  6.913058e-001  2.214898e+001
    endloop
  endfacet
  facet normal  0.000000e+000 -7.947534e-001  6.069324e-001
    outer loop
      vertex  6.000000e+000  6.913058e-001  2.214898e+001
      vertex  6.000000e+000  8.374107e-001  2.234030e+001
      vertex  0.000000e+000  6.913058e-001  2.214898e+001
    endloop
  endfacet
  facet normal  0.000000e+000 -7.947534e-001  6.069324e-001
    outer loop
      vertex  0.000000e+000  6.913058e-001  2.214898e+001
      vertex  6.000000e+000  8.374107e-001  2.234030e+001
      vertex  0.000000e+000  8.374107e-001  2.234030e+001
    endloop
  endfacet
  facet normal  0.000000e+000 -9.172240e-001  3.983720e-001
    outer loop
      vertex -1.776357e-015  3.687349e+000  2.204980e+001
      vertex  6.000000e+000  3.687349e+000  2.204980e+001
      vertex -1.776357e-015  3.831846e+000  2.238249e+001
    endloop
  endfacet
  facet normal  0.000000e+000 -9.172240e-001  3.983720e-001
    outer loop
      vertex -1.776357e-015  3.831846e+000  2.238249e+001
      vertex  6.000000e+000  3.687349e+000  2.204980e+001
      vertex  6.000000e+000  3.831846e+000  2.238249e+001
    endloop
  endfacet
  facet normal  3.610857e-008 -1.494959e-001  9.887623e-001
    outer loop
      vertex  6.000000e+000  3.279956e+000  2.184274e+001
      vertex  6.000000e+000  3.517978e+000  2.187873e+001
      vertex -1.776357e-015  3.279954e+000  2.184274e+001
    endloop
  endfacet
  facet normal  0.000000e+000 -1.494950e-001  9.887625e-001
    outer loop
      vertex -1.776357e-015  3.279954e+000  2.184274e+001
      vertex  6.000000e+000  3.517978e+000  2.187873e+001
      vertex -1.776357e-015  3.517978e+000  2.187873e+001
    endloop
  endfacet
  facet normal  0.000000e+000 -7.106194e-001  7.035766e-001
    outer loop
      vertex  6.000000e+000  3.517978e+000  2.187873e+001
      vertex  6.000000e+000  3.687349e+000  2.204980e+001
      vertex -1.776357e-015  3.517978e+000  2.187873e+001
    endloop
  endfacet
  facet normal  0.000000e+000 -7.106194e-001  7.035766e-001
    outer loop
      vertex -1.776357e-015  3.517978e+000  2.187873e+001
      vertex  6.000000e+000  3.687349e+000  2.204980e+001
      vertex -1.776357e-015  3.687349e+000  2.204980e+001
    endloop
  endfacet
  facet normal  0.000000e+000 -8.587505e-001  5.123939e-001
    outer loop
      vertex  0.000000e+000  6.476742e+000  2.139724e+001
      vertex  6.000000e+000  6.476742e+000  2.139724e+001
      vertex  0.000000e+000  6.662596e+000  2.170872e+001
    endloop
  endfacet
  facet normal  0.000000e+000 -8.587505e-001  5.123939e-001
    outer loop
      vertex  0.000000e+000  6.662596e+000  2.170872e+001
      vertex  6.000000e+000  6.476742e+000  2.139724e+001
      vertex  6.000000e+000  6.662596e+000  2.170872e+001
    endloop
  endfacet
  facet normal  3.230427e-007 -2.183648e-002  9.997616e-001
    outer loop
      vertex  6.000000e+000  6.046215e+000  2.124398e+001
      vertex  6.000000e+000  6.286886e+000  2.124924e+001
      vertex  0.000000e+000  6.046214e+000  2.124398e+001
    endloop
  endfacet
  facet normal  0.000000e+000 -2.182843e-002  9.997617e-001
    outer loop
      vertex  0.000000e+000  6.046214e+000  2.124398e+001
      vertex  6.000000e+000  6.286886e+000  2.124924e+001
      vertex  0.000000e+000  6.286886e+000  2.124924e+001
    endloop
  endfacet
  facet normal  0.000000e+000 -6.148120e-001  7.886737e-001
    outer loop
      vertex  6.000000e+000  6.286886e+000  2.124924e+001
      vertex  6.000000e+000  6.476742e+000  2.139724e+001
      vertex  0.000000e+000  6.286886e+000  2.124924e+001
    endloop
  endfacet
  facet normal  0.000000e+000 -6.148120e-001  7.886737e-001
    outer loop
      vertex  0.000000e+000  6.286886e+000  2.124924e+001
      vertex  6.000000e+000  6.476742e+000  2.139724e+001
      vertex  0.000000e+000  6.476742e+000  2.139724e+001
    endloop
  endfacet
  facet normal  0.000000e+000 -7.861766e-001  6.180020e-001
    outer loop
      vertex  0.000000e+000  9.159786e+000  2.039334e+001
      vertex  6.000000e+000  9.159786e+000  2.039334e+001
      vertex  0.000000e+000  9.383946e+000  2.067850e+001
    endloop
  endfacet
  facet normal  0.000000e+000 -7.861766e-001  6.180020e-001
    outer loop
      vertex  0.000000e+000  9.383946e+000  2.067850e+001
      vertex  6.000000e+000  9.159786e+000  2.039334e+001
      vertex  6.000000e+000  9.383946e+000  2.067850e+001
    endloop
  endfacet
  facet normal -1.676464e-008  1.061950e-001  9.943454e-001
    outer loop
      vertex  6.000000e+000  8.713196e+000  2.029640e+001
      vertex  6.000000e+000  8.952563e+000  2.027083e+001
      vertex  0.000000e+000  8.713195e+000  2.029640e+001
    endloop
  endfacet
  facet normal  0.000000e+000  1.061946e-001  9.943454e-001
    outer loop
      vertex  0.000000e+000  8.713195e+000  2.029640e+001
      vertex  6.000000e+000  8.952563e+000  2.027083e+001
      vertex  0.000000e+000  8.952563e+000  2.027083e+001
    endloop
  endfacet
  facet normal  0.000000e+000 -5.089113e-001  8.608190e-001
    outer loop
      vertex  6.000000e+000  8.952563e+000  2.027083e+001
      vertex  6.000000e+000  9.159786e+000  2.039334e+001
      vertex  0.000000e+000  8.952563e+000  2.027083e+001
    endloop
  endfacet
  facet normal  0.000000e+000 -5.089113e-001  8.608190e-001
    outer loop
      vertex  0.000000e+000  8.952563e+000  2.027083e+001
      vertex  6.000000e+000  9.159786e+000  2.039334e+001
      vertex  0.000000e+000  9.159786e+000  2.039334e+001
    endloop
  endfacet
  facet normal  0.000000e+000 -7.006955e-001  7.134604e-001
    outer loop
      vertex  0.000000e+000  1.169243e+001  1.905459e+001
      vertex  6.000000e+000  1.169243e+001  1.905459e+001
      vertex -1.776357e-015  1.195121e+001  1.930874e+001
    endloop
  endfacet
  facet normal  0.000000e+000 -7.006955e-001  7.134604e-001
    outer loop
      vertex -1.776357e-015  1.195121e+001  1.930874e+001
      vertex  6.000000e+000  1.169243e+001  1.905459e+001
      vertex  6.000000e+000  1.195121e+001  1.930874e+001
    endloop
  endfacet
  facet normal  2.727485e-007  2.324760e-001  9.726022e-001
    outer loop
      vertex  6.000000e+000  1.123711e+001  1.901554e+001
      vertex  6.000000e+000  1.147124e+001  1.895958e+001
      vertex  0.000000e+000  1.123711e+001  1.901555e+001
    endloop
  endfacet
  facet normal  0.000000e+000  2.324826e-001  9.726006e-001
    outer loop
      vertex  0.000000e+000  1.123711e+001  1.901555e+001
      vertex  6.000000e+000  1.147124e+001  1.895958e+001
      vertex  0.000000e+000  1.147124e+001  1.895958e+001
    endloop
  endfacet
  facet normal  0.000000e+000 -3.946559e-001  9.188289e-001
    outer loop
      vertex  6.000000e+000  1.147124e+001  1.895958e+001
      vertex  6.000000e+000  1.169243e+001  1.905459e+001
      vertex  0.000000e+000  1.147124e+001  1.895958e+001
    endloop
  endfacet
  facet normal  0.000000e+000 -3.946559e-001  9.188289e-001
    outer loop
      vertex  0.000000e+000  1.147124e+001  1.895958e+001
      vertex  6.000000e+000  1.169243e+001  1.905459e+001
      vertex  0.000000e+000  1.169243e+001  1.905459e+001
    endloop
  endfacet
  facet normal  0.000000e+000 -6.037068e-001  7.972063e-001
    outer loop
      vertex  0.000000e+000  1.403308e+001  1.740295e+001
      vertex  6.000000e+000  1.403308e+001  1.740295e+001
      vertex  0.000000e+000  1.432224e+001  1.762193e+001
    endloop
  endfacet
  facet normal  0.000000e+000 -6.037068e-001  7.972063e-001
    outer loop
      vertex  0.000000e+000  1.432224e+001  1.762193e+001
      vertex  6.000000e+000  1.403308e+001  1.740295e+001
      vertex  6.000000e+000  1.432224e+001  1.762193e+001
    endloop
  endfacet
  facet normal  2.411533e-007  3.549454e-001  9.348871e-001
    outer loop
      vertex  6.000000e+000  1.357650e+001  1.742246e+001
      vertex  6.000000e+000  1.380156e+001  1.733701e+001
      vertex  0.000000e+000  1.357650e+001  1.742246e+001
    endloop
  endfacet
  facet normal  0.000000e+000  3.549510e-001  9.348849e-001
    outer loop
      vertex  0.000000e+000  1.357650e+001  1.742246e+001
      vertex  6.000000e+000  1.380156e+001  1.733701e+001
      vertex  0.000000e+000  1.380156e+001  1.733701e+001
    endloop
  endfacet
  facet normal  0.000000e+000 -2.739215e-001  9.617520e-001
    outer loop
      vertex  6.000000e+000  1.380156e+001  1.733701e+001
      vertex  6.000000e+000  1.403308e+001  1.740295e+001
      vertex  0.000000e+000  1.380156e+001  1.733701e+001
    endloop
  endfacet
  facet normal  0.000000e+000 -2.739215e-001  9.617520e-001
    outer loop
      vertex  0.000000e+000  1.380156e+001  1.733701e+001
      vertex  6.000000e+000  1.403308e+001  1.740295e+001
      vertex  0.000000e+000  1.403308e+001  1.740295e+001
    endloop
  endfacet
  facet normal  0.000000e+000 -4.968045e-001  8.678625e-001
    outer loop
      vertex -1.776357e-015  1.614331e+001  1.546557e+001
      vertex  6.000000e+000  1.614331e+001  1.546557e+001
      vertex -1.776357e-015  1.645810e+001  1.564577e+001
    endloop
  endfacet
  facet normal  0.000000e+000 -4.968045e-001  8.678625e-001
    outer loop
      vertex -1.776357e-015  1.645810e+001  1.564577e+001
      vertex  6.000000e+000  1.614331e+001  1.546557e+001
      vertex  6.000000e+000  1.645810e+001  1.564577e+001
    endloop
  endfacet
  facet normal  6.576924e-008  4.715805e-001  8.818230e-001
    outer loop
      vertex  6.000000e+000  1.569298e+001  1.554330e+001
      vertex  6.000000e+000  1.590526e+001  1.542977e+001
      vertex -1.776357e-015  1.569298e+001  1.554330e+001
    endloop
  endfacet
  facet normal  0.000000e+000  4.715819e-001  8.818223e-001
    outer loop
      vertex -1.776357e-015  1.569298e+001  1.554330e+001
      vertex  6.000000e+000  1.590526e+001  1.542977e+001
      vertex -1.776357e-015  1.590526e+001  1.542977e+001
    endloop
  endfacet
  facet normal  0.000000e+000 -1.486832e-001  9.888850e-001
    outer loop
      vertex  6.000000e+000  1.590526e+001  1.542977e+001
      vertex  6.000000e+000  1.614331e+001  1.546557e+001
      vertex -1.776357e-015  1.590526e+001  1.542977e+001
    endloop
  endfacet
  facet normal  0.000000e+000 -1.486832e-001  9.888850e-001
    outer loop
      vertex -1.776357e-015  1.590526e+001  1.542977e+001
      vertex  6.000000e+000  1.614331e+001  1.546557e+001
      vertex -1.776357e-015  1.614331e+001  1.546557e+001
    endloop
  endfacet
  facet normal  0.000000e+000 -3.817489e-001  9.242660e-001
    outer loop
      vertex  0.000000e+000  1.798846e+001  1.327423e+001
      vertex  6.000000e+000  1.798846e+001  1.327423e+001
      vertex -1.776357e-015  1.832371e+001  1.341270e+001
    endloop
  endfacet
  facet normal  0.000000e+000 -3.817489e-001  9.242660e-001
    outer loop
      vertex -1.776357e-015  1.832371e+001  1.341270e+001
      vertex  6.000000e+000  1.798846e+001  1.327423e+001
      vertex  6.000000e+000  1.832371e+001  1.341270e+001
    endloop
  endfacet
  facet normal -5.416280e-008  5.804727e-001  8.142797e-001
    outer loop
      vertex  6.000000e+000  1.755177e+001  1.340891e+001
      vertex  6.000000e+000  1.774779e+001  1.326918e+001
      vertex  0.000000e+000  1.755177e+001  1.340891e+001
    endloop
  endfacet
  facet normal  0.000000e+000  5.804715e-001  8.142805e-001
    outer loop
      vertex  0.000000e+000  1.755177e+001  1.340891e+001
      vertex  6.000000e+000  1.774779e+001  1.326918e+001
      vertex  0.000000e+000  1.774779e+001  1.326918e+001
    endloop
  endfacet
  facet normal  0.000000e+000 -2.100454e-002  9.997794e-001
    outer loop
      vertex  6.000000e+000  1.774779e+001  1.326918e+001
      vertex  6.000000e+000  1.798846e+001  1.327423e+001
      vertex  0.000000e+000  1.774779e+001  1.326918e+001
    endloop
  endfacet
  facet normal  0.000000e+000 -2.100454e-002  9.997794e-001
    outer loop
      vertex  0.000000e+000  1.774779e+001  1.326918e+001
      vertex  6.000000e+000  1.798846e+001  1.327423e+001
      vertex  0.000000e+000  1.798846e+001  1.327423e+001
    endloop
  endfacet
  facet normal  0.000000e+000 -2.604213e-001  9.654951e-001
    outer loop
      vertex  0.000000e+000  1.953825e+001  1.086494e+001
      vertex  6.000000e+000  1.953825e+001  1.086494e+001
      vertex -1.776357e-015  1.988845e+001  1.095940e+001
    endloop
  endfacet
  facet normal  0.000000e+000 -2.604213e-001  9.654951e-001
    outer loop
      vertex -1.776357e-015  1.988845e+001  1.095940e+001
      vertex  6.000000e+000  1.953825e+001  1.086494e+001
      vertex  6.000000e+000  1.988845e+001  1.095940e+001
    endloop
  endfacet
  facet normal  2.321260e-007  6.798334e-001  7.333667e-001
    outer loop
      vertex  6.000000e+000  1.912236e+001  1.105435e+001
      vertex  6.000000e+000  1.929890e+001  1.089070e+001
      vertex  0.000000e+000  1.912236e+001  1.105436e+001
    endloop
  endfacet
  facet normal  0.000000e+000  6.798376e-001  7.333627e-001
    outer loop
      vertex  0.000000e+000  1.912236e+001  1.105436e+001
      vertex  6.000000e+000  1.929890e+001  1.089070e+001
      vertex  0.000000e+000  1.929890e+001  1.089070e+001
    endloop
  endfacet
  facet normal  0.000000e+000  1.070154e-001  9.942573e-001
    outer loop
      vertex  6.000000e+000  1.929890e+001  1.089070e+001
      vertex  6.000000e+000  1.953825e+001  1.086494e+001
      vertex  0.000000e+000  1.929890e+001  1.089070e+001
    endloop
  endfacet
  facet normal  0.000000e+000  1.070154e-001  9.942573e-001
    outer loop
      vertex  0.000000e+000  1.929890e+001  1.089070e+001
      vertex  6.000000e+000  1.953825e+001  1.086494e+001
      vertex  0.000000e+000  1.953825e+001  1.086494e+001
    endloop
  endfacet
  facet normal  0.000000e+000 -1.348175e-001  9.908704e-001
    outer loop
      vertex  0.000000e+000  2.076722e+001  8.277241e+000
      vertex  6.000000e+000  2.076722e+001  8.277241e+000
      vertex -1.776357e-015  2.112663e+001  8.326141e+000
    endloop
  endfacet
  facet normal  0.000000e+000 -1.348175e-001  9.908704e-001
    outer loop
      vertex -1.776357e-015  2.112663e+001  8.326141e+000
      vertex  6.000000e+000  2.076722e+001  8.277241e+000
      vertex  6.000000e+000  2.112663e+001  8.326141e+000
    endloop
  endfacet
  facet normal  1.005877e-007  7.680332e-001  6.404099e-001
    outer loop
      vertex  6.000000e+000  2.037897e+001  8.518286e+000
      vertex  6.000000e+000  2.053313e+001  8.333398e+000
      vertex  0.000000e+000  2.037897e+001  8.518287e+000
    endloop
  endfacet
  facet normal  0.000000e+000  7.680349e-001  6.404080e-001
    outer loop
      vertex  0.000000e+000  2.037897e+001  8.518287e+000
      vertex  6.000000e+000  2.053313e+001  8.333398e+000
      vertex  0.000000e+000  2.053313e+001  8.333398e+000
    endloop
  endfacet
  facet normal  0.000000e+000  2.332796e-001  9.724098e-001
    outer loop
      vertex  6.000000e+000  2.053313e+001  8.333398e+000
      vertex  6.000000e+000  2.076722e+001  8.277241e+000
      vertex  0.000000e+000  2.053313e+001  8.333398e+000
    endloop
  endfacet
  facet normal  0.000000e+000  2.332796e-001  9.724098e-001
    outer loop
      vertex  0.000000e+000  2.053313e+001  8.333398e+000
      vertex  6.000000e+000  2.076722e+001  8.277241e+000
      vertex  0.000000e+000  2.076722e+001  8.277241e+000
    endloop
  endfacet
  facet normal  0.000000e+000 -7.001716e-003  9.999754e-001
    outer loop
      vertex  0.000000e+000  2.165519e+001  5.553632e+000
      vertex  6.000000e+000  2.165519e+001  5.553632e+000
      vertex -1.776357e-015  2.201790e+001  5.556171e+000
    endloop
  endfacet
  facet normal  0.000000e+000 -7.001716e-003  9.999754e-001
    outer loop
      vertex -1.776357e-015  2.201790e+001  5.556171e+000
      vertex  6.000000e+000  2.165519e+001  5.553632e+000
      vertex  6.000000e+000  2.201790e+001  5.556171e+000
    endloop
  endfacet
  facet normal  1.276697e-007  8.436232e-001  5.369356e-001
    outer loop
      vertex  6.000000e+000  2.130095e+001  5.842346e+000
      vertex  6.000000e+000  2.143021e+001  5.639262e+000
      vertex  0.000000e+000  2.130095e+001  5.842347e+000
    endloop
  endfacet
  facet normal  0.000000e+000  8.436249e-001  5.369329e-001
    outer loop
      vertex  0.000000e+000  2.130095e+001  5.842347e+000
      vertex  6.000000e+000  2.143021e+001  5.639262e+000
      vertex  0.000000e+000  2.143021e+001  5.639262e+000
    endloop
  endfacet
  facet normal  0.000000e+000  3.557116e-001  9.345958e-001
    outer loop
      vertex  6.000000e+000  2.143021e+001  5.639262e+000
      vertex  6.000000e+000  2.165519e+001  5.553632e+000
      vertex  0.000000e+000  2.143021e+001  5.639262e+000
    endloop
  endfacet
  facet normal  0.000000e+000  3.557116e-001  9.345958e-001
    outer loop
      vertex  0.000000e+000  2.143021e+001  5.639262e+000
      vertex  6.000000e+000  2.165519e+001  5.553632e+000
      vertex  0.000000e+000  2.165519e+001  5.553632e+000
    endloop
  endfacet
  facet normal  0.000000e+000  1.209295e-001  9.926611e-001
    outer loop
      vertex  0.000000e+000  2.218758e+001  2.738832e+000
      vertex  6.000000e+000  2.218758e+001  2.738832e+000
      vertex -1.776357e-015  2.254764e+001  2.694969e+000
    endloop
  endfacet
  facet normal  -0.000000e+000  1.209295e-001  9.926611e-001
    outer loop
      vertex -1.776357e-015  2.254764e+001  2.694969e+000
      vertex  6.000000e+000  2.218758e+001  2.738832e+000
      vertex  6.000000e+000  2.254764e+001  2.694969e+000
    endloop
  endfacet
  facet normal  8.511276e-008  9.053561e-001  4.246531e-001
    outer loop
      vertex  6.000000e+000  2.187317e+001  3.070475e+000
      vertex  6.000000e+000  2.197540e+001  2.852530e+000
      vertex  0.000000e+000  2.187317e+001  3.070476e+000
    endloop
  endfacet
  facet normal  0.000000e+000  9.053570e-001  4.246512e-001
    outer loop
      vertex  0.000000e+000  2.187317e+001  3.070476e+000
      vertex  6.000000e+000  2.197540e+001  2.852530e+000
      vertex  0.000000e+000  2.197540e+001  2.852530e+000
    endloop
  endfacet
  facet normal  0.000000e+000  4.723087e-001  8.814332e-001
    outer loop
      vertex  6.000000e+000  2.197540e+001  2.852530e+000
      vertex  6.000000e+000  2.218758e+001  2.738832e+000
      vertex  0.000000e+000  2.197540e+001  2.852530e+000
    endloop
  endfacet
  facet normal  0.000000e+000  4.723087e-001  8.814332e-001
    outer loop
      vertex  0.000000e+000  2.197540e+001  2.852530e+000
      vertex  6.000000e+000  2.218758e+001  2.738832e+000
      vertex  0.000000e+000  2.218758e+001  2.738832e+000
    endloop
  endfacet
  facet normal  0.000000e+000  2.468764e-001  9.690470e-001
    outer loop
      vertex -1.776357e-015  2.235566e+001 -1.209387e-001
      vertex  6.000000e+000  2.235566e+001 -1.209387e-001
      vertex -1.776357e-015  2.270715e+001 -2.104851e-001
    endloop
  endfacet
  facet normal  -0.000000e+000  2.468764e-001  9.690470e-001
    outer loop
      vertex -1.776357e-015  2.270715e+001 -2.104851e-001
      vertex  6.000000e+000  2.235566e+001 -1.209387e-001
      vertex  6.000000e+000  2.270715e+001 -2.104851e-001
    endloop
  endfacet
  facet normal  7.092754e-008  9.522286e-001  3.053859e-001
    outer loop
      vertex  6.000000e+000  2.208624e+001  2.481871e-001
      vertex  6.000000e+000  2.215975e+001  1.895901e-002
      vertex -1.776357e-015  2.208624e+001  2.481885e-001
    endloop
  endfacet
  facet normal  0.000000e+000  9.522293e-001  3.053842e-001
    outer loop
      vertex -1.776357e-015  2.208624e+001  2.481885e-001
      vertex  6.000000e+000  2.215975e+001  1.895901e-002
      vertex -1.776357e-015  2.215975e+001  1.895901e-002
    endloop
  endfacet
  facet normal  0.000000e+000  5.811422e-001  8.138019e-001
    outer loop
      vertex  6.000000e+000  2.215975e+001  1.895901e-002
      vertex  6.000000e+000  2.235566e+001 -1.209387e-001
      vertex -1.776357e-015  2.215975e+001  1.895901e-002
    endloop
  endfacet
  facet normal  0.000000e+000  5.811422e-001  8.138019e-001
    outer loop
      vertex -1.776357e-015  2.215975e+001  1.895901e-002
      vertex  6.000000e+000  2.235566e+001 -1.209387e-001
      vertex -1.776357e-015  2.235566e+001 -1.209387e-001
    endloop
  endfacet
  facet normal  0.000000e+000  3.687696e-001  9.295208e-001
    outer loop
      vertex  0.000000e+000  2.215665e+001 -2.978724e+000
      vertex  6.000000e+000  2.215665e+001 -2.978724e+000
      vertex -1.776357e-015  2.249381e+001 -3.112483e+000
    endloop
  endfacet
  facet normal  -0.000000e+000  3.687696e-001  9.295208e-001
    outer loop
      vertex -1.776357e-015  2.249381e+001 -3.112483e+000
      vertex  6.000000e+000  2.215665e+001 -2.978724e+000
      vertex  6.000000e+000  2.249381e+001 -3.112483e+000
    endloop
  endfacet
  facet normal  3.559269e-007  9.834614e-001  1.811174e-001
    outer loop
      vertex  6.000000e+000  2.193665e+001 -2.578176e+000
      vertex  6.000000e+000  2.198025e+001 -2.814923e+000
      vertex  0.000000e+000  2.193665e+001 -2.578175e+000
    endloop
  endfacet
  facet normal  0.000000e+000  9.834631e-001  1.811087e-001
    outer loop
      vertex  0.000000e+000  2.193665e+001 -2.578175e+000
      vertex  6.000000e+000  2.198025e+001 -2.814923e+000
      vertex  0.000000e+000  2.198025e+001 -2.814923e+000
    endloop
  endfacet
  facet normal  0.000000e+000  6.804390e-001  7.328047e-001
    outer loop
      vertex  6.000000e+000  2.198025e+001 -2.814923e+000
      vertex  6.000000e+000  2.215665e+001 -2.978724e+000
      vertex  0.000000e+000  2.198025e+001 -2.814923e+000
    endloop
  endfacet
  facet normal  0.000000e+000  6.804390e-001  7.328047e-001
    outer loop
      vertex  0.000000e+000  2.198025e+001 -2.814923e+000
      vertex  6.000000e+000  2.215665e+001 -2.978724e+000
      vertex  0.000000e+000  2.215665e+001 -2.978724e+000
    endloop
  endfacet
  facet normal  0.000000e+000  4.846071e-001  8.747319e-001
    outer loop
      vertex -1.776357e-015  2.159384e+001 -5.787599e+000
      vertex  6.000000e+000  2.159384e+001 -5.787599e+000
      vertex -1.776357e-015  2.191112e+001 -5.963374e+000
    endloop
  endfacet
  facet normal  -0.000000e+000  4.846071e-001  8.747319e-001
    outer loop
      vertex -1.776357e-015  2.191112e+001 -5.963374e+000
      vertex  6.000000e+000  2.159384e+001 -5.787599e+000
      vertex  6.000000e+000  2.191112e+001 -5.963374e+000
    endloop
  endfacet
  facet normal  1.289590e-008  9.985484e-001  5.386220e-002
    outer loop
      vertex  6.000000e+000  2.142686e+001 -5.362206e+000
      vertex  6.000000e+000  2.143983e+001 -5.602584e+000
      vertex -1.776357e-015  2.142686e+001 -5.362204e+000
    endloop
  endfacet
  facet normal  0.000000e+000  9.985484e-001  5.386188e-002
    outer loop
      vertex -1.776357e-015  2.142686e+001 -5.362204e+000
      vertex  6.000000e+000  2.143983e+001 -5.602584e+000
      vertex -1.776357e-015  2.143983e+001 -5.602584e+000
    endloop
  endfacet
  facet normal  0.000000e+000  7.685600e-001  6.397777e-001
    outer loop
      vertex  6.000000e+000  2.143983e+001 -5.602584e+000
      vertex  6.000000e+000  2.159384e+001 -5.787599e+000
      vertex -1.776357e-015  2.143983e+001 -5.602584e+000
    endloop
  endfacet
  facet normal  0.000000e+000  7.685600e-001  6.397777e-001
    outer loop
      vertex -1.776357e-015  2.143983e+001 -5.602584e+000
      vertex  6.000000e+000  2.159384e+001 -5.787599e+000
      vertex -1.776357e-015  2.159384e+001 -5.787599e+000
    endloop
  endfacet
  facet normal  0.000000e+000  5.924856e-001  8.055810e-001
    outer loop
      vertex  0.000000e+000  2.067645e+001 -8.501441e+000
      vertex  6.000000e+000  2.067645e+001 -8.501441e+000
      vertex -1.776357e-015  2.096865e+001 -8.716346e+000
    endloop
  endfacet
  facet normal  -0.000000e+000  5.924856e-001  8.055810e-001
    outer loop
      vertex -1.776357e-015  2.096865e+001 -8.716346e+000
      vertex  6.000000e+000  2.067645e+001 -8.501441e+000
      vertex  6.000000e+000  2.096865e+001 -8.716346e+000
    endloop
  endfacet
  facet normal -1.160630e-008  9.972380e-001 -7.427239e-002
    outer loop
      vertex  6.000000e+000  2.056524e+001 -8.058187e+000
      vertex  6.000000e+000  2.054736e+001 -8.298251e+000
      vertex  0.000000e+000  2.056524e+001 -8.058187e+000
    endloop
  endfacet
  facet normal  0.000000e+000  9.972380e-001 -7.427210e-002
    outer loop
      vertex  0.000000e+000  2.056524e+001 -8.058187e+000
      vertex  6.000000e+000  2.054736e+001 -8.298251e+000
      vertex  0.000000e+000  2.054736e+001 -8.298251e+000
    endloop
  endfacet
  facet normal  0.000000e+000  8.440625e-001  5.362447e-001
    outer loop
      vertex  6.000000e+000  2.054736e+001 -8.298251e+000
      vertex  6.000000e+000  2.067645e+001 -8.501441e+000
      vertex  0.000000e+000  2.054736e+001 -8.298251e+000
    endloop
  endfacet
  facet normal  0.000000e+000  8.440625e-001  5.362447e-001
    outer loop
      vertex  0.000000e+000  2.054736e+001 -8.298251e+000
      vertex  6.000000e+000  2.067645e+001 -8.501441e+000
      vertex  0.000000e+000  2.067645e+001 -8.501441e+000
    endloop
  endfacet
  facet normal  0.000000e+000  6.906376e-001  7.232009e-001
    outer loop
      vertex -1.776357e-015  1.941956e+001 -1.107569e+001
      vertex  6.000000e+000  1.941956e+001 -1.107569e+001
      vertex  0.000000e+000  1.968188e+001 -1.132620e+001
    endloop
  endfacet
  facet normal  -0.000000e+000  6.906376e-001  7.232009e-001
    outer loop
      vertex  0.000000e+000  1.968188e+001 -1.132620e+001
      vertex  6.000000e+000  1.941956e+001 -1.107569e+001
      vertex  6.000000e+000  1.968188e+001 -1.132620e+001
    endloop
  endfacet
  facet normal  2.791963e-007  9.795545e-001 -2.011791e-001
    outer loop
      vertex  6.000000e+000  1.936594e+001 -1.062185e+001
      vertex  6.000000e+000  1.931751e+001 -1.085766e+001
      vertex -1.776357e-015  1.936594e+001 -1.062185e+001
    endloop
  endfacet
  facet normal  0.000000e+000  9.795530e-001 -2.011859e-001
    outer loop
      vertex -1.776357e-015  1.936594e+001 -1.062185e+001
      vertex  6.000000e+000  1.931751e+001 -1.085766e+001
      vertex -1.776357e-015  1.931751e+001 -1.085766e+001
    endloop
  endfacet
  facet normal  0.000000e+000  9.057080e-001  4.239024e-001
    outer loop
      vertex  6.000000e+000  1.931751e+001 -1.085766e+001
      vertex  6.000000e+000  1.941956e+001 -1.107569e+001
      vertex -1.776357e-015  1.931751e+001 -1.085766e+001
    endloop
  endfacet
  facet normal  0.000000e+000  9.057080e-001  4.239024e-001
    outer loop
      vertex -1.776357e-015  1.931751e+001 -1.085766e+001
      vertex  6.000000e+000  1.941956e+001 -1.107569e+001
      vertex -1.776357e-015  1.941956e+001 -1.107569e+001
    endloop
  endfacet
  facet normal  0.000000e+000  7.774451e-001  6.289509e-001
    outer loop
      vertex -1.776357e-015  1.784379e+001 -1.346808e+001
      vertex  6.000000e+000  1.784379e+001 -1.346808e+001
      vertex -1.776357e-015  1.807193e+001 -1.375007e+001
    endloop
  endfacet
  facet normal  -0.000000e+000  7.774451e-001  6.289509e-001
    outer loop
      vertex -1.776357e-015  1.807193e+001 -1.375007e+001
      vertex  6.000000e+000  1.784379e+001 -1.346808e+001
      vertex  6.000000e+000  1.807193e+001 -1.375007e+001
    endloop
  endfacet
  facet normal -5.158351e-008  9.457837e-001 -3.247969e-001
    outer loop
      vertex  6.000000e+000  1.784866e+001 -1.301111e+001
      vertex  6.000000e+000  1.777047e+001 -1.323879e+001
      vertex -1.776357e-015  1.784866e+001 -1.301111e+001
    endloop
  endfacet
  facet normal  0.000000e+000  9.457842e-001 -3.247957e-001
    outer loop
      vertex -1.776357e-015  1.784866e+001 -1.301111e+001
      vertex  6.000000e+000  1.777047e+001 -1.323879e+001
      vertex -1.776357e-015  1.777047e+001 -1.323879e+001
    endloop
  endfacet
  facet normal  0.000000e+000  9.524797e-001  3.046021e-001
    outer loop
      vertex  6.000000e+000  1.777047e+001 -1.323879e+001
      vertex  6.000000e+000  1.784379e+001 -1.346808e+001
      vertex -1.776357e-015  1.777047e+001 -1.323879e+001
    endloop
  endfacet
  facet normal  0.000000e+000  9.524797e-001  3.046021e-001
    outer loop
      vertex -1.776357e-015  1.777047e+001 -1.323879e+001
      vertex  6.000000e+000  1.784379e+001 -1.346808e+001
      vertex -1.776357e-015  1.784379e+001 -1.346808e+001
    endloop
  endfacet
  facet normal  0.000000e+000  8.514913e-001  5.243686e-001
    outer loop
      vertex  0.000000e+000  1.597504e+001 -1.563932e+001
      vertex  6.000000e+000  1.597504e+001 -1.563932e+001
      vertex -1.776357e-015  1.616524e+001 -1.594817e+001
    endloop
  endfacet
  facet normal  -0.000000e+000  8.514913e-001  5.243686e-001
    outer loop
      vertex -1.776357e-015  1.616524e+001 -1.594817e+001
      vertex  6.000000e+000  1.597504e+001 -1.563932e+001
      vertex  6.000000e+000  1.616524e+001 -1.594817e+001
    endloop
  endfacet
  facet normal  2.153614e-007  8.964863e-001 -4.430713e-001
    outer loop
      vertex  6.000000e+000  1.603829e+001 -1.518673e+001
      vertex  6.000000e+000  1.593163e+001 -1.540254e+001
      vertex  0.000000e+000  1.603830e+001 -1.518672e+001
    endloop
  endfacet
  facet normal  0.000000e+000  8.964841e-001 -4.430761e-001
    outer loop
      vertex  0.000000e+000  1.603830e+001 -1.518672e+001
      vertex  6.000000e+000  1.593163e+001 -1.540254e+001
      vertex  0.000000e+000  1.593163e+001 -1.540254e+001
    endloop
  endfacet
  facet normal  0.000000e+000  9.836115e-001  1.803014e-001
    outer loop
      vertex  6.000000e+000  1.593163e+001 -1.540254e+001
      vertex  6.000000e+000  1.597504e+001 -1.563932e+001
      vertex  0.000000e+000  1.593163e+001 -1.540254e+001
    endloop
  endfacet
  facet normal  0.000000e+000  9.836115e-001  1.803014e-001
    outer loop
      vertex  0.000000e+000  1.593163e+001 -1.540254e+001
      vertex  6.000000e+000  1.597504e+001 -1.563932e+001
      vertex  0.000000e+000  1.597504e+001 -1.563932e+001
    endloop
  endfacet
  facet normal  0.000000e+000  9.115552e-001  4.111777e-001
    outer loop
      vertex  0.000000e+000  1.384397e+001 -1.755376e+001
      vertex  6.000000e+000  1.384397e+001 -1.755376e+001
      vertex  0.000000e+000  1.399311e+001 -1.788440e+001
    endloop
  endfacet
  facet normal  -0.000000e+000  9.115552e-001  4.111777e-001
    outer loop
      vertex  0.000000e+000  1.399311e+001 -1.788440e+001
      vertex  6.000000e+000  1.384397e+001 -1.755376e+001
      vertex  6.000000e+000  1.399311e+001 -1.788440e+001
    endloop
  endfacet
  facet normal  1.328281e-007  8.324651e-001 -5.540774e-001
    outer loop
      vertex  6.000000e+000  1.396459e+001 -1.711297e+001
      vertex  6.000000e+000  1.383120e+001 -1.731337e+001
      vertex  0.000000e+000  1.396459e+001 -1.711297e+001
    endloop
  endfacet
  facet normal  0.000000e+000  8.324633e-001 -5.540802e-001
    outer loop
      vertex  0.000000e+000  1.396459e+001 -1.711297e+001
      vertex  6.000000e+000  1.383120e+001 -1.731337e+001
      vertex  0.000000e+000  1.383120e+001 -1.731337e+001
    endloop
  endfacet
  facet normal  0.000000e+000  9.985925e-001  5.303790e-002
    outer loop
      vertex  6.000000e+000  1.383120e+001 -1.731337e+001
      vertex  6.000000e+000  1.384397e+001 -1.755376e+001
      vertex  0.000000e+000  1.383120e+001 -1.731337e+001
    endloop
  endfacet
  facet normal  0.000000e+000  9.985925e-001  5.303790e-002
    outer loop
      vertex  0.000000e+000  1.383120e+001 -1.731337e+001
      vertex  6.000000e+000  1.384397e+001 -1.755376e+001
      vertex  0.000000e+000  1.384397e+001 -1.755376e+001
    endloop
  endfacet
  facet normal  0.000000e+000  9.566518e-001  2.912339e-001
    outer loop
      vertex  0.000000e+000  1.148559e+001 -1.917997e+001
      vertex  6.000000e+000  1.148559e+001 -1.917997e+001
      vertex  0.000000e+000  1.159122e+001 -1.952697e+001
    endloop
  endfacet
  facet normal  -0.000000e+000  9.566518e-001  2.912339e-001
    outer loop
      vertex  0.000000e+000  1.159122e+001 -1.952697e+001
      vertex  6.000000e+000  1.148559e+001 -1.917997e+001
      vertex  6.000000e+000  1.159122e+001 -1.952697e+001
    endloop
  endfacet
  facet normal  1.199320e-007  7.547768e-001 -6.559818e-001
    outer loop
      vertex  6.000000e+000  1.166158e+001 -1.875823e+001
      vertex  6.000000e+000  1.150366e+001 -1.893992e+001
      vertex  0.000000e+000  1.166158e+001 -1.875823e+001
    endloop
  endfacet
  facet normal  0.000000e+000  7.547748e-001 -6.559840e-001
    outer loop
      vertex  0.000000e+000  1.166158e+001 -1.875823e+001
      vertex  6.000000e+000  1.150366e+001 -1.893992e+001
      vertex  0.000000e+000  1.150366e+001 -1.893992e+001
    endloop
  endfacet
  facet normal  0.000000e+000  9.971766e-001 -7.509230e-002
    outer loop
      vertex  6.000000e+000  1.150366e+001 -1.893992e+001
      vertex  6.000000e+000  1.148559e+001 -1.917997e+001
      vertex  0.000000e+000  1.150366e+001 -1.893992e+001
    endloop
  endfacet
  facet normal  0.000000e+000  9.971766e-001 -7.509230e-002
    outer loop
      vertex  0.000000e+000  1.150366e+001 -1.893992e+001
      vertex  6.000000e+000  1.148559e+001 -1.917997e+001
      vertex  0.000000e+000  1.148559e+001 -1.917997e+001
    endloop
  endfacet
  facet normal  0.000000e+000  9.860402e-001  1.665074e-001
    outer loop
      vertex  0.000000e+000  8.938610e+000 -2.049125e+001
      vertex  6.000000e+000  8.938610e+000 -2.049125e+001
      vertex -1.776357e-015  8.999005e+000 -2.084891e+001
    endloop
  endfacet
  facet normal  -0.000000e+000  9.860402e-001  1.665074e-001
    outer loop
      vertex -1.776357e-015  8.999005e+000 -2.084891e+001
      vertex  6.000000e+000  8.938610e+000 -2.049125e+001
      vertex  6.000000e+000  8.999005e+000 -2.084891e+001
    endloop
  endfacet
  facet normal  2.114933e-007  6.646982e-001 -7.471120e-001
    outer loop
      vertex  6.000000e+000  9.167087e+000 -2.009547e+001
      vertex  6.000000e+000  8.987236e+000 -2.025548e+001
      vertex  0.000000e+000  9.167089e+000 -2.009547e+001
    endloop
  endfacet
  facet normal  0.000000e+000  6.646943e-001 -7.471156e-001
    outer loop
      vertex  0.000000e+000  9.167089e+000 -2.009547e+001
      vertex  6.000000e+000  8.987236e+000 -2.025548e+001
      vertex  0.000000e+000  8.987236e+000 -2.025548e+001
    endloop
  endfacet
  facet normal  0.000000e+000  9.793867e-001 -2.019941e-001
    outer loop
      vertex  6.000000e+000  8.987236e+000 -2.025548e+001
      vertex  6.000000e+000  8.938610e+000 -2.049125e+001
      vertex  0.000000e+000  8.987236e+000 -2.025548e+001
    endloop
  endfacet
  facet normal  0.000000e+000  9.793867e-001 -2.019941e-001
    outer loop
      vertex  0.000000e+000  8.987236e+000 -2.025548e+001
      vertex  6.000000e+000  8.938610e+000 -2.049125e+001
      vertex  0.000000e+000  8.938610e+000 -2.049125e+001
    endloop
  endfacet
  facet normal  0.000000e+000  9.992373e-001  3.904836e-002
    outer loop
      vertex -1.776357e-015  6.244862e+000 -2.146606e+001
      vertex  6.000000e+000  6.244862e+000 -2.146606e+001
      vertex  0.000000e+000  6.259025e+000 -2.182850e+001
    endloop
  endfacet
  facet normal  -0.000000e+000  9.992373e-001  3.904836e-002
    outer loop
      vertex  0.000000e+000  6.259025e+000 -2.182850e+001
      vertex  6.000000e+000  6.244862e+000 -2.146606e+001
      vertex  6.000000e+000  6.259025e+000 -2.182850e+001
    endloop
  endfacet
  facet normal  1.341176e-007  5.637000e-001 -8.259796e-001
    outer loop
      vertex  6.000000e+000  6.522073e+000 -2.110275e+001
      vertex  6.000000e+000  6.323237e+000 -2.123845e+001
      vertex -1.776357e-015  6.522075e+000 -2.110275e+001
    endloop
  endfacet
  facet normal  0.000000e+000  5.636973e-001 -8.259815e-001
    outer loop
      vertex -1.776357e-015  6.522075e+000 -2.110275e+001
      vertex  6.000000e+000  6.323237e+000 -2.123845e+001
      vertex -1.776357e-015  6.323237e+000 -2.123845e+001
    endloop
  endfacet
  facet normal  0.000000e+000  9.455163e-001 -3.255746e-001
    outer loop
      vertex  6.000000e+000  6.323237e+000 -2.123845e+001
      vertex  6.000000e+000  6.244862e+000 -2.146606e+001
      vertex -1.776357e-015  6.323237e+000 -2.123845e+001
    endloop
  endfacet
  facet normal  0.000000e+000  9.455163e-001 -3.255746e-001
    outer loop
      vertex -1.776357e-015  6.323237e+000 -2.123845e+001
      vertex  6.000000e+000  6.244862e+000 -2.146606e+001
      vertex -1.776357e-015  6.244862e+000 -2.146606e+001
    endloop
  endfacet
  facet normal  0.000000e+000  9.960270e-001 -8.905127e-002
    outer loop
      vertex  0.000000e+000  3.448572e+000 -2.208840e+001
      vertex  6.000000e+000  3.448572e+000 -2.208840e+001
      vertex -1.776357e-015  3.416272e+000 -2.244968e+001
    endloop
  endfacet
  facet normal  0.000000e+000  9.960270e-001 -8.905127e-002
    outer loop
      vertex -1.776357e-015  3.416272e+000 -2.244968e+001
      vertex  6.000000e+000  3.448572e+000 -2.208840e+001
      vertex  6.000000e+000  3.416272e+000 -2.244968e+001
    endloop
  endfacet
  facet normal  1.070361e-007  4.534478e-001 -8.912828e-001
    outer loop
      vertex  6.000000e+000  3.769967e+000 -2.176352e+001
      vertex  6.000000e+000  3.555410e+000 -2.187268e+001
      vertex  0.000000e+000  3.769969e+000 -2.176352e+001
    endloop
  endfacet
  facet normal  0.000000e+000  4.534454e-001 -8.912840e-001
    outer loop
      vertex  0.000000e+000  3.769969e+000 -2.176352e+001
      vertex  6.000000e+000  3.555410e+000 -2.187268e+001
      vertex  0.000000e+000  3.555410e+000 -2.187268e+001
    endloop
  endfacet
  facet normal  0.000000e+000  8.961211e-001 -4.438097e-001
    outer loop
      vertex  6.000000e+000  3.555410e+000 -2.187268e+001
      vertex  6.000000e+000  3.448572e+000 -2.208840e+001
      vertex  0.000000e+000  3.555410e+000 -2.187268e+001
    endloop
  endfacet
  facet normal  0.000000e+000  8.961211e-001 -4.438097e-001
    outer loop
      vertex  0.000000e+000  3.555410e+000 -2.187268e+001
      vertex  6.000000e+000  3.448572e+000 -2.208840e+001
      vertex  0.000000e+000  3.448572e+000 -2.208840e+001
    endloop
  endfacet
  facet normal  0.000000e+000  9.764618e-001 -2.156901e-001
    outer loop
      vertex  0.000000e+000  5.956575e-001 -2.234805e+001
      vertex  6.000000e+000  5.956575e-001 -2.234805e+001
      vertex -1.776357e-015  5.174230e-001 -2.270223e+001
    endloop
  endfacet
  facet normal  0.000000e+000  9.764618e-001 -2.156901e-001
    outer loop
      vertex -1.776357e-015  5.174230e-001 -2.270223e+001
      vertex  6.000000e+000  5.956575e-001 -2.234805e+001
      vertex  6.000000e+000  5.174230e-001 -2.270223e+001
    endloop
  endfacet
  facet normal  7.608596e-008  3.357480e-001 -9.419519e-001
    outer loop
      vertex  6.000000e+000  9.559584e-001 -2.206694e+001
      vertex  6.000000e+000  7.292044e-001 -2.214776e+001
      vertex  0.000000e+000  9.559598e-001 -2.206694e+001
    endloop
  endfacet
  facet normal  0.000000e+000  3.357462e-001 -9.419526e-001
    outer loop
      vertex  0.000000e+000  9.559598e-001 -2.206694e+001
      vertex  6.000000e+000  7.292044e-001 -2.214776e+001
      vertex  0.000000e+000  7.292044e-001 -2.214776e+001
    endloop
  endfacet
  facet normal  0.000000e+000  8.320100e-001 -5.547605e-001
    outer loop
      vertex  6.000000e+000  7.292044e-001 -2.214776e+001
      vertex  6.000000e+000  5.956575e-001 -2.234805e+001
      vertex  0.000000e+000  7.292044e-001 -2.214776e+001
    endloop
  endfacet
  facet normal  0.000000e+000  8.320100e-001 -5.547605e-001
    outer loop
      vertex  0.000000e+000  7.292044e-001 -2.214776e+001
      vertex  6.000000e+000  5.956575e-001 -2.234805e+001
      vertex  0.000000e+000  5.956575e-001 -2.234805e+001
    endloop
  endfacet
  facet normal  0.000000e+000  9.408629e-001 -3.387873e-001
    outer loop
      vertex -1.776357e-015 -2.267038e+000 -2.224074e+001
      vertex  6.000000e+000 -2.267038e+000 -2.224074e+001
      vertex -1.776357e-015 -2.389922e+000 -2.258201e+001
    endloop
  endfacet
  facet normal  0.000000e+000  9.408629e-001 -3.387873e-001
    outer loop
      vertex -1.776357e-015 -2.389922e+000 -2.258201e+001
      vertex  6.000000e+000 -2.267038e+000 -2.224074e+001
      vertex  6.000000e+000 -2.389922e+000 -2.258201e+001
    endloop
  endfacet
  facet normal  4.642527e-008  2.125411e-001 -9.771522e-001
    outer loop
      vertex  6.000000e+000 -1.873747e+000 -2.200801e+001
      vertex  6.000000e+000 -2.108975e+000 -2.205918e+001
      vertex -1.776357e-015 -1.873746e+000 -2.200801e+001
    endloop
  endfacet
  facet normal  0.000000e+000  2.125399e-001 -9.771523e-001
    outer loop
      vertex -1.776357e-015 -1.873746e+000 -2.200801e+001
      vertex  6.000000e+000 -2.108975e+000 -2.205918e+001
      vertex -1.776357e-015 -2.108975e+000 -2.205918e+001
    endloop
  endfacet
  facet normal  0.000000e+000  7.542372e-001 -6.566021e-001
    outer loop
      vertex  6.000000e+000 -2.108975e+000 -2.205918e+001
      vertex  6.000000e+000 -2.267038e+000 -2.224074e+001
      vertex -1.776357e-015 -2.108975e+000 -2.205918e+001
    endloop
  endfacet
  facet normal  0.000000e+000  7.542372e-001 -6.566021e-001
    outer loop
      vertex -1.776357e-015 -2.108975e+000 -2.205918e+001
      vertex  6.000000e+000 -2.267038e+000 -2.224074e+001
      vertex -1.776357e-015 -2.267038e+000 -2.224074e+001
    endloop
  endfacet
  facet normal  0.000000e+000  8.898162e-001 -4.563190e-001
    outer loop
      vertex -1.776357e-015 -5.092509e+000 -2.176824e+001
      vertex  6.000000e+000 -5.092509e+000 -2.176824e+001
      vertex  0.000000e+000 -5.258024e+000 -2.209100e+001
    endloop
  endfacet
  facet normal  0.000000e+000  8.898162e-001 -4.563190e-001
    outer loop
      vertex  0.000000e+000 -5.258024e+000 -2.209100e+001
      vertex  6.000000e+000 -5.092509e+000 -2.176824e+001
      vertex  6.000000e+000 -5.258024e+000 -2.209100e+001
    endloop
  endfacet
  facet normal  1.354068e-008  8.584031e-002 -9.963090e-001
    outer loop
      vertex  6.000000e+000 -4.672686e+000 -2.158772e+001
      vertex  6.000000e+000 -4.912526e+000 -2.160838e+001
      vertex -1.776357e-015 -4.672685e+000 -2.158772e+001
    endloop
  endfacet
  facet normal  0.000000e+000  8.583997e-002 -9.963090e-001
    outer loop
      vertex -1.776357e-015 -4.672685e+000 -2.158772e+001
      vertex  6.000000e+000 -4.912526e+000 -2.160838e+001
      vertex -1.776357e-015 -4.912526e+000 -2.160838e+001
    endloop
  endfacet
  facet normal  0.000000e+000  6.640795e-001 -7.476619e-001
    outer loop
      vertex  6.000000e+000 -4.912526e+000 -2.160838e+001
      vertex  6.000000e+000 -5.092509e+000 -2.176824e+001
      vertex -1.776357e-015 -4.912526e+000 -2.160838e+001
    endloop
  endfacet
  facet normal  0.000000e+000  6.640795e-001 -7.476619e-001
    outer loop
      vertex -1.776357e-015 -4.912526e+000 -2.160838e+001
      vertex  6.000000e+000 -5.092509e+000 -2.176824e+001
      vertex -1.776357e-015 -5.092509e+000 -2.176824e+001
    endloop
  endfacet
  facet normal  0.000000e+000  8.241566e-001 -5.663618e-001
    outer loop
      vertex  0.000000e+000 -7.834361e+000 -2.093831e+001
      vertex  6.000000e+000 -7.834361e+000 -2.093831e+001
      vertex -1.776357e-015 -8.039789e+000 -2.123725e+001
    endloop
  endfacet
  facet normal  0.000000e+000  8.241566e-001 -5.663618e-001
    outer loop
      vertex -1.776357e-015 -8.039789e+000 -2.123725e+001
      vertex  6.000000e+000 -7.834361e+000 -2.093831e+001
      vertex  6.000000e+000 -8.039789e+000 -2.123725e+001
    endloop
  endfacet
  facet normal  3.075676e-007 -4.227055e-002 -9.991062e-001
    outer loop
      vertex  6.000000e+000 -7.394899e+000 -2.081295e+001
      vertex  6.000000e+000 -7.635412e+000 -2.080278e+001
      vertex  0.000000e+000 -7.394898e+000 -2.081295e+001
    endloop
  endfacet
  facet normal  0.000000e+000 -4.227821e-002 -9.991059e-001
    outer loop
      vertex  0.000000e+000 -7.394898e+000 -2.081295e+001
      vertex  6.000000e+000 -7.635412e+000 -2.080278e+001
      vertex  0.000000e+000 -7.635412e+000 -2.080278e+001
    endloop
  endfacet
  facet normal  0.000000e+000  5.630236e-001 -8.264409e-001
    outer loop
      vertex  6.000000e+000 -7.635412e+000 -2.080278e+001
      vertex  6.000000e+000 -7.834361e+000 -2.093831e+001
      vertex  0.000000e+000 -7.635412e+000 -2.080278e+001
    endloop
  endfacet
  facet normal  0.000000e+000  5.630236e-001 -8.264409e-001
    outer loop
      vertex  0.000000e+000 -7.635412e+000 -2.080278e+001
      vertex  6.000000e+000 -7.834361e+000 -2.093831e+001
      vertex  0.000000e+000 -7.834361e+000 -2.093831e+001
    endloop
  endfacet
  facet normal  0.000000e+000  7.449692e-001 -6.670989e-001
    outer loop
      vertex  0.000000e+000 -1.044757e+001 -1.976457e+001
      vertex  6.000000e+000 -1.044757e+001 -1.976457e+001
      vertex  0.000000e+000 -1.068954e+001 -2.003479e+001
    endloop
  endfacet
  facet normal  0.000000e+000  7.449692e-001 -6.670989e-001
    outer loop
      vertex  0.000000e+000 -1.068954e+001 -2.003479e+001
      vertex  6.000000e+000 -1.044757e+001 -1.976457e+001
      vertex  6.000000e+000 -1.068954e+001 -2.003479e+001
    endloop
  endfacet
  facet normal -2.708144e-008 -1.696844e-001 -9.854984e-001
    outer loop
      vertex  6.000000e+000 -9.995688e+000 -1.969644e+001
      vertex  6.000000e+000 -1.023293e+001 -1.965559e+001
      vertex  0.000000e+000 -9.995687e+000 -1.969644e+001
    endloop
  endfacet
  facet normal  0.000000e+000 -1.696838e-001 -9.854985e-001
    outer loop
      vertex  0.000000e+000 -9.995687e+000 -1.969644e+001
      vertex  6.000000e+000 -1.023293e+001 -1.965559e+001
      vertex  0.000000e+000 -1.023293e+001 -1.965559e+001
    endloop
  endfacet
  facet normal  0.000000e+000  4.527102e-001 -8.916577e-001
    outer loop
      vertex  6.000000e+000 -1.023293e+001 -1.965559e+001
      vertex  6.000000e+000 -1.044757e+001 -1.976457e+001
      vertex  0.000000e+000 -1.023293e+001 -1.965559e+001
    endloop
  endfacet
  facet normal  0.000000e+000  4.527102e-001 -8.916577e-001
    outer loop
      vertex  0.000000e+000 -1.023293e+001 -1.965559e+001
      vertex  6.000000e+000 -1.044757e+001 -1.976457e+001
      vertex  0.000000e+000 -1.044757e+001 -1.976457e+001
    endloop
  endfacet
  facet normal  0.000000e+000  6.535422e-001 -7.568901e-001
    outer loop
      vertex  0.000000e+000 -1.288924e+001 -1.826630e+001
      vertex  6.000000e+000 -1.288924e+001 -1.826630e+001
      vertex  0.000000e+000 -1.316377e+001 -1.850335e+001
    endloop
  endfacet
  facet normal  0.000000e+000  6.535422e-001 -7.568901e-001
    outer loop
      vertex  0.000000e+000 -1.316377e+001 -1.850335e+001
      vertex  6.000000e+000 -1.288924e+001 -1.826630e+001
      vertex  6.000000e+000 -1.316377e+001 -1.850335e+001
    endloop
  endfacet
  facet normal  2.102037e-007 -2.943175e-001 -9.557077e-001
    outer loop
      vertex  6.000000e+000 -1.243235e+001 -1.825651e+001
      vertex  6.000000e+000 -1.266241e+001 -1.818566e+001
      vertex  0.000000e+000 -1.243235e+001 -1.825651e+001
    endloop
  endfacet
  facet normal  0.000000e+000 -2.943225e-001 -9.557062e-001
    outer loop
      vertex  0.000000e+000 -1.243235e+001 -1.825651e+001
      vertex  6.000000e+000 -1.266241e+001 -1.818566e+001
      vertex  0.000000e+000 -1.266241e+001 -1.818566e+001
    endloop
  endfacet
  facet normal  0.000000e+000  3.349781e-001 -9.422259e-001
    outer loop
      vertex  6.000000e+000 -1.266241e+001 -1.818566e+001
      vertex  6.000000e+000 -1.288924e+001 -1.826630e+001
      vertex  0.000000e+000 -1.266241e+001 -1.818566e+001
    endloop
  endfacet
  facet normal  0.000000e+000  3.349781e-001 -9.422259e-001
    outer loop
      vertex  0.000000e+000 -1.266241e+001 -1.818566e+001
      vertex  6.000000e+000 -1.288924e+001 -1.826630e+001
      vertex  0.000000e+000 -1.288924e+001 -1.826630e+001
    endloop
  endfacet
  facet normal  0.000000e+000  5.513902e-001 -8.342475e-001
    outer loop
      vertex  0.000000e+000 -1.511926e+001 -1.646810e+001
      vertex  6.000000e+000 -1.511926e+001 -1.646810e+001
      vertex  0.000000e+000 -1.542185e+001 -1.666809e+001
    endloop
  endfacet
  facet normal  0.000000e+000  5.513902e-001 -8.342475e-001
    outer loop
      vertex  0.000000e+000 -1.542185e+001 -1.666809e+001
      vertex  6.000000e+000 -1.511926e+001 -1.646810e+001
      vertex  6.000000e+000 -1.542185e+001 -1.666809e+001
    endloop
  endfacet
  facet normal -6.576898e-008 -4.141154e-001 -9.102244e-001
    outer loop
      vertex  6.000000e+000 -1.466487e+001 -1.651681e+001
      vertex  6.000000e+000 -1.488399e+001 -1.641712e+001
      vertex  0.000000e+000 -1.466487e+001 -1.651681e+001
    endloop
  endfacet
  facet normal  0.000000e+000 -4.141139e-001 -9.102250e-001
    outer loop
      vertex  0.000000e+000 -1.466487e+001 -1.651681e+001
      vertex  6.000000e+000 -1.488399e+001 -1.641712e+001
      vertex  0.000000e+000 -1.488399e+001 -1.641712e+001
    endloop
  endfacet
  facet normal  0.000000e+000  2.117403e-001 -9.773260e-001
    outer loop
      vertex  6.000000e+000 -1.488399e+001 -1.641712e+001
      vertex  6.000000e+000 -1.511926e+001 -1.646810e+001
      vertex  0.000000e+000 -1.488399e+001 -1.641712e+001
    endloop
  endfacet
  facet normal  0.000000e+000  2.117403e-001 -9.773260e-001
    outer loop
      vertex  0.000000e+000 -1.488399e+001 -1.641712e+001
      vertex  6.000000e+000 -1.511926e+001 -1.646810e+001
      vertex  0.000000e+000 -1.511926e+001 -1.646810e+001
    endloop
  endfacet
  facet normal  0.000000e+000  4.401808e-001 -8.979092e-001
    outer loop
      vertex -1.776357e-015 -1.710102e+001 -1.439948e+001
      vertex  6.000000e+000 -1.710102e+001 -1.439948e+001
      vertex  0.000000e+000 -1.742671e+001 -1.455915e+001
    endloop
  endfacet
  facet normal  0.000000e+000  4.401808e-001 -8.979092e-001
    outer loop
      vertex  0.000000e+000 -1.742671e+001 -1.455915e+001
      vertex  6.000000e+000 -1.710102e+001 -1.439948e+001
      vertex  6.000000e+000 -1.742671e+001 -1.455915e+001
    endloop
  endfacet
  facet normal -3.223970e-008 -5.271086e-001 -8.497980e-001
    outer loop
      vertex  6.000000e+000 -1.665660e+001 -1.450591e+001
      vertex  6.000000e+000 -1.686117e+001 -1.437902e+001
      vertex -1.776357e-015 -1.665659e+001 -1.450591e+001
    endloop
  endfacet
  facet normal  0.000000e+000 -5.271079e-001 -8.497983e-001
    outer loop
      vertex -1.776357e-015 -1.665659e+001 -1.450591e+001
      vertex  6.000000e+000 -1.686117e+001 -1.437902e+001
      vertex -1.776357e-015 -1.686117e+001 -1.437902e+001
    endloop
  endfacet
  facet normal  0.000000e+000  8.502033e-002 -9.963793e-001
    outer loop
      vertex  6.000000e+000 -1.686117e+001 -1.437902e+001
      vertex  6.000000e+000 -1.710102e+001 -1.439948e+001
      vertex -1.776357e-015 -1.686117e+001 -1.437902e+001
    endloop
  endfacet
  facet normal  0.000000e+000  8.502033e-002 -9.963793e-001
    outer loop
      vertex -1.776357e-015 -1.686117e+001 -1.437902e+001
      vertex  6.000000e+000 -1.710102e+001 -1.439948e+001
      vertex -1.776357e-015 -1.710102e+001 -1.439948e+001
    endloop
  endfacet
  facet normal  0.000000e+000  3.217470e-001 -9.468256e-001
    outer loop
      vertex  0.000000e+000 -1.880199e+001 -1.209443e+001
      vertex  6.000000e+000 -1.880199e+001 -1.209443e+001
      vertex -1.776357e-015 -1.914542e+001 -1.221114e+001
    endloop
  endfacet
  facet normal  0.000000e+000  3.217470e-001 -9.468256e-001
    outer loop
      vertex -1.776357e-015 -1.914542e+001 -1.221114e+001
      vertex  6.000000e+000 -1.880199e+001 -1.209443e+001
      vertex  6.000000e+000 -1.914542e+001 -1.221114e+001
    endloop
  endfacet
  facet normal  1.225111e-007 -6.314507e-001 -7.754160e-001
    outer loop
      vertex  6.000000e+000 -1.837482e+001 -1.225682e+001
      vertex  6.000000e+000 -1.856148e+001 -1.210481e+001
      vertex  0.000000e+000 -1.837482e+001 -1.225682e+001
    endloop
  endfacet
  facet normal  0.000000e+000 -6.314531e-001 -7.754141e-001
    outer loop
      vertex  0.000000e+000 -1.837482e+001 -1.225682e+001
      vertex  6.000000e+000 -1.856148e+001 -1.210481e+001
      vertex  0.000000e+000 -1.856148e+001 -1.210481e+001
    endloop
  endfacet
  facet normal  0.000000e+000 -4.309442e-002 -9.990710e-001
    outer loop
      vertex  6.000000e+000 -1.856148e+001 -1.210481e+001
      vertex  6.000000e+000 -1.880199e+001 -1.209443e+001
      vertex  0.000000e+000 -1.856148e+001 -1.210481e+001
    endloop
  endfacet
  facet normal  0.000000e+000 -4.309442e-002 -9.990710e-001
    outer loop
      vertex  0.000000e+000 -1.856148e+001 -1.210481e+001
      vertex  6.000000e+000 -1.880199e+001 -1.209443e+001
      vertex  0.000000e+000 -1.880199e+001 -1.209443e+001
    endloop
  endfacet
  facet normal  0.000000e+000  1.980265e-001 -9.801967e-001
    outer loop
      vertex  0.000000e+000 -2.019423e+001 -9.590795e+000
      vertex  6.000000e+000 -2.019423e+001 -9.590795e+000
      vertex  0.000000e+000 -2.054976e+001 -9.662622e+000
    endloop
  endfacet
  facet normal  0.000000e+000  1.980265e-001 -9.801967e-001
    outer loop
      vertex  0.000000e+000 -2.054976e+001 -9.662622e+000
      vertex  6.000000e+000 -2.019423e+001 -9.590795e+000
      vertex  6.000000e+000 -2.054976e+001 -9.662622e+000
    endloop
  endfacet
  facet normal  1.096153e-007 -7.254253e-001 -6.883009e-001
    outer loop
      vertex  6.000000e+000 -1.979133e+001 -9.806469e+000
      vertex  6.000000e+000 -1.995702e+001 -9.631839e+000
      vertex  0.000000e+000 -1.979133e+001 -9.806470e+000
    endloop
  endfacet
  facet normal  0.000000e+000 -7.254272e-001 -6.882989e-001
    outer loop
      vertex  0.000000e+000 -1.979133e+001 -9.806470e+000
      vertex  6.000000e+000 -1.995702e+001 -9.631839e+000
      vertex  0.000000e+000 -1.995702e+001 -9.631839e+000
    endloop
  endfacet
  facet normal  0.000000e+000 -1.705001e-001 -9.853576e-001
    outer loop
      vertex  6.000000e+000 -1.995702e+001 -9.631839e+000
      vertex  6.000000e+000 -2.019423e+001 -9.590795e+000
      vertex  0.000000e+000 -1.995702e+001 -9.631839e+000
    endloop
  endfacet
  facet normal  0.000000e+000 -1.705001e-001 -9.853576e-001
    outer loop
      vertex  0.000000e+000 -1.995702e+001 -9.631839e+000
      vertex  6.000000e+000 -2.019423e+001 -9.590795e+000
      vertex  0.000000e+000 -2.019423e+001 -9.590795e+000
    endloop
  endfacet
  facet normal  0.000000e+000  7.105535e-002 -9.974724e-001
    outer loop
      vertex -1.776357e-015 -2.125488e+001 -6.929674e+000
      vertex  6.000000e+000 -2.125488e+001 -6.929674e+000
      vertex -1.776357e-015 -2.161668e+001 -6.955447e+000
    endloop
  endfacet
  facet normal  0.000000e+000  7.105535e-002 -9.974724e-001
    outer loop
      vertex -1.776357e-015 -2.161668e+001 -6.955447e+000
      vertex  6.000000e+000 -2.125488e+001 -6.929674e+000
      vertex  6.000000e+000 -2.161668e+001 -6.955447e+000
    endloop
  endfacet
  facet normal  9.414006e-008 -8.074871e-001 -5.898852e-001
    outer loop
      vertex  6.000000e+000 -2.088287e+001 -7.195099e+000
      vertex  6.000000e+000 -2.102487e+001 -7.000714e+000
      vertex -1.776357e-015 -2.088287e+001 -7.195100e+000
    endloop
  endfacet
  facet normal  0.000000e+000 -8.074885e-001 -5.898833e-001
    outer loop
      vertex -1.776357e-015 -2.088287e+001 -7.195100e+000
      vertex  6.000000e+000 -2.102487e+001 -7.000714e+000
      vertex -1.776357e-015 -2.102487e+001 -7.000714e+000
    endloop
  endfacet
  facet normal  0.000000e+000 -2.951036e-001 -9.554653e-001
    outer loop
      vertex  6.000000e+000 -2.102487e+001 -7.000714e+000
      vertex  6.000000e+000 -2.125488e+001 -6.929674e+000
      vertex -1.776357e-015 -2.102487e+001 -7.000714e+000
    endloop
  endfacet
  facet normal  0.000000e+000 -2.951036e-001 -9.554653e-001
    outer loop
      vertex -1.776357e-015 -2.102487e+001 -7.000714e+000
      vertex  6.000000e+000 -2.125488e+001 -6.929674e+000
      vertex -1.776357e-015 -2.125488e+001 -6.929674e+000
    endloop
  endfacet
  facet normal  -0.000000e+000 -5.708109e-002 -9.983695e-001
    outer loop
      vertex  0.000000e+000 -2.196652e+001 -4.154768e+000
      vertex  6.000000e+000 -2.196652e+001 -4.154768e+000
      vertex  0.000000e+000 -2.232865e+001 -4.134064e+000
    endloop
  endfacet
  facet normal  0.000000e+000 -5.708109e-002 -9.983695e-001
    outer loop
      vertex  0.000000e+000 -2.232865e+001 -4.134064e+000
      vertex  6.000000e+000 -2.196652e+001 -4.154768e+000
      vertex  6.000000e+000 -2.232865e+001 -4.134064e+000
    endloop
  endfacet
  facet normal  1.147734e-007 -8.762878e-001 -4.817880e-001
    outer loop
      vertex  6.000000e+000 -2.163151e+001 -4.465585e+000
      vertex  6.000000e+000 -2.174749e+001 -4.254638e+000
      vertex  0.000000e+000 -2.163151e+001 -4.465587e+000
    endloop
  endfacet
  facet normal  0.000000e+000 -8.762892e-001 -4.817855e-001
    outer loop
      vertex  0.000000e+000 -2.163151e+001 -4.465587e+000
      vertex  6.000000e+000 -2.174749e+001 -4.254638e+000
      vertex  0.000000e+000 -2.174749e+001 -4.254638e+000
    endloop
  endfacet
  facet normal  0.000000e+000 -4.148639e-001 -9.098835e-001
    outer loop
      vertex  6.000000e+000 -2.174749e+001 -4.254638e+000
      vertex  6.000000e+000 -2.196652e+001 -4.154768e+000
      vertex  0.000000e+000 -2.174749e+001 -4.254638e+000
    endloop
  endfacet
  facet normal  0.000000e+000 -4.148639e-001 -9.098835e-001
    outer loop
      vertex  0.000000e+000 -2.174749e+001 -4.254638e+000
      vertex  6.000000e+000 -2.196652e+001 -4.154768e+000
      vertex  0.000000e+000 -2.196652e+001 -4.154768e+000
    endloop
  endfacet
  facet normal  -0.000000e+000 -1.842812e-001 -9.828736e-001
    outer loop
      vertex -1.776357e-015 -2.231747e+001 -1.311642e+000
      vertex  6.000000e+000 -2.231747e+001 -1.311642e+000
      vertex -1.776357e-015 -2.267398e+001 -1.244799e+000
    endloop
  endfacet
  facet normal  0.000000e+000 -1.842812e-001 -9.828736e-001
    outer loop
      vertex -1.776357e-015 -2.267398e+001 -1.244799e+000
      vertex  6.000000e+000 -2.231747e+001 -1.311642e+000
      vertex  6.000000e+000 -2.267398e+001 -1.244799e+000
    endloop
  endfacet
  facet normal  8.769193e-008 -9.307030e-001 -3.657756e-001
    outer loop
      vertex  6.000000e+000 -2.202496e+001 -1.662747e+000
      vertex  6.000000e+000 -2.211301e+001 -1.438700e+000
      vertex -1.776357e-015 -2.202496e+001 -1.662749e+000
    endloop
  endfacet
  facet normal  0.000000e+000 -9.307039e-001 -3.657736e-001
    outer loop
      vertex -1.776357e-015 -2.202496e+001 -1.662749e+000
      vertex  6.000000e+000 -2.211301e+001 -1.438700e+000
      vertex -1.776357e-015 -2.211301e+001 -1.438700e+000
    endloop
  endfacet
  facet normal  0.000000e+000 -5.278125e-001 -8.493609e-001
    outer loop
      vertex  6.000000e+000 -2.211301e+001 -1.438700e+000
      vertex  6.000000e+000 -2.231747e+001 -1.311642e+000
      vertex -1.776357e-015 -2.211301e+001 -1.438700e+000
    endloop
  endfacet
  facet normal  0.000000e+000 -5.278125e-001 -8.493609e-001
    outer loop
      vertex -1.776357e-015 -2.211301e+001 -1.438700e+000
      vertex  6.000000e+000 -2.231747e+001 -1.311642e+000
      vertex -1.776357e-015 -2.231747e+001 -1.311642e+000
    endloop
  endfacet
  facet normal  -0.000000e+000 -3.084567e-001 -9.512384e-001
    outer loop
      vertex -1.776357e-015 -2.230198e+001  1.553022e+000
      vertex  6.000000e+000 -2.230198e+001  1.553022e+000
      vertex -1.776357e-015 -2.264701e+001  1.664905e+000
    endloop
  endfacet
  facet normal  0.000000e+000 -3.084567e-001 -9.512384e-001
    outer loop
      vertex -1.776357e-015 -2.264701e+001  1.664905e+000
      vertex  6.000000e+000 -2.230198e+001  1.553022e+000
      vertex  6.000000e+000 -2.264701e+001  1.664905e+000
    endloop
  endfacet
  facet normal  5.803158e-008 -9.698378e-001 -2.437507e-001
    outer loop
      vertex  6.000000e+000 -2.205676e+001  1.167393e+000
      vertex  6.000000e+000 -2.211544e+001  1.400860e+000
      vertex -1.776357e-015 -2.205676e+001  1.167392e+000
    endloop
  endfacet
  facet normal  0.000000e+000 -9.698383e-001 -2.437493e-001
    outer loop
      vertex -1.776357e-015 -2.205676e+001  1.167392e+000
      vertex  6.000000e+000 -2.211544e+001  1.400860e+000
      vertex -1.776357e-015 -2.211544e+001  1.400860e+000
    endloop
  endfacet
  facet normal  0.000000e+000 -6.320871e-001 -7.748973e-001
    outer loop
      vertex  6.000000e+000 -2.211544e+001  1.400860e+000
      vertex  6.000000e+000 -2.230198e+001  1.553022e+000
      vertex -1.776357e-015 -2.211544e+001  1.400860e+000
    endloop
  endfacet
  facet normal  0.000000e+000 -6.320871e-001 -7.748973e-001
    outer loop
      vertex -1.776357e-015 -2.211544e+001  1.400860e+000
      vertex  6.000000e+000 -2.230198e+001  1.553022e+000
      vertex -1.776357e-015 -2.230198e+001  1.553022e+000
    endloop
  endfacet
  facet normal  -0.000000e+000 -4.275642e-001 -9.039850e-001
    outer loop
      vertex  0.000000e+000 -2.192028e+001  4.392186e+000
      vertex  6.000000e+000 -2.192028e+001  4.392186e+000
      vertex  0.000000e+000 -2.224817e+001  4.547271e+000
    endloop
  endfacet
  facet normal  0.000000e+000 -4.275642e-001 -9.039850e-001
    outer loop
      vertex  0.000000e+000 -2.224817e+001  4.547271e+000
      vertex  6.000000e+000 -2.192028e+001  4.392186e+000
      vertex  6.000000e+000 -2.224817e+001  4.547271e+000
    endloop
  endfacet
  facet normal  2.804861e-008 -9.930454e-001 -1.177315e-001
    outer loop
      vertex  6.000000e+000 -2.172639e+001  3.978365e+000
      vertex  6.000000e+000 -2.175473e+001  4.217419e+000
      vertex  0.000000e+000 -2.172639e+001  3.978363e+000
    endloop
  endfacet
  facet normal  0.000000e+000 -9.930455e-001 -1.177308e-001
    outer loop
      vertex  0.000000e+000 -2.172639e+001  3.978363e+000
      vertex  6.000000e+000 -2.175473e+001  4.217419e+000
      vertex  0.000000e+000 -2.175473e+001  4.217419e+000
    endloop
  endfacet
  facet normal  0.000000e+000 -7.259951e-001 -6.876999e-001
    outer loop
      vertex  6.000000e+000 -2.175473e+001  4.217419e+000
      vertex  6.000000e+000 -2.192028e+001  4.392186e+000
      vertex  0.000000e+000 -2.175473e+001  4.217419e+000
    endloop
  endfacet
  facet normal  0.000000e+000 -7.259951e-001 -6.876999e-001
    outer loop
      vertex  0.000000e+000 -2.175473e+001  4.217419e+000
      vertex  6.000000e+000 -2.192028e+001  4.392186e+000
      vertex  0.000000e+000 -2.192028e+001  4.392186e+000
    endloop
  endfacet
  facet normal  -0.000000e+000 -5.396551e-001 -8.418862e-001
    outer loop
      vertex  0.000000e+000 -2.117866e+001  7.159229e+000
      vertex  6.000000e+000 -2.117866e+001  7.159229e+000
      vertex  0.000000e+000 -2.148402e+001  7.354971e+000
    endloop
  endfacet
  facet normal  0.000000e+000 -5.396551e-001 -8.418862e-001
    outer loop
      vertex  0.000000e+000 -2.148402e+001  7.354971e+000
      vertex  6.000000e+000 -2.117866e+001  7.159229e+000
      vertex  6.000000e+000 -2.148402e+001  7.354971e+000
    endloop
  endfacet
  facet normal -2.458283e-009 -9.999477e-001  1.022891e-002
    outer loop
      vertex  6.000000e+000 -2.103928e+001  6.724012e+000
      vertex  6.000000e+000 -2.103682e+001  6.964727e+000
      vertex  0.000000e+000 -2.103928e+001  6.724010e+000
    endloop
  endfacet
  facet normal  0.000000e+000 -9.999477e-001  1.022885e-002
    outer loop
      vertex  0.000000e+000 -2.103928e+001  6.724010e+000
      vertex  6.000000e+000 -2.103682e+001  6.964727e+000
      vertex  0.000000e+000 -2.103682e+001  6.964727e+000
    endloop
  endfacet
  facet normal  0.000000e+000 -8.079728e-001 -5.892199e-001
    outer loop
      vertex  6.000000e+000 -2.103682e+001  6.964727e+000
      vertex  6.000000e+000 -2.117866e+001  7.159229e+000
      vertex  0.000000e+000 -2.103682e+001  6.964727e+000
    endloop
  endfacet
  facet normal  0.000000e+000 -8.079728e-001 -5.892199e-001
    outer loop
      vertex  0.000000e+000 -2.103682e+001  6.964727e+000
      vertex  6.000000e+000 -2.117866e+001  7.159229e+000
      vertex  0.000000e+000 -2.117866e+001  7.159229e+000
    endloop
  endfacet
  facet normal  -0.000000e+000 -6.428809e-001 -7.659662e-001
    outer loop
      vertex -1.776357e-015 -2.008928e+001  9.808719e+000
      vertex  6.000000e+000 -2.008928e+001  9.808719e+000
      vertex -1.776357e-015 -2.036711e+001  1.004190e+001
    endloop
  endfacet
  facet normal  0.000000e+000 -6.428809e-001 -7.659662e-001
    outer loop
      vertex -1.776357e-015 -2.036711e+001  1.004190e+001
      vertex  6.000000e+000 -2.008928e+001  9.808719e+000
      vertex  6.000000e+000 -2.036711e+001  1.004190e+001
    endloop
  endfacet
  facet normal -2.192306e-008 -9.904301e-001  1.380151e-001
    outer loop
      vertex  6.000000e+000 -2.000670e+001  9.359251e+000
      vertex  6.000000e+000 -1.997347e+001  9.597675e+000
      vertex -1.776357e-015 -2.000670e+001  9.359250e+000
    endloop
  endfacet
  facet normal  0.000000e+000 -9.904302e-001  1.380146e-001
    outer loop
      vertex -1.776357e-015 -2.000670e+001  9.359250e+000
      vertex  6.000000e+000 -1.997347e+001  9.597675e+000
      vertex -1.776357e-015 -1.997347e+001  9.597675e+000
    endloop
  endfacet
  facet normal  0.000000e+000 -8.766877e-001 -4.810601e-001
    outer loop
      vertex  6.000000e+000 -1.997347e+001  9.597675e+000
      vertex  6.000000e+000 -2.008928e+001  9.808719e+000
      vertex -1.776357e-015 -1.997347e+001  9.597675e+000
    endloop
  endfacet
  facet normal  0.000000e+000 -8.766877e-001 -4.810601e-001
    outer loop
      vertex -1.776357e-015 -1.997347e+001  9.597675e+000
      vertex  6.000000e+000 -2.008928e+001  9.808719e+000
      vertex -1.776357e-015 -2.008928e+001  9.808719e+000
    endloop
  endfacet
  facet normal  -0.000000e+000 -7.355554e-001 -6.774645e-001
    outer loop
      vertex  0.000000e+000 -1.867004e+001  1.229715e+001
      vertex  6.000000e+000 -1.867004e+001  1.229715e+001
      vertex  0.000000e+000 -1.891576e+001  1.256395e+001
    endloop
  endfacet
  facet normal  0.000000e+000 -7.355554e-001 -6.774645e-001
    outer loop
      vertex  0.000000e+000 -1.891576e+001  1.256395e+001
      vertex  6.000000e+000 -1.867004e+001  1.229715e+001
      vertex  6.000000e+000 -1.891576e+001  1.256395e+001
    endloop
  endfacet
  facet normal -4.191164e-008 -9.646499e-001  2.635347e-001
    outer loop
      vertex  6.000000e+000 -1.864561e+001  1.184081e+001
      vertex  6.000000e+000 -1.858217e+001  1.207303e+001
      vertex  0.000000e+000 -1.864561e+001  1.184081e+001
    endloop
  endfacet
  facet normal  0.000000e+000 -9.646502e-001  2.635337e-001
    outer loop
      vertex  0.000000e+000 -1.864561e+001  1.184081e+001
      vertex  6.000000e+000 -1.858217e+001  1.207303e+001
      vertex  0.000000e+000 -1.858217e+001  1.207303e+001
    endloop
  endfacet
  facet normal  0.000000e+000 -9.310050e-001 -3.650065e-001
    outer loop
      vertex  6.000000e+000 -1.858217e+001  1.207303e+001
      vertex  6.000000e+000 -1.867004e+001  1.229715e+001
      vertex  0.000000e+000 -1.858217e+001  1.207303e+001
    endloop
  endfacet
  facet normal  0.000000e+000 -9.310050e-001 -3.650065e-001
    outer loop
      vertex  0.000000e+000 -1.858217e+001  1.207303e+001
      vertex  6.000000e+000 -1.867004e+001  1.229715e+001
      vertex  0.000000e+000 -1.867004e+001  1.229715e+001
    endloop
  endfacet
  facet normal  -0.000000e+000 -8.161491e-001 -5.778415e-001
    outer loop
      vertex  0.000000e+000 -1.694423e+001  1.458366e+001
      vertex  6.000000e+000 -1.694423e+001  1.458366e+001
      vertex  0.000000e+000 -1.715382e+001  1.487969e+001
    endloop
  endfacet
  facet normal  0.000000e+000 -8.161491e-001 -5.778415e-001
    outer loop
      vertex  0.000000e+000 -1.715382e+001  1.487969e+001
      vertex  6.000000e+000 -1.694423e+001  1.458366e+001
      vertex  6.000000e+000 -1.715382e+001  1.487969e+001
    endloop
  endfacet
  facet normal -6.190031e-008 -9.230297e-001  3.847287e-001
    outer loop
      vertex  6.000000e+000 -1.697836e+001  1.412795e+001
      vertex  6.000000e+000 -1.688574e+001  1.435015e+001
      vertex  0.000000e+000 -1.697836e+001  1.412794e+001
    endloop
  endfacet
  facet normal  0.000000e+000 -9.230303e-001  3.847274e-001
    outer loop
      vertex  0.000000e+000 -1.697836e+001  1.412794e+001
      vertex  6.000000e+000 -1.688574e+001  1.435015e+001
      vertex  0.000000e+000 -1.688574e+001  1.435015e+001
    endloop
  endfacet
  facet normal  0.000000e+000 -9.700369e-001 -2.429579e-001
    outer loop
      vertex  6.000000e+000 -1.688574e+001  1.435015e+001
      vertex  6.000000e+000 -1.694423e+001  1.458366e+001
      vertex  0.000000e+000 -1.688574e+001  1.435015e+001
    endloop
  endfacet
  facet normal  0.000000e+000 -9.700369e-001 -2.429579e-001
    outer loop
      vertex  0.000000e+000 -1.688574e+001  1.435015e+001
      vertex  6.000000e+000 -1.694423e+001  1.458366e+001
      vertex  0.000000e+000 -1.694423e+001  1.458366e+001
    endloop
  endfacet
  facet normal  -0.000000e+000 -8.833400e-001 -4.687328e-001
    outer loop
      vertex  0.000000e+000 -1.494020e+001  1.663071e+001
      vertex  6.000000e+000 -1.494020e+001  1.663071e+001
      vertex  0.000000e+000 -1.511022e+001  1.695111e+001
    endloop
  endfacet
  facet normal  0.000000e+000 -8.833400e-001 -4.687328e-001
    outer loop
      vertex  0.000000e+000 -1.511022e+001  1.695111e+001
      vertex  6.000000e+000 -1.494020e+001  1.663071e+001
      vertex  6.000000e+000 -1.511022e+001  1.695111e+001
    endloop
  endfacet
  facet normal  1.379859e-007 -8.662544e-001  4.996031e-001
    outer loop
      vertex  6.000000e+000 -1.503233e+001  1.618310e+001
      vertex  6.000000e+000 -1.491206e+001  1.639163e+001
      vertex  0.000000e+000 -1.503233e+001  1.618310e+001
    endloop
  endfacet
  facet normal  0.000000e+000 -8.662527e-001  4.996061e-001
    outer loop
      vertex  0.000000e+000 -1.503233e+001  1.618310e+001
      vertex  6.000000e+000 -1.491206e+001  1.639163e+001
      vertex  0.000000e+000 -1.491206e+001  1.639163e+001
    endloop
  endfacet
  facet normal  0.000000e+000 -9.931422e-001 -1.169118e-001
    outer loop
      vertex  6.000000e+000 -1.491206e+001  1.639163e+001
      vertex  6.000000e+000 -1.494020e+001  1.663071e+001
      vertex  0.000000e+000 -1.491206e+001  1.639163e+001
    endloop
  endfacet
  facet normal  0.000000e+000 -9.931422e-001 -1.169118e-001
    outer loop
      vertex  0.000000e+000 -1.491206e+001  1.639163e+001
      vertex  6.000000e+000 -1.494020e+001  1.663071e+001
      vertex  0.000000e+000 -1.494020e+001  1.663071e+001
    endloop
  endfacet
  facet normal  -0.000000e+000 -9.360273e-001 -3.519272e-001
    outer loop
      vertex  0.000000e+000 -1.269085e+001  1.840468e+001
      vertex  6.000000e+000 -1.269085e+001  1.840468e+001
      vertex  0.000000e+000 -1.281850e+001  1.874420e+001
    endloop
  endfacet
  facet normal  0.000000e+000 -9.360273e-001 -3.519272e-001
    outer loop
      vertex  0.000000e+000 -1.281850e+001  1.874420e+001
      vertex  6.000000e+000 -1.269085e+001  1.840468e+001
      vertex  6.000000e+000 -1.281850e+001  1.874420e+001
    endloop
  endfacet
  facet normal -6.705866e-008 -7.952555e-001  6.062744e-001
    outer loop
      vertex  6.000000e+000 -1.283946e+001  1.797253e+001
      vertex  6.000000e+000 -1.269351e+001  1.816397e+001
      vertex  0.000000e+000 -1.283946e+001  1.797253e+001
    endloop
  endfacet
  facet normal  0.000000e+000 -7.952566e-001  6.062731e-001
    outer loop
      vertex  0.000000e+000 -1.283946e+001  1.797253e+001
      vertex  6.000000e+000 -1.269351e+001  1.816397e+001
      vertex  0.000000e+000 -1.269351e+001  1.816397e+001
    endloop
  endfacet
  facet normal  0.000000e+000 -9.999389e-001  1.104898e-002
    outer loop
      vertex  6.000000e+000 -1.269351e+001  1.816397e+001
      vertex  6.000000e+000 -1.269085e+001  1.840468e+001
      vertex  0.000000e+000 -1.269351e+001  1.816397e+001
    endloop
  endfacet
  facet normal  0.000000e+000 -9.999389e-001  1.104898e-002
    outer loop
      vertex  0.000000e+000 -1.269351e+001  1.816397e+001
      vertex  6.000000e+000 -1.269085e+001  1.840468e+001
      vertex  0.000000e+000 -1.269085e+001  1.840468e+001
    endloop
  endfacet
  facet normal  -0.000000e+000 -9.733461e-001 -2.293411e-001
    outer loop
      vertex -1.776357e-015 -1.023312e+001  1.987645e+001
      vertex  6.000000e+000 -1.023312e+001  1.987645e+001
      vertex -1.776357e-015 -1.031631e+001  2.022950e+001
    endloop
  endfacet
  facet normal  0.000000e+000 -9.733461e-001 -2.293411e-001
    outer loop
      vertex -1.776357e-015 -1.031631e+001  2.022950e+001
      vertex  6.000000e+000 -1.023312e+001  1.987645e+001
      vertex  6.000000e+000 -1.031631e+001  2.022950e+001
    endloop
  endfacet
  facet normal -1.109046e-007 -7.111972e-001  7.029927e-001
    outer loop
      vertex  6.000000e+000 -1.043577e+001  1.946685e+001
      vertex  6.000000e+000 -1.026654e+001  1.963805e+001
      vertex -1.776357e-015 -1.043577e+001  1.946685e+001
    endloop
  endfacet
  facet normal  0.000000e+000 -7.111991e-001  7.029907e-001
    outer loop
      vertex -1.776357e-015 -1.043577e+001  1.946685e+001
      vertex  6.000000e+000 -1.026654e+001  1.963805e+001
      vertex -1.776357e-015 -1.026654e+001  1.963805e+001
    endloop
  endfacet
  facet normal  0.000000e+000 -9.903165e-001  1.388280e-001
    outer loop
      vertex  6.000000e+000 -1.026654e+001  1.963805e+001
      vertex  6.000000e+000 -1.023312e+001  1.987645e+001
      vertex -1.776357e-015 -1.026654e+001  1.963805e+001
    endloop
  endfacet
  facet normal  0.000000e+000 -9.903165e-001  1.388280e-001
    outer loop
      vertex -1.776357e-015 -1.026654e+001  1.963805e+001
      vertex  6.000000e+000 -1.023312e+001  1.987645e+001
      vertex -1.776357e-015 -1.023312e+001  1.987645e+001
    endloop
  endfacet
  facet normal  -0.000000e+000 -9.946823e-001 -1.029904e-001
    outer loop
      vertex  0.000000e+000 -7.607366e+000  2.102185e+001
      vertex  6.000000e+000 -7.607366e+000  2.102185e+001
      vertex -1.776357e-015 -7.644722e+000  2.138264e+001
    endloop
  endfacet
  facet normal  0.000000e+000 -9.946823e-001 -1.029904e-001
    outer loop
      vertex -1.776357e-015 -7.644722e+000  2.138264e+001
      vertex  6.000000e+000 -7.607366e+000  2.102185e+001
      vertex  6.000000e+000 -7.644722e+000  2.138264e+001
    endloop
  endfacet
  facet normal  1.470128e-007 -6.154677e-001  7.881622e-001
    outer loop
      vertex  6.000000e+000 -7.860731e+000  2.064152e+001
      vertex  6.000000e+000 -7.670997e+000  2.078968e+001
      vertex  0.000000e+000 -7.860732e+000  2.064152e+001
    endloop
  endfacet
  facet normal  0.000000e+000 -6.154648e-001  7.881644e-001
    outer loop
      vertex  0.000000e+000 -7.860732e+000  2.064152e+001
      vertex  6.000000e+000 -7.670997e+000  2.078968e+001
      vertex  0.000000e+000 -7.670997e+000  2.078968e+001
    endloop
  endfacet
  facet normal  0.000000e+000 -9.644331e-001  2.643273e-001
    outer loop
      vertex  6.000000e+000 -7.670997e+000  2.078968e+001
      vertex  6.000000e+000 -7.607366e+000  2.102185e+001
      vertex  0.000000e+000 -7.670997e+000  2.078968e+001
    endloop
  endfacet
  facet normal  0.000000e+000 -9.644331e-001  2.643273e-001
    outer loop
      vertex  0.000000e+000 -7.670997e+000  2.078968e+001
      vertex  6.000000e+000 -7.607366e+000  2.102185e+001
      vertex  0.000000e+000 -7.607366e+000  2.102185e+001
    endloop
  endfacet
  facet normal  0.000000e+000 -9.996861e-001  2.505407e-002
    outer loop
      vertex  0.000000e+000 -4.856696e+000  2.182207e+001
      vertex  6.000000e+000 -4.856696e+000  2.182207e+001
      vertex -1.776357e-015 -4.847608e+000  2.218467e+001
    endloop
  endfacet
  facet normal  0.000000e+000 -9.996861e-001  2.505407e-002
    outer loop
      vertex -1.776357e-015 -4.847608e+000  2.218467e+001
      vertex  6.000000e+000 -4.856696e+000  2.182207e+001
      vertex  6.000000e+000 -4.847608e+000  2.218467e+001
    endloop
  endfacet
  facet normal -1.521724e-007 -5.096176e-001  8.604010e-001
    outer loop
      vertex  6.000000e+000 -5.156615e+000  2.147726e+001
      vertex  6.000000e+000 -4.949493e+000  2.159994e+001
      vertex  0.000000e+000 -5.156616e+000  2.147726e+001
    endloop
  endfacet
  facet normal  0.000000e+000 -5.096208e-001  8.603991e-001
    outer loop
      vertex  0.000000e+000 -5.156616e+000  2.147726e+001
      vertex  6.000000e+000 -4.949493e+000  2.159994e+001
      vertex  0.000000e+000 -4.949493e+000  2.159994e+001
    endloop
  endfacet
  facet normal  0.000000e+000 -9.227144e-001  3.854844e-001
    outer loop
      vertex  6.000000e+000 -4.949493e+000  2.159994e+001
      vertex  6.000000e+000 -4.856696e+000  2.182207e+001
      vertex  0.000000e+000 -4.949493e+000  2.159994e+001
    endloop
  endfacet
  facet normal  0.000000e+000 -9.227144e-001  3.854844e-001
    outer loop
      vertex  0.000000e+000 -4.949493e+000  2.159994e+001
      vertex  6.000000e+000 -4.856696e+000  2.182207e+001
      vertex  0.000000e+000 -4.856696e+000  2.182207e+001
    endloop
  endfacet
  facet normal  0.000000e+000 -9.882749e-001  1.526849e-001
    outer loop
      vertex -1.776357e-015 -2.026278e+000  2.226397e+001
      vertex  6.000000e+000 -2.026278e+000  2.226397e+001
      vertex -1.776357e-015 -1.970897e+000  2.262243e+001
    endloop
  endfacet
  facet normal  0.000000e+000 -9.882749e-001  1.526849e-001
    outer loop
      vertex -1.776357e-015 -1.970897e+000  2.262243e+001
      vertex  6.000000e+000 -2.026278e+000  2.226397e+001
      vertex  6.000000e+000 -1.970897e+000  2.262243e+001
    endloop
  endfacet
  facet normal  9.413998e-008 -3.954169e-001  9.185018e-001
    outer loop
      vertex  6.000000e+000 -2.367828e+000  2.196035e+001
      vertex  6.000000e+000 -2.146718e+000  2.205554e+001
      vertex -1.776357e-015 -2.367829e+000  2.196035e+001
    endloop
  endfacet
  facet normal  0.000000e+000 -3.954147e-001  9.185027e-001
    outer loop
      vertex -1.776357e-015 -2.367829e+000  2.196035e+001
      vertex  6.000000e+000 -2.146718e+000  2.205554e+001
      vertex -1.776357e-015 -2.146718e+000  2.205554e+001
    endloop
  endfacet
  facet normal  0.000000e+000 -8.658435e-001  5.003148e-001
    outer loop
      vertex  6.000000e+000 -2.146718e+000  2.205554e+001
      vertex  6.000000e+000 -2.026278e+000  2.226397e+001
      vertex -1.776357e-015 -2.146718e+000  2.205554e+001
    endloop
  endfacet
  facet normal  0.000000e+000 -8.658435e-001  5.003148e-001
    outer loop
      vertex -1.776357e-015 -2.146718e+000  2.205554e+001
      vertex  6.000000e+000 -2.026278e+000  2.226397e+001
      vertex -1.776357e-015 -2.026278e+000  2.226397e+001
    endloop
  endfacet
endsolid CATIA STL
