solid CATIA STL
  facet normal  0.000000e+000 -1.000000e+000  0.000000e+000
    outer loop
      vertex  8.553287e+000  0.000000e+000  2.800231e+000
      vertex  6.929097e+000  0.000000e+000  2.870126e+000
      vertex  7.968888e+000  0.000000e+000  2.135257e+000
    endloop
  endfacet
  facet normal  0.000000e+000 -1.000000e+000  0.000000e+000
    outer loop
      vertex  7.968888e+000  0.000000e+000 -2.135257e+000
      vertex  6.929097e+000  0.000000e+000 -2.870126e+000
      vertex  8.553287e+000  0.000000e+000 -2.800231e+000
    endloop
  endfacet
  facet normal  0.000000e+000 -1.000000e+000  0.000000e+000
    outer loop
      vertex -7.537087e+000  0.000000e+000 -4.918569e+000
      vertex -5.303301e+000  0.000000e+000 -5.303301e+000
      vertex -7.144710e+000  0.000000e+000 -4.125000e+000
    endloop
  endfacet
  facet normal  0.000000e+000 -1.000000e+000  0.000000e+000
    outer loop
      vertex -2.870126e+000  0.000000e+000  6.929097e+000
      vertex -6.202096e-015  0.000000e+000  7.500000e+000
      vertex -4.125000e+000  0.000000e+000  7.144710e+000
    endloop
  endfacet
  facet normal  0.000000e+000 -1.000000e+000  0.000000e+000
    outer loop
      vertex -6.007247e+000  0.000000e+000  6.701715e+000
      vertex -5.833631e+000  0.000000e+000  5.833631e+000
      vertex -5.303301e+000  0.000000e+000  5.303301e+000
    endloop
  endfacet
  facet normal  0.000000e+000 -1.000000e+000  0.000000e+000
    outer loop
      vertex -6.007247e+000  0.000000e+000  6.701715e+000
      vertex -5.303301e+000  0.000000e+000  5.303301e+000
      vertex -2.870126e+000  0.000000e+000  6.929097e+000
    endloop
  endfacet
  facet normal  -0.000000e+000 -1.000000e+000  0.000000e+000
    outer loop
      vertex -6.007247e+000  0.000000e+000  6.701715e+000
      vertex -2.870126e+000  0.000000e+000  6.929097e+000
      vertex -4.125000e+000  0.000000e+000  7.144710e+000
    endloop
  endfacet
  facet normal  -0.000000e+000 -9.999999e-001  0.000000e+000
    outer loop
      vertex -6.007247e+000  0.000000e+000  6.701715e+000
      vertex -4.125000e+000  0.000000e+000  7.144710e+000
      vertex -4.918569e+000  0.000000e+000  7.537087e+000
    endloop
  endfacet
  facet normal  0.000000e+000 -1.000000e+000  -0.000000e+000
    outer loop
      vertex -7.144710e+000  0.000000e+000  4.125000e+000
      vertex -8.028149e+000  0.000000e+000  4.068024e+000
      vertex -8.553287e+000  0.000000e+000  2.800231e+000
    endloop
  endfacet
  facet normal  0.000000e+000 -1.000000e+000  0.000000e+000
    outer loop
      vertex -7.144710e+000  0.000000e+000  4.125000e+000
      vertex -8.553287e+000  0.000000e+000  2.800231e+000
      vertex -6.929097e+000  0.000000e+000  2.870126e+000
    endloop
  endfacet
  facet normal  0.000000e+000 -1.000000e+000  0.000000e+000
    outer loop
      vertex -7.144710e+000  0.000000e+000  4.125000e+000
      vertex -6.929097e+000  0.000000e+000  2.870126e+000
      vertex -5.303301e+000  0.000000e+000  5.303301e+000
    endloop
  endfacet
  facet normal  0.000000e+000 -1.000000e+000  0.000000e+000
    outer loop
      vertex -7.144710e+000  0.000000e+000  4.125000e+000
      vertex -5.303301e+000  0.000000e+000  5.303301e+000
      vertex -7.537087e+000  0.000000e+000  4.918569e+000
    endloop
  endfacet
  facet normal  0.000000e+000 -1.000000e+000  -0.000000e+000
    outer loop
      vertex -7.968888e+000  0.000000e+000  2.135257e+000
      vertex -8.807479e+000  0.000000e+000  1.851572e+000
      vertex -8.986593e+000  0.000000e+000  4.910622e-001
    endloop
  endfacet
  facet normal  0.000000e+000 -1.000000e+000  0.000000e+000
    outer loop
      vertex -7.968888e+000  0.000000e+000  2.135257e+000
      vertex -8.986593e+000  0.000000e+000  4.910622e-001
      vertex -7.500000e+000  0.000000e+000  4.249154e-015
    endloop
  endfacet
  facet normal  0.000000e+000 -1.000000e+000  0.000000e+000
    outer loop
      vertex -7.968888e+000  0.000000e+000  2.135257e+000
      vertex -7.500000e+000  0.000000e+000  4.249154e-015
      vertex -6.929097e+000  0.000000e+000  2.870126e+000
    endloop
  endfacet
  facet normal  0.000000e+000 -1.000000e+000  0.000000e+000
    outer loop
      vertex -7.968888e+000  0.000000e+000  2.135257e+000
      vertex -6.929097e+000  0.000000e+000  2.870126e+000
      vertex -8.553287e+000  0.000000e+000  2.800231e+000
    endloop
  endfacet
  facet normal  0.000000e+000 -1.000000e+000  0.000000e+000
    outer loop
      vertex -7.968888e+000  0.000000e+000 -2.135257e+000
      vertex -8.553287e+000  0.000000e+000 -2.800231e+000
      vertex -6.929097e+000  0.000000e+000 -2.870126e+000
    endloop
  endfacet
  facet normal  0.000000e+000 -1.000000e+000  0.000000e+000
    outer loop
      vertex -7.968888e+000  0.000000e+000 -2.135257e+000
      vertex -6.929097e+000  0.000000e+000 -2.870126e+000
      vertex -8.986593e+000  0.000000e+000 -4.910622e-001
    endloop
  endfacet
  facet normal  0.000000e+000 -1.000000e+000  0.000000e+000
    outer loop
      vertex -7.968888e+000  0.000000e+000 -2.135257e+000
      vertex -8.986593e+000  0.000000e+000 -4.910622e-001
      vertex -8.807479e+000  0.000000e+000 -1.851572e+000
    endloop
  endfacet
  facet normal  0.000000e+000 -1.000000e+000  0.000000e+000
    outer loop
      vertex -4.125000e+000  0.000000e+000 -7.144710e+000
      vertex -4.068024e+000  0.000000e+000 -8.028149e+000
      vertex -2.800231e+000  0.000000e+000 -8.553287e+000
    endloop
  endfacet
  facet normal  0.000000e+000 -1.000000e+000  0.000000e+000
    outer loop
      vertex -4.125000e+000  0.000000e+000 -7.144710e+000
      vertex -2.800231e+000  0.000000e+000 -8.553287e+000
      vertex -2.135257e+000  0.000000e+000 -7.968888e+000
    endloop
  endfacet
  facet normal  0.000000e+000 -1.000000e+000  0.000000e+000
    outer loop
      vertex -4.125000e+000  0.000000e+000 -7.144710e+000
      vertex -2.135257e+000  0.000000e+000 -7.968888e+000
      vertex -8.039066e-015  0.000000e+000 -7.500000e+000
    endloop
  endfacet
  facet normal  0.000000e+000 -1.000000e+000  0.000000e+000
    outer loop
      vertex -4.125000e+000  0.000000e+000 -7.144710e+000
      vertex -8.039066e-015  0.000000e+000 -7.500000e+000
      vertex -2.870126e+000  0.000000e+000 -6.929097e+000
    endloop
  endfacet
  facet normal  -0.000000e+000 -1.000000e+000  0.000000e+000
    outer loop
      vertex -4.125000e+000  0.000000e+000 -7.144710e+000
      vertex -2.870126e+000  0.000000e+000 -6.929097e+000
      vertex -6.007247e+000  0.000000e+000 -6.701715e+000
    endloop
  endfacet
  facet normal  0.000000e+000 -9.999999e-001  0.000000e+000
    outer loop
      vertex -4.125000e+000  0.000000e+000 -7.144710e+000
      vertex -6.007247e+000  0.000000e+000 -6.701715e+000
      vertex -4.918569e+000  0.000000e+000 -7.537087e+000
    endloop
  endfacet
  facet normal  0.000000e+000 -1.000000e+000  0.000000e+000
    outer loop
      vertex  3.663736e-015  0.000000e+000 -8.250000e+000
      vertex  4.910622e-001  0.000000e+000 -8.986593e+000
      vertex  1.851572e+000  0.000000e+000 -8.807479e+000
    endloop
  endfacet
  facet normal  0.000000e+000 -1.000000e+000  0.000000e+000
    outer loop
      vertex  3.663736e-015  0.000000e+000 -8.250000e+000
      vertex  1.851572e+000  0.000000e+000 -8.807479e+000
      vertex  2.135257e+000  0.000000e+000 -7.968888e+000
    endloop
  endfacet
  facet normal  -0.000000e+000 -1.000000e+000  0.000000e+000
    outer loop
      vertex  3.663736e-015  0.000000e+000 -8.250000e+000
      vertex  2.135257e+000  0.000000e+000 -7.968888e+000
      vertex -8.039066e-015  0.000000e+000 -7.500000e+000
    endloop
  endfacet
  facet normal  0.000000e+000 -1.000000e+000  -0.000000e+000
    outer loop
      vertex  3.663736e-015  0.000000e+000 -8.250000e+000
      vertex -8.039066e-015  0.000000e+000 -7.500000e+000
      vertex -2.135257e+000  0.000000e+000 -7.968888e+000
    endloop
  endfacet
  facet normal  0.000000e+000 -1.000000e+000  0.000000e+000
    outer loop
      vertex  3.663736e-015  0.000000e+000 -8.250000e+000
      vertex -2.135257e+000  0.000000e+000 -7.968888e+000
      vertex -1.851572e+000  0.000000e+000 -8.807479e+000
    endloop
  endfacet
  facet normal  0.000000e+000 -1.000000e+000  0.000000e+000
    outer loop
      vertex  3.663736e-015  0.000000e+000 -8.250000e+000
      vertex -1.851572e+000  0.000000e+000 -8.807479e+000
      vertex -4.910622e-001  0.000000e+000 -8.986593e+000
    endloop
  endfacet
  facet normal  -0.000000e+000 -1.000000e+000  -0.000000e+000
    outer loop
      vertex  6.007247e+000  0.000000e+000 -6.701715e+000
      vertex  5.833631e+000  0.000000e+000 -5.833631e+000
      vertex  5.303301e+000  0.000000e+000 -5.303301e+000
    endloop
  endfacet
  facet normal  0.000000e+000 -1.000000e+000  -0.000000e+000
    outer loop
      vertex  6.007247e+000  0.000000e+000 -6.701715e+000
      vertex  5.303301e+000  0.000000e+000 -5.303301e+000
      vertex  2.870126e+000  0.000000e+000 -6.929097e+000
    endloop
  endfacet
  facet normal  0.000000e+000 -1.000000e+000  0.000000e+000
    outer loop
      vertex  6.007247e+000  0.000000e+000 -6.701715e+000
      vertex  2.870126e+000  0.000000e+000 -6.929097e+000
      vertex  4.125000e+000  0.000000e+000 -7.144710e+000
    endloop
  endfacet
  facet normal  0.000000e+000 -9.999999e-001  0.000000e+000
    outer loop
      vertex  6.007247e+000  0.000000e+000 -6.701715e+000
      vertex  4.125000e+000  0.000000e+000 -7.144710e+000
      vertex  4.918569e+000  0.000000e+000 -7.537087e+000
    endloop
  endfacet
  facet normal  -0.000000e+000 -1.000000e+000  0.000000e+000
    outer loop
      vertex  7.144710e+000  0.000000e+000 -4.125000e+000
      vertex  8.028149e+000  0.000000e+000 -4.068024e+000
      vertex  8.553287e+000  0.000000e+000 -2.800231e+000
    endloop
  endfacet
  facet normal  0.000000e+000 -1.000000e+000  0.000000e+000
    outer loop
      vertex  7.144710e+000  0.000000e+000 -4.125000e+000
      vertex  8.553287e+000  0.000000e+000 -2.800231e+000
      vertex  6.929097e+000  0.000000e+000 -2.870126e+000
    endloop
  endfacet
  facet normal  0.000000e+000 -1.000000e+000  -0.000000e+000
    outer loop
      vertex  7.144710e+000  0.000000e+000 -4.125000e+000
      vertex  6.929097e+000  0.000000e+000 -2.870126e+000
      vertex  5.303301e+000  0.000000e+000 -5.303301e+000
    endloop
  endfacet
  facet normal  0.000000e+000 -1.000000e+000  0.000000e+000
    outer loop
      vertex  7.144710e+000  0.000000e+000 -4.125000e+000
      vertex  5.303301e+000  0.000000e+000 -5.303301e+000
      vertex  7.537087e+000  0.000000e+000 -4.918569e+000
    endloop
  endfacet
  facet normal  -0.000000e+000 -1.000000e+000  -0.000000e+000
    outer loop
      vertex  8.986593e+000  0.000000e+000 -4.910622e-001
      vertex  8.250000e+000  0.000000e+000  1.415534e-015
      vertex  7.500000e+000  0.000000e+000  1.421085e-014
    endloop
  endfacet
  facet normal  0.000000e+000 -1.000000e+000  -0.000000e+000
    outer loop
      vertex  8.986593e+000  0.000000e+000 -4.910622e-001
      vertex  7.500000e+000  0.000000e+000  1.421085e-014
      vertex  6.929097e+000  0.000000e+000 -2.870126e+000
    endloop
  endfacet
  facet normal  0.000000e+000 -1.000000e+000  0.000000e+000
    outer loop
      vertex  8.986593e+000  0.000000e+000 -4.910622e-001
      vertex  6.929097e+000  0.000000e+000 -2.870126e+000
      vertex  7.968888e+000  0.000000e+000 -2.135257e+000
    endloop
  endfacet
  facet normal  0.000000e+000 -1.000000e+000  0.000000e+000
    outer loop
      vertex  8.986593e+000  0.000000e+000 -4.910622e-001
      vertex  7.968888e+000  0.000000e+000 -2.135257e+000
      vertex  8.807479e+000  0.000000e+000 -1.851572e+000
    endloop
  endfacet
  facet normal  -0.000000e+000 -1.000000e+000  0.000000e+000
    outer loop
      vertex  7.144710e+000  0.000000e+000  4.125000e+000
      vertex  7.537087e+000  0.000000e+000  4.918569e+000
      vertex  5.303301e+000  0.000000e+000  5.303301e+000
    endloop
  endfacet
  facet normal  0.000000e+000 -1.000000e+000  0.000000e+000
    outer loop
      vertex  7.144710e+000  0.000000e+000  4.125000e+000
      vertex  5.303301e+000  0.000000e+000  5.303301e+000
      vertex  6.929097e+000  0.000000e+000  2.870126e+000
    endloop
  endfacet
  facet normal  0.000000e+000 -1.000000e+000  0.000000e+000
    outer loop
      vertex  7.144710e+000  0.000000e+000  4.125000e+000
      vertex  6.929097e+000  0.000000e+000  2.870126e+000
      vertex  8.553287e+000  0.000000e+000  2.800231e+000
    endloop
  endfacet
  facet normal  0.000000e+000 -1.000000e+000  0.000000e+000
    outer loop
      vertex  7.144710e+000  0.000000e+000  4.125000e+000
      vertex  8.553287e+000  0.000000e+000  2.800231e+000
      vertex  8.028149e+000  0.000000e+000  4.068024e+000
    endloop
  endfacet
  facet normal  -0.000000e+000 -1.000000e+000  -0.000000e+000
    outer loop
      vertex  4.125000e+000  0.000000e+000  7.144710e+000
      vertex  4.068024e+000  0.000000e+000  8.028149e+000
      vertex  2.800231e+000  0.000000e+000  8.553287e+000
    endloop
  endfacet
  facet normal  0.000000e+000 -1.000000e+000  -0.000000e+000
    outer loop
      vertex  4.125000e+000  0.000000e+000  7.144710e+000
      vertex  2.800231e+000  0.000000e+000  8.553287e+000
      vertex  2.135257e+000  0.000000e+000  7.968888e+000
    endloop
  endfacet
  facet normal  -0.000000e+000 -1.000000e+000  -0.000000e+000
    outer loop
      vertex  4.125000e+000  0.000000e+000  7.144710e+000
      vertex  2.135257e+000  0.000000e+000  7.968888e+000
      vertex -2.664535e-015  0.000000e+000  8.250000e+000
    endloop
  endfacet
  facet normal  0.000000e+000 -1.000000e+000  -0.000000e+000
    outer loop
      vertex  4.125000e+000  0.000000e+000  7.144710e+000
      vertex -2.664535e-015  0.000000e+000  8.250000e+000
      vertex -6.202096e-015  0.000000e+000  7.500000e+000
    endloop
  endfacet
  facet normal  0.000000e+000 -1.000000e+000  0.000000e+000
    outer loop
      vertex  4.125000e+000  0.000000e+000  7.144710e+000
      vertex -6.202096e-015  0.000000e+000  7.500000e+000
      vertex  2.870126e+000  0.000000e+000  6.929097e+000
    endloop
  endfacet
  facet normal  0.000000e+000 -1.000000e+000  0.000000e+000
    outer loop
      vertex  4.125000e+000  0.000000e+000  7.144710e+000
      vertex  2.870126e+000  0.000000e+000  6.929097e+000
      vertex  6.007247e+000  0.000000e+000  6.701715e+000
    endloop
  endfacet
  facet normal  0.000000e+000 -9.999999e-001  0.000000e+000
    outer loop
      vertex  4.125000e+000  0.000000e+000  7.144710e+000
      vertex  6.007247e+000  0.000000e+000  6.701715e+000
      vertex  4.918569e+000  0.000000e+000  7.537087e+000
    endloop
  endfacet
  facet normal  0.000000e+000 -1.000000e+000  0.000000e+000
    outer loop
      vertex  7.500000e+000  0.000000e+000  1.421085e-014
      vertex  8.250000e+000  0.000000e+000  1.415534e-015
      vertex  8.986593e+000  0.000000e+000  4.910622e-001
    endloop
  endfacet
  facet normal  -0.000000e+000 -1.000000e+000  0.000000e+000
    outer loop
      vertex  7.500000e+000  0.000000e+000  1.421085e-014
      vertex  8.986593e+000  0.000000e+000  4.910622e-001
      vertex  8.807479e+000  0.000000e+000  1.851572e+000
    endloop
  endfacet
  facet normal  -0.000000e+000 -9.999999e-001  0.000000e+000
    outer loop
      vertex  7.500000e+000  0.000000e+000  1.421085e-014
      vertex  8.807479e+000  0.000000e+000  1.851572e+000
      vertex  7.968888e+000  0.000000e+000  2.135257e+000
    endloop
  endfacet
  facet normal  -0.000000e+000 -1.000000e+000  0.000000e+000
    outer loop
      vertex  7.500000e+000  0.000000e+000  1.421085e-014
      vertex  7.968888e+000  0.000000e+000  2.135257e+000
      vertex  6.929097e+000  0.000000e+000  2.870126e+000
    endloop
  endfacet
  facet normal  0.000000e+000 -1.000000e+000  0.000000e+000
    outer loop
      vertex -6.929097e+000  0.000000e+000 -2.870126e+000
      vertex -8.553287e+000  0.000000e+000 -2.800231e+000
      vertex -8.028149e+000  0.000000e+000 -4.068024e+000
    endloop
  endfacet
  facet normal  0.000000e+000 -1.000000e+000  0.000000e+000
    outer loop
      vertex -6.929097e+000  0.000000e+000 -2.870126e+000
      vertex -8.028149e+000  0.000000e+000 -4.068024e+000
      vertex -7.144710e+000  0.000000e+000 -4.125000e+000
    endloop
  endfacet
  facet normal  0.000000e+000 -1.000000e+000  0.000000e+000
    outer loop
      vertex -6.929097e+000  0.000000e+000 -2.870126e+000
      vertex -7.144710e+000  0.000000e+000 -4.125000e+000
      vertex -5.303301e+000  0.000000e+000 -5.303301e+000
    endloop
  endfacet
  facet normal  0.000000e+000 -1.000000e+000  0.000000e+000
    outer loop
      vertex -8.039066e-015  0.000000e+000 -7.500000e+000
      vertex  2.135257e+000  0.000000e+000 -7.968888e+000
      vertex  2.870126e+000  0.000000e+000 -6.929097e+000
    endloop
  endfacet
  facet normal  0.000000e+000 -1.000000e+000  -0.000000e+000
    outer loop
      vertex  2.870126e+000  0.000000e+000 -6.929097e+000
      vertex  2.135257e+000  0.000000e+000 -7.968888e+000
      vertex  4.125000e+000  0.000000e+000 -7.144710e+000
    endloop
  endfacet
  facet normal  0.000000e+000 -1.000000e+000  0.000000e+000
    outer loop
      vertex  2.135257e+000  0.000000e+000 -7.968888e+000
      vertex  2.800231e+000  0.000000e+000 -8.553287e+000
      vertex  4.125000e+000  0.000000e+000 -7.144710e+000
    endloop
  endfacet
  facet normal  0.000000e+000 -1.000000e+000  0.000000e+000
    outer loop
      vertex  4.125000e+000  0.000000e+000 -7.144710e+000
      vertex  2.800231e+000  0.000000e+000 -8.553287e+000
      vertex  4.068024e+000  0.000000e+000 -8.028149e+000
    endloop
  endfacet
  facet normal  0.000000e+000 -1.000000e+000  0.000000e+000
    outer loop
      vertex  1.851572e+000  0.000000e+000  8.807479e+000
      vertex  4.910622e-001  0.000000e+000  8.986593e+000
      vertex  2.135257e+000  0.000000e+000  7.968888e+000
    endloop
  endfacet
  facet normal  0.000000e+000 -9.999999e-001  0.000000e+000
    outer loop
      vertex  2.135257e+000  0.000000e+000  7.968888e+000
      vertex  4.910622e-001  0.000000e+000  8.986593e+000
      vertex -2.664535e-015  0.000000e+000  8.250000e+000
    endloop
  endfacet
  facet normal  0.000000e+000 -1.000000e+000  0.000000e+000
    outer loop
      vertex  2.870126e+000  0.000000e+000  6.929097e+000
      vertex  5.303301e+000  0.000000e+000  5.303301e+000
      vertex  6.007247e+000  0.000000e+000  6.701715e+000
    endloop
  endfacet
  facet normal  0.000000e+000 -1.000000e+000  0.000000e+000
    outer loop
      vertex  6.007247e+000  0.000000e+000  6.701715e+000
      vertex  5.303301e+000  0.000000e+000  5.303301e+000
      vertex  5.833631e+000  0.000000e+000  5.833631e+000
    endloop
  endfacet
  facet normal  0.000000e+000 -1.000000e+000  0.000000e+000
    outer loop
      vertex  5.303301e+000  0.000000e+000  5.303301e+000
      vertex  7.537087e+000  0.000000e+000  4.918569e+000
      vertex  5.833631e+000  0.000000e+000  5.833631e+000
    endloop
  endfacet
  facet normal  0.000000e+000 -1.000000e+000  0.000000e+000
    outer loop
      vertex  5.833631e+000  0.000000e+000  5.833631e+000
      vertex  7.537087e+000  0.000000e+000  4.918569e+000
      vertex  6.701715e+000  0.000000e+000  6.007247e+000
    endloop
  endfacet
  facet normal  0.000000e+000 -1.000000e+000  0.000000e+000
    outer loop
      vertex  6.701715e+000  0.000000e+000 -6.007247e+000
      vertex  7.537087e+000  0.000000e+000 -4.918569e+000
      vertex  5.833631e+000  0.000000e+000 -5.833631e+000
    endloop
  endfacet
  facet normal  0.000000e+000 -1.000000e+000  0.000000e+000
    outer loop
      vertex  5.833631e+000  0.000000e+000 -5.833631e+000
      vertex  7.537087e+000  0.000000e+000 -4.918569e+000
      vertex  5.303301e+000  0.000000e+000 -5.303301e+000
    endloop
  endfacet
  facet normal  -0.000000e+000 -1.000000e+000  0.000000e+000
    outer loop
      vertex -6.701715e+000  0.000000e+000 -6.007247e+000
      vertex -5.833631e+000  0.000000e+000 -5.833631e+000
      vertex -7.537087e+000  0.000000e+000 -4.918569e+000
    endloop
  endfacet
  facet normal  0.000000e+000 -1.000000e+000  0.000000e+000
    outer loop
      vertex -7.537087e+000  0.000000e+000 -4.918569e+000
      vertex -5.833631e+000  0.000000e+000 -5.833631e+000
      vertex -5.303301e+000  0.000000e+000 -5.303301e+000
    endloop
  endfacet
  facet normal  0.000000e+000 -1.000000e+000  0.000000e+000
    outer loop
      vertex -5.833631e+000  0.000000e+000 -5.833631e+000
      vertex -6.007247e+000  0.000000e+000 -6.701715e+000
      vertex -5.303301e+000  0.000000e+000 -5.303301e+000
    endloop
  endfacet
  facet normal  0.000000e+000 -1.000000e+000  -0.000000e+000
    outer loop
      vertex -5.303301e+000  0.000000e+000 -5.303301e+000
      vertex -6.007247e+000  0.000000e+000 -6.701715e+000
      vertex -2.870126e+000  0.000000e+000 -6.929097e+000
    endloop
  endfacet
  facet normal  0.000000e+000 -1.000000e+000  0.000000e+000
    outer loop
      vertex -5.833631e+000  0.000000e+000  5.833631e+000
      vertex -6.701715e+000  0.000000e+000  6.007247e+000
      vertex -5.303301e+000  0.000000e+000  5.303301e+000
    endloop
  endfacet
  facet normal  -0.000000e+000 -1.000000e+000  0.000000e+000
    outer loop
      vertex -5.303301e+000  0.000000e+000  5.303301e+000
      vertex -6.701715e+000  0.000000e+000  6.007247e+000
      vertex -7.537087e+000  0.000000e+000  4.918569e+000
    endloop
  endfacet
  facet normal  0.000000e+000 -1.000000e+000  0.000000e+000
    outer loop
      vertex -8.986593e+000  0.000000e+000  4.910622e-001
      vertex -8.250000e+000  0.000000e+000 -4.191092e-015
      vertex -7.500000e+000  0.000000e+000  4.249154e-015
    endloop
  endfacet
  facet normal  0.000000e+000 -1.000000e+000  0.000000e+000
    outer loop
      vertex -7.500000e+000  0.000000e+000  4.249154e-015
      vertex -8.250000e+000  0.000000e+000 -4.191092e-015
      vertex -8.986593e+000  0.000000e+000 -4.910622e-001
    endloop
  endfacet
  facet normal  0.000000e+000 -1.000000e+000  0.000000e+000
    outer loop
      vertex -7.500000e+000  0.000000e+000  4.249154e-015
      vertex -8.986593e+000  0.000000e+000 -4.910622e-001
      vertex -6.929097e+000  0.000000e+000 -2.870126e+000
    endloop
  endfacet
  facet normal  0.000000e+000 -1.000000e+000  0.000000e+000
    outer loop
      vertex -4.068024e+000  0.000000e+000  8.028149e+000
      vertex -4.125000e+000  0.000000e+000  7.144710e+000
      vertex -2.800231e+000  0.000000e+000  8.553287e+000
    endloop
  endfacet
  facet normal  0.000000e+000 -1.000000e+000  -0.000000e+000
    outer loop
      vertex -2.800231e+000  0.000000e+000  8.553287e+000
      vertex -4.125000e+000  0.000000e+000  7.144710e+000
      vertex -2.135257e+000  0.000000e+000  7.968888e+000
    endloop
  endfacet
  facet normal  -0.000000e+000 -1.000000e+000  0.000000e+000
    outer loop
      vertex -4.125000e+000  0.000000e+000  7.144710e+000
      vertex -6.202096e-015  0.000000e+000  7.500000e+000
      vertex -2.135257e+000  0.000000e+000  7.968888e+000
    endloop
  endfacet
  facet normal  0.000000e+000 -1.000000e+000  0.000000e+000
    outer loop
      vertex -2.135257e+000  0.000000e+000  7.968888e+000
      vertex -6.202096e-015  0.000000e+000  7.500000e+000
      vertex -2.664535e-015  0.000000e+000  8.250000e+000
    endloop
  endfacet
  facet normal  0.000000e+000 -1.000000e+000  -0.000000e+000
    outer loop
      vertex -2.664535e-015  0.000000e+000  8.250000e+000
      vertex -4.910622e-001  0.000000e+000  8.986593e+000
      vertex -2.135257e+000  0.000000e+000  7.968888e+000
    endloop
  endfacet
  facet normal  0.000000e+000 -1.000000e+000  0.000000e+000
    outer loop
      vertex -2.135257e+000  0.000000e+000  7.968888e+000
      vertex -4.910622e-001  0.000000e+000  8.986593e+000
      vertex -1.851572e+000  0.000000e+000  8.807479e+000
    endloop
  endfacet
  facet normal  9.914449e-001  -0.000000e+000  1.305261e-001
    outer loop
      vertex  8.807479e+000  1.000000e+001  1.851572e+000
      vertex  8.807479e+000  0.000000e+000  1.851572e+000
      vertex  8.986593e+000  1.000000e+001  4.910622e-001
    endloop
  endfacet
  facet normal  9.914449e-001  0.000000e+000  1.305261e-001
    outer loop
      vertex  8.986593e+000  1.000000e+001  4.910622e-001
      vertex  8.807479e+000  0.000000e+000  1.851572e+000
      vertex  8.986593e+000  0.000000e+000  4.910622e-001
    endloop
  endfacet
  facet normal  9.238793e-001  -0.000000e+000  3.826839e-001
    outer loop
      vertex  8.028149e+000  1.000000e+001  4.068024e+000
      vertex  8.028149e+000  0.000000e+000  4.068024e+000
      vertex  8.553287e+000  1.000000e+001  2.800231e+000
    endloop
  endfacet
  facet normal  9.238793e-001  0.000000e+000  3.826839e-001
    outer loop
      vertex  8.553287e+000  1.000000e+001  2.800231e+000
      vertex  8.028149e+000  0.000000e+000  4.068024e+000
      vertex  8.553287e+000  0.000000e+000  2.800231e+000
    endloop
  endfacet
  facet normal  7.933533e-001  -0.000000e+000  6.087615e-001
    outer loop
      vertex  6.701715e+000  1.000000e+001  6.007247e+000
      vertex  6.701715e+000  0.000000e+000  6.007247e+000
      vertex  7.537087e+000  1.000000e+001  4.918569e+000
    endloop
  endfacet
  facet normal  7.933533e-001  0.000000e+000  6.087615e-001
    outer loop
      vertex  7.537087e+000  1.000000e+001  4.918569e+000
      vertex  6.701715e+000  0.000000e+000  6.007247e+000
      vertex  7.537087e+000  0.000000e+000  4.918569e+000
    endloop
  endfacet
  facet normal  6.087615e-001  -0.000000e+000  7.933533e-001
    outer loop
      vertex  4.918569e+000  1.000000e+001  7.537087e+000
      vertex  4.918569e+000  0.000000e+000  7.537087e+000
      vertex  6.007247e+000  1.000000e+001  6.701715e+000
    endloop
  endfacet
  facet normal  6.087615e-001  0.000000e+000  7.933533e-001
    outer loop
      vertex  6.007247e+000  1.000000e+001  6.701715e+000
      vertex  4.918569e+000  0.000000e+000  7.537087e+000
      vertex  6.007247e+000  0.000000e+000  6.701715e+000
    endloop
  endfacet
  facet normal  1.305261e-001  -0.000000e+000  9.914449e-001
    outer loop
      vertex  4.910622e-001  1.000000e+001  8.986593e+000
      vertex  4.910622e-001  0.000000e+000  8.986593e+000
      vertex  1.851572e+000  1.000000e+001  8.807479e+000
    endloop
  endfacet
  facet normal  1.305261e-001  0.000000e+000  9.914449e-001
    outer loop
      vertex  1.851572e+000  1.000000e+001  8.807479e+000
      vertex  4.910622e-001  0.000000e+000  8.986593e+000
      vertex  1.851572e+000  0.000000e+000  8.807479e+000
    endloop
  endfacet
  facet normal  3.826839e-001  -0.000000e+000  9.238793e-001
    outer loop
      vertex  2.800231e+000  1.000000e+001  8.553287e+000
      vertex  2.800231e+000  0.000000e+000  8.553287e+000
      vertex  4.068024e+000  1.000000e+001  8.028149e+000
    endloop
  endfacet
  facet normal  3.826839e-001  0.000000e+000  9.238793e-001
    outer loop
      vertex  4.068024e+000  1.000000e+001  8.028149e+000
      vertex  2.800231e+000  0.000000e+000  8.553287e+000
      vertex  4.068024e+000  0.000000e+000  8.028149e+000
    endloop
  endfacet
  facet normal -6.263344e-001  7.140005e-001 -3.129033e-001
    outer loop
      vertex -8.028149e+000  1.000000e+001 -4.068024e+000
      vertex -7.391036e+000  1.100000e+001 -3.061467e+000
      vertex -7.144710e+000  1.075000e+001 -4.125000e+000
    endloop
  endfacet
  facet normal  6.641411e-001  7.140008e-001 -2.216292e-001
    outer loop
      vertex  7.968888e+000  1.075000e+001 -2.135257e+000
      vertex  8.553287e+000  1.000000e+001 -2.800231e+000
      vertex  7.391036e+000  1.100000e+001 -3.061467e+000
    endloop
  endfacet
  facet normal  5.331137e-001  8.393715e-001 -1.060429e-001
    outer loop
      vertex  7.968888e+000  1.075000e+001 -2.135257e+000
      vertex  7.391036e+000  1.100000e+001 -3.061467e+000
      vertex  8.000000e+000  1.100000e+001 -6.382105e-015
    endloop
  endfacet
  facet normal  7.040626e-001  7.040626e-001 -9.269153e-002
    outer loop
      vertex  7.968888e+000  1.075000e+001 -2.135257e+000
      vertex  8.000000e+000  1.100000e+001 -6.382105e-015
      vertex  8.250000e+000  1.075000e+001 -1.332268e-015
    endloop
  endfacet
  facet normal  6.806269e-001  7.271298e-001 -8.960617e-002
    outer loop
      vertex  7.968888e+000  1.075000e+001 -2.135257e+000
      vertex  8.250000e+000  1.075000e+001 -1.332268e-015
      vertex  8.986593e+000  1.000000e+001 -4.910622e-001
    endloop
  endfacet
  facet normal  6.806269e-001  7.271298e-001 -8.960614e-002
    outer loop
      vertex  7.968888e+000  1.075000e+001 -2.135257e+000
      vertex  8.986593e+000  1.000000e+001 -4.910622e-001
      vertex  8.807479e+000  1.000000e+001 -1.851572e+000
    endloop
  endfacet
  facet normal  3.019848e-001  8.393714e-001 -4.519522e-001
    outer loop
      vertex  4.125000e+000  1.075000e+001 -7.144710e+000
      vertex  3.061467e+000  1.100000e+001 -7.391036e+000
      vertex  5.656854e+000  1.100000e+001 -5.656854e+000
    endloop
  endfacet
  facet normal  4.323043e-001  7.040631e-001 -5.633900e-001
    outer loop
      vertex  4.125000e+000  1.075000e+001 -7.144710e+000
      vertex  5.656854e+000  1.100000e+001 -5.656854e+000
      vertex  5.833631e+000  1.075000e+001 -5.833631e+000
    endloop
  endfacet
  facet normal  4.179147e-001  7.271298e-001 -5.446371e-001
    outer loop
      vertex  4.125000e+000  1.075000e+001 -7.144710e+000
      vertex  5.833631e+000  1.075000e+001 -5.833631e+000
      vertex  6.007247e+000  1.000000e+001 -6.701715e+000
    endloop
  endfacet
  facet normal  4.179147e-001  7.271299e-001 -5.446370e-001
    outer loop
      vertex  4.125000e+000  1.075000e+001 -7.144710e+000
      vertex  6.007247e+000  1.000000e+001 -6.701715e+000
      vertex  4.918569e+000  1.000000e+001 -7.537087e+000
    endloop
  endfacet
  facet normal  8.960614e-002  7.271298e-001 -6.806269e-001
    outer loop
      vertex  2.135257e+000  1.075000e+001 -7.968888e+000
      vertex  1.851572e+000  1.000000e+001 -8.807479e+000
      vertex  4.910622e-001  1.000000e+001 -8.986593e+000
    endloop
  endfacet
  facet normal  8.960617e-002  7.271299e-001 -6.806269e-001
    outer loop
      vertex  2.135257e+000  1.075000e+001 -7.968888e+000
      vertex  4.910622e-001  1.000000e+001 -8.986593e+000
      vertex  8.881784e-016  1.075000e+001 -8.250000e+000
    endloop
  endfacet
  facet normal  9.269153e-002  7.040626e-001 -7.040626e-001
    outer loop
      vertex  2.135257e+000  1.075000e+001 -7.968888e+000
      vertex  8.881784e-016  1.075000e+001 -8.250000e+000
      vertex  1.127716e-015  1.100000e+001 -8.000000e+000
    endloop
  endfacet
  facet normal  1.060430e-001  8.393716e-001 -5.331138e-001
    outer loop
      vertex  2.135257e+000  1.075000e+001 -7.968888e+000
      vertex  1.127716e-015  1.100000e+001 -8.000000e+000
      vertex  3.061467e+000  1.100000e+001 -7.391036e+000
    endloop
  endfacet
  facet normal  3.109022e-001  5.830635e-001 -7.505841e-001
    outer loop
      vertex  2.135257e+000  1.075000e+001 -7.968888e+000
      vertex  3.061467e+000  1.100000e+001 -7.391036e+000
      vertex  4.125000e+000  1.075000e+001 -7.144710e+000
    endloop
  endfacet
  facet normal  2.627123e-001  7.271296e-001 -6.342434e-001
    outer loop
      vertex  2.135257e+000  1.075000e+001 -7.968888e+000
      vertex  4.125000e+000  1.075000e+001 -7.144710e+000
      vertex  4.068024e+000  1.000000e+001 -8.028149e+000
    endloop
  endfacet
  facet normal  2.627125e-001  7.271299e-001 -6.342431e-001
    outer loop
      vertex  2.135257e+000  1.075000e+001 -7.968888e+000
      vertex  4.068024e+000  1.000000e+001 -8.028149e+000
      vertex  2.800231e+000  1.000000e+001 -8.553287e+000
    endloop
  endfacet
  facet normal -4.179147e-001  7.271299e-001 -5.446370e-001
    outer loop
      vertex -4.125000e+000  1.075000e+001 -7.144710e+000
      vertex -4.918569e+000  1.000000e+001 -7.537087e+000
      vertex -6.007247e+000  1.000000e+001 -6.701715e+000
    endloop
  endfacet
  facet normal -4.179147e-001  7.271298e-001 -5.446371e-001
    outer loop
      vertex -4.125000e+000  1.075000e+001 -7.144710e+000
      vertex -6.007247e+000  1.000000e+001 -6.701715e+000
      vertex -5.833631e+000  1.075000e+001 -5.833631e+000
    endloop
  endfacet
  facet normal -4.323043e-001  7.040630e-001 -5.633900e-001
    outer loop
      vertex -4.125000e+000  1.075000e+001 -7.144710e+000
      vertex -5.833631e+000  1.075000e+001 -5.833631e+000
      vertex -5.656854e+000  1.100000e+001 -5.656854e+000
    endloop
  endfacet
  facet normal -3.019847e-001  8.393714e-001 -4.519521e-001
    outer loop
      vertex -4.125000e+000  1.075000e+001 -7.144710e+000
      vertex -5.656854e+000  1.100000e+001 -5.656854e+000
      vertex -3.061467e+000  1.100000e+001 -7.391036e+000
    endloop
  endfacet
  facet normal -3.109022e-001  5.830635e-001 -7.505841e-001
    outer loop
      vertex -4.125000e+000  1.075000e+001 -7.144710e+000
      vertex -3.061467e+000  1.100000e+001 -7.391036e+000
      vertex -2.135257e+000  1.075000e+001 -7.968888e+000
    endloop
  endfacet
  facet normal -2.627122e-001  7.271299e-001 -6.342432e-001
    outer loop
      vertex -4.125000e+000  1.075000e+001 -7.144710e+000
      vertex -2.135257e+000  1.075000e+001 -7.968888e+000
      vertex -2.800231e+000  1.000000e+001 -8.553287e+000
    endloop
  endfacet
  facet normal -2.627126e-001  7.271295e-001 -6.342434e-001
    outer loop
      vertex -4.125000e+000  1.075000e+001 -7.144710e+000
      vertex -2.800231e+000  1.000000e+001 -8.553287e+000
      vertex -4.068024e+000  1.000000e+001 -8.028149e+000
    endloop
  endfacet
  facet normal -6.806269e-001  7.271298e-001 -8.960614e-002
    outer loop
      vertex -7.968888e+000  1.075000e+001 -2.135257e+000
      vertex -8.807479e+000  1.000000e+001 -1.851572e+000
      vertex -8.986593e+000  1.000000e+001 -4.910622e-001
    endloop
  endfacet
  facet normal -6.806269e-001  7.271299e-001 -8.960617e-002
    outer loop
      vertex -7.968888e+000  1.075000e+001 -2.135257e+000
      vertex -8.986593e+000  1.000000e+001 -4.910622e-001
      vertex -8.250000e+000  1.075000e+001 -1.443290e-015
    endloop
  endfacet
  facet normal -7.040626e-001  7.040626e-001 -9.269153e-002
    outer loop
      vertex -7.968888e+000  1.075000e+001 -2.135257e+000
      vertex -8.250000e+000  1.075000e+001 -1.443290e-015
      vertex -8.000000e+000  1.100000e+001 -2.215830e-015
    endloop
  endfacet
  facet normal -5.331137e-001  8.393715e-001 -1.060430e-001
    outer loop
      vertex -7.968888e+000  1.075000e+001 -2.135257e+000
      vertex -8.000000e+000  1.100000e+001 -2.215830e-015
      vertex -7.391036e+000  1.100000e+001 -3.061467e+000
    endloop
  endfacet
  facet normal -6.874608e-001  6.838958e-001 -2.443039e-001
    outer loop
      vertex -7.968888e+000  1.075000e+001 -2.135257e+000
      vertex -7.391036e+000  1.100000e+001 -3.061467e+000
      vertex -8.028149e+000  1.000000e+001 -4.068024e+000
    endloop
  endfacet
  facet normal -6.342430e-001  7.271299e-001 -2.627124e-001
    outer loop
      vertex -7.968888e+000  1.075000e+001 -2.135257e+000
      vertex -8.028149e+000  1.000000e+001 -4.068024e+000
      vertex -8.553287e+000  1.000000e+001 -2.800231e+000
    endloop
  endfacet
  facet normal -1.930151e-002  7.069750e-001 -7.069750e-001
    outer loop
      vertex  1.127716e-015  1.100000e+001 -8.000000e+000
      vertex  8.881784e-016  1.075000e+001 -8.250000e+000
      vertex -4.910622e-001  1.000000e+001 -8.986593e+000
    endloop
  endfacet
  facet normal -9.036715e-002  7.215807e-001 -6.864073e-001
    outer loop
      vertex  1.127716e-015  1.100000e+001 -8.000000e+000
      vertex -4.910622e-001  1.000000e+001 -8.986593e+000
      vertex -1.851572e+000  1.000000e+001 -8.807479e+000
    endloop
  endfacet
  facet normal -9.491026e-002  7.258486e-001 -6.812752e-001
    outer loop
      vertex  1.127716e-015  1.100000e+001 -8.000000e+000
      vertex -1.851572e+000  1.000000e+001 -8.807479e+000
      vertex -2.135257e+000  1.075000e+001 -7.968888e+000
    endloop
  endfacet
  facet normal -1.060430e-001  8.393716e-001 -5.331137e-001
    outer loop
      vertex  1.127716e-015  1.100000e+001 -8.000000e+000
      vertex -2.135257e+000  1.075000e+001 -7.968888e+000
      vertex -3.061467e+000  1.100000e+001 -7.391036e+000
    endloop
  endfacet
  facet normal -5.135558e-001  7.069754e-001 -4.862573e-001
    outer loop
      vertex -5.656854e+000  1.100000e+001 -5.656854e+000
      vertex -5.833631e+000  1.075000e+001 -5.833631e+000
      vertex -6.701715e+000  1.000000e+001 -6.007247e+000
    endloop
  endfacet
  facet normal -5.492625e-001  7.215807e-001 -4.214640e-001
    outer loop
      vertex -5.656854e+000  1.100000e+001 -5.656854e+000
      vertex -6.701715e+000  1.000000e+001 -6.007247e+000
      vertex -7.537087e+000  1.000000e+001 -4.918569e+000
    endloop
  endfacet
  facet normal -5.488460e-001  7.258486e-001 -4.146226e-001
    outer loop
      vertex -5.656854e+000  1.100000e+001 -5.656854e+000
      vertex -7.537087e+000  1.000000e+001 -4.918569e+000
      vertex -7.144710e+000  1.075000e+001 -4.125000e+000
    endloop
  endfacet
  facet normal -4.519521e-001  8.393714e-001 -3.019847e-001
    outer loop
      vertex -5.656854e+000  1.100000e+001 -5.656854e+000
      vertex -7.144710e+000  1.075000e+001 -4.125000e+000
      vertex -7.391036e+000  1.100000e+001 -3.061467e+000
    endloop
  endfacet
  facet normal  4.519522e-001  8.393714e-001 -3.019848e-001
    outer loop
      vertex  5.656854e+000  1.100000e+001 -5.656854e+000
      vertex  7.391036e+000  1.100000e+001 -3.061467e+000
      vertex  7.144710e+000  1.075000e+001 -4.125000e+000
    endloop
  endfacet
  facet normal  6.588568e-001  6.838958e-001 -3.133593e-001
    outer loop
      vertex  7.144710e+000  1.075000e+001 -4.125000e+000
      vertex  7.391036e+000  1.100000e+001 -3.061467e+000
      vertex  8.553287e+000  1.000000e+001 -2.800231e+000
    endloop
  endfacet
  facet normal  6.342434e-001  7.271295e-001 -2.627126e-001
    outer loop
      vertex  7.144710e+000  1.075000e+001 -4.125000e+000
      vertex  8.553287e+000  1.000000e+001 -2.800231e+000
      vertex  8.028149e+000  1.000000e+001 -4.068024e+000
    endloop
  endfacet
  facet normal  5.446370e-001  7.271299e-001 -4.179147e-001
    outer loop
      vertex  7.537087e+000  1.000000e+001 -4.918569e+000
      vertex  6.701715e+000  1.000000e+001 -6.007247e+000
      vertex  7.144710e+000  1.075000e+001 -4.125000e+000
    endloop
  endfacet
  facet normal  5.446371e-001  7.271298e-001 -4.179147e-001
    outer loop
      vertex  7.144710e+000  1.075000e+001 -4.125000e+000
      vertex  6.701715e+000  1.000000e+001 -6.007247e+000
      vertex  5.833631e+000  1.075000e+001 -5.833631e+000
    endloop
  endfacet
  facet normal  5.633900e-001  7.040630e-001 -4.323043e-001
    outer loop
      vertex  7.144710e+000  1.075000e+001 -4.125000e+000
      vertex  5.833631e+000  1.075000e+001 -5.833631e+000
      vertex  5.656854e+000  1.100000e+001 -5.656854e+000
    endloop
  endfacet
  facet normal -9.914449e-001  0.000000e+000  1.305261e-001
    outer loop
      vertex -8.986593e+000  1.000000e+001  4.910622e-001
      vertex -8.986593e+000  0.000000e+000  4.910622e-001
      vertex -8.807479e+000  1.000000e+001  1.851572e+000
    endloop
  endfacet
  facet normal -9.914449e-001  0.000000e+000  1.305261e-001
    outer loop
      vertex -8.807479e+000  1.000000e+001  1.851572e+000
      vertex -8.986593e+000  0.000000e+000  4.910622e-001
      vertex -8.807479e+000  0.000000e+000  1.851572e+000
    endloop
  endfacet
  facet normal -9.238793e-001  0.000000e+000  3.826839e-001
    outer loop
      vertex -8.553287e+000  1.000000e+001  2.800231e+000
      vertex -8.553287e+000  0.000000e+000  2.800231e+000
      vertex -8.028149e+000  1.000000e+001  4.068024e+000
    endloop
  endfacet
  facet normal -9.238793e-001  0.000000e+000  3.826839e-001
    outer loop
      vertex -8.028149e+000  1.000000e+001  4.068024e+000
      vertex -8.553287e+000  0.000000e+000  2.800231e+000
      vertex -8.028149e+000  0.000000e+000  4.068024e+000
    endloop
  endfacet
  facet normal -7.933533e-001  0.000000e+000  6.087615e-001
    outer loop
      vertex -7.537087e+000  1.000000e+001  4.918569e+000
      vertex -7.537087e+000  0.000000e+000  4.918569e+000
      vertex -6.701715e+000  1.000000e+001  6.007247e+000
    endloop
  endfacet
  facet normal -7.933533e-001  0.000000e+000  6.087615e-001
    outer loop
      vertex -6.701715e+000  1.000000e+001  6.007247e+000
      vertex -7.537087e+000  0.000000e+000  4.918569e+000
      vertex -6.701715e+000  0.000000e+000  6.007247e+000
    endloop
  endfacet
  facet normal -6.087615e-001  0.000000e+000  7.933533e-001
    outer loop
      vertex -6.007247e+000  1.000000e+001  6.701715e+000
      vertex -6.007247e+000  0.000000e+000  6.701715e+000
      vertex -4.918569e+000  1.000000e+001  7.537087e+000
    endloop
  endfacet
  facet normal -6.087615e-001  0.000000e+000  7.933533e-001
    outer loop
      vertex -4.918569e+000  1.000000e+001  7.537087e+000
      vertex -6.007247e+000  0.000000e+000  6.701715e+000
      vertex -4.918569e+000  0.000000e+000  7.537087e+000
    endloop
  endfacet
  facet normal -1.305261e-001  0.000000e+000  9.914449e-001
    outer loop
      vertex -1.851572e+000  1.000000e+001  8.807479e+000
      vertex -1.851572e+000  0.000000e+000  8.807479e+000
      vertex -4.910622e-001  1.000000e+001  8.986593e+000
    endloop
  endfacet
  facet normal -1.305261e-001  0.000000e+000  9.914449e-001
    outer loop
      vertex -4.910622e-001  1.000000e+001  8.986593e+000
      vertex -1.851572e+000  0.000000e+000  8.807479e+000
      vertex -4.910622e-001  0.000000e+000  8.986593e+000
    endloop
  endfacet
  facet normal -3.826839e-001  0.000000e+000  9.238793e-001
    outer loop
      vertex -4.068024e+000  1.000000e+001  8.028149e+000
      vertex -4.068024e+000  0.000000e+000  8.028149e+000
      vertex -2.800231e+000  1.000000e+001  8.553287e+000
    endloop
  endfacet
  facet normal -3.826839e-001  0.000000e+000  9.238793e-001
    outer loop
      vertex -2.800231e+000  1.000000e+001  8.553287e+000
      vertex -4.068024e+000  0.000000e+000  8.028149e+000
      vertex -2.800231e+000  0.000000e+000  8.553287e+000
    endloop
  endfacet
  facet normal  7.933533e-001  0.000000e+000 -6.087615e-001
    outer loop
      vertex  7.537087e+000  1.000000e+001 -4.918569e+000
      vertex  7.537087e+000  0.000000e+000 -4.918569e+000
      vertex  6.701715e+000  1.000000e+001 -6.007247e+000
    endloop
  endfacet
  facet normal  7.933533e-001  0.000000e+000 -6.087615e-001
    outer loop
      vertex  6.701715e+000  1.000000e+001 -6.007247e+000
      vertex  7.537087e+000  0.000000e+000 -4.918569e+000
      vertex  6.701715e+000  0.000000e+000 -6.007247e+000
    endloop
  endfacet
  facet normal -9.914449e-001  0.000000e+000 -1.305261e-001
    outer loop
      vertex -8.807479e+000  1.000000e+001 -1.851572e+000
      vertex -8.807479e+000  0.000000e+000 -1.851572e+000
      vertex -8.986593e+000  1.000000e+001 -4.910622e-001
    endloop
  endfacet
  facet normal -9.914449e-001  -0.000000e+000 -1.305261e-001
    outer loop
      vertex -8.986593e+000  1.000000e+001 -4.910622e-001
      vertex -8.807479e+000  0.000000e+000 -1.851572e+000
      vertex -8.986593e+000  0.000000e+000 -4.910622e-001
    endloop
  endfacet
  facet normal -9.238793e-001  0.000000e+000 -3.826839e-001
    outer loop
      vertex -8.028149e+000  1.000000e+001 -4.068024e+000
      vertex -8.028149e+000  0.000000e+000 -4.068024e+000
      vertex -8.553287e+000  1.000000e+001 -2.800231e+000
    endloop
  endfacet
  facet normal -9.238793e-001  -0.000000e+000 -3.826839e-001
    outer loop
      vertex -8.553287e+000  1.000000e+001 -2.800231e+000
      vertex -8.028149e+000  0.000000e+000 -4.068024e+000
      vertex -8.553287e+000  0.000000e+000 -2.800231e+000
    endloop
  endfacet
  facet normal -7.933533e-001  0.000000e+000 -6.087615e-001
    outer loop
      vertex -6.701715e+000  1.000000e+001 -6.007247e+000
      vertex -6.701715e+000  0.000000e+000 -6.007247e+000
      vertex -7.537087e+000  1.000000e+001 -4.918569e+000
    endloop
  endfacet
  facet normal -7.933533e-001  -0.000000e+000 -6.087615e-001
    outer loop
      vertex -7.537087e+000  1.000000e+001 -4.918569e+000
      vertex -6.701715e+000  0.000000e+000 -6.007247e+000
      vertex -7.537087e+000  0.000000e+000 -4.918569e+000
    endloop
  endfacet
  facet normal -6.087615e-001  0.000000e+000 -7.933533e-001
    outer loop
      vertex -4.918569e+000  1.000000e+001 -7.537087e+000
      vertex -4.918569e+000  0.000000e+000 -7.537087e+000
      vertex -6.007247e+000  1.000000e+001 -6.701715e+000
    endloop
  endfacet
  facet normal -6.087615e-001  -0.000000e+000 -7.933533e-001
    outer loop
      vertex -6.007247e+000  1.000000e+001 -6.701715e+000
      vertex -4.918569e+000  0.000000e+000 -7.537087e+000
      vertex -6.007247e+000  0.000000e+000 -6.701715e+000
    endloop
  endfacet
  facet normal -3.826839e-001  0.000000e+000 -9.238793e-001
    outer loop
      vertex -2.800231e+000  1.000000e+001 -8.553287e+000
      vertex -2.800231e+000  0.000000e+000 -8.553287e+000
      vertex -4.068024e+000  1.000000e+001 -8.028149e+000
    endloop
  endfacet
  facet normal -3.826839e-001  -0.000000e+000 -9.238793e-001
    outer loop
      vertex -4.068024e+000  1.000000e+001 -8.028149e+000
      vertex -2.800231e+000  0.000000e+000 -8.553287e+000
      vertex -4.068024e+000  0.000000e+000 -8.028149e+000
    endloop
  endfacet
  facet normal -1.305261e-001  0.000000e+000 -9.914449e-001
    outer loop
      vertex -4.910622e-001  1.000000e+001 -8.986593e+000
      vertex -4.910622e-001  0.000000e+000 -8.986593e+000
      vertex -1.851572e+000  1.000000e+001 -8.807479e+000
    endloop
  endfacet
  facet normal -1.305261e-001  -0.000000e+000 -9.914449e-001
    outer loop
      vertex -1.851572e+000  1.000000e+001 -8.807479e+000
      vertex -4.910622e-001  0.000000e+000 -8.986593e+000
      vertex -1.851572e+000  0.000000e+000 -8.807479e+000
    endloop
  endfacet
  facet normal  1.305261e-001  0.000000e+000 -9.914449e-001
    outer loop
      vertex  1.851572e+000  1.000000e+001 -8.807479e+000
      vertex  1.851572e+000  0.000000e+000 -8.807479e+000
      vertex  4.910622e-001  1.000000e+001 -8.986593e+000
    endloop
  endfacet
  facet normal  1.305261e-001  0.000000e+000 -9.914449e-001
    outer loop
      vertex  4.910622e-001  1.000000e+001 -8.986593e+000
      vertex  1.851572e+000  0.000000e+000 -8.807479e+000
      vertex  4.910622e-001  0.000000e+000 -8.986593e+000
    endloop
  endfacet
  facet normal  3.826839e-001  0.000000e+000 -9.238793e-001
    outer loop
      vertex  4.068024e+000  1.000000e+001 -8.028149e+000
      vertex  4.068024e+000  0.000000e+000 -8.028149e+000
      vertex  2.800231e+000  1.000000e+001 -8.553287e+000
    endloop
  endfacet
  facet normal  3.826839e-001  0.000000e+000 -9.238793e-001
    outer loop
      vertex  2.800231e+000  1.000000e+001 -8.553287e+000
      vertex  4.068024e+000  0.000000e+000 -8.028149e+000
      vertex  2.800231e+000  0.000000e+000 -8.553287e+000
    endloop
  endfacet
  facet normal  6.087615e-001  0.000000e+000 -7.933533e-001
    outer loop
      vertex  6.007247e+000  1.000000e+001 -6.701715e+000
      vertex  6.007247e+000  0.000000e+000 -6.701715e+000
      vertex  4.918569e+000  1.000000e+001 -7.537087e+000
    endloop
  endfacet
  facet normal  6.087615e-001  0.000000e+000 -7.933533e-001
    outer loop
      vertex  4.918569e+000  1.000000e+001 -7.537087e+000
      vertex  6.007247e+000  0.000000e+000 -6.701715e+000
      vertex  4.918569e+000  0.000000e+000 -7.537087e+000
    endloop
  endfacet
  facet normal  9.238793e-001  0.000000e+000 -3.826839e-001
    outer loop
      vertex  8.553287e+000  1.000000e+001 -2.800231e+000
      vertex  8.553287e+000  0.000000e+000 -2.800231e+000
      vertex  8.028149e+000  1.000000e+001 -4.068024e+000
    endloop
  endfacet
  facet normal  9.238793e-001  0.000000e+000 -3.826839e-001
    outer loop
      vertex  8.028149e+000  1.000000e+001 -4.068024e+000
      vertex  8.553287e+000  0.000000e+000 -2.800231e+000
      vertex  8.028149e+000  0.000000e+000 -4.068024e+000
    endloop
  endfacet
  facet normal  9.914449e-001  0.000000e+000 -1.305261e-001
    outer loop
      vertex  8.986593e+000  1.000000e+001 -4.910622e-001
      vertex  8.986593e+000  0.000000e+000 -4.910622e-001
      vertex  8.807479e+000  1.000000e+001 -1.851572e+000
    endloop
  endfacet
  facet normal  9.914449e-001  0.000000e+000 -1.305261e-001
    outer loop
      vertex  8.807479e+000  1.000000e+001 -1.851572e+000
      vertex  8.986593e+000  0.000000e+000 -4.910622e-001
      vertex  8.807479e+000  0.000000e+000 -1.851572e+000
    endloop
  endfacet
  facet normal  5.331137e-001  8.393715e-001  1.060429e-001
    outer loop
      vertex  7.391036e+000  1.100000e+001  3.061467e+000
      vertex  7.968888e+000  1.075000e+001  2.135257e+000
      vertex  8.000000e+000  1.100000e+001 -6.382105e-015
    endloop
  endfacet
  facet normal -8.960614e-002  7.271298e-001  6.806269e-001
    outer loop
      vertex -1.851572e+000  1.000000e+001  8.807479e+000
      vertex -4.910622e-001  1.000000e+001  8.986593e+000
      vertex -2.135257e+000  1.075000e+001  7.968888e+000
    endloop
  endfacet
  facet normal  4.179147e-001  7.271299e-001  5.446370e-001
    outer loop
      vertex  4.125000e+000  1.075000e+001  7.144710e+000
      vertex  4.918569e+000  1.000000e+001  7.537087e+000
      vertex  6.007247e+000  1.000000e+001  6.701715e+000
    endloop
  endfacet
  facet normal  4.179147e-001  7.271298e-001  5.446371e-001
    outer loop
      vertex  4.125000e+000  1.075000e+001  7.144710e+000
      vertex  6.007247e+000  1.000000e+001  6.701715e+000
      vertex  5.833631e+000  1.075000e+001  5.833631e+000
    endloop
  endfacet
  facet normal  4.323043e-001  7.040630e-001  5.633900e-001
    outer loop
      vertex  4.125000e+000  1.075000e+001  7.144710e+000
      vertex  5.833631e+000  1.075000e+001  5.833631e+000
      vertex  5.656854e+000  1.100000e+001  5.656854e+000
    endloop
  endfacet
  facet normal  3.019847e-001  8.393714e-001  4.519521e-001
    outer loop
      vertex  4.125000e+000  1.075000e+001  7.144710e+000
      vertex  5.656854e+000  1.100000e+001  5.656854e+000
      vertex  3.061467e+000  1.100000e+001  7.391036e+000
    endloop
  endfacet
  facet normal  3.109022e-001  5.830635e-001  7.505841e-001
    outer loop
      vertex  4.125000e+000  1.075000e+001  7.144710e+000
      vertex  3.061467e+000  1.100000e+001  7.391036e+000
      vertex  2.135257e+000  1.075000e+001  7.968888e+000
    endloop
  endfacet
  facet normal  2.627122e-001  7.271299e-001  6.342432e-001
    outer loop
      vertex  4.125000e+000  1.075000e+001  7.144710e+000
      vertex  2.135257e+000  1.075000e+001  7.968888e+000
      vertex  2.800231e+000  1.000000e+001  8.553287e+000
    endloop
  endfacet
  facet normal  2.627126e-001  7.271295e-001  6.342434e-001
    outer loop
      vertex  4.125000e+000  1.075000e+001  7.144710e+000
      vertex  2.800231e+000  1.000000e+001  8.553287e+000
      vertex  4.068024e+000  1.000000e+001  8.028149e+000
    endloop
  endfacet
  facet normal -6.641411e-001  7.140008e-001  2.216292e-001
    outer loop
      vertex -7.968888e+000  1.075000e+001  2.135257e+000
      vertex -8.553287e+000  1.000000e+001  2.800231e+000
      vertex -7.391036e+000  1.100000e+001  3.061467e+000
    endloop
  endfacet
  facet normal -5.331137e-001  8.393715e-001  1.060429e-001
    outer loop
      vertex -7.968888e+000  1.075000e+001  2.135257e+000
      vertex -7.391036e+000  1.100000e+001  3.061467e+000
      vertex -8.000000e+000  1.100000e+001 -2.215830e-015
    endloop
  endfacet
  facet normal -7.040626e-001  7.040626e-001  9.269153e-002
    outer loop
      vertex -7.968888e+000  1.075000e+001  2.135257e+000
      vertex -8.000000e+000  1.100000e+001 -2.215830e-015
      vertex -8.250000e+000  1.075000e+001 -1.443290e-015
    endloop
  endfacet
  facet normal -6.806269e-001  7.271298e-001  8.960617e-002
    outer loop
      vertex -7.968888e+000  1.075000e+001  2.135257e+000
      vertex -8.250000e+000  1.075000e+001 -1.443290e-015
      vertex -8.986593e+000  1.000000e+001  4.910622e-001
    endloop
  endfacet
  facet normal -6.806269e-001  7.271298e-001  8.960614e-002
    outer loop
      vertex -7.968888e+000  1.075000e+001  2.135257e+000
      vertex -8.986593e+000  1.000000e+001  4.910622e-001
      vertex -8.807479e+000  1.000000e+001  1.851572e+000
    endloop
  endfacet
  facet normal -2.627126e-001  7.271295e-001  6.342434e-001
    outer loop
      vertex -4.125000e+000  1.075000e+001  7.144710e+000
      vertex -4.068024e+000  1.000000e+001  8.028149e+000
      vertex -2.800231e+000  1.000000e+001  8.553287e+000
    endloop
  endfacet
  facet normal -2.627122e-001  7.271299e-001  6.342432e-001
    outer loop
      vertex -4.125000e+000  1.075000e+001  7.144710e+000
      vertex -2.800231e+000  1.000000e+001  8.553287e+000
      vertex -2.135257e+000  1.075000e+001  7.968888e+000
    endloop
  endfacet
  facet normal -3.109022e-001  5.830635e-001  7.505842e-001
    outer loop
      vertex -4.125000e+000  1.075000e+001  7.144710e+000
      vertex -2.135257e+000  1.075000e+001  7.968888e+000
      vertex -3.061467e+000  1.100000e+001  7.391036e+000
    endloop
  endfacet
  facet normal -3.019848e-001  8.393714e-001  4.519522e-001
    outer loop
      vertex -4.125000e+000  1.075000e+001  7.144710e+000
      vertex -3.061467e+000  1.100000e+001  7.391036e+000
      vertex -5.656854e+000  1.100000e+001  5.656854e+000
    endloop
  endfacet
  facet normal -4.323043e-001  7.040631e-001  5.633900e-001
    outer loop
      vertex -4.125000e+000  1.075000e+001  7.144710e+000
      vertex -5.656854e+000  1.100000e+001  5.656854e+000
      vertex -5.833631e+000  1.075000e+001  5.833631e+000
    endloop
  endfacet
  facet normal -4.179147e-001  7.271298e-001  5.446371e-001
    outer loop
      vertex -4.125000e+000  1.075000e+001  7.144710e+000
      vertex -5.833631e+000  1.075000e+001  5.833631e+000
      vertex -6.007247e+000  1.000000e+001  6.701715e+000
    endloop
  endfacet
  facet normal -4.179147e-001  7.271299e-001  5.446370e-001
    outer loop
      vertex -4.125000e+000  1.075000e+001  7.144710e+000
      vertex -6.007247e+000  1.000000e+001  6.701715e+000
      vertex -4.918569e+000  1.000000e+001  7.537087e+000
    endloop
  endfacet
  facet normal -1.060430e-001  8.393716e-001  5.331137e-001
    outer loop
      vertex  2.720995e-015  1.100000e+001  8.000000e+000
      vertex -3.061467e+000  1.100000e+001  7.391036e+000
      vertex -2.135257e+000  1.075000e+001  7.968888e+000
    endloop
  endfacet
  facet normal -9.455189e-002  7.223156e-001  6.850693e-001
    outer loop
      vertex  2.720995e-015  1.100000e+001  8.000000e+000
      vertex -2.135257e+000  1.075000e+001  7.968888e+000
      vertex -4.910622e-001  1.000000e+001  8.986593e+000
    endloop
  endfacet
  facet normal -1.930151e-002  7.069750e-001  7.069750e-001
    outer loop
      vertex  2.720995e-015  1.100000e+001  8.000000e+000
      vertex -4.910622e-001  1.000000e+001  8.986593e+000
      vertex  1.110223e-016  1.075000e+001  8.250000e+000
    endloop
  endfacet
  facet normal  1.930151e-002  7.069750e-001  7.069750e-001
    outer loop
      vertex  2.720995e-015  1.100000e+001  8.000000e+000
      vertex  1.110223e-016  1.075000e+001  8.250000e+000
      vertex  4.910622e-001  1.000000e+001  8.986593e+000
    endloop
  endfacet
  facet normal  9.036715e-002  7.215807e-001  6.864073e-001
    outer loop
      vertex  2.720995e-015  1.100000e+001  8.000000e+000
      vertex  4.910622e-001  1.000000e+001  8.986593e+000
      vertex  1.851572e+000  1.000000e+001  8.807479e+000
    endloop
  endfacet
  facet normal  9.491026e-002  7.258486e-001  6.812752e-001
    outer loop
      vertex  2.720995e-015  1.100000e+001  8.000000e+000
      vertex  1.851572e+000  1.000000e+001  8.807479e+000
      vertex  2.135257e+000  1.075000e+001  7.968888e+000
    endloop
  endfacet
  facet normal  1.060430e-001  8.393716e-001  5.331137e-001
    outer loop
      vertex  2.720995e-015  1.100000e+001  8.000000e+000
      vertex  2.135257e+000  1.075000e+001  7.968888e+000
      vertex  3.061467e+000  1.100000e+001  7.391036e+000
    endloop
  endfacet
  facet normal  5.135558e-001  7.069754e-001  4.862573e-001
    outer loop
      vertex  5.656854e+000  1.100000e+001  5.656854e+000
      vertex  5.833631e+000  1.075000e+001  5.833631e+000
      vertex  6.701715e+000  1.000000e+001  6.007247e+000
    endloop
  endfacet
  facet normal  5.492625e-001  7.215807e-001  4.214640e-001
    outer loop
      vertex  5.656854e+000  1.100000e+001  5.656854e+000
      vertex  6.701715e+000  1.000000e+001  6.007247e+000
      vertex  7.537087e+000  1.000000e+001  4.918569e+000
    endloop
  endfacet
  facet normal  5.488460e-001  7.258486e-001  4.146226e-001
    outer loop
      vertex  5.656854e+000  1.100000e+001  5.656854e+000
      vertex  7.537087e+000  1.000000e+001  4.918569e+000
      vertex  7.144710e+000  1.075000e+001  4.125000e+000
    endloop
  endfacet
  facet normal  4.519521e-001  8.393714e-001  3.019847e-001
    outer loop
      vertex  5.656854e+000  1.100000e+001  5.656854e+000
      vertex  7.144710e+000  1.075000e+001  4.125000e+000
      vertex  7.391036e+000  1.100000e+001  3.061467e+000
    endloop
  endfacet
  facet normal -4.519522e-001  8.393714e-001  3.019848e-001
    outer loop
      vertex -5.656854e+000  1.100000e+001  5.656854e+000
      vertex -7.391036e+000  1.100000e+001  3.061467e+000
      vertex -7.144710e+000  1.075000e+001  4.125000e+000
    endloop
  endfacet
  facet normal -6.588568e-001  6.838958e-001  3.133593e-001
    outer loop
      vertex -7.144710e+000  1.075000e+001  4.125000e+000
      vertex -7.391036e+000  1.100000e+001  3.061467e+000
      vertex -8.553287e+000  1.000000e+001  2.800231e+000
    endloop
  endfacet
  facet normal -6.342434e-001  7.271295e-001  2.627126e-001
    outer loop
      vertex -7.144710e+000  1.075000e+001  4.125000e+000
      vertex -8.553287e+000  1.000000e+001  2.800231e+000
      vertex -8.028149e+000  1.000000e+001  4.068024e+000
    endloop
  endfacet
  facet normal -5.446370e-001  7.271299e-001  4.179147e-001
    outer loop
      vertex -7.537087e+000  1.000000e+001  4.918569e+000
      vertex -6.701715e+000  1.000000e+001  6.007247e+000
      vertex -7.144710e+000  1.075000e+001  4.125000e+000
    endloop
  endfacet
  facet normal -5.446371e-001  7.271298e-001  4.179147e-001
    outer loop
      vertex -7.144710e+000  1.075000e+001  4.125000e+000
      vertex -6.701715e+000  1.000000e+001  6.007247e+000
      vertex -5.833631e+000  1.075000e+001  5.833631e+000
    endloop
  endfacet
  facet normal -5.633900e-001  7.040630e-001  4.323043e-001
    outer loop
      vertex -7.144710e+000  1.075000e+001  4.125000e+000
      vertex -5.833631e+000  1.075000e+001  5.833631e+000
      vertex -5.656854e+000  1.100000e+001  5.656854e+000
    endloop
  endfacet
  facet normal  6.263344e-001  7.140005e-001  3.129033e-001
    outer loop
      vertex  7.144710e+000  1.075000e+001  4.125000e+000
      vertex  8.028149e+000  1.000000e+001  4.068024e+000
      vertex  7.391036e+000  1.100000e+001  3.061467e+000
    endloop
  endfacet
  facet normal  6.618919e-001  6.976623e-001  2.741650e-001
    outer loop
      vertex  7.391036e+000  1.100000e+001  3.061467e+000
      vertex  8.028149e+000  1.000000e+001  4.068024e+000
      vertex  8.553287e+000  1.000000e+001  2.800231e+000
    endloop
  endfacet
  facet normal  6.641411e-001  7.140008e-001  2.216292e-001
    outer loop
      vertex  7.391036e+000  1.100000e+001  3.061467e+000
      vertex  8.553287e+000  1.000000e+001  2.800231e+000
      vertex  7.968888e+000  1.075000e+001  2.135257e+000
    endloop
  endfacet
  facet normal  7.040626e-001  7.040626e-001  9.269153e-002
    outer loop
      vertex  8.000000e+000  1.100000e+001 -6.382105e-015
      vertex  7.968888e+000  1.075000e+001  2.135257e+000
      vertex  8.250000e+000  1.075000e+001 -1.332268e-015
    endloop
  endfacet
  facet normal  6.806269e-001  7.271299e-001  8.960617e-002
    outer loop
      vertex  8.250000e+000  1.075000e+001 -1.332268e-015
      vertex  7.968888e+000  1.075000e+001  2.135257e+000
      vertex  8.807479e+000  1.000000e+001  1.851572e+000
    endloop
  endfacet
  facet normal  6.806269e-001  7.271298e-001  8.960614e-002
    outer loop
      vertex  8.250000e+000  1.075000e+001 -1.332268e-015
      vertex  8.807479e+000  1.000000e+001  1.851572e+000
      vertex  8.986593e+000  1.000000e+001  4.910622e-001
    endloop
  endfacet
  facet normal  6.601320e-001  0.000000e+000  7.511497e-001
    outer loop
      vertex -2.800231e+000  0.000000e+000  8.553287e+000
      vertex -2.135257e+000  0.000000e+000  7.968888e+000
      vertex -2.800231e+000  1.000000e+001  8.553287e+000
    endloop
  endfacet
  facet normal  6.601319e-001  0.000000e+000  7.511497e-001
    outer loop
      vertex -2.800231e+000  1.000000e+001  8.553287e+000
      vertex -2.135257e+000  0.000000e+000  7.968888e+000
      vertex -2.135257e+000  1.075000e+001  7.968888e+000
    endloop
  endfacet
  facet normal -9.472659e-001  0.000000e+000  3.204486e-001
    outer loop
      vertex -2.135257e+000  0.000000e+000  7.968888e+000
      vertex -1.851572e+000  0.000000e+000  8.807479e+000
      vertex -2.135257e+000  1.075000e+001  7.968888e+000
    endloop
  endfacet
  facet normal -9.472659e-001  0.000000e+000  3.204486e-001
    outer loop
      vertex -2.135257e+000  1.075000e+001  7.968888e+000
      vertex -1.851572e+000  0.000000e+000  8.807479e+000
      vertex -1.851572e+000  1.000000e+001  8.807479e+000
    endloop
  endfacet
  facet normal  4.432265e-001  0.000000e+000  8.964096e-001
    outer loop
      vertex -4.918569e+000  0.000000e+000  7.537087e+000
      vertex -4.125000e+000  0.000000e+000  7.144710e+000
      vertex -4.918569e+000  1.000000e+001  7.537087e+000
    endloop
  endfacet
  facet normal  4.432265e-001  0.000000e+000  8.964096e-001
    outer loop
      vertex -4.918569e+000  1.000000e+001  7.537087e+000
      vertex -4.125000e+000  0.000000e+000  7.144710e+000
      vertex -4.125000e+000  1.075000e+001  7.144710e+000
    endloop
  endfacet
  facet normal -9.979268e-001  0.000000e+000  6.435952e-002
    outer loop
      vertex -4.125000e+000  0.000000e+000  7.144710e+000
      vertex -4.068024e+000  0.000000e+000  8.028149e+000
      vertex -4.125000e+000  1.075000e+001  7.144710e+000
    endloop
  endfacet
  facet normal -9.979268e-001  0.000000e+000  6.435952e-002
    outer loop
      vertex -4.125000e+000  1.075000e+001  7.144710e+000
      vertex -4.068024e+000  0.000000e+000  8.028149e+000
      vertex -4.068024e+000  1.000000e+001  8.028149e+000
    endloop
  endfacet
  facet normal  1.961158e-001  0.000000e+000  9.805807e-001
    outer loop
      vertex -6.701715e+000  0.000000e+000  6.007247e+000
      vertex -5.833631e+000  0.000000e+000  5.833631e+000
      vertex -6.701715e+000  1.000000e+001  6.007247e+000
    endloop
  endfacet
  facet normal  1.961158e-001  0.000000e+000  9.805808e-001
    outer loop
      vertex -6.701715e+000  1.000000e+001  6.007247e+000
      vertex -5.833631e+000  0.000000e+000  5.833631e+000
      vertex -5.833631e+000  1.075000e+001  5.833631e+000
    endloop
  endfacet
  facet normal -9.805808e-001  0.000000e+000 -1.961158e-001
    outer loop
      vertex -5.833631e+000  0.000000e+000  5.833631e+000
      vertex -6.007247e+000  0.000000e+000  6.701715e+000
      vertex -5.833631e+000  1.075000e+001  5.833631e+000
    endloop
  endfacet
  facet normal -9.805807e-001  0.000000e+000 -1.961158e-001
    outer loop
      vertex -5.833631e+000  1.075000e+001  5.833631e+000
      vertex -6.007247e+000  0.000000e+000  6.701715e+000
      vertex -6.007247e+000  1.000000e+001  6.701715e+000
    endloop
  endfacet
  facet normal -6.435952e-002  0.000000e+000  9.979268e-001
    outer loop
      vertex -8.028149e+000  0.000000e+000  4.068024e+000
      vertex -7.144710e+000  0.000000e+000  4.125000e+000
      vertex -8.028149e+000  1.000000e+001  4.068024e+000
    endloop
  endfacet
  facet normal -6.435952e-002  0.000000e+000  9.979268e-001
    outer loop
      vertex -8.028149e+000  1.000000e+001  4.068024e+000
      vertex -7.144710e+000  0.000000e+000  4.125000e+000
      vertex -7.144710e+000  1.075000e+001  4.125000e+000
    endloop
  endfacet
  facet normal -8.964096e-001  0.000000e+000 -4.432265e-001
    outer loop
      vertex -7.144710e+000  0.000000e+000  4.125000e+000
      vertex -7.537087e+000  0.000000e+000  4.918569e+000
      vertex -7.144710e+000  1.075000e+001  4.125000e+000
    endloop
  endfacet
  facet normal -8.964096e-001  0.000000e+000 -4.432265e-001
    outer loop
      vertex -7.144710e+000  1.075000e+001  4.125000e+000
      vertex -7.537087e+000  0.000000e+000  4.918569e+000
      vertex -7.537087e+000  1.000000e+001  4.918569e+000
    endloop
  endfacet
  facet normal -3.204486e-001  0.000000e+000  9.472659e-001
    outer loop
      vertex -8.807479e+000  0.000000e+000  1.851572e+000
      vertex -7.968888e+000  0.000000e+000  2.135257e+000
      vertex -8.807479e+000  1.000000e+001  1.851572e+000
    endloop
  endfacet
  facet normal -3.204486e-001  0.000000e+000  9.472659e-001
    outer loop
      vertex -8.807479e+000  1.000000e+001  1.851572e+000
      vertex -7.968888e+000  0.000000e+000  2.135257e+000
      vertex -7.968888e+000  1.075000e+001  2.135257e+000
    endloop
  endfacet
  facet normal -7.511497e-001  0.000000e+000 -6.601319e-001
    outer loop
      vertex -7.968888e+000  0.000000e+000  2.135257e+000
      vertex -8.553287e+000  0.000000e+000  2.800231e+000
      vertex -7.968888e+000  1.075000e+001  2.135257e+000
    endloop
  endfacet
  facet normal -7.511497e-001  0.000000e+000 -6.601320e-001
    outer loop
      vertex -7.968888e+000  1.075000e+001  2.135257e+000
      vertex -8.553287e+000  0.000000e+000  2.800231e+000
      vertex -8.553287e+000  1.000000e+001  2.800231e+000
    endloop
  endfacet
  facet normal -5.547002e-001  0.000000e+000  8.320503e-001
    outer loop
      vertex -8.986593e+000  0.000000e+000 -4.910622e-001
      vertex -8.250000e+000  0.000000e+000 -4.191092e-015
      vertex -8.986593e+000  1.000000e+001 -4.910622e-001
    endloop
  endfacet
  facet normal -5.547003e-001  0.000000e+000  8.320504e-001
    outer loop
      vertex -8.986593e+000  1.000000e+001 -4.910622e-001
      vertex -8.250000e+000  0.000000e+000 -4.191092e-015
      vertex -8.250000e+000  1.075000e+001 -1.443290e-015
    endloop
  endfacet
  facet normal -5.547003e-001  0.000000e+000 -8.320504e-001
    outer loop
      vertex -8.250000e+000  0.000000e+000 -4.191092e-015
      vertex -8.986593e+000  0.000000e+000  4.910622e-001
      vertex -8.250000e+000  1.075000e+001 -1.443290e-015
    endloop
  endfacet
  facet normal -5.547002e-001  0.000000e+000 -8.320503e-001
    outer loop
      vertex -8.250000e+000  1.075000e+001 -1.443290e-015
      vertex -8.986593e+000  0.000000e+000  4.910622e-001
      vertex -8.986593e+000  1.000000e+001  4.910622e-001
    endloop
  endfacet
  facet normal -7.511497e-001  0.000000e+000  6.601320e-001
    outer loop
      vertex -8.553287e+000  0.000000e+000 -2.800231e+000
      vertex -7.968888e+000  0.000000e+000 -2.135257e+000
      vertex -8.553287e+000  1.000000e+001 -2.800231e+000
    endloop
  endfacet
  facet normal -7.511497e-001  0.000000e+000  6.601319e-001
    outer loop
      vertex -8.553287e+000  1.000000e+001 -2.800231e+000
      vertex -7.968888e+000  0.000000e+000 -2.135257e+000
      vertex -7.968888e+000  1.075000e+001 -2.135257e+000
    endloop
  endfacet
  facet normal -3.204486e-001  0.000000e+000 -9.472659e-001
    outer loop
      vertex -7.968888e+000  0.000000e+000 -2.135257e+000
      vertex -8.807479e+000  0.000000e+000 -1.851572e+000
      vertex -7.968888e+000  1.075000e+001 -2.135257e+000
    endloop
  endfacet
  facet normal -3.204486e-001  0.000000e+000 -9.472659e-001
    outer loop
      vertex -7.968888e+000  1.075000e+001 -2.135257e+000
      vertex -8.807479e+000  0.000000e+000 -1.851572e+000
      vertex -8.807479e+000  1.000000e+001 -1.851572e+000
    endloop
  endfacet
  facet normal -8.964096e-001  0.000000e+000  4.432265e-001
    outer loop
      vertex -7.537087e+000  0.000000e+000 -4.918569e+000
      vertex -7.144710e+000  0.000000e+000 -4.125000e+000
      vertex -7.537087e+000  1.000000e+001 -4.918569e+000
    endloop
  endfacet
  facet normal -8.964096e-001  0.000000e+000  4.432265e-001
    outer loop
      vertex -7.537087e+000  1.000000e+001 -4.918569e+000
      vertex -7.144710e+000  0.000000e+000 -4.125000e+000
      vertex -7.144710e+000  1.075000e+001 -4.125000e+000
    endloop
  endfacet
  facet normal -6.435952e-002  0.000000e+000 -9.979268e-001
    outer loop
      vertex -7.144710e+000  0.000000e+000 -4.125000e+000
      vertex -8.028149e+000  0.000000e+000 -4.068024e+000
      vertex -7.144710e+000  1.075000e+001 -4.125000e+000
    endloop
  endfacet
  facet normal -6.435952e-002  0.000000e+000 -9.979268e-001
    outer loop
      vertex -7.144710e+000  1.075000e+001 -4.125000e+000
      vertex -8.028149e+000  0.000000e+000 -4.068024e+000
      vertex -8.028149e+000  1.000000e+001 -4.068024e+000
    endloop
  endfacet
  facet normal -9.805807e-001  0.000000e+000  1.961158e-001
    outer loop
      vertex -6.007247e+000  0.000000e+000 -6.701715e+000
      vertex -5.833631e+000  0.000000e+000 -5.833631e+000
      vertex -6.007247e+000  1.000000e+001 -6.701715e+000
    endloop
  endfacet
  facet normal -9.805808e-001  0.000000e+000  1.961158e-001
    outer loop
      vertex -6.007247e+000  1.000000e+001 -6.701715e+000
      vertex -5.833631e+000  0.000000e+000 -5.833631e+000
      vertex -5.833631e+000  1.075000e+001 -5.833631e+000
    endloop
  endfacet
  facet normal  1.961158e-001  0.000000e+000 -9.805808e-001
    outer loop
      vertex -5.833631e+000  0.000000e+000 -5.833631e+000
      vertex -6.701715e+000  0.000000e+000 -6.007247e+000
      vertex -5.833631e+000  1.075000e+001 -5.833631e+000
    endloop
  endfacet
  facet normal  1.961158e-001  0.000000e+000 -9.805807e-001
    outer loop
      vertex -5.833631e+000  1.075000e+001 -5.833631e+000
      vertex -6.701715e+000  0.000000e+000 -6.007247e+000
      vertex -6.701715e+000  1.000000e+001 -6.007247e+000
    endloop
  endfacet
  facet normal -9.979268e-001  0.000000e+000 -6.435952e-002
    outer loop
      vertex -4.068024e+000  0.000000e+000 -8.028149e+000
      vertex -4.125000e+000  0.000000e+000 -7.144710e+000
      vertex -4.068024e+000  1.000000e+001 -8.028149e+000
    endloop
  endfacet
  facet normal -9.979268e-001  0.000000e+000 -6.435952e-002
    outer loop
      vertex -4.068024e+000  1.000000e+001 -8.028149e+000
      vertex -4.125000e+000  0.000000e+000 -7.144710e+000
      vertex -4.125000e+000  1.075000e+001 -7.144710e+000
    endloop
  endfacet
  facet normal  4.432265e-001  0.000000e+000 -8.964096e-001
    outer loop
      vertex -4.125000e+000  0.000000e+000 -7.144710e+000
      vertex -4.918569e+000  0.000000e+000 -7.537087e+000
      vertex -4.125000e+000  1.075000e+001 -7.144710e+000
    endloop
  endfacet
  facet normal  4.432265e-001  0.000000e+000 -8.964096e-001
    outer loop
      vertex -4.125000e+000  1.075000e+001 -7.144710e+000
      vertex -4.918569e+000  0.000000e+000 -7.537087e+000
      vertex -4.918569e+000  1.000000e+001 -7.537087e+000
    endloop
  endfacet
  facet normal -9.472659e-001  0.000000e+000 -3.204486e-001
    outer loop
      vertex -1.851572e+000  0.000000e+000 -8.807479e+000
      vertex -2.135257e+000  0.000000e+000 -7.968888e+000
      vertex -1.851572e+000  1.000000e+001 -8.807479e+000
    endloop
  endfacet
  facet normal -9.472659e-001  0.000000e+000 -3.204486e-001
    outer loop
      vertex -1.851572e+000  1.000000e+001 -8.807479e+000
      vertex -2.135257e+000  0.000000e+000 -7.968888e+000
      vertex -2.135257e+000  1.075000e+001 -7.968888e+000
    endloop
  endfacet
  facet normal  6.601319e-001  0.000000e+000 -7.511497e-001
    outer loop
      vertex -2.135257e+000  0.000000e+000 -7.968888e+000
      vertex -2.800231e+000  0.000000e+000 -8.553287e+000
      vertex -2.135257e+000  1.075000e+001 -7.968888e+000
    endloop
  endfacet
  facet normal  6.601320e-001  0.000000e+000 -7.511497e-001
    outer loop
      vertex -2.135257e+000  1.075000e+001 -7.968888e+000
      vertex -2.800231e+000  0.000000e+000 -8.553287e+000
      vertex -2.800231e+000  1.000000e+001 -8.553287e+000
    endloop
  endfacet
  facet normal -8.320503e-001  0.000000e+000 -5.547002e-001
    outer loop
      vertex  4.910622e-001  0.000000e+000 -8.986593e+000
      vertex  3.663736e-015  0.000000e+000 -8.250000e+000
      vertex  4.910622e-001  1.000000e+001 -8.986593e+000
    endloop
  endfacet
  facet normal -8.320504e-001  0.000000e+000 -5.547003e-001
    outer loop
      vertex  4.910622e-001  1.000000e+001 -8.986593e+000
      vertex  3.663736e-015  0.000000e+000 -8.250000e+000
      vertex  8.881784e-016  1.075000e+001 -8.250000e+000
    endloop
  endfacet
  facet normal  8.320504e-001  0.000000e+000 -5.547003e-001
    outer loop
      vertex  3.663736e-015  0.000000e+000 -8.250000e+000
      vertex -4.910622e-001  0.000000e+000 -8.986593e+000
      vertex  8.881784e-016  1.075000e+001 -8.250000e+000
    endloop
  endfacet
  facet normal  8.320503e-001  0.000000e+000 -5.547002e-001
    outer loop
      vertex  8.881784e-016  1.075000e+001 -8.250000e+000
      vertex -4.910622e-001  0.000000e+000 -8.986593e+000
      vertex -4.910622e-001  1.000000e+001 -8.986593e+000
    endloop
  endfacet
  facet normal -6.601320e-001  0.000000e+000 -7.511497e-001
    outer loop
      vertex  2.800231e+000  0.000000e+000 -8.553287e+000
      vertex  2.135257e+000  0.000000e+000 -7.968888e+000
      vertex  2.800231e+000  1.000000e+001 -8.553287e+000
    endloop
  endfacet
  facet normal -6.601319e-001  0.000000e+000 -7.511497e-001
    outer loop
      vertex  2.800231e+000  1.000000e+001 -8.553287e+000
      vertex  2.135257e+000  0.000000e+000 -7.968888e+000
      vertex  2.135257e+000  1.075000e+001 -7.968888e+000
    endloop
  endfacet
  facet normal  9.472659e-001  0.000000e+000 -3.204486e-001
    outer loop
      vertex  2.135257e+000  0.000000e+000 -7.968888e+000
      vertex  1.851572e+000  0.000000e+000 -8.807479e+000
      vertex  2.135257e+000  1.075000e+001 -7.968888e+000
    endloop
  endfacet
  facet normal  9.472659e-001  0.000000e+000 -3.204486e-001
    outer loop
      vertex  2.135257e+000  1.075000e+001 -7.968888e+000
      vertex  1.851572e+000  0.000000e+000 -8.807479e+000
      vertex  1.851572e+000  1.000000e+001 -8.807479e+000
    endloop
  endfacet
  facet normal -4.432265e-001  0.000000e+000 -8.964096e-001
    outer loop
      vertex  4.918569e+000  0.000000e+000 -7.537087e+000
      vertex  4.125000e+000  0.000000e+000 -7.144710e+000
      vertex  4.918569e+000  1.000000e+001 -7.537087e+000
    endloop
  endfacet
  facet normal -4.432265e-001  0.000000e+000 -8.964096e-001
    outer loop
      vertex  4.918569e+000  1.000000e+001 -7.537087e+000
      vertex  4.125000e+000  0.000000e+000 -7.144710e+000
      vertex  4.125000e+000  1.075000e+001 -7.144710e+000
    endloop
  endfacet
  facet normal  9.979268e-001  0.000000e+000 -6.435952e-002
    outer loop
      vertex  4.125000e+000  0.000000e+000 -7.144710e+000
      vertex  4.068024e+000  0.000000e+000 -8.028149e+000
      vertex  4.125000e+000  1.075000e+001 -7.144710e+000
    endloop
  endfacet
  facet normal  9.979268e-001  0.000000e+000 -6.435952e-002
    outer loop
      vertex  4.125000e+000  1.075000e+001 -7.144710e+000
      vertex  4.068024e+000  0.000000e+000 -8.028149e+000
      vertex  4.068024e+000  1.000000e+001 -8.028149e+000
    endloop
  endfacet
  facet normal -1.961158e-001  0.000000e+000 -9.805807e-001
    outer loop
      vertex  6.701715e+000  0.000000e+000 -6.007247e+000
      vertex  5.833631e+000  0.000000e+000 -5.833631e+000
      vertex  6.701715e+000  1.000000e+001 -6.007247e+000
    endloop
  endfacet
  facet normal -1.961158e-001  0.000000e+000 -9.805808e-001
    outer loop
      vertex  6.701715e+000  1.000000e+001 -6.007247e+000
      vertex  5.833631e+000  0.000000e+000 -5.833631e+000
      vertex  5.833631e+000  1.075000e+001 -5.833631e+000
    endloop
  endfacet
  facet normal  9.805808e-001  0.000000e+000  1.961158e-001
    outer loop
      vertex  5.833631e+000  0.000000e+000 -5.833631e+000
      vertex  6.007247e+000  0.000000e+000 -6.701715e+000
      vertex  5.833631e+000  1.075000e+001 -5.833631e+000
    endloop
  endfacet
  facet normal  9.805807e-001  0.000000e+000  1.961158e-001
    outer loop
      vertex  5.833631e+000  1.075000e+001 -5.833631e+000
      vertex  6.007247e+000  0.000000e+000 -6.701715e+000
      vertex  6.007247e+000  1.000000e+001 -6.701715e+000
    endloop
  endfacet
  facet normal  6.435952e-002  0.000000e+000 -9.979268e-001
    outer loop
      vertex  8.028149e+000  0.000000e+000 -4.068024e+000
      vertex  7.144710e+000  0.000000e+000 -4.125000e+000
      vertex  8.028149e+000  1.000000e+001 -4.068024e+000
    endloop
  endfacet
  facet normal  6.435952e-002  0.000000e+000 -9.979268e-001
    outer loop
      vertex  8.028149e+000  1.000000e+001 -4.068024e+000
      vertex  7.144710e+000  0.000000e+000 -4.125000e+000
      vertex  7.144710e+000  1.075000e+001 -4.125000e+000
    endloop
  endfacet
  facet normal  8.964096e-001  0.000000e+000  4.432265e-001
    outer loop
      vertex  7.144710e+000  0.000000e+000 -4.125000e+000
      vertex  7.537087e+000  0.000000e+000 -4.918569e+000
      vertex  7.144710e+000  1.075000e+001 -4.125000e+000
    endloop
  endfacet
  facet normal  8.964096e-001  0.000000e+000  4.432265e-001
    outer loop
      vertex  7.144710e+000  1.075000e+001 -4.125000e+000
      vertex  7.537087e+000  0.000000e+000 -4.918569e+000
      vertex  7.537087e+000  1.000000e+001 -4.918569e+000
    endloop
  endfacet
  facet normal  3.204486e-001  0.000000e+000 -9.472659e-001
    outer loop
      vertex  8.807479e+000  0.000000e+000 -1.851572e+000
      vertex  7.968888e+000  0.000000e+000 -2.135257e+000
      vertex  8.807479e+000  1.000000e+001 -1.851572e+000
    endloop
  endfacet
  facet normal  3.204486e-001  0.000000e+000 -9.472659e-001
    outer loop
      vertex  8.807479e+000  1.000000e+001 -1.851572e+000
      vertex  7.968888e+000  0.000000e+000 -2.135257e+000
      vertex  7.968888e+000  1.075000e+001 -2.135257e+000
    endloop
  endfacet
  facet normal  7.511497e-001  0.000000e+000  6.601319e-001
    outer loop
      vertex  7.968888e+000  0.000000e+000 -2.135257e+000
      vertex  8.553287e+000  0.000000e+000 -2.800231e+000
      vertex  7.968888e+000  1.075000e+001 -2.135257e+000
    endloop
  endfacet
  facet normal  7.511497e-001  0.000000e+000  6.601320e-001
    outer loop
      vertex  7.968888e+000  1.075000e+001 -2.135257e+000
      vertex  8.553287e+000  0.000000e+000 -2.800231e+000
      vertex  8.553287e+000  1.000000e+001 -2.800231e+000
    endloop
  endfacet
  facet normal  5.547002e-001  0.000000e+000 -8.320503e-001
    outer loop
      vertex  8.986593e+000  0.000000e+000  4.910622e-001
      vertex  8.250000e+000  0.000000e+000  1.415534e-015
      vertex  8.986593e+000  1.000000e+001  4.910622e-001
    endloop
  endfacet
  facet normal  5.547003e-001  0.000000e+000 -8.320504e-001
    outer loop
      vertex  8.986593e+000  1.000000e+001  4.910622e-001
      vertex  8.250000e+000  0.000000e+000  1.415534e-015
      vertex  8.250000e+000  1.075000e+001 -1.332268e-015
    endloop
  endfacet
  facet normal  5.547003e-001  0.000000e+000  8.320504e-001
    outer loop
      vertex  8.250000e+000  0.000000e+000  1.415534e-015
      vertex  8.986593e+000  0.000000e+000 -4.910622e-001
      vertex  8.250000e+000  1.075000e+001 -1.332268e-015
    endloop
  endfacet
  facet normal  5.547002e-001  0.000000e+000  8.320503e-001
    outer loop
      vertex  8.250000e+000  1.075000e+001 -1.332268e-015
      vertex  8.986593e+000  0.000000e+000 -4.910622e-001
      vertex  8.986593e+000  1.000000e+001 -4.910622e-001
    endloop
  endfacet
  facet normal  7.511497e-001  0.000000e+000 -6.601320e-001
    outer loop
      vertex  8.553287e+000  0.000000e+000  2.800231e+000
      vertex  7.968888e+000  0.000000e+000  2.135257e+000
      vertex  8.553287e+000  1.000000e+001  2.800231e+000
    endloop
  endfacet
  facet normal  7.511497e-001  0.000000e+000 -6.601319e-001
    outer loop
      vertex  8.553287e+000  1.000000e+001  2.800231e+000
      vertex  7.968888e+000  0.000000e+000  2.135257e+000
      vertex  7.968888e+000  1.075000e+001  2.135257e+000
    endloop
  endfacet
  facet normal  3.204486e-001  0.000000e+000  9.472659e-001
    outer loop
      vertex  7.968888e+000  0.000000e+000  2.135257e+000
      vertex  8.807479e+000  0.000000e+000  1.851572e+000
      vertex  7.968888e+000  1.075000e+001  2.135257e+000
    endloop
  endfacet
  facet normal  3.204486e-001  0.000000e+000  9.472659e-001
    outer loop
      vertex  7.968888e+000  1.075000e+001  2.135257e+000
      vertex  8.807479e+000  0.000000e+000  1.851572e+000
      vertex  8.807479e+000  1.000000e+001  1.851572e+000
    endloop
  endfacet
  facet normal  8.964096e-001  0.000000e+000 -4.432265e-001
    outer loop
      vertex  7.537087e+000  0.000000e+000  4.918569e+000
      vertex  7.144710e+000  0.000000e+000  4.125000e+000
      vertex  7.537087e+000  1.000000e+001  4.918569e+000
    endloop
  endfacet
  facet normal  8.964096e-001  0.000000e+000 -4.432265e-001
    outer loop
      vertex  7.537087e+000  1.000000e+001  4.918569e+000
      vertex  7.144710e+000  0.000000e+000  4.125000e+000
      vertex  7.144710e+000  1.075000e+001  4.125000e+000
    endloop
  endfacet
  facet normal  6.435952e-002  0.000000e+000  9.979268e-001
    outer loop
      vertex  7.144710e+000  0.000000e+000  4.125000e+000
      vertex  8.028149e+000  0.000000e+000  4.068024e+000
      vertex  7.144710e+000  1.075000e+001  4.125000e+000
    endloop
  endfacet
  facet normal  6.435952e-002  0.000000e+000  9.979268e-001
    outer loop
      vertex  7.144710e+000  1.075000e+001  4.125000e+000
      vertex  8.028149e+000  0.000000e+000  4.068024e+000
      vertex  8.028149e+000  1.000000e+001  4.068024e+000
    endloop
  endfacet
  facet normal  9.805807e-001  0.000000e+000 -1.961158e-001
    outer loop
      vertex  6.007247e+000  0.000000e+000  6.701715e+000
      vertex  5.833631e+000  0.000000e+000  5.833631e+000
      vertex  6.007247e+000  1.000000e+001  6.701715e+000
    endloop
  endfacet
  facet normal  9.805808e-001  0.000000e+000 -1.961158e-001
    outer loop
      vertex  6.007247e+000  1.000000e+001  6.701715e+000
      vertex  5.833631e+000  0.000000e+000  5.833631e+000
      vertex  5.833631e+000  1.075000e+001  5.833631e+000
    endloop
  endfacet
  facet normal -1.961158e-001  0.000000e+000  9.805808e-001
    outer loop
      vertex  5.833631e+000  0.000000e+000  5.833631e+000
      vertex  6.701715e+000  0.000000e+000  6.007247e+000
      vertex  5.833631e+000  1.075000e+001  5.833631e+000
    endloop
  endfacet
  facet normal -1.961158e-001  0.000000e+000  9.805807e-001
    outer loop
      vertex  5.833631e+000  1.075000e+001  5.833631e+000
      vertex  6.701715e+000  0.000000e+000  6.007247e+000
      vertex  6.701715e+000  1.000000e+001  6.007247e+000
    endloop
  endfacet
  facet normal  9.979268e-001  0.000000e+000  6.435952e-002
    outer loop
      vertex  4.068024e+000  0.000000e+000  8.028149e+000
      vertex  4.125000e+000  0.000000e+000  7.144710e+000
      vertex  4.068024e+000  1.000000e+001  8.028149e+000
    endloop
  endfacet
  facet normal  9.979268e-001  0.000000e+000  6.435952e-002
    outer loop
      vertex  4.068024e+000  1.000000e+001  8.028149e+000
      vertex  4.125000e+000  0.000000e+000  7.144710e+000
      vertex  4.125000e+000  1.075000e+001  7.144710e+000
    endloop
  endfacet
  facet normal -4.432265e-001  0.000000e+000  8.964096e-001
    outer loop
      vertex  4.125000e+000  0.000000e+000  7.144710e+000
      vertex  4.918569e+000  0.000000e+000  7.537087e+000
      vertex  4.125000e+000  1.075000e+001  7.144710e+000
    endloop
  endfacet
  facet normal -4.432265e-001  0.000000e+000  8.964096e-001
    outer loop
      vertex  4.125000e+000  1.075000e+001  7.144710e+000
      vertex  4.918569e+000  0.000000e+000  7.537087e+000
      vertex  4.918569e+000  1.000000e+001  7.537087e+000
    endloop
  endfacet
  facet normal  9.472659e-001  0.000000e+000  3.204486e-001
    outer loop
      vertex  1.851572e+000  0.000000e+000  8.807479e+000
      vertex  2.135257e+000  0.000000e+000  7.968888e+000
      vertex  1.851572e+000  1.000000e+001  8.807479e+000
    endloop
  endfacet
  facet normal  9.472659e-001  0.000000e+000  3.204486e-001
    outer loop
      vertex  1.851572e+000  1.000000e+001  8.807479e+000
      vertex  2.135257e+000  0.000000e+000  7.968888e+000
      vertex  2.135257e+000  1.075000e+001  7.968888e+000
    endloop
  endfacet
  facet normal -6.601319e-001  0.000000e+000  7.511497e-001
    outer loop
      vertex  2.135257e+000  0.000000e+000  7.968888e+000
      vertex  2.800231e+000  0.000000e+000  8.553287e+000
      vertex  2.135257e+000  1.075000e+001  7.968888e+000
    endloop
  endfacet
  facet normal -6.601320e-001  0.000000e+000  7.511497e-001
    outer loop
      vertex  2.135257e+000  1.075000e+001  7.968888e+000
      vertex  2.800231e+000  0.000000e+000  8.553287e+000
      vertex  2.800231e+000  1.000000e+001  8.553287e+000
    endloop
  endfacet
  facet normal  8.320503e-001  0.000000e+000  5.547002e-001
    outer loop
      vertex -4.910622e-001  0.000000e+000  8.986593e+000
      vertex -2.664535e-015  0.000000e+000  8.250000e+000
      vertex -4.910622e-001  1.000000e+001  8.986593e+000
    endloop
  endfacet
  facet normal  8.320504e-001  0.000000e+000  5.547003e-001
    outer loop
      vertex -4.910622e-001  1.000000e+001  8.986593e+000
      vertex -2.664535e-015  0.000000e+000  8.250000e+000
      vertex  1.110223e-016  1.075000e+001  8.250000e+000
    endloop
  endfacet
  facet normal -8.320504e-001  0.000000e+000  5.547003e-001
    outer loop
      vertex -2.664535e-015  0.000000e+000  8.250000e+000
      vertex  4.910622e-001  0.000000e+000  8.986593e+000
      vertex  1.110223e-016  1.075000e+001  8.250000e+000
    endloop
  endfacet
  facet normal -8.320503e-001  0.000000e+000  5.547002e-001
    outer loop
      vertex  1.110223e-016  1.075000e+001  8.250000e+000
      vertex  4.910622e-001  0.000000e+000  8.986593e+000
      vertex  4.910622e-001  1.000000e+001  8.986593e+000
    endloop
  endfacet
  facet normal  0.000000e+000  1.000000e+000  0.000000e+000
    outer loop
      vertex -3.061467e+000  1.100000e+001 -7.391036e+000
      vertex -5.656854e+000  1.100000e+001 -5.656854e+000
      vertex  1.127716e-015  1.100000e+001 -8.000000e+000
    endloop
  endfacet
  facet normal  0.000000e+000  1.000000e+000  0.000000e+000
    outer loop
      vertex  1.127716e-015  1.100000e+001 -8.000000e+000
      vertex -5.656854e+000  1.100000e+001 -5.656854e+000
      vertex -7.391036e+000  1.100000e+001 -3.061467e+000
    endloop
  endfacet
  facet normal  -0.000000e+000  9.999999e-001  0.000000e+000
    outer loop
      vertex  1.127716e-015  1.100000e+001 -8.000000e+000
      vertex -7.391036e+000  1.100000e+001 -3.061467e+000
      vertex  7.725425e-001  1.100000e+001 -2.377641e+000
    endloop
  endfacet
  facet normal  0.000000e+000  9.999999e-001  0.000000e+000
    outer loop
      vertex  7.725425e-001  1.100000e+001 -2.377641e+000
      vertex -7.391036e+000  1.100000e+001 -3.061467e+000
      vertex -7.725425e-001  1.100000e+001 -2.377641e+000
    endloop
  endfacet
  facet normal  0.000000e+000  1.000000e+000  0.000000e+000
    outer loop
      vertex -7.391036e+000  1.100000e+001  3.061467e+000
      vertex -5.656854e+000  1.100000e+001  5.656854e+000
      vertex -7.725425e-001  1.100000e+001  2.377641e+000
    endloop
  endfacet
  facet normal  0.000000e+000  1.000000e+000  0.000000e+000
    outer loop
      vertex -7.725425e-001  1.100000e+001  2.377641e+000
      vertex -5.656854e+000  1.100000e+001  5.656854e+000
      vertex -3.061467e+000  1.100000e+001  7.391036e+000
    endloop
  endfacet
  facet normal  0.000000e+000  1.000000e+000  0.000000e+000
    outer loop
      vertex -7.725425e-001  1.100000e+001  2.377641e+000
      vertex -3.061467e+000  1.100000e+001  7.391036e+000
      vertex  7.725425e-001  1.100000e+001  2.377641e+000
    endloop
  endfacet
  facet normal  0.000000e+000  1.000000e+000  0.000000e+000
    outer loop
      vertex  7.725425e-001  1.100000e+001  2.377641e+000
      vertex -3.061467e+000  1.100000e+001  7.391036e+000
      vertex  2.720995e-015  1.100000e+001  8.000000e+000
    endloop
  endfacet
  facet normal  0.000000e+000  9.999999e-001  0.000000e+000
    outer loop
      vertex  7.725425e-001  1.100000e+001  2.377641e+000
      vertex  2.720995e-015  1.100000e+001  8.000000e+000
      vertex  7.391036e+000  1.100000e+001  3.061467e+000
    endloop
  endfacet
  facet normal  0.000000e+000  1.000000e+000  0.000000e+000
    outer loop
      vertex  7.391036e+000  1.100000e+001  3.061467e+000
      vertex  2.720995e-015  1.100000e+001  8.000000e+000
      vertex  3.061467e+000  1.100000e+001  7.391036e+000
    endloop
  endfacet
  facet normal  0.000000e+000  9.999999e-001  0.000000e+000
    outer loop
      vertex  7.391036e+000  1.100000e+001  3.061467e+000
      vertex  3.061467e+000  1.100000e+001  7.391036e+000
      vertex  5.656854e+000  1.100000e+001  5.656854e+000
    endloop
  endfacet
  facet normal  0.000000e+000  1.000000e+000  0.000000e+000
    outer loop
      vertex  7.725425e-001  1.100000e+001  2.377641e+000
      vertex  7.391036e+000  1.100000e+001  3.061467e+000
      vertex  2.022542e+000  1.100000e+001  1.469463e+000
    endloop
  endfacet
  facet normal  -0.000000e+000  1.000000e+000  0.000000e+000
    outer loop
      vertex  2.022542e+000  1.100000e+001  1.469463e+000
      vertex  7.391036e+000  1.100000e+001  3.061467e+000
      vertex  8.000000e+000  1.100000e+001 -6.382105e-015
    endloop
  endfacet
  facet normal  0.000000e+000  1.000000e+000  0.000000e+000
    outer loop
      vertex  2.022542e+000  1.100000e+001  1.469463e+000
      vertex  8.000000e+000  1.100000e+001 -6.382105e-015
      vertex  2.500000e+000  1.100000e+001 -6.123234e-016
    endloop
  endfacet
  facet normal  0.000000e+000  9.999999e-001  0.000000e+000
    outer loop
      vertex  5.656854e+000  1.100000e+001 -5.656854e+000
      vertex  3.061467e+000  1.100000e+001 -7.391036e+000
      vertex  7.391036e+000  1.100000e+001 -3.061467e+000
    endloop
  endfacet
  facet normal  0.000000e+000  1.000000e+000  0.000000e+000
    outer loop
      vertex  7.391036e+000  1.100000e+001 -3.061467e+000
      vertex  3.061467e+000  1.100000e+001 -7.391036e+000
      vertex  1.127716e-015  1.100000e+001 -8.000000e+000
    endloop
  endfacet
  facet normal  0.000000e+000  9.999999e-001  0.000000e+000
    outer loop
      vertex  7.391036e+000  1.100000e+001 -3.061467e+000
      vertex  1.127716e-015  1.100000e+001 -8.000000e+000
      vertex  7.725425e-001  1.100000e+001 -2.377641e+000
    endloop
  endfacet
  facet normal  0.000000e+000  1.000000e+000  0.000000e+000
    outer loop
      vertex  2.500000e+000  1.100000e+001 -6.123234e-016
      vertex  8.000000e+000  1.100000e+001 -6.382105e-015
      vertex  2.022542e+000  1.100000e+001 -1.469463e+000
    endloop
  endfacet
  facet normal  -0.000000e+000  1.000000e+000  0.000000e+000
    outer loop
      vertex  2.022542e+000  1.100000e+001 -1.469463e+000
      vertex  8.000000e+000  1.100000e+001 -6.382105e-015
      vertex  7.391036e+000  1.100000e+001 -3.061467e+000
    endloop
  endfacet
  facet normal  0.000000e+000  1.000000e+000  0.000000e+000
    outer loop
      vertex  2.022542e+000  1.100000e+001 -1.469463e+000
      vertex  7.391036e+000  1.100000e+001 -3.061467e+000
      vertex  7.725425e-001  1.100000e+001 -2.377641e+000
    endloop
  endfacet
  facet normal  0.000000e+000  1.000000e+000  0.000000e+000
    outer loop
      vertex -7.391036e+000  1.100000e+001  3.061467e+000
      vertex -7.725425e-001  1.100000e+001  2.377641e+000
      vertex -8.000000e+000  1.100000e+001 -2.215830e-015
    endloop
  endfacet
  facet normal  0.000000e+000  9.999999e-001  0.000000e+000
    outer loop
      vertex -8.000000e+000  1.100000e+001 -2.215830e-015
      vertex -7.725425e-001  1.100000e+001  2.377641e+000
      vertex -2.022542e+000  1.100000e+001  1.469463e+000
    endloop
  endfacet
  facet normal  0.000000e+000  1.000000e+000  0.000000e+000
    outer loop
      vertex -8.000000e+000  1.100000e+001 -2.215830e-015
      vertex -2.022542e+000  1.100000e+001  1.469463e+000
      vertex -2.500000e+000  1.100000e+001  9.184850e-016
    endloop
  endfacet
  facet normal  0.000000e+000  1.000000e+000  0.000000e+000
    outer loop
      vertex -8.000000e+000  1.100000e+001 -2.215830e-015
      vertex -2.500000e+000  1.100000e+001  9.184850e-016
      vertex -7.391036e+000  1.100000e+001 -3.061467e+000
    endloop
  endfacet
  facet normal  0.000000e+000  1.000000e+000  0.000000e+000
    outer loop
      vertex -7.391036e+000  1.100000e+001 -3.061467e+000
      vertex -2.500000e+000  1.100000e+001  9.184850e-016
      vertex -2.022542e+000  1.100000e+001 -1.469463e+000
    endloop
  endfacet
  facet normal  0.000000e+000  1.000000e+000  0.000000e+000
    outer loop
      vertex -7.391036e+000  1.100000e+001 -3.061467e+000
      vertex -2.022542e+000  1.100000e+001 -1.469463e+000
      vertex -7.725425e-001  1.100000e+001 -2.377641e+000
    endloop
  endfacet
  facet normal -2.600728e-001 -1.327739e-002  9.654977e-001
    outer loop
      vertex -1.000000e+000 -3.500000e+000  7.433037e+000
      vertex -2.870126e+000 -3.513872e+000  6.929097e+000
      vertex -9.798582e-001 -3.699695e+000  7.435716e+000
    endloop
  endfacet
  facet normal -1.949346e-001  3.993252e-002  9.800030e-001
    outer loop
      vertex -2.870126e+000  0.000000e+000  6.929097e+000
      vertex -8.919986e-001 -3.047962e+000  7.446767e+000
      vertex -6.202096e-015  0.000000e+000  7.500000e+000
    endloop
  endfacet
  facet normal -9.827144e-002  1.138005e-002  9.950946e-001
    outer loop
      vertex -6.202096e-015  0.000000e+000  7.500000e+000
      vertex -8.919986e-001 -3.047962e+000  7.446767e+000
      vertex -4.183916e-001 -2.591733e+000  7.488321e+000
    endloop
  endfacet
  facet normal -1.192244e-002 -2.581306e-003  9.999256e-001
    outer loop
      vertex -4.183916e-001 -2.591733e+000  7.488321e+000
      vertex  2.359671e-001 -2.528239e+000  7.496287e+000
      vertex -6.202096e-015  0.000000e+000  7.500000e+000
    endloop
  endfacet
  facet normal  1.767839e-001 -5.034000e-002  9.829615e-001
    outer loop
      vertex  2.870126e+000 -7.000000e+000  6.929097e+000
      vertex  9.658268e-001 -3.759188e+000  7.437552e+000
      vertex  5.949391e-001 -4.303771e+000  7.476366e+000
    endloop
  endfacet
  facet normal  1.950628e-001  1.676548e-002  9.806474e-001
    outer loop
      vertex  2.870126e+000  0.000000e+000  6.929097e+000
      vertex -6.202096e-015  0.000000e+000  7.500000e+000
      vertex  2.359671e-001 -2.528239e+000  7.496287e+000
    endloop
  endfacet
  facet normal  1.260468e-001  9.030125e-002  9.879058e-001
    outer loop
      vertex  2.870126e+000  0.000000e+000  6.929097e+000
      vertex  2.359671e-001 -2.528239e+000  7.496287e+000
      vertex  7.889135e-001 -2.885496e+000  7.458392e+000
    endloop
  endfacet
  facet normal  2.063854e-001  3.053757e-002  9.779942e-001
    outer loop
      vertex  2.870126e+000  0.000000e+000  6.929097e+000
      vertex  7.889135e-001 -2.885496e+000  7.458392e+000
      vertex  1.000000e+000 -3.500000e+000  7.433034e+000
    endloop
  endfacet
  facet normal  2.601864e-001  0.000000e+000  9.655584e-001
    outer loop
      vertex  2.870126e+000  0.000000e+000  6.929097e+000
      vertex  1.000000e+000 -3.500000e+000  7.433034e+000
      vertex  2.870126e+000 -3.513872e+000  6.929097e+000
    endloop
  endfacet
  facet normal -9.807853e-001  0.000000e+000  1.950902e-001
    outer loop
      vertex -7.500000e+000  0.000000e+000  4.249154e-015
      vertex -7.500000e+000 -7.000000e+000  4.249154e-015
      vertex -6.929097e+000 -3.513872e+000  2.870126e+000
    endloop
  endfacet
  facet normal -9.807853e-001  0.000000e+000  1.950902e-001
    outer loop
      vertex -6.929097e+000 -3.513872e+000  2.870126e+000
      vertex -7.500000e+000 -7.000000e+000  4.249154e-015
      vertex -6.929097e+000 -7.000000e+000  2.870126e+000
    endloop
  endfacet
  facet normal -8.314695e-001  0.000000e+000  5.555703e-001
    outer loop
      vertex -6.929097e+000 -3.513872e+000  2.870126e+000
      vertex -6.929097e+000 -7.000000e+000  2.870126e+000
      vertex -5.303301e+000 -3.513872e+000  5.303301e+000
    endloop
  endfacet
  facet normal -8.314695e-001  0.000000e+000  5.555703e-001
    outer loop
      vertex -5.303301e+000 -3.513872e+000  5.303301e+000
      vertex -6.929097e+000 -7.000000e+000  2.870126e+000
      vertex -5.303301e+000 -7.000000e+000  5.303301e+000
    endloop
  endfacet
  facet normal -5.555703e-001  0.000000e+000  8.314695e-001
    outer loop
      vertex -5.303301e+000 -3.513872e+000  5.303301e+000
      vertex -5.303301e+000 -7.000000e+000  5.303301e+000
      vertex -2.870126e+000 -3.513872e+000  6.929097e+000
    endloop
  endfacet
  facet normal -5.555703e-001  0.000000e+000  8.314695e-001
    outer loop
      vertex -2.870126e+000 -3.513872e+000  6.929097e+000
      vertex -5.303301e+000 -7.000000e+000  5.303301e+000
      vertex -2.870126e+000 -7.000000e+000  6.929097e+000
    endloop
  endfacet
  facet normal -2.588781e-001  0.000000e+000  9.659100e-001
    outer loop
      vertex -2.870126e+000 -3.513872e+000  6.929097e+000
      vertex -2.870126e+000 -7.000000e+000  6.929097e+000
      vertex -9.798582e-001 -3.699695e+000  7.435716e+000
    endloop
  endfacet
  facet normal -1.949434e-001 -3.878905e-002  9.800472e-001
    outer loop
      vertex -9.798582e-001 -3.699695e+000  7.435716e+000
      vertex -2.870126e+000 -7.000000e+000  6.929097e+000
      vertex  2.124577e-015 -7.000000e+000  7.500000e+000
    endloop
  endfacet
  facet normal -1.511645e-001 -2.563279e-002  9.881762e-001
    outer loop
      vertex -9.798582e-001 -3.699695e+000  7.435716e+000
      vertex  2.124577e-015 -7.000000e+000  7.500000e+000
      vertex -6.468948e-001 -4.262579e+000  7.472050e+000
    endloop
  endfacet
  facet normal  2.600261e-001 -1.745631e-002  9.654438e-001
    outer loop
      vertex  1.000000e+000 -3.500000e+000  7.433034e+000
      vertex  9.658268e-001 -3.759188e+000  7.437552e+000
      vertex  2.870126e+000 -3.513872e+000  6.929097e+000
    endloop
  endfacet
  facet normal  2.579668e-001  0.000000e+000  9.661538e-001
    outer loop
      vertex  2.870126e+000 -3.513872e+000  6.929097e+000
      vertex  9.658268e-001 -3.759188e+000  7.437552e+000
      vertex  2.870126e+000 -7.000000e+000  6.929097e+000
    endloop
  endfacet
  facet normal  5.555703e-001  -0.000000e+000  8.314695e-001
    outer loop
      vertex  2.870126e+000 -3.513872e+000  6.929097e+000
      vertex  2.870126e+000 -7.000000e+000  6.929097e+000
      vertex  5.303301e+000 -3.513872e+000  5.303301e+000
    endloop
  endfacet
  facet normal  5.555703e-001  0.000000e+000  8.314695e-001
    outer loop
      vertex  5.303301e+000 -3.513872e+000  5.303301e+000
      vertex  2.870126e+000 -7.000000e+000  6.929097e+000
      vertex  5.303301e+000 -7.000000e+000  5.303301e+000
    endloop
  endfacet
  facet normal  8.314695e-001  -0.000000e+000  5.555703e-001
    outer loop
      vertex  5.303301e+000 -3.513872e+000  5.303301e+000
      vertex  5.303301e+000 -7.000000e+000  5.303301e+000
      vertex  6.929097e+000 -3.513872e+000  2.870126e+000
    endloop
  endfacet
  facet normal  8.314695e-001  0.000000e+000  5.555703e-001
    outer loop
      vertex  6.929097e+000 -3.513872e+000  2.870126e+000
      vertex  5.303301e+000 -7.000000e+000  5.303301e+000
      vertex  6.929097e+000 -7.000000e+000  2.870126e+000
    endloop
  endfacet
  facet normal  9.807853e-001  -0.000000e+000  1.950902e-001
    outer loop
      vertex  6.929097e+000 -3.513872e+000  2.870126e+000
      vertex  6.929097e+000 -7.000000e+000  2.870126e+000
      vertex  7.500000e+000 -7.000000e+000  0.000000e+000
    endloop
  endfacet
  facet normal  9.807853e-001 -3.960570e-016  1.950902e-001
    outer loop
      vertex  7.500000e+000 -7.000000e+000  0.000000e+000
      vertex  7.500000e+000  0.000000e+000  1.421085e-014
      vertex  6.929097e+000 -3.513872e+000  2.870126e+000
    endloop
  endfacet
  facet normal  9.807853e-001  -0.000000e+000  1.950902e-001
    outer loop
      vertex  6.929097e+000 -3.513872e+000  2.870126e+000
      vertex  7.500000e+000  0.000000e+000  1.421085e-014
      vertex  6.929097e+000  0.000000e+000  2.870126e+000
    endloop
  endfacet
  facet normal  8.314696e-001  0.000000e+000  5.555703e-001
    outer loop
      vertex  6.929097e+000 -3.513872e+000  2.870126e+000
      vertex  6.929097e+000  0.000000e+000  2.870126e+000
      vertex  5.303301e+000 -3.513872e+000  5.303301e+000
    endloop
  endfacet
  facet normal  8.314696e-001  -0.000000e+000  5.555703e-001
    outer loop
      vertex  5.303301e+000 -3.513872e+000  5.303301e+000
      vertex  6.929097e+000  0.000000e+000  2.870126e+000
      vertex  5.303301e+000  0.000000e+000  5.303301e+000
    endloop
  endfacet
  facet normal  5.555703e-001  0.000000e+000  8.314696e-001
    outer loop
      vertex  5.303301e+000 -3.513872e+000  5.303301e+000
      vertex  5.303301e+000  0.000000e+000  5.303301e+000
      vertex  2.870126e+000 -3.513872e+000  6.929097e+000
    endloop
  endfacet
  facet normal  5.555703e-001  -0.000000e+000  8.314696e-001
    outer loop
      vertex  2.870126e+000 -3.513872e+000  6.929097e+000
      vertex  5.303301e+000  0.000000e+000  5.303301e+000
      vertex  2.870126e+000  0.000000e+000  6.929097e+000
    endloop
  endfacet
  facet normal -2.602743e-001  3.287517e-002  9.649749e-001
    outer loop
      vertex -1.000000e+000 -3.500000e+000  7.433037e+000
      vertex -8.919986e-001 -3.047962e+000  7.446767e+000
      vertex -2.870126e+000 -3.513872e+000  6.929097e+000
    endloop
  endfacet
  facet normal -2.531714e-001  0.000000e+000  9.674214e-001
    outer loop
      vertex -2.870126e+000 -3.513872e+000  6.929097e+000
      vertex -8.919986e-001 -3.047962e+000  7.446767e+000
      vertex -2.870126e+000  0.000000e+000  6.929097e+000
    endloop
  endfacet
  facet normal -5.555703e-001  0.000000e+000  8.314696e-001
    outer loop
      vertex -2.870126e+000 -3.513872e+000  6.929097e+000
      vertex -2.870126e+000  0.000000e+000  6.929097e+000
      vertex -5.303301e+000 -3.513872e+000  5.303301e+000
    endloop
  endfacet
  facet normal -5.555703e-001  0.000000e+000  8.314696e-001
    outer loop
      vertex -5.303301e+000 -3.513872e+000  5.303301e+000
      vertex -2.870126e+000  0.000000e+000  6.929097e+000
      vertex -5.303301e+000  0.000000e+000  5.303301e+000
    endloop
  endfacet
  facet normal -8.314696e-001  0.000000e+000  5.555703e-001
    outer loop
      vertex -5.303301e+000 -3.513872e+000  5.303301e+000
      vertex -5.303301e+000  0.000000e+000  5.303301e+000
      vertex -6.929097e+000 -3.513872e+000  2.870126e+000
    endloop
  endfacet
  facet normal -8.314696e-001  0.000000e+000  5.555703e-001
    outer loop
      vertex -6.929097e+000 -3.513872e+000  2.870126e+000
      vertex -5.303301e+000  0.000000e+000  5.303301e+000
      vertex -6.929097e+000  0.000000e+000  2.870126e+000
    endloop
  endfacet
  facet normal -9.807853e-001  0.000000e+000  1.950902e-001
    outer loop
      vertex -6.929097e+000 -3.513872e+000  2.870126e+000
      vertex -6.929097e+000  0.000000e+000  2.870126e+000
      vertex -7.500000e+000  0.000000e+000  4.249154e-015
    endloop
  endfacet
  facet normal  1.949746e-001 -3.443027e-002  9.802037e-001
    outer loop
      vertex  2.870126e+000 -7.000000e+000  6.929097e+000
      vertex  5.949391e-001 -4.303771e+000  7.476366e+000
      vertex  2.124577e-015 -7.000000e+000  7.500000e+000
    endloop
  endfacet
  facet normal  3.744222e-002  4.975605e-004  9.992986e-001
    outer loop
      vertex  2.124577e-015 -7.000000e+000  7.500000e+000
      vertex  5.949391e-001 -4.303771e+000  7.476366e+000
      vertex -3.147223e-002 -4.499505e+000  7.499934e+000
    endloop
  endfacet
  facet normal -4.547283e-002 -5.460502e-004  9.989653e-001
    outer loop
      vertex  2.124577e-015 -7.000000e+000  7.500000e+000
      vertex -3.147223e-002 -4.499505e+000  7.499934e+000
      vertex -6.468948e-001 -4.262579e+000  7.472050e+000
    endloop
  endfacet
  facet normal  2.600261e-001 -1.745637e-002 -9.654438e-001
    outer loop
      vertex  1.000000e+000 -3.500000e+000 -7.433034e+000
      vertex  2.870126e+000 -3.513872e+000 -6.929097e+000
      vertex  9.658268e-001 -3.759188e+000 -7.437552e+000
    endloop
  endfacet
  facet normal  9.807853e-001  0.000000e+000 -1.950902e-001
    outer loop
      vertex  7.500000e+000  0.000000e+000  1.421085e-014
      vertex  6.929097e+000 -3.513872e+000 -2.870126e+000
      vertex  6.929097e+000  0.000000e+000 -2.870126e+000
    endloop
  endfacet
  facet normal  7.173413e-002  5.230273e-003 -9.974101e-001
    outer loop
      vertex -8.039066e-015  0.000000e+000 -7.500000e+000
      vertex  7.889135e-001 -2.885496e+000 -7.458392e+000
      vertex  2.359671e-001 -2.528239e+000 -7.496287e+000
    endloop
  endfacet
  facet normal -1.192244e-002 -2.581306e-003 -9.999256e-001
    outer loop
      vertex -8.039066e-015  0.000000e+000 -7.500000e+000
      vertex  2.359671e-001 -2.528239e+000 -7.496287e+000
      vertex -4.183916e-001 -2.591733e+000 -7.488321e+000
    endloop
  endfacet
  facet normal  3.744222e-002  4.975605e-004 -9.992986e-001
    outer loop
      vertex  5.949391e-001 -4.303771e+000 -7.476366e+000
      vertex -8.039066e-015 -7.000000e+000 -7.500000e+000
      vertex -3.147223e-002 -4.499505e+000 -7.499934e+000
    endloop
  endfacet
  facet normal -1.950188e-001  2.706438e-002 -9.804260e-001
    outer loop
      vertex -2.870126e+000  0.000000e+000 -6.929097e+000
      vertex -8.039066e-015  0.000000e+000 -7.500000e+000
      vertex -4.183916e-001 -2.591733e+000 -7.488321e+000
    endloop
  endfacet
  facet normal -1.524824e-001  6.849070e-002 -9.859301e-001
    outer loop
      vertex -2.870126e+000  0.000000e+000 -6.929097e+000
      vertex -4.183916e-001 -2.591733e+000 -7.488321e+000
      vertex -8.919986e-001 -3.047962e+000 -7.446767e+000
    endloop
  endfacet
  facet normal -2.199070e-001  2.291845e-002 -9.752516e-001
    outer loop
      vertex -2.870126e+000  0.000000e+000 -6.929097e+000
      vertex -8.919986e-001 -3.047962e+000 -7.446767e+000
      vertex -1.000000e+000 -3.500000e+000 -7.433037e+000
    endloop
  endfacet
  facet normal -2.601876e-001  0.000000e+000 -9.655582e-001
    outer loop
      vertex -2.870126e+000  0.000000e+000 -6.929097e+000
      vertex -1.000000e+000 -3.500000e+000 -7.433037e+000
      vertex -2.870126e+000 -3.513872e+000 -6.929097e+000
    endloop
  endfacet
  facet normal -2.601876e-001  -0.000000e+000 -9.655581e-001
    outer loop
      vertex -2.870126e+000 -7.000000e+000 -6.929097e+000
      vertex -2.870126e+000 -3.513872e+000 -6.929097e+000
      vertex -1.000000e+000 -3.500000e+000 -7.433037e+000
    endloop
  endfacet
  facet normal -2.405121e-001 -1.123624e-002 -9.705811e-001
    outer loop
      vertex -2.870126e+000 -7.000000e+000 -6.929097e+000
      vertex -1.000000e+000 -3.500000e+000 -7.433037e+000
      vertex -9.798582e-001 -3.699695e+000 -7.435716e+000
    endloop
  endfacet
  facet normal -1.838965e-001 -4.540011e-002 -9.818965e-001
    outer loop
      vertex -2.870126e+000 -7.000000e+000 -6.929097e+000
      vertex -9.798582e-001 -3.699695e+000 -7.435716e+000
      vertex -6.468948e-001 -4.262579e+000 -7.472050e+000
    endloop
  endfacet
  facet normal -9.160699e-002 -1.216320e-001 -9.883389e-001
    outer loop
      vertex -2.870126e+000 -7.000000e+000 -6.929097e+000
      vertex -6.468948e-001 -4.262579e+000 -7.472050e+000
      vertex -3.147223e-002 -4.499505e+000 -7.499934e+000
    endloop
  endfacet
  facet normal -1.950897e-001 -2.429666e-003 -9.807824e-001
    outer loop
      vertex -2.870126e+000 -7.000000e+000 -6.929097e+000
      vertex -3.147223e-002 -4.499505e+000 -7.499934e+000
      vertex -8.039066e-015 -7.000000e+000 -7.500000e+000
    endloop
  endfacet
  facet normal  9.807853e-001  3.960570e-016 -1.950902e-001
    outer loop
      vertex  7.500000e+000  0.000000e+000  1.421085e-014
      vertex  7.500000e+000 -7.000000e+000  0.000000e+000
      vertex  6.929097e+000 -3.513872e+000 -2.870126e+000
    endloop
  endfacet
  facet normal  9.807853e-001  0.000000e+000 -1.950902e-001
    outer loop
      vertex  6.929097e+000 -3.513872e+000 -2.870126e+000
      vertex  7.500000e+000 -7.000000e+000  0.000000e+000
      vertex  6.929097e+000 -7.000000e+000 -2.870126e+000
    endloop
  endfacet
  facet normal  8.314695e-001  0.000000e+000 -5.555703e-001
    outer loop
      vertex  6.929097e+000 -3.513872e+000 -2.870126e+000
      vertex  6.929097e+000 -7.000000e+000 -2.870126e+000
      vertex  5.303301e+000 -3.513872e+000 -5.303301e+000
    endloop
  endfacet
  facet normal  8.314695e-001  0.000000e+000 -5.555703e-001
    outer loop
      vertex  5.303301e+000 -3.513872e+000 -5.303301e+000
      vertex  6.929097e+000 -7.000000e+000 -2.870126e+000
      vertex  5.303301e+000 -7.000000e+000 -5.303301e+000
    endloop
  endfacet
  facet normal  5.555703e-001  0.000000e+000 -8.314695e-001
    outer loop
      vertex  5.303301e+000 -3.513872e+000 -5.303301e+000
      vertex  5.303301e+000 -7.000000e+000 -5.303301e+000
      vertex  2.870126e+000 -3.513872e+000 -6.929097e+000
    endloop
  endfacet
  facet normal  5.555703e-001  0.000000e+000 -8.314695e-001
    outer loop
      vertex  2.870126e+000 -3.513872e+000 -6.929097e+000
      vertex  5.303301e+000 -7.000000e+000 -5.303301e+000
      vertex  2.870126e+000 -7.000000e+000 -6.929097e+000
    endloop
  endfacet
  facet normal  2.579668e-001  0.000000e+000 -9.661538e-001
    outer loop
      vertex  2.870126e+000 -3.513872e+000 -6.929097e+000
      vertex  2.870126e+000 -7.000000e+000 -6.929097e+000
      vertex  9.658268e-001 -3.759188e+000 -7.437552e+000
    endloop
  endfacet
  facet normal  1.949402e-001 -3.921162e-002 -9.800310e-001
    outer loop
      vertex  9.658268e-001 -3.759188e+000 -7.437552e+000
      vertex  2.870126e+000 -7.000000e+000 -6.929097e+000
      vertex -8.039066e-015 -7.000000e+000 -7.500000e+000
    endloop
  endfacet
  facet normal  1.345057e-001 -2.099553e-002 -9.906904e-001
    outer loop
      vertex  9.658268e-001 -3.759188e+000 -7.437552e+000
      vertex -8.039066e-015 -7.000000e+000 -7.500000e+000
      vertex  5.949391e-001 -4.303771e+000 -7.476366e+000
    endloop
  endfacet
  facet normal -9.807853e-001  -0.000000e+000 -1.950902e-001
    outer loop
      vertex -7.500000e+000 -7.000000e+000  4.249154e-015
      vertex -7.500000e+000  0.000000e+000  4.249154e-015
      vertex -6.929097e+000 -3.513872e+000 -2.870126e+000
    endloop
  endfacet
  facet normal -9.807853e-001  0.000000e+000 -1.950902e-001
    outer loop
      vertex -6.929097e+000 -3.513872e+000 -2.870126e+000
      vertex -7.500000e+000  0.000000e+000  4.249154e-015
      vertex -6.929097e+000  0.000000e+000 -2.870126e+000
    endloop
  endfacet
  facet normal -8.314696e-001  -0.000000e+000 -5.555703e-001
    outer loop
      vertex -6.929097e+000 -3.513872e+000 -2.870126e+000
      vertex -6.929097e+000  0.000000e+000 -2.870126e+000
      vertex -5.303301e+000 -3.513872e+000 -5.303301e+000
    endloop
  endfacet
  facet normal -8.314696e-001  0.000000e+000 -5.555703e-001
    outer loop
      vertex -5.303301e+000 -3.513872e+000 -5.303301e+000
      vertex -6.929097e+000  0.000000e+000 -2.870126e+000
      vertex -5.303301e+000  0.000000e+000 -5.303301e+000
    endloop
  endfacet
  facet normal -5.555703e-001  -0.000000e+000 -8.314696e-001
    outer loop
      vertex -5.303301e+000 -3.513872e+000 -5.303301e+000
      vertex -5.303301e+000  0.000000e+000 -5.303301e+000
      vertex -2.870126e+000 -3.513872e+000 -6.929097e+000
    endloop
  endfacet
  facet normal -5.555703e-001  0.000000e+000 -8.314696e-001
    outer loop
      vertex -2.870126e+000 -3.513872e+000 -6.929097e+000
      vertex -5.303301e+000  0.000000e+000 -5.303301e+000
      vertex -2.870126e+000  0.000000e+000 -6.929097e+000
    endloop
  endfacet
  facet normal  8.314696e-001  0.000000e+000 -5.555703e-001
    outer loop
      vertex  6.929097e+000  0.000000e+000 -2.870126e+000
      vertex  6.929097e+000 -3.513872e+000 -2.870126e+000
      vertex  5.303301e+000  0.000000e+000 -5.303301e+000
    endloop
  endfacet
  facet normal  8.314696e-001  0.000000e+000 -5.555703e-001
    outer loop
      vertex  5.303301e+000  0.000000e+000 -5.303301e+000
      vertex  6.929097e+000 -3.513872e+000 -2.870126e+000
      vertex  5.303301e+000 -3.513872e+000 -5.303301e+000
    endloop
  endfacet
  facet normal  5.555703e-001  0.000000e+000 -8.314696e-001
    outer loop
      vertex  5.303301e+000  0.000000e+000 -5.303301e+000
      vertex  5.303301e+000 -3.513872e+000 -5.303301e+000
      vertex  2.870126e+000  0.000000e+000 -6.929097e+000
    endloop
  endfacet
  facet normal  5.555703e-001  0.000000e+000 -8.314696e-001
    outer loop
      vertex  2.870126e+000  0.000000e+000 -6.929097e+000
      vertex  5.303301e+000 -3.513872e+000 -5.303301e+000
      vertex  2.870126e+000 -3.513872e+000 -6.929097e+000
    endloop
  endfacet
  facet normal  1.950902e-001  0.000000e+000 -9.807853e-001
    outer loop
      vertex  2.870126e+000  0.000000e+000 -6.929097e+000
      vertex  2.870126e+000 -3.513872e+000 -6.929097e+000
      vertex -8.039066e-015  0.000000e+000 -7.500000e+000
    endloop
  endfacet
  facet normal  2.601662e-001  5.589002e-002 -9.639449e-001
    outer loop
      vertex -8.039066e-015  0.000000e+000 -7.500000e+000
      vertex  2.870126e+000 -3.513872e+000 -6.929097e+000
      vertex  1.000000e+000 -3.500000e+000 -7.433034e+000
    endloop
  endfacet
  facet normal  3.563679e-001  8.401498e-002 -9.305608e-001
    outer loop
      vertex -8.039066e-015  0.000000e+000 -7.500000e+000
      vertex  1.000000e+000 -3.500000e+000 -7.433034e+000
      vertex  7.889135e-001 -2.885496e+000 -7.458392e+000
    endloop
  endfacet
  facet normal -5.555703e-001  0.000000e+000 -8.314695e-001
    outer loop
      vertex -2.870126e+000 -3.513872e+000 -6.929097e+000
      vertex -2.870126e+000 -7.000000e+000 -6.929097e+000
      vertex -5.303301e+000 -3.513872e+000 -5.303301e+000
    endloop
  endfacet
  facet normal -5.555703e-001  -0.000000e+000 -8.314695e-001
    outer loop
      vertex -5.303301e+000 -3.513872e+000 -5.303301e+000
      vertex -2.870126e+000 -7.000000e+000 -6.929097e+000
      vertex -5.303301e+000 -7.000000e+000 -5.303301e+000
    endloop
  endfacet
  facet normal -8.314695e-001  0.000000e+000 -5.555703e-001
    outer loop
      vertex -5.303301e+000 -3.513872e+000 -5.303301e+000
      vertex -5.303301e+000 -7.000000e+000 -5.303301e+000
      vertex -6.929097e+000 -3.513872e+000 -2.870126e+000
    endloop
  endfacet
  facet normal -8.314695e-001  -0.000000e+000 -5.555703e-001
    outer loop
      vertex -6.929097e+000 -3.513872e+000 -2.870126e+000
      vertex -5.303301e+000 -7.000000e+000 -5.303301e+000
      vertex -6.929097e+000 -7.000000e+000 -2.870126e+000
    endloop
  endfacet
  facet normal -9.807853e-001  0.000000e+000 -1.950902e-001
    outer loop
      vertex -6.929097e+000 -3.513872e+000 -2.870126e+000
      vertex -6.929097e+000 -7.000000e+000 -2.870126e+000
      vertex -7.500000e+000 -7.000000e+000  4.249154e-015
    endloop
  endfacet
  facet normal -5.877852e-001  0.000000e+000  8.090171e-001
    outer loop
      vertex  7.725425e-001 -7.000000e+000 -2.377641e+000
      vertex  2.022542e+000 -7.000000e+000 -1.469463e+000
      vertex  2.022542e+000 -3.511993e+000 -1.469463e+000
    endloop
  endfacet
  facet normal -6.261582e-001  2.146303e-002  7.794006e-001
    outer loop
      vertex  7.725425e-001 -7.000000e+000 -2.377641e+000
      vertex  2.022542e+000 -3.511993e+000 -1.469463e+000
      vertex  1.000000e+000 -3.500000e+000 -2.291288e+000
    endloop
  endfacet
  facet normal -3.985080e-001  3.269702e-003  9.171589e-001
    outer loop
      vertex  7.725425e-001 -7.000000e+000 -2.377641e+000
      vertex  1.000000e+000 -3.500000e+000 -2.291288e+000
      vertex  9.229265e-001 -3.884976e+000 -2.323404e+000
    endloop
  endfacet
  facet normal -3.327857e-001 -3.531507e-004  9.430025e-001
    outer loop
      vertex  7.725425e-001 -7.000000e+000 -2.377641e+000
      vertex  9.229265e-001 -3.884976e+000 -2.323404e+000
      vertex  7.422527e-001 -4.170120e+000 -2.387271e+000
    endloop
  endfacet
  facet normal  0.000000e+000  3.402771e-003  9.999942e-001
    outer loop
      vertex -7.725425e-001 -7.000000e+000 -2.377641e+000
      vertex  7.725425e-001 -7.000000e+000 -2.377641e+000
      vertex  7.422527e-001 -4.170120e+000 -2.387271e+000
    endloop
  endfacet
  facet normal -2.625672e-001  1.437953e-001  9.541392e-001
    outer loop
      vertex -7.725425e-001 -7.000000e+000 -2.377641e+000
      vertex  7.422527e-001 -4.170120e+000 -2.387271e+000
      vertex  1.870947e-001 -4.482342e+000 -2.492989e+000
    endloop
  endfacet
  facet normal  6.003418e-002  2.283824e-002  9.979351e-001
    outer loop
      vertex -7.725425e-001 -7.000000e+000 -2.377641e+000
      vertex  1.870947e-001 -4.482342e+000 -2.492989e+000
      vertex -4.677745e-001 -4.383848e+000 -2.455848e+000
    endloop
  endfacet
  facet normal  2.729304e-001 -3.036415e-003  9.620290e-001
    outer loop
      vertex -7.725425e-001 -7.000000e+000 -2.377641e+000
      vertex -4.677745e-001 -4.383848e+000 -2.455848e+000
      vertex -9.058846e-001 -3.923525e+000 -2.330101e+000
    endloop
  endfacet
  facet normal  5.877357e-001  1.297353e-002  8.089489e-001
    outer loop
      vertex -7.725425e-001 -7.000000e+000 -2.377641e+000
      vertex -9.058846e-001 -3.923525e+000 -2.330101e+000
      vertex -2.022542e+000 -7.000000e+000 -1.469463e+000
    endloop
  endfacet
  facet normal -9.510565e-001  0.000000e+000  3.090170e-001
    outer loop
      vertex  2.022542e+000  1.100000e+001 -1.469463e+000
      vertex  2.022542e+000 -3.511993e+000 -1.469463e+000
      vertex  2.500000e+000  1.100000e+001 -6.123234e-016
    endloop
  endfacet
  facet normal -9.510566e-001  0.000000e+000  3.090169e-001
    outer loop
      vertex  2.500000e+000  1.100000e+001 -6.123234e-016
      vertex  2.022542e+000 -3.511993e+000 -1.469463e+000
      vertex  2.022542e+000 -7.000000e+000 -1.469463e+000
    endloop
  endfacet
  facet normal -9.510565e-001  0.000000e+000  3.090170e-001
    outer loop
      vertex  2.500000e+000  1.100000e+001 -6.123234e-016
      vertex  2.022542e+000 -7.000000e+000 -1.469463e+000
      vertex  2.500000e+000 -7.000000e+000 -6.123234e-016
    endloop
  endfacet
  facet normal  9.510566e-001  -0.000000e+000  3.090170e-001
    outer loop
      vertex -2.500000e+000 -7.000000e+000  3.061617e-016
      vertex -2.022542e+000 -7.000000e+000 -1.469463e+000
      vertex -2.022542e+000 -3.511993e+000 -1.469463e+000
    endloop
  endfacet
  facet normal  6.104550e-001  0.000000e+000  7.920510e-001
    outer loop
      vertex -2.022542e+000 -3.511993e+000 -1.469463e+000
      vertex -2.022542e+000 -7.000000e+000 -1.469463e+000
      vertex -9.058846e-001 -3.923525e+000 -2.330101e+000
    endloop
  endfacet
  facet normal  6.245466e-001  6.748147e-002  7.780668e-001
    outer loop
      vertex -2.022542e+000 -3.511993e+000 -1.469463e+000
      vertex -9.058846e-001 -3.923525e+000 -2.330101e+000
      vertex -1.000000e+000 -3.500000e+000 -2.291288e+000
    endloop
  endfacet
  facet normal  6.264555e-001  0.000000e+000  7.794572e-001
    outer loop
      vertex -1.000000e+000 -3.500000e+000 -2.291288e+000
      vertex -2.022542e+000  1.100000e+001 -1.469463e+000
      vertex -2.022542e+000 -3.511993e+000 -1.469463e+000
    endloop
  endfacet
  facet normal  9.510565e-001  -0.000000e+000  3.090170e-001
    outer loop
      vertex -2.022542e+000 -3.511993e+000 -1.469463e+000
      vertex -2.022542e+000  1.100000e+001 -1.469463e+000
      vertex -2.500000e+000  1.100000e+001  9.184850e-016
    endloop
  endfacet
  facet normal  9.510565e-001 -1.051213e-017  3.090170e-001
    outer loop
      vertex -2.022542e+000 -3.511993e+000 -1.469463e+000
      vertex -2.500000e+000  1.100000e+001  9.184850e-016
      vertex -2.500000e+000 -7.000000e+000  3.061617e-016
    endloop
  endfacet
  facet normal -3.639948e-001 -1.630213e-004  9.314010e-001
    outer loop
      vertex  8.163364e-001 -2.922423e+000 -2.362963e+000
      vertex  1.000000e+000 -3.500000e+000 -2.291288e+000
      vertex  7.725425e-001  1.100000e+001 -2.377641e+000
    endloop
  endfacet
  facet normal -6.264840e-001 -5.185742e-003  7.794172e-001
    outer loop
      vertex  7.725425e-001  1.100000e+001 -2.377641e+000
      vertex  1.000000e+000 -3.500000e+000 -2.291288e+000
      vertex  2.022542e+000 -3.511993e+000 -1.469463e+000
    endloop
  endfacet
  facet normal -5.877852e-001  0.000000e+000  8.090171e-001
    outer loop
      vertex  7.725425e-001  1.100000e+001 -2.377641e+000
      vertex  2.022542e+000 -3.511993e+000 -1.469463e+000
      vertex  2.022542e+000  1.100000e+001 -1.469463e+000
    endloop
  endfacet
  facet normal  1.626512e-002 -6.555167e-003  9.998463e-001
    outer loop
      vertex -3.648494e-001 -2.568933e+000 -2.473234e+000
      vertex  2.855763e-001 -2.541644e+000 -2.483636e+000
      vertex -7.725425e-001  1.100000e+001 -2.377641e+000
    endloop
  endfacet
  facet normal -2.395357e-001 -2.631351e-002  9.705309e-001
    outer loop
      vertex -7.725425e-001  1.100000e+001 -2.377641e+000
      vertex  2.855763e-001 -2.541644e+000 -2.483636e+000
      vertex  8.163364e-001 -2.922423e+000 -2.362963e+000
    endloop
  endfacet
  facet normal  0.000000e+000  1.054270e-003  9.999995e-001
    outer loop
      vertex -7.725425e-001  1.100000e+001 -2.377641e+000
      vertex  8.163364e-001 -2.922423e+000 -2.362963e+000
      vertex  7.725425e-001  1.100000e+001 -2.377641e+000
    endloop
  endfacet
  facet normal  2.452754e-001  5.398068e-004  9.694533e-001
    outer loop
      vertex -3.648494e-001 -2.568933e+000 -2.473234e+000
      vertex -7.725425e-001  1.100000e+001 -2.377641e+000
      vertex -8.573129e-001 -2.985204e+000 -2.348407e+000
    endloop
  endfacet
  facet normal  5.877842e-001 -1.871664e-003  8.090156e-001
    outer loop
      vertex -8.573129e-001 -2.985204e+000 -2.348407e+000
      vertex -7.725425e-001  1.100000e+001 -2.377641e+000
      vertex -2.022542e+000  1.100000e+001 -1.469463e+000
    endloop
  endfacet
  facet normal  4.341964e-001 -2.042348e-002  9.005866e-001
    outer loop
      vertex -8.573129e-001 -2.985204e+000 -2.348407e+000
      vertex -2.022542e+000  1.100000e+001 -1.469463e+000
      vertex -1.000000e+000 -3.500000e+000 -2.291288e+000
    endloop
  endfacet
  facet normal  9.510565e-001  0.000000e+000 -3.090170e-001
    outer loop
      vertex -2.022542e+000  1.100000e+001  1.469463e+000
      vertex -2.022542e+000 -3.511993e+000  1.469463e+000
      vertex -2.500000e+000  1.100000e+001  9.184850e-016
    endloop
  endfacet
  facet normal  1.634285e-002 -8.413673e-003 -9.998311e-001
    outer loop
      vertex  2.855763e-001 -2.541644e+000  2.483636e+000
      vertex -3.648494e-001 -2.568933e+000  2.473234e+000
      vertex  7.725425e-001  1.100000e+001  2.377641e+000
    endloop
  endfacet
  facet normal -1.877909e-001  1.332218e-003 -9.822081e-001
    outer loop
      vertex  1.870947e-001 -4.482342e+000  2.492989e+000
      vertex  7.422527e-001 -4.170120e+000  2.387271e+000
      vertex  7.725425e-001 -7.000000e+000  2.377641e+000
    endloop
  endfacet
  facet normal  5.877852e-001  0.000000e+000 -8.090171e-001
    outer loop
      vertex -7.725425e-001 -7.000000e+000  2.377641e+000
      vertex -2.022542e+000 -7.000000e+000  1.469463e+000
      vertex -2.022542e+000 -3.511993e+000  1.469463e+000
    endloop
  endfacet
  facet normal  9.510566e-001  0.000000e+000 -3.090170e-001
    outer loop
      vertex -2.022542e+000 -3.511993e+000  1.469463e+000
      vertex -2.022542e+000 -7.000000e+000  1.469463e+000
      vertex -2.500000e+000 -7.000000e+000  3.061617e-016
    endloop
  endfacet
  facet normal  9.510565e-001  1.051213e-017 -3.090170e-001
    outer loop
      vertex -2.022542e+000 -3.511993e+000  1.469463e+000
      vertex -2.500000e+000 -7.000000e+000  3.061617e-016
      vertex -2.500000e+000  1.100000e+001  9.184850e-016
    endloop
  endfacet
  facet normal  6.564759e-002  6.089706e-002 -9.959829e-001
    outer loop
      vertex  1.870947e-001 -4.482342e+000  2.492989e+000
      vertex  7.725425e-001 -7.000000e+000  2.377641e+000
      vertex -4.677745e-001 -4.383848e+000  2.455848e+000
    endloop
  endfacet
  facet normal  0.000000e+000  2.988029e-002 -9.995534e-001
    outer loop
      vertex -4.677745e-001 -4.383848e+000  2.455848e+000
      vertex  7.725425e-001 -7.000000e+000  2.377641e+000
      vertex -7.725425e-001 -7.000000e+000  2.377641e+000
    endloop
  endfacet
  facet normal  2.729304e-001 -3.036415e-003 -9.620290e-001
    outer loop
      vertex -4.677745e-001 -4.383848e+000  2.455848e+000
      vertex -7.725425e-001 -7.000000e+000  2.377641e+000
      vertex -9.058846e-001 -3.923525e+000  2.330101e+000
    endloop
  endfacet
  facet normal  6.137160e-001  1.440173e-002 -7.893955e-001
    outer loop
      vertex -9.058846e-001 -3.923525e+000  2.330101e+000
      vertex -7.725425e-001 -7.000000e+000  2.377641e+000
      vertex -2.022542e+000 -3.511993e+000  1.469463e+000
    endloop
  endfacet
  facet normal  6.245466e-001  6.748150e-002 -7.780668e-001
    outer loop
      vertex -9.058846e-001 -3.923525e+000  2.330101e+000
      vertex -2.022542e+000 -3.511993e+000  1.469463e+000
      vertex -1.000000e+000 -3.500000e+000  2.291288e+000
    endloop
  endfacet
  facet normal  6.264555e-001  0.000000e+000 -7.794572e-001
    outer loop
      vertex -1.000000e+000 -3.500000e+000  2.291288e+000
      vertex -2.022542e+000 -3.511993e+000  1.469463e+000
      vertex -2.022542e+000  1.100000e+001  1.469463e+000
    endloop
  endfacet
  facet normal  5.877795e-001 -4.402376e-003 -8.090092e-001
    outer loop
      vertex -1.000000e+000 -3.500000e+000  2.291288e+000
      vertex -2.022542e+000  1.100000e+001  1.469463e+000
      vertex -7.725425e-001  1.100000e+001  2.377641e+000
    endloop
  endfacet
  facet normal -6.264555e-001  0.000000e+000 -7.794573e-001
    outer loop
      vertex  2.022542e+000  1.100000e+001  1.469463e+000
      vertex  2.022542e+000 -3.511993e+000  1.469463e+000
      vertex  1.000000e+000 -3.500000e+000  2.291288e+000
    endloop
  endfacet
  facet normal -6.264554e-001  0.000000e+000 -7.794573e-001
    outer loop
      vertex  1.000000e+000 -3.500000e+000  2.291288e+000
      vertex  2.022542e+000 -3.511993e+000  1.469463e+000
      vertex  2.022542e+000 -7.000000e+000  1.469463e+000
    endloop
  endfacet
  facet normal -5.424217e-001  3.858368e-002 -8.392198e-001
    outer loop
      vertex  1.000000e+000 -3.500000e+000  2.291288e+000
      vertex  2.022542e+000 -7.000000e+000  1.469463e+000
      vertex  9.229265e-001 -3.884976e+000  2.323404e+000
    endloop
  endfacet
  facet normal -5.877252e-001  1.428889e-002 -8.089344e-001
    outer loop
      vertex  9.229265e-001 -3.884976e+000  2.323404e+000
      vertex  2.022542e+000 -7.000000e+000  1.469463e+000
      vertex  7.725425e-001 -7.000000e+000  2.377641e+000
    endloop
  endfacet
  facet normal -3.327857e-001 -3.531501e-004 -9.430025e-001
    outer loop
      vertex  9.229265e-001 -3.884976e+000  2.323404e+000
      vertex  7.725425e-001 -7.000000e+000  2.377641e+000
      vertex  7.422527e-001 -4.170120e+000  2.387271e+000
    endloop
  endfacet
  facet normal -9.510566e-001  -0.000000e+000 -3.090170e-001
    outer loop
      vertex  2.022542e+000 -7.000000e+000  1.469463e+000
      vertex  2.022542e+000 -3.511993e+000  1.469463e+000
      vertex  2.500000e+000 -7.000000e+000 -6.123234e-016
    endloop
  endfacet
  facet normal -9.510565e-001  0.000000e+000 -3.090170e-001
    outer loop
      vertex  2.500000e+000 -7.000000e+000 -6.123234e-016
      vertex  2.022542e+000 -3.511993e+000  1.469463e+000
      vertex  2.022542e+000  1.100000e+001  1.469463e+000
    endloop
  endfacet
  facet normal -9.510565e-001  0.000000e+000 -3.090170e-001
    outer loop
      vertex  2.500000e+000 -7.000000e+000 -6.123234e-016
      vertex  2.022542e+000  1.100000e+001  1.469463e+000
      vertex  2.500000e+000  1.100000e+001 -6.123234e-016
    endloop
  endfacet
  facet normal  3.726275e-001 -3.188225e-004 -9.279810e-001
    outer loop
      vertex -1.000000e+000 -3.500000e+000  2.291288e+000
      vertex -7.725425e-001  1.100000e+001  2.377641e+000
      vertex -8.573129e-001 -2.985204e+000  2.348407e+000
    endloop
  endfacet
  facet normal  0.000000e+000  2.090377e-003 -9.999978e-001
    outer loop
      vertex -8.573129e-001 -2.985204e+000  2.348407e+000
      vertex -7.725425e-001  1.100000e+001  2.377641e+000
      vertex  7.725425e-001  1.100000e+001  2.377641e+000
    endloop
  endfacet
  facet normal  2.688113e-001 -2.931514e-002 -9.627467e-001
    outer loop
      vertex -8.573129e-001 -2.985204e+000  2.348407e+000
      vertex  7.725425e-001  1.100000e+001  2.377641e+000
      vertex -3.648494e-001 -2.568933e+000  2.473234e+000
    endloop
  endfacet
  facet normal -2.214739e-001  3.314280e-004 -9.751662e-001
    outer loop
      vertex  2.855763e-001 -2.541644e+000  2.483636e+000
      vertex  7.725425e-001  1.100000e+001  2.377641e+000
      vertex  8.163364e-001 -2.922423e+000  2.362963e+000
    endloop
  endfacet
  facet normal -5.877849e-001 -9.959944e-004 -8.090167e-001
    outer loop
      vertex  8.163364e-001 -2.922423e+000  2.362963e+000
      vertex  7.725425e-001  1.100000e+001  2.377641e+000
      vertex  2.022542e+000  1.100000e+001  1.469463e+000
    endloop
  endfacet
  facet normal -4.217697e-001 -2.163181e-002 -9.064449e-001
    outer loop
      vertex  8.163364e-001 -2.922423e+000  2.362963e+000
      vertex  2.022542e+000  1.100000e+001  1.469463e+000
      vertex  1.000000e+000 -3.500000e+000  2.291288e+000
    endloop
  endfacet
  facet normal  6.462846e-001 -7.630801e-001 -4.996144e-003
    outer loop
      vertex -3.648494e-001 -2.568933e+000  2.473234e+000
      vertex -8.919986e-001 -3.047962e+000  7.446767e+000
      vertex -8.573129e-001 -2.985204e+000  2.348407e+000
    endloop
  endfacet
  facet normal  9.725923e-001 -2.324867e-001  3.755088e-003
    outer loop
      vertex -8.573129e-001 -2.985204e+000  2.348407e+000
      vertex -8.919986e-001 -3.047962e+000  7.446767e+000
      vertex -1.000000e+000 -3.500000e+000  7.433037e+000
    endloop
  endfacet
  facet normal  9.636682e-001 -2.671022e-001  0.000000e+000
    outer loop
      vertex -8.573129e-001 -2.985204e+000  2.348407e+000
      vertex -1.000000e+000 -3.500000e+000  7.433037e+000
      vertex -1.000000e+000 -3.500000e+000  2.291288e+000
    endloop
  endfacet
  facet normal  6.935760e-001 -7.203715e-001  4.129799e-003
    outer loop
      vertex -8.919986e-001 -3.047962e+000  7.446767e+000
      vertex -3.648494e-001 -2.568933e+000  2.473234e+000
      vertex -4.183916e-001 -2.591733e+000  7.488321e+000
    endloop
  endfacet
  facet normal  4.198433e-002 -9.991099e-001 -4.093947e-003
    outer loop
      vertex -4.183916e-001 -2.591733e+000  7.488321e+000
      vertex -3.648494e-001 -2.568933e+000  2.473234e+000
      vertex  2.855763e-001 -2.541644e+000  2.483636e+000
    endloop
  endfacet
  facet normal  9.653485e-002 -9.953230e-001  3.617128e-003
    outer loop
      vertex -4.183916e-001 -2.591733e+000  7.488321e+000
      vertex  2.855763e-001 -2.541644e+000  2.483636e+000
      vertex  2.359671e-001 -2.528239e+000  7.496287e+000
    endloop
  endfacet
  facet normal -5.834612e-001 -8.121331e-001 -3.602544e-003
    outer loop
      vertex  2.359671e-001 -2.528239e+000  7.496287e+000
      vertex  2.855763e-001 -2.541644e+000  2.483636e+000
      vertex  8.163364e-001 -2.922423e+000  2.362963e+000
    endloop
  endfacet
  facet normal -5.425254e-001 -8.400335e-001  3.168071e-003
    outer loop
      vertex  2.359671e-001 -2.528239e+000  7.496287e+000
      vertex  8.163364e-001 -2.922423e+000  2.362963e+000
      vertex  7.889135e-001 -2.885496e+000  7.458392e+000
    endloop
  endfacet
  facet normal -9.530796e-001 -3.027054e-001 -2.935586e-003
    outer loop
      vertex  7.889135e-001 -2.885496e+000  7.458392e+000
      vertex  8.163364e-001 -2.922423e+000  2.362963e+000
      vertex  1.000000e+000 -3.500000e+000  2.291288e+000
    endloop
  endfacet
  facet normal -9.457572e-001 -3.248742e-001  0.000000e+000
    outer loop
      vertex  7.889135e-001 -2.885496e+000  7.458392e+000
      vertex  1.000000e+000 -3.500000e+000  2.291288e+000
      vertex  1.000000e+000 -3.500000e+000  7.433034e+000
    endloop
  endfacet
  facet normal  6.939523e-001 -7.200089e-001  4.141666e-003
    outer loop
      vertex -4.183916e-001 -2.591733e+000 -7.488321e+000
      vertex -8.573129e-001 -2.985204e+000 -2.348407e+000
      vertex -8.919986e-001 -3.047962e+000 -7.446767e+000
    endloop
  endfacet
  facet normal  9.635698e-001 -2.674370e-001 -3.263491e-003
    outer loop
      vertex -8.919986e-001 -3.047962e+000 -7.446767e+000
      vertex -8.573129e-001 -2.985204e+000 -2.348407e+000
      vertex -1.000000e+000 -3.500000e+000 -2.291288e+000
    endloop
  endfacet
  facet normal  9.726249e-001 -2.323805e-001  0.000000e+000
    outer loop
      vertex -8.919986e-001 -3.047962e+000 -7.446767e+000
      vertex -1.000000e+000 -3.500000e+000 -2.291288e+000
      vertex -1.000000e+000 -3.500000e+000 -7.433037e+000
    endloop
  endfacet
  facet normal  6.450460e-001 -7.641363e-001 -3.412718e-003
    outer loop
      vertex -8.573129e-001 -2.985204e+000 -2.348407e+000
      vertex -4.183916e-001 -2.591733e+000 -7.488321e+000
      vertex -3.648494e-001 -2.568933e+000 -2.473234e+000
    endloop
  endfacet
  facet normal  9.662066e-002 -9.953151e-001  3.493386e-003
    outer loop
      vertex -3.648494e-001 -2.568933e+000 -2.473234e+000
      vertex -4.183916e-001 -2.591733e+000 -7.488321e+000
      vertex  2.359671e-001 -2.528239e+000 -7.496287e+000
    endloop
  endfacet
  facet normal  4.186985e-002 -9.991183e-001 -3.086269e-003
    outer loop
      vertex -3.648494e-001 -2.568933e+000 -2.473234e+000
      vertex  2.359671e-001 -2.528239e+000 -7.496287e+000
      vertex  2.855763e-001 -2.541644e+000 -2.483636e+000
    endloop
  endfacet
  facet normal -5.428298e-001 -8.398370e-001  3.126337e-003
    outer loop
      vertex  2.855763e-001 -2.541644e+000 -2.483636e+000
      vertex  2.359671e-001 -2.528239e+000 -7.496287e+000
      vertex  7.889135e-001 -2.885496e+000 -7.458392e+000
    endloop
  endfacet
  facet normal -5.825084e-001 -8.128200e-001 -2.755667e-003
    outer loop
      vertex  2.855763e-001 -2.541644e+000 -2.483636e+000
      vertex  7.889135e-001 -2.885496e+000 -7.458392e+000
      vertex  8.163364e-001 -2.922423e+000 -2.362963e+000
    endloop
  endfacet
  facet normal -9.457884e-001 -3.247720e-001  2.736425e-003
    outer loop
      vertex  8.163364e-001 -2.922423e+000 -2.362963e+000
      vertex  7.889135e-001 -2.885496e+000 -7.458392e+000
      vertex  1.000000e+000 -3.500000e+000 -7.433034e+000
    endloop
  endfacet
  facet normal -9.529786e-001 -3.030376e-001  0.000000e+000
    outer loop
      vertex  8.163364e-001 -2.922423e+000 -2.362963e+000
      vertex  1.000000e+000 -3.500000e+000 -7.433034e+000
      vertex  1.000000e+000 -3.500000e+000 -2.291288e+000
    endloop
  endfacet
  facet normal -2.985683e-001  9.543383e-001 -9.762051e-003
    outer loop
      vertex  1.870947e-001 -4.482342e+000  2.492989e+000
      vertex -3.147223e-002 -4.499505e+000  7.499934e+000
      vertex  5.949391e-001 -4.303771e+000  7.476366e+000
    endloop
  endfacet
  facet normal  1.481758e-001  9.889118e-001  9.858076e-003
    outer loop
      vertex -3.147223e-002 -4.499505e+000  7.499934e+000
      vertex  1.870947e-001 -4.482342e+000  2.492989e+000
      vertex -4.677745e-001 -4.383848e+000  2.455848e+000
    endloop
  endfacet
  facet normal  3.596415e-001  9.330400e-001 -9.714334e-003
    outer loop
      vertex -4.677745e-001 -4.383848e+000  2.455848e+000
      vertex -6.468948e-001 -4.262579e+000  7.472050e+000
      vertex -3.147223e-002 -4.499505e+000  7.499934e+000
    endloop
  endfacet
  facet normal  7.230921e-001  6.906913e-001  9.122743e-003
    outer loop
      vertex -6.468948e-001 -4.262579e+000  7.472050e+000
      vertex -4.677745e-001 -4.383848e+000  2.455848e+000
      vertex -9.058846e-001 -3.923525e+000  2.330101e+000
    endloop
  endfacet
  facet normal -4.889099e-001  8.722904e-001  8.755743e-003
    outer loop
      vertex  1.870947e-001 -4.482342e+000  2.492989e+000
      vertex  5.949391e-001 -4.303771e+000  7.476366e+000
      vertex  7.422527e-001 -4.170120e+000  2.387271e+000
    endloop
  endfacet
  facet normal -8.267917e-001  5.624335e-001 -9.162385e-003
    outer loop
      vertex  7.422527e-001 -4.170120e+000  2.387271e+000
      vertex  5.949391e-001 -4.303771e+000  7.476366e+000
      vertex  9.658268e-001 -3.759188e+000  7.437552e+000
    endloop
  endfacet
  facet normal -8.453051e-001  5.342497e-001 -6.049541e-003
    outer loop
      vertex  7.422527e-001 -4.170120e+000  2.387271e+000
      vertex  9.658268e-001 -3.759188e+000  7.437552e+000
      vertex  9.229265e-001 -3.884976e+000  2.323404e+000
    endloop
  endfacet
  facet normal -9.913955e-001  1.308013e-001  5.099174e-003
    outer loop
      vertex  9.229265e-001 -3.884976e+000  2.323404e+000
      vertex  9.658268e-001 -3.759188e+000  7.437552e+000
      vertex  1.000000e+000 -3.500000e+000  7.433034e+000
    endloop
  endfacet
  facet normal -9.805424e-001  1.963077e-001  0.000000e+000
    outer loop
      vertex  9.229265e-001 -3.884976e+000  2.323404e+000
      vertex  1.000000e+000 -3.500000e+000  7.433034e+000
      vertex  1.000000e+000 -3.500000e+000  2.291288e+000
    endloop
  endfacet
  facet normal  8.609285e-001  5.086312e-001 -9.824662e-003
    outer loop
      vertex -6.468948e-001 -4.262579e+000  7.472050e+000
      vertex -9.058846e-001 -3.923525e+000  2.330101e+000
      vertex -9.798582e-001 -3.699695e+000  7.435716e+000
    endloop
  endfacet
  facet normal  9.760876e-001  2.173285e-001  4.614544e-003
    outer loop
      vertex -9.798582e-001 -3.699695e+000  7.435716e+000
      vertex -9.058846e-001 -3.923525e+000  2.330101e+000
      vertex -1.000000e+000 -3.500000e+000  2.291288e+000
    endloop
  endfacet
  facet normal  9.949518e-001  1.003537e-001  -0.000000e+000
    outer loop
      vertex -9.798582e-001 -3.699695e+000  7.435716e+000
      vertex -1.000000e+000 -3.500000e+000  2.291288e+000
      vertex -1.000000e+000 -3.500000e+000  7.433037e+000
    endloop
  endfacet
  facet normal -2.985683e-001  9.543383e-001  9.762051e-003
    outer loop
      vertex -3.147223e-002 -4.499505e+000 -7.499934e+000
      vertex  1.870947e-001 -4.482342e+000 -2.492989e+000
      vertex  5.949391e-001 -4.303771e+000 -7.476366e+000
    endloop
  endfacet
  facet normal  1.481758e-001  9.889118e-001 -9.858076e-003
    outer loop
      vertex -4.677745e-001 -4.383848e+000 -2.455848e+000
      vertex  1.870947e-001 -4.482342e+000 -2.492989e+000
      vertex -3.147223e-002 -4.499505e+000 -7.499934e+000
    endloop
  endfacet
  facet normal  3.596415e-001  9.330400e-001  9.714333e-003
    outer loop
      vertex -6.468948e-001 -4.262579e+000 -7.472050e+000
      vertex -4.677745e-001 -4.383848e+000 -2.455848e+000
      vertex -3.147223e-002 -4.499505e+000 -7.499934e+000
    endloop
  endfacet
  facet normal  7.230921e-001  6.906913e-001 -9.122743e-003
    outer loop
      vertex -9.058846e-001 -3.923525e+000 -2.330101e+000
      vertex -4.677745e-001 -4.383848e+000 -2.455848e+000
      vertex -6.468948e-001 -4.262579e+000 -7.472050e+000
    endloop
  endfacet
  facet normal -4.889099e-001  8.722904e-001 -8.755744e-003
    outer loop
      vertex  1.870947e-001 -4.482342e+000 -2.492989e+000
      vertex  7.422527e-001 -4.170120e+000 -2.387271e+000
      vertex  5.949391e-001 -4.303771e+000 -7.476366e+000
    endloop
  endfacet
  facet normal -8.457207e-001  5.335231e-001  1.046957e-002
    outer loop
      vertex  5.949391e-001 -4.303771e+000 -7.476366e+000
      vertex  7.422527e-001 -4.170120e+000 -2.387271e+000
      vertex  9.229265e-001 -3.884976e+000 -2.323404e+000
    endloop
  endfacet
  facet normal -8.267318e-001  5.625538e-001  6.901514e-003
    outer loop
      vertex  5.949391e-001 -4.303771e+000 -7.476366e+000
      vertex  9.229265e-001 -3.884976e+000 -2.323404e+000
      vertex  9.658268e-001 -3.759188e+000 -7.437552e+000
    endloop
  endfacet
  facet normal -9.804822e-001  1.965785e-001 -3.389770e-003
    outer loop
      vertex  9.658268e-001 -3.759188e+000 -7.437552e+000
      vertex  9.229265e-001 -3.884976e+000 -2.323404e+000
      vertex  1.000000e+000 -3.500000e+000 -2.291288e+000
    endloop
  endfacet
  facet normal -9.914199e-001  1.307156e-001  0.000000e+000
    outer loop
      vertex  9.658268e-001 -3.759188e+000 -7.437552e+000
      vertex  1.000000e+000 -3.500000e+000 -2.291288e+000
      vertex  1.000000e+000 -3.500000e+000 -7.433034e+000
    endloop
  endfacet
  facet normal  8.609285e-001  5.086312e-001  9.824661e-003
    outer loop
      vertex -6.468948e-001 -4.262579e+000 -7.472050e+000
      vertex -9.798582e-001 -3.699695e+000 -7.435716e+000
      vertex -9.058846e-001 -3.923525e+000 -2.330101e+000
    endloop
  endfacet
  facet normal  9.948886e-001  1.004817e-001 -1.000951e-002
    outer loop
      vertex -9.058846e-001 -3.923525e+000 -2.330101e+000
      vertex -9.798582e-001 -3.699695e+000 -7.435716e+000
      vertex -1.000000e+000 -3.500000e+000 -7.433037e+000
    endloop
  endfacet
  facet normal  9.761877e-001  2.169278e-001  -0.000000e+000
    outer loop
      vertex -9.058846e-001 -3.923525e+000 -2.330101e+000
      vertex -1.000000e+000 -3.500000e+000 -7.433037e+000
      vertex -1.000000e+000 -3.500000e+000 -2.291288e+000
    endloop
  endfacet
  facet normal  0.000000e+000 -1.000000e+000  -0.000000e+000
    outer loop
      vertex -8.039066e-015 -7.000000e+000 -7.500000e+000
      vertex -7.725425e-001 -7.000000e+000 -2.377641e+000
      vertex -5.303301e+000 -7.000000e+000 -5.303301e+000
    endloop
  endfacet
  facet normal  0.000000e+000 -9.999999e-001  0.000000e+000
    outer loop
      vertex -8.039066e-015 -7.000000e+000 -7.500000e+000
      vertex -5.303301e+000 -7.000000e+000 -5.303301e+000
      vertex -2.870126e+000 -7.000000e+000 -6.929097e+000
    endloop
  endfacet
  facet normal  0.000000e+000 -9.999999e-001  0.000000e+000
    outer loop
      vertex -6.929097e+000 -7.000000e+000 -2.870126e+000
      vertex -5.303301e+000 -7.000000e+000 -5.303301e+000
      vertex -7.725425e-001 -7.000000e+000 -2.377641e+000
    endloop
  endfacet
  facet normal  -0.000000e+000 -1.000000e+000  0.000000e+000
    outer loop
      vertex -6.929097e+000 -7.000000e+000 -2.870126e+000
      vertex -7.725425e-001 -7.000000e+000 -2.377641e+000
      vertex -2.022542e+000 -7.000000e+000 -1.469463e+000
    endloop
  endfacet
  facet normal  -0.000000e+000 -9.999999e-001  0.000000e+000
    outer loop
      vertex -6.929097e+000 -7.000000e+000 -2.870126e+000
      vertex -2.022542e+000 -7.000000e+000 -1.469463e+000
      vertex -2.500000e+000 -7.000000e+000  3.061617e-016
    endloop
  endfacet
  facet normal  -0.000000e+000 -1.000000e+000  0.000000e+000
    outer loop
      vertex -6.929097e+000 -7.000000e+000 -2.870126e+000
      vertex -2.500000e+000 -7.000000e+000  3.061617e-016
      vertex -7.500000e+000 -7.000000e+000  4.249154e-015
    endloop
  endfacet
  facet normal  0.000000e+000 -9.999999e-001  0.000000e+000
    outer loop
      vertex  2.870126e+000 -7.000000e+000 -6.929097e+000
      vertex  5.303301e+000 -7.000000e+000 -5.303301e+000
      vertex -8.039066e-015 -7.000000e+000 -7.500000e+000
    endloop
  endfacet
  facet normal  0.000000e+000 -1.000000e+000  0.000000e+000
    outer loop
      vertex -8.039066e-015 -7.000000e+000 -7.500000e+000
      vertex  5.303301e+000 -7.000000e+000 -5.303301e+000
      vertex  6.929097e+000 -7.000000e+000 -2.870126e+000
    endloop
  endfacet
  facet normal  -0.000000e+000 -1.000000e+000  0.000000e+000
    outer loop
      vertex -8.039066e-015 -7.000000e+000 -7.500000e+000
      vertex  6.929097e+000 -7.000000e+000 -2.870126e+000
      vertex -7.725425e-001 -7.000000e+000 -2.377641e+000
    endloop
  endfacet
  facet normal  0.000000e+000 -1.000000e+000  0.000000e+000
    outer loop
      vertex -7.725425e-001 -7.000000e+000 -2.377641e+000
      vertex  6.929097e+000 -7.000000e+000 -2.870126e+000
      vertex  7.725425e-001 -7.000000e+000 -2.377641e+000
    endloop
  endfacet
  facet normal  0.000000e+000 -9.999999e-001  -0.000000e+000
    outer loop
      vertex  6.929097e+000 -7.000000e+000  2.870126e+000
      vertex  5.303301e+000 -7.000000e+000  5.303301e+000
      vertex  7.725425e-001 -7.000000e+000  2.377641e+000
    endloop
  endfacet
  facet normal  0.000000e+000 -1.000000e+000  0.000000e+000
    outer loop
      vertex  7.725425e-001 -7.000000e+000  2.377641e+000
      vertex  5.303301e+000 -7.000000e+000  5.303301e+000
      vertex  2.870126e+000 -7.000000e+000  6.929097e+000
    endloop
  endfacet
  facet normal  0.000000e+000 -1.000000e+000  0.000000e+000
    outer loop
      vertex  7.725425e-001 -7.000000e+000  2.377641e+000
      vertex  2.870126e+000 -7.000000e+000  6.929097e+000
      vertex -7.725425e-001 -7.000000e+000  2.377641e+000
    endloop
  endfacet
  facet normal  0.000000e+000 -9.999999e-001  0.000000e+000
    outer loop
      vertex -7.725425e-001 -7.000000e+000  2.377641e+000
      vertex  2.870126e+000 -7.000000e+000  6.929097e+000
      vertex  2.124577e-015 -7.000000e+000  7.500000e+000
    endloop
  endfacet
  facet normal  0.000000e+000 -1.000000e+000  0.000000e+000
    outer loop
      vertex -7.725425e-001 -7.000000e+000  2.377641e+000
      vertex  2.124577e-015 -7.000000e+000  7.500000e+000
      vertex -6.929097e+000 -7.000000e+000  2.870126e+000
    endloop
  endfacet
  facet normal  0.000000e+000 -1.000000e+000  0.000000e+000
    outer loop
      vertex -6.929097e+000 -7.000000e+000  2.870126e+000
      vertex  2.124577e-015 -7.000000e+000  7.500000e+000
      vertex -2.870126e+000 -7.000000e+000  6.929097e+000
    endloop
  endfacet
  facet normal  0.000000e+000 -9.999999e-001  0.000000e+000
    outer loop
      vertex -6.929097e+000 -7.000000e+000  2.870126e+000
      vertex -2.870126e+000 -7.000000e+000  6.929097e+000
      vertex -5.303301e+000 -7.000000e+000  5.303301e+000
    endloop
  endfacet
  facet normal  0.000000e+000 -1.000000e+000  0.000000e+000
    outer loop
      vertex -7.725425e-001 -7.000000e+000  2.377641e+000
      vertex -6.929097e+000 -7.000000e+000  2.870126e+000
      vertex -2.022542e+000 -7.000000e+000  1.469463e+000
    endloop
  endfacet
  facet normal  -0.000000e+000 -1.000000e+000  0.000000e+000
    outer loop
      vertex -2.022542e+000 -7.000000e+000  1.469463e+000
      vertex -6.929097e+000 -7.000000e+000  2.870126e+000
      vertex -7.500000e+000 -7.000000e+000  4.249154e-015
    endloop
  endfacet
  facet normal  0.000000e+000 -9.999999e-001  0.000000e+000
    outer loop
      vertex -2.022542e+000 -7.000000e+000  1.469463e+000
      vertex -7.500000e+000 -7.000000e+000  4.249154e-015
      vertex -2.500000e+000 -7.000000e+000  3.061617e-016
    endloop
  endfacet
  facet normal  0.000000e+000 -1.000000e+000  0.000000e+000
    outer loop
      vertex  6.929097e+000 -7.000000e+000  2.870126e+000
      vertex  7.725425e-001 -7.000000e+000  2.377641e+000
      vertex  7.500000e+000 -7.000000e+000  0.000000e+000
    endloop
  endfacet
  facet normal  0.000000e+000 -9.999999e-001  0.000000e+000
    outer loop
      vertex  7.500000e+000 -7.000000e+000  0.000000e+000
      vertex  7.725425e-001 -7.000000e+000  2.377641e+000
      vertex  2.022542e+000 -7.000000e+000  1.469463e+000
    endloop
  endfacet
  facet normal  0.000000e+000 -1.000000e+000  0.000000e+000
    outer loop
      vertex  7.500000e+000 -7.000000e+000  0.000000e+000
      vertex  2.022542e+000 -7.000000e+000  1.469463e+000
      vertex  2.500000e+000 -7.000000e+000 -6.123234e-016
    endloop
  endfacet
  facet normal  0.000000e+000 -1.000000e+000  0.000000e+000
    outer loop
      vertex  7.500000e+000 -7.000000e+000  0.000000e+000
      vertex  2.500000e+000 -7.000000e+000 -6.123234e-016
      vertex  6.929097e+000 -7.000000e+000 -2.870126e+000
    endloop
  endfacet
  facet normal  0.000000e+000 -9.999999e-001  0.000000e+000
    outer loop
      vertex  6.929097e+000 -7.000000e+000 -2.870126e+000
      vertex  2.500000e+000 -7.000000e+000 -6.123234e-016
      vertex  2.022542e+000 -7.000000e+000 -1.469463e+000
    endloop
  endfacet
  facet normal  0.000000e+000 -1.000000e+000  -0.000000e+000
    outer loop
      vertex  6.929097e+000 -7.000000e+000 -2.870126e+000
      vertex  2.022542e+000 -7.000000e+000 -1.469463e+000
      vertex  7.725425e-001 -7.000000e+000 -2.377641e+000
    endloop
  endfacet
endsolid CATIA STL
